{
"type": "FeatureCollection",
"features": [
{"type": "Feature", "properties": {"ba_code": "3721", "blockid": "3721K50P02", "division": "05"}, "geometry": {"type": "MultiPolygon", "coordinates": [[[[100.668848, 1.829139], [100.671805, 1.827993], [100.6718, 1.827873], [100.671774, 1.827301], [100.671756, 1.826716], [100.671739, 1.826326], [100.671722, 1.825893], [100.671722, 1.825892], [100.671726, 1.825876], [100.671733, 1.825868], [100.671818, 1.825797], [100.671822, 1.825759], [100.671824, 1.825336], [100.671827, 1.824357], [100.671832, 1.822726], [100.671851, 1.820146], [100.671838, 1.820146], [100.668938, 1.820159], [100.668936, 1.820159], [100.668918, 1.820158], [100.668906, 1.82182], [100.668891, 1.824503], [100.668889, 1.824819], [100.668889, 1.824841], [100.66888, 1.826243], [100.668874, 1.826914], [100.668874, 1.826915], [100.668865, 1.827402], [100.668862, 1.827557], [100.668848, 1.829139]]]]}},
{"type": "Feature", "properties": {"ba_code": "3721", "blockid": "3721L49P07", "division": "05"}, "geometry": {"type": "MultiPolygon", "coordinates": [[[[100.666647, 1.829403], [100.666659, 1.829987], [100.668254, 1.829368], [100.666647, 1.829403]]]]}},
{"type": "Feature", "properties": {"ba_code": "3721", "blockid": "3721H55P99", "division": "04"}, "geometry": {"type": "MultiPolygon", "coordinates": [[[[100.683035, 1.793642], [100.683047, 1.794635], [100.683063, 1.795967], [100.683071, 1.79673], [100.683083, 1.797586], [100.68309, 1.798533], [100.683093, 1.799105], [100.683084, 1.799772], [100.683084, 1.799838], [100.68591, 1.799812], [100.685917, 1.799718], [100.685917, 1.799336], [100.685914, 1.798756], [100.685905, 1.798374], [100.685893, 1.797986], [100.685893, 1.797985], [100.685888, 1.797602], [100.685885, 1.797208], [100.685882, 1.796823], [100.685882, 1.796822], [100.685882, 1.796821], [100.685876, 1.796623], [100.685876, 1.796622], [100.685873, 1.79624], [100.685867, 1.796047], [100.685867, 1.796046], [100.685864, 1.795848], [100.685864, 1.795465], [100.685856, 1.795087], [100.685856, 1.795086], [100.685856, 1.794897], [100.685844, 1.794594], [100.685844, 1.794593], [100.685838, 1.794207], [100.685835, 1.79401], [100.685829, 1.793821], [100.685818, 1.793432], [100.685818, 1.793431], [100.685818, 1.79343], [100.685819, 1.793389], [100.684989, 1.793394], [100.684978, 1.793295], [100.684982, 1.792922], [100.684401, 1.792886], [100.684386, 1.793373], [100.683413, 1.793396], [100.683402, 1.793105], [100.683034, 1.793118], [100.683035, 1.793642]]], [[[100.685046, 1.791295], [100.684894, 1.791312], [100.684872, 1.791523], [100.684482, 1.791523], [100.684485, 1.791739], [100.684221, 1.791746], [100.684201, 1.79178], [100.684234, 1.792375], [100.684843, 1.79237], [100.684903, 1.79206], [100.685026, 1.792051], [100.685027, 1.792051], [100.685811, 1.791996], [100.685796, 1.790889], [100.685089, 1.790891], [100.685078, 1.791292], [100.685048, 1.791295], [100.685046, 1.791295]]]]}},
{"type": "Feature", "properties": {"ba_code": "3721", "blockid": "3721E48P91", "division": "02"}, "geometry": {"type": "MultiPolygon", "coordinates": [[[[100.663712, 1.7666], [100.666195, 1.7666], [100.666206, 1.764301], [100.666179, 1.76422], [100.666174, 1.764218], [100.666166, 1.764206], [100.666102, 1.764195], [100.663772, 1.764235], [100.663712, 1.766597], [100.663712, 1.7666]]]]}},
{"type": "Feature", "properties": {"ba_code": "3721", "blockid": "3721H41P90", "division": "01"}, "geometry": {"type": "MultiPolygon", "coordinates": [[[[100.644447, 1.800243], [100.644455, 1.800244], [100.647015, 1.800209], [100.647016, 1.800209], [100.647019, 1.800209], [100.64702, 1.800209], [100.647045, 1.799932], [100.647065, 1.799568], [100.647109, 1.798406], [100.647121, 1.798], [100.647138, 1.796851], [100.647156, 1.795327], [100.647156, 1.795326], [100.647178, 1.794008], [100.647185, 1.793268], [100.647199, 1.79229], [100.647198, 1.79213], [100.647204, 1.791967], [100.647203, 1.791859], [100.647204, 1.791329], [100.647208, 1.791181], [100.647181, 1.791121], [100.644491, 1.791153], [100.644482, 1.79116], [100.644484, 1.791187], [100.644484, 1.79119], [100.644478, 1.793631], [100.644477, 1.793936], [100.644477, 1.793966], [100.644463, 1.797813], [100.644458, 1.798391], [100.644458, 1.79841], [100.644452, 1.799773], [100.644452, 1.800119], [100.644452, 1.80012], [100.644447, 1.800243]]]]}},
{"type": "Feature", "properties": {"ba_code": "3721", "blockid": "3721I43P90", "division": "01"}, "geometry": {"type": "MultiPolygon", "coordinates": [[[[100.649296, 1.809465], [100.649318, 1.809465], [100.64933, 1.809465], [100.65135, 1.809451], [100.651423, 1.80945], [100.65144, 1.809451], [100.651606, 1.80945], [100.651797, 1.809448], [100.651938, 1.809447], [100.651943, 1.809447], [100.651996, 1.809447], [100.652005, 1.809447], [100.652011, 1.808248], [100.652022, 1.806666], [100.652028, 1.804372], [100.652033, 1.802083], [100.652033, 1.802081], [100.652034, 1.80206], [100.652032, 1.802056], [100.652034, 1.802034], [100.652035, 1.802034], [100.652036, 1.80203], [100.652038, 1.802007], [100.652038, 1.802005], [100.652051, 1.801903], [100.652052, 1.801897], [100.652071, 1.801839], [100.652096, 1.801737], [100.652097, 1.801736], [100.652224, 1.801333], [100.652224, 1.801332], [100.652339, 1.800981], [100.652416, 1.800755], [100.652442, 1.800676], [100.65251, 1.800438], [100.652554, 1.800263], [100.652555, 1.80026], [100.652559, 1.800245], [100.652561, 1.800208], [100.652556, 1.800208], [100.652553, 1.800208], [100.649882, 1.800242], [100.649818, 1.800245], [100.649818, 1.800253], [100.649818, 1.800266], [100.649817, 1.800274], [100.649613, 1.801016], [100.649408, 1.801772], [100.649392, 1.801878], [100.649392, 1.802257], [100.649392, 1.802258], [100.649388, 1.802396], [100.649388, 1.802415], [100.649382, 1.802608], [100.649383, 1.802781], [100.649377, 1.802955], [100.649376, 1.803165], [100.649378, 1.803384], [100.649374, 1.803599], [100.649376, 1.8038], [100.649377, 1.803986], [100.649376, 1.804143], [100.649372, 1.804298], [100.649366, 1.804441], [100.649359, 1.804591], [100.649351, 1.805293], [100.649328, 1.806995], [100.649319, 1.80854], [100.649319, 1.808541], [100.649301, 1.809297], [100.649296, 1.809465]], [[100.651992, 1.809441], [100.651994, 1.809441], [100.651993, 1.809443], [100.651992, 1.809444], [100.651992, 1.809441]]]]}},
{"type": "Feature", "properties": {"ba_code": "3721", "blockid": "3721F51P91", "division": "03"}, "geometry": {"type": "MultiPolygon", "coordinates": [[[[100.671849, 1.776772], [100.671849, 1.776776], [100.671875, 1.777065], [100.67189, 1.777234], [100.67189, 1.777236], [100.671896, 1.777426], [100.671897, 1.777469], [100.671901, 1.777558], [100.6719, 1.777652], [100.671907, 1.777995], [100.671907, 1.777996], [100.671901, 1.778381], [100.671913, 1.778961], [100.671913, 1.778962], [100.671913, 1.779439], [100.671916, 1.779578], [100.671916, 1.77966], [100.671922, 1.779916], [100.671922, 1.779917], [100.671922, 1.780297], [100.671934, 1.780707], [100.671934, 1.780708], [100.671936, 1.781094], [100.671934, 1.781475], [100.671938, 1.78158], [100.671942, 1.781721], [100.674652, 1.781708], [100.674652, 1.781705], [100.674655, 1.781489], [100.674649, 1.78111], [100.674643, 1.780633], [100.674641, 1.780587], [100.674642, 1.780536], [100.674635, 1.779959], [100.674635, 1.779384], [100.674635, 1.778252], [100.674633, 1.778181], [100.674632, 1.777951], [100.674633, 1.777723], [100.674632, 1.777469], [100.674626, 1.776885], [100.674629, 1.776506], [100.674623, 1.7746], [100.67462, 1.773404], [100.67462, 1.773403], [100.674615, 1.773401], [100.671874, 1.773398], [100.671873, 1.773403], [100.671863, 1.773488], [100.671861, 1.773859], [100.671861, 1.775386], [100.671855, 1.77616], [100.671849, 1.77654], [100.671849, 1.776772]]]]}},
{"type": "Feature", "properties": {"ba_code": "3721", "blockid": "3721F50P91", "division": "03"}, "geometry": {"type": "MultiPolygon", "coordinates": [[[[100.669126, 1.773721], [100.669126, 1.77448], [100.669128, 1.774772], [100.669131, 1.775344], [100.669135, 1.775628], [100.669135, 1.775819], [100.66914, 1.776202], [100.66914, 1.776678], [100.66914, 1.777248], [100.66914, 1.77744], [100.66914, 1.77763], [100.66914, 1.77782], [100.66915, 1.778002], [100.66915, 1.778004], [100.669153, 1.778194], [100.669153, 1.778383], [100.669153, 1.778584], [100.669153, 1.778586], [100.669147, 1.778687], [100.669147, 1.778877], [100.669151, 1.779352], [100.669173, 1.780868], [100.669167, 1.781347], [100.669181, 1.781701], [100.669308, 1.781716], [100.669478, 1.781714], [100.671881, 1.781723], [100.671881, 1.78172], [100.67188, 1.781714], [100.67188, 1.781693], [100.671872, 1.781477], [100.671872, 1.781476], [100.671874, 1.78114], [100.671871, 1.781038], [100.67187, 1.780857], [100.671871, 1.780675], [100.67186, 1.780298], [100.67186, 1.780297], [100.67186, 1.779917], [100.671851, 1.779533], [100.671851, 1.779532], [100.671851, 1.778962], [100.671839, 1.778382], [100.671839, 1.778381], [100.671845, 1.777996], [100.671834, 1.777428], [100.671828, 1.777239], [100.671813, 1.777071], [100.671787, 1.776779], [100.671787, 1.776776], [100.671787, 1.77654], [100.671793, 1.77616], [100.671795, 1.775889], [100.671795, 1.775865], [100.671795, 1.775853], [100.671799, 1.775386], [100.671799, 1.773859], [100.671801, 1.773478], [100.671801, 1.773474], [100.671811, 1.773393], [100.671801, 1.773392], [100.669129, 1.773392], [100.669129, 1.773424], [100.669129, 1.773425], [100.669126, 1.773721]]]]}},
{"type": "Feature", "properties": {"ba_code": "3721", "blockid": "3721J53P02", "division": "05"}, "geometry": {"type": "MultiPolygon", "coordinates": [[[[100.677162, 1.811289], [100.677163, 1.820046], [100.678323, 1.820005], [100.679899, 1.81994], [100.679875, 1.818034], [100.679874, 1.81739], [100.679874, 1.817389], [100.679876, 1.817317], [100.679895, 1.813341], [100.679903, 1.809346], [100.679896, 1.809346], [100.67968, 1.809349], [100.679679, 1.809349], [100.678689, 1.809363], [100.677167, 1.809387], [100.677165, 1.80941], [100.677162, 1.811289]]]]}},
{"type": "Feature", "properties": {"ba_code": "3721", "blockid": "3721L36P05", "division": "05"}, "geometry": {"type": "MultiPolygon", "coordinates": [[[[100.630279, 1.832287], [100.630246, 1.834678], [100.630246, 1.834679], [100.630181, 1.837004], [100.630181, 1.837011], [100.630158, 1.837101], [100.632405, 1.837215], [100.632983, 1.837244], [100.632906, 1.832263], [100.632906, 1.832194], [100.630279, 1.832287]]]]}},
{"type": "Feature", "properties": {"ba_code": "3721", "blockid": "3721G59P05", "division": "03"}, "geometry": {"type": "MultiPolygon", "coordinates": [[[[100.696864, 1.790836], [100.696865, 1.790836], [100.696867, 1.790836], [100.696876, 1.790882], [100.698569, 1.790929], [100.699912, 1.790908], [100.699714, 1.781694], [100.698555, 1.781702], [100.698554, 1.781702], [100.696959, 1.781678], [100.696957, 1.781702], [100.696887, 1.788163], [100.696883, 1.788474], [100.696862, 1.790836], [100.696864, 1.790836]]]]}},
{"type": "Feature", "properties": {"ba_code": "3721", "blockid": "3721L43P02", "division": "05"}, "geometry": {"type": "MultiPolygon", "coordinates": [[[[100.64947, 1.827632], [100.649593, 1.834872], [100.649602, 1.8351], [100.649608, 1.83534], [100.649611, 1.835906], [100.649613, 1.836352], [100.650701, 1.835936], [100.651768, 1.835524], [100.651773, 1.83489], [100.651792, 1.833183], [100.651798, 1.83272], [100.651822, 1.83035], [100.651825, 1.829951], [100.651837, 1.828519], [100.651849, 1.827612], [100.651598, 1.827613], [100.64947, 1.827632]]]]}},
{"type": "Feature", "properties": {"ba_code": "3721", "blockid": "3721H51P91", "division": "04"}, "geometry": {"type": "MultiPolygon", "coordinates": [[[[100.671815, 1.799913], [100.671864, 1.799911], [100.672224, 1.799917], [100.673089, 1.799915], [100.673132, 1.799913], [100.673205, 1.799915], [100.674588, 1.799911], [100.674588, 1.799858], [100.674588, 1.799725], [100.674588, 1.798777], [100.674597, 1.798204], [100.674597, 1.797635], [100.6746, 1.796873], [100.674611, 1.795732], [100.674611, 1.794593], [100.674632, 1.792885], [100.674632, 1.792126], [100.674635, 1.791893], [100.674639, 1.790936], [100.674609, 1.790859], [100.672278, 1.790858], [100.672091, 1.790858], [100.672089, 1.790858], [100.671924, 1.790852], [100.671931, 1.790928], [100.671931, 1.790931], [100.671931, 1.790932], [100.671922, 1.791203], [100.671913, 1.791393], [100.671907, 1.791967], [100.671896, 1.793124], [100.671884, 1.794066], [100.671861, 1.795797], [100.671846, 1.797948], [100.671846, 1.797949], [100.671839, 1.798367], [100.671842, 1.798502], [100.671841, 1.798798], [100.671832, 1.799071], [100.671826, 1.799334], [100.671825, 1.799574], [100.671819, 1.799639], [100.671815, 1.799913]]]]}},
{"type": "Feature", "properties": {"ba_code": "3721", "blockid": "3721F44P89", "division": "01"}, "geometry": {"type": "MultiPolygon", "coordinates": [[[[100.652704, 1.774929], [100.652704, 1.774931], [100.652706, 1.775009], [100.652722, 1.775173], [100.652722, 1.775175], [100.652727, 1.775368], [100.652741, 1.775561], [100.652752, 1.775752], [100.652752, 1.775754], [100.652752, 1.776041], [100.652754, 1.776234], [100.652751, 1.776424], [100.652752, 1.776711], [100.652755, 1.776996], [100.652755, 1.777187], [100.65276, 1.777377], [100.652765, 1.777662], [100.652765, 1.777663], [100.652764, 1.777853], [100.65277, 1.778137], [100.65277, 1.778138], [100.65277, 1.778328], [100.652767, 1.778518], [100.652767, 1.778519], [100.652765, 1.778586], [100.652779, 1.77869], [100.652779, 1.778693], [100.652786, 1.778968], [100.652786, 1.778969], [100.652787, 1.779446], [100.652795, 1.779642], [100.6528, 1.779841], [100.6528, 1.779842], [100.652802, 1.780032], [100.652802, 1.78032], [100.652802, 1.780321], [100.652797, 1.780509], [100.652802, 1.780699], [100.652809, 1.780986], [100.652809, 1.780987], [100.652809, 1.78127], [100.652818, 1.781495], [100.652824, 1.781697], [100.652824, 1.781698], [100.652824, 1.781699], [100.652821, 1.781853], [100.652865, 1.781853], [100.652866, 1.781853], [100.653676, 1.781843], [100.654259, 1.781833], [100.65426, 1.781833], [100.654827, 1.78183], [100.654828, 1.78183], [100.655201, 1.781836], [100.655519, 1.781831], [100.655519, 1.781829], [100.655519, 1.781826], [100.655519, 1.781824], [100.655521, 1.781781], [100.655521, 1.78178], [100.655529, 1.781612], [100.655515, 1.78059], [100.65551, 1.780571], [100.655515, 1.780566], [100.65551, 1.780241], [100.655503, 1.779702], [100.655495, 1.779079], [100.655492, 1.778492], [100.655491, 1.778368], [100.655489, 1.778364], [100.655489, 1.778352], [100.655491, 1.778351], [100.655488, 1.777927], [100.655487, 1.777908], [100.655488, 1.777908], [100.655488, 1.777906], [100.655485, 1.777882], [100.655487, 1.777816], [100.655486, 1.777663], [100.655486, 1.777613], [100.655485, 1.777574], [100.655482, 1.777493], [100.655483, 1.777492], [100.655482, 1.777492], [100.65548, 1.77749], [100.655479, 1.777452], [100.655484, 1.777398], [100.655484, 1.777343], [100.655479, 1.777015], [100.655474, 1.776993], [100.655479, 1.776994], [100.655466, 1.776198], [100.655466, 1.776176], [100.655465, 1.776176], [100.655461, 1.776169], [100.655462, 1.776166], [100.655466, 1.776139], [100.655463, 1.775846], [100.655463, 1.775823], [100.655461, 1.775818], [100.655463, 1.775815], [100.655457, 1.775058], [100.655456, 1.775025], [100.655454, 1.775024], [100.655454, 1.774994], [100.65545, 1.774871], [100.655406, 1.77481], [100.65521, 1.774791], [100.654936, 1.774794], [100.654687, 1.774797], [100.654547, 1.774797], [100.654393, 1.774798], [100.654168, 1.7748], [100.653898, 1.774802], [100.653622, 1.774803], [100.653358, 1.774804], [100.65312, 1.774808], [100.652885, 1.774811], [100.652727, 1.774816], [100.652716, 1.774813], [100.652707, 1.774877], [100.652705, 1.774875], [100.652718, 1.774903], [100.652704, 1.774929]]], [[[100.652714, 1.774813], [100.652716, 1.774813], [100.652716, 1.774812], [100.652714, 1.774813]]]]}},
{"type": "Feature", "properties": {"ba_code": "3721", "blockid": "3721E50P91", "division": "02"}, "geometry": {"type": "MultiPolygon", "coordinates": [[[[100.669113, 1.773311], [100.669125, 1.773312], [100.671796, 1.773312], [100.671796, 1.773311], [100.671796, 1.773305], [100.671796, 1.773304], [100.671802, 1.773137], [100.671801, 1.773118], [100.671802, 1.772972], [100.671802, 1.772916], [100.671801, 1.772756], [100.671808, 1.771423], [100.671809, 1.770182], [100.67181, 1.770022], [100.671841, 1.764856], [100.671843, 1.764795], [100.671845, 1.764574], [100.671845, 1.76446], [100.671838, 1.76429], [100.671845, 1.764224], [100.671845, 1.764081], [100.671825, 1.764081], [100.669148, 1.764175], [100.669157, 1.765894], [100.669156, 1.766624], [100.669159, 1.767056], [100.669164, 1.767392], [100.669156, 1.767714], [100.669164, 1.76807], [100.669158, 1.76841], [100.669163, 1.768466], [100.669163, 1.768468], [100.669167, 1.768665], [100.669167, 1.768666], [100.669167, 1.768667], [100.66916, 1.768853], [100.66916, 1.768854], [100.669156, 1.768931], [100.669153, 1.769166], [100.669139, 1.769628], [100.669134, 1.770083], [100.66913, 1.770169], [100.669131, 1.770529], [100.669129, 1.770784], [100.669126, 1.770968], [100.669125, 1.771414], [100.669125, 1.77183], [100.669118, 1.772224], [100.669115, 1.772476], [100.669115, 1.772855], [100.669116, 1.773045], [100.669116, 1.773072], [100.669116, 1.773075], [100.669114, 1.773252], [100.669113, 1.773293], [100.669113, 1.773311]]]]}},
{"type": "Feature", "properties": {"ba_code": "3721", "blockid": "3721F46P89", "division": "01"}, "geometry": {"type": "MultiPolygon", "coordinates": [[[[100.658259, 1.77479], [100.658259, 1.775279], [100.658265, 1.775664], [100.658271, 1.776429], [100.658282, 1.777188], [100.658276, 1.77758], [100.658276, 1.777959], [100.658276, 1.778339], [100.658276, 1.778718], [100.6583, 1.779482], [100.6583, 1.779483], [100.658294, 1.780253], [100.658306, 1.78065], [100.658311, 1.780953], [100.658335, 1.781361], [100.658335, 1.781363], [100.658335, 1.781771], [100.658335, 1.781774], [100.658332, 1.781813], [100.658362, 1.781812], [100.658597, 1.781793], [100.658599, 1.781793], [100.658998, 1.781786], [100.658999, 1.781786], [100.659383, 1.781786], [100.659637, 1.781774], [100.659639, 1.781774], [100.660201, 1.781779], [100.660965, 1.78177], [100.660978, 1.781768], [100.660978, 1.781453], [100.660978, 1.781452], [100.660989, 1.781068], [100.660988, 1.781005], [100.660986, 1.780998], [100.660988, 1.780993], [100.660978, 1.78038], [100.660978, 1.780379], [100.660972, 1.779614], [100.660972, 1.778855], [100.660966, 1.778084], [100.660966, 1.778018], [100.660961, 1.778012], [100.660961, 1.778008], [100.660966, 1.777973], [100.660966, 1.777325], [100.660966, 1.776952], [100.660965, 1.776951], [100.660966, 1.776947], [100.660966, 1.776566], [100.660961, 1.775619], [100.660958, 1.775616], [100.660957, 1.775616], [100.660955, 1.775581], [100.660961, 1.775546], [100.66096, 1.775428], [100.660961, 1.775273], [100.660959, 1.77522], [100.660962, 1.775205], [100.660962, 1.775178], [100.660949, 1.77515], [100.660954, 1.77514], [100.660959, 1.77511], [100.660963, 1.775052], [100.660965, 1.774883], [100.660965, 1.774882], [100.660963, 1.774836], [100.660966, 1.774823], [100.660966, 1.77478], [100.660893, 1.774738], [100.660669, 1.774741], [100.660375, 1.774757], [100.660077, 1.774761], [100.659837, 1.774754], [100.659674, 1.774749], [100.659634, 1.77475], [100.659474, 1.77474], [100.659268, 1.774751], [100.659014, 1.774753], [100.658788, 1.774756], [100.658464, 1.774766], [100.658289, 1.774777], [100.658266, 1.774781], [100.65826, 1.774777], [100.658259, 1.77479]]]]}},
{"type": "Feature", "properties": {"ba_code": "3721", "blockid": "3721H59P05", "division": "04"}, "geometry": {"type": "MultiPolygon", "coordinates": [[[[100.693553, 1.799799], [100.694151, 1.799683], [100.694158, 1.799683], [100.694536, 1.799685], [100.694745, 1.79962], [100.694472, 1.793044], [100.694654, 1.791608], [100.694659, 1.791589], [100.694666, 1.791554], [100.694676, 1.791521], [100.694686, 1.791489], [100.694704, 1.791448], [100.694949, 1.791201], [100.695104, 1.791063], [100.695134, 1.791044], [100.69516, 1.791023], [100.69526, 1.790977], [100.695194, 1.790971], [100.695161, 1.790971], [100.694574, 1.790955], [100.694491, 1.790954], [100.694126, 1.790948], [100.693553, 1.799799]]]]}},
{"type": "Feature", "properties": {"ba_code": "3721", "blockid": "3721E49P91", "division": "02"}, "geometry": {"type": "MultiPolygon", "coordinates": [[[[100.666321, 1.773331], [100.666907, 1.773318], [100.666908, 1.773318], [100.668044, 1.773318], [100.66905, 1.773312], [100.669054, 1.773045], [100.669053, 1.77295], [100.669047, 1.772611], [100.669054, 1.772153], [100.669058, 1.771777], [100.669058, 1.771757], [100.669059, 1.77163], [100.669059, 1.77162], [100.669058, 1.771285], [100.669058, 1.771021], [100.669071, 1.769663], [100.669078, 1.76925], [100.669087, 1.768935], [100.669099, 1.768807], [100.669104, 1.768666], [100.669103, 1.768579], [100.66908, 1.768361], [100.669082, 1.768305], [100.669092, 1.765317], [100.669088, 1.76449], [100.669086, 1.764212], [100.669086, 1.76421], [100.669086, 1.764177], [100.668919, 1.764183], [100.668918, 1.764183], [100.666371, 1.764166], [100.666358, 1.764183], [100.666361, 1.764347], [100.666363, 1.764415], [100.666368, 1.76472], [100.666362, 1.765099], [100.666362, 1.76545], [100.666358, 1.767224], [100.666354, 1.76756], [100.666354, 1.767775], [100.666351, 1.768161], [100.666348, 1.768923], [100.666349, 1.769188], [100.666351, 1.769234], [100.66635, 1.769307], [100.666351, 1.769493], [100.666345, 1.769881], [100.666345, 1.770266], [100.666345, 1.770646], [100.666336, 1.771414], [100.666336, 1.771794], [100.666336, 1.771795], [100.666329, 1.772028], [100.666328, 1.772092], [100.666328, 1.772397], [100.666324, 1.772539], [100.666324, 1.772749], [100.666322, 1.773128], [100.666322, 1.773312], [100.666322, 1.773314], [100.666321, 1.773331]]]]}},
{"type": "Feature", "properties": {"ba_code": "3721", "blockid": "3721F52P92", "division": "03"}, "geometry": {"type": "MultiPolygon", "coordinates": [[[[100.674681, 1.77339], [100.674682, 1.773393], [100.674682, 1.7734], [100.674685, 1.7746], [100.674686, 1.775068], [100.674687, 1.775105], [100.674687, 1.775172], [100.674691, 1.776506], [100.674688, 1.776885], [100.674694, 1.777469], [100.674697, 1.77824], [100.674697, 1.779384], [100.674697, 1.779959], [100.674711, 1.78111], [100.674717, 1.781489], [100.674715, 1.781704], [100.674715, 1.781707], [100.674762, 1.781707], [100.67625, 1.781702], [100.676321, 1.781698], [100.676429, 1.781702], [100.676687, 1.781701], [100.677375, 1.781698], [100.677378, 1.781648], [100.677377, 1.781643], [100.677378, 1.781636], [100.677378, 1.781625], [100.677379, 1.781595], [100.677376, 1.78117], [100.677368, 1.780693], [100.677368, 1.780692], [100.677364, 1.77993], [100.677364, 1.778789], [100.677368, 1.77746], [100.677368, 1.776413], [100.67737, 1.775271], [100.677371, 1.774605], [100.677371, 1.774552], [100.677371, 1.774537], [100.677373, 1.773561], [100.677373, 1.773403], [100.677373, 1.773363], [100.676422, 1.773392], [100.676421, 1.773392], [100.674699, 1.773386], [100.674681, 1.77339]]]]}},
{"type": "Feature", "properties": {"ba_code": "3721", "blockid": "3721D57P02", "division": "02"}, "geometry": {"type": "MultiPolygon", "coordinates": [[[[100.68842, 1.755403], [100.688441, 1.757223], [100.688463, 1.759093], [100.688471, 1.75985], [100.688476, 1.760335], [100.688477, 1.760533], [100.68848, 1.760722], [100.688492, 1.761206], [100.688501, 1.761592], [100.688501, 1.761593], [100.688512, 1.762456], [100.688508, 1.763129], [100.688507, 1.763375], [100.688509, 1.763444], [100.688506, 1.763622], [100.688506, 1.763625], [100.688505, 1.763814], [100.688505, 1.763816], [100.688504, 1.763833], [100.688688, 1.76383], [100.68869, 1.76383], [100.689093, 1.763821], [100.689472, 1.763817], [100.689596, 1.763816], [100.689842, 1.763812], [100.691233, 1.763791], [100.691253, 1.763455], [100.691269, 1.758015], [100.691268, 1.755186], [100.691263, 1.755161], [100.69126, 1.755131], [100.688421, 1.755117], [100.68842, 1.755403]]]]}},
{"type": "Feature", "properties": {"ba_code": "3721", "blockid": "3721D56P02", "division": "02"}, "geometry": {"type": "MultiPolygon", "coordinates": [[[[100.685681, 1.756051], [100.685698, 1.758354], [100.685713, 1.760275], [100.685717, 1.76092], [100.685717, 1.760924], [100.685725, 1.762222], [100.685742, 1.763652], [100.68574, 1.76388], [100.686264, 1.763871], [100.686245, 1.763868], [100.688297, 1.763836], [100.688343, 1.763836], [100.688428, 1.763834], [100.688442, 1.763834], [100.688443, 1.763813], [100.688446, 1.763129], [100.68845, 1.762456], [100.688439, 1.761594], [100.688436, 1.761479], [100.688434, 1.761479], [100.688432, 1.761377], [100.68843, 1.761212], [100.68843, 1.761208], [100.688418, 1.760724], [100.688418, 1.760723], [100.688415, 1.760533], [100.688414, 1.760335], [100.688409, 1.75985], [100.688401, 1.759093], [100.688379, 1.757223], [100.688358, 1.755403], [100.688359, 1.755144], [100.688356, 1.755127], [100.688359, 1.755123], [100.688359, 1.755112], [100.685675, 1.755099], [100.685681, 1.756051]]]]}},
{"type": "Feature", "properties": {"ba_code": "3721", "blockid": "3721D59P02", "division": "02"}, "geometry": {"type": "MultiPolygon", "coordinates": [[[[100.694027, 1.755135], [100.69406, 1.760607], [100.694069, 1.762125], [100.694069, 1.763634], [100.694069, 1.763638], [100.694057, 1.763724], [100.694054, 1.763761], [100.695484, 1.763791], [100.696755, 1.763784], [100.69676, 1.763771], [100.696751, 1.762703], [100.696657, 1.755182], [100.69666, 1.75514], [100.694027, 1.755135]], [[100.694095, 1.763741], [100.694095, 1.763744], [100.694094, 1.763743], [100.694092, 1.763741], [100.694095, 1.763741]]]]}},
{"type": "Feature", "properties": {"ba_code": "3721", "blockid": "3721I50P18", "division": "04"}, "geometry": {"type": "MultiPolygon", "coordinates": [[[[100.669186, 1.800034], [100.669176, 1.802268], [100.669146, 1.804056], [100.669129, 1.807385], [100.669113, 1.809343], [100.671521, 1.809311], [100.671548, 1.80926], [100.671553, 1.807502], [100.671569, 1.805459], [100.671608, 1.802052], [100.671617, 1.800016], [100.669186, 1.800034]]]]}},
{"type": "Feature", "properties": {"ba_code": "3721", "blockid": "3721I53P01", "division": "04"}, "geometry": {"type": "MultiPolygon", "coordinates": [[[[100.677162, 1.809313], [100.6799, 1.809266], [100.680031, 1.799944], [100.677356, 1.799966], [100.677356, 1.799982], [100.677356, 1.800343], [100.677162, 1.809313]]]]}},
{"type": "Feature", "properties": {"ba_code": "3721", "blockid": "3721J50P01", "division": "05"}, "geometry": {"type": "MultiPolygon", "coordinates": [[[[100.668919, 1.820078], [100.668939, 1.820079], [100.670167, 1.820073], [100.670213, 1.820073], [100.670246, 1.820073], [100.671838, 1.820066], [100.671865, 1.820066], [100.671796, 1.817362], [100.671749, 1.815336], [100.671705, 1.813547], [100.671661, 1.811798], [100.671603, 1.809448], [100.671592, 1.809448], [100.671138, 1.809454], [100.671096, 1.809455], [100.669161, 1.809481], [100.669158, 1.809481], [100.669155, 1.809481], [100.669132, 1.809482], [100.669077, 1.809486], [100.669061, 1.809496], [100.669027, 1.811624], [100.669019, 1.81232], [100.668982, 1.815658], [100.668977, 1.816017], [100.668977, 1.816024], [100.668947, 1.818172], [100.668919, 1.820078]]]]}},
{"type": "Feature", "properties": {"ba_code": "3721", "blockid": "3721J48P01", "division": "05"}, "geometry": {"type": "MultiPolygon", "coordinates": [[[[100.663568, 1.82006], [100.663575, 1.82006], [100.663576, 1.82006], [100.663952, 1.820066], [100.664523, 1.820062], [100.66509, 1.820063], [100.66548, 1.820063], [100.665861, 1.820063], [100.665862, 1.820063], [100.666427, 1.820071], [100.666425, 1.819679], [100.666423, 1.819576], [100.666423, 1.819575], [100.666395, 1.813915], [100.666394, 1.813718], [100.666102, 1.813737], [100.666081, 1.813736], [100.666022, 1.813737], [100.665965, 1.813744], [100.665912, 1.813752], [100.665056, 1.813748], [100.665055, 1.812747], [100.665211, 1.811815], [100.665215, 1.811815], [100.665246, 1.811813], [100.665281, 1.81181], [100.66532, 1.811814], [100.665355, 1.811807], [100.665368, 1.811788], [100.665415, 1.811795], [100.665432, 1.811798], [100.665434, 1.811801], [100.665447, 1.811827], [100.66546, 1.81184], [100.665488, 1.811839], [100.665524, 1.811829], [100.665539, 1.811811], [100.665542, 1.81181], [100.665544, 1.811801], [100.665549, 1.811798], [100.665553, 1.811786], [100.665555, 1.811773], [100.66556, 1.811764], [100.66556, 1.811753], [100.665563, 1.811747], [100.665568, 1.811726], [100.665575, 1.811706], [100.665593, 1.811697], [100.665619, 1.811673], [100.665617, 1.811632], [100.665617, 1.8116], [100.665617, 1.811565], [100.665616, 1.81155], [100.665621, 1.81154], [100.665634, 1.811508], [100.665631, 1.811468], [100.665631, 1.81143], [100.665633, 1.811403], [100.665632, 1.811381], [100.665631, 1.811358], [100.66562, 1.811329], [100.665631, 1.811296], [100.665623, 1.811265], [100.665625, 1.81125], [100.665625, 1.811219], [100.665631, 1.811182], [100.665632, 1.811161], [100.665631, 1.811149], [100.665635, 1.811126], [100.665633, 1.811101], [100.665634, 1.811079], [100.66562, 1.811047], [100.665595, 1.811024], [100.665561, 1.810994], [100.665533, 1.810966], [100.665495, 1.81095], [100.665475, 1.810953], [100.66527, 1.810955], [100.665226, 1.810969], [100.665156, 1.810907], [100.665129, 1.810869], [100.665096, 1.810842], [100.665062, 1.810823], [100.665008, 1.810606], [100.664993, 1.81056], [100.664981, 1.810537], [100.664961, 1.810336], [100.664951, 1.810312], [100.66491, 1.809911], [100.66488, 1.809891], [100.66482, 1.809867], [100.664803, 1.809837], [100.664784, 1.809817], [100.664791, 1.809791], [100.664806, 1.809758], [100.664795, 1.809718], [100.664787, 1.809696], [100.664786, 1.809676], [100.664775, 1.80965], [100.664772, 1.809626], [100.664763, 1.809588], [100.664741, 1.809552], [100.66472, 1.809518], [100.664718, 1.809516], [100.663988, 1.80953], [100.663971, 1.809534], [100.663967, 1.80955], [100.663946, 1.810101], [100.66394, 1.810291], [100.663893, 1.811599], [100.663843, 1.812877], [100.663681, 1.817116], [100.663654, 1.817793], [100.663568, 1.82006]]]]}},
{"type": "Feature", "properties": {"ba_code": "3721", "blockid": "3721K52P07", "division": "05"}, "geometry": {"type": "MultiPolygon", "coordinates": [[[[100.674191, 1.827116], [100.676882, 1.82614], [100.676927, 1.823381], [100.676943, 1.822276], [100.676942, 1.822189], [100.677043, 1.822093], [100.677091, 1.82205], [100.677101, 1.820124], [100.677096, 1.820124], [100.67429, 1.820135], [100.674289, 1.820135], [100.674284, 1.820135], [100.674284, 1.821615], [100.674293, 1.823533], [100.674296, 1.823727], [100.674296, 1.823728], [100.674293, 1.823835], [100.674293, 1.824103], [100.674284, 1.824169], [100.674279, 1.824519], [100.674279, 1.82452], [100.674255, 1.825291], [100.674232, 1.826061], [100.674197, 1.826832], [100.674191, 1.827116]]]]}},
{"type": "Feature", "properties": {"ba_code": "3721", "blockid": "3721K46P01", "division": "05"}, "geometry": {"type": "MultiPolygon", "coordinates": [[[[100.657624, 1.820145], [100.657665, 1.827471], [100.660155, 1.827442], [100.66022, 1.820141], [100.66022, 1.820139], [100.660219, 1.820139], [100.658146, 1.820144], [100.657624, 1.820145]]]]}},
{"type": "Feature", "properties": {"ba_code": "3721", "blockid": "3721H57P01", "division": "04"}, "geometry": {"type": "MultiPolygon", "coordinates": [[[[100.688545, 1.790905], [100.68855, 1.791367], [100.688555, 1.791936], [100.688563, 1.79241], [100.688563, 1.792411], [100.688563, 1.792888], [100.688565, 1.793078], [100.688571, 1.79365], [100.688578, 1.794129], [100.688572, 1.794783], [100.688581, 1.795356], [100.688579, 1.796115], [100.688582, 1.796492], [100.688587, 1.796542], [100.688587, 1.796545], [100.688585, 1.796839], [100.688585, 1.79684], [100.688581, 1.796971], [100.688581, 1.797165], [100.688585, 1.79764], [100.688591, 1.798114], [100.688593, 1.79831], [100.688593, 1.798311], [100.68859, 1.798411], [100.68859, 1.798885], [100.68859, 1.79898], [100.68859, 1.798981], [100.688588, 1.799075], [100.68859, 1.79936], [100.68859, 1.799454], [100.688604, 1.799642], [100.688612, 1.79975], [100.688612, 1.799752], [100.688612, 1.799755], [100.688609, 1.799787], [100.688764, 1.799768], [100.688769, 1.799768], [100.689735, 1.799774], [100.691333, 1.799753], [100.691324, 1.799721], [100.691323, 1.799712], [100.691264, 1.792373], [100.691264, 1.790925], [100.688795, 1.790913], [100.688794, 1.790913], [100.688556, 1.790905], [100.688545, 1.790905]]]]}},
{"type": "Feature", "properties": {"ba_code": "3721", "blockid": "3721G42P89", "division": "01"}, "geometry": {"type": "MultiPolygon", "coordinates": [[[[100.647233, 1.782731], [100.647247, 1.783116], [100.647247, 1.783117], [100.647247, 1.783686], [100.647244, 1.784065], [100.647238, 1.784826], [100.647244, 1.785399], [100.647238, 1.78611], [100.64724, 1.786112], [100.647238, 1.786114], [100.647238, 1.78617], [100.647247, 1.786742], [100.647253, 1.787317], [100.647253, 1.787697], [100.647256, 1.788085], [100.647259, 1.788464], [100.647259, 1.788847], [100.647259, 1.788848], [100.64725, 1.789232], [100.647256, 1.78981], [100.647256, 1.790578], [100.647264, 1.79099], [100.647269, 1.791033], [100.647277, 1.791032], [100.647281, 1.791032], [100.650077, 1.790962], [100.650076, 1.79], [100.650063, 1.789328], [100.650054, 1.788853], [100.650042, 1.78828], [100.650042, 1.788279], [100.65005, 1.787137], [100.65005, 1.786184], [100.650045, 1.785456], [100.650045, 1.785453], [100.650072, 1.785111], [100.650069, 1.784733], [100.650058, 1.78456], [100.650058, 1.784558], [100.650055, 1.783894], [100.650023, 1.783057], [100.650007, 1.782692], [100.649997, 1.782097], [100.649997, 1.782096], [100.650001, 1.78208], [100.650007, 1.782074], [100.650012, 1.782069], [100.650017, 1.782067], [100.650021, 1.782065], [100.650014, 1.782048], [100.649997, 1.782026], [100.649995, 1.782023], [100.649991, 1.782007], [100.649991, 1.782005], [100.649991, 1.781998], [100.649462, 1.781999], [100.649191, 1.782012], [100.649189, 1.782012], [100.648638, 1.782015], [100.648259, 1.782015], [100.647853, 1.782012], [100.64735, 1.782021], [100.647345, 1.782021], [100.647266, 1.782022], [100.647265, 1.782022], [100.647252, 1.78202], [100.647242, 1.782017], [100.647242, 1.782069], [100.647241, 1.782106], [100.647241, 1.782352], [100.647241, 1.782353], [100.647238, 1.782514], [100.647241, 1.782541], [100.647237, 1.782549], [100.647233, 1.782731]]]]}},
{"type": "Feature", "properties": {"ba_code": "3721", "blockid": "3721K49P02", "division": "05"}, "geometry": {"type": "MultiPolygon", "coordinates": [[[[100.666496, 1.820153], [100.666534, 1.822303], [100.666565, 1.824151], [100.666567, 1.824272], [100.666602, 1.826382], [100.666622, 1.827477], [100.666653, 1.829323], [100.668475, 1.829284], [100.668786, 1.829163], [100.668792, 1.828501], [100.66878, 1.82838], [100.668782, 1.828137], [100.668795, 1.827896], [100.668798, 1.827806], [100.6688, 1.827539], [100.6688, 1.827538], [100.668812, 1.826914], [100.668818, 1.826243], [100.66882, 1.825894], [100.668821, 1.825834], [100.668829, 1.824503], [100.668844, 1.82182], [100.668856, 1.820155], [100.668845, 1.820155], [100.667645, 1.820153], [100.666496, 1.820153]]]]}},
{"type": "Feature", "properties": {"ba_code": "3721", "blockid": "3721G55P97", "division": "03"}, "geometry": {"type": "MultiPolygon", "coordinates": [[[[100.682916, 1.781773], [100.682916, 1.781788], [100.682918, 1.781864], [100.682918, 1.781865], [100.682925, 1.782624], [100.682927, 1.783577], [100.682935, 1.784146], [100.682944, 1.784716], [100.682957, 1.785572], [100.682967, 1.786626], [100.682976, 1.78758], [100.682984, 1.78834], [100.682986, 1.788911], [100.682984, 1.789112], [100.682988, 1.789496], [100.682988, 1.789684], [100.682998, 1.790351], [100.683004, 1.790636], [100.683004, 1.790637], [100.683004, 1.790638], [100.682998, 1.790811], [100.683011, 1.790811], [100.683012, 1.790811], [100.683015, 1.790811], [100.683785, 1.790812], [100.683812, 1.790527], [100.684086, 1.790535], [100.684108, 1.790372], [100.684176, 1.790363], [100.684187, 1.790249], [100.684558, 1.790259], [100.684549, 1.79038], [100.684635, 1.790386], [100.684633, 1.790427], [100.684667, 1.790429], [100.684667, 1.79049], [100.684971, 1.790507], [100.684976, 1.790813], [100.685229, 1.790813], [100.685777, 1.790814], [100.685778, 1.790814], [100.685794, 1.790814], [100.685798, 1.790807], [100.685799, 1.790801], [100.685785, 1.790619], [100.685785, 1.790617], [100.68578, 1.789797], [100.685777, 1.78921], [100.685759, 1.788823], [100.685759, 1.788822], [100.685739, 1.787482], [100.685739, 1.787096], [100.68573, 1.786718], [100.685715, 1.786139], [100.685715, 1.786138], [100.685707, 1.785565], [100.685698, 1.785186], [100.685698, 1.785185], [100.685698, 1.784799], [100.685686, 1.784415], [100.685686, 1.784414], [100.685683, 1.783844], [100.685683, 1.783686], [100.685654, 1.78235], [100.685645, 1.781971], [100.685645, 1.78197], [100.685645, 1.781837], [100.685644, 1.781772], [100.685242, 1.781772], [100.682916, 1.781773]]]]}},
{"type": "Feature", "properties": {"ba_code": "3721", "blockid": "3721I40P89", "division": "01"}, "geometry": {"type": "MultiPolygon", "coordinates": [[[[100.641255, 1.809488], [100.643681, 1.809482], [100.643753, 1.809482], [100.643759, 1.809471], [100.643763, 1.809475], [100.643765, 1.809417], [100.643747, 1.807493], [100.643741, 1.806725], [100.643741, 1.806346], [100.643741, 1.806344], [100.643741, 1.80634], [100.643741, 1.806313], [100.643742, 1.806312], [100.643743, 1.806308], [100.643753, 1.806154], [100.643753, 1.806153], [100.643771, 1.805949], [100.6438, 1.805559], [100.6438, 1.805558], [100.643841, 1.80516], [100.643841, 1.805159], [100.643893, 1.804748], [100.643893, 1.804747], [100.643931, 1.804531], [100.644025, 1.803942], [100.644124, 1.803346], [100.644132, 1.803295], [100.644138, 1.803239], [100.64415, 1.80318], [100.644215, 1.802768], [100.644326, 1.802001], [100.64437, 1.801487], [100.644373, 1.801324], [100.644375, 1.801283], [100.644375, 1.801031], [100.64438, 1.800427], [100.64438, 1.800425], [100.644381, 1.800333], [100.644381, 1.800332], [100.644382, 1.800319], [100.643305, 1.800341], [100.643082, 1.800345], [100.643027, 1.800348], [100.642976, 1.800346], [100.641821, 1.800365], [100.641534, 1.800373], [100.641498, 1.800391], [100.641474, 1.800473], [100.641461, 1.800631], [100.641456, 1.800859], [100.641454, 1.801135], [100.641445, 1.801457], [100.641438, 1.80182], [100.641427, 1.802187], [100.641418, 1.802533], [100.641409, 1.802869], [100.641401, 1.803075], [100.641394, 1.803313], [100.64139, 1.803378], [100.641392, 1.803376], [100.641391, 1.803399], [100.641386, 1.803568], [100.641378, 1.803832], [100.641371, 1.804128], [100.641353, 1.804428], [100.641353, 1.804751], [100.641348, 1.805068], [100.641341, 1.805374], [100.641327, 1.805641], [100.64132, 1.805872], [100.641315, 1.806109], [100.641307, 1.806335], [100.641295, 1.806546], [100.641286, 1.80678], [100.64128, 1.807035], [100.641263, 1.807306], [100.641259, 1.80757], [100.641261, 1.80784], [100.641262, 1.808122], [100.641253, 1.808409], [100.641239, 1.808742], [100.641243, 1.808964], [100.641237, 1.809207], [100.641231, 1.809397], [100.641255, 1.809488]]]]}},
{"type": "Feature", "properties": {"ba_code": "3721", "blockid": "3721I52P17", "division": "04"}, "geometry": {"type": "MultiPolygon", "coordinates": [[[[100.676991, 1.809251], [100.676992, 1.809095], [100.677005, 1.806665], [100.677006, 1.806601], [100.677006, 1.806568], [100.677007, 1.806453], [100.677007, 1.806383], [100.677007, 1.806382], [100.677007, 1.806376], [100.677026, 1.803055], [100.677025, 1.803047], [100.677025, 1.803043], [100.677025, 1.803039], [100.677026, 1.803033], [100.677043, 1.8], [100.674473, 1.800008], [100.674375, 1.809255], [100.676991, 1.809251]]]]}},
{"type": "Feature", "properties": {"ba_code": "3721", "blockid": "3721H54P99", "division": "04"}, "geometry": {"type": "MultiPolygon", "coordinates": [[[[100.680101, 1.799857], [100.680115, 1.799856], [100.680117, 1.799856], [100.680121, 1.799856], [100.68164, 1.799847], [100.683022, 1.799838], [100.683022, 1.799772], [100.683031, 1.799105], [100.683028, 1.798533], [100.683021, 1.797586], [100.683009, 1.79673], [100.683001, 1.795967], [100.682985, 1.794635], [100.682977, 1.794003], [100.682973, 1.794007], [100.682974, 1.793945], [100.682971, 1.79383], [100.682972, 1.793642], [100.682971, 1.793572], [100.682971, 1.793571], [100.682968, 1.793374], [100.682966, 1.793082], [100.682959, 1.79278], [100.682963, 1.792492], [100.682962, 1.792186], [100.682962, 1.791855], [100.68296, 1.791505], [100.68296, 1.791504], [100.682967, 1.791501], [100.682965, 1.79143], [100.682964, 1.791236], [100.682964, 1.791037], [100.682941, 1.790911], [100.682936, 1.790902], [100.682934, 1.79089], [100.680587, 1.790888], [100.680586, 1.790888], [100.680167, 1.79088], [100.680166, 1.790915], [100.680166, 1.790951], [100.680166, 1.790952], [100.680164, 1.791063], [100.680158, 1.791334], [100.680147, 1.792288], [100.680147, 1.792289], [100.680143, 1.792485], [100.680143, 1.79277], [100.680142, 1.793248], [100.680142, 1.793249], [100.680136, 1.793536], [100.680131, 1.793731], [100.680131, 1.793927], [100.680133, 1.794025], [100.680136, 1.794131], [100.680136, 1.794132], [100.680137, 1.794508], [100.680133, 1.795471], [100.680126, 1.79596], [100.680127, 1.796404], [100.680127, 1.796405], [100.680118, 1.796597], [100.680114, 1.796758], [100.680118, 1.797351], [100.680111, 1.798018], [100.680112, 1.798208], [100.68011, 1.798588], [100.68011, 1.798782], [100.68011, 1.798783], [100.680099, 1.799442], [100.680097, 1.799729], [100.680105, 1.799805], [100.680105, 1.799809], [100.680105, 1.799812], [100.680101, 1.799857]]], [[[100.682967, 1.791501], [100.682967, 1.791503], [100.682992, 1.791491], [100.682967, 1.791501]]]]}},
{"type": "Feature", "properties": {"ba_code": "3721", "blockid": "3721F42P89", "division": "01"}, "geometry": {"type": "MultiPolygon", "coordinates": [[[[100.647238, 1.781207], [100.647238, 1.781396], [100.647247, 1.781592], [100.647256, 1.78181], [100.647256, 1.781811], [100.647256, 1.781813], [100.647251, 1.781887], [100.647251, 1.781888], [100.647248, 1.781934], [100.647271, 1.781941], [100.647852, 1.781932], [100.647853, 1.781932], [100.648259, 1.781935], [100.648638, 1.781935], [100.649175, 1.781932], [100.649188, 1.781932], [100.649459, 1.781919], [100.649461, 1.781919], [100.649952, 1.781919], [100.649997, 1.781919], [100.650003, 1.781919], [100.650006, 1.781901], [100.649991, 1.781599], [100.649989, 1.781584], [100.649987, 1.781585], [100.649985, 1.781573], [100.649985, 1.781562], [100.649991, 1.781542], [100.649991, 1.781398], [100.649994, 1.781201], [100.649993, 1.781099], [100.649971, 1.781076], [100.649982, 1.78106], [100.649989, 1.781026], [100.649991, 1.780953], [100.649987, 1.780835], [100.649985, 1.780801], [100.649974, 1.780677], [100.649981, 1.780663], [100.64998, 1.780627], [100.64998, 1.780626], [100.64998, 1.780342], [100.64998, 1.780254], [100.649976, 1.780208], [100.64998, 1.780203], [100.649979, 1.780182], [100.64998, 1.780177], [100.64998, 1.780053], [100.64998, 1.779815], [100.649979, 1.7798], [100.64998, 1.779791], [100.64997, 1.779766], [100.649973, 1.779757], [100.649975, 1.779745], [100.64998, 1.779696], [100.64998, 1.779672], [100.64998, 1.779482], [100.649979, 1.779453], [100.649974, 1.779408], [100.649975, 1.779328], [100.649959, 1.779312], [100.649977, 1.779297], [100.649977, 1.779286], [100.649968, 1.779273], [100.649969, 1.779119], [100.649974, 1.779069], [100.649973, 1.779021], [100.649973, 1.779013], [100.649972, 1.778958], [100.649969, 1.778907], [100.649966, 1.778875], [100.649966, 1.778872], [100.649967, 1.778869], [100.64997, 1.778757], [100.649968, 1.778626], [100.649969, 1.77846], [100.649966, 1.778368], [100.649968, 1.778242], [100.64997, 1.778221], [100.649969, 1.778163], [100.649969, 1.778162], [100.649963, 1.778152], [100.649969, 1.778144], [100.649967, 1.777965], [100.649962, 1.777932], [100.649965, 1.777822], [100.649964, 1.77775], [100.649962, 1.77767], [100.64996, 1.777572], [100.649961, 1.77757], [100.649958, 1.777566], [100.649955, 1.777562], [100.649958, 1.77746], [100.649959, 1.777389], [100.649958, 1.777298], [100.649959, 1.777234], [100.649953, 1.777105], [100.649956, 1.777103], [100.649961, 1.777089], [100.649962, 1.777011], [100.649962, 1.776822], [100.649958, 1.776722], [100.649958, 1.776721], [100.649958, 1.776699], [100.649954, 1.776662], [100.649958, 1.776653], [100.649958, 1.776531], [100.649951, 1.776265], [100.649948, 1.776239], [100.649945, 1.77623], [100.649951, 1.776216], [100.649952, 1.776141], [100.649952, 1.77614], [100.649958, 1.775943], [100.649958, 1.775799], [100.649947, 1.775788], [100.649944, 1.775782], [100.649957, 1.775753], [100.649958, 1.775744], [100.649958, 1.775373], [100.649958, 1.775345], [100.649956, 1.775343], [100.649956, 1.77533], [100.649958, 1.775329], [100.649955, 1.77509], [100.64994, 1.774898], [100.649906, 1.774856], [100.649746, 1.774861], [100.64957, 1.774856], [100.649398, 1.774865], [100.649221, 1.774855], [100.649013, 1.77484], [100.648845, 1.774834], [100.648757, 1.774834], [100.648636, 1.774847], [100.648595, 1.774852], [100.648591, 1.774854], [100.648587, 1.774852], [100.648584, 1.774851], [100.64854, 1.774841], [100.648391, 1.774839], [100.648281, 1.774842], [100.648132, 1.774851], [100.647978, 1.774846], [100.647834, 1.774844], [100.647676, 1.774849], [100.647587, 1.774848], [100.64745, 1.774847], [100.647297, 1.774865], [100.647269, 1.774865], [100.647261, 1.774865], [100.647263, 1.774906], [100.64726, 1.774918], [100.647264, 1.774922], [100.647263, 1.774923], [100.647261, 1.774927], [100.647258, 1.775028], [100.647256, 1.775272], [100.647256, 1.775381], [100.647263, 1.775406], [100.647261, 1.775415], [100.647256, 1.775417], [100.647256, 1.775461], [100.647264, 1.775654], [100.647271, 1.775796], [100.647275, 1.775829], [100.647274, 1.775829], [100.647273, 1.775835], [100.647273, 1.775843], [100.647273, 1.775844], [100.647273, 1.776034], [100.647273, 1.776035], [100.647268, 1.776221], [100.647269, 1.776273], [100.647271, 1.776277], [100.647272, 1.776277], [100.647275, 1.776279], [100.647271, 1.776318], [100.647273, 1.77641], [100.647273, 1.776411], [100.647273, 1.776417], [100.647275, 1.77646], [100.647273, 1.776561], [100.647273, 1.7766], [100.647273, 1.776602], [100.647272, 1.776622], [100.64727, 1.776694], [100.647272, 1.776715], [100.647273, 1.776716], [100.647266, 1.776729], [100.647265, 1.776731], [100.647263, 1.77675], [100.64726, 1.776794], [100.647264, 1.776979], [100.647264, 1.77698], [100.647267, 1.77717], [100.647267, 1.777172], [100.647264, 1.777226], [100.647266, 1.777263], [100.647263, 1.777284], [100.647269, 1.777323], [100.647258, 1.777339], [100.647256, 1.777366], [100.647247, 1.777745], [100.647247, 1.777752], [100.647252, 1.777757], [100.647247, 1.777765], [100.647247, 1.777934], [100.647249, 1.778042], [100.64725, 1.778043], [100.647249, 1.778064], [100.64725, 1.778127], [100.647244, 1.778536], [100.647244, 1.778597], [100.647244, 1.778602], [100.647257, 1.778609], [100.647258, 1.778637], [100.647244, 1.778655], [100.647244, 1.778726], [100.647247, 1.778924], [100.647247, 1.778925], [100.647259, 1.779009], [100.647248, 1.779149], [100.647247, 1.779165], [100.647247, 1.779819], [100.647248, 1.779827], [100.647247, 1.779853], [100.647247, 1.780063], [100.647247, 1.780249], [100.647246, 1.780297], [100.647254, 1.780312], [100.647251, 1.78032], [100.647246, 1.780322], [100.647244, 1.780442], [100.647247, 1.780638], [100.647247, 1.780765], [100.647248, 1.780768], [100.647247, 1.780772], [100.647247, 1.780828], [100.647247, 1.780829], [100.647238, 1.781207]]], [[[100.647259, 1.774865], [100.647261, 1.774865], [100.647261, 1.774859], [100.647259, 1.774862], [100.647259, 1.774865]]]]}},
{"type": "Feature", "properties": {"ba_code": "3721", "blockid": "3721H44P20", "division": "01"}, "geometry": {"type": "MultiPolygon", "coordinates": [[[[100.652625, 1.80008], [100.652625, 1.800136], [100.652635, 1.800138], [100.652863, 1.800134], [100.652905, 1.800133], [100.652956, 1.800131], [100.653106, 1.800129], [100.65312, 1.800129], [100.655522, 1.800086], [100.65554, 1.800083], [100.65554, 1.800082], [100.65554, 1.800079], [100.655542, 1.800063], [100.655551, 1.799981], [100.655563, 1.798164], [100.65558, 1.796599], [100.655621, 1.792769], [100.655606, 1.790981], [100.65558, 1.790953], [100.655331, 1.790957], [100.652943, 1.791002], [100.652942, 1.791002], [100.652922, 1.791002], [100.652926, 1.791047], [100.652926, 1.79105], [100.652926, 1.791051], [100.652919, 1.791431], [100.652907, 1.791807], [100.6529, 1.792104], [100.652888, 1.792674], [100.652876, 1.793065], [100.652876, 1.793077], [100.652865, 1.793448], [100.652855, 1.793921], [100.652838, 1.794395], [100.652821, 1.795064], [100.652811, 1.795349], [100.652803, 1.795637], [100.652792, 1.795921], [100.652783, 1.796206], [100.652771, 1.796491], [100.652765, 1.796779], [100.652755, 1.797162], [100.652744, 1.79745], [100.652725, 1.797923], [100.652725, 1.797924], [100.652714, 1.798146], [100.652706, 1.798335], [100.652694, 1.798626], [100.652685, 1.798825], [100.652685, 1.798826], [100.652666, 1.799221], [100.652652, 1.799508], [100.652641, 1.799698], [100.652634, 1.799888], [100.652625, 1.80008]]]]}},
{"type": "Feature", "properties": {"ba_code": "3721", "blockid": "3721K56P06", "division": "05"}, "geometry": {"type": "MultiPolygon", "coordinates": [[[[100.685996, 1.819942], [100.685996, 1.819967], [100.685996, 1.822331], [100.685996, 1.822364], [100.686135, 1.822229], [100.688422, 1.820651], [100.688491, 1.820613], [100.688491, 1.820583], [100.688495, 1.820182], [100.688501, 1.820141], [100.688501, 1.820119], [100.688501, 1.820116], [100.688519, 1.819925], [100.688519, 1.819909], [100.688513, 1.81991], [100.68851, 1.81991], [100.686005, 1.819942], [100.686004, 1.819942], [100.685996, 1.819942]]]]}},
{"type": "Feature", "properties": {"ba_code": "3721", "blockid": "3721D49P20", "division": "02"}, "geometry": {"type": "MultiPolygon", "coordinates": [[[[100.668518, 1.75512], [100.668518, 1.756329], [100.668518, 1.75708], [100.66748, 1.75708], [100.666371, 1.75708], [100.666374, 1.757253], [100.666374, 1.757611], [100.666371, 1.757955], [100.666372, 1.758302], [100.666374, 1.758502], [100.666376, 1.758635], [100.666373, 1.75895], [100.666376, 1.759214], [100.666371, 1.759396], [100.666371, 1.75953], [100.666371, 1.759618], [100.666373, 1.759655], [100.666375, 1.761042], [100.666374, 1.761044], [100.666374, 1.761058], [100.666364, 1.762603], [100.666355, 1.764085], [100.666743, 1.764088], [100.666881, 1.764089], [100.667211, 1.764091], [100.66738, 1.764092], [100.667903, 1.764096], [100.668092, 1.764095], [100.668503, 1.764098], [100.668697, 1.764101], [100.668917, 1.764103], [100.669083, 1.764097], [100.669083, 1.764093], [100.669081, 1.763995], [100.66908, 1.763947], [100.66908, 1.763946], [100.66908, 1.763945], [100.669086, 1.763753], [100.669086, 1.763187], [100.669084, 1.763088], [100.669085, 1.76299], [100.669085, 1.762323], [100.669086, 1.761469], [100.669083, 1.760576], [100.669078, 1.760443], [100.66908, 1.760241], [100.669079, 1.760129], [100.669079, 1.758704], [100.669078, 1.757376], [100.669075, 1.756156], [100.669075, 1.755918], [100.669075, 1.755917], [100.66908, 1.755707], [100.66908, 1.755706], [100.669086, 1.7556], [100.669094, 1.755402], [100.669095, 1.755245], [100.669094, 1.755215], [100.669094, 1.755197], [100.669088, 1.75514], [100.669085, 1.75512], [100.66906, 1.75512], [100.669024, 1.75512], [100.66892, 1.75512], [100.668518, 1.75512]]]]}},
{"type": "Feature", "properties": {"ba_code": "3721", "blockid": "3721G58P01", "division": "03"}, "geometry": {"type": "MultiPolygon", "coordinates": [[[[100.691252, 1.782281], [100.691286, 1.785361], [100.691309, 1.788035], [100.691332, 1.789921], [100.691347, 1.790763], [100.691372, 1.790832], [100.691375, 1.790839], [100.691417, 1.79084], [100.69305, 1.790838], [100.693052, 1.790838], [100.69359, 1.790868], [100.693852, 1.790856], [100.693854, 1.790856], [100.693857, 1.790856], [100.694062, 1.79087], [100.694089, 1.788862], [100.694135, 1.785192], [100.694149, 1.783861], [100.69415, 1.783767], [100.694173, 1.781699], [100.691849, 1.781733], [100.69126, 1.78175], [100.691261, 1.781754], [100.691262, 1.781765], [100.691262, 1.781766], [100.691254, 1.782013], [100.691252, 1.782281]]]]}},
{"type": "Feature", "properties": {"ba_code": "3721", "blockid": "3721H49P18", "division": "04"}, "geometry": {"type": "MultiPolygon", "coordinates": [[[[100.666429, 1.799684], [100.666443, 1.799683], [100.669114, 1.799705], [100.669146, 1.796165], [100.669145, 1.795892], [100.66915, 1.795465], [100.669153, 1.795048], [100.669152, 1.794633], [100.669152, 1.794632], [100.669161, 1.794237], [100.669164, 1.793863], [100.669164, 1.793513], [100.669164, 1.793512], [100.669171, 1.793141], [100.669173, 1.792754], [100.669173, 1.792397], [100.669173, 1.792396], [100.669182, 1.792019], [100.669185, 1.791642], [100.669187, 1.791287], [100.66919, 1.791004], [100.669188, 1.790949], [100.669183, 1.790912], [100.669156, 1.790864], [100.666665, 1.790854], [100.666582, 1.790873], [100.666531, 1.790922], [100.666514, 1.790948], [100.666514, 1.791218], [100.666507, 1.791672], [100.666507, 1.791673], [100.666498, 1.792141], [100.666496, 1.792619], [100.666491, 1.793093], [100.666487, 1.793562], [100.666483, 1.794035], [100.666478, 1.794508], [100.666474, 1.794972], [100.666468, 1.795427], [100.666463, 1.795876], [100.66646, 1.796322], [100.666458, 1.796762], [100.666455, 1.797202], [100.66645, 1.797642], [100.666445, 1.798056], [100.666442, 1.798467], [100.666439, 1.798854], [100.666435, 1.799206], [100.666435, 1.799207], [100.66643, 1.799513], [100.666429, 1.799684]]]]}},
{"type": "Feature", "properties": {"ba_code": "3721", "blockid": "3721F57P99", "division": "03"}, "geometry": {"type": "MultiPolygon", "coordinates": [[[[100.688449, 1.781688], [100.690868, 1.781682], [100.691177, 1.781673], [100.691177, 1.781092], [100.691175, 1.781008], [100.69117, 1.780725], [100.691169, 1.780399], [100.691171, 1.780079], [100.691166, 1.779747], [100.691164, 1.779393], [100.691159, 1.779019], [100.69116, 1.778654], [100.691164, 1.778351], [100.691159, 1.77801], [100.691164, 1.777524], [100.691168, 1.777293], [100.691166, 1.776948], [100.691169, 1.776592], [100.691171, 1.776213], [100.691178, 1.775847], [100.691182, 1.775471], [100.691177, 1.775065], [100.691182, 1.774667], [100.691185, 1.774529], [100.691188, 1.773433], [100.691187, 1.77336], [100.691172, 1.77336], [100.689232, 1.773351], [100.688869, 1.773352], [100.688566, 1.773349], [100.688564, 1.773409], [100.688544, 1.774452], [100.688515, 1.775437], [100.688502, 1.776138], [100.688489, 1.776743], [100.688471, 1.777448], [100.688467, 1.777795], [100.688467, 1.777797], [100.688458, 1.777911], [100.688454, 1.77817], [100.688452, 1.779308], [100.688447, 1.78026], [100.688449, 1.781307], [100.688449, 1.781687], [100.688449, 1.781688]]]]}},
{"type": "Feature", "properties": {"ba_code": "3721", "blockid": "3721F60P02", "division": "03"}, "geometry": {"type": "MultiPolygon", "coordinates": [[[[100.696855, 1.773347], [100.696905, 1.775983], [100.696934, 1.776754], [100.696943, 1.777004], [100.696975, 1.777893], [100.696975, 1.777894], [100.696981, 1.778961], [100.696981, 1.778973], [100.696985, 1.779069], [100.696988, 1.779455], [100.696988, 1.779508], [100.696985, 1.779719], [100.696993, 1.78135], [100.696993, 1.781353], [100.696968, 1.781599], [100.698555, 1.781622], [100.699844, 1.781613], [100.699847, 1.780271], [100.699847, 1.780093], [100.699847, 1.779938], [100.699847, 1.779765], [100.699843, 1.779605], [100.699842, 1.779412], [100.699842, 1.779205], [100.699836, 1.779034], [100.699838, 1.778833], [100.699835, 1.778596], [100.699835, 1.778365], [100.699834, 1.77818], [100.699837, 1.777992], [100.699829, 1.777753], [100.69983, 1.777538], [100.699829, 1.777387], [100.699829, 1.777186], [100.69983, 1.776956], [100.699827, 1.776724], [100.699822, 1.77651], [100.699821, 1.776317], [100.699821, 1.776281], [100.699821, 1.775627], [100.699818, 1.775418], [100.699813, 1.775224], [100.699811, 1.775075], [100.699819, 1.773481], [100.699827, 1.773318], [100.696855, 1.773347]]]]}},
{"type": "Feature", "properties": {"ba_code": "3721", "blockid": "3721H52P92", "division": "04"}, "geometry": {"type": "MultiPolygon", "coordinates": [[[[100.67465, 1.79989], [100.67465, 1.799908], [100.674677, 1.799905], [100.67468, 1.799905], [100.675679, 1.799902], [100.675718, 1.799901], [100.675995, 1.799898], [100.676387, 1.799899], [100.677309, 1.799897], [100.677307, 1.799887], [100.67731, 1.799872], [100.677315, 1.799687], [100.677314, 1.799671], [100.677314, 1.799669], [100.677307, 1.799574], [100.677307, 1.799571], [100.677308, 1.798527], [100.677303, 1.798145], [100.677311, 1.797194], [100.677314, 1.796266], [100.677312, 1.796145], [100.677316, 1.796055], [100.677322, 1.795577], [100.677325, 1.794909], [100.677325, 1.794148], [100.677329, 1.793483], [100.677335, 1.792724], [100.677335, 1.792436], [100.677335, 1.791671], [100.677335, 1.791387], [100.67733, 1.790914], [100.677328, 1.79087], [100.674677, 1.79086], [100.674686, 1.790884], [100.674693, 1.790892], [100.674693, 1.790901], [100.6747, 1.790918], [100.674702, 1.79093], [100.674697, 1.791893], [100.674694, 1.792126], [100.674694, 1.792885], [100.674673, 1.794593], [100.674673, 1.795732], [100.674662, 1.796873], [100.674659, 1.797635], [100.674659, 1.798204], [100.67465, 1.798777], [100.67465, 1.799725], [100.67465, 1.79989]]]]}},
{"type": "Feature", "properties": {"ba_code": "3721", "blockid": "3721G52P91", "division": "03"}, "geometry": {"type": "MultiPolygon", "coordinates": [[[[100.674707, 1.79078], [100.677339, 1.790789], [100.677351, 1.790789], [100.677346, 1.790772], [100.677346, 1.790764], [100.677342, 1.790381], [100.677338, 1.789619], [100.677341, 1.789052], [100.677338, 1.788386], [100.677338, 1.788385], [100.677345, 1.787884], [100.677341, 1.787748], [100.677341, 1.787747], [100.677346, 1.787269], [100.677351, 1.786602], [100.677351, 1.785543], [100.677355, 1.784777], [100.677355, 1.784776], [100.677371, 1.784021], [100.677373, 1.783452], [100.677368, 1.782691], [100.677377, 1.782026], [100.677377, 1.782024], [100.677383, 1.781929], [100.67738, 1.781836], [100.677378, 1.78182], [100.677375, 1.78178], [100.674762, 1.781787], [100.67472, 1.781787], [100.674711, 1.782394], [100.674704, 1.783221], [100.674705, 1.78336], [100.674704, 1.783606], [100.674703, 1.783766], [100.674705, 1.78468], [100.674702, 1.785076], [100.674702, 1.785077], [100.674701, 1.785091], [100.674701, 1.785159], [100.674696, 1.785338], [100.674711, 1.786223], [100.674711, 1.786224], [100.674708, 1.787937], [100.674702, 1.789304], [100.674702, 1.789305], [100.674694, 1.789721], [100.674694, 1.789969], [100.674694, 1.790174], [100.6747, 1.790388], [100.6747, 1.790389], [100.6747, 1.79039], [100.674692, 1.79065], [100.674708, 1.790774], [100.674708, 1.790778], [100.674707, 1.79078]]]]}},
{"type": "Feature", "properties": {"ba_code": "3721", "blockid": "3721G56P97", "division": "03"}, "geometry": {"type": "MultiPolygon", "coordinates": [[[[100.685707, 1.781856], [100.685707, 1.78197], [100.685716, 1.782348], [100.685745, 1.783685], [100.685745, 1.783686], [100.685745, 1.783844], [100.685748, 1.784413], [100.68576, 1.784798], [100.68576, 1.784799], [100.68576, 1.785185], [100.685769, 1.785563], [100.685769, 1.785564], [100.685777, 1.786137], [100.685792, 1.786716], [100.685801, 1.787095], [100.685801, 1.787096], [100.685801, 1.787482], [100.685821, 1.788821], [100.685839, 1.789208], [100.685839, 1.789209], [100.685842, 1.789797], [100.685847, 1.790616], [100.685862, 1.790817], [100.685909, 1.790817], [100.68591, 1.790817], [100.687763, 1.790815], [100.687764, 1.790815], [100.688478, 1.79083], [100.688479, 1.790822], [100.688469, 1.789783], [100.688449, 1.787782], [100.688454, 1.78735], [100.688452, 1.787262], [100.688455, 1.787078], [100.688457, 1.786927], [100.688459, 1.786872], [100.688466, 1.78626], [100.688466, 1.786259], [100.688474, 1.785933], [100.688471, 1.785555], [100.688455, 1.785101], [100.688447, 1.784908], [100.68844, 1.784622], [100.688433, 1.784333], [100.688433, 1.784332], [100.688421, 1.783577], [100.688409, 1.783095], [100.688395, 1.782621], [100.688395, 1.78262], [100.688395, 1.782052], [100.68839, 1.781913], [100.688373, 1.781776], [100.688373, 1.781775], [100.688372, 1.78177], [100.688366, 1.781769], [100.687874, 1.78177], [100.685708, 1.781772], [100.685707, 1.781856]]]]}},
{"type": "Feature", "properties": {"ba_code": "3721", "blockid": "3721J56P06", "division": "04"}, "geometry": {"type": "MultiPolygon", "coordinates": [[[[100.688577, 1.809223], [100.688467, 1.809226], [100.68606, 1.809249], [100.685992, 1.818419], [100.685995, 1.819471], [100.685996, 1.819576], [100.685996, 1.819862], [100.686004, 1.819862], [100.688507, 1.81983], [100.688519, 1.819829], [100.688519, 1.819808], [100.688577, 1.809223]]]]}},
{"type": "Feature", "properties": {"ba_code": "3721", "blockid": "3721E54P97", "division": "02"}, "geometry": {"type": "MultiPolygon", "coordinates": [[[[100.680224, 1.76403], [100.680228, 1.76415], [100.680228, 1.764151], [100.680229, 1.765193], [100.680231, 1.766148], [100.680235, 1.7672], [100.680241, 1.76865], [100.680245, 1.770263], [100.68025, 1.771594], [100.680257, 1.77217], [100.680258, 1.773029], [100.680262, 1.773199], [100.680266, 1.77327], [100.68168, 1.773255], [100.68169, 1.773255], [100.682647, 1.773245], [100.682912, 1.773248], [100.682912, 1.773225], [100.682908, 1.772601], [100.682908, 1.772599], [100.682908, 1.772588], [100.682907, 1.771753], [100.682905, 1.771674], [100.682906, 1.77137], [100.682902, 1.768259], [100.682914, 1.766283], [100.682914, 1.766261], [100.682915, 1.765852], [100.682917, 1.76577], [100.682908, 1.764101], [100.682908, 1.764034], [100.682908, 1.763996], [100.682879, 1.763996], [100.680224, 1.76403]], [[100.682901, 1.773231], [100.682906, 1.773231], [100.682908, 1.773228], [100.682906, 1.773232], [100.682901, 1.773231]]]]}},
{"type": "Feature", "properties": {"ba_code": "3721", "blockid": "3721K51P02", "division": "05"}, "geometry": {"type": "MultiPolygon", "coordinates": [[[[100.671866, 1.82797], [100.672275, 1.827811], [100.674128, 1.827139], [100.674135, 1.82683], [100.674148, 1.826539], [100.674221, 1.824164], [100.674223, 1.824121], [100.674223, 1.824117], [100.674223, 1.823016], [100.674222, 1.822951], [100.674222, 1.820133], [100.674063, 1.820134], [100.672729, 1.820141], [100.672717, 1.820141], [100.67193, 1.820145], [100.671914, 1.820145], [100.671913, 1.820149], [100.671899, 1.822004], [100.671887, 1.825003], [100.671886, 1.825336], [100.671884, 1.825761], [100.67188, 1.82581], [100.671879, 1.825816], [100.671875, 1.825829], [100.671868, 1.825837], [100.671785, 1.825906], [100.671801, 1.826324], [100.671818, 1.826714], [100.671836, 1.827299], [100.671862, 1.827871], [100.671866, 1.82797]]]]}},
{"type": "Feature", "properties": {"ba_code": "3721", "blockid": "3721G43P90", "division": "01"}, "geometry": {"type": "MultiPolygon", "coordinates": [[[[100.650055, 1.781996], [100.650066, 1.782013], [100.650068, 1.782016], [100.65007, 1.782019], [100.650083, 1.782048], [100.650085, 1.782061], [100.650085, 1.782065], [100.650082, 1.782091], [100.650078, 1.782103], [100.650067, 1.782114], [100.650062, 1.782116], [100.65006, 1.782117], [100.650069, 1.78269], [100.650085, 1.783055], [100.650096, 1.783355], [100.650098, 1.783356], [100.650097, 1.783359], [100.650117, 1.783892], [100.650117, 1.783893], [100.650119, 1.784266], [100.650121, 1.784271], [100.650119, 1.784278], [100.65012, 1.784557], [100.650131, 1.78473], [100.650131, 1.784732], [100.650135, 1.785112], [100.650135, 1.785115], [100.650108, 1.785457], [100.650112, 1.786184], [100.650112, 1.787137], [100.650104, 1.788279], [100.650116, 1.788851], [100.650125, 1.789326], [100.650138, 1.789999], [100.650138, 1.79], [100.650139, 1.790964], [100.650139, 1.790965], [100.650144, 1.790965], [100.650882, 1.790965], [100.651875, 1.790939], [100.65279, 1.790923], [100.652851, 1.790908], [100.652852, 1.790728], [100.652852, 1.790635], [100.652848, 1.790447], [100.652848, 1.790446], [100.652848, 1.790161], [100.652847, 1.789973], [100.652848, 1.789591], [100.652848, 1.78959], [100.652861, 1.789307], [100.652861, 1.789306], [100.652873, 1.78911], [100.652879, 1.788916], [100.652877, 1.788729], [100.652866, 1.788391], [100.652866, 1.78839], [100.652863, 1.788196], [100.652855, 1.787999], [100.652844, 1.787807], [100.652844, 1.787805], [100.652845, 1.787714], [100.652835, 1.787439], [100.652835, 1.787438], [100.652832, 1.787222], [100.652832, 1.787033], [100.65283, 1.786841], [100.652826, 1.786648], [100.652826, 1.786647], [100.652829, 1.786457], [100.652826, 1.786053], [100.65282, 1.785766], [100.652803, 1.785191], [100.652803, 1.78519], [100.6528, 1.784716], [100.652791, 1.783783], [100.652794, 1.783399], [100.652793, 1.783021], [100.652778, 1.782636], [100.652771, 1.782352], [100.652765, 1.78227], [100.652765, 1.782268], [100.652765, 1.782267], [100.652767, 1.782138], [100.652756, 1.781935], [100.652754, 1.781935], [100.652753, 1.781935], [100.652152, 1.781933], [100.651507, 1.781955], [100.651132, 1.781964], [100.650523, 1.781978], [100.650118, 1.781994], [100.6501, 1.781994], [100.650055, 1.781996]]]]}},
{"type": "Feature", "properties": {"ba_code": "3721", "blockid": "3721E57P98", "division": "02"}, "geometry": {"type": "MultiPolygon", "coordinates": [[[[100.688499, 1.763964], [100.688506, 1.764533], [100.688511, 1.76473], [100.688511, 1.764731], [100.688512, 1.765071], [100.688513, 1.76508], [100.688517, 1.765678], [100.688517, 1.765785], [100.688524, 1.76625], [100.688525, 1.766322], [100.688526, 1.766322], [100.688526, 1.766346], [100.68854, 1.767019], [100.68854, 1.76702], [100.68856, 1.768547], [100.688578, 1.769505], [100.688578, 1.769506], [100.688596, 1.771146], [100.688613, 1.77232], [100.688623, 1.773188], [100.688623, 1.773189], [100.688621, 1.773267], [100.688645, 1.773268], [100.690838, 1.773278], [100.691187, 1.77328], [100.691194, 1.772949], [100.691224, 1.769008], [100.691224, 1.768943], [100.691224, 1.768897], [100.691224, 1.768453], [100.691223, 1.768001], [100.691226, 1.767778], [100.691228, 1.766751], [100.691227, 1.766703], [100.691227, 1.766314], [100.691228, 1.766314], [100.691229, 1.765931], [100.691229, 1.763882], [100.691229, 1.763871], [100.691143, 1.763873], [100.691141, 1.763873], [100.689161, 1.763903], [100.688501, 1.763913], [100.688499, 1.763964]]]]}},
{"type": "Feature", "properties": {"ba_code": "3721", "blockid": "3721C50P92", "division": "02"}, "geometry": {"type": "MultiPolygon", "coordinates": [[[[100.669126, 1.754844], [100.669135, 1.755041], [100.671812, 1.755064], [100.671931, 1.755063], [100.671955, 1.752759], [100.671957, 1.752752], [100.671937, 1.75274], [100.671992, 1.750574], [100.671994, 1.750561], [100.670317, 1.749116], [100.66912, 1.749315], [100.669118, 1.751018], [100.669119, 1.751073], [100.66913, 1.751059], [100.669121, 1.752098], [100.669119, 1.752629], [100.669116, 1.753107], [100.669122, 1.754256], [100.669124, 1.75464], [100.669126, 1.754844]]]]}},
{"type": "Feature", "properties": {"ba_code": "3721", "blockid": "3721H40P89", "division": "01"}, "geometry": {"type": "MultiPolygon", "coordinates": [[[[100.641486, 1.800082], [100.641494, 1.800255], [100.641569, 1.800292], [100.641819, 1.800285], [100.643303, 1.800261], [100.644383, 1.800238], [100.644384, 1.800238], [100.644385, 1.800238], [100.644385, 1.800229], [100.644388, 1.800157], [100.644388, 1.800153], [100.644387, 1.799918], [100.64439, 1.799677], [100.64439, 1.799432], [100.644382, 1.799355], [100.644386, 1.799161], [100.64439, 1.798967], [100.644392, 1.798946], [100.644396, 1.798391], [100.644401, 1.797813], [100.644402, 1.797613], [100.644399, 1.797417], [100.644403, 1.797131], [100.644404, 1.796872], [100.644403, 1.796609], [100.644405, 1.796308], [100.644407, 1.796069], [100.644413, 1.79445], [100.644413, 1.794441], [100.644414, 1.794154], [100.644414, 1.794123], [100.644414, 1.794078], [100.644416, 1.793707], [100.644415, 1.79365], [100.644415, 1.793374], [100.644415, 1.793151], [100.644414, 1.792985], [100.644414, 1.792759], [100.644418, 1.792521], [100.644418, 1.792308], [100.644414, 1.792083], [100.644416, 1.791714], [100.644416, 1.791668], [100.644415, 1.791442], [100.644422, 1.791376], [100.644422, 1.791198], [100.644413, 1.7912], [100.641593, 1.791224], [100.641594, 1.791242], [100.641595, 1.791241], [100.641595, 1.791242], [100.641596, 1.791245], [100.641595, 1.791247], [100.641591, 1.79126], [100.641589, 1.791344], [100.64159, 1.791565], [100.64159, 1.791847], [100.641592, 1.792151], [100.641592, 1.792485], [100.641588, 1.792818], [100.641586, 1.793115], [100.641586, 1.793403], [100.641577, 1.793692], [100.641573, 1.794002], [100.641568, 1.794328], [100.641558, 1.794667], [100.641547, 1.795019], [100.641541, 1.795383], [100.641532, 1.79575], [100.641522, 1.796125], [100.64151, 1.796513], [100.641506, 1.796913], [100.641506, 1.797318], [100.641504, 1.797741], [100.641499, 1.798161], [100.641495, 1.798559], [100.641494, 1.798768], [100.641492, 1.798774], [100.641493, 1.798773], [100.641495, 1.798843], [100.641496, 1.799087], [100.6415, 1.799404], [100.641493, 1.799746], [100.641486, 1.800082]]]]}},
{"type": "Feature", "properties": {"ba_code": "3721", "blockid": "3721I56P01", "division": "04"}, "geometry": {"type": "MultiPolygon", "coordinates": [[[[100.68597, 1.799898], [100.685988, 1.800172], [100.685988, 1.800173], [100.686002, 1.800552], [100.686002, 1.800553], [100.686005, 1.800945], [100.686005, 1.801707], [100.686011, 1.802095], [100.686011, 1.802478], [100.686014, 1.802857], [100.686014, 1.803429], [100.686023, 1.804389], [100.686017, 1.804781], [100.686023, 1.805147], [100.686023, 1.805148], [100.686031, 1.80629], [100.686037, 1.806678], [100.686037, 1.806868], [100.686043, 1.807268], [100.686043, 1.807644], [100.68604, 1.808403], [100.686047, 1.808607], [100.686047, 1.808608], [100.686056, 1.809167], [100.688467, 1.809146], [100.688578, 1.809146], [100.688572, 1.809045], [100.688572, 1.809043], [100.688574, 1.807725], [100.688576, 1.80687], [100.688572, 1.805824], [100.688558, 1.805353], [100.688558, 1.805352], [100.688558, 1.805349], [100.688567, 1.805241], [100.688573, 1.805051], [100.688572, 1.804767], [100.688569, 1.804646], [100.688569, 1.804645], [100.688569, 1.804643], [100.688574, 1.804548], [100.688576, 1.804454], [100.688574, 1.804358], [100.688564, 1.80406], [100.688564, 1.804059], [100.688564, 1.804058], [100.688567, 1.803966], [100.688567, 1.803777], [100.688567, 1.803578], [100.688563, 1.803006], [100.688554, 1.802532], [100.688554, 1.802531], [100.688554, 1.802056], [100.688563, 1.801107], [100.688553, 1.800534], [100.688553, 1.800533], [100.68855, 1.799968], [100.688546, 1.799926], [100.68854, 1.799868], [100.687527, 1.799877], [100.685978, 1.799898], [100.685977, 1.799898], [100.685973, 1.799898], [100.68597, 1.799898]]]]}},
{"type": "Feature", "properties": {"ba_code": "3721", "blockid": "3721G59P05", "division": "03"}, "geometry": {"type": "MultiPolygon", "coordinates": [[[[100.69685, 1.785853], [100.696858, 1.785116], [100.69687, 1.783994], [100.696889, 1.782214], [100.69689, 1.782198], [100.696895, 1.7817], [100.696895, 1.781697], [100.696897, 1.781677], [100.694384, 1.781696], [100.694235, 1.781698], [100.694197, 1.785192], [100.694151, 1.788862], [100.694124, 1.790872], [100.694575, 1.790875], [100.694576, 1.790875], [100.695163, 1.790891], [100.695904, 1.790901], [100.696281, 1.790911], [100.696788, 1.790917], [100.696797, 1.790188], [100.69683, 1.787496], [100.696847, 1.78608], [100.69685, 1.785853]]]]}},
{"type": "Feature", "properties": {"ba_code": "3721", "blockid": "3721F48P18", "division": "03"}, "geometry": {"type": "MultiPolygon", "coordinates": [[[[100.66371, 1.781727], [100.663715, 1.781739], [100.665213, 1.781751], [100.666303, 1.781756], [100.666385, 1.781713], [100.666386, 1.781713], [100.6664, 1.781706], [100.666408, 1.780643], [100.666397, 1.778522], [100.666378, 1.774534], [100.666365, 1.774329], [100.666359, 1.774292], [100.666321, 1.77411], [100.666264, 1.7739], [100.666164, 1.773503], [100.666141, 1.773439], [100.666134, 1.773436], [100.66613, 1.773431], [100.665926, 1.773416], [100.665707, 1.773408], [100.665192, 1.773409], [100.664983, 1.773413], [100.664713, 1.773419], [100.664712, 1.773419], [100.664711, 1.773419], [100.664411, 1.773414], [100.664055, 1.773413], [100.663717, 1.77342], [100.663688, 1.77344], [100.663667, 1.773447], [100.663665, 1.773446], [100.663597, 1.773495], [100.663605, 1.774282], [100.66361, 1.774436], [100.663619, 1.774836], [100.663619, 1.774837], [100.663614, 1.775153], [100.663622, 1.775882], [100.663631, 1.776107], [100.663631, 1.776108], [100.663636, 1.77653], [100.663633, 1.77687], [100.663634, 1.777037], [100.663642, 1.777345], [100.663642, 1.777346], [100.663647, 1.777758], [100.663651, 1.778177], [100.663652, 1.778572], [100.66366, 1.778974], [100.66366, 1.778975], [100.663666, 1.779421], [100.66367, 1.779877], [100.66367, 1.780298], [100.663676, 1.780698], [100.663675, 1.780903], [100.663679, 1.781281], [100.663681, 1.781368], [100.663687, 1.78167], [100.66371, 1.781727]]]]}},
{"type": "Feature", "properties": {"ba_code": "3721", "blockid": "3721E51P91", "division": "02"}, "geometry": {"type": "MultiPolygon", "coordinates": [[[[100.67186, 1.77327], [100.67186, 1.773307], [100.671861, 1.77331], [100.671861, 1.773312], [100.671862, 1.773317], [100.671871, 1.773318], [100.6746, 1.77332], [100.6746, 1.773318], [100.674597, 1.773304], [100.674597, 1.773298], [100.674597, 1.772916], [100.674594, 1.772511], [100.674595, 1.772467], [100.674597, 1.771795], [100.674597, 1.771298], [100.674596, 1.771009], [100.674595, 1.770691], [100.674593, 1.770391], [100.674597, 1.770212], [100.674597, 1.770189], [100.674599, 1.769766], [100.674593, 1.76961], [100.674601, 1.768669], [100.674603, 1.76863], [100.674603, 1.768472], [100.674603, 1.768471], [100.674611, 1.768267], [100.674617, 1.76788], [100.674617, 1.767878], [100.674621, 1.76781], [100.674629, 1.767587], [100.674629, 1.767527], [100.674615, 1.767081], [100.674613, 1.766709], [100.674606, 1.76586], [100.674608, 1.765761], [100.674611, 1.765446], [100.674606, 1.764735], [100.674622, 1.764352], [100.674624, 1.764293], [100.674626, 1.764191], [100.674627, 1.764114], [100.674627, 1.764111], [100.674628, 1.764076], [100.674628, 1.764069], [100.672246, 1.764079], [100.671907, 1.764081], [100.671907, 1.76409], [100.671907, 1.764574], [100.671906, 1.764737], [100.671905, 1.765462], [100.671901, 1.765718], [100.671899, 1.76595], [100.671905, 1.766167], [100.671902, 1.76626], [100.671889, 1.767156], [100.671886, 1.767759], [100.671888, 1.767798], [100.671893, 1.768143], [100.671888, 1.768388], [100.671882, 1.768493], [100.671881, 1.76875], [100.671882, 1.76914], [100.671881, 1.769387], [100.671883, 1.769636], [100.671879, 1.769847], [100.671872, 1.772118], [100.671867, 1.772297], [100.671863, 1.772767], [100.671866, 1.77308], [100.671866, 1.773081], [100.67186, 1.77327]]]]}},
{"type": "Feature", "properties": {"ba_code": "3721", "blockid": "3721F47P89", "division": "03"}, "geometry": {"type": "MultiPolygon", "coordinates": [[[[100.661022, 1.775428], [100.661028, 1.776566], [100.661028, 1.777325], [100.661028, 1.778084], [100.661034, 1.778855], [100.661034, 1.779614], [100.66104, 1.780379], [100.661051, 1.781067], [100.661051, 1.781068], [100.661051, 1.781069], [100.66104, 1.781453], [100.66104, 1.78176], [100.661042, 1.78176], [100.661047, 1.78176], [100.661052, 1.78176], [100.661171, 1.781774], [100.661729, 1.78177], [100.661945, 1.781761], [100.661947, 1.781761], [100.662512, 1.781757], [100.66295, 1.781735], [100.662951, 1.781735], [100.663728, 1.781722], [100.663729, 1.781722], [100.663735, 1.781722], [100.663741, 1.781723], [100.663742, 1.781707], [100.663738, 1.781554], [100.66374, 1.781515], [100.663731, 1.780828], [100.66372, 1.78083], [100.663726, 1.7808], [100.66373, 1.780758], [100.66373, 1.780742], [100.663729, 1.780716], [100.663728, 1.780643], [100.663727, 1.78055], [100.663727, 1.780545], [100.663725, 1.780434], [100.663726, 1.780434], [100.663726, 1.780432], [100.663719, 1.780429], [100.663724, 1.78041], [100.663726, 1.780396], [100.663724, 1.779658], [100.663719, 1.779663], [100.663704, 1.77965], [100.663704, 1.779643], [100.663716, 1.779625], [100.663724, 1.779586], [100.663723, 1.779402], [100.663721, 1.779212], [100.663704, 1.779198], [100.663721, 1.779178], [100.663721, 1.779141], [100.663717, 1.778792], [100.663716, 1.778754], [100.663716, 1.77867], [100.663715, 1.778639], [100.663703, 1.778598], [100.663716, 1.778589], [100.663713, 1.77828], [100.663698, 1.778154], [100.663711, 1.778135], [100.66371, 1.778024], [100.663709, 1.777925], [100.663706, 1.77773], [100.663707, 1.777723], [100.663707, 1.777715], [100.663694, 1.777705], [100.663696, 1.777693], [100.663707, 1.777682], [100.663705, 1.777598], [100.663704, 1.777521], [100.663701, 1.777336], [100.6637, 1.77726], [100.663694, 1.777257], [100.663694, 1.777255], [100.663693, 1.777248], [100.663694, 1.776911], [100.663691, 1.776692], [100.663691, 1.776691], [100.663683, 1.775886], [100.663682, 1.775867], [100.663682, 1.775862], [100.663675, 1.775855], [100.663683, 1.775843], [100.663676, 1.775715], [100.663673, 1.775561], [100.66367, 1.775532], [100.663669, 1.775532], [100.663663, 1.775518], [100.663664, 1.775517], [100.66367, 1.775504], [100.663671, 1.775419], [100.66367, 1.775391], [100.663665, 1.775261], [100.663659, 1.775089], [100.663613, 1.775047], [100.66344, 1.775054], [100.663222, 1.775052], [100.663035, 1.775047], [100.662884, 1.77501], [100.662826, 1.774892], [100.662802, 1.774784], [100.662707, 1.774735], [100.662618, 1.77473], [100.662341, 1.774725], [100.662185, 1.774727], [100.662149, 1.774732], [100.662146, 1.774727], [100.662106, 1.774741], [100.661851, 1.774729], [100.661597, 1.774738], [100.661341, 1.774738], [100.66113, 1.774742], [100.661028, 1.77475], [100.661022, 1.775428]]]]}},
{"type": "Feature", "properties": {"ba_code": "3721", "blockid": "3721J52P02", "division": "05"}, "geometry": {"type": "MultiPolygon", "coordinates": [[[[100.674286, 1.820055], [100.674291, 1.820055], [100.677097, 1.820044], [100.677099, 1.820044], [100.677101, 1.820044], [100.677101, 1.819777], [100.6771, 1.814187], [100.6771, 1.813933], [100.6771, 1.80939], [100.675058, 1.809411], [100.674505, 1.809418], [100.674443, 1.809422], [100.674442, 1.809447], [100.674401, 1.812343], [100.67436, 1.815441], [100.674359, 1.815518], [100.674355, 1.815793], [100.674355, 1.815794], [100.674351, 1.816008], [100.674286, 1.820055]]]]}},
{"type": "Feature", "properties": {"ba_code": "3721", "blockid": "3721F54P98", "division": "03"}, "geometry": {"type": "MultiPolygon", "coordinates": [[[[100.680259, 1.77338], [100.680266, 1.773759], [100.68027, 1.773954], [100.68027, 1.773955], [100.680274, 1.774908], [100.680273, 1.775193], [100.680271, 1.775385], [100.680276, 1.775524], [100.680276, 1.775525], [100.680276, 1.775717], [100.68028, 1.776472], [100.680286, 1.776757], [100.680286, 1.776758], [100.680289, 1.776997], [100.680289, 1.777005], [100.680289, 1.77702], [100.680293, 1.777368], [100.680296, 1.777486], [100.680295, 1.777563], [100.680296, 1.777612], [100.680299, 1.778092], [100.680299, 1.778375], [100.680303, 1.778479], [100.680303, 1.77848], [100.680303, 1.778617], [100.680306, 1.778911], [100.680303, 1.77917], [100.680306, 1.779522], [100.680313, 1.779751], [100.680311, 1.780025], [100.680309, 1.780189], [100.680308, 1.780752], [100.680311, 1.781508], [100.680308, 1.781695], [100.682872, 1.781694], [100.682899, 1.781693], [100.682901, 1.781161], [100.682901, 1.781146], [100.682903, 1.780823], [100.6829, 1.780376], [100.68289, 1.780345], [100.682891, 1.780344], [100.682896, 1.780341], [100.682898, 1.78034], [100.682887, 1.780335], [100.682904, 1.778776], [100.682905, 1.778663], [100.682904, 1.778162], [100.682898, 1.778152], [100.68289, 1.779962], [100.682309, 1.779961], [100.682306, 1.779706], [100.681543, 1.77969], [100.681514, 1.778626], [100.681687, 1.778617], [100.681641, 1.77743], [100.681406, 1.777449], [100.681372, 1.776629], [100.681647, 1.776605], [100.681628, 1.776126], [100.682073, 1.776116], [100.682054, 1.773347], [100.682054, 1.773341], [100.681349, 1.773353], [100.680262, 1.773364], [100.680259, 1.77338]]], [[[100.682791, 1.773329], [100.682918, 1.77333], [100.682918, 1.773327], [100.682791, 1.773329]]]]}},
{"type": "Feature", "properties": {"ba_code": "3721", "blockid": "3721K43P01", "division": "05"}, "geometry": {"type": "MultiPolygon", "coordinates": [[[[100.6494, 1.823657], [100.649451, 1.826664], [100.649456, 1.826686], [100.649452, 1.826696], [100.649457, 1.826979], [100.649459, 1.826987], [100.649457, 1.826994], [100.649457, 1.827002], [100.649458, 1.82707], [100.649459, 1.827072], [100.649458, 1.827073], [100.649459, 1.827099], [100.649459, 1.827108], [100.64946, 1.827149], [100.64946, 1.82715], [100.64946, 1.827154], [100.649461, 1.827223], [100.649469, 1.827242], [100.649461, 1.82725], [100.649464, 1.827407], [100.649467, 1.827534], [100.649467, 1.827554], [100.650415, 1.827544], [100.650415, 1.827545], [100.651851, 1.827531], [100.651854, 1.827531], [100.651854, 1.82753], [100.651891, 1.825809], [100.651921, 1.824719], [100.652029, 1.82013], [100.652033, 1.820116], [100.652033, 1.82011], [100.652026, 1.82011], [100.650247, 1.820098], [100.649705, 1.820105], [100.649704, 1.820111], [100.649704, 1.820122], [100.649709, 1.820144], [100.649704, 1.820147], [100.649715, 1.820143], [100.649761, 1.820154], [100.649788, 1.820208], [100.649759, 1.820239], [100.649732, 1.820247], [100.649727, 1.820276], [100.649721, 1.820287], [100.649728, 1.820298], [100.649753, 1.82034], [100.649712, 1.820389], [100.649689, 1.820394], [100.649674, 1.820406], [100.649676, 1.820418], [100.649672, 1.820457], [100.649654, 1.820482], [100.649651, 1.820481], [100.649659, 1.820497], [100.649665, 1.820532], [100.649679, 1.820567], [100.649678, 1.820587], [100.649674, 1.820594], [100.649698, 1.820638], [100.649708, 1.820661], [100.649712, 1.820694], [100.649733, 1.820697], [100.649748, 1.820743], [100.649759, 1.820772], [100.649787, 1.820809], [100.649795, 1.820863], [100.649777, 1.820889], [100.649788, 1.820913], [100.649763, 1.820945], [100.649734, 1.820967], [100.649745, 1.820999], [100.649764, 1.821038], [100.649769, 1.821103], [100.649757, 1.821146], [100.649753, 1.821153], [100.649747, 1.821164], [100.649767, 1.821173], [100.64978, 1.821205], [100.649796, 1.82124], [100.649786, 1.821294], [100.649755, 1.821327], [100.649737, 1.821344], [100.649742, 1.821371], [100.649759, 1.821396], [100.64977, 1.821445], [100.64975, 1.821489], [100.649771, 1.821516], [100.649745, 1.821565], [100.64975, 1.82156], [100.649748, 1.821606], [100.649734, 1.821641], [100.649719, 1.821672], [100.649724, 1.821706], [100.649721, 1.821737], [100.649722, 1.821756], [100.649746, 1.821799], [100.649737, 1.821847], [100.649737, 1.821857], [100.649791, 1.821887], [100.649799, 1.821934], [100.649826, 1.821961], [100.649861, 1.822003], [100.64989, 1.822032], [100.649906, 1.822084], [100.649915, 1.822128], [100.64991, 1.822145], [100.649895, 1.822177], [100.649874, 1.822213], [100.64985, 1.82227], [100.649845, 1.822275], [100.649847, 1.822338], [100.649781, 1.82237], [100.649754, 1.822372], [100.649749, 1.822378], [100.649748, 1.822422], [100.649751, 1.822465], [100.649743, 1.822491], [100.649751, 1.822602], [100.649807, 1.822645], [100.649847, 1.822662], [100.649873, 1.822668], [100.649888, 1.822674], [100.649935, 1.822706], [100.649935, 1.822736], [100.649939, 1.822767], [100.649945, 1.822788], [100.649976, 1.822797], [100.649999, 1.82285], [100.649983, 1.82288], [100.649998, 1.82288], [100.65003, 1.822907], [100.650025, 1.822948], [100.650022, 1.822961], [100.650021, 1.822961], [100.65002, 1.822959], [100.650026, 1.822983], [100.650022, 1.823023], [100.650022, 1.823063], [100.650004, 1.823101], [100.649993, 1.823135], [100.649981, 1.823158], [100.649941, 1.823176], [100.649917, 1.823225], [100.64988, 1.823266], [100.649851, 1.823277], [100.649856, 1.823293], [100.649854, 1.823316], [100.649832, 1.823337], [100.649828, 1.82335], [100.649822, 1.823386], [100.649783, 1.823422], [100.649769, 1.823418], [100.649768, 1.823422], [100.649744, 1.823442], [100.649739, 1.823473], [100.649712, 1.823505], [100.649667, 1.823552], [100.649612, 1.823574], [100.649554, 1.823561], [100.649512, 1.823533], [100.649473, 1.823533], [100.649458, 1.823548], [100.649442, 1.823561], [100.649421, 1.823582], [100.649402, 1.823592], [100.649402, 1.823618], [100.649402, 1.823654], [100.6494, 1.823657]]]]}},
{"type": "Feature", "properties": {"ba_code": "3721", "blockid": "3721I48P18", "division": "04"}, "geometry": {"type": "MultiPolygon", "coordinates": [[[[100.663819, 1.800099], [100.663821, 1.800104], [100.663823, 1.80012], [100.663823, 1.800124], [100.663822, 1.800153], [100.663822, 1.800187], [100.663822, 1.80022], [100.663824, 1.80026], [100.663824, 1.800261], [100.663825, 1.800304], [100.663829, 1.800353], [100.66383, 1.800355], [100.66383, 1.800408], [100.66383, 1.800409], [100.66383, 1.800411], [100.663824, 1.800466], [100.663824, 1.800523], [100.663822, 1.80058], [100.663822, 1.800636], [100.663829, 1.800695], [100.66383, 1.800698], [100.663831, 1.800757], [100.663831, 1.800758], [100.663831, 1.800762], [100.663823, 1.800817], [100.663825, 1.800878], [100.663827, 1.800943], [100.663828, 1.80101], [100.663829, 1.80108], [100.663829, 1.801152], [100.663829, 1.801153], [100.663829, 1.801228], [100.66383, 1.801304], [100.66383, 1.801305], [100.66383, 1.801306], [100.663827, 1.801378], [100.663829, 1.801452], [100.663829, 1.801453], [100.66383, 1.801526], [100.663832, 1.801599], [100.663836, 1.801674], [100.663836, 1.801675], [100.663836, 1.801748], [100.663842, 1.801825], [100.663842, 1.801827], [100.663842, 1.80183], [100.663832, 1.801902], [100.663833, 1.801974], [100.663834, 1.802048], [100.663834, 1.802049], [100.663833, 1.802122], [100.663832, 1.802194], [100.663831, 1.802267], [100.663831, 1.802268], [100.663829, 1.802341], [100.663827, 1.802414], [100.663825, 1.802486], [100.663822, 1.80256], [100.663828, 1.80264], [100.663828, 1.802642], [100.663828, 1.802715], [100.663829, 1.802791], [100.663833, 1.802862], [100.663833, 1.802864], [100.663833, 1.802865], [100.663828, 1.802936], [100.663827, 1.803012], [100.663827, 1.803089], [100.663827, 1.80309], [100.663825, 1.803164], [100.663824, 1.803238], [100.663825, 1.80331], [100.663829, 1.803382], [100.663829, 1.803384], [100.663829, 1.803454], [100.663831, 1.803522], [100.663831, 1.803588], [100.663831, 1.803589], [100.663831, 1.803655], [100.663833, 1.803724], [100.663833, 1.803725], [100.663832, 1.803795], [100.663832, 1.803797], [100.663827, 1.803867], [100.663825, 1.803938], [100.663825, 1.804012], [100.663825, 1.804086], [100.663823, 1.80416], [100.663822, 1.804234], [100.663824, 1.804307], [100.663834, 1.804384], [100.663834, 1.804388], [100.663834, 1.804467], [100.663834, 1.804468], [100.663832, 1.804541], [100.663832, 1.804542], [100.663828, 1.80461], [100.663828, 1.804613], [100.663817, 1.804676], [100.663816, 1.804742], [100.663816, 1.804745], [100.663816, 1.804752], [100.663815, 1.805407], [100.663819, 1.805437], [100.663825, 1.805496], [100.663826, 1.805497], [100.66383, 1.805559], [100.66383, 1.80556], [100.66383, 1.805628], [100.663831, 1.805697], [100.663831, 1.805698], [100.663831, 1.805769], [100.663831, 1.805841], [100.66383, 1.805913], [100.66383, 1.805988], [100.66383, 1.805989], [100.663828, 1.806064], [100.663827, 1.806143], [100.66383, 1.806223], [100.66383, 1.806224], [100.66383, 1.806225], [100.663827, 1.806306], [100.663826, 1.806389], [100.663826, 1.806472], [100.663825, 1.806556], [100.663824, 1.806641], [100.663824, 1.806727], [100.663823, 1.806812], [100.663824, 1.806896], [100.663824, 1.80698], [100.663823, 1.807064], [100.663823, 1.807146], [100.663824, 1.807226], [100.663828, 1.807308], [100.663828, 1.80731], [100.663828, 1.807312], [100.663822, 1.80739], [100.663822, 1.807469], [100.663822, 1.807549], [100.663821, 1.807629], [100.66382, 1.807709], [100.663819, 1.807787], [100.663817, 1.80786], [100.663821, 1.807932], [100.663822, 1.807934], [100.663821, 1.808005], [100.663823, 1.808075], [100.663823, 1.808144], [100.663823, 1.808145], [100.663822, 1.808213], [100.663821, 1.80828], [100.663821, 1.808346], [100.663823, 1.808412], [100.663823, 1.808413], [100.663823, 1.808479], [100.663823, 1.80848], [100.663821, 1.808544], [100.663819, 1.808612], [100.663818, 1.808681], [100.663818, 1.808682], [100.663817, 1.80875], [100.663816, 1.808816], [100.663816, 1.808877], [100.663815, 1.808935], [100.663813, 1.80899], [100.663813, 1.809014], [100.663813, 1.809067], [100.663813, 1.80909], [100.663813, 1.809091], [100.663813, 1.809137], [100.663814, 1.809181], [100.663815, 1.809223], [100.663815, 1.809224], [100.663813, 1.809259], [100.663819, 1.809293], [100.663819, 1.809294], [100.663823, 1.809328], [100.663823, 1.809331], [100.663812, 1.809349], [100.663812, 1.809427], [100.666153, 1.809388], [100.666158, 1.809377], [100.666166, 1.809354], [100.666168, 1.809341], [100.666168, 1.809323], [100.666163, 1.809314], [100.666163, 1.809309], [100.666165, 1.809302], [100.666165, 1.809296], [100.666162, 1.809288], [100.666161, 1.809286], [100.666161, 1.809285], [100.666163, 1.80928], [100.666165, 1.809267], [100.666165, 1.809266], [100.666168, 1.809245], [100.666185, 1.80641], [100.666182, 1.806394], [100.666181, 1.806388], [100.666182, 1.806307], [100.666184, 1.806224], [100.666184, 1.806219], [100.666186, 1.80621], [100.666206, 1.802912], [100.666196, 1.802851], [100.666196, 1.802847], [100.666196, 1.802843], [100.666207, 1.802765], [100.666211, 1.801933], [100.666202, 1.801895], [100.666202, 1.801888], [100.666203, 1.801882], [100.666212, 1.801841], [100.666223, 1.800047], [100.666013, 1.800049], [100.666011, 1.80005], [100.66601, 1.80005], [100.665998, 1.80005], [100.665578, 1.800055], [100.665577, 1.800055], [100.665575, 1.800055], [100.66552, 1.800056], [100.665492, 1.800058], [100.665452, 1.800063], [100.665451, 1.800063], [100.665408, 1.800066], [100.665406, 1.800066], [100.66536, 1.800067], [100.665299, 1.80007], [100.665297, 1.80007], [100.665293, 1.800069], [100.665242, 1.800064], [100.665193, 1.800061], [100.665192, 1.800061], [100.665186, 1.80006], [100.665013, 1.800063], [100.665009, 1.800063], [100.665008, 1.800063], [100.665001, 1.800063], [100.66462, 1.800068], [100.6646, 1.80007], [100.664597, 1.800071], [100.66456, 1.800072], [100.66452, 1.800074], [100.664518, 1.800074], [100.66448, 1.800073], [100.664436, 1.800073], [100.66439, 1.800073], [100.664347, 1.800075], [100.664346, 1.800075], [100.664291, 1.800075], [100.66429, 1.800075], [100.664286, 1.800075], [100.664265, 1.800072], [100.663819, 1.800078], [100.663819, 1.800099]]]]}},
{"type": "Feature", "properties": {"ba_code": "3721", "blockid": "3721H47P18", "division": "04"}, "geometry": {"type": "MultiPolygon", "coordinates": [[[[100.663784, 1.799706], [100.663775, 1.796342], [100.663755, 1.794588], [100.663758, 1.794295], [100.663674, 1.790893], [100.663649, 1.790873], [100.663646, 1.790848], [100.660835, 1.790874], [100.660776, 1.790943], [100.660787, 1.791262], [100.660782, 1.791492], [100.660774, 1.791752], [100.660768, 1.791883], [100.660769, 1.792017], [100.66077, 1.792101], [100.660768, 1.792182], [100.660762, 1.792263], [100.660756, 1.792402], [100.660756, 1.792542], [100.66075, 1.792702], [100.660676, 1.793279], [100.660657, 1.793439], [100.660648, 1.793588], [100.660637, 1.79373], [100.660631, 1.793856], [100.660616, 1.794028], [100.660619, 1.794181], [100.660611, 1.794332], [100.660597, 1.794532], [100.660595, 1.794638], [100.660596, 1.79468], [100.660588, 1.794813], [100.660487, 1.79649], [100.660408, 1.797582], [100.660404, 1.797774], [100.660399, 1.79811], [100.660387, 1.798159], [100.660321, 1.798322], [100.660305, 1.798381], [100.660287, 1.798789], [100.660249, 1.799272], [100.660249, 1.799365], [100.660248, 1.799692], [100.663784, 1.799706]]]]}},
{"type": "Feature", "properties": {"ba_code": "3721", "blockid": "3721E60P02", "division": "02"}, "geometry": {"type": "MultiPolygon", "coordinates": [[[[100.696801, 1.763863], [100.696811, 1.764499], [100.696811, 1.7645], [100.696829, 1.766795], [100.696835, 1.768418], [100.696882, 1.770396], [100.696882, 1.770397], [100.696878, 1.770413], [100.69687, 1.770422], [100.696861, 1.770429], [100.696863, 1.770443], [100.696843, 1.770443], [100.696829, 1.770454], [100.696817, 1.770952], [100.696817, 1.771343], [100.696817, 1.771734], [100.696811, 1.772505], [100.696811, 1.772913], [100.696823, 1.773126], [100.69685, 1.773267], [100.697439, 1.773261], [100.699839, 1.773238], [100.699847, 1.773074], [100.699844, 1.772801], [100.699825, 1.770696], [100.699839, 1.770438], [100.699842, 1.770215], [100.699818, 1.770021], [100.699819, 1.769839], [100.699806, 1.769496], [100.699754, 1.765489], [100.699633, 1.765409], [100.699364, 1.765044], [100.699172, 1.764737], [100.699028, 1.764324], [100.698989, 1.764075], [100.698996, 1.763854], [100.698584, 1.763853], [100.698085, 1.763856], [100.697572, 1.763859], [100.696801, 1.763863]], [[100.699836, 1.773198], [100.699838, 1.773199], [100.699837, 1.773199], [100.699837, 1.7732], [100.699836, 1.7732], [100.699836, 1.773198]]]]}},
{"type": "Feature", "properties": {"ba_code": "3721", "blockid": "3721G46P90", "division": "01"}, "geometry": {"type": "MultiPolygon", "coordinates": [[[[100.658324, 1.781899], [100.658325, 1.781912], [100.65833, 1.782037], [100.658333, 1.782047], [100.658334, 1.782047], [100.658332, 1.782067], [100.658335, 1.782132], [100.658335, 1.782134], [100.658335, 1.782375], [100.658338, 1.782382], [100.658335, 1.782409], [100.658335, 1.782829], [100.658336, 1.782829], [100.658335, 1.782836], [100.658335, 1.782893], [100.658335, 1.783652], [100.658346, 1.784417], [100.658346, 1.784948], [100.658348, 1.784952], [100.658349, 1.78496], [100.658346, 1.784963], [100.658346, 1.785176], [100.658348, 1.785374], [100.658349, 1.785375], [100.658348, 1.785379], [100.65835, 1.785679], [100.658352, 1.785941], [100.658359, 1.786414], [100.65836, 1.786415], [100.65836, 1.786416], [100.658364, 1.7867], [100.65837, 1.787459], [100.658376, 1.788223], [100.658376, 1.788602], [100.65837, 1.78936], [100.658387, 1.789746], [100.658387, 1.789747], [100.658393, 1.790489], [100.658393, 1.790632], [100.658396, 1.790631], [100.658393, 1.790639], [100.658393, 1.790776], [100.658395, 1.790793], [100.658395, 1.790842], [100.658393, 1.790842], [100.658396, 1.790843], [100.658398, 1.790851], [100.658441, 1.790865], [100.658688, 1.790859], [100.658692, 1.790859], [100.659608, 1.790838], [100.660779, 1.790811], [100.660787, 1.790809], [100.660824, 1.790807], [100.660841, 1.790805], [100.660837, 1.790697], [100.660837, 1.790696], [100.660837, 1.790694], [100.660849, 1.79052], [100.660849, 1.790504], [100.660861, 1.789055], [100.660861, 1.789054], [100.660872, 1.788728], [100.660861, 1.787969], [100.660872, 1.787215], [100.660872, 1.787214], [100.66089, 1.786818], [100.660906, 1.786087], [100.660907, 1.785919], [100.660907, 1.785657], [100.660913, 1.785248], [100.660919, 1.784495], [100.660931, 1.78373], [100.660931, 1.783729], [100.660948, 1.782965], [100.66096, 1.782207], [100.66096, 1.782205], [100.660975, 1.781898], [100.660975, 1.781896], [100.660978, 1.781849], [100.660973, 1.78185], [100.660968, 1.78185], [100.660201, 1.781859], [100.65964, 1.781854], [100.659386, 1.781866], [100.659384, 1.781866], [100.658999, 1.781866], [100.658602, 1.781873], [100.658367, 1.781892], [100.658366, 1.781892], [100.658365, 1.781892], [100.658325, 1.781893], [100.658324, 1.781899]]]]}},
{"type": "Feature", "properties": {"ba_code": "3721", "blockid": "3721I49P18", "division": "04"}, "geometry": {"type": "MultiPolygon", "coordinates": [[[[100.668994, 1.809349], [100.669002, 1.809016], [100.66901, 1.807861], [100.669019, 1.807433], [100.66907, 1.807396], [100.669101, 1.804062], [100.669127, 1.802275], [100.669124, 1.800063], [100.666456, 1.800044], [100.666412, 1.800069], [100.666408, 1.800284], [100.666386, 1.802632], [100.666368, 1.805474], [100.666351, 1.809431], [100.668207, 1.809426], [100.668223, 1.809351], [100.668994, 1.809349]]]]}},
{"type": "Feature", "properties": {"ba_code": "3721", "blockid": "3721E53P97", "division": "02"}, "geometry": {"type": "MultiPolygon", "coordinates": [[[[100.677435, 1.773244], [100.677435, 1.773262], [100.677435, 1.773275], [100.677435, 1.773283], [100.680196, 1.773271], [100.6802, 1.773271], [100.680196, 1.77303], [100.680196, 1.773029], [100.680195, 1.772479], [100.680195, 1.772457], [100.680194, 1.772097], [100.680188, 1.771594], [100.680183, 1.770263], [100.680179, 1.76865], [100.680173, 1.7672], [100.680169, 1.766148], [100.680167, 1.765193], [100.680166, 1.764241], [100.680166, 1.764217], [100.680165, 1.76413], [100.680165, 1.764126], [100.680162, 1.76406], [100.680161, 1.764045], [100.680161, 1.764031], [100.68016, 1.764031], [100.680159, 1.764031], [100.679932, 1.764032], [100.679336, 1.764035], [100.679242, 1.764035], [100.677446, 1.764043], [100.677446, 1.764087], [100.677447, 1.764094], [100.677446, 1.764233], [100.677445, 1.764464], [100.677445, 1.764596], [100.677446, 1.764863], [100.677444, 1.765252], [100.677444, 1.765627], [100.677444, 1.766044], [100.677441, 1.766354], [100.67744, 1.766404], [100.67744, 1.766545], [100.677444, 1.766866], [100.67744, 1.767218], [100.677441, 1.767607], [100.677443, 1.76806], [100.677444, 1.768142], [100.677446, 1.768465], [100.677443, 1.769261], [100.677443, 1.769497], [100.677441, 1.77002], [100.677441, 1.770242], [100.677442, 1.770587], [100.677441, 1.770665], [100.677438, 1.772674], [100.677438, 1.772921], [100.677436, 1.772953], [100.677435, 1.773244]]]]}},
{"type": "Feature", "properties": {"ba_code": "3721", "blockid": "3721F58P01", "division": "03"}, "geometry": {"type": "MultiPolygon", "coordinates": [[[[100.691239, 1.781615], [100.691239, 1.781671], [100.691847, 1.781653], [100.694175, 1.781619], [100.694194, 1.780917], [100.694211, 1.779015], [100.694205, 1.778811], [100.694201, 1.778737], [100.6942, 1.778655], [100.694194, 1.778438], [100.694124, 1.776905], [100.694071, 1.775761], [100.694041, 1.774836], [100.694026, 1.774531], [100.694018, 1.774104], [100.69401, 1.773855], [100.693993, 1.773375], [100.693578, 1.773373], [100.693569, 1.773373], [100.693156, 1.773371], [100.692026, 1.773364], [100.69125, 1.77336], [100.691245, 1.775237], [100.691245, 1.775274], [100.691243, 1.781387], [100.691241, 1.781591], [100.691239, 1.781615]]]]}},
{"type": "Feature", "properties": {"ba_code": "3721", "blockid": "3721L39P02", "division": "05"}, "geometry": {"type": "MultiPolygon", "coordinates": [[[[100.638379, 1.83222], [100.638421, 1.837367], [100.641117, 1.83749], [100.641109, 1.831539], [100.641102, 1.831895], [100.641102, 1.831892], [100.641099, 1.831893], [100.641098, 1.831892], [100.641098, 1.83189], [100.641094, 1.831892], [100.64109, 1.831912], [100.641091, 1.831921], [100.64108, 1.83194], [100.641073, 1.831959], [100.641075, 1.831981], [100.641069, 1.831993], [100.641054, 1.831991], [100.641044, 1.831996], [100.641026, 1.832006], [100.641001, 1.832014], [100.640985, 1.832017], [100.64097, 1.832035], [100.640949, 1.832044], [100.640926, 1.832052], [100.640909, 1.832074], [100.640899, 1.83209], [100.640873, 1.832099], [100.64085, 1.832107], [100.640828, 1.832122], [100.640821, 1.832143], [100.640806, 1.832142], [100.640785, 1.832146], [100.640775, 1.832154], [100.640753, 1.83216], [100.640733, 1.832163], [100.640725, 1.832165], [100.640722, 1.832168], [100.640711, 1.832166], [100.64069, 1.832171], [100.640671, 1.832177], [100.640648, 1.83218], [100.640629, 1.832188], [100.640613, 1.832187], [100.6406, 1.832191], [100.640581, 1.8322], [100.640564, 1.8322], [100.640548, 1.832213], [100.640537, 1.832223], [100.640537, 1.832225], [100.640534, 1.832227], [100.640528, 1.832239], [100.640518, 1.832249], [100.6405, 1.832242], [100.640482, 1.832243], [100.640476, 1.832241], [100.640468, 1.832247], [100.640461, 1.832252], [100.640453, 1.832252], [100.640435, 1.832253], [100.640422, 1.832248], [100.640409, 1.832251], [100.640385, 1.832258], [100.640374, 1.832261], [100.640349, 1.832259], [100.640338, 1.832249], [100.64033, 1.832245], [100.64032, 1.832239], [100.640306, 1.83224], [100.640294, 1.832228], [100.640287, 1.832226], [100.640269, 1.832221], [100.640249, 1.832229], [100.640232, 1.832223], [100.640221, 1.832208], [100.640229, 1.832219], [100.640202, 1.832221], [100.6402, 1.832223], [100.640194, 1.832227], [100.640194, 1.832228], [100.640193, 1.832229], [100.640192, 1.832228], [100.640193, 1.832228], [100.640194, 1.832227], [100.640193, 1.832221], [100.639881, 1.832221], [100.638392, 1.832281], [100.638392, 1.832222], [100.638392, 1.83222], [100.638379, 1.83222]]]]}},
{"type": "Feature", "properties": {"ba_code": "3721", "blockid": "3721H56P01", "division": "04"}, "geometry": {"type": "MultiPolygon", "coordinates": [[[[100.685856, 1.791325], [100.685856, 1.791326], [100.685865, 1.791897], [100.685877, 1.792292], [100.685877, 1.792293], [100.685882, 1.792678], [100.685888, 1.793061], [100.685885, 1.793253], [100.685885, 1.793254], [100.685881, 1.793431], [100.685891, 1.793819], [100.685897, 1.794008], [100.685897, 1.794009], [100.6859, 1.794207], [100.685906, 1.794592], [100.685918, 1.794895], [100.685918, 1.794896], [100.685918, 1.795086], [100.685926, 1.795464], [100.685926, 1.795465], [100.685926, 1.795848], [100.685929, 1.796045], [100.685935, 1.796238], [100.685935, 1.796239], [100.685938, 1.796621], [100.685944, 1.796819], [100.685944, 1.79682], [100.685947, 1.797208], [100.68595, 1.797602], [100.685955, 1.797984], [100.685967, 1.798372], [100.685976, 1.798755], [100.685976, 1.798756], [100.685979, 1.799336], [100.685979, 1.799719], [100.685979, 1.799721], [100.685972, 1.799817], [100.685979, 1.799818], [100.687526, 1.799797], [100.687527, 1.799797], [100.688546, 1.799788], [100.688549, 1.799752], [100.688542, 1.799646], [100.688528, 1.799457], [100.688528, 1.799455], [100.688528, 1.79936], [100.688526, 1.799075], [100.688526, 1.799074], [100.688528, 1.79898], [100.688528, 1.798885], [100.688528, 1.798411], [100.688528, 1.79841], [100.688531, 1.79831], [100.688529, 1.798114], [100.688523, 1.79764], [100.688519, 1.797165], [100.688519, 1.796971], [100.688519, 1.79697], [100.688523, 1.796838], [100.688524, 1.796546], [100.68852, 1.796497], [100.68852, 1.796494], [100.688517, 1.796115], [100.688519, 1.795356], [100.68851, 1.794783], [100.688516, 1.794129], [100.688509, 1.79365], [100.688503, 1.793078], [100.688501, 1.792888], [100.688501, 1.792411], [100.688493, 1.791937], [100.688493, 1.791936], [100.688488, 1.791367], [100.688482, 1.790911], [100.687763, 1.790895], [100.685858, 1.790893], [100.685856, 1.791325]]]]}},
{"type": "Feature", "properties": {"ba_code": "3721", "blockid": "3721D58P02", "division": "02"}, "geometry": {"type": "MultiPolygon", "coordinates": [[[[100.691295, 1.76379], [100.693881, 1.76376], [100.693889, 1.76376], [100.693977, 1.763759], [100.693978, 1.763759], [100.693992, 1.763759], [100.693995, 1.763719], [100.693995, 1.763717], [100.694007, 1.763632], [100.694007, 1.762471], [100.693999, 1.762013], [100.693949, 1.75512], [100.693931, 1.755122], [100.693776, 1.755123], [100.693569, 1.755123], [100.693401, 1.755127], [100.693221, 1.755124], [100.693047, 1.755124], [100.69287, 1.755124], [100.692715, 1.755124], [100.692538, 1.755122], [100.692353, 1.755126], [100.69219, 1.755124], [100.692017, 1.755124], [100.69185, 1.755125], [100.691717, 1.755127], [100.691583, 1.755128], [100.691557, 1.755127], [100.691353, 1.755128], [100.691332, 1.7577], [100.691332, 1.757804], [100.691315, 1.763456], [100.691315, 1.763458], [100.691295, 1.76379]]], [[[100.691348, 1.755128], [100.691353, 1.755128], [100.691353, 1.755126], [100.691351, 1.755127], [100.691348, 1.755128]]]]}},
{"type": "Feature", "properties": {"ba_code": "3721", "blockid": "3721L46P06", "division": "05"}, "geometry": {"type": "MultiPolygon", "coordinates": [[[[100.657667, 1.827551], [100.657714, 1.82945], [100.65775, 1.830835], [100.657777, 1.832059], [100.657789, 1.832504], [100.657815, 1.833258], [100.659057, 1.832806], [100.659136, 1.832777], [100.660281, 1.832364], [100.660275, 1.831991], [100.660244, 1.831666], [100.660215, 1.83142], [100.660215, 1.831417], [100.660198, 1.831], [100.660198, 1.830999], [100.660195, 1.83042], [100.660189, 1.830033], [100.660177, 1.829624], [100.660177, 1.829623], [100.660171, 1.829047], [100.660171, 1.828481], [100.660165, 1.828101], [100.660156, 1.827522], [100.657667, 1.827551]]]]}},
{"type": "Feature", "properties": {"ba_code": "3721", "blockid": "3721E58P92", "division": "02"}, "geometry": {"type": "MultiPolygon", "coordinates": [[[[100.691251, 1.77328], [100.692751, 1.773288], [100.69398, 1.773295], [100.693989, 1.77329], [100.693983, 1.773139], [100.693983, 1.773138], [100.69398, 1.772911], [100.693983, 1.772327], [100.693992, 1.771151], [100.693992, 1.770057], [100.693992, 1.770018], [100.693992, 1.769995], [100.694001, 1.768874], [100.694004, 1.768284], [100.693992, 1.767139], [100.693986, 1.766386], [100.693989, 1.765049], [100.693975, 1.764478], [100.693975, 1.764477], [100.693975, 1.764476], [100.693983, 1.764092], [100.693983, 1.76392], [100.693983, 1.763897], [100.693983, 1.763895], [100.693987, 1.763839], [100.693977, 1.763839], [100.693737, 1.763842], [100.693735, 1.763842], [100.693721, 1.763842], [100.691291, 1.76387], [100.691291, 1.763976], [100.691291, 1.765931], [100.691286, 1.769008], [100.691256, 1.772949], [100.691251, 1.77328]]]]}},
{"type": "Feature", "properties": {"ba_code": "3721", "blockid": "3721E55P92", "division": "02"}, "geometry": {"type": "MultiPolygon", "coordinates": [[[[100.682965, 1.768905], [100.68297, 1.772588], [100.682972, 1.772843], [100.682973, 1.77301], [100.682973, 1.77302], [100.682974, 1.773225], [100.682974, 1.773248], [100.685404, 1.773274], [100.685525, 1.773274], [100.685531, 1.773164], [100.685543, 1.772958], [100.685555, 1.772555], [100.685569, 1.771762], [100.68557, 1.771696], [100.68557, 1.771694], [100.685572, 1.771609], [100.685703, 1.765993], [100.685698, 1.765743], [100.685692, 1.7656], [100.685693, 1.765502], [100.685692, 1.765455], [100.685692, 1.765454], [100.685692, 1.76532], [100.685691, 1.765263], [100.685684, 1.764397], [100.685677, 1.763969], [100.685677, 1.763968], [100.685677, 1.763961], [100.685656, 1.763961], [100.685498, 1.763963], [100.685497, 1.763963], [100.685431, 1.763964], [100.68297, 1.763995], [100.68297, 1.764059], [100.68297, 1.764101], [100.682974, 1.76494], [100.682976, 1.765054], [100.682976, 1.76524], [100.682979, 1.765809], [100.682969, 1.767442], [100.682969, 1.767584], [100.682968, 1.768026], [100.682968, 1.768526], [100.682965, 1.768905]]]]}},
{"type": "Feature", "properties": {"ba_code": "3721", "blockid": "3721D53P96", "division": "02"}, "geometry": {"type": "MultiPolygon", "coordinates": [[[[100.677447, 1.763963], [100.677468, 1.763963], [100.677469, 1.763962], [100.677537, 1.76396], [100.677777, 1.763961], [100.677811, 1.763961], [100.678945, 1.763956], [100.679469, 1.763954], [100.67973, 1.763953], [100.679895, 1.76395], [100.680133, 1.763951], [100.680159, 1.763951], [100.68016, 1.763951], [100.680161, 1.763913], [100.680164, 1.763913], [100.680169, 1.763777], [100.680161, 1.762918], [100.680148, 1.76168], [100.680138, 1.760728], [100.680119, 1.758619], [100.68011, 1.757761], [100.680088, 1.755756], [100.680079, 1.755176], [100.680011, 1.755141], [100.679832, 1.755148], [100.679631, 1.755147], [100.679431, 1.75515], [100.679236, 1.755154], [100.679032, 1.755153], [100.678826, 1.755152], [100.678648, 1.755154], [100.678456, 1.755155], [100.678244, 1.755156], [100.678085, 1.755152], [100.677913, 1.755155], [100.677746, 1.755155], [100.677508, 1.755152], [100.677489, 1.758832], [100.677486, 1.759362], [100.677473, 1.760801], [100.677465, 1.76166], [100.677461, 1.762423], [100.677451, 1.763655], [100.677447, 1.763963]]]]}},
{"type": "Feature", "properties": {"ba_code": "3721", "blockid": "3721G44P90", "division": "01"}, "geometry": {"type": "MultiPolygon", "coordinates": [[[[100.652819, 1.781934], [100.652825, 1.782043], [100.652826, 1.782057], [100.65283, 1.782135], [100.65283, 1.782137], [100.65283, 1.782138], [100.652828, 1.782267], [100.652833, 1.782348], [100.652833, 1.782349], [100.652834, 1.782405], [100.652839, 1.782408], [100.652838, 1.782419], [100.652835, 1.782426], [100.65284, 1.782634], [100.65285, 1.782895], [100.652852, 1.782897], [100.65285, 1.782899], [100.652855, 1.783019], [100.652855, 1.78302], [100.652856, 1.783399], [100.652853, 1.783783], [100.652853, 1.783786], [100.652856, 1.783814], [100.652853, 1.783817], [100.652859, 1.784408], [100.652861, 1.784583], [100.652863, 1.784582], [100.652867, 1.7846], [100.652864, 1.784597], [100.652861, 1.784593], [100.652862, 1.784716], [100.652865, 1.785189], [100.652882, 1.785764], [100.652888, 1.786052], [100.652888, 1.786053], [100.652891, 1.786457], [100.652888, 1.786647], [100.652892, 1.78684], [100.652892, 1.786841], [100.652894, 1.787033], [100.652894, 1.787065], [100.652894, 1.787222], [100.652897, 1.787437], [100.652907, 1.787713], [100.652907, 1.787714], [100.652907, 1.787804], [100.652912, 1.787892], [100.652915, 1.787921], [100.652916, 1.787925], [100.652914, 1.78793], [100.652914, 1.787938], [100.652917, 1.787995], [100.652917, 1.787996], [100.652925, 1.788194], [100.652925, 1.788195], [100.652928, 1.788389], [100.652939, 1.788727], [100.652942, 1.788886], [100.652942, 1.788887], [100.652942, 1.788915], [100.652942, 1.788916], [100.652942, 1.788917], [100.652938, 1.789029], [100.65294, 1.789074], [100.652934, 1.789123], [100.652923, 1.78931], [100.65291, 1.789592], [100.652909, 1.789973], [100.65291, 1.790161], [100.65291, 1.790446], [100.652914, 1.790634], [100.652914, 1.790635], [100.652914, 1.790728], [100.652913, 1.790915], [100.652913, 1.790918], [100.652917, 1.790922], [100.652942, 1.790922], [100.653785, 1.790906], [100.653918, 1.7909], [100.654013, 1.790902], [100.654241, 1.790898], [100.654244, 1.790895], [100.654248, 1.790896], [100.65428, 1.790897], [100.655519, 1.790874], [100.655613, 1.790872], [100.655617, 1.790831], [100.655606, 1.790658], [100.655606, 1.790656], [100.6556, 1.790242], [100.655598, 1.789623], [100.655598, 1.789428], [100.6556, 1.789147], [100.65558, 1.787428], [100.655577, 1.787043], [100.655568, 1.786272], [100.655563, 1.785116], [100.655554, 1.784375], [100.655548, 1.784265], [100.655548, 1.784263], [100.655548, 1.783102], [100.655528, 1.781971], [100.655527, 1.781911], [100.655202, 1.781916], [100.655201, 1.781916], [100.6552, 1.781916], [100.654827, 1.78191], [100.65426, 1.781913], [100.653678, 1.781923], [100.653677, 1.781923], [100.652867, 1.781933], [100.652819, 1.781934]]]]}},
{"type": "Feature", "properties": {"ba_code": "3721", "blockid": "3721L38P02", "division": "05"}, "geometry": {"type": "MultiPolygon", "coordinates": [[[[100.638316, 1.832233], [100.638221, 1.832233], [100.635636, 1.83224], [100.635623, 1.832853], [100.635602, 1.834275], [100.635602, 1.834276], [100.635538, 1.83734], [100.635538, 1.837377], [100.638358, 1.837364], [100.638316, 1.832233]]]]}},
{"type": "Feature", "properties": {"ba_code": "3721", "blockid": "3721I47P18", "division": "04"}, "geometry": {"type": "MultiPolygon", "coordinates": [[[[100.660138, 1.800104], [100.660137, 1.800918], [100.660139, 1.800923], [100.660139, 1.80093], [100.660139, 1.800935], [100.660137, 1.800944], [100.660133, 1.803816], [100.660139, 1.803838], [100.66014, 1.803846], [100.66014, 1.803848], [100.660135, 1.803908], [100.660134, 1.80397], [100.660134, 1.804037], [100.660132, 1.804092], [100.660131, 1.804545], [100.660132, 1.804549], [100.660132, 1.804551], [100.660131, 1.804581], [100.660127, 1.807343], [100.660128, 1.807407], [100.660129, 1.807475], [100.660129, 1.807476], [100.660129, 1.807477], [100.660127, 1.807542], [100.660128, 1.807606], [100.660128, 1.80767], [100.660128, 1.807734], [100.660127, 1.807797], [100.660126, 1.807837], [100.660126, 1.808042], [100.660127, 1.808047], [100.660127, 1.808051], [100.66013, 1.808117], [100.66013, 1.808118], [100.660132, 1.808182], [100.660135, 1.808248], [100.660135, 1.808249], [100.660137, 1.808316], [100.660137, 1.808317], [100.660137, 1.808319], [100.660133, 1.808382], [100.660131, 1.808444], [100.660132, 1.808506], [100.660132, 1.808507], [100.660131, 1.808566], [100.660131, 1.808623], [100.660131, 1.808624], [100.66013, 1.808682], [100.660131, 1.80874], [100.66013, 1.808799], [100.66013, 1.808858], [100.660129, 1.808915], [100.660129, 1.80897], [100.660129, 1.808971], [100.660128, 1.808974], [100.660124, 1.809005], [100.660124, 1.80929], [100.660126, 1.809305], [100.660127, 1.80931], [100.660126, 1.809314], [100.660124, 1.809329], [100.660124, 1.809376], [100.660125, 1.809387], [100.660129, 1.80939], [100.66013, 1.809391], [100.660136, 1.809409], [100.660124, 1.809429], [100.663639, 1.809408], [100.663682, 1.800124], [100.660295, 1.800105], [100.660286, 1.800105], [100.660248, 1.800107], [100.660246, 1.800107], [100.660239, 1.800104], [100.660138, 1.800104]]]]}},
{"type": "Feature", "properties": {"ba_code": "3721", "blockid": "3721J57P06", "division": "04"}, "geometry": {"type": "MultiPolygon", "coordinates": [[[[100.689943, 1.819801], [100.691015, 1.819202], [100.691056, 1.819188], [100.691404, 1.811938], [100.691461, 1.809187], [100.69143, 1.809189], [100.688643, 1.809226], [100.688581, 1.8195], [100.688581, 1.819823], [100.688584, 1.819823], [100.688587, 1.819823], [100.689943, 1.819801]]]]}},
{"type": "Feature", "properties": {"ba_code": "3721", "blockid": "3721I54P01", "division": "04"}, "geometry": {"type": "MultiPolygon", "coordinates": [[[[100.679967, 1.809266], [100.681991, 1.80924], [100.683148, 1.80922], [100.683135, 1.807269], [100.683135, 1.807268], [100.683132, 1.807167], [100.683132, 1.807166], [100.683132, 1.80688], [100.683129, 1.806494], [100.683123, 1.806076], [100.683112, 1.805508], [100.683112, 1.805507], [100.683103, 1.804748], [100.683097, 1.803605], [100.683087, 1.802846], [100.683082, 1.802178], [100.683078, 1.801501], [100.683062, 1.800837], [100.683062, 1.800836], [100.683055, 1.800173], [100.68305, 1.800005], [100.68304, 1.799943], [100.683035, 1.799918], [100.68164, 1.799927], [100.680096, 1.799937], [100.680096, 1.799985], [100.680096, 1.800448], [100.680096, 1.800449], [100.679967, 1.809266]]]]}},
{"type": "Feature", "properties": {"ba_code": "3721", "blockid": "3721M40P05", "division": "05"}, "geometry": {"type": "MultiPolygon", "coordinates": [[[[100.641178, 1.837574], [100.641182, 1.839551], [100.643429, 1.838707], [100.643469, 1.837689], [100.641178, 1.837574]]]]}},
{"type": "Feature", "properties": {"ba_code": "3721", "blockid": "3721M38P05", "division": "05"}, "geometry": {"type": "MultiPolygon", "coordinates": [[[[100.635447, 1.841703], [100.636379, 1.841353], [100.63841, 1.840591], [100.638363, 1.837691], [100.638359, 1.837444], [100.635539, 1.837452], [100.63547, 1.840592], [100.635447, 1.841703]]]]}},
{"type": "Feature", "properties": {"ba_code": "3721", "blockid": "3721F49P18", "division": "03"}, "geometry": {"type": "MultiPolygon", "coordinates": [[[[100.666261, 1.77357], [100.666293, 1.773738], [100.666375, 1.77404], [100.666431, 1.774291], [100.666434, 1.77456], [100.666441, 1.774681], [100.666441, 1.774683], [100.666445, 1.775069], [100.666446, 1.775174], [100.666446, 1.775219], [100.666446, 1.775247], [100.666447, 1.775475], [100.666448, 1.775912], [100.66645, 1.776319], [100.666458, 1.777178], [100.666471, 1.777418], [100.666471, 1.777419], [100.666471, 1.77742], [100.666462, 1.777628], [100.66647, 1.778471], [100.666503, 1.780811], [100.666495, 1.781652], [100.666504, 1.781666], [100.666528, 1.781753], [100.666881, 1.781751], [100.66693, 1.781748], [100.666932, 1.781748], [100.667282, 1.781746], [100.667446, 1.781747], [100.667493, 1.781747], [100.667501, 1.781741], [100.667516, 1.781739], [100.667515, 1.781692], [100.668981, 1.781667], [100.668988, 1.78165], [100.669001, 1.781641], [100.669004, 1.781611], [100.668971, 1.777841], [100.668971, 1.777834], [100.66897, 1.777815], [100.66897, 1.777814], [100.668971, 1.777776], [100.668951, 1.77347], [100.668931, 1.773443], [100.668915, 1.773436], [100.668912, 1.773433], [100.668885, 1.7734], [100.667903, 1.773401], [100.667601, 1.773404], [100.667258, 1.773403], [100.666879, 1.773404], [100.66653, 1.773409], [100.666292, 1.773437], [100.666289, 1.773438], [100.666261, 1.77357]]]]}},
{"type": "Feature", "properties": {"ba_code": "3721", "blockid": "3721K45P01", "division": "05"}, "geometry": {"type": "MultiPolygon", "coordinates": [[[[100.654578, 1.827501], [100.655336, 1.827491], [100.657601, 1.827469], [100.657562, 1.820145], [100.654757, 1.820133], [100.654738, 1.821181], [100.654578, 1.827501]]]]}},
{"type": "Feature", "properties": {"ba_code": "3721", "blockid": "3721G48P18", "division": "03"}, "geometry": {"type": "MultiPolygon", "coordinates": [[[[100.663678, 1.781841], [100.663678, 1.781847], [100.663687, 1.782069], [100.663687, 1.78207], [100.663687, 1.782428], [100.663694, 1.782802], [100.663694, 1.782803], [100.6637, 1.783206], [100.663703, 1.783639], [100.663711, 1.784094], [100.663711, 1.784095], [100.663713, 1.784558], [100.663722, 1.785002], [100.663722, 1.785003], [100.663726, 1.785415], [100.66374, 1.785775], [100.66374, 1.785776], [100.663741, 1.786137], [100.663741, 1.786525], [100.663742, 1.786896], [100.663752, 1.787234], [100.663761, 1.787557], [100.663769, 1.787902], [100.663769, 1.787903], [100.663769, 1.787904], [100.663762, 1.788286], [100.663764, 1.788691], [100.663777, 1.789084], [100.663791, 1.789473], [100.663791, 1.789474], [100.663795, 1.789835], [100.663798, 1.790152], [100.6638, 1.790395], [100.663805, 1.790517], [100.663805, 1.790519], [100.666402, 1.790444], [100.666491, 1.788784], [100.666481, 1.787888], [100.66645, 1.786568], [100.666386, 1.784353], [100.666376, 1.781861], [100.666349, 1.781835], [100.666174, 1.78183], [100.665865, 1.781838], [100.665666, 1.781841], [100.665576, 1.781849], [100.665572, 1.781849], [100.665571, 1.781849], [100.665381, 1.781846], [100.66538, 1.781846], [100.664995, 1.781829], [100.664575, 1.781826], [100.664217, 1.781839], [100.664216, 1.781839], [100.663951, 1.781841], [100.663949, 1.781841], [100.663746, 1.781832], [100.663692, 1.781833], [100.663683, 1.781837], [100.663678, 1.781841]]]]}},
{"type": "Feature", "properties": {"ba_code": "3721", "blockid": "3721D48P91", "division": "02"}, "geometry": {"type": "MultiPolygon", "coordinates": [[[[100.666309, 1.759545], [100.666306, 1.759465], [100.666309, 1.759323], [100.666304, 1.75708], [100.665894, 1.75708], [100.665527, 1.756531], [100.6651, 1.75592], [100.664124, 1.755493], [100.663978, 1.755275], [100.663976, 1.75544], [100.663972, 1.755744], [100.663963, 1.75605], [100.66396, 1.756341], [100.663955, 1.756619], [100.663936, 1.756899], [100.66394, 1.757167], [100.663942, 1.757414], [100.663943, 1.757621], [100.663951, 1.757974], [100.663938, 1.758265], [100.663932, 1.758496], [100.663921, 1.758744], [100.663911, 1.759023], [100.66391, 1.75928], [100.663897, 1.759548], [100.663896, 1.75985], [100.663901, 1.760168], [100.663877, 1.760462], [100.663896, 1.760678], [100.663897, 1.760823], [100.663889, 1.760945], [100.663875, 1.761038], [100.663876, 1.761051], [100.663865, 1.762277], [100.663847, 1.76265], [100.663781, 1.764121], [100.666277, 1.764086], [100.666309, 1.759545]]]]}},
{"type": "Feature", "properties": {"ba_code": "3721", "blockid": "3721K55P06", "division": "05"}, "geometry": {"type": "MultiPolygon", "coordinates": [[[[100.68327, 1.820004], [100.683299, 1.82336], [100.683298, 1.82369], [100.685605, 1.822745], [100.685931, 1.822427], [100.68593, 1.822002], [100.685929, 1.82143], [100.685924, 1.820906], [100.685927, 1.820357], [100.685928, 1.819942], [100.683387, 1.819982], [100.683386, 1.819982], [100.683297, 1.819983], [100.683271, 1.819984], [100.68327, 1.820004]]]]}},
{"type": "Feature", "properties": {"ba_code": "3721", "blockid": "3721L37P05", "division": "05"}, "geometry": {"type": "MultiPolygon", "coordinates": [[[[100.632976, 1.83225], [100.633003, 1.83523], [100.633047, 1.837246], [100.635473, 1.837372], [100.635516, 1.83518], [100.635507, 1.83518], [100.635516, 1.835179], [100.635557, 1.83314], [100.63557, 1.832174], [100.633995, 1.832181], [100.633034, 1.832189], [100.632971, 1.83219], [100.632976, 1.83225]]]]}},
{"type": "Feature", "properties": {"ba_code": "3721", "blockid": "3721G45P90", "division": "01"}, "geometry": {"type": "MultiPolygon", "coordinates": [[[[100.655589, 1.781912], [100.655605, 1.782832], [100.655607, 1.782833], [100.655611, 1.782842], [100.655606, 1.782856], [100.65561, 1.783101], [100.65561, 1.783102], [100.65561, 1.784262], [100.655616, 1.784372], [100.655616, 1.784374], [100.655625, 1.785116], [100.65563, 1.786272], [100.655639, 1.787043], [100.655642, 1.787428], [100.655662, 1.789147], [100.65566, 1.789428], [100.65566, 1.789572], [100.65566, 1.789623], [100.655662, 1.790242], [100.655668, 1.790631], [100.655672, 1.790644], [100.655672, 1.790651], [100.655671, 1.790652], [100.65567, 1.790685], [100.65568, 1.79083], [100.65568, 1.790832], [100.65568, 1.790836], [100.655676, 1.790874], [100.656029, 1.790884], [100.656787, 1.79086], [100.656788, 1.79086], [100.658178, 1.790843], [100.658185, 1.790843], [100.658322, 1.790868], [100.658331, 1.790661], [100.658331, 1.790489], [100.658325, 1.789748], [100.658308, 1.789362], [100.658308, 1.789361], [100.658314, 1.788602], [100.658314, 1.788223], [100.658308, 1.787459], [100.658302, 1.7867], [100.65829, 1.785941], [100.658284, 1.785176], [100.658284, 1.784417], [100.658273, 1.783652], [100.658273, 1.783161], [100.658273, 1.782893], [100.658273, 1.782135], [100.658261, 1.781902], [100.658261, 1.7819], [100.658261, 1.781897], [100.658261, 1.781895], [100.658254, 1.781895], [100.658253, 1.781895], [100.657666, 1.7819], [100.657072, 1.781911], [100.657071, 1.781911], [100.656306, 1.78191], [100.655838, 1.781924], [100.655837, 1.781924], [100.655835, 1.781924], [100.655615, 1.781913], [100.655589, 1.781912]]]]}},
{"type": "Feature", "properties": {"ba_code": "3721", "blockid": "3721I59P05", "division": "04"}, "geometry": {"type": "MultiPolygon", "coordinates": [[[[100.693554, 1.809139], [100.6938, 1.809161], [100.694402, 1.809183], [100.694736, 1.809172], [100.694914, 1.80896], [100.694981, 1.808537], [100.694781, 1.799801], [100.694161, 1.799763], [100.694082, 1.799777], [100.693865, 1.799815], [100.693837, 1.79982], [100.693684, 1.799858], [100.693678, 1.799858], [100.693604, 1.799862], [100.693558, 1.79987], [100.693558, 1.806394], [100.693558, 1.809062], [100.693558, 1.809063], [100.693554, 1.809139]]]]}},
{"type": "Feature", "properties": {"ba_code": "3721", "blockid": "3721K54P06", "division": "05"}, "geometry": {"type": "MultiPolygon", "coordinates": [[[[100.679988, 1.825014], [100.680691, 1.824759], [100.683236, 1.823716], [100.683237, 1.82336], [100.683208, 1.820003], [100.683208, 1.820002], [100.683209, 1.819985], [100.683187, 1.819986], [100.683186, 1.819986], [100.681324, 1.81999], [100.680202, 1.820033], [100.680196, 1.820033], [100.67998, 1.820041], [100.679978, 1.820041], [100.679968, 1.82004], [100.679965, 1.820039], [100.679965, 1.820083], [100.679971, 1.820842], [100.679983, 1.821607], [100.679983, 1.822366], [100.679983, 1.823125], [100.679977, 1.823896], [100.679988, 1.825014]]]]}},
{"type": "Feature", "properties": {"ba_code": "3721", "blockid": "3721H50P18", "division": "04"}, "geometry": {"type": "MultiPolygon", "coordinates": [[[[100.669234, 1.799695], [100.671647, 1.799693], [100.67165, 1.799382], [100.67165, 1.799381], [100.671667, 1.799015], [100.67167, 1.798639], [100.67166, 1.798281], [100.67166, 1.79828], [100.671663, 1.797937], [100.671666, 1.797602], [100.671666, 1.797601], [100.671676, 1.797273], [100.671677, 1.796974], [100.671677, 1.796973], [100.671683, 1.79663], [100.671685, 1.796304], [100.671683, 1.796034], [100.671684, 1.795808], [100.671684, 1.795807], [100.671689, 1.795546], [100.671695, 1.795249], [100.671696, 1.79493], [100.671692, 1.794621], [100.671692, 1.79462], [100.671697, 1.794326], [100.671708, 1.794043], [100.67171, 1.793765], [100.671701, 1.793514], [100.671701, 1.793513], [100.671701, 1.793512], [100.671711, 1.793294], [100.671715, 1.793099], [100.671718, 1.792977], [100.671718, 1.792975], [100.671721, 1.79293], [100.671716, 1.792845], [100.671716, 1.792843], [100.671716, 1.792842], [100.671725, 1.792624], [100.671727, 1.792282], [100.671732, 1.791951], [100.671732, 1.79195], [100.67174, 1.791655], [100.671735, 1.79139], [100.671735, 1.791389], [100.671736, 1.791137], [100.671738, 1.790937], [100.671737, 1.790903], [100.671717, 1.790865], [100.671708, 1.790866], [100.671705, 1.790866], [100.671417, 1.790869], [100.670962, 1.790864], [100.670506, 1.790864], [100.669825, 1.790866], [100.669479, 1.790862], [100.669306, 1.790861], [100.669234, 1.799695]]]]}},
{"type": "Feature", "properties": {"ba_code": "3721", "blockid": "3721L48P07", "division": "05"}, "geometry": {"type": "MultiPolygon", "coordinates": [[[[100.663064, 1.831361], [100.663762, 1.831109], [100.666603, 1.830008], [100.666592, 1.829404], [100.666592, 1.829368], [100.666588, 1.82917], [100.666587, 1.829115], [100.66654, 1.826395], [100.666391, 1.826422], [100.666382, 1.826425], [100.666374, 1.826425], [100.666092, 1.826475], [100.666083, 1.826478], [100.666063, 1.826481], [100.66492, 1.826686], [100.6649, 1.826694], [100.664891, 1.826692], [100.664042, 1.826844], [100.664024, 1.826849], [100.664017, 1.826849], [100.663131, 1.827008], [100.66311, 1.827464], [100.663107, 1.827544], [100.663037, 1.830027], [100.66303, 1.830202], [100.663043, 1.830737], [100.66306, 1.831199], [100.663064, 1.831361]]]]}},
{"type": "Feature", "properties": {"ba_code": "3721", "blockid": "3721L44P02", "division": "05"}, "geometry": {"type": "MultiPolygon", "coordinates": [[[[100.651836, 1.835498], [100.654257, 1.834564], [100.654331, 1.832607], [100.654496, 1.828067], [100.654499, 1.828004], [100.654514, 1.827579], [100.653379, 1.827593], [100.651912, 1.827612], [100.651912, 1.827613], [100.651908, 1.827997], [100.651908, 1.828017], [100.651908, 1.828095], [100.651908, 1.828096], [100.651891, 1.829839], [100.651877, 1.83139], [100.651874, 1.831755], [100.651872, 1.831913], [100.65186, 1.833185], [100.651861, 1.833186], [100.651863, 1.833222], [100.65186, 1.833231], [100.651848, 1.834424], [100.651851, 1.834434], [100.651848, 1.83445], [100.651847, 1.834579], [100.651848, 1.834581], [100.651847, 1.834585], [100.651844, 1.834862], [100.651852, 1.834871], [100.651844, 1.83489], [100.651844, 1.834938], [100.651853, 1.834958], [100.651849, 1.834997], [100.651844, 1.835034], [100.651843, 1.835038], [100.651836, 1.835498]]]]}},
{"type": "Feature", "properties": {"ba_code": "3721", "blockid": "3721H53P99", "division": "04"}, "geometry": {"type": "MultiPolygon", "coordinates": [[[[100.67737, 1.798565], [100.677371, 1.798595], [100.67737, 1.798647], [100.677369, 1.79957], [100.677378, 1.799679], [100.677378, 1.799682], [100.677378, 1.799683], [100.677372, 1.799876], [100.677372, 1.799881], [100.677371, 1.799885], [100.677373, 1.799885], [100.680032, 1.799864], [100.680038, 1.799863], [100.680042, 1.799809], [100.680034, 1.799735], [100.680034, 1.799731], [100.680037, 1.799442], [100.680037, 1.799441], [100.680048, 1.798782], [100.680048, 1.798638], [100.680047, 1.798605], [100.680048, 1.798548], [100.68005, 1.798208], [100.680049, 1.798018], [100.680056, 1.797351], [100.680052, 1.796758], [100.680052, 1.796757], [100.680056, 1.796595], [100.680065, 1.796403], [100.680064, 1.79596], [100.680071, 1.795471], [100.680071, 1.795353], [100.680071, 1.79527], [100.680072, 1.794921], [100.680074, 1.794822], [100.680075, 1.794508], [100.680074, 1.794132], [100.680071, 1.794027], [100.680069, 1.793928], [100.680069, 1.793927], [100.680069, 1.793731], [100.680069, 1.79373], [100.680074, 1.793534], [100.68008, 1.793248], [100.680081, 1.79277], [100.680081, 1.792485], [100.680081, 1.792484], [100.680085, 1.792287], [100.680096, 1.791333], [100.680096, 1.791332], [100.680102, 1.791061], [100.680104, 1.790951], [100.680104, 1.790891], [100.678136, 1.790872], [100.677405, 1.790869], [100.677392, 1.790869], [100.677397, 1.791387], [100.677397, 1.791671], [100.677397, 1.792017], [100.6774, 1.792211], [100.677397, 1.792292], [100.677397, 1.792436], [100.677397, 1.792724], [100.677391, 1.793483], [100.677387, 1.794148], [100.677387, 1.794909], [100.677384, 1.795577], [100.677376, 1.796244], [100.677375, 1.796407], [100.677376, 1.796491], [100.677375, 1.796578], [100.677373, 1.797194], [100.677365, 1.798145], [100.67737, 1.798527], [100.67737, 1.798565]]]]}},
{"type": "Feature", "properties": {"ba_code": "3721", "blockid": "3721G51P91", "division": "03"}, "geometry": {"type": "MultiPolygon", "coordinates": [[[[100.67191, 1.79077], [100.672092, 1.790778], [100.672278, 1.790778], [100.674629, 1.790779], [100.674644, 1.790766], [100.674629, 1.790656], [100.674629, 1.790652], [100.674629, 1.790651], [100.674636, 1.790409], [100.674636, 1.790386], [100.674636, 1.790328], [100.674632, 1.790175], [100.674632, 1.790174], [100.674632, 1.789969], [100.674632, 1.789721], [100.674632, 1.78972], [100.67464, 1.789304], [100.674641, 1.789121], [100.674638, 1.788927], [100.674642, 1.788736], [100.674643, 1.788547], [100.674642, 1.788302], [100.674646, 1.788032], [100.674646, 1.787937], [100.674649, 1.786224], [100.674632, 1.785273], [100.674632, 1.785272], [100.674632, 1.785271], [100.67464, 1.785075], [100.674643, 1.78468], [100.67464, 1.783532], [100.674649, 1.782394], [100.674651, 1.78224], [100.674651, 1.782236], [100.674652, 1.781993], [100.674656, 1.78188], [100.674656, 1.781827], [100.674654, 1.781788], [100.671989, 1.781802], [100.671945, 1.781805], [100.671945, 1.78198], [100.671951, 1.782172], [100.671951, 1.782173], [100.671957, 1.782553], [100.671954, 1.782742], [100.671963, 1.783127], [100.671963, 1.783128], [100.671961, 1.783318], [100.671974, 1.783705], [100.671974, 1.783706], [100.671977, 1.784086], [100.67198, 1.784275], [100.67198, 1.784465], [100.671983, 1.784673], [100.671983, 1.784674], [100.671977, 1.785026], [100.671966, 1.785405], [100.671966, 1.785784], [100.671966, 1.786164], [100.671963, 1.786357], [100.671963, 1.786358], [100.671954, 1.786553], [100.671945, 1.786935], [100.671934, 1.78863], [100.671931, 1.789022], [100.671931, 1.789023], [100.671922, 1.789401], [100.671928, 1.789804], [100.671928, 1.789806], [100.671916, 1.789995], [100.671904, 1.790388], [100.67191, 1.79077]]]]}},
{"type": "Feature", "properties": {"ba_code": "3721", "blockid": "3721L47P07", "division": "05"}, "geometry": {"type": "MultiPolygon", "coordinates": [[[[100.660219, 1.827525], [100.660251, 1.830031], [100.660251, 1.830032], [100.660257, 1.83042], [100.66026, 1.830998], [100.660277, 1.831413], [100.660341, 1.83195], [100.660341, 1.831954], [100.660347, 1.832336], [100.660347, 1.83234], [100.663, 1.831384], [100.662995, 1.831158], [100.662994, 1.831102], [100.662963, 1.830296], [100.662963, 1.830295], [100.662963, 1.830294], [100.662975, 1.830025], [100.663045, 1.827544], [100.660219, 1.827525]]]]}},
{"type": "Feature", "properties": {"ba_code": "3721", "blockid": "3721C51P92", "division": "02"}, "geometry": {"type": "MultiPolygon", "coordinates": [[[[100.671995, 1.755063], [100.673584, 1.755052], [100.673592, 1.755039], [100.673595, 1.755029], [100.673607, 1.754994], [100.673616, 1.754953], [100.67361, 1.754912], [100.673598, 1.754869], [100.673581, 1.754834], [100.673559, 1.754802], [100.673549, 1.754765], [100.673536, 1.75474], [100.673523, 1.754705], [100.673509, 1.754671], [100.673502, 1.754649], [100.673482, 1.754619], [100.673465, 1.754586], [100.673455, 1.75455], [100.673444, 1.754518], [100.673435, 1.754496], [100.673426, 1.75448], [100.673416, 1.754447], [100.673405, 1.754415], [100.673403, 1.754408], [100.673401, 1.754401], [100.673391, 1.754375], [100.673378, 1.754349], [100.673372, 1.754322], [100.673366, 1.754301], [100.673355, 1.75427], [100.673342, 1.754245], [100.673332, 1.754211], [100.673324, 1.754179], [100.673309, 1.754145], [100.673295, 1.754112], [100.673286, 1.754078], [100.673275, 1.754047], [100.673265, 1.754013], [100.673254, 1.753984], [100.673234, 1.753947], [100.673227, 1.753915], [100.673212, 1.75388], [100.673204, 1.753847], [100.673189, 1.753815], [100.673182, 1.753776], [100.673174, 1.753743], [100.673165, 1.753706], [100.67316, 1.753671], [100.673148, 1.75364], [100.673143, 1.753605], [100.673131, 1.753573], [100.673124, 1.753538], [100.67312, 1.753506], [100.673113, 1.753479], [100.673107, 1.753451], [100.673099, 1.75342], [100.673095, 1.753387], [100.673086, 1.753357], [100.673081, 1.75332], [100.673073, 1.753288], [100.673066, 1.75326], [100.673061, 1.753231], [100.673051, 1.753201], [100.673044, 1.753166], [100.673037, 1.753136], [100.673032, 1.753106], [100.673031, 1.753077], [100.673021, 1.753038], [100.67302, 1.753004], [100.673012, 1.752968], [100.673006, 1.75294], [100.672997, 1.752907], [100.672984, 1.752868], [100.672977, 1.752832], [100.672969, 1.752802], [100.672967, 1.752767], [100.67296, 1.752744], [100.672954, 1.752713], [100.672948, 1.752684], [100.672942, 1.752649], [100.672936, 1.752619], [100.672928, 1.752585], [100.67292, 1.752547], [100.672905, 1.75251], [100.672902, 1.75248], [100.67289, 1.752445], [100.672882, 1.752408], [100.672873, 1.752374], [100.672859, 1.752342], [100.672857, 1.752321], [100.672858, 1.752322], [100.672851, 1.752308], [100.672845, 1.752281], [100.672834, 1.752258], [100.672822, 1.752229], [100.672817, 1.752197], [100.6728, 1.752167], [100.67278, 1.752131], [100.672767, 1.752104], [100.672756, 1.752078], [100.672743, 1.752044], [100.672725, 1.752006], [100.672708, 1.751967], [100.672692, 1.751931], [100.672673, 1.751894], [100.672662, 1.751861], [100.67265, 1.751823], [100.672637, 1.751792], [100.672622, 1.751753], [100.672609, 1.751716], [100.672595, 1.751679], [100.67258, 1.751646], [100.672567, 1.751606], [100.672549, 1.75157], [100.672532, 1.751533], [100.67252, 1.751502], [100.672504, 1.751473], [100.67249, 1.751443], [100.672474, 1.751412], [100.672464, 1.751385], [100.672449, 1.751353], [100.672434, 1.751324], [100.672422, 1.751305], [100.672422, 1.751304], [100.67241, 1.751281], [100.672396, 1.751251], [100.672383, 1.751223], [100.672364, 1.751189], [100.672348, 1.751155], [100.672332, 1.75112], [100.672322, 1.751091], [100.672306, 1.751064], [100.672289, 1.751031], [100.672277, 1.750996], [100.672264, 1.750972], [100.672246, 1.750937], [100.672228, 1.750899], [100.672215, 1.750864], [100.672199, 1.750834], [100.672186, 1.750801], [100.672176, 1.750786], [100.672165, 1.750764], [100.672151, 1.750738], [100.672135, 1.750715], [100.672123, 1.750691], [100.672109, 1.750673], [100.672091, 1.750656], [100.672079, 1.750637], [100.672073, 1.750632], [100.671999, 1.754733], [100.671995, 1.755063]]], [[[100.672067, 1.750628], [100.672073, 1.750632], [100.672073, 1.750627], [100.672072, 1.750627], [100.672067, 1.750628]]]]}},
{"type": "Feature", "properties": {"ba_code": "3721", "blockid": "3721I57P01", "division": "04"}, "geometry": {"type": "MultiPolygon", "coordinates": [[[[100.688603, 1.799874], [100.688612, 1.799963], [100.688612, 1.799966], [100.688615, 1.800533], [100.688625, 1.801106], [100.688625, 1.801107], [100.688616, 1.802056], [100.688616, 1.802531], [100.688625, 1.803005], [100.688625, 1.803006], [100.688629, 1.803578], [100.688629, 1.803777], [100.688629, 1.803967], [100.688629, 1.803968], [100.688627, 1.804059], [100.688636, 1.804356], [100.688638, 1.804453], [100.688638, 1.804454], [100.688638, 1.804455], [100.688636, 1.80455], [100.688636, 1.804551], [100.688632, 1.804645], [100.688634, 1.804766], [100.688634, 1.804767], [100.688635, 1.805051], [100.688635, 1.805052], [100.688629, 1.805244], [100.688629, 1.805246], [100.688621, 1.805353], [100.688634, 1.805822], [100.688634, 1.805823], [100.688638, 1.80687], [100.688636, 1.807725], [100.688634, 1.809042], [100.688641, 1.809146], [100.688642, 1.809146], [100.691457, 1.809108], [100.691458, 1.809108], [100.691462, 1.809109], [100.691463, 1.809018], [100.691451, 1.807109], [100.691416, 1.804809], [100.691364, 1.80099], [100.691352, 1.799847], [100.691337, 1.799834], [100.689736, 1.799854], [100.689735, 1.799854], [100.688771, 1.799848], [100.688608, 1.799868], [100.688603, 1.799874]]]]}},
{"type": "Feature", "properties": {"ba_code": "3721", "blockid": "3721K53P06", "division": "05"}, "geometry": {"type": "MultiPolygon", "coordinates": [[[[100.676948, 1.826116], [100.679926, 1.825036], [100.679915, 1.823896], [100.679921, 1.823125], [100.679921, 1.822366], [100.679921, 1.821607], [100.679909, 1.820842], [100.679903, 1.820083], [100.679903, 1.820036], [100.679886, 1.820033], [100.678327, 1.820085], [100.678326, 1.820085], [100.677163, 1.820127], [100.677159, 1.820931], [100.677167, 1.82207], [100.677135, 1.822095], [100.677117, 1.822111], [100.677011, 1.822206], [100.677009, 1.822828], [100.676991, 1.823343], [100.676984, 1.823714], [100.676969, 1.824611], [100.676968, 1.824817], [100.676963, 1.825262], [100.67696, 1.825595], [100.676952, 1.825961], [100.676948, 1.826116]]]]}},
{"type": "Feature", "properties": {"ba_code": "3721", "blockid": "3721F56P99", "division": "03"}, "geometry": {"type": "MultiPolygon", "coordinates": [[[[100.685584, 1.77368], [100.685611, 1.775209], [100.685611, 1.77521], [100.685617, 1.775588], [100.685631, 1.776355], [100.685631, 1.776356], [100.685637, 1.776735], [100.685646, 1.776928], [100.68565, 1.777009], [100.685661, 1.777073], [100.685655, 1.77708], [100.685655, 1.777081], [100.685663, 1.777084], [100.685685, 1.778995], [100.685698, 1.779989], [100.6857, 1.780272], [100.6857, 1.780328], [100.685707, 1.781515], [100.685707, 1.781692], [100.687874, 1.78169], [100.688386, 1.781689], [100.688387, 1.781684], [100.688387, 1.781307], [100.688385, 1.78026], [100.68839, 1.779308], [100.688392, 1.77817], [100.688396, 1.77791], [100.688396, 1.777908], [100.688405, 1.777794], [100.688409, 1.777447], [100.688409, 1.777446], [100.688427, 1.776741], [100.68844, 1.776136], [100.688453, 1.775435], [100.688482, 1.77445], [100.688507, 1.773348], [100.688389, 1.773348], [100.687656, 1.773348], [100.685582, 1.773354], [100.685582, 1.773356], [100.685584, 1.77368]]]]}},
{"type": "Feature", "properties": {"ba_code": "3721", "blockid": "3721G50P18", "division": "03"}, "geometry": {"type": "MultiPolygon", "coordinates": [[[[100.669259, 1.790487], [100.671701, 1.790494], [100.671701, 1.790486], [100.671696, 1.790467], [100.671699, 1.790445], [100.671701, 1.79044], [100.671702, 1.790432], [100.671706, 1.790258], [100.671706, 1.790241], [100.671706, 1.790239], [100.671706, 1.790237], [100.671707, 1.790184], [100.671707, 1.790182], [100.671709, 1.790146], [100.67171, 1.790099], [100.67171, 1.790069], [100.67171, 1.79001], [100.67171, 1.789953], [100.67171, 1.789952], [100.671711, 1.789896], [100.671712, 1.789837], [100.671713, 1.789776], [100.671713, 1.789712], [100.671713, 1.789644], [100.671713, 1.789574], [100.671713, 1.789573], [100.671714, 1.789501], [100.671714, 1.789499], [100.671717, 1.789429], [100.671718, 1.789357], [100.671718, 1.789356], [100.67172, 1.789281], [100.67172, 1.789203], [100.67172, 1.789201], [100.671722, 1.789122], [100.671723, 1.789044], [100.671723, 1.78897], [100.671722, 1.788894], [100.671722, 1.788893], [100.671722, 1.788815], [100.671722, 1.788814], [100.671723, 1.788735], [100.671723, 1.788734], [100.671725, 1.788654], [100.671726, 1.788575], [100.671727, 1.788494], [100.671728, 1.788415], [100.671728, 1.788414], [100.67173, 1.788338], [100.671731, 1.788265], [100.671731, 1.788192], [100.671731, 1.788116], [100.671731, 1.788115], [100.671732, 1.788038], [100.671733, 1.78796], [100.671734, 1.787881], [100.671734, 1.787803], [100.671734, 1.787725], [100.671734, 1.787724], [100.671735, 1.787648], [100.671736, 1.787574], [100.671737, 1.787503], [100.671737, 1.787434], [100.671737, 1.787364], [100.671737, 1.787363], [100.671738, 1.787293], [100.671738, 1.787224], [100.671738, 1.787223], [100.671739, 1.787154], [100.67174, 1.787086], [100.671741, 1.787017], [100.671742, 1.786949], [100.671743, 1.786881], [100.671743, 1.786814], [100.671743, 1.786812], [100.671745, 1.786747], [100.671746, 1.786684], [100.671746, 1.786682], [100.671748, 1.786619], [100.671749, 1.786556], [100.67175, 1.786491], [100.671751, 1.786425], [100.671751, 1.78636], [100.671751, 1.786295], [100.671751, 1.786231], [100.671751, 1.78623], [100.671752, 1.786167], [100.671753, 1.786104], [100.671752, 1.786042], [100.67175, 1.785979], [100.67175, 1.785976], [100.67175, 1.785974], [100.671752, 1.785909], [100.671753, 1.785843], [100.671753, 1.785842], [100.671755, 1.785775], [100.671756, 1.785709], [100.671757, 1.785641], [100.671757, 1.785574], [100.671756, 1.785504], [100.671756, 1.785503], [100.671756, 1.785432], [100.671756, 1.785431], [100.671757, 1.78536], [100.671757, 1.785292], [100.671757, 1.785291], [100.671758, 1.78522], [100.671759, 1.785148], [100.67176, 1.785075], [100.67176, 1.785074], [100.671762, 1.785], [100.671763, 1.784925], [100.671764, 1.78485], [100.671763, 1.784774], [100.671762, 1.784699], [100.671762, 1.784698], [100.671762, 1.784697], [100.671763, 1.784625], [100.671764, 1.784555], [100.671764, 1.784489], [100.671763, 1.784421], [100.671762, 1.784353], [100.671762, 1.784352], [100.671762, 1.784284], [100.671761, 1.784216], [100.67176, 1.78415], [100.671758, 1.784084], [100.671758, 1.784083], [100.671757, 1.784021], [100.671757, 1.78402], [100.671757, 1.784019], [100.671758, 1.783957], [100.671758, 1.783897], [100.671757, 1.783835], [100.671757, 1.783834], [100.671757, 1.783772], [100.671756, 1.78371], [100.671755, 1.783646], [100.671755, 1.783645], [100.671755, 1.783579], [100.671755, 1.783512], [100.671755, 1.783443], [100.671755, 1.783374], [100.671754, 1.783304], [100.671753, 1.783233], [100.671751, 1.783162], [100.671748, 1.78309], [100.671745, 1.783017], [100.671745, 1.783014], [100.671745, 1.782941], [100.671745, 1.78294], [100.671746, 1.782866], [100.671747, 1.782793], [100.671746, 1.78272], [100.671744, 1.782646], [100.671742, 1.782572], [100.671742, 1.78257], [100.671742, 1.782494], [100.671742, 1.782419], [100.671741, 1.782345], [100.671739, 1.782272], [100.671739, 1.78227], [100.671739, 1.782197], [100.671739, 1.782196], [100.67174, 1.782126], [100.67174, 1.78206], [100.671737, 1.781994], [100.671737, 1.78199], [100.671737, 1.781929], [100.671737, 1.781928], [100.671738, 1.781879], [100.671737, 1.781872], [100.671721, 1.781854], [100.669343, 1.781842], [100.669268, 1.78889], [100.669259, 1.790487]]]]}},
{"type": "Feature", "properties": {"ba_code": "3721", "blockid": "3721C48P91", "division": "02"}, "geometry": {"type": "MultiPolygon", "coordinates": [[[[100.664132, 1.749688], [100.666353, 1.749691], [100.666354, 1.749629], [100.666354, 1.749609], [100.666356, 1.749385], [100.666357, 1.749143], [100.666359, 1.749082], [100.666361, 1.748826], [100.666358, 1.748726], [100.666363, 1.748556], [100.666363, 1.748382], [100.666365, 1.748355], [100.666368, 1.747959], [100.666368, 1.747957], [100.666373, 1.747869], [100.666373, 1.747277], [100.666374, 1.747275], [100.664588, 1.745939], [100.664589, 1.745938], [100.664583, 1.745938], [100.664557, 1.745921], [100.664547, 1.745915], [100.664531, 1.7459], [100.664514, 1.745891], [100.664488, 1.745875], [100.664467, 1.745862], [100.664453, 1.745851], [100.664438, 1.745846], [100.664414, 1.745839], [100.664391, 1.745832], [100.664366, 1.745821], [100.664345, 1.745801], [100.664332, 1.745797], [100.664291, 1.74579], [100.664236, 1.745738], [100.664197, 1.747469], [100.664195, 1.747646], [100.664184, 1.747863], [100.664172, 1.74828], [100.664167, 1.748395], [100.664157, 1.748608], [100.664151, 1.748838], [100.664143, 1.749076], [100.664136, 1.749307], [100.664135, 1.749532], [100.664132, 1.749688]]]]}},
{"type": "Feature", "properties": {"ba_code": "3721", "blockid": "3721I58P05", "division": "04"}, "geometry": {"type": "MultiPolygon", "coordinates": [[[[100.691415, 1.799886], [100.691426, 1.80099], [100.691478, 1.804809], [100.691513, 1.807109], [100.691525, 1.809018], [100.691523, 1.809184], [100.693015, 1.809132], [100.693499, 1.809141], [100.693496, 1.809062], [100.693496, 1.806394], [100.693496, 1.799874], [100.691415, 1.799886]]]]}},
{"type": "Feature", "properties": {"ba_code": "3721", "blockid": "3721H42P20", "division": "01"}, "geometry": {"type": "MultiPolygon", "coordinates": [[[[100.647082, 1.800214], [100.647093, 1.800215], [100.648422, 1.800192], [100.64867, 1.800187], [100.648816, 1.800184], [100.648847, 1.800184], [100.649752, 1.800168], [100.649756, 1.800168], [100.649756, 1.800144], [100.649756, 1.800143], [100.649774, 1.799763], [100.649774, 1.799758], [100.649838, 1.799431], [100.649838, 1.799429], [100.649949, 1.798982], [100.649996, 1.798653], [100.650008, 1.798286], [100.650019, 1.797476], [100.650031, 1.796326], [100.650031, 1.796325], [100.650054, 1.795167], [100.650064, 1.794781], [100.65007, 1.794591], [100.650086, 1.793044], [100.650083, 1.79131], [100.650078, 1.791042], [100.649004, 1.791069], [100.647304, 1.791112], [100.647247, 1.793617], [100.647218, 1.795327], [100.6472, 1.796851], [100.647183, 1.798001], [100.647183, 1.798002], [100.647171, 1.798408], [100.647127, 1.79957], [100.647127, 1.799571], [100.647107, 1.799936], [100.647107, 1.799937], [100.647082, 1.800214]]]]}},
{"type": "Feature", "properties": {"ba_code": "3721", "blockid": "3721M36P05", "division": "05"}, "geometry": {"type": "MultiPolygon", "coordinates": [[[[100.630075, 1.841766], [100.631558, 1.841783], [100.633036, 1.8418], [100.632986, 1.837325], [100.63297, 1.837324], [100.63192, 1.837271], [100.630148, 1.837183], [100.630091, 1.840786], [100.630081, 1.841584], [100.630081, 1.841585], [100.630075, 1.841766]]]]}},
{"type": "Feature", "properties": {"ba_code": "3721", "blockid": "3721J55P02", "division": "04"}, "geometry": {"type": "MultiPolygon", "coordinates": [[[[100.683212, 1.809292], [100.683219, 1.810922], [100.683301, 1.817729], [100.683278, 1.818821], [100.683281, 1.819758], [100.683281, 1.819759], [100.683274, 1.819904], [100.683295, 1.819903], [100.685927, 1.819862], [100.685928, 1.819862], [100.685934, 1.819862], [100.685934, 1.819576], [100.685987, 1.809244], [100.684738, 1.809273], [100.684737, 1.809273], [100.683222, 1.809291], [100.683212, 1.809292]]]]}},
{"type": "Feature", "properties": {"ba_code": "3721", "blockid": "3721H45P20", "division": "01"}, "geometry": {"type": "MultiPolygon", "coordinates": [[[[100.655604, 1.800075], [100.656478, 1.800057], [100.656479, 1.800057], [100.658367, 1.800057], [100.658388, 1.800057], [100.658415, 1.800056], [100.658435, 1.800011], [100.658384, 1.795802], [100.658384, 1.795429], [100.658372, 1.795314], [100.658372, 1.795311], [100.658372, 1.795309], [100.658377, 1.795238], [100.658332, 1.795087], [100.658331, 1.795082], [100.658319, 1.794982], [100.658319, 1.794978], [100.658319, 1.794946], [100.658315, 1.794919], [100.658333, 1.794872], [100.65836, 1.79478], [100.658369, 1.79465], [100.65837, 1.794601], [100.658355, 1.794203], [100.658355, 1.794202], [100.658355, 1.794201], [100.658363, 1.793873], [100.658364, 1.793773], [100.658349, 1.793409], [100.658349, 1.793408], [100.658349, 1.793028], [100.658352, 1.793014], [100.658354, 1.79301], [100.658355, 1.792761], [100.658354, 1.792449], [100.658336, 1.791773], [100.658341, 1.791127], [100.65832, 1.790958], [100.658282, 1.790944], [100.658175, 1.790924], [100.656789, 1.79094], [100.65603, 1.790964], [100.656029, 1.790964], [100.656028, 1.790964], [100.655674, 1.790954], [100.655672, 1.791271], [100.655683, 1.792769], [100.655642, 1.796599], [100.655625, 1.798164], [100.655613, 1.800008], [100.655613, 1.800012], [100.655604, 1.800075]]]]}},
{"type": "Feature", "properties": {"ba_code": "3721", "blockid": "3721F59P01", "division": "03"}, "geometry": {"type": "MultiPolygon", "coordinates": [[[[100.694055, 1.773374], [100.694072, 1.773853], [100.694126, 1.775543], [100.694139, 1.775886], [100.694186, 1.776903], [100.694207, 1.777356], [100.694235, 1.777894], [100.694237, 1.778017], [100.694237, 1.77802], [100.694256, 1.778436], [100.694273, 1.779014], [100.694273, 1.779015], [100.694272, 1.779121], [100.694274, 1.779416], [100.694274, 1.779469], [100.694262, 1.780256], [100.694256, 1.780918], [100.694256, 1.780919], [100.694246, 1.781296], [100.694241, 1.781618], [100.694383, 1.781616], [100.694384, 1.781616], [100.696879, 1.781598], [100.69688, 1.781598], [100.696906, 1.781594], [100.696931, 1.781348], [100.696913, 1.777895], [100.696887, 1.777173], [100.696872, 1.776756], [100.696843, 1.775985], [100.696791, 1.773348], [100.696671, 1.773349], [100.695713, 1.773358], [100.694055, 1.773374]]], [[[100.696856, 1.773379], [100.696855, 1.773351], [100.696853, 1.77335], [100.696873, 1.774353], [100.696873, 1.77435], [100.696854, 1.773379], [100.696856, 1.773379]]]]}},
{"type": "Feature", "properties": {"ba_code": "3721", "blockid": "3721I55P01", "division": "04"}, "geometry": {"type": "MultiPolygon", "coordinates": [[[[100.683109, 1.799968], [100.683112, 1.799981], [100.683112, 1.799986], [100.683117, 1.800171], [100.683117, 1.800172], [100.683124, 1.800835], [100.68314, 1.8015], [100.68314, 1.801501], [100.683144, 1.802178], [100.683149, 1.802846], [100.683159, 1.803605], [100.683212, 1.809218], [100.684736, 1.809193], [100.685901, 1.809167], [100.685902, 1.809167], [100.685974, 1.809167], [100.685993, 1.809159], [100.685985, 1.808609], [100.685978, 1.808404], [100.685978, 1.808403], [100.685981, 1.807644], [100.685981, 1.807268], [100.685975, 1.806868], [100.685975, 1.806678], [100.685969, 1.80629], [100.685961, 1.805148], [100.685955, 1.804782], [100.685955, 1.804781], [100.685961, 1.804389], [100.685952, 1.803429], [100.685952, 1.802857], [100.685949, 1.802478], [100.685949, 1.802095], [100.685943, 1.801707], [100.685943, 1.800945], [100.68594, 1.800554], [100.685926, 1.800176], [100.685906, 1.799893], [100.685906, 1.799892], [100.683098, 1.799917], [100.683109, 1.799968]]]]}},
{"type": "Feature", "properties": {"ba_code": "3721", "blockid": "3721E48P18", "division": "02"}, "geometry": {"type": "MultiPolygon", "coordinates": [[[[100.66363, 1.773295], [100.666156, 1.773258], [100.666195, 1.766618], [100.666195, 1.7666], [100.663712, 1.7666], [100.663685, 1.768142], [100.663676, 1.769477], [100.663586, 1.770792], [100.66358, 1.771732], [100.66363, 1.773295]]]]}},
{"type": "Feature", "properties": {"ba_code": "3721", "blockid": "3721K48P02", "division": "05"}, "geometry": {"type": "MultiPolygon", "coordinates": [[[[100.663133, 1.826962], [100.666535, 1.82635], [100.66654, 1.826349], [100.666472, 1.822305], [100.666434, 1.820154], [100.666434, 1.820151], [100.665861, 1.820143], [100.66548, 1.820143], [100.66509, 1.820143], [100.664895, 1.820143], [100.664523, 1.820142], [100.663952, 1.820146], [100.663951, 1.820146], [100.663574, 1.82014], [100.663496, 1.82014], [100.663489, 1.820156], [100.663484, 1.82022], [100.663331, 1.823067], [100.663304, 1.823584], [100.663215, 1.825268], [100.663133, 1.826962]]], [[[100.66492, 1.826686], [100.664891, 1.826692], [100.6649, 1.826694], [100.66492, 1.826686]]], [[[100.666092, 1.826475], [100.666063, 1.826481], [100.666083, 1.826478], [100.666092, 1.826475]]], [[[100.666391, 1.826422], [100.666374, 1.826425], [100.666382, 1.826425], [100.666391, 1.826422]]], [[[100.664042, 1.826844], [100.664017, 1.826849], [100.664024, 1.826849], [100.664042, 1.826844]]]]}},
{"type": "Feature", "properties": {"ba_code": "3721", "blockid": "3721M37P05", "division": "05"}, "geometry": {"type": "MultiPolygon", "coordinates": [[[[100.633099, 1.841801], [100.633757, 1.841808], [100.634214, 1.841814], [100.635123, 1.841824], [100.635384, 1.841726], [100.635417, 1.840154], [100.635474, 1.837453], [100.633051, 1.837327], [100.633099, 1.841801]]]]}},
{"type": "Feature", "properties": {"ba_code": "3721", "blockid": "3721K44P01", "division": "05"}, "geometry": {"type": "MultiPolygon", "coordinates": [[[[100.651918, 1.82753], [100.653234, 1.827515], [100.654081, 1.827504], [100.654514, 1.827501], [100.654687, 1.820133], [100.654684, 1.820133], [100.652095, 1.82011], [100.652068, 1.8212], [100.652033, 1.822621], [100.652004, 1.823877], [100.651988, 1.824544], [100.651987, 1.824565], [100.651918, 1.82753]]]]}},
{"type": "Feature", "properties": {"ba_code": "3721", "blockid": "3721F41P89", "division": "01"}, "geometry": {"type": "MultiPolygon", "coordinates": [[[[100.644506, 1.775865], [100.644506, 1.775873], [100.644524, 1.775907], [100.644511, 1.775918], [100.644514, 1.77592], [100.644513, 1.776069], [100.644511, 1.776224], [100.644512, 1.776279], [100.64451, 1.776285], [100.644514, 1.77629], [100.644507, 1.776304], [100.64451, 1.776637], [100.64451, 1.776638], [100.644509, 1.776678], [100.644524, 1.776777], [100.644522, 1.776779], [100.644516, 1.776817], [100.644507, 1.776904], [100.644509, 1.777095], [100.644507, 1.777121], [100.644514, 1.777181], [100.644513, 1.777212], [100.644508, 1.777217], [100.644513, 1.777407], [100.644513, 1.777408], [100.644513, 1.777517], [100.644515, 1.777561], [100.644515, 1.777589], [100.644522, 1.777657], [100.644531, 1.777664], [100.644524, 1.777705], [100.644519, 1.777881], [100.644517, 1.77805], [100.64453, 1.778115], [100.644516, 1.778107], [100.644516, 1.778136], [100.644529, 1.778132], [100.644527, 1.778228], [100.644524, 1.778405], [100.644527, 1.778537], [100.644529, 1.778557], [100.644526, 1.778569], [100.644526, 1.778568], [100.644522, 1.778595], [100.644519, 1.778713], [100.644519, 1.778734], [100.644521, 1.77911], [100.644527, 1.779112], [100.644524, 1.779127], [100.644521, 1.779176], [100.644522, 1.779297], [100.644522, 1.779352], [100.644527, 1.779406], [100.644524, 1.779419], [100.644526, 1.779433], [100.644536, 1.779436], [100.64453, 1.779928], [100.64452, 1.779946], [100.644518, 1.779977], [100.644517, 1.780192], [100.644519, 1.780237], [100.644523, 1.780284], [100.644521, 1.780313], [100.644517, 1.78042], [100.644515, 1.780491], [100.644514, 1.780645], [100.644516, 1.780694], [100.644514, 1.780705], [100.644508, 1.781868], [100.644508, 1.781884], [100.644507, 1.781897], [100.644507, 1.781992], [100.644516, 1.781991], [100.644677, 1.78198], [100.64468, 1.78198], [100.645313, 1.781977], [100.645892, 1.781967], [100.645893, 1.781967], [100.646461, 1.781963], [100.64685, 1.781945], [100.647187, 1.781927], [100.647192, 1.781831], [100.647193, 1.781811], [100.647185, 1.781594], [100.647176, 1.781398], [100.647176, 1.781397], [100.647176, 1.781207], [100.647176, 1.781206], [100.647185, 1.780828], [100.647185, 1.780638], [100.647182, 1.780442], [100.647185, 1.780249], [100.647185, 1.780063], [100.647185, 1.778924], [100.647182, 1.778726], [100.647182, 1.778536], [100.647188, 1.778138], [100.647186, 1.778106], [100.647187, 1.778078], [100.647185, 1.777934], [100.647185, 1.777745], [100.647185, 1.777744], [100.647194, 1.777364], [100.647194, 1.777363], [100.647204, 1.777169], [100.647202, 1.776981], [100.647197, 1.776794], [100.647197, 1.776793], [100.647197, 1.776791], [100.64721, 1.776608], [100.647211, 1.776585], [100.647211, 1.776411], [100.647205, 1.776222], [100.647205, 1.776221], [100.647205, 1.77622], [100.647211, 1.776033], [100.647211, 1.775845], [100.647202, 1.775656], [100.647194, 1.775463], [100.647194, 1.775462], [100.647194, 1.775362], [100.647193, 1.775203], [100.647195, 1.775091], [100.647196, 1.775045], [100.647192, 1.77494], [100.647188, 1.77487], [100.647103, 1.774862], [100.646846, 1.774869], [100.646602, 1.774871], [100.646465, 1.774867], [100.646015, 1.774873], [100.64579, 1.774875], [100.645548, 1.774883], [100.645298, 1.774885], [100.645058, 1.774886], [100.64484, 1.774887], [100.644667, 1.774882], [100.644524, 1.774884], [100.644519, 1.774882], [100.644511, 1.774927], [100.644509, 1.774941], [100.644509, 1.775003], [100.644511, 1.775166], [100.644516, 1.775345], [100.644515, 1.775421], [100.64452, 1.775421], [100.644521, 1.775422], [100.644526, 1.775444], [100.64452, 1.775493], [100.64451, 1.775653], [100.644515, 1.775808], [100.644506, 1.775865]]], [[[100.644459, 1.779093], [100.644459, 1.779088], [100.644455, 1.779087], [100.644459, 1.779093]]]]}},
{"type": "Feature", "properties": {"ba_code": "3721", "blockid": "3721D55P02", "division": "02"}, "geometry": {"type": "MultiPolygon", "coordinates": [[[[100.682951, 1.761625], [100.682953, 1.762063], [100.68296, 1.762891], [100.682965, 1.763076], [100.682968, 1.763428], [100.682966, 1.763567], [100.682968, 1.763785], [100.682969, 1.76391], [100.682982, 1.763915], [100.685654, 1.763881], [100.685665, 1.763881], [100.685677, 1.76387], [100.685671, 1.763359], [100.68567, 1.763182], [100.685666, 1.763002], [100.685664, 1.762883], [100.685662, 1.762713], [100.685657, 1.762505], [100.685658, 1.762277], [100.685655, 1.762058], [100.685649, 1.760047], [100.685636, 1.758354], [100.685619, 1.756051], [100.685613, 1.7551], [100.68292, 1.755158], [100.682951, 1.761625]]]]}},
{"type": "Feature", "properties": {"ba_code": "3721", "blockid": "3721E52P91", "division": "02"}, "geometry": {"type": "MultiPolygon", "coordinates": [[[[100.674659, 1.771617], [100.674659, 1.772089], [100.674659, 1.773295], [100.674663, 1.773311], [100.674687, 1.773306], [100.674695, 1.773306], [100.67642, 1.773312], [100.67647, 1.77331], [100.676486, 1.77331], [100.677341, 1.773284], [100.677373, 1.773283], [100.677373, 1.773244], [100.677373, 1.773054], [100.677373, 1.773048], [100.677372, 1.771713], [100.677371, 1.77112], [100.677378, 1.770542], [100.677377, 1.769984], [100.677379, 1.769448], [100.677381, 1.768924], [100.677375, 1.768386], [100.677374, 1.768162], [100.677376, 1.765144], [100.677377, 1.764758], [100.677377, 1.76441], [100.677383, 1.764337], [100.677384, 1.764043], [100.677375, 1.764043], [100.675997, 1.764055], [100.674881, 1.764066], [100.674785, 1.76407], [100.674762, 1.764068], [100.674729, 1.764068], [100.674691, 1.764068], [100.674691, 1.764075], [100.674691, 1.764076], [100.674691, 1.764077], [100.674685, 1.764372], [100.67468, 1.764497], [100.674676, 1.764688], [100.674676, 1.765076], [100.674676, 1.765183], [100.674676, 1.766127], [100.674677, 1.766581], [100.674688, 1.76728], [100.674691, 1.767485], [100.674698, 1.767747], [100.674677, 1.768076], [100.67467, 1.768416], [100.674665, 1.768524], [100.674665, 1.768789], [100.674668, 1.768922], [100.674668, 1.768986], [100.674666, 1.77017], [100.674663, 1.770294], [100.674659, 1.771617]]]]}},
{"type": "Feature", "properties": {"ba_code": "3721", "blockid": "3721H48P18", "division": "04"}, "geometry": {"type": "MultiPolygon", "coordinates": [[[[100.663843, 1.790903], [100.663863, 1.79458], [100.663903, 1.799715], [100.666288, 1.799683], [100.666346, 1.794616], [100.666362, 1.792402], [100.666368, 1.790865], [100.663843, 1.790903]]]]}},
{"type": "Feature", "properties": {"ba_code": "3721", "blockid": "3721F45P89", "division": "01"}, "geometry": {"type": "MultiPolygon", "coordinates": [[[[100.655511, 1.774798], [100.655519, 1.775056], [100.655519, 1.775057], [100.655528, 1.776198], [100.655546, 1.777343], [100.655554, 1.778492], [100.655557, 1.779079], [100.655572, 1.780241], [100.655572, 1.780247], [100.655574, 1.780285], [100.655573, 1.780313], [100.655592, 1.781613], [100.655592, 1.781615], [100.655582, 1.781825], [100.655583, 1.781832], [100.655618, 1.781833], [100.655619, 1.781833], [100.655837, 1.781844], [100.656304, 1.78183], [100.656305, 1.78183], [100.657071, 1.781831], [100.657664, 1.78182], [100.657665, 1.78182], [100.658252, 1.781815], [100.658269, 1.781815], [100.658269, 1.781812], [100.658269, 1.781811], [100.658273, 1.781755], [100.658273, 1.781364], [100.658249, 1.780956], [100.658249, 1.780955], [100.658244, 1.780652], [100.658241, 1.780564], [100.658234, 1.780545], [100.658233, 1.780538], [100.65824, 1.780529], [100.658232, 1.780254], [100.658232, 1.780253], [100.658238, 1.779483], [100.658214, 1.778719], [100.658214, 1.778718], [100.658214, 1.778339], [100.658214, 1.777959], [100.658214, 1.77758], [100.65822, 1.777188], [100.658217, 1.776973], [100.658216, 1.776971], [100.658217, 1.77697], [100.658209, 1.776429], [100.658208, 1.776333], [100.658208, 1.77633], [100.658208, 1.776325], [100.658206, 1.77611], [100.658206, 1.776109], [100.6582, 1.776099], [100.6582, 1.776098], [100.658205, 1.776009], [100.658205, 1.775955], [100.658203, 1.775664], [100.658203, 1.77566], [100.658202, 1.775657], [100.6582, 1.77564], [100.658203, 1.775637], [100.658197, 1.775279], [100.658197, 1.775238], [100.65819, 1.775212], [100.658195, 1.775203], [100.658197, 1.775199], [100.658197, 1.774861], [100.658148, 1.774779], [100.657973, 1.774775], [100.65767, 1.774773], [100.657396, 1.77477], [100.657163, 1.77477], [100.656986, 1.77478], [100.656903, 1.774781], [100.656902, 1.774781], [100.656902, 1.774779], [100.65672, 1.774775], [100.65651, 1.774775], [100.656307, 1.774772], [100.656062, 1.77478], [100.655964, 1.774784], [100.655608, 1.774792], [100.655511, 1.774798]]]]}},
{"type": "Feature", "properties": {"ba_code": "3721", "blockid": "3721K42P01", "division": "05"}, "geometry": {"type": "MultiPolygon", "coordinates": [[[[100.646576, 1.824699], [100.646576, 1.824702], [100.646576, 1.827587], [100.64658, 1.827588], [100.649404, 1.827554], [100.649391, 1.826768], [100.649361, 1.825122], [100.649348, 1.824555], [100.646576, 1.824699]]]]}},
{"type": "Feature", "properties": {"ba_code": "3721", "blockid": "3721F43P89", "division": "01"}, "geometry": {"type": "MultiPolygon", "coordinates": [[[[100.650068, 1.781916], [100.650102, 1.781914], [100.650115, 1.781914], [100.650116, 1.781913], [100.65052, 1.781898], [100.650521, 1.781898], [100.65113, 1.781884], [100.651414, 1.781877], [100.651558, 1.781873], [100.65215, 1.781853], [100.652151, 1.781853], [100.652753, 1.781855], [100.652758, 1.781855], [100.652761, 1.781698], [100.652756, 1.781507], [100.652753, 1.781504], [100.652756, 1.781493], [100.652747, 1.781272], [100.652747, 1.781271], [100.652747, 1.780987], [100.65274, 1.780701], [100.652734, 1.78051], [100.652734, 1.780509], [100.652734, 1.780508], [100.65274, 1.78032], [100.65274, 1.780175], [100.652737, 1.780164], [100.65274, 1.780159], [100.65274, 1.780032], [100.652738, 1.779843], [100.652735, 1.779737], [100.652735, 1.779736], [100.652735, 1.779735], [100.652733, 1.779644], [100.652728, 1.779524], [100.652725, 1.779521], [100.652718, 1.779487], [100.652726, 1.779468], [100.652725, 1.779448], [100.652725, 1.779447], [100.652725, 1.779327], [100.652719, 1.779315], [100.652723, 1.779294], [100.652725, 1.779291], [100.652724, 1.778969], [100.652717, 1.778716], [100.652713, 1.778697], [100.652712, 1.778665], [100.652702, 1.778592], [100.652702, 1.778588], [100.652702, 1.778587], [100.652705, 1.778517], [100.652708, 1.778328], [100.652708, 1.778138], [100.652702, 1.777854], [100.652702, 1.777853], [100.652703, 1.777663], [100.652698, 1.777407], [100.652693, 1.777308], [100.652693, 1.777288], [100.652693, 1.777287], [100.652692, 1.777286], [100.652691, 1.777261], [100.652694, 1.777233], [100.652693, 1.777188], [100.652693, 1.777187], [100.652693, 1.777184], [100.652691, 1.777175], [100.652692, 1.777174], [100.652693, 1.777173], [100.652693, 1.777032], [100.652691, 1.777014], [100.652688, 1.776877], [100.652688, 1.776771], [100.652688, 1.776769], [100.652687, 1.776763], [100.652686, 1.776659], [100.652687, 1.776557], [100.652689, 1.776536], [100.652689, 1.776424], [100.652692, 1.776234], [100.65269, 1.776041], [100.65269, 1.775974], [100.652685, 1.775843], [100.65269, 1.775839], [100.65269, 1.775794], [100.652688, 1.775749], [100.652674, 1.775594], [100.652674, 1.775496], [100.652673, 1.775488], [100.652672, 1.775471], [100.652667, 1.77544], [100.65267, 1.775437], [100.652665, 1.775372], [100.652665, 1.775371], [100.65266, 1.775178], [100.652644, 1.775014], [100.652644, 1.775012], [100.652642, 1.774932], [100.652642, 1.774931], [100.652642, 1.774846], [100.652529, 1.774829], [100.652259, 1.774831], [100.651987, 1.77483], [100.651794, 1.774827], [100.651635, 1.774826], [100.651466, 1.774835], [100.651351, 1.774836], [100.65133, 1.774839], [100.651287, 1.774838], [100.651231, 1.774844], [100.651202, 1.774842], [100.651203, 1.774839], [100.651178, 1.774841], [100.650988, 1.774841], [100.650731, 1.774845], [100.650449, 1.774845], [100.650171, 1.774853], [100.65, 1.774863], [100.65, 1.774864], [100.650017, 1.775087], [100.650017, 1.775089], [100.65002, 1.775373], [100.65002, 1.775753], [100.65002, 1.775943], [100.65002, 1.775944], [100.650014, 1.776142], [100.650013, 1.776245], [100.65002, 1.77653], [100.65002, 1.776531], [100.65002, 1.77672], [100.650024, 1.77682], [100.650024, 1.776821], [100.650024, 1.777011], [100.65002, 1.777298], [100.650023, 1.777487], [100.650032, 1.778246], [100.65003, 1.778626], [100.650033, 1.778816], [100.650037, 1.779197], [100.650042, 1.779481], [100.650042, 1.779482], [100.650042, 1.779672], [100.650042, 1.779969], [100.650044, 1.780038], [100.650042, 1.780149], [100.650042, 1.780342], [100.650042, 1.780625], [100.650055, 1.78101], [100.650055, 1.781011], [100.650056, 1.781201], [100.650053, 1.781398], [100.650053, 1.781589], [100.650069, 1.781901], [100.650069, 1.781903], [100.650069, 1.781908], [100.650068, 1.781916]]], [[[100.65, 1.774861], [100.65, 1.774858], [100.649999, 1.774859], [100.65, 1.774861]]]]}},
{"type": "Feature", "properties": {"ba_code": "3721", "blockid": "3721D52P92", "division": "02"}, "geometry": {"type": "MultiPolygon", "coordinates": [[[[100.674688, 1.763963], [100.674689, 1.763988], [100.674692, 1.763988], [100.674693, 1.763988], [100.675008, 1.763985], [100.675061, 1.763985], [100.675143, 1.763984], [100.675157, 1.763983], [100.675216, 1.763983], [100.675997, 1.763975], [100.67633, 1.763972], [100.67722, 1.763963], [100.677239, 1.763964], [100.677375, 1.763963], [100.677385, 1.763963], [100.677389, 1.763655], [100.677399, 1.762423], [100.677403, 1.76166], [100.677411, 1.760801], [100.677415, 1.760309], [100.677442, 1.755151], [100.674732, 1.755145], [100.674701, 1.759968], [100.674694, 1.762343], [100.674688, 1.763963]]]]}},
{"type": "Feature", "properties": {"ba_code": "3721", "blockid": "3721G49P18", "division": "03"}, "geometry": {"type": "MultiPolygon", "coordinates": [[[[100.666611, 1.788381], [100.666611, 1.788382], [100.666605, 1.788734], [100.666593, 1.789078], [100.666581, 1.789422], [100.666581, 1.789423], [100.666571, 1.789636], [100.66657, 1.790447], [100.669144, 1.790459], [100.669225, 1.781826], [100.669224, 1.78182], [100.668981, 1.781819], [100.668622, 1.781819], [100.668235, 1.781822], [100.667879, 1.781822], [100.667476, 1.781822], [100.667072, 1.781826], [100.666741, 1.781838], [100.66674, 1.781838], [100.666574, 1.781839], [100.666547, 1.781847], [100.66651, 1.781894], [100.666495, 1.78197], [100.666491, 1.781982], [100.66649, 1.782243], [100.666486, 1.782607], [100.666484, 1.783002], [100.666486, 1.783378], [100.666489, 1.78374], [100.666495, 1.784111], [100.666506, 1.784509], [100.666519, 1.784917], [100.666533, 1.785323], [100.666553, 1.785715], [100.666553, 1.785716], [100.666567, 1.786106], [100.666567, 1.786107], [100.666572, 1.786495], [100.666577, 1.786881], [100.666582, 1.787266], [100.666586, 1.787639], [100.666601, 1.788012], [100.666611, 1.78838], [100.666611, 1.788381]]]]}},
{"type": "Feature", "properties": {"ba_code": "3721", "blockid": "3721D54P96", "division": "02"}, "geometry": {"type": "MultiPolygon", "coordinates": [[[[100.68014, 1.755155], [100.68015, 1.755755], [100.68015, 1.755756], [100.680172, 1.757761], [100.680181, 1.758619], [100.6802, 1.760728], [100.68021, 1.76168], [100.680223, 1.762918], [100.680231, 1.763777], [100.680231, 1.763778], [100.680225, 1.76395], [100.682871, 1.763916], [100.682882, 1.763915], [100.682886, 1.763916], [100.682907, 1.763916], [100.682857, 1.755154], [100.681812, 1.755139], [100.681658, 1.75514], [100.681451, 1.755145], [100.681263, 1.755148], [100.681095, 1.755147], [100.680446, 1.755148], [100.680286, 1.755152], [100.680227, 1.755137], [100.680214, 1.755143], [100.680164, 1.755141], [100.68014, 1.755155]], [[100.680236, 1.763945], [100.680236, 1.763949], [100.680233, 1.763945], [100.680236, 1.763945]]]]}},
{"type": "Feature", "properties": {"ba_code": "3721", "blockid": "3721L45P05", "division": "05"}, "geometry": {"type": "MultiPolygon", "coordinates": [[[[100.654325, 1.834537], [100.654761, 1.834369], [100.657746, 1.833283], [100.657728, 1.832545], [100.657723, 1.832397], [100.657709, 1.831779], [100.657653, 1.829519], [100.657602, 1.827555], [100.657601, 1.827551], [100.655245, 1.827572], [100.654764, 1.827577], [100.654581, 1.827579], [100.654577, 1.827582], [100.654546, 1.828429], [100.654454, 1.831014], [100.65442, 1.831898], [100.654325, 1.834537]]]]}},
{"type": "Feature", "properties": {"ba_code": "3721", "blockid": "3721J47P01", "division": "05"}, "geometry": {"type": "MultiPolygon", "coordinates": [[[[100.660276, 1.819754], [100.660281, 1.820065], [100.660289, 1.820066], [100.662125, 1.820081], [100.663421, 1.820087], [100.663504, 1.820087], [100.66357, 1.818348], [100.663585, 1.817974], [100.66386, 1.810779], [100.663878, 1.810289], [100.663903, 1.809562], [100.662917, 1.809563], [100.662918, 1.809617], [100.662916, 1.809665], [100.662915, 1.809707], [100.662914, 1.809767], [100.662897, 1.809811], [100.662904, 1.809871], [100.662904, 1.809922], [100.662914, 1.809979], [100.66291, 1.810035], [100.662921, 1.810096], [100.662936, 1.810151], [100.662944, 1.810207], [100.662924, 1.810257], [100.662916, 1.810314], [100.662888, 1.81036], [100.662866, 1.810416], [100.662833, 1.810458], [100.662817, 1.810512], [100.662816, 1.810568], [100.662796, 1.81062], [100.662783, 1.810683], [100.662778, 1.81074], [100.66277, 1.810805], [100.662762, 1.810829], [100.662791, 1.810888], [100.66282, 1.810941], [100.662838, 1.810997], [100.662858, 1.811055], [100.662877, 1.811113], [100.66291, 1.811165], [100.662928, 1.811201], [100.662929, 1.811202], [100.662929, 1.811203], [100.662927, 1.811204], [100.662931, 1.811203], [100.662933, 1.811206], [100.662935, 1.811219], [100.662953, 1.811271], [100.662972, 1.811316], [100.66297, 1.811365], [100.662994, 1.811405], [100.663006, 1.811466], [100.663028, 1.811515], [100.663044, 1.811569], [100.663045, 1.811632], [100.663046, 1.811687], [100.663054, 1.811746], [100.66308, 1.811799], [100.663091, 1.811862], [100.663092, 1.811919], [100.663079, 1.811986], [100.663082, 1.812042], [100.663071, 1.812101], [100.663068, 1.812162], [100.663066, 1.812216], [100.663073, 1.812266], [100.663076, 1.812324], [100.663065, 1.812383], [100.663075, 1.812443], [100.663072, 1.812497], [100.663054, 1.812551], [100.66305, 1.812608], [100.663047, 1.812664], [100.663052, 1.812721], [100.66304, 1.812779], [100.663034, 1.812835], [100.663034, 1.812889], [100.663025, 1.812941], [100.663009, 1.812989], [100.662981, 1.813038], [100.662944, 1.813067], [100.662922, 1.813102], [100.662919, 1.813154], [100.662921, 1.8132], [100.662916, 1.813252], [100.662919, 1.813308], [100.662914, 1.813349], [100.66288, 1.813403], [100.662853, 1.813451], [100.662844, 1.81351], [100.662823, 1.81356], [100.662807, 1.81362], [100.662798, 1.813673], [100.662774, 1.813725], [100.662744, 1.813776], [100.662755, 1.81383], [100.662733, 1.813878], [100.662721, 1.81393], [100.662719, 1.813989], [100.662703, 1.814039], [100.66269, 1.814095], [100.662673, 1.814135], [100.662664, 1.814195], [100.66266, 1.814237], [100.662657, 1.814295], [100.662649, 1.81435], [100.662657, 1.814399], [100.662686, 1.814441], [100.662679, 1.814501], [100.662699, 1.814567], [100.66271, 1.814622], [100.6627, 1.814667], [100.662684, 1.814714], [100.662665, 1.814759], [100.662676, 1.814815], [100.662686, 1.814873], [100.662681, 1.814929], [100.662681, 1.814989], [100.662681, 1.815044], [100.662681, 1.815092], [100.662686, 1.815146], [100.662666, 1.815199], [100.662664, 1.815246], [100.662645, 1.815294], [100.662643, 1.815345], [100.662651, 1.815401], [100.662631, 1.81545], [100.662597, 1.815486], [100.66259, 1.815541], [100.662566, 1.815586], [100.662558, 1.815628], [100.662568, 1.815665], [100.662599, 1.81569], [100.66262, 1.815735], [100.662642, 1.815787], [100.662634, 1.815835], [100.662623, 1.815881], [100.662627, 1.815922], [100.662658, 1.81597], [100.662641, 1.816008], [100.662632, 1.816059], [100.662596, 1.816104], [100.662592, 1.816139], [100.662586, 1.816194], [100.662591, 1.816249], [100.662576, 1.816303], [100.662556, 1.816354], [100.66255, 1.81641], [100.66253, 1.81646], [100.662505, 1.816501], [100.66248, 1.816566], [100.662465, 1.816617], [100.662427, 1.816651], [100.662417, 1.816697], [100.662397, 1.816726], [100.662356, 1.816761], [100.662335, 1.816789], [100.662303, 1.81681], [100.662287, 1.816864], [100.662296, 1.816903], [100.662302, 1.816937], [100.662302, 1.816975], [100.662298, 1.817014], [100.662306, 1.817064], [100.662303, 1.817118], [100.662296, 1.817172], [100.662277, 1.817222], [100.66227, 1.817274], [100.662244, 1.817317], [100.662223, 1.817373], [100.662229, 1.817422], [100.662221, 1.817447], [100.662213, 1.817484], [100.662189, 1.817521], [100.66217, 1.817563], [100.662153, 1.817588], [100.662148, 1.817602], [100.662143, 1.81761], [100.662143, 1.817621], [100.662142, 1.817624], [100.662123, 1.817655], [100.66213, 1.817703], [100.662125, 1.817755], [100.662106, 1.817805], [100.662067, 1.817844], [100.662036, 1.817882], [100.662015, 1.817933], [100.66199, 1.817977], [100.661956, 1.818017], [100.661917, 1.81805], [100.661881, 1.81809], [100.661845, 1.818127], [100.661815, 1.818174], [100.661785, 1.818211], [100.661754, 1.818257], [100.661715, 1.818295], [100.661672, 1.818331], [100.661629, 1.818369], [100.661585, 1.8184], [100.661552, 1.818439], [100.66151, 1.818473], [100.661464, 1.818493], [100.661413, 1.818506], [100.661368, 1.818527], [100.661326, 1.818557], [100.661294, 1.818598], [100.661259, 1.818634], [100.661224, 1.818667], [100.661194, 1.818703], [100.661158, 1.818726], [100.661152, 1.818772], [100.661124, 1.818807], [100.661088, 1.818837], [100.661061, 1.818868], [100.66102, 1.818884], [100.660983, 1.818909], [100.660953, 1.818942], [100.660931, 1.818979], [100.660908, 1.819012], [100.660877, 1.819034], [100.660837, 1.819054], [100.660808, 1.819088], [100.660787, 1.819127], [100.660754, 1.819157], [100.66073, 1.819183], [100.660692, 1.819206], [100.660662, 1.819231], [100.660629, 1.819257], [100.660599, 1.819281], [100.660566, 1.819311], [100.660525, 1.819334], [100.660485, 1.819355], [100.660449, 1.819388], [100.660409, 1.819415], [100.660374, 1.819441], [100.660342, 1.819455], [100.660307, 1.819484], [100.660293, 1.819489], [100.660276, 1.819754]]]]}},
{"type": "Feature", "properties": {"ba_code": "3721", "blockid": "3721J54P02", "division": "05"}, "geometry": {"type": "MultiPolygon", "coordinates": [[[[100.683149, 1.809301], [100.683142, 1.809302], [100.683138, 1.809302], [100.683062, 1.809303], [100.683018, 1.809307], [100.683004, 1.809304], [100.681993, 1.80932], [100.681992, 1.80932], [100.680062, 1.80934], [100.679965, 1.809344], [100.679965, 1.80935], [100.679964, 1.819945], [100.681321, 1.81991], [100.681323, 1.81991], [100.683185, 1.819906], [100.683212, 1.819905], [100.683223, 1.817748], [100.683149, 1.809301]]]]}},
{"type": "Feature", "properties": {"ba_code": "3721", "blockid": "3721I45P90", "division": "01"}, "geometry": {"type": "MultiPolygon", "coordinates": [[[[100.654775, 1.809423], [100.654796, 1.809424], [100.657502, 1.809432], [100.657503, 1.809432], [100.657516, 1.809432], [100.657519, 1.808999], [100.657519, 1.805939], [100.657527, 1.804407], [100.657525, 1.802116], [100.657525, 1.802025], [100.657526, 1.802017], [100.657584, 1.801801], [100.657586, 1.801794], [100.657686, 1.801609], [100.657978, 1.801002], [100.658067, 1.800809], [100.658079, 1.800779], [100.658091, 1.800757], [100.658254, 1.800406], [100.658334, 1.800234], [100.658378, 1.800137], [100.656479, 1.800137], [100.655598, 1.800155], [100.655591, 1.800156], [100.655589, 1.800161], [100.655584, 1.800174], [100.655583, 1.800175], [100.655572, 1.800201], [100.655548, 1.800256], [100.655529, 1.800304], [100.65546, 1.800466], [100.655376, 1.800662], [100.655286, 1.800873], [100.655192, 1.801075], [100.655106, 1.801256], [100.655092, 1.801285], [100.654854, 1.801796], [100.654789, 1.801968], [100.654781, 1.801998], [100.654781, 1.802162], [100.654787, 1.802492], [100.654788, 1.802688], [100.654785, 1.802873], [100.65478, 1.802899], [100.654778, 1.805487], [100.654778, 1.806118], [100.654781, 1.806839], [100.654789, 1.806987], [100.654789, 1.807185], [100.654786, 1.80738], [100.654791, 1.807573], [100.654794, 1.807767], [100.65479, 1.807949], [100.654781, 1.808147], [100.654778, 1.808305], [100.654778, 1.809271], [100.654778, 1.809272], [100.654775, 1.809423]]]]}},
{"type": "Feature", "properties": {"ba_code": "3721", "blockid": "3721I42P90", "division": "01"}, "geometry": {"type": "MultiPolygon", "coordinates": [[[[100.649239, 1.809295], [100.649257, 1.80854], [100.649266, 1.806995], [100.649289, 1.805293], [100.649318, 1.802672], [100.649318, 1.802671], [100.649326, 1.802392], [100.64933, 1.802101], [100.64933, 1.801867], [100.64933, 1.801863], [100.649342, 1.801775], [100.649343, 1.801771], [100.649553, 1.801], [100.649756, 1.800262], [100.649756, 1.800248], [100.649755, 1.800248], [100.649754, 1.800248], [100.647093, 1.800295], [100.647092, 1.800295], [100.647089, 1.800295], [100.647079, 1.800294], [100.647069, 1.800298], [100.647012, 1.800455], [100.646878, 1.800846], [100.646878, 1.800847], [100.646755, 1.801177], [100.646718, 1.801325], [100.646704, 1.801531], [100.646704, 1.801917], [100.64673, 1.802296], [100.646747, 1.802485], [100.646747, 1.802488], [100.646747, 1.802876], [100.646747, 1.802877], [100.646744, 1.802985], [100.646739, 1.804129], [100.646736, 1.804519], [100.646736, 1.80452], [100.646727, 1.804905], [100.646725, 1.805291], [100.646728, 1.805355], [100.646726, 1.805434], [100.646725, 1.805589], [100.646722, 1.805758], [100.646721, 1.805923], [100.646719, 1.806022], [100.646718, 1.806072], [100.646712, 1.806467], [100.646706, 1.807045], [100.646706, 1.807424], [100.646706, 1.807425], [100.646705, 1.807473], [100.646706, 1.807494], [100.6467, 1.807794], [100.646707, 1.808117], [100.646702, 1.808315], [100.646704, 1.808586], [100.646704, 1.808587], [100.646702, 1.808668], [100.646702, 1.808688], [100.646697, 1.808894], [100.646694, 1.808967], [100.646689, 1.809144], [100.646688, 1.809172], [100.646688, 1.809182], [100.646687, 1.809216], [100.646683, 1.809355], [100.64668, 1.809466], [100.646721, 1.809465], [100.646722, 1.809465], [100.647422, 1.809462], [100.647492, 1.809462], [100.647496, 1.809462], [100.647543, 1.809462], [100.649024, 1.80945], [100.649027, 1.80945], [100.649222, 1.809464], [100.649223, 1.809465], [100.649229, 1.809465], [100.649234, 1.809465], [100.649239, 1.809295]]]]}},
{"type": "Feature", "properties": {"ba_code": "3721", "blockid": "3721G57P99", "division": "03"}, "geometry": {"type": "MultiPolygon", "coordinates": [[[[100.688541, 1.790825], [100.688579, 1.790825], [100.688796, 1.790833], [100.691256, 1.79084], [100.691308, 1.79084], [100.691283, 1.790773], [100.691282, 1.790762], [100.69127, 1.789921], [100.691247, 1.788035], [100.691224, 1.785361], [100.691188, 1.782115], [100.691188, 1.782114], [100.691199, 1.78177], [100.691193, 1.781752], [100.69087, 1.781762], [100.690869, 1.781762], [100.688437, 1.781769], [100.688436, 1.781773], [100.688452, 1.781907], [100.688452, 1.78191], [100.688457, 1.78205], [100.688457, 1.782051], [100.688457, 1.78262], [100.688471, 1.783093], [100.688483, 1.783575], [100.688483, 1.783576], [100.688495, 1.784331], [100.688502, 1.78462], [100.688509, 1.784906], [100.688517, 1.785099], [100.688533, 1.785553], [100.688533, 1.785554], [100.688536, 1.785933], [100.688536, 1.785934], [100.688528, 1.786261], [100.688511, 1.787782], [100.688531, 1.789783], [100.688541, 1.790825]]]]}},
{"type": "Feature", "properties": {"ba_code": "3721", "blockid": "3721E56P92", "division": "02"}, "geometry": {"type": "MultiPolygon", "coordinates": [[[[100.685587, 1.773274], [100.685611, 1.773273], [100.68563, 1.773273], [100.685659, 1.773273], [100.685661, 1.773273], [100.687656, 1.773268], [100.688523, 1.773268], [100.688556, 1.773265], [100.68856, 1.773131], [100.688554, 1.772895], [100.688554, 1.772809], [100.688521, 1.770149], [100.688517, 1.769762], [100.688518, 1.769688], [100.688516, 1.769506], [100.688513, 1.769359], [100.688506, 1.769039], [100.688498, 1.768634], [100.688497, 1.768494], [100.688494, 1.768271], [100.688489, 1.767882], [100.688489, 1.767875], [100.688489, 1.767861], [100.688478, 1.767021], [100.688462, 1.766252], [100.688462, 1.766251], [100.688458, 1.766019], [100.688457, 1.765971], [100.688457, 1.765935], [100.688453, 1.765682], [100.688449, 1.764758], [100.688449, 1.764752], [100.688448, 1.764702], [100.688444, 1.764535], [100.688444, 1.764534], [100.688437, 1.763964], [100.688437, 1.763963], [100.688438, 1.763914], [100.687457, 1.763931], [100.68699, 1.763939], [100.685739, 1.76396], [100.685739, 1.763968], [100.685748, 1.764501], [100.685748, 1.764502], [100.685748, 1.764555], [100.685749, 1.764559], [100.685749, 1.764629], [100.685752, 1.764954], [100.685757, 1.765179], [100.685764, 1.765508], [100.685773, 1.76581], [100.685776, 1.766124], [100.685684, 1.770053], [100.685672, 1.77044], [100.685663, 1.770829], [100.685663, 1.77083], [100.685652, 1.771024], [100.685645, 1.771262], [100.685644, 1.771342], [100.685637, 1.771601], [100.685631, 1.771845], [100.685627, 1.772091], [100.685622, 1.772336], [100.685621, 1.772577], [100.685616, 1.772703], [100.685607, 1.772908], [100.685605, 1.77296], [100.685605, 1.772961], [100.685601, 1.773036], [100.685601, 1.773038], [100.685593, 1.773168], [100.685587, 1.773274]]], [[[100.688556, 1.773265], [100.688556, 1.773268], [100.688557, 1.773268], [100.688558, 1.773268], [100.688559, 1.773267], [100.688559, 1.773265], [100.688556, 1.773265]]]]}},
{"type": "Feature", "properties": {"ba_code": "3721", "blockid": "3721K47P02", "division": "05"}, "geometry": {"type": "MultiPolygon", "coordinates": [[[[100.660282, 1.820146], [100.660221, 1.827448], [100.663048, 1.827464], [100.66307, 1.826978], [100.66307, 1.826977], [100.663153, 1.825264], [100.663242, 1.82358], [100.663389, 1.820731], [100.663417, 1.820173], [100.662541, 1.820165], [100.660941, 1.820152], [100.660825, 1.820151], [100.660822, 1.820151], [100.660819, 1.820151], [100.660531, 1.820149], [100.660373, 1.820148], [100.660371, 1.820148], [100.66034, 1.820146], [100.660287, 1.820146], [100.660283, 1.820146], [100.660282, 1.820146]]]]}},
{"type": "Feature", "properties": {"ba_code": "3721", "blockid": "3721G41P89", "division": "01"}, "geometry": {"type": "MultiPolygon", "coordinates": [[[[100.644474, 1.791074], [100.644478, 1.791073], [100.647155, 1.791042], [100.647177, 1.791039], [100.647187, 1.791041], [100.647194, 1.791041], [100.647204, 1.791014], [100.647202, 1.790996], [100.647202, 1.790993], [100.647194, 1.790579], [100.647194, 1.790578], [100.647194, 1.78981], [100.647188, 1.789232], [100.647188, 1.789231], [100.647197, 1.788847], [100.647197, 1.788464], [100.647194, 1.788085], [100.647191, 1.787697], [100.647191, 1.787317], [100.647185, 1.786742], [100.647176, 1.78617], [100.647182, 1.785399], [100.647176, 1.784826], [100.647182, 1.784065], [100.647185, 1.783686], [100.647185, 1.783118], [100.64717, 1.782732], [100.64717, 1.782731], [100.64717, 1.78273], [100.647179, 1.782352], [100.647179, 1.78206], [100.647178, 1.78205], [100.647182, 1.782004], [100.647058, 1.782012], [100.646855, 1.782025], [100.646854, 1.782025], [100.646464, 1.782043], [100.646462, 1.782043], [100.645893, 1.782047], [100.645314, 1.782057], [100.645313, 1.782057], [100.644681, 1.78206], [100.644578, 1.782067], [100.644503, 1.782072], [100.644504, 1.782121], [100.644505, 1.782253], [100.644505, 1.782279], [100.644506, 1.782573], [100.64451, 1.782573], [100.64451, 1.78259], [100.644506, 1.782598], [100.644507, 1.782943], [100.644507, 1.782944], [100.64449, 1.78355], [100.64449, 1.78388], [100.64449, 1.78406], [100.64449, 1.784829], [100.644494, 1.784834], [100.644494, 1.784836], [100.644493, 1.784841], [100.644493, 1.784842], [100.644491, 1.784846], [100.64449, 1.784851], [100.64449, 1.784878], [100.644486, 1.785679], [100.644492, 1.785683], [100.644494, 1.785691], [100.644486, 1.785727], [100.644482, 1.786548], [100.644489, 1.786553], [100.644482, 1.786597], [100.644482, 1.786675], [100.644495, 1.786813], [100.644481, 1.786897], [100.644481, 1.786948], [100.644487, 1.786953], [100.644481, 1.786965], [100.64448, 1.787405], [100.64449, 1.787478], [100.644485, 1.78748], [100.64448, 1.7875], [100.644479, 1.787922], [100.644481, 1.787927], [100.644479, 1.787931], [100.644479, 1.787935], [100.644478, 1.788306], [100.644477, 1.788702], [100.644487, 1.788766], [100.644476, 1.788803], [100.644475, 1.789219], [100.644477, 1.78922], [100.644475, 1.789289], [100.644469, 1.791022], [100.644474, 1.791074]]]]}},
{"type": "Feature", "properties": {"ba_code": "3721", "blockid": "3721E59P98", "division": "02"}, "geometry": {"type": "MultiPolygon", "coordinates": [[[[100.694037, 1.764477], [100.694045, 1.76479], [100.694045, 1.764795], [100.694045, 1.764802], [100.694051, 1.765048], [100.694051, 1.765049], [100.69405, 1.765437], [100.694051, 1.765463], [100.69405, 1.765702], [100.694049, 1.765722], [100.694049, 1.765867], [100.694052, 1.766088], [100.69405, 1.766424], [100.69405, 1.766579], [100.694052, 1.766866], [100.694058, 1.767104], [100.694062, 1.767459], [100.694067, 1.76781], [100.694065, 1.768163], [100.694065, 1.768179], [100.694066, 1.768284], [100.694064, 1.768677], [100.694065, 1.768831], [100.694063, 1.769111], [100.694064, 1.769364], [100.694063, 1.769591], [100.694063, 1.769677], [100.694055, 1.769984], [100.694061, 1.770464], [100.694058, 1.770464], [100.694059, 1.770465], [100.69406, 1.770466], [100.694061, 1.770467], [100.694054, 1.771097], [100.694054, 1.771151], [100.694045, 1.772327], [100.694042, 1.772911], [100.694045, 1.773137], [100.694051, 1.773294], [100.695081, 1.773284], [100.695226, 1.773283], [100.695664, 1.773279], [100.695908, 1.773276], [100.696202, 1.773273], [100.696229, 1.773273], [100.696266, 1.773273], [100.696787, 1.773268], [100.696761, 1.773136], [100.696761, 1.773132], [100.696749, 1.772916], [100.696749, 1.772914], [100.696749, 1.772505], [100.696755, 1.771734], [100.696755, 1.771343], [100.696755, 1.770952], [100.696755, 1.770951], [100.696767, 1.770437], [100.696771, 1.770422], [100.696779, 1.770413], [100.696819, 1.770382], [100.696773, 1.768419], [100.696773, 1.768418], [100.696767, 1.766795], [100.696749, 1.7645], [100.696738, 1.763872], [100.696734, 1.763864], [100.695484, 1.763871], [100.695483, 1.763871], [100.694827, 1.763857], [100.694811, 1.763858], [100.694789, 1.763856], [100.694777, 1.763856], [100.694758, 1.763856], [100.694724, 1.763855], [100.694482, 1.76385], [100.694456, 1.76385], [100.694448, 1.763849], [100.694441, 1.763849], [100.694439, 1.763849], [100.694049, 1.763841], [100.694046, 1.763886], [100.694046, 1.763888], [100.694045, 1.763898], [100.694045, 1.764092], [100.694045, 1.764093], [100.694041, 1.764285], [100.694041, 1.764308], [100.69404, 1.76431], [100.694037, 1.764477]]], [[[100.696846, 1.773241], [100.69685, 1.773263], [100.696865, 1.773263], [100.696867, 1.773241], [100.696846, 1.773241]]], [[[100.696861, 1.770429], [100.69686, 1.77043], [100.696856, 1.770433], [100.69685, 1.770438], [100.696844, 1.770442], [100.696843, 1.770443], [100.696863, 1.770443], [100.696861, 1.770429]]], [[[100.696834, 1.768275], [100.696835, 1.768418], [100.696835, 1.768283], [100.696834, 1.768275]]], [[[100.696865, 1.773263], [100.696865, 1.773265], [100.696866, 1.773265], [100.696866, 1.773264], [100.696867, 1.773264], [100.696868, 1.773263], [100.696865, 1.773263]]]]}},
{"type": "Feature", "properties": {"ba_code": "3721", "blockid": "3721H43P20", "division": "01"}, "geometry": {"type": "MultiPolygon", "coordinates": [[[[100.649818, 1.800145], [100.649818, 1.800165], [100.649879, 1.800162], [100.64988, 1.800162], [100.652555, 1.800127], [100.652556, 1.800127], [100.652558, 1.800127], [100.652562, 1.800125], [100.652563, 1.800118], [100.652563, 1.800079], [100.652563, 1.800078], [100.652562, 1.800075], [100.652567, 1.799983], [100.652572, 1.799886], [100.652579, 1.799696], [100.652579, 1.799695], [100.65259, 1.799504], [100.652604, 1.799217], [100.652623, 1.798823], [100.652632, 1.798624], [100.652644, 1.798333], [100.652652, 1.798144], [100.652652, 1.798143], [100.652663, 1.797921], [100.652682, 1.797448], [100.652693, 1.79716], [100.652703, 1.796777], [100.652709, 1.796489], [100.652721, 1.796204], [100.65273, 1.795919], [100.652741, 1.795635], [100.652749, 1.795347], [100.652759, 1.795062], [100.652776, 1.794393], [100.652793, 1.793919], [100.652803, 1.793446], [100.652812, 1.793128], [100.652813, 1.793044], [100.652819, 1.792911], [100.652819, 1.792901], [100.652819, 1.7929], [100.652826, 1.792672], [100.652838, 1.792102], [100.652845, 1.791805], [100.652857, 1.791429], [100.652863, 1.791051], [100.652859, 1.791002], [100.652851, 1.791002], [100.652817, 1.791003], [100.652816, 1.791003], [100.651877, 1.791019], [100.650884, 1.791045], [100.650883, 1.791045], [100.650154, 1.791045], [100.650146, 1.791639], [100.650148, 1.793044], [100.650132, 1.794592], [100.650132, 1.794593], [100.650126, 1.794783], [100.650116, 1.795169], [100.650093, 1.796326], [100.650081, 1.797476], [100.65007, 1.798287], [100.65007, 1.798288], [100.650058, 1.798657], [100.650058, 1.79866], [100.650042, 1.798773], [100.650028, 1.798903], [100.650011, 1.798994], [100.650011, 1.798996], [100.650008, 1.799007], [100.650001, 1.799047], [100.649967, 1.799176], [100.649965, 1.799183], [100.6499, 1.799444], [100.649843, 1.799735], [100.649833, 1.799847], [100.649831, 1.799881], [100.649818, 1.800145]]]]}},
{"type": "Feature", "properties": {"ba_code": "3721", "blockid": "3721G40P89", "division": "01"}, "geometry": {"type": "MultiPolygon", "coordinates": [[[[100.641617, 1.791126], [100.641686, 1.791133], [100.641819, 1.791135], [100.642022, 1.791141], [100.6444, 1.79112], [100.644415, 1.791109], [100.644407, 1.791026], [100.644407, 1.791023], [100.644416, 1.788306], [100.644417, 1.787927], [100.644415, 1.787909], [100.644417, 1.787885], [100.644419, 1.786788], [100.644428, 1.784878], [100.644428, 1.78355], [100.644428, 1.783549], [100.644445, 1.782943], [100.644442, 1.782148], [100.644443, 1.782077], [100.643971, 1.782089], [100.64397, 1.782089], [100.643403, 1.782092], [100.642826, 1.782095], [100.641776, 1.7821], [100.641763, 1.782101], [100.641671, 1.782188], [100.641668, 1.782364], [100.641664, 1.782718], [100.641663, 1.783108], [100.641656, 1.783472], [100.641656, 1.783792], [100.641653, 1.784076], [100.641651, 1.78435], [100.641645, 1.784643], [100.641639, 1.784985], [100.641632, 1.785049], [100.641645, 1.785309], [100.641637, 1.785688], [100.641637, 1.786039], [100.641629, 1.786419], [100.641628, 1.786848], [100.641633, 1.787269], [100.64163, 1.787678], [100.641623, 1.78809], [100.641607, 1.78849], [100.641606, 1.788841], [100.641598, 1.78916], [100.641596, 1.789473], [100.641598, 1.789808], [100.641603, 1.790116], [100.641592, 1.790414], [100.641593, 1.790693], [100.641595, 1.790922], [100.641588, 1.791073], [100.641595, 1.791093], [100.641595, 1.791094], [100.641605, 1.791115], [100.641618, 1.791126], [100.641617, 1.791126]]]]}},
{"type": "Feature", "properties": {"ba_code": "3721", "blockid": "3721J49P01", "division": "05"}, "geometry": {"type": "MultiPolygon", "coordinates": [[[[100.666436, 1.809569], [100.66649, 1.819822], [100.666492, 1.819919], [100.666493, 1.819994], [100.666494, 1.820071], [100.666516, 1.820071], [100.668846, 1.820075], [100.668848, 1.820075], [100.668857, 1.820075], [100.668885, 1.818172], [100.66892, 1.815658], [100.668964, 1.811659], [100.668964, 1.811658], [100.668999, 1.809488], [100.668965, 1.809489], [100.668963, 1.809489], [100.66766, 1.809495], [100.666912, 1.809501], [100.666911, 1.809501], [100.666466, 1.809493], [100.666446, 1.809496], [100.666436, 1.809569]]]]}},
{"type": "Feature", "properties": {"ba_code": "3721", "blockid": "3721L41P02", "division": "05"}, "geometry": {"type": "MultiPolygon", "coordinates": [[[[100.644296, 1.837627], [100.646068, 1.837709], [100.646372, 1.837593], [100.646515, 1.827677], [100.645341, 1.82768], [100.645343, 1.827682], [100.645338, 1.827692], [100.645338, 1.827701], [100.645344, 1.82772], [100.645344, 1.827751], [100.645344, 1.827757], [100.645331, 1.827791], [100.645337, 1.827827], [100.645339, 1.827854], [100.645337, 1.827896], [100.64532, 1.827943], [100.645339, 1.82797], [100.645336, 1.828], [100.645355, 1.828024], [100.645338, 1.828057], [100.645331, 1.828106], [100.64534, 1.828116], [100.645357, 1.82814], [100.645357, 1.828174], [100.645357, 1.828199], [100.645357, 1.828208], [100.645361, 1.828238], [100.645365, 1.828252], [100.645366, 1.828254], [100.645351, 1.828252], [100.645316, 1.828244], [100.645303, 1.82827], [100.645294, 1.828287], [100.645282, 1.828306], [100.645259, 1.828354], [100.645249, 1.828369], [100.645238, 1.828398], [100.645229, 1.828419], [100.645239, 1.828428], [100.645256, 1.828426], [100.64526, 1.828462], [100.645259, 1.82849], [100.645271, 1.828524], [100.645271, 1.828554], [100.645269, 1.828553], [100.645268, 1.828554], [100.645269, 1.828571], [100.645261, 1.828593], [100.645266, 1.828635], [100.645261, 1.828665], [100.645254, 1.828682], [100.645218, 1.828718], [100.64518, 1.82872], [100.645132, 1.828745], [100.645117, 1.828769], [100.645134, 1.828807], [100.645146, 1.828848], [100.645129, 1.828874], [100.645135, 1.828957], [100.645169, 1.828985], [100.645195, 1.828992], [100.645206, 1.829009], [100.645221, 1.829017], [100.645219, 1.829018], [100.645205, 1.829292], [100.645266, 1.829641], [100.645277, 1.829655], [100.645268, 1.829654], [100.645271, 1.82967], [100.645271, 1.829671], [100.645248, 1.829672], [100.645248, 1.830472], [100.64377, 1.830472], [100.64354, 1.837608], [100.644296, 1.837627]]]]}},
{"type": "Feature", "properties": {"ba_code": "3721", "blockid": "3721K57P06", "division": "05"}, "geometry": {"type": "MultiPolygon", "coordinates": [[[[100.688563, 1.820572], [100.689795, 1.819884], [100.68859, 1.819903], [100.688581, 1.819904], [100.688581, 1.819926], [100.688581, 1.819929], [100.688563, 1.82012], [100.688563, 1.820572]]]]}},
{"type": "Feature", "properties": {"ba_code": "3721", "blockid": "3721J51P01", "division": "05"}, "geometry": {"type": "MultiPolygon", "coordinates": [[[[100.671849, 1.816961], [100.671853, 1.817127], [100.671858, 1.81736], [100.671928, 1.820065], [100.67193, 1.820065], [100.672227, 1.820063], [100.672238, 1.820063], [100.674222, 1.820053], [100.674345, 1.811882], [100.67438, 1.80943], [100.67438, 1.809429], [100.672684, 1.809439], [100.671772, 1.809448], [100.671694, 1.809448], [100.671666, 1.809463], [100.671723, 1.811796], [100.671767, 1.813545], [100.671811, 1.815334], [100.671849, 1.816961]]]]}},
{"type": "Feature", "properties": {"ba_code": "3721", "blockid": "3721D50P20", "division": "02"}, "geometry": {"type": "MultiPolygon", "coordinates": [[[[100.669137, 1.755918], [100.669137, 1.756156], [100.66914, 1.757376], [100.669141, 1.758704], [100.669141, 1.758901], [100.669141, 1.760129], [100.669144, 1.76042], [100.669148, 1.761469], [100.669147, 1.762323], [100.669148, 1.763753], [100.669148, 1.763754], [100.669143, 1.763946], [100.669145, 1.764081], [100.669145, 1.764095], [100.671823, 1.764001], [100.671824, 1.764001], [100.671862, 1.764001], [100.671863, 1.763998], [100.671869, 1.763086], [100.671867, 1.762873], [100.671871, 1.762681], [100.671872, 1.762635], [100.671872, 1.762612], [100.671865, 1.762563], [100.67187, 1.762278], [100.671872, 1.761999], [100.671871, 1.761967], [100.67187, 1.761777], [100.67187, 1.761551], [100.671872, 1.76131], [100.671875, 1.761074], [100.67188, 1.760412], [100.67188, 1.760379], [100.67188, 1.760226], [100.671881, 1.760176], [100.671884, 1.759988], [100.671888, 1.759755], [100.671889, 1.759538], [100.67189, 1.759305], [100.671892, 1.759077], [100.671895, 1.758871], [100.6719, 1.758668], [100.6719, 1.758458], [100.671898, 1.758238], [100.671903, 1.758082], [100.671905, 1.757864], [100.671907, 1.757485], [100.671909, 1.757287], [100.671916, 1.756647], [100.671917, 1.756556], [100.671934, 1.755237], [100.671933, 1.755143], [100.671812, 1.755144], [100.669148, 1.755121], [100.66915, 1.755131], [100.66915, 1.755133], [100.669157, 1.755202], [100.669157, 1.755205], [100.669156, 1.755403], [100.669156, 1.755404], [100.669148, 1.755603], [100.669148, 1.755604], [100.669146, 1.755639], [100.669146, 1.755641], [100.669142, 1.755721], [100.669137, 1.755918]]]]}},
{"type": "Feature", "properties": {"ba_code": "3721", "blockid": "3721D51P92", "division": "02"}, "geometry": {"type": "MultiPolygon", "coordinates": [[[[100.671925, 1.764001], [100.671944, 1.764], [100.671962, 1.764], [100.671965, 1.764], [100.674545, 1.763989], [100.674548, 1.763989], [100.674626, 1.763989], [100.674626, 1.763964], [100.674626, 1.763963], [100.674632, 1.762343], [100.674638, 1.760456], [100.674639, 1.75931], [100.674671, 1.755139], [100.674627, 1.755134], [100.674493, 1.755135], [100.674286, 1.755136], [100.674065, 1.755135], [100.673846, 1.755131], [100.673793, 1.75513], [100.673049, 1.755135], [100.672693, 1.755138], [100.672, 1.755143], [100.671998, 1.755403], [100.671998, 1.755426], [100.671998, 1.755427], [100.671997, 1.755487], [100.671929, 1.763366], [100.671925, 1.764001]]]]}},
{"type": "Feature", "properties": {"ba_code": "3721", "blockid": "3721I41P90", "division": "01"}, "geometry": {"type": "MultiPolygon", "coordinates": [[[[100.643803, 1.806347], [100.643803, 1.806725], [100.643807, 1.807223], [100.643807, 1.807227], [100.643807, 1.807233], [100.643809, 1.807493], [100.643821, 1.808775], [100.643822, 1.808799], [100.643829, 1.809154], [100.643825, 1.809225], [100.643827, 1.809417], [100.643827, 1.809418], [100.643825, 1.809482], [100.645744, 1.809485], [100.64658, 1.809467], [100.646581, 1.809466], [100.646584, 1.809467], [100.646604, 1.809467], [100.646618, 1.809467], [100.646619, 1.80942], [100.646619, 1.809419], [100.646621, 1.809353], [100.646642, 1.808586], [100.646636, 1.807821], [100.646636, 1.80782], [100.646644, 1.807424], [100.646644, 1.80739], [100.646641, 1.80739], [100.646641, 1.807387], [100.646644, 1.807388], [100.646644, 1.807374], [100.646641, 1.807371], [100.646644, 1.807373], [100.646644, 1.807045], [100.64665, 1.806467], [100.646656, 1.806072], [100.646662, 1.805483], [100.646665, 1.804905], [100.646665, 1.804904], [100.646674, 1.804519], [100.646677, 1.804129], [100.646682, 1.802984], [100.646682, 1.802983], [100.646685, 1.802876], [100.646685, 1.802489], [100.646668, 1.802301], [100.646668, 1.8023], [100.646642, 1.80192], [100.646642, 1.801918], [100.646642, 1.801786], [100.646641, 1.801742], [100.646642, 1.801702], [100.646642, 1.80153], [100.646642, 1.801528], [100.646656, 1.801318], [100.646656, 1.801312], [100.646694, 1.80116], [100.646695, 1.801157], [100.646748, 1.801013], [100.646762, 1.800973], [100.646778, 1.800933], [100.646818, 1.800825], [100.646952, 1.800435], [100.646952, 1.800434], [100.646982, 1.80035], [100.646987, 1.800334], [100.64699, 1.800328], [100.647004, 1.800289], [100.644455, 1.800324], [100.644454, 1.800324], [100.644451, 1.800324], [100.644443, 1.800323], [100.644443, 1.800334], [100.644443, 1.800353], [100.644443, 1.800354], [100.644437, 1.801031], [100.644437, 1.801422], [100.644441, 1.801489], [100.644419, 1.801648], [100.644388, 1.802008], [100.644388, 1.80201], [100.644277, 1.802778], [100.644186, 1.803356], [100.644087, 1.803952], [100.643993, 1.804541], [100.643955, 1.804757], [100.643903, 1.805167], [100.643862, 1.805564], [100.643833, 1.805954], [100.643833, 1.805955], [100.643815, 1.806158], [100.643803, 1.806347]]]]}},
{"type": "Feature", "properties": {"ba_code": "3721", "blockid": "3721I46P90", "division": "01"}, "geometry": {"type": "MultiPolygon", "coordinates": [[[[100.657578, 1.809434], [100.657611, 1.809435], [100.657831, 1.809435], [100.657835, 1.809434], [100.659242, 1.809431], [100.659269, 1.809431], [100.659302, 1.809431], [100.660259, 1.809429], [100.660277, 1.809427], [100.660281, 1.809418], [100.660282, 1.809419], [100.660282, 1.808526], [100.660277, 1.807976], [100.660277, 1.804526], [100.660282, 1.800097], [100.660278, 1.800097], [100.660277, 1.800098], [100.660273, 1.800097], [100.658474, 1.800134], [100.658452, 1.800135], [100.658447, 1.80014], [100.658371, 1.800304], [100.658333, 1.800386], [100.658285, 1.800496], [100.658244, 1.800581], [100.658235, 1.800598], [100.658035, 1.801028], [100.658034, 1.801029], [100.657742, 1.801637], [100.657742, 1.801638], [100.657707, 1.801703], [100.657678, 1.801764], [100.65763, 1.80187], [100.657609, 1.801949], [100.657594, 1.802007], [100.657588, 1.802034], [100.657588, 1.802116], [100.65759, 1.802533], [100.65759, 1.802534], [100.65759, 1.802673], [100.657593, 1.803639], [100.657592, 1.803819], [100.657594, 1.804219], [100.657596, 1.804226], [100.657602, 1.805101], [100.657601, 1.805159], [100.657599, 1.805287], [100.657596, 1.805374], [100.6576, 1.805438], [100.657599, 1.805566], [100.657597, 1.805696], [100.657595, 1.805811], [100.657595, 1.805894], [100.657594, 1.806003], [100.657595, 1.806125], [100.657598, 1.80622], [100.657597, 1.806347], [100.657597, 1.806486], [100.657595, 1.806631], [100.657593, 1.806766], [100.657591, 1.806886], [100.657589, 1.807014], [100.65759, 1.807133], [100.657592, 1.807217], [100.657589, 1.807325], [100.657588, 1.807465], [100.657591, 1.807613], [100.65759, 1.80776], [100.657589, 1.807932], [100.657587, 1.808106], [100.657586, 1.808252], [100.657587, 1.808408], [100.657584, 1.808526], [100.657581, 1.808633], [100.657581, 1.808722], [100.657583, 1.80883], [100.657581, 1.808908], [100.657581, 1.808999], [100.657578, 1.809434]]]]}},
{"type": "Feature", "properties": {"ba_code": "3721", "blockid": "3721I44P90", "division": "01"}, "geometry": {"type": "MultiPolygon", "coordinates": [[[[100.652067, 1.809444], [100.652132, 1.809441], [100.652134, 1.809441], [100.652184, 1.809441], [100.652207, 1.809436], [100.652457, 1.809437], [100.652526, 1.809438], [100.654552, 1.809422], [100.654713, 1.809421], [100.654716, 1.809271], [100.654716, 1.805487], [100.654716, 1.805084], [100.654711, 1.802055], [100.654712, 1.802049], [100.654719, 1.802021], [100.654714, 1.801999], [100.654721, 1.801966], [100.654729, 1.801929], [100.654748, 1.80189], [100.65477, 1.801841], [100.654796, 1.801773], [100.654796, 1.801771], [100.655159, 1.800989], [100.655516, 1.80017], [100.655506, 1.800166], [100.652633, 1.800219], [100.652632, 1.800219], [100.652626, 1.800219], [100.652623, 1.800219], [100.652621, 1.800252], [100.652621, 1.800258], [100.652571, 1.800454], [100.65257, 1.800455], [100.652496, 1.800715], [100.652496, 1.800716], [100.652399, 1.801001], [100.652284, 1.801352], [100.652157, 1.801754], [100.652132, 1.801856], [100.652131, 1.801858], [100.652118, 1.801899], [100.652111, 1.801929], [100.6521, 1.80204], [100.652098, 1.802187], [100.652103, 1.802364], [100.6521, 1.802543], [100.652098, 1.802718], [100.652097, 1.802898], [100.6521, 1.803086], [100.652099, 1.803276], [100.6521, 1.803474], [100.652104, 1.803663], [100.652096, 1.803853], [100.652095, 1.804037], [100.652098, 1.804224], [100.652102, 1.804423], [100.652101, 1.804598], [100.652104, 1.805357], [100.652104, 1.805496], [100.652107, 1.805629], [100.652101, 1.805862], [100.652102, 1.805879], [100.652109, 1.806142], [100.652084, 1.806652], [100.652084, 1.806666], [100.652073, 1.808248], [100.652067, 1.809444]]]]}},
{"type": "Feature", "properties": {"ba_code": "3721", "blockid": "3721L42P02", "division": "05"}, "geometry": {"type": "MultiPolygon", "coordinates": [[[[100.646436, 1.837568], [100.649546, 1.836378], [100.649539, 1.83576], [100.649477, 1.830472], [100.649408, 1.827634], [100.647627, 1.827656], [100.646575, 1.827672], [100.64655, 1.829903], [100.646436, 1.837568]]]]}},
{"type": "Feature", "properties": {"ba_code": "3721", "blockid": "3721I51P17", "division": "04"}, "geometry": {"type": "MultiPolygon", "coordinates": [[[[100.674274, 1.809187], [100.674269, 1.809179], [100.674271, 1.809136], [100.67427, 1.809089], [100.67427, 1.809088], [100.67427, 1.809038], [100.674271, 1.808989], [100.67427, 1.808936], [100.67427, 1.808935], [100.67427, 1.808878], [100.67427, 1.808877], [100.674272, 1.808816], [100.674271, 1.808751], [100.674271, 1.80875], [100.674272, 1.808684], [100.674274, 1.808619], [100.674274, 1.808551], [100.674274, 1.808484], [100.674276, 1.808416], [100.674278, 1.808348], [100.674279, 1.808278], [100.674281, 1.808209], [100.674282, 1.80814], [100.674283, 1.808069], [100.674284, 1.807997], [100.674285, 1.807924], [100.674286, 1.807849], [100.674287, 1.807774], [100.674287, 1.807773], [100.674334, 1.802715], [100.674334, 1.802695], [100.674334, 1.802694], [100.674334, 1.802692], [100.674335, 1.802677], [100.674359, 1.800032], [100.674353, 1.800029], [100.674345, 1.80001], [100.671605, 1.80001], [100.671588, 1.801708], [100.671589, 1.801718], [100.671589, 1.801719], [100.671589, 1.801792], [100.671588, 1.801864], [100.671588, 1.801865], [100.671586, 1.801891], [100.671532, 1.80732], [100.671533, 1.807366], [100.671532, 1.807429], [100.671531, 1.80749], [100.671531, 1.807551], [100.671531, 1.807611], [100.671532, 1.807671], [100.671532, 1.807672], [100.671532, 1.807731], [100.671531, 1.807789], [100.671531, 1.807847], [100.67153, 1.807904], [100.67153, 1.807905], [100.671527, 1.807962], [100.671527, 1.80802], [100.671528, 1.80808], [100.67153, 1.808141], [100.671532, 1.808203], [100.671532, 1.808204], [100.671533, 1.808269], [100.671533, 1.808338], [100.671532, 1.808406], [100.671531, 1.808472], [100.671533, 1.808536], [100.671534, 1.808598], [100.671536, 1.808659], [100.671536, 1.808719], [100.671536, 1.80872], [100.671534, 1.808776], [100.671534, 1.80883], [100.671535, 1.808882], [100.671535, 1.808883], [100.671533, 1.808933], [100.671533, 1.808934], [100.671531, 1.808984], [100.671531, 1.809033], [100.671533, 1.809079], [100.671534, 1.809117], [100.671536, 1.809152], [100.671536, 1.809153], [100.671536, 1.809154], [100.671535, 1.809184], [100.671521, 1.809206], [100.671513, 1.809206], [100.671512, 1.809304], [100.674273, 1.809267], [100.674274, 1.809187]]]]}},
{"type": "Feature", "properties": {"ba_code": "3721", "blockid": "3721F53P98", "division": "03"}, "geometry": {"type": "MultiPolygon", "coordinates": [[[[100.677426, 1.778789], [100.677426, 1.77993], [100.67743, 1.780692], [100.677438, 1.781169], [100.677438, 1.78117], [100.677441, 1.781647], [100.677441, 1.781649], [100.677441, 1.781653], [100.677439, 1.781699], [100.677469, 1.781699], [100.6775, 1.781698], [100.677544, 1.781698], [100.677952, 1.781697], [100.67971, 1.781696], [100.679852, 1.781695], [100.679861, 1.781696], [100.680144, 1.781695], [100.680228, 1.781695], [100.680242, 1.781695], [100.680245, 1.781692], [100.680247, 1.781579], [100.680245, 1.78154], [100.680246, 1.781386], [100.680245, 1.781175], [100.680246, 1.781036], [100.680245, 1.780751], [100.680246, 1.779993], [100.68024, 1.779138], [100.68024, 1.778475], [100.680236, 1.778371], [100.680236, 1.77837], [100.680236, 1.778086], [100.680233, 1.777605], [100.680223, 1.77675], [100.680218, 1.776465], [100.680218, 1.776464], [100.680214, 1.775707], [100.680214, 1.775516], [100.680208, 1.775375], [100.680208, 1.775374], [100.680211, 1.775182], [100.680212, 1.774897], [100.680208, 1.773942], [100.680204, 1.773748], [100.680196, 1.773402], [100.680196, 1.773397], [100.680195, 1.773351], [100.677477, 1.773363], [100.677435, 1.773363], [100.677435, 1.773421], [100.677435, 1.773561], [100.677432, 1.775271], [100.67743, 1.776413], [100.67743, 1.776714], [100.67743, 1.77746], [100.677426, 1.778789]]]]}},
{"type": "Feature", "properties": {"ba_code": "3721", "blockid": "3721F55P95", "division": "03"}, "geometry": {"type": "MultiPolygon", "coordinates": [[[[100.682925, 1.780016], [100.682925, 1.780443], [100.682926, 1.780773], [100.682924, 1.781125], [100.682918, 1.78149], [100.682919, 1.781623], [100.682917, 1.781652], [100.682917, 1.781672], [100.682916, 1.781693], [100.682974, 1.781693], [100.682985, 1.781693], [100.683622, 1.781693], [100.683903, 1.781693], [100.68411, 1.78169], [100.684547, 1.781692], [100.68497, 1.781689], [100.685645, 1.78169], [100.685643, 1.781586], [100.685643, 1.781576], [100.685645, 1.781527], [100.685645, 1.781515], [100.685644, 1.781304], [100.685643, 1.781288], [100.685643, 1.781176], [100.685642, 1.781006], [100.685641, 1.780918], [100.685641, 1.780894], [100.685638, 1.780383], [100.685634, 1.780216], [100.685629, 1.779949], [100.68563, 1.779675], [100.685624, 1.779399], [100.685621, 1.779128], [100.685615, 1.778847], [100.685608, 1.778567], [100.685604, 1.778282], [100.685602, 1.777982], [100.6856, 1.777672], [100.685598, 1.777376], [100.685598, 1.77725], [100.685584, 1.77693], [100.685575, 1.776737], [100.685575, 1.776736], [100.685569, 1.776357], [100.685555, 1.77559], [100.685555, 1.775589], [100.685549, 1.775211], [100.685522, 1.773681], [100.685522, 1.77368], [100.68552, 1.773355], [100.68552, 1.773354], [100.685404, 1.773354], [100.683261, 1.773331], [100.682983, 1.77333], [100.682925, 1.780016]]]]}},
{"type": "Feature", "properties": {"ba_code": "3721", "blockid": "3721G53P93", "division": "03"}, "geometry": {"type": "MultiPolygon", "coordinates": [[[[100.677416, 1.790789], [100.678136, 1.790792], [100.680097, 1.79081], [100.680099, 1.790769], [100.680106, 1.790579], [100.680109, 1.790485], [100.680107, 1.789916], [100.680113, 1.78887], [100.680118, 1.788209], [100.680112, 1.787824], [100.680115, 1.787615], [100.68011, 1.787237], [100.68011, 1.787123], [100.680096, 1.786962], [100.680096, 1.786961], [100.680091, 1.786877], [100.680091, 1.786875], [100.68009, 1.786795], [100.68009, 1.786793], [100.680099, 1.786644], [100.68011, 1.786441], [100.680113, 1.786343], [100.680113, 1.786341], [100.680122, 1.786243], [100.680133, 1.785993], [100.680131, 1.785845], [100.680131, 1.785844], [100.680131, 1.785843], [100.680134, 1.78575], [100.680132, 1.785559], [100.680135, 1.785369], [100.680138, 1.784611], [100.680144, 1.784142], [100.680142, 1.783857], [100.680151, 1.783286], [100.680156, 1.782906], [100.680154, 1.782738], [100.680154, 1.782261], [100.680154, 1.78226], [100.680161, 1.78188], [100.680162, 1.781775], [100.680118, 1.781775], [100.677952, 1.781777], [100.67744, 1.78178], [100.67744, 1.781806], [100.677442, 1.781831], [100.677442, 1.781833], [100.677446, 1.781928], [100.677446, 1.781929], [100.677446, 1.781931], [100.677439, 1.782027], [100.67743, 1.782691], [100.677435, 1.783452], [100.677433, 1.784021], [100.677433, 1.784022], [100.677417, 1.784777], [100.677413, 1.785543], [100.677413, 1.786602], [100.677408, 1.787269], [100.677403, 1.787747], [100.677408, 1.787883], [100.677408, 1.787884], [100.677408, 1.787885], [100.6774, 1.788386], [100.677403, 1.789052], [100.6774, 1.789619], [100.677404, 1.790381], [100.677408, 1.79076], [100.677416, 1.790789]]]]}},
{"type": "Feature", "properties": {"ba_code": "3721", "blockid": "3721H46P90", "division": "01"}, "geometry": {"type": "MultiPolygon", "coordinates": [[[[100.65844, 1.795237], [100.658437, 1.79528], [100.658438, 1.795283], [100.658441, 1.79531], [100.658442, 1.795379], [100.658446, 1.795424], [100.658446, 1.795427], [100.658446, 1.795802], [100.658469, 1.798446], [100.658469, 1.798457], [100.658479, 1.799582], [100.658498, 1.800016], [100.658498, 1.800017], [100.658496, 1.80003], [100.658486, 1.800054], [100.658615, 1.800051], [100.658844, 1.800046], [100.659106, 1.800038], [100.659368, 1.800032], [100.659646, 1.800028], [100.659717, 1.800028], [100.660292, 1.800016], [100.660293, 1.800016], [100.660296, 1.800016], [100.660299, 1.8], [100.660288, 1.799811], [100.660288, 1.79981], [100.660282, 1.799553], [100.660277, 1.799413], [100.660277, 1.799412], [100.660277, 1.79941], [100.6603, 1.799019], [100.6603, 1.799018], [100.660317, 1.798857], [100.660318, 1.798847], [100.660321, 1.798812], [100.660328, 1.798759], [100.660335, 1.798692], [100.660335, 1.798565], [100.660335, 1.798563], [100.660352, 1.79834], [100.660354, 1.798315], [100.660368, 1.798276], [100.660423, 1.798093], [100.66044, 1.797677], [100.66044, 1.797532], [100.66044, 1.797529], [100.660475, 1.797154], [100.660481, 1.797074], [100.660502, 1.796862], [100.660517, 1.796678], [100.660521, 1.796614], [100.660529, 1.796439], [100.660536, 1.796372], [100.660563, 1.795954], [100.660618, 1.79495], [100.66062, 1.79491], [100.660629, 1.794738], [100.660638, 1.794595], [100.660641, 1.79454], [100.660641, 1.794537], [100.660651, 1.794327], [100.660661, 1.794104], [100.660672, 1.793862], [100.660685, 1.793631], [100.660691, 1.793497], [100.660691, 1.793494], [100.660712, 1.793325], [100.660735, 1.793107], [100.660758, 1.792956], [100.660777, 1.792808], [100.660777, 1.792805], [100.660782, 1.792761], [100.659152, 1.792792], [100.659151, 1.792792], [100.659156, 1.792823], [100.659155, 1.792875], [100.659164, 1.792928], [100.65917, 1.792985], [100.659157, 1.793018], [100.659126, 1.793029], [100.659105, 1.793054], [100.659058, 1.793056], [100.659014, 1.793059], [100.658977, 1.79306], [100.658923, 1.793067], [100.658878, 1.793078], [100.658831, 1.793078], [100.658789, 1.793092], [100.658741, 1.793097], [100.658698, 1.793096], [100.658655, 1.793088], [100.658612, 1.793079], [100.658566, 1.793078], [100.658559, 1.793074], [100.658411, 1.793069], [100.658411, 1.793229], [100.658412, 1.793425], [100.65842, 1.793606], [100.658426, 1.793713], [100.658426, 1.793742], [100.658428, 1.793798], [100.658428, 1.793799], [100.658428, 1.7938], [100.658418, 1.794202], [100.658434, 1.794621], [100.658434, 1.794622], [100.658434, 1.794624], [100.658422, 1.794788], [100.658421, 1.794795], [100.658381, 1.794931], [100.658381, 1.794976], [100.658393, 1.795072], [100.658439, 1.795226], [100.65844, 1.795235], [100.65844, 1.795237]]]]}},
{"type": "Feature", "properties": {"ba_code": "3721", "blockid": "3721D59P02", "division": "02"}, "geometry": {"type": "MultiPolygon", "coordinates": [[[[100.696766, 1.755138], [100.696783, 1.758835], [100.696823, 1.763782], [100.696823, 1.763783], [100.698674, 1.763772], [100.698998, 1.76377], [100.69897, 1.763441], [100.69897, 1.762837], [100.69896, 1.76229], [100.699018, 1.76156], [100.699018, 1.76108], [100.699124, 1.760668], [100.699656, 1.760021], [100.699591, 1.755182], [100.699595, 1.75514], [100.69677, 1.755135], [100.696768, 1.755138], [100.696766, 1.755138]], [[100.696847, 1.763764], [100.696847, 1.763767], [100.696846, 1.763766], [100.696847, 1.763764]]]]}},
{"type": "Feature", "properties": {"ba_code": "3721", "blockid": "3721H58P01", "division": "04"}, "geometry": {"type": "MultiPolygon", "coordinates": [[[[100.691326, 1.791629], [100.691326, 1.792373], [100.691385, 1.799707], [100.691409, 1.799788], [100.691429, 1.799805], [100.69349, 1.799793], [100.694062, 1.790951], [100.693854, 1.790937], [100.693592, 1.790949], [100.69359, 1.790949], [100.693588, 1.790949], [100.693049, 1.790918], [100.691371, 1.79092], [100.691329, 1.790921], [100.691326, 1.790944], [100.691326, 1.791629]]]]}},
{"type": "Feature", "properties": {"ba_code": "3721", "blockid": "3721F40P89", "division": "01"}, "geometry": {"type": "MultiPolygon", "coordinates": [[[[100.641664, 1.779574], [100.641668, 1.779819], [100.641664, 1.780012], [100.641668, 1.780057], [100.641667, 1.780058], [100.641668, 1.780058], [100.641669, 1.780167], [100.641672, 1.780387], [100.641674, 1.780652], [100.641675, 1.780933], [100.641674, 1.781208], [100.641674, 1.78148], [100.641674, 1.781708], [100.641673, 1.781895], [100.641707, 1.782014], [100.641744, 1.78202], [100.642826, 1.782015], [100.643403, 1.782012], [100.643969, 1.782009], [100.644444, 1.781996], [100.644445, 1.781951], [100.644445, 1.781947], [100.644446, 1.78182], [100.644445, 1.781789], [100.644444, 1.781642], [100.644443, 1.781626], [100.644442, 1.781194], [100.644447, 1.780944], [100.644452, 1.780787], [100.64446, 1.779297], [100.644457, 1.778734], [100.644451, 1.777409], [100.644446, 1.777261], [100.644442, 1.777168], [100.644443, 1.777134], [100.644439, 1.777018], [100.644439, 1.777017], [100.644439, 1.777016], [100.644448, 1.776657], [100.644447, 1.776608], [100.644445, 1.776434], [100.644443, 1.77624], [100.644444, 1.776211], [100.644442, 1.776054], [100.644445, 1.775812], [100.644444, 1.77578], [100.644447, 1.775544], [100.644446, 1.775322], [100.644447, 1.775124], [100.644438, 1.774976], [100.644438, 1.774915], [100.644326, 1.774895], [100.644106, 1.774903], [100.643886, 1.774907], [100.643643, 1.774912], [100.643358, 1.774906], [100.643073, 1.774902], [100.642791, 1.774911], [100.642575, 1.774917], [100.642389, 1.774921], [100.642212, 1.774917], [100.64205, 1.774918], [100.642, 1.774924], [100.642012, 1.774913], [100.642015, 1.77491], [100.642013, 1.774885], [100.641988, 1.774896], [100.641987, 1.774919], [100.641909, 1.774929], [100.641758, 1.77493], [100.641697, 1.774949], [100.6417, 1.775023], [100.641699, 1.775109], [100.6417, 1.775367], [100.641701, 1.775665], [100.641702, 1.775958], [100.641706, 1.776244], [100.641697, 1.776531], [100.641689, 1.776845], [100.641684, 1.777183], [100.641684, 1.777519], [100.641682, 1.777838], [100.641677, 1.778133], [100.641679, 1.778435], [100.641679, 1.778743], [100.641666, 1.779034], [100.64167, 1.779311], [100.641664, 1.779574]]], [[[100.641696, 1.774947], [100.641697, 1.774948], [100.641697, 1.774936], [100.641696, 1.774942], [100.641696, 1.774943], [100.641696, 1.774944], [100.641696, 1.774946], [100.641696, 1.774947]]], [[[100.641695, 1.774949], [100.641695, 1.77495], [100.641697, 1.774949], [100.641697, 1.774948], [100.641696, 1.774948], [100.641695, 1.774949]]]]}},
{"type": "Feature", "properties": {"ba_code": "3721", "blockid": "3721G47P18", "division": "03"}, "geometry": {"type": "MultiPolygon", "coordinates": [[[[100.663708, 1.788828], [100.663706, 1.78875], [100.663706, 1.788749], [100.663705, 1.788658], [100.663654, 1.785352], [100.663615, 1.781892], [100.66361, 1.781886], [100.663594, 1.781879], [100.663591, 1.781877], [100.663558, 1.781836], [100.663091, 1.781841], [100.663082, 1.781841], [100.662815, 1.781845], [100.662814, 1.781845], [100.66248, 1.781847], [100.662134, 1.781851], [100.661812, 1.781856], [100.661516, 1.781861], [100.661515, 1.781861], [100.661244, 1.781862], [100.661023, 1.781865], [100.661005, 1.781881], [100.660982, 1.78189], [100.660942, 1.781927], [100.660844, 1.786729], [100.660843, 1.78681], [100.660843, 1.786811], [100.660835, 1.787201], [100.660827, 1.787574], [100.660826, 1.787612], [100.660819, 1.787985], [100.660823, 1.788318], [100.660831, 1.788678], [100.660831, 1.788679], [100.660829, 1.789047], [100.660829, 1.789048], [100.660817, 1.789405], [100.660815, 1.789745], [100.660812, 1.790069], [100.660809, 1.790247], [100.660807, 1.790443], [100.663692, 1.790453], [100.663733, 1.79044], [100.663708, 1.788828]]]]}},
{"type": "Feature", "properties": {"ba_code": "3721", "blockid": "3721G54P93", "division": "03"}, "geometry": {"type": "MultiPolygon", "coordinates": [[[[100.68016, 1.790794], [100.680167, 1.790799], [100.680171, 1.790798], [100.680179, 1.790798], [100.68018, 1.790798], [100.680588, 1.790808], [100.682935, 1.790809], [100.682938, 1.790744], [100.682941, 1.790637], [100.682936, 1.790353], [100.682936, 1.790352], [100.682926, 1.789684], [100.682926, 1.789496], [100.682922, 1.789112], [100.682924, 1.788911], [100.682922, 1.78834], [100.682914, 1.78758], [100.682905, 1.786626], [100.682895, 1.785572], [100.682882, 1.784716], [100.682873, 1.784146], [100.682865, 1.783577], [100.682863, 1.782624], [100.682856, 1.781865], [100.682854, 1.781772], [100.682823, 1.781774], [100.680309, 1.781775], [100.680225, 1.781777], [100.680223, 1.781882], [100.680216, 1.782261], [100.680216, 1.782738], [100.680218, 1.782906], [100.680213, 1.783286], [100.680204, 1.783857], [100.680206, 1.784142], [100.6802, 1.784611], [100.680197, 1.785369], [100.680194, 1.785559], [100.680196, 1.78575], [100.680196, 1.785751], [100.680194, 1.785844], [100.680196, 1.785992], [100.680196, 1.785993], [100.680196, 1.785994], [100.680184, 1.786246], [100.680184, 1.786248], [100.680175, 1.786346], [100.680172, 1.786443], [100.680172, 1.786444], [100.680161, 1.786648], [100.680153, 1.786796], [100.680153, 1.786874], [100.680158, 1.786957], [100.680172, 1.787119], [100.680172, 1.787122], [100.680172, 1.787237], [100.680177, 1.787615], [100.680174, 1.787824], [100.68018, 1.788209], [100.680175, 1.78887], [100.680169, 1.789916], [100.680171, 1.790485], [100.680171, 1.790486], [100.680168, 1.790581], [100.680161, 1.790771], [100.68016, 1.790794]]]]}},
{"type": "Feature", "properties": {"ba_code": "3721", "blockid": "3721C49P91", "division": "02"}, "geometry": {"type": "MultiPolygon", "coordinates": [[[[100.666416, 1.749691], [100.668518, 1.749695], [100.668518, 1.755039], [100.66906, 1.75504], [100.669073, 1.75504], [100.669064, 1.754846], [100.669064, 1.754845], [100.669062, 1.75464], [100.66906, 1.754256], [100.669054, 1.753107], [100.669057, 1.752629], [100.66906, 1.751845], [100.669059, 1.751208], [100.669056, 1.751019], [100.669056, 1.751018], [100.669057, 1.750351], [100.669053, 1.749326], [100.668749, 1.749376], [100.668759, 1.748376], [100.666462, 1.747355], [100.666425, 1.748572], [100.666424, 1.748658], [100.666416, 1.749691]]], [[[100.666451, 1.74735], [100.666462, 1.747355], [100.666462, 1.74734], [100.666461, 1.747341], [100.666459, 1.747344], [100.666456, 1.747346], [100.666453, 1.747348], [100.666451, 1.747349], [100.666451, 1.74735]]]]}},
{"type": "Feature", "properties": {"ba_code": "3721", "blockid": "3721L40P02", "division": "05"}, "geometry": {"type": "MultiPolygon", "coordinates": [[[[100.641169, 1.830991], [100.641177, 1.832641], [100.641177, 1.837497], [100.642661, 1.837562], [100.642697, 1.837564], [100.643474, 1.837608], [100.643681, 1.831144], [100.643685, 1.830985], [100.641169, 1.830991]], [[100.642933, 1.831346], [100.64321, 1.831346], [100.643204, 1.83181], [100.642707, 1.83181], [100.64271, 1.831354], [100.642933, 1.831346]]]]}},
{"type": "Feature", "properties": {"ba_code": "3721", "blockid": "3721M39P05", "division": "05"}, "geometry": {"type": "MultiPolygon", "coordinates": [[[[100.638473, 1.840567], [100.639937, 1.840018], [100.64112, 1.839574], [100.641115, 1.837689], [100.641115, 1.837685], [100.641115, 1.837578], [100.641115, 1.837571], [100.640215, 1.83753], [100.640194, 1.837529], [100.639217, 1.837484], [100.638861, 1.837467], [100.638424, 1.837447], [100.638472, 1.840526], [100.638473, 1.840567]]]]}},
{"type": "Feature", "properties": {"ba_code": "3721", "blockid": "3721M41P05", "division": "05"}, "geometry": {"type": "MultiPolygon", "coordinates": [[[[100.643492, 1.838683], [100.645038, 1.838103], [100.64588, 1.837781], [100.644369, 1.837712], [100.643531, 1.837688], [100.643492, 1.838683]]]]}},
{"type": "Feature", "properties": {"ba_code": "3721", "division": "02"}, "geometry": {"type": "MultiLineString", "coordinates": [[[100.699124, 1.760668], [100.69935692300004, 1.76038472700003], [100.699656, 1.760021], [100.699591, 1.755182], [100.699595, 1.75514], [100.69916126000004, 1.755139232000033], [100.69915958400009, 1.755132872000047], [100.69812701600006, 1.755127535000042], [100.69809759100008, 1.755128889000048], [100.69652607500007, 1.755201226000054], [100.69601104800006, 1.755110624000054], [100.69512293800005, 1.755111434000071], [100.69386066100009, 1.755127669000046], [100.69207942500003, 1.755142582000076], [100.69115570900004, 1.755215203000034], [100.68951137200008, 1.755130562000033], [100.68824802700004, 1.755153244000041], [100.68656587300006, 1.755077606000043], [100.68542576400006, 1.755140852000068], [100.68354663900004, 1.755085727000051], [100.68267171500008, 1.755114831000071], [100.68156493200007, 1.755122608000022], [100.67992514800005, 1.755151908000073], [100.67871870100004, 1.755157483000062], [100.67727196900006, 1.755190642000059], [100.67584211600007, 1.755154696000034], [100.67449252600005, 1.755233437000072], [100.67339889500005, 1.755025090000061], [100.67322492600005, 1.754448284000034], [100.67293925100006, 1.753568766000058], [100.67275318800006, 1.752734918000044], [100.67255465600005, 1.752086070000075], [100.67199037100005, 1.75106394300002], [100.67154866900006, 1.750284104000059], [100.67130562500006, 1.749967857000058], [100.67047661500004, 1.749253533000058], [100.67037793200006, 1.749195245000067], [100.67023875800004, 1.749129008000068], [100.66936572700007, 1.74927414800004], [100.669053, 1.749326], [100.668749, 1.749376], [100.66875759600003, 1.748516383000037], [100.668759, 1.748376], [100.66826531800007, 1.74815656200002], [100.66696166800006, 1.747577099000068], [100.666374, 1.747275], [100.66499048500003, 1.74624007500006], [100.664589, 1.745938], [100.664583, 1.745938], [100.664557, 1.745921], [100.664547, 1.745915], [100.664531, 1.7459], [100.664514, 1.745891], [100.664488, 1.745875], [100.664467, 1.745862], [100.664453, 1.745851], [100.664438, 1.745846], [100.664414, 1.745839], [100.664391, 1.745832], [100.664366, 1.745821], [100.664345, 1.745801], [100.664332, 1.745797], [100.664291, 1.74579], [100.664236, 1.745738], [100.66422959400006, 1.746022320000066], [100.664197, 1.747469], [100.664195, 1.747646], [100.664184, 1.747863], [100.664172, 1.74828], [100.664167, 1.748395], [100.664157, 1.748608], [100.664151, 1.748838], [100.664143, 1.749076], [100.664136, 1.749307], [100.664135, 1.749532], [100.664132, 1.749688], [100.66568266400009, 1.749690095000062], [100.666416, 1.749691], [100.668518, 1.749695], [100.668518, 1.753793869000049], [100.668518, 1.75512], [100.668518, 1.756329], [100.668518, 1.75708], [100.66748, 1.75708], [100.66630400600008, 1.757082619000073], [100.666304, 1.75708], [100.665894, 1.75708], [100.665527, 1.756531], [100.6651, 1.75592], [100.664124, 1.755493], [100.663978, 1.755275], [100.663976, 1.75544], [100.663972, 1.755744], [100.663963, 1.75605], [100.66396, 1.756341], [100.663955, 1.756619], [100.663936, 1.756899], [100.66394, 1.757167], [100.663942, 1.757414], [100.663943, 1.757621], [100.663951, 1.757974], [100.663938, 1.758265], [100.663932, 1.758496], [100.663921, 1.758744], [100.663911, 1.759023], [100.66391, 1.75928], [100.663897, 1.759548], [100.663896, 1.75985], [100.663901, 1.760168], [100.663877, 1.760462], [100.663896, 1.760678], [100.663897, 1.760823], [100.663889, 1.760945], [100.663875, 1.761038], [100.663876, 1.761051], [100.66387356300004, 1.761322655000072], [100.663865, 1.762277], [100.663847, 1.76265], [100.66381013100005, 1.763471736000042], [100.663772, 1.764235], [100.663712, 1.766597], [100.663712, 1.7666], [100.66399705300006, 1.7666], [100.66371132300009, 1.766638684000043], [100.66366639300009, 1.766644767000059], [100.66359422400006, 1.767347559000029], [100.66359107900007, 1.767937476000043], [100.66359279500006, 1.768630580000035], [100.66358373000008, 1.769263654000042], [100.66354563600004, 1.770083745000022], [100.66351746500004, 1.770771634000027], [100.66351757800004, 1.771743205000064], [100.66352700800007, 1.772682720000034], [100.66357509000005, 1.773270832000037], [100.66488268500007, 1.773305987000072], [100.66563296500004, 1.773301275000051], [100.66620210500008, 1.773240925000039], [100.66732523600007, 1.773300428000027], [100.66797358200006, 1.773299347000034], [100.66902899700005, 1.773477213000035], [100.66967302300009, 1.77329368900007], [100.67068578300007, 1.773291472000039], [100.67178109300005, 1.773238883000033], [100.67315399400007, 1.773268820000055], [100.67367590500004, 1.77326795700003], [100.67459379200005, 1.773293059000025], [100.67531987600006, 1.773271744000056], [100.67628580000007, 1.773266301000035], [100.67738028600007, 1.77314666500007], [100.67826646700007, 1.773233753000056], [100.67920104600006, 1.773230387000069], [100.68020246300006, 1.773130570000035], [100.68192027400005, 1.773206130000062], [100.68294466400005, 1.773192539000036], [100.68378381900004, 1.773216418000061], [100.68545772500005, 1.772994034000021], [100.68685292700007, 1.773195117000057], [100.68858002100006, 1.77320192600007], [100.68965457600007, 1.773192296000047], [100.69044517800006, 1.773191712000028], [100.69123289700008, 1.773416789000066], [100.69233989400004, 1.77318113900003], [100.69298901800005, 1.773170245000074], [100.69396463400005, 1.773114605000046], [100.69502440900004, 1.773191359000066], [100.69684049800009, 1.773095142000045], [100.69801780600005, 1.773196674000076], [100.69965327800008, 1.773213635000047], [100.69983407800004, 1.773198674000071], [100.69983785200009, 1.772119830000065], [100.699825, 1.770696], [100.699839, 1.770438], [100.699842, 1.770215], [100.699818, 1.770021], [100.699819, 1.769839], [100.699806, 1.769496], [100.69980105100007, 1.769114640000055], [100.69976520800009, 1.766352659000063], [100.69975888700009, 1.765865590000033], [100.699754, 1.765489], [100.699633, 1.765409], [100.699364, 1.765044], [100.699172, 1.764737], [100.69910792400003, 1.764553225000043], [100.699028, 1.764324], [100.698989, 1.764075], [100.698996, 1.763854], [100.69897, 1.762837], [100.69896, 1.76229], [100.699018, 1.76156], [100.699018, 1.76108], [100.699124, 1.760668]]]}},
{"type": "Feature", "properties": {"ba_code": "3721", "division": "04"}, "geometry": {"type": "MultiLineString", "coordinates": [[[100.69076413200008, 1.809151176000057], [100.69150026700004, 1.809111515000041], [100.69149484000008, 1.809185741000022], [100.69158769000006, 1.809182286000066], [100.69181653200008, 1.809173770000029], [100.693015, 1.809132], [100.693499, 1.809141], [100.69401956300004, 1.809169024000028], [100.694402, 1.809183], [100.694736, 1.809172], [100.694914, 1.80896], [100.694981, 1.808537], [100.69496873900005, 1.808001428000068], [100.69494657400008, 1.807033288000071], [100.69493103200006, 1.806354419000058], [100.69484422500005, 1.802562678000072], [100.69479145000008, 1.800257453000029], [100.694781, 1.799801], [100.69475182300005, 1.799418603000049], [100.69471851800006, 1.798982114000069], [100.694472, 1.793044], [100.69456579500007, 1.79230394800004], [100.694654, 1.791608], [100.694659, 1.791589], [100.694666, 1.791554], [100.694676, 1.791521], [100.694686, 1.791489], [100.694704, 1.791448], [100.69485249900004, 1.791298289000054], [100.694949, 1.791201], [100.695104, 1.791063], [100.695134, 1.791044], [100.69513440100008, 1.791043676000072], [100.69547908500004, 1.790895266000064], [100.69567913500003, 1.790897966000045], [100.69513977500009, 1.790804602000037], [100.69434694500006, 1.79077443500006], [100.69399098100007, 1.790760891000048], [100.69260952200005, 1.790754957000047], [100.69133736400005, 1.790774080000062], [100.68977532500008, 1.790742737000073], [100.68859825500004, 1.790628068000046], [100.68715099500008, 1.790726880000022], [100.68591258400005, 1.790743905000056], [100.68506889700006, 1.790550149000069], [100.68473060500008, 1.791398432000051], [100.68472301500003, 1.792172999000059], [100.68591777600005, 1.791833766000025], [100.68594794700005, 1.793066398000065], [100.68500306700008, 1.793012387000033], [100.68445287800006, 1.793003027000054], [100.68390222800008, 1.793464732000075], [100.68326807400007, 1.793543255000031], [100.68304735200007, 1.792780011000048], [100.68302300600004, 1.791509503000043], [100.68302469600007, 1.790690531000052], [100.68171926100007, 1.790720580000027], [100.68016675300004, 1.790966904000072], [100.67932273200006, 1.790726390000032], [100.67822136600006, 1.790728437000041], [100.67737441000008, 1.790684814000031], [100.67546603900007, 1.790718938000055], [100.67466437500008, 1.790727673000049], [100.67368606600007, 1.790728476000027], [100.67186813000006, 1.790724409000063], [100.67110360000004, 1.790722706000054], [100.67057176900005, 1.790727376000063], [100.66941174400006, 1.790741392000029], [100.66818371500005, 1.790742471000044], [100.66631142700004, 1.790741350000076], [100.66502123300006, 1.790774394000039], [100.66383583900006, 1.790734198000052], [100.66217031200006, 1.790790079000033], [100.66080067800004, 1.790723426000056], [100.66079654800006, 1.791770382000038], [100.66075761400003, 1.792744319000064], [100.66065720300008, 1.793453887000055], [100.66061271700005, 1.794406726000034], [100.66056106100007, 1.795611926000049], [100.66048708100004, 1.796634890000064], [100.66042162400004, 1.797621758000048], [100.66037367700005, 1.798215494000033], [100.66028268200006, 1.798972190000029], [100.66026500800007, 1.799554834000048], [100.66050350100005, 1.800034015000051], [100.66027266000003, 1.800564974000054], [100.66026100100004, 1.801605131000031], [100.66027045600003, 1.802646837000054], [100.66026478000003, 1.803619188000027], [100.66025017900006, 1.804647420000038], [100.66024465300006, 1.805645047000041], [100.66025368000004, 1.806538877000037], [100.66026571500004, 1.807780851000075], [100.66025196000004, 1.808572109000067], [100.65999396400008, 1.809519507000061], [100.66082571000004, 1.809530193000057], [100.66165377500005, 1.809525656000062], [100.66270263800004, 1.80962478400005], [100.66393584900004, 1.809417350000047], [100.66463142500004, 1.80957750400006], [100.66658691700007, 1.809441795000055], [100.66746802100005, 1.80943561600003], [100.66800391500004, 1.809427172000028], [100.66915799600008, 1.809409384000048], [100.66994747500007, 1.809384064000028], [100.67046828000008, 1.809374320000074], [100.67165399300006, 1.80908228800007], [100.67212422800009, 1.809337866000021], [100.67290737300004, 1.809334489000037], [100.67347148000005, 1.80932546300005], [100.67446926800005, 1.809568263000074], [100.67566880000004, 1.809279169000035], [100.67716495800005, 1.809270075000029], [100.67814960100009, 1.809240680000073], [100.67883374200005, 1.809228749000056], [100.68008040000007, 1.809029947000056], [100.68074052300005, 1.809210865000068], [100.68171514200009, 1.809202655000036], [100.68315658400007, 1.809179764000021], [100.68444833100006, 1.809157326000047], [100.68515693300009, 1.809144435000064], [100.68610553000008, 1.809087066000075], [100.68737056700007, 1.80911085200006], [100.68797761900004, 1.809113921000062], [100.68859619900007, 1.809114505000025], [100.68966342800007, 1.809135300000037], [100.69048376000006, 1.809147132000021], [100.69076413200008, 1.809151176000057]]]}},
{"type": "Feature", "properties": {"ba_code": "3721", "division": "05"}, "geometry": {"type": "MultiLineString", "coordinates": [[[100.66705011700009, 1.829268462000073], [100.66769968100004, 1.829382008000039], [100.66823559800008, 1.829375141000071], [100.668254, 1.829368], [100.66961544400004, 1.828841573000034], [100.67121540000005, 1.828221502000076], [100.67236193900004, 1.827784966000024], [100.67315735400007, 1.827491010000074], [100.67370113000004, 1.827293807000046], [100.67455838100005, 1.826982783000062], [100.67644531900004, 1.826298380000026], [100.67669060100008, 1.826209415000051], [100.67821803600003, 1.825655409000035], [100.67865835300006, 1.825495724000064], [100.67939078000006, 1.825230103000024], [100.68134901400003, 1.824489331000052], [100.68307430600004, 1.823782266000023], [100.68452416300005, 1.823187736000023], [100.685605, 1.822745], [100.68623945700006, 1.822156926000048], [100.68820772600009, 1.820798846000059], [100.68879635600007, 1.820441684000059], [100.68952611600008, 1.82003415600002], [100.69032234900004, 1.819589031000021], [100.691015, 1.819202], [100.691056, 1.819188], [100.69139052700007, 1.812218686000051], [100.69137983400009, 1.811868828000058], [100.69138107000003, 1.810972992000075], [100.69138139500006, 1.810737373000052], [100.69144765400006, 1.809831125000073], [100.69150026700004, 1.809111515000041], [100.69076413200008, 1.809151176000057], [100.68966342800007, 1.809135300000037], [100.68859619900007, 1.809114505000025], [100.68797761900004, 1.809113921000062], [100.68737056700007, 1.80911085200006], [100.68610553000008, 1.809087066000075], [100.68515693300009, 1.809144435000064], [100.68444833100006, 1.809157326000047], [100.68315658400007, 1.809179764000021], [100.68171514200009, 1.809202655000036], [100.68074052300005, 1.809210865000068], [100.68008040000007, 1.809029947000056], [100.67883374200005, 1.809228749000056], [100.67814960100009, 1.809240680000073], [100.67716495800005, 1.809270075000029], [100.67566880000004, 1.809279169000035], [100.67446926800005, 1.809568263000074], [100.67347148000005, 1.80932546300005], [100.67290737300004, 1.809334489000037], [100.67212422800009, 1.809337866000021], [100.67165399300006, 1.80908228800007], [100.67046828000008, 1.809374320000074], [100.66994747500007, 1.809384064000028], [100.66915799600008, 1.809409384000048], [100.66800391500004, 1.809427172000028], [100.66746802100005, 1.80943561600003], [100.66658691700007, 1.809441795000055], [100.66632655100005, 1.81024906600004], [100.66634668000006, 1.811016660000064], [100.66633045800006, 1.811690455000075], [100.66634275700005, 1.812392895000073], [100.66634746300008, 1.813289527000052], [100.66632795100008, 1.813872550000042], [100.66478485200008, 1.813725398000031], [100.66478945700004, 1.812910668000029], [100.66488827500007, 1.81240630800005], [100.66506391500008, 1.811919104000026], [100.66505255900006, 1.81100550900004], [100.66477579200006, 1.810206593000032], [100.66463142500004, 1.80957750400006], [100.66393584900004, 1.809417350000047], [100.66270263800004, 1.80962478400005], [100.66286191000006, 1.810376962000021], [100.66290862800008, 1.811176900000021], [100.66305422600004, 1.812027968000052], [100.66303285200007, 1.812671565000073], [100.66293109600008, 1.813235595000037], [100.66271535200008, 1.813976669000056], [100.66264782300004, 1.814861860000065], [100.66260487400007, 1.815612066000028], [100.66256267300008, 1.816257792000044], [100.66236379700007, 1.816757292000034], [100.66222483400009, 1.817288046000044], [100.66200843300004, 1.817916621000052], [100.66146603400006, 1.818565660000047], [100.66106910800005, 1.818970540000066], [100.66041653300005, 1.819411291000051], [100.66031143600009, 1.820142962000034], [100.66018502000009, 1.820897239000033], [100.66018898700008, 1.821894070000042], [100.66020389300007, 1.822888702000057], [100.66021461100007, 1.82392961000005], [100.66021453400003, 1.824979135000035], [100.66021212900006, 1.82597353400007], [100.66020498400007, 1.826934652000034], [100.66044626600006, 1.82754039100007], [100.66136136100005, 1.82752163300006], [100.66194754200006, 1.827518410000039], [100.66301003700005, 1.827643196000054], [100.66306357800005, 1.826997814000038], [100.66451528200008, 1.826755653000021], [100.66507425900005, 1.826649118000034], [100.66648331200008, 1.826370971000074], [100.66651291000005, 1.827094362000025], [100.66652568300003, 1.828013251000073], [100.66662332500005, 1.829193858000053], [100.66705011700009, 1.829268462000073]]]}},
{"type": "Feature", "properties": {"ba_code": "3721", "division": "07"}, "geometry": {"type": "MultiLineString", "coordinates": [[[100.66299952300005, 1.831362425000066], [100.663762, 1.831109], [100.66609032900004, 1.83020668000006], [100.66734606100005, 1.829720360000067], [100.66823559800008, 1.829375141000071], [100.66769968100004, 1.829382008000039], [100.66662332500005, 1.829193858000053], [100.66652568300003, 1.828013251000073], [100.66651291000005, 1.827094362000025], [100.66648331200008, 1.826370971000074], [100.66507425900005, 1.826649118000034], [100.66451528200008, 1.826755653000021], [100.66306357800005, 1.826997814000038], [100.66301003700005, 1.827643196000054], [100.66194754200006, 1.827518410000039], [100.66136136100005, 1.82752163300006], [100.66044626600006, 1.82754039100007], [100.66020498400007, 1.826934652000034], [100.66021212900006, 1.82597353400007], [100.66021453400003, 1.824979135000035], [100.66021461100007, 1.82392961000005], [100.66020389300007, 1.822888702000057], [100.66018898700008, 1.821894070000042], [100.66018502000009, 1.820897239000033], [100.66031143600009, 1.820142962000034], [100.65936088000007, 1.820171301000073], [100.65875959100003, 1.820178009000074], [100.65813552500003, 1.820188125000072], [100.65739131700008, 1.820183272000065], [100.65635949600005, 1.820190025000045], [100.65574570500007, 1.820201102000055], [100.65464858400009, 1.82016920500007], [100.65332591100008, 1.820197519000033], [100.65214057200006, 1.82019006500002], [100.65193048800006, 1.821118754000054], [100.65190569500004, 1.822117862000027], [100.65187511700003, 1.823019359000057], [100.65187982600008, 1.823670820000075], [100.65186108000006, 1.824351712000066], [100.65183517600008, 1.825281318000066], [100.65181899300006, 1.826114011000072], [100.65183115200006, 1.827448383000046], [100.65184173800009, 1.828719879000062], [100.65184621000009, 1.829708679000021], [100.65180969300008, 1.830731613000069], [100.65179987100004, 1.831691712000065], [100.65179464600004, 1.832687425000074], [100.65180388500005, 1.83368041500006], [100.65179942000003, 1.834675569000069], [100.65181015600007, 1.835478980000062], [100.65181020000006, 1.83548240500005], [100.65275232700009, 1.835144489000072], [100.654257, 1.834564], [100.65425811600005, 1.834534474000066], [100.65555158100005, 1.834081371000025], [100.657746, 1.833283], [100.65781499700006, 1.833257901000025], [100.65842304400007, 1.833036715000048], [100.659057, 1.832806], [100.659136, 1.832777], [100.660281, 1.832364], [100.66132421600008, 1.831987864000041], [100.663, 1.831384], [100.66299952300005, 1.831362425000066]]]}},
{"type": "Feature", "properties": {"ba_code": "3721", "division": "06"}, "geometry": {"type": "MultiLineString", "coordinates": [[[100.63801440500004, 1.840739421000023], [100.63873507700004, 1.840468912000063], [100.64337793200008, 1.83872618700002], [100.643429, 1.838707], [100.64345061500006, 1.838698887000021], [100.64426730800005, 1.83839213400006], [100.645038, 1.838103], [100.64588, 1.837781], [100.64728987100005, 1.837241278000022], [100.64930209400006, 1.836471327000027], [100.650701, 1.835936], [100.651768, 1.835524], [100.65176820900007, 1.835497466000049], [100.65181020000006, 1.83548240500005], [100.65181015600007, 1.835478980000062], [100.65179942000003, 1.834675569000069], [100.65180388500005, 1.83368041500006], [100.65179464600004, 1.832687425000074], [100.65179987100004, 1.831691712000065], [100.65180969300008, 1.830731613000069], [100.65184621000009, 1.829708679000021], [100.65184173800009, 1.828719879000062], [100.65183115200006, 1.827448383000046], [100.65181899300006, 1.826114011000072], [100.65183517600008, 1.825281318000066], [100.65186108000006, 1.824351712000066], [100.65187982600008, 1.823670820000075], [100.65187511700003, 1.823019359000057], [100.65190569500004, 1.822117862000027], [100.65193048800006, 1.821118754000054], [100.65214057200006, 1.82019006500002], [100.65089140000003, 1.820193531000029], [100.64991413700005, 1.82026206200004], [100.64976099300009, 1.82117050100004], [100.64980550000007, 1.82203000100003], [100.64984500300005, 1.82268448700006], [100.64992499800007, 1.823206521000031], [100.64927737000005, 1.82396456400005], [100.64930705500007, 1.825082069000075], [100.64825318700008, 1.824885505000054], [100.64717042300003, 1.824879476000035], [100.64644937300005, 1.824909783000066], [100.64647018800008, 1.825908136000066], [100.64648808400005, 1.826867342000071], [100.64649817200007, 1.827762298000039], [100.64583747600005, 1.827776941000025], [100.64499088000008, 1.827802883000061], [100.64517561300005, 1.829937614000073], [100.64498087300007, 1.830444760000034], [100.64366101400009, 1.830773494000027], [100.64285787300008, 1.830947035000065], [100.64172019400007, 1.830937625000047], [100.64106121900005, 1.830912254000054], [100.64107827000004, 1.831827125000075], [100.64107922200009, 1.83242944400007], [100.64017117100008, 1.832432397000048], [100.63965609900004, 1.832417644000031], [100.63907247000009, 1.832415639000033], [100.63815878800006, 1.832169941000075], [100.63680831600004, 1.83238076300006], [100.63555821700004, 1.832463544000063], [100.63462145500006, 1.83231784100002], [100.63370471800005, 1.832310175000032], [100.63278928100004, 1.832533093000052], [100.63195296600009, 1.832342906000065], [100.63136621900009, 1.832351172000074], [100.63074946200004, 1.832362036000063], [100.63021583400007, 1.832376809000039], [100.63014583300009, 1.832954033000021], [100.63014092100008, 1.833606745000054], [100.63013340900005, 1.83471606400002], [100.63013531200005, 1.835928244000058], [100.63009566900007, 1.837224480000032], [100.63011615600004, 1.838203649000036], [100.63011820800006, 1.839265025000032], [100.63011181700006, 1.840289103000032], [100.63010376600005, 1.841282990000025], [100.63008816500007, 1.841756160000045], [100.63008783600009, 1.841766147000044], [100.631558, 1.841783], [100.63293030700004, 1.841798784000048], [100.63334886900009, 1.84180365800006], [100.633757, 1.841808], [100.634214, 1.841814], [100.635123, 1.841824], [100.63534423400006, 1.841740931000061], [100.63591651000007, 1.841526682000051], [100.636379, 1.841353], [100.63801440500004, 1.840739421000023]]]}},
{"type": "Feature", "properties": {"ba_code": "3721", "division": "01"}, "geometry": {"type": "MultiLineString", "coordinates": [[[100.64860883900008, 1.809603310000057], [100.64927401700004, 1.809363506000068], [100.65035398100008, 1.809578417000068], [100.65117738000004, 1.809558140000036], [100.65219980000006, 1.809563766000053], [100.65317532700004, 1.809549288000028], [100.65414680700007, 1.809536732000026], [100.65467912500009, 1.80951463100007], [100.65527015100008, 1.809515327000042], [100.65593358900009, 1.809513584000058], [100.65649252800006, 1.809512727000026], [100.65746872300008, 1.809537387000034], [100.65834918400009, 1.809523883000054], [100.65916490700005, 1.809513730000049], [100.65999396400008, 1.809519507000061], [100.66025196000004, 1.808572109000067], [100.66026571500004, 1.807780851000075], [100.66025368000004, 1.806538877000037], [100.66024465300006, 1.805645047000041], [100.66025017900006, 1.804647420000038], [100.66026478000003, 1.803619188000027], [100.66027045600003, 1.802646837000054], [100.66026100100004, 1.801605131000031], [100.66027266000003, 1.800564974000054], [100.66050350100005, 1.800034015000051], [100.66026500800007, 1.799554834000048], [100.66028268200006, 1.798972190000029], [100.66037367700005, 1.798215494000033], [100.66042162400004, 1.797621758000048], [100.66048708100004, 1.796634890000064], [100.66056106100007, 1.795611926000049], [100.66061271700005, 1.794406726000034], [100.66065720300008, 1.793453887000055], [100.66075761400003, 1.792744319000064], [100.65896188000005, 1.792898607000041], [100.65829591000005, 1.793098956000051], [100.65825352300004, 1.791864392000036], [100.65826310100005, 1.79091483000002], [100.65980523900004, 1.790781177000042], [100.66080067800004, 1.790723426000056], [100.66080015000006, 1.789653556000076], [100.66082972800007, 1.788829829000065], [100.66084253800005, 1.787623173000043], [100.66086890300005, 1.786780412000041], [100.66087024200004, 1.785802459000024], [100.66088023800006, 1.784765266000022], [100.66089831900007, 1.783788863000041], [100.66090810200006, 1.782765958000027], [100.66092717100008, 1.781753883000022], [100.66095362500005, 1.780756608000047], [100.66094911400006, 1.779701414000044], [100.66094643900004, 1.778705439000021], [100.66094907900003, 1.777668184000049], [100.66094816200007, 1.776643494000041], [100.66091161000008, 1.775652932000071], [100.66091925900008, 1.774679031000062], [100.66031768600004, 1.774718988000075], [100.65954369400004, 1.77473029600003], [100.65886608700004, 1.774733688000026], [100.65810686700007, 1.774585772000023], [100.65747883400007, 1.774717099000043], [100.65623027800007, 1.774725828000044], [100.65527585600006, 1.774514925000062], [100.65396080800008, 1.774762162000059], [100.65313140800004, 1.77477755600006], [100.65256024900003, 1.77483260200006], [100.65110913000007, 1.774807746000022], [100.64985714500006, 1.774746467000057], [100.64927609800009, 1.774841236000043], [100.64862922700007, 1.774839622000059], [100.64811981700007, 1.774850492000041], [100.64759907700005, 1.774851414000068], [100.64688657800008, 1.774856966000073], [100.64583085500004, 1.774896954000042], [100.64437890700003, 1.774734267000042], [100.64366588700005, 1.774989568000024], [100.64271575500004, 1.775014017000046], [100.64172117400005, 1.775015264000046], [100.64166279100004, 1.775750021000022], [100.64166474700005, 1.776528617000054], [100.64165553600009, 1.777099465000049], [100.64164477100007, 1.777740491000031], [100.64162004900004, 1.778615750000029], [100.64160882900006, 1.779156926000041], [100.64160354000006, 1.779783436000059], [100.64160039400008, 1.780546537000021], [100.64158985000006, 1.781386992000023], [100.64155065900007, 1.782182387000034], [100.64156730000008, 1.783290278000038], [100.64153693700007, 1.784340934000056], [100.64151429300006, 1.785327232000043], [100.64150499900006, 1.78610399300004], [100.64149692500007, 1.786851143000035], [100.64148321500005, 1.787926678000076], [100.64148056300007, 1.789328891000025], [100.64147555300008, 1.790107638000052], [100.64137310900009, 1.79124695400003], [100.64143645100006, 1.792128135000041], [100.64141231300005, 1.793419551000056], [100.64140077200005, 1.794586541000058], [100.64138326400007, 1.795603405000065], [100.64136736700004, 1.796432910000021], [100.64134738700005, 1.797363811000025], [100.64134474400004, 1.798426559000063], [100.64133825800008, 1.799464981000028], [100.64131520200004, 1.800345771000025], [100.64127645700006, 1.801301366000075], [100.64124917600009, 1.802365806000068], [100.64120564100006, 1.803466015000026], [100.64117255300005, 1.804561973000034], [100.64112467000007, 1.80569600900003], [100.64107803900004, 1.806812150000042], [100.64106370700006, 1.807601488000046], [100.64104134500008, 1.808327539000061], [100.64094646300003, 1.809583571000076], [100.64177567500008, 1.809522320000042], [100.64230799500007, 1.80952951300003], [100.64316000300005, 1.809542825000051], [100.64368229300004, 1.809546936000061], [100.64477363000003, 1.809562536000044], [100.64600604600008, 1.80957515700004], [100.64656555000005, 1.80966341900006], [100.64755506800009, 1.809606799000051], [100.64860883900008, 1.809603310000057]]]}},
{"type": "Feature", "properties": {"ba_code": "3721", "division": "03"}, "geometry": {"type": "MultiLineString", "coordinates": [[[100.69399098100007, 1.790760891000048], [100.69513977500009, 1.790804602000037], [100.69567913600008, 1.790897966000045], [100.695904, 1.790901], [100.696281, 1.790911], [100.69652557500007, 1.790913894000028], [100.69756647900005, 1.790901169000051], [100.698569, 1.790929], [100.699912, 1.790908], [100.69988660000007, 1.789725980000071], [100.69990824600006, 1.789372658000048], [100.69990559500008, 1.788430538000057], [100.69988513400006, 1.787513559000047], [100.69988241200008, 1.786492480000049], [100.69987702800006, 1.785943641000074], [100.69987257200006, 1.78548935300006], [100.69984489800004, 1.784482654000044], [100.69984932700004, 1.783479514000021], [100.69982167200004, 1.782494349000046], [100.69976730500008, 1.781660787000021], [100.699844, 1.781613], [100.699847, 1.780271], [100.699847, 1.780093], [100.699847, 1.779938], [100.699847, 1.779765], [100.699843, 1.779605], [100.69984285000004, 1.779576106000036], [100.699842, 1.779412], [100.699842, 1.779205], [100.699836, 1.779034], [100.699838, 1.778833], [100.699835, 1.778596], [100.699835, 1.778365], [100.699834, 1.77818], [100.699837, 1.777992], [100.699829, 1.777753], [100.69983, 1.777538], [100.699829, 1.777387], [100.699829, 1.777186], [100.69983, 1.776956], [100.69982721300005, 1.776740507000056], [100.699827, 1.776724], [100.699822, 1.77651], [100.699821, 1.776317], [100.699821, 1.776281], [100.699821, 1.775627], [100.699818, 1.775418], [100.699813, 1.775224], [100.699811, 1.775075], [100.69981697700007, 1.773884045000045], [100.69983407800004, 1.773198666000042], [100.69965327800008, 1.773213635000047], [100.69852657300004, 1.773201950000043], [100.69801780600005, 1.773196674000076], [100.69684049800009, 1.773095142000045], [100.69502440900004, 1.773191359000066], [100.69396463400005, 1.773114605000046], [100.69298901800005, 1.773170245000074], [100.69233989400004, 1.77318113900003], [100.69123289700008, 1.773416789000066], [100.69044517800006, 1.773191712000028], [100.68965457600007, 1.773192296000047], [100.68858002100006, 1.77320192600007], [100.68685292700007, 1.773195117000057], [100.68545772500005, 1.772994034000021], [100.68378381900004, 1.773216418000061], [100.68294466400005, 1.773192539000036], [100.68297329500007, 1.774277444000063], [100.68296885000007, 1.775277004000031], [100.68294635600006, 1.776039701000059], [100.68296321400004, 1.776931569000055], [100.68295852800009, 1.777665538000065], [100.68294678400008, 1.778482062000023], [100.68294527100005, 1.779627036000022], [100.68231977100004, 1.779839175000063], [100.68150356200005, 1.779500756000061], [100.68143742200004, 1.778345136000041], [100.68142052200005, 1.777406609000025], [100.68147536300006, 1.776587951000067], [100.68185618700005, 1.776008267000066], [100.68211219800008, 1.775126915000044], [100.68211144700007, 1.774296046000075], [100.68209309700006, 1.773725401000036], [100.68192027400005, 1.773206130000062], [100.68020246300006, 1.773130570000035], [100.67920104600006, 1.773230387000069], [100.67826646700007, 1.773233753000056], [100.67738028600007, 1.77314666500007], [100.67628580000007, 1.773266301000035], [100.67531987600006, 1.773271744000056], [100.67459379200005, 1.773293059000025], [100.67367590500004, 1.77326795700003], [100.67315399400007, 1.773268820000055], [100.67178109300005, 1.773238883000033], [100.67068578300007, 1.773291472000039], [100.66967302300009, 1.77329368900007], [100.66902899700005, 1.773477213000035], [100.66797358200006, 1.773299347000034], [100.66732523600007, 1.773300428000027], [100.66620210500008, 1.773240925000039], [100.66563296500004, 1.773301275000051], [100.66488268500007, 1.773305987000072], [100.66357509000005, 1.773270832000037], [100.66357855300004, 1.774001321000071], [100.66359020500005, 1.774781626000049], [100.66278025600008, 1.774828806000073], [100.66194285600005, 1.774666769000021], [100.66091925900008, 1.774679031000062], [100.66091161000008, 1.775652932000071], [100.66094816200007, 1.776643494000041], [100.66094907900003, 1.777668184000049], [100.66094643900004, 1.778705439000021], [100.66094911400006, 1.779701414000044], [100.66095362500005, 1.780756608000047], [100.66092717100008, 1.781753883000022], [100.66090810200006, 1.782765958000027], [100.66089831900007, 1.783788863000041], [100.66088023800006, 1.784765266000022], [100.66087024200004, 1.785802459000024], [100.66086890300005, 1.786780412000041], [100.66084253800005, 1.787623173000043], [100.66082972800007, 1.788829829000065], [100.66080015000006, 1.789653556000076], [100.66080067800004, 1.790723426000056], [100.66217031200006, 1.790790079000033], [100.66383583900006, 1.790734198000052], [100.66502123300006, 1.790774394000039], [100.66631142700004, 1.790741350000076], [100.66818371500005, 1.790742471000044], [100.66941174400006, 1.790741392000029], [100.67057176900005, 1.790727376000063], [100.67110360000004, 1.790722706000054], [100.67186813000006, 1.790724409000063], [100.67368606600007, 1.790728476000027], [100.67466437500008, 1.790727673000049], [100.67546603900007, 1.790718938000055], [100.67737441000008, 1.790684814000031], [100.67822136600006, 1.790728437000041], [100.67932273200006, 1.790726390000032], [100.68016675300004, 1.790966904000072], [100.68171926100007, 1.790720580000027], [100.68302469600007, 1.790690531000052], [100.68399942800005, 1.79044344700003], [100.68451307300006, 1.790193917000067], [100.68506889700006, 1.790550149000069], [100.68591258400005, 1.790743905000056], [100.68715099500008, 1.790726880000022], [100.68859825500004, 1.790628068000046], [100.68977532500008, 1.790742737000073], [100.69133736400005, 1.790774080000062], [100.69260952200005, 1.790754957000047], [100.69399098100007, 1.790760891000048]]]}}
]
}
