{
"type": "FeatureCollection",
"features": [
{"type": "Feature", "properties": {"ba_code": "4320", "blockid": "4320L33P07", "division": "04"}, "geometry": {"type": "MultiPolygon", "coordinates": [[[[117.80985350800006, 1.224356556000032], [117.80980747400008, 1.220701839000071], [117.80711090000011, 1.220764744000064], [117.80701237000005, 1.220766076000075], [117.80699428800006, 1.220766015000038], [117.80699576400002, 1.225705333000064], [117.8078945530001, 1.225705060000053], [117.80811022400007, 1.225578345000031], [117.80858641400005, 1.225017326000057], [117.80914352800005, 1.224564838000049], [117.80985350800006, 1.224356556000032]]]]}},
{"type": "Feature", "properties": {"ba_code": "4320", "blockid": "4320J29P06", "division": "02"}, "geometry": {"type": "MultiPolygon", "coordinates": [[[[117.79682659700006, 1.242977959000029], [117.79688949900003, 1.242932708000069], [117.79690747500001, 1.242932702000076], [117.79729383000006, 1.242507404000037], [117.79761731300005, 1.242226868000046], [117.79828229300006, 1.241792439000051], [117.79849795200005, 1.241620492000038], [117.79905511100003, 1.24130370000006], [117.79901864900012, 1.239602990000037], [117.79650203400001, 1.239648985000031], [117.79667378800002, 1.242932773000064], [117.79682659700006, 1.242977959000029]]]]}},
{"type": "Feature", "properties": {"ba_code": "4320", "blockid": "4320S35P11", "division": "06"}, "geometry": {"type": "MultiPolygon", "coordinates": [[[[117.81291598500002, 1.154771033000031], [117.81288901500011, 1.154743902000064], [117.81279014300003, 1.154716791000055], [117.81274521500006, 1.15475299000002], [117.81270027900007, 1.154762049000055], [117.81263735300001, 1.154716835000045], [117.81262836300004, 1.154707792000067], [117.81255643100008, 1.15459925600004], [117.812511459, 1.154481666000038], [117.81249346600009, 1.154418347000046], [117.81250245100011, 1.154409298000076], [117.81253839100009, 1.154373102000022], [117.81256531800011, 1.154246445000069], [117.81252935200007, 1.154192177000027], [117.81247540800007, 1.154128868000043], [117.812421459, 1.154047467000055], [117.8123944890001, 1.154020335000041], [117.81231357400009, 1.153929895000033], [117.81226859700007, 1.153794212000037], [117.81225961000007, 1.153794215000062], [117.81213374200001, 1.153649509000047], [117.81211575600003, 1.153613329000052], [117.81211575300006, 1.15360428300005], [117.81203871800005, 1.153537121000056], [117.81201201400006, 1.153540988000032], [117.81193598300001, 1.153541010000026], [117.81181016100004, 1.153559139000038], [117.81174725000005, 1.15356820300002], [117.81167534800011, 1.153568224000026], [117.8116663610001, 1.153568226000061], [117.8115675040001, 1.153595394000035], [117.8115585170001, 1.153595396000071], [117.81145085900005, 1.153613488000076], [117.81145086400011, 1.15361361500004], [117.81148709800004, 1.155296133000036], [117.81148745200005, 1.156544531000065], [117.81146105200003, 1.158525693000058], [117.81141633800007, 1.159312739000029], [117.81144349700003, 1.160000255000057], [117.81147082300004, 1.161275784000054], [117.81142628500004, 1.162677984000027], [117.8114174860001, 1.163338371000066], [117.81142655100007, 1.163609759000053], [117.81213659100001, 1.163654785000062], [117.81412286800003, 1.163654209000072], [117.81417666400012, 1.163201876000073], [117.81422108700008, 1.161401638000029], [117.8141038330001, 1.15995425400007], [117.81413949700004, 1.158950098000048], [117.81413944300004, 1.158760125000072], [117.81413916400004, 1.157783118000054], [117.81416588200011, 1.156923706000043], [117.81417306600008, 1.156918264000069], [117.8141695490001, 1.156907654000065], [117.81416587400008, 1.156896567000047], [117.81414788100005, 1.156833248000055], [117.81413888300006, 1.156797065000035], [117.81412989000012, 1.156778975000066], [117.81412089700007, 1.15676088500004], [117.81410291400005, 1.156733751000047], [117.81406694500004, 1.156670437000059], [117.8140399670001, 1.156616167000038], [117.81401299400011, 1.156579989000022], [117.81398601800004, 1.15653476500006], [117.81396803700011, 1.15651667700007], [117.81390509500011, 1.156417186000056], [117.81387812000003, 1.156371962000037], [117.81384215900005, 1.156335787000046], [117.81383316800009, 1.156326743000022], [117.81382417600003, 1.156308653000053], [117.81381518, 1.156281516000035], [117.81380618700007, 1.156263426000066], [117.8137971970001, 1.156254382000043], [117.81378820700002, 1.156245339000066], [117.81377921400008, 1.15622724800005], [117.81369828900006, 1.156100623000043], [117.81361737200007, 1.156001136000043], [117.81359938600008, 1.155964956000048], [117.81357241300009, 1.155928778000032], [117.81356342000004, 1.155910688000063], [117.81352745700008, 1.155865467000069], [117.81351846400003, 1.155847377000043], [117.81350947100009, 1.155829286000028], [117.81345552500011, 1.155756931000042], [117.813437539, 1.155720751000047], [117.81339503400011, 1.155667304000076], [117.8133925730001, 1.155621254000039], [117.81334761100004, 1.155539850000025], [117.81334760400011, 1.155512711000029], [117.81337456100005, 1.155494610000062], [117.81340151100005, 1.155449370000042], [117.81336551200002, 1.155277500000068], [117.81328462300007, 1.155277523000052], [117.81326664800008, 1.155277529000045], [117.81324867, 1.155268487000058], [117.81307786100001, 1.155114748000074], [117.81303290700009, 1.155060483000057], [117.81302391200006, 1.155033347000028], [117.8130239090001, 1.155024300000036], [117.8130148780001, 1.154870515000027], [117.81302385300012, 1.154825280000068], [117.81300586700002, 1.154789100000073], [117.81291598500002, 1.154771033000031]]]]}},
{"type": "Feature", "properties": {"ba_code": "4320", "blockid": "4320S33P11", "division": "06"}, "geometry": {"type": "MultiPolygon", "coordinates": [[[[117.80721075400004, 1.163685118000046], [117.80729670200003, 1.163682638000068], [117.8074997540001, 1.163682685000026], [117.80856785500009, 1.163682273000063], [117.80863463900005, 1.162041750000071], [117.80863520500009, 1.159022909000043], [117.80862464200004, 1.156909580000047], [117.80802880500005, 1.157820453000056], [117.80628477100004, 1.160707356000046], [117.80540443900009, 1.162335957000039], [117.8053954510001, 1.162335959000075], [117.80539545400006, 1.162345006000066], [117.80460493500004, 1.163753386000053], [117.80511141000011, 1.163755887000036], [117.80597716000011, 1.163721975000044], [117.80660988500006, 1.163703038000051], [117.80684370100005, 1.163695912000037], [117.80721075400004, 1.163685118000046]]]]}},
{"type": "Feature", "properties": {"ba_code": "4320", "blockid": "4320O44AP07", "division": "05"}, "geometry": {"type": "MultiPolygon", "coordinates": [[[[117.838198755, 1.20032765600007], [117.83758249100003, 1.19985964600005], [117.83763584100006, 1.201015399000028], [117.83764756100004, 1.20101812200005], [117.83869001200003, 1.201024498000038], [117.83869909300006, 1.200765588000024], [117.83857468300005, 1.20063955400002], [117.838198755, 1.20032765600007]]]]}},
{"type": "Feature", "properties": {"ba_code": "4320", "blockid": "4320N42P07", "division": "05"}, "geometry": {"type": "MultiPolygon", "coordinates": [[[[117.83204031200012, 1.210599323000054], [117.83476359000008, 1.210535156000049], [117.83478156600006, 1.210535151000045], [117.83464513400008, 1.206495575000019], [117.8345666890001, 1.204172883000069], [117.83446413100012, 1.20113613500007], [117.83338036700002, 1.201155019000055], [117.83294802300009, 1.201162553000074], [117.8329351650001, 1.201162207000039], [117.83286821600007, 1.201240184000028], [117.83231630000012, 1.201932870000064], [117.8320598150001, 1.202284472000031], [117.83204630000012, 1.202303], [117.83204845600005, 1.202306591000024], [117.83214568800008, 1.202448562000029], [117.83268693800005, 1.202751685000067], [117.83282508800005, 1.202829055000052], [117.83281308500011, 1.202845807000074], [117.83216805400002, 1.203746007000063], [117.83189850100007, 1.204225871000062], [117.8318785240001, 1.204241091000029], [117.83193957700007, 1.205705160000036], [117.83194118900008, 1.205855607000046], [117.83199052000009, 1.208216506000042], [117.83204031200012, 1.210599323000054]]], [[[117.83257680800011, 1.20148047400005], [117.83276546000002, 1.201181888000065], [117.83250173500005, 1.201192081000045], [117.83241290500007, 1.201195514000062], [117.83211766600004, 1.201206925000065], [117.8319740500001, 1.201212476000023], [117.83195960800003, 1.201213034000034], [117.83182175700006, 1.20121836200002], [117.83183331900011, 1.201364104000049], [117.83188491200008, 1.202014419000022], [117.83191188900003, 1.202059642000052], [117.832037764, 1.202213391000043], [117.83257680800011, 1.20148047400005]]]]}},
{"type": "Feature", "properties": {"ba_code": "4320", "blockid": "4320N32P07", "division": "05"}, "geometry": {"type": "MultiPolygon", "coordinates": [[[[117.80401643100004, 1.211069197000029], [117.80487026300011, 1.211023710000063], [117.80573310400007, 1.21105059100006], [117.80675770000005, 1.210986960000071], [117.80674123800009, 1.210393760000045], [117.80663748300003, 1.206654884000045], [117.80661235000002, 1.205749154000046], [117.80661055300004, 1.205746624000028], [117.80656739200003, 1.205685843000026], [117.80642676700006, 1.205712847000029], [117.80615628600003, 1.205875005000053], [117.8061360370001, 1.205894038000054], [117.8061098930001, 1.205902818000027], [117.80605515500008, 1.20592120200007], [117.80536314200003, 1.206093289000023], [117.80515827400006, 1.206095896000022], [117.80431916100008, 1.206106572000067], [117.8039079880001, 1.206111804000045], [117.80390711900009, 1.206111815000042], [117.804007436, 1.210661273000028], [117.80401643100004, 1.211069197000029]]]]}},
{"type": "Feature", "properties": {"ba_code": "4320", "blockid": "4320M43BP07", "division": "05"}, "geometry": {"type": "MultiPolygon", "coordinates": [[[[117.837713172, 1.210642797000048], [117.83684572000004, 1.210643066000046], [117.83652966300008, 1.210643164000032], [117.83488945300007, 1.21064367300005], [117.83500208400005, 1.215127198000062], [117.83744861800005, 1.211080395000067], [117.837713172, 1.210642797000048]]]]}},
{"type": "Feature", "properties": {"ba_code": "4320", "blockid": "4320M36AP05", "division": "04"}, "geometry": {"type": "MultiPolygon", "coordinates": [[[[117.81654034400003, 1.210962466000069], [117.81593742900009, 1.213348966000069], [117.81591483300008, 1.213438408000059], [117.81578223100007, 1.213471988000038], [117.8153089000001, 1.213395654000067], [117.81528545200001, 1.213377618000038], [117.8152861430001, 1.213391984000054], [117.81529297500003, 1.213533989000041], [117.81529326700002, 1.213540066000064], [117.81553889100007, 1.218645353000056], [117.81554112600008, 1.218691806000038], [117.81572982500006, 1.218537960000049], [117.81590051700005, 1.218284610000069], [117.8159903500001, 1.218130795000036], [117.81652038800007, 1.217316462000042], [117.8167000410001, 1.216972646000045], [117.81688867700007, 1.216610735000074], [117.81701440300003, 1.216266935000021], [117.81722997500003, 1.21581455200004], [117.81745304600008, 1.215282770000044], [117.81755607000002, 1.215074503000039], [117.81763934000003, 1.214813620000029], [117.81774446400004, 1.214484268000035], [117.8177688180001, 1.214394112000036], [117.81799204100002, 1.214182924000056], [117.81806496800004, 1.214052517000027], [117.81804640400003, 1.21093832300005], [117.81654034400003, 1.210962466000069]]]]}},
{"type": "Feature", "properties": {"ba_code": "4320", "blockid": "4320M41AP07", "division": "04"}, "geometry": {"type": "MultiPolygon", "coordinates": [[[[117.83203097800003, 1.214698552000073], [117.83072992500001, 1.21659743500004], [117.82934488700005, 1.215391636000049], [117.82936015000007, 1.216343861000041], [117.82936027400001, 1.216351540000062], [117.829418744, 1.21999925700004], [117.8294204880001, 1.220236969000041], [117.83208024800001, 1.220179544000075], [117.8320791640001, 1.220079847000022], [117.83204327300007, 1.216071724000074], [117.83204324700012, 1.216068802000052], [117.83203097800003, 1.214698552000073]]]]}},
{"type": "Feature", "properties": {"ba_code": "4320", "blockid": "4320M34AP07", "division": "04"}, "geometry": {"type": "MultiPolygon", "coordinates": [[[[117.81242310700009, 1.212930263000032], [117.80971556200006, 1.212493615000028], [117.80991529000005, 1.220575158000031], [117.81255772300005, 1.220574356000043], [117.81242310700009, 1.212930263000032]]]]}},
{"type": "Feature", "properties": {"ba_code": "4320", "blockid": "4320O29P05", "division": "03"}, "geometry": {"type": "MultiPolygon", "coordinates": [[[[117.79775816100005, 1.19294934200002], [117.7974311160001, 1.192487974000073], [117.79700050100007, 1.192444759000068], [117.79601186100001, 1.192508371000031], [117.79585906300008, 1.192490323000072], [117.79534676300011, 1.192508565000026], [117.79506828400008, 1.193006198000035], [117.79511362300002, 1.194399330000067], [117.79508673200007, 1.194652637000047], [117.79515910300006, 1.196203033000074], [117.7951686780001, 1.196408168000062], [117.79519598500008, 1.196817976000034], [117.79517740200004, 1.197402715000067], [117.79524057800006, 1.198307337000074], [117.79530409300003, 1.200387989000035], [117.7953224360001, 1.201689974000033], [117.795323499, 1.201691301000039], [117.79536739200012, 1.201717791000021], [117.79785701000003, 1.20167182800003], [117.79804574900004, 1.201653680000049], [117.79809067500003, 1.201608435000026], [117.79798266600005, 1.201074730000073], [117.79798897900002, 1.200966171000061], [117.79804526900011, 1.19999819100002], [117.79804144800005, 1.199970779000068], [117.79798222300008, 1.199545890000024], [117.79798216800009, 1.199355916000059], [117.79791917200009, 1.199075496000034], [117.79790101600008, 1.198451300000045], [117.79791878200001, 1.197727584000063], [117.79785546200003, 1.196325411000032], [117.79788211700009, 1.195257929000036], [117.797854658, 1.19353912300005], [117.79775816100005, 1.19294934200002]]]]}},
{"type": "Feature", "properties": {"ba_code": "4320", "blockid": "4320M33AP07", "division": "04"}, "geometry": {"type": "MultiPolygon", "coordinates": [[[[117.80981090900002, 1.220574189000047], [117.80967867000004, 1.215094014000044], [117.80962222700009, 1.215095091000023], [117.80889212400007, 1.215376255000024], [117.80888999100011, 1.215354198000057], [117.80888368700005, 1.215324075000069], [117.80887739800005, 1.215299041000037], [117.80885682700011, 1.215271403000031], [117.80883572200003, 1.215243860000044], [117.80881469600001, 1.215214120000041], [117.80828623000002, 1.214740232000054], [117.80773539200004, 1.214517470000033], [117.80769797900007, 1.214518973000054], [117.80766744700009, 1.214502658000072], [117.80762677300004, 1.214486596000029], [117.80760066900007, 1.214468103000058], [117.80757686700008, 1.214455488000056], [117.80754829200009, 1.214442734000045], [117.80751592900003, 1.214429454000026], [117.80741883900009, 1.214236862000064], [117.80740751700012, 1.21421145000005], [117.80739981900001, 1.214182189000041], [117.80738664800003, 1.214151311000023], [117.80736089600009, 1.214131204000068], [117.80734318500004, 1.214102580000031], [117.80733002400007, 1.21407047200006], [117.80732771100008, 1.214026186000069], [117.80731733700009, 1.213994453000055], [117.80731882300006, 1.213964941000029], [117.80733309400011, 1.213921734000053], [117.80708582600005, 1.213554010000053], [117.80706384400003, 1.213523352000038], [117.80692661300009, 1.213291710000021], [117.80691762200001, 1.213290909000023], [117.80686706900008, 1.214209251000057], [117.80700851200004, 1.218393434000063], [117.80697549500007, 1.220621083000026], [117.80702120900003, 1.220621265000034], [117.80976809200001, 1.220575551000024], [117.80981090900002, 1.220574189000047]]], [[[117.80964144900008, 1.213551485000039], [117.80961553400005, 1.212477483000043], [117.80788641200002, 1.212198624000052], [117.80797339300011, 1.211847988000045], [117.80816032200005, 1.21109444700005], [117.8081516200001, 1.211094588000037], [117.8076756690001, 1.211102315000062], [117.80691629500006, 1.211117693000062], [117.8069530030001, 1.212231001000021], [117.80695834300002, 1.21223124200003], [117.80698699800007, 1.212256274000026], [117.8070179020001, 1.212297212000067], [117.80703226000003, 1.212333584000021], [117.80704819200002, 1.212390970000058], [117.8070576770001, 1.212451860000044], [117.80707374500003, 1.212508997000043], [117.80709688800005, 1.212566194000033], [117.80713075100005, 1.212612873000069], [117.80717424300008, 1.212648967000064], [117.80722164200006, 1.212680327000044], [117.80727240700003, 1.212703489000035], [117.80733058600003, 1.212724029000071], [117.80738576700003, 1.212736865000068], [117.80744823000009, 1.212744461000057], [117.80751161900002, 1.212750052000047], [117.80756930200005, 1.21275808300004], [117.80763040400007, 1.212764292000031], [117.8076922790001, 1.21276847300004], [117.8077560480001, 1.212773416000061], [117.80780315800007, 1.212775558000033], [117.8078644410001, 1.212779435000073], [117.80792007600007, 1.212786274000052], [117.80797021600006, 1.212794836000057], [117.80802395600006, 1.212799626000049], [117.80806840600007, 1.212800422000043], [117.80809662400009, 1.21280540500004], [117.8081309270001, 1.212808048000056], [117.80818420800006, 1.212811394000028], [117.8082480600001, 1.212817200000075], [117.80830749400002, 1.212823087000061], [117.80837190900002, 1.212829679000038], [117.80843462400003, 1.21283623000005], [117.80849875400008, 1.212838260000069], [117.80855876900011, 1.21284410800007], [117.80862119800008, 1.212850527000057], [117.80868235700007, 1.212855705000038], [117.80874268100001, 1.212861344000032], [117.8088082050001, 1.212864644000035], [117.8088687720001, 1.21286918100003], [117.808931572, 1.212870792000047], [117.80899321100003, 1.212861511000028], [117.80904490600005, 1.212850899000046], [117.80907444400009, 1.212877781000032], [117.80910521500005, 1.212931959000059], [117.80922386500004, 1.213194599000076], [117.80927317800001, 1.213227056000051], [117.80932065800005, 1.213266426000075], [117.8093695230001, 1.213310480000075], [117.80941666700005, 1.213356008000062], [117.80945812400012, 1.213410255000042], [117.8095053940001, 1.21344722300006], [117.80954823800005, 1.213491650000037], [117.80957826100007, 1.213551555000038], [117.80964144900008, 1.213551485000039]]]]}},
{"type": "Feature", "properties": {"ba_code": "4320", "blockid": "4320O19P06", "division": "03"}, "geometry": {"type": "MultiPolygon", "coordinates": [[[[117.7692937600001, 1.202340466000066], [117.76923059700005, 1.20145393100006], [117.76888909500008, 1.201589725000076], [117.76816112800009, 1.20177990600007], [117.76749609400008, 1.202033395000058], [117.76721635100012, 1.202091584000073], [117.76669621400004, 1.202187411000068], [117.76669624400006, 1.202295969000033], [117.76738831800003, 1.202313866000054], [117.76740628900006, 1.202295768000056], [117.76822418300003, 1.20227744400006], [117.76878144200009, 1.202313471000025], [117.7692937600001, 1.202340466000066]]]]}},
{"type": "Feature", "properties": {"ba_code": "4320", "blockid": "4320N24P05", "division": "03"}, "geometry": {"type": "MultiPolygon", "coordinates": [[[[117.78149637500007, 1.211635727000044], [117.78167273000008, 1.211627607000025], [117.78178957300008, 1.211627573000044], [117.7820142700001, 1.211627508000049], [117.78218504300003, 1.211636504000069], [117.78244568900004, 1.211627382000074], [117.78274228200007, 1.211600157000021], [117.78303888300002, 1.211600071000021], [117.78314673300008, 1.211581946000024], [117.783353454, 1.211581886000033], [117.78369520400008, 1.211582418000035], [117.78392389100009, 1.211590288000025], [117.78393767000011, 1.211590763000061], [117.78405451000003, 1.21158168200003], [117.78409044900002, 1.211536440000032], [117.78409942400003, 1.211491205000073], [117.78410650900003, 1.211405329000058], [117.78410727500011, 1.21139604800004], [117.78412629400009, 1.211165526000059], [117.78411722800001, 1.210894136000036], [117.78410815200004, 1.210586560000024], [117.78410358500003, 1.210246351000023], [117.78410648800002, 1.210134053000047], [117.78411529000005, 1.210110409000038], [117.7841152630001, 1.210018798000021], [117.7841269600001, 1.209853305000024], [117.78411811500007, 1.209723279000059], [117.78410633400006, 1.209596210000029], [117.78409455700012, 1.209480961000054], [117.78408565200004, 1.209144073000061], [117.78408067400005, 1.208795377000058], [117.78406257900008, 1.208379247000039], [117.78406250900002, 1.208134993000044], [117.78405340900008, 1.207746], [117.78406286800009, 1.207511031000024], [117.78402630100004, 1.207239408000021], [117.783999257, 1.206958977000056], [117.78400818700004, 1.206759953000073], [117.7840080630001, 1.206491439000047], [117.78398765000009, 1.206250845000056], [117.78399270400007, 1.206138223000039], [117.78398999900003, 1.20601815200007], [117.78400277900005, 1.205800356000054], [117.78401801700011, 1.205728684000064], [117.78400782300002, 1.205651900000021], [117.78403322600002, 1.205559748000042], [117.78403317800007, 1.205390816000033], [117.78402296800004, 1.205257721000066], [117.78403311500006, 1.205170693000071], [117.78402291200007, 1.205063194000047], [117.7840166630001, 1.204968759000053], [117.78402285200002, 1.204853309000043], [117.78401774600002, 1.204781643000047], [117.78402281400008, 1.204720211000051], [117.78401769300001, 1.204597353000054], [117.78400239000007, 1.204438664000065], [117.78400235600009, 1.204320924000058], [117.78387510800007, 1.202283632000047], [117.78387236700007, 1.202258176000043], [117.78387167800008, 1.202239600000041], [117.78386074200012, 1.202242355000067], [117.7838457040001, 1.202244423000025], [117.7838340830001, 1.202243051000039], [117.78382177900005, 1.202242366000064], [117.78381015800005, 1.202242370000022], [117.7837992210001, 1.202240997000047], [117.78281708600002, 1.202175689000057], [117.78281159500011, 1.202181680000024], [117.78280427400011, 1.202194123000027], [117.78279786700011, 1.202201958000046], [117.78259579200005, 1.202210011000034], [117.78228122400003, 1.202237241000034], [117.78204753900002, 1.202237308000065], [117.78186778500003, 1.202246406000029], [117.78169701800005, 1.202255502000071], [117.78155321200006, 1.202255543000035], [117.78131952500007, 1.202246564000063], [117.78105889200003, 1.202300918000049], [117.78106793400002, 1.202490890000036], [117.78108599400002, 1.20278941700002], [117.7811040260001, 1.20298843300003], [117.78111306300002, 1.203160313000069], [117.78112208200002, 1.203268868000066], [117.78112212100007, 1.203404564000039], [117.78117641400002, 1.204689141000074], [117.78117642100005, 1.204716280000071], [117.78118546100006, 1.204897206000055], [117.78118546600001, 1.204915299000049], [117.78119450000008, 1.20507813200004], [117.78119450300005, 1.205087179000031], [117.78119451600003, 1.205132411000022], [117.78119457000003, 1.205322386000034], [117.78119462100005, 1.205503314000055], [117.78120369400006, 1.205801844000064], [117.781212793, 1.206190838000055], [117.78121290700005, 1.206588880000027], [117.78122200300004, 1.206968828000072], [117.78123111200011, 1.207394007000062], [117.781240152, 1.207574933000046], [117.78124916000002, 1.207647302000055], [117.78124917800005, 1.20771062700004], [117.78125827200006, 1.208081528000037], [117.78124938000008, 1.208416248000049], [117.78124948600009, 1.20878715200007], [117.78126756200004, 1.209139957000048], [117.78127663600003, 1.209438486000067], [117.78127668700006, 1.20961941500002], [117.781276778, 1.209936040000059], [117.78128583800003, 1.210189337000031], [117.78129487500007, 1.21036121700007], [117.78129489600008, 1.210433588000058], [117.78130390000001, 1.210487864000072], [117.78131295500009, 1.210723069000039], [117.78133099000001, 1.210931131000052], [117.7813310140001, 1.211012549000031], [117.78133105800009, 1.211166338000055], [117.7813400870001, 1.211311078000051], [117.78135811200002, 1.211482955000065], [117.78136738300009, 1.211654632000034], [117.78149637500007, 1.211635727000044]]]]}},
{"type": "Feature", "properties": {"ba_code": "4320", "blockid": "4320M30P07", "division": "02"}, "geometry": {"type": "MultiPolygon", "coordinates": [[[[117.80127522600003, 1.212261934000026], [117.80120667000006, 1.211232326000072], [117.79992943200011, 1.211247280000066], [117.79847824900003, 1.21132942600002], [117.79850317000012, 1.214571113000034], [117.79850221600009, 1.214937178000071], [117.79850764200012, 1.215099585000075], [117.7984993770001, 1.216154909000068], [117.79851704700002, 1.216440059000035], [117.79862344100002, 1.217472248000036], [117.798667711, 1.217694696000024], [117.7987058330001, 1.218056140000044], [117.79873369300003, 1.218298833000063], [117.7987908990001, 1.218711041000063], [117.79882385700012, 1.219266770000047], [117.79880808000007, 1.21941152200003], [117.79878552500008, 1.219673499000066], [117.79880844800005, 1.220841265000047], [117.79992138500006, 1.220831970000063], [117.80144253000003, 1.220761920000029], [117.80135927100002, 1.214663417000054], [117.80127544600009, 1.213010988000065], [117.80127522600003, 1.212261934000026]]]]}},
{"type": "Feature", "properties": {"ba_code": "4320", "blockid": "4320M24P05", "division": "02"}, "geometry": {"type": "MultiPolygon", "coordinates": [[[[117.7815047140001, 1.221198775000062], [117.783500021, 1.221152958000062], [117.78385457700006, 1.221161491000032], [117.784255002, 1.221134644000074], [117.78425453000011, 1.219506288000048], [117.7842511230001, 1.218450967000024], [117.78422559, 1.217209413000035], [117.7841746680001, 1.215220394000028], [117.78417051500003, 1.214979971000048], [117.78414906700004, 1.213738128000045], [117.7840919890001, 1.211720237000065], [117.78391632300008, 1.211694453000064], [117.78332651700009, 1.211672358000044], [117.7823198850001, 1.211717883000063], [117.78154632400003, 1.211696278000034], [117.78135864300009, 1.211700935000067], [117.78142146800008, 1.213020830000062], [117.78139509100004, 1.215065330000073], [117.78142246100003, 1.216476564000061], [117.78144045500005, 1.216539884000042], [117.78139555400003, 1.216675593000048], [117.78139561400008, 1.216883661000054], [117.78144069700011, 1.21738120200007], [117.78142272700006, 1.217399300000068], [117.78142289300001, 1.21797827100005], [117.78145894400006, 1.21832202500002], [117.78144101800001, 1.218493912000042], [117.78147292500012, 1.220923251000045], [117.78148672500004, 1.221153548000075], [117.7815047140001, 1.221198775000062]]]]}},
{"type": "Feature", "properties": {"ba_code": "4320", "blockid": "4320K27P05", "division": "02"}, "geometry": {"type": "MultiPolygon", "coordinates": [[[[117.79326378200005, 1.230938281000022], [117.79321877300004, 1.230703088000041], [117.79221213100004, 1.230730528000038], [117.7916998290001, 1.230766867000057], [117.79060331300002, 1.230812426000057], [117.7905583920001, 1.230875764000075], [117.7905584240001, 1.230984321000051], [117.79066043600005, 1.234599629000058], [117.7906674190001, 1.234847104000039], [117.79066742500004, 1.234865197000033], [117.79066748200012, 1.234869292000042], [117.79068578800002, 1.236176920000048], [117.79072669000004, 1.237060447000033], [117.79072570300002, 1.23712633100007], [117.79072732600002, 1.237164927000038], [117.7933216780001, 1.237856525000041], [117.7933287410001, 1.23783161800003], [117.79332847700005, 1.236945070000047], [117.79329363500005, 1.234795308000059], [117.79328647000011, 1.234353206000037], [117.79328624400011, 1.234339287000068], [117.79324607900003, 1.231861019000064], [117.79326378200005, 1.230938281000022]]]]}},
{"type": "Feature", "properties": {"ba_code": "4320", "blockid": "4320K15P08", "division": "01"}, "geometry": {"type": "MultiPolygon", "coordinates": [[[[117.75872336600003, 1.240568177000057], [117.75869939900008, 1.239892132000023], [117.75869855400003, 1.23988631900005], [117.7586974410001, 1.239886320000039], [117.7586863890001, 1.239267881000046], [117.7586803050001, 1.238927398000044], [117.75864962800006, 1.238140688000044], [117.75862598100002, 1.23753425700005], [117.75858979200007, 1.236701992000064], [117.75858070700008, 1.236358229000075], [117.75858065300008, 1.236168253000073], [117.75855351400003, 1.235553100000061], [117.75855345500008, 1.235345031000065], [117.75849936800012, 1.234784165000065], [117.75849934000007, 1.234782804000019], [117.75848013200005, 1.233415674000071], [117.75848099000007, 1.23336387400002], [117.75847831700003, 1.23328650000002], [117.75847192700007, 1.233101529000066], [117.75848980100011, 1.232739665000054], [117.75847908000003, 1.232215590000067], [117.75846451600012, 1.231503595000049], [117.75845649300004, 1.231111393000049], [117.75845334500002, 1.230957520000061], [117.75806687600004, 1.231011909000074], [117.75772533400004, 1.231021054000053], [117.75737479300005, 1.230994014000032], [117.757294752, 1.230990939000037], [117.75728488900006, 1.230990560000066], [117.7571411020001, 1.23098503500006], [117.75688944, 1.23099415300004], [117.7566917040001, 1.230994210000063], [117.75631420400009, 1.230985271000065], [117.75611647300002, 1.231003420000036], [117.75599962900003, 1.231003454000074], [117.75600873400003, 1.231419589000041], [117.75600883100003, 1.231763355000055], [117.756017885, 1.231998561000069], [117.75602717400011, 1.233066043000065], [117.75605434300007, 1.233789754000043], [117.75605347400005, 1.23384769300003], [117.75605066000003, 1.234035231000064], [117.75604552100003, 1.23437777700002], [117.75602765700012, 1.234775828000068], [117.75606374000006, 1.235237188000042], [117.75605491800002, 1.235825211000076], [117.75605505600004, 1.236313721000045], [117.75607319300002, 1.236883644000045], [117.75609133800003, 1.237480707000032], [117.75611737300005, 1.238019068000028], [117.75611846100003, 1.238041580000072], [117.75610962700011, 1.238584372000048], [117.7561727310001, 1.239244747000043], [117.7561970910001, 1.239917774000048], [117.75618190900002, 1.239914183000053], [117.75617292100003, 1.239914186000021], [117.75616395800012, 1.240004653000028], [117.75615500600009, 1.24013130700007], [117.75615502900007, 1.240212725000049], [117.75615506000008, 1.240321283000071], [117.75614609500008, 1.240402704000076], [117.75614611800006, 1.240484122000055], [117.75615517000006, 1.24071028100002], [117.75614619300006, 1.240746470000033], [117.75615520600002, 1.240836932000036], [117.75615522400005, 1.240900257000021], [117.75615523700003, 1.240945490000058], [117.75723595000011, 1.240922438000041], [117.75725021200003, 1.240922134000073], [117.75866336700005, 1.240891991000069], [117.75873479200004, 1.240890467000042], [117.75872336600003, 1.240568177000057]]]]}},
{"type": "Feature", "properties": {"ba_code": "4320", "blockid": "4320K17P11", "division": "01"}, "geometry": {"type": "MultiPolygon", "coordinates": [[[[117.76350605000005, 1.236022089000073], [117.76351258000011, 1.235995770000045], [117.76350603700007, 1.235973841000032], [117.76348804300005, 1.235913536000055], [117.76347006500009, 1.235904495000057], [117.76346106900007, 1.235877358000039], [117.76343410000004, 1.235859273000074], [117.76341611600003, 1.235832139000024], [117.763380159, 1.235814056000038], [117.76332621000006, 1.235741700000062], [117.76328123400003, 1.235615063000068], [117.76309236100008, 1.23518088700007], [117.7630923480001, 1.235135655000022], [117.76308336000011, 1.235135657000058], [117.76311927100005, 1.234990903000039], [117.76311257800012, 1.234903650000035], [117.76311025000007, 1.23487330200004], [117.7631192120001, 1.234782835000033], [117.76312994400007, 1.234674498000061], [117.76310286900002, 1.234505846000047], [117.76309215000003, 1.234439077000047], [117.76309214700007, 1.234430031000045], [117.76306516800003, 1.234375760000034], [117.76306516000011, 1.234348620000048], [117.76302234700006, 1.234302970000044], [117.76295849000007, 1.234234880000031], [117.76290817300003, 1.234181228000068], [117.76276846300004, 1.234023033000028], [117.76275048100001, 1.234004945000038], [117.76275047900003, 1.233995899000035], [117.76274149100004, 1.233995901000071], [117.76274148800007, 1.233986855000069], [117.76273250000008, 1.233986858000037], [117.76272350400006, 1.233959721000076], [117.76271451600007, 1.233959723000055], [117.76266057500004, 1.233914507000065], [117.7626580320001, 1.233914507000065], [117.76263605600002, 1.233891075000031], [117.7626156230001, 1.233869287000061], [117.76261562000002, 1.233860241000059], [117.76255268600005, 1.233796934000054], [117.76254369300011, 1.233778843000039], [117.76251608400003, 1.23373999100005], [117.76269498500005, 1.233105473000023], [117.76278085700005, 1.232802634000052], [117.76293834900002, 1.232449306000035], [117.76295264400005, 1.232341154000039], [117.76297515600004, 1.232337802000075], [117.76399567400006, 1.232632444000046], [117.76411917400003, 1.232668100000069], [117.76445046700007, 1.232763749000071], [117.7644572370001, 1.23276570400003], [117.76445019700009, 1.232576193000057], [117.76443974000006, 1.232294676000038], [117.76443336000011, 1.23226581800003], [117.76442174100009, 1.232213263000062], [117.76440372400009, 1.232068525000045], [117.7644126780001, 1.231950918000052], [117.76441265800008, 1.231878547000065], [117.76439465600004, 1.231788087000041], [117.76442109300001, 1.23173483100004], [117.7644305870001, 1.231715705000056], [117.76443057400002, 1.231670473000065], [117.76443055100003, 1.231589055000029], [117.76443054900005, 1.231580008000037], [117.76443054600009, 1.231570962000035], [117.76443051500007, 1.231462404000069], [117.7644305130001, 1.231453358000067], [117.76443051000001, 1.231444311000075], [117.76442148100011, 1.231299570000033], [117.76442144700002, 1.231181967000055], [117.76441893200001, 1.231140578000065], [117.76441674600005, 1.231104621000043], [117.76402185100005, 1.231104927000047], [117.7639711060001, 1.231059196000047], [117.76170814700004, 1.231095138000057], [117.7616964340001, 1.231294815000069], [117.7617071950001, 1.231626025000025], [117.76157277800007, 1.23304635900007], [117.76158180200002, 1.233173007000062], [117.76159080100001, 1.233209191000071], [117.76157735400011, 1.233290587000056], [117.76156386800005, 1.233317756000019], [117.76154590200008, 1.233353947000069], [117.76149199200006, 1.233417288000055], [117.76142010600006, 1.233480634000045], [117.7613751780001, 1.233525879000069], [117.76139462800006, 1.233578037000029], [117.76140216300007, 1.233598243000074], [117.76142013900005, 1.23359823800007], [117.76151003000007, 1.233634398000049], [117.76159093500007, 1.233679607000056], [117.7615999410001, 1.233742930000062], [117.76159994300008, 1.233751976000065], [117.76162692300011, 1.233806247000075], [117.761638564, 1.23381405400005], [117.76165039900002, 1.233821990000024], [117.76166351600011, 1.233830787000045], [117.76163861400005, 1.233829498000034], [117.76163862800001, 1.233833871000058], [117.76164089000008, 1.234537629000044], [117.76164251700004, 1.235043549000068], [117.7615284200001, 1.235090874000036], [117.76152842200008, 1.235099920000039], [117.76149247800004, 1.235127070000033], [117.76139364100004, 1.235235656000043], [117.76136668200002, 1.235253757000066], [117.76123184300002, 1.23519047000002], [117.76122285500003, 1.235190473000046], [117.76116893500011, 1.235217628000044], [117.76115569500007, 1.235236677000046], [117.76120488700008, 1.235217618000036], [117.76127680700006, 1.23527187600007], [117.76128579700003, 1.235280920000037], [117.76139364800008, 1.235262796000029], [117.76146556000003, 1.23528991400002], [117.76151948300003, 1.235271806000071], [117.76152847100002, 1.235271803000046], [117.76153745900001, 1.235271801000067], [117.76158239200004, 1.235244648000048], [117.76160036500005, 1.235235597000042], [117.76160935300004, 1.235235594000073], [117.76162732900002, 1.235235589000069], [117.76164309900003, 1.23522500100006], [117.76168124700007, 1.235199387000023], [117.76183404100004, 1.235190297000031], [117.76190595000003, 1.23520836900002], [117.76197594900009, 1.235267515000032], [117.76213969800006, 1.235416370000053], [117.76225736800006, 1.235568160000071], [117.76230846800001, 1.235636696000029], [117.76245439800005, 1.23583241700004], [117.76255328700006, 1.235904760000039], [117.76256227700003, 1.235913804000063], [117.76282370100012, 1.235949148000032], [117.76279598400004, 1.235977062000075], [117.76278699600005, 1.235977064000053], [117.76278699800002, 1.235986111000045], [117.76242745900004, 1.235922889000051], [117.76241847100005, 1.235922892000076], [117.76241847400001, 1.235931938000022], [117.76243646000012, 1.235968119000063], [117.76246344000003, 1.236022390000073], [117.76255333000006, 1.236058550000052], [117.76266119200011, 1.236076612000033], [117.762679165, 1.236067560000038], [117.76274207900008, 1.236058495000066], [117.76296676700008, 1.236013198000023], [117.76324541300005, 1.236076443000059], [117.76325440100004, 1.236076440000033], [117.7632723800001, 1.236085481000032], [117.76345854600004, 1.236034976000042], [117.76350605000005, 1.236022089000073]]], [[[117.76129501000003, 1.24086716100004], [117.76166911100006, 1.240853239000046], [117.7617437240001, 1.240852536000034], [117.762168212, 1.240844242000037], [117.76267721400006, 1.240778410000075], [117.76303624500008, 1.240772887000048], [117.76317118600002, 1.240770812000051], [117.76369640700011, 1.240762732000064], [117.76401079300001, 1.240757895000058], [117.76419378900005, 1.240755080000042], [117.76423469500003, 1.240654423000024], [117.76424390900002, 1.239363252000032], [117.7642530930001, 1.238076497000066], [117.76425347600002, 1.238022675000025], [117.76422566400004, 1.23802114800003], [117.76421965700001, 1.237661659000025], [117.76410000900012, 1.237681766000037], [117.763880201, 1.237851048000039], [117.7636969460001, 1.238053911000065], [117.7634355240001, 1.238304647000064], [117.76305271000001, 1.238567214000057], [117.76289117700003, 1.238766865000059], [117.76284511800009, 1.238823793000051], [117.76276829000005, 1.238918750000039], [117.76255167700003, 1.239175948000025], [117.76233382700002, 1.239389072000051], [117.76217358400004, 1.239621832000068], [117.76192078100007, 1.24001353500006], [117.76185341400003, 1.240084430000024], [117.76182516900008, 1.240098654000064], [117.76181746400005, 1.240093487000024], [117.76158397300003, 1.240224405000049], [117.76157482600001, 1.240229254000042], [117.76141306400007, 1.240310719000036], [117.7612263850001, 1.240404733000048], [117.7612153560001, 1.240410287000032], [117.7610763460001, 1.240480018000028], [117.76095431500005, 1.240556833000028], [117.76090856100006, 1.240613881000058], [117.76077783700009, 1.240776251000057], [117.76074175000008, 1.240817505000052], [117.76069722200009, 1.240868409000029], [117.76069817000007, 1.240868358000057], [117.76075028600007, 1.24086554400003], [117.76073191000012, 1.24088775000007], [117.76073226100004, 1.240888102000042], [117.76122630500004, 1.240869718000056], [117.76129501000003, 1.24086716100004]]]]}},
{"type": "Feature", "properties": {"ba_code": "4320", "blockid": "4320L17P06", "division": "01"}, "geometry": {"type": "MultiPolygon", "coordinates": [[[[117.76441241300006, 1.231019133000075], [117.76440331000003, 1.230617214000063], [117.764403291, 1.230548719000069], [117.76439423900001, 1.230322560000047], [117.76439421500004, 1.230241142000068], [117.764403173, 1.230132582000067], [117.76439008400007, 1.22996850800007], [117.76438513200003, 1.22990642600007], [117.7643851140001, 1.229843101000029], [117.76438648600003, 1.229786669000021], [117.76440531900005, 1.22967511500002], [117.7644005300001, 1.229639848000033], [117.76439586800007, 1.229611036000051], [117.76439820300004, 1.229527967000024], [117.76438403800012, 1.229468636000036], [117.76438873500001, 1.229402180000022], [117.76439107800002, 1.22934996500004], [117.76439106600003, 1.229309617000069], [117.76439105200006, 1.229259776000049], [117.76438396700007, 1.229219431000047], [117.76437216300008, 1.229171966000024], [117.76435652900011, 1.229131295000059], [117.76433090600005, 1.228857052000023], [117.76431288300012, 1.228694221000069], [117.76433081800008, 1.228549472000054], [117.76433079000003, 1.228449961000024], [117.76433074900001, 1.22830521800006], [117.764303734, 1.228124296000033], [117.76428570600001, 1.227943372000027], [117.76429468100002, 1.227898137000068], [117.76432159900003, 1.227735293000023], [117.76431254700003, 1.227509134000059], [117.76433050500009, 1.22744580400007], [117.76435939900011, 1.22733146500002], [117.76438434800002, 1.227147255000034], [117.7643753110001, 1.226975375000052], [117.76433931000008, 1.226803502000053], [117.76433300300005, 1.226746512000034], [117.764319881, 1.225902480000059], [117.76430304500002, 1.225699845000065], [117.76430301700009, 1.225600333000045], [117.76430299900005, 1.22553700800006], [117.76428500300005, 1.22546464200002], [117.7643029400001, 1.225328940000054], [117.76428491100012, 1.225138969000056], [117.76427589900004, 1.225057553000056], [117.76427588900003, 1.225021368000057], [117.76426686800005, 1.224903766000068], [117.76426686500008, 1.224894720000066], [117.76425785700008, 1.224822351000057], [117.76425782900003, 1.224722840000027], [117.76425781500006, 1.224673730000063], [117.76424881800006, 1.224641424000026], [117.7642397730001, 1.224442404000058], [117.76420378000012, 1.224297671000045], [117.76414982200004, 1.224189129000024], [117.76417172700008, 1.224047438000071], [117.76416552900002, 1.223935741000048], [117.76415625900006, 1.223855072000049], [117.76415320100011, 1.223804825000059], [117.76416317200005, 1.223723233000044], [117.76418081700001, 1.223492043000022], [117.76417041800005, 1.223337554000068], [117.76417249200006, 1.223223018000056], [117.76417747700009, 1.222631463000027], [117.76414035300002, 1.222488397000063], [117.76408642500007, 1.222488412000075], [117.76393361900011, 1.222452270000076], [117.76378080500001, 1.222388989000024], [117.76364597300005, 1.222343795000029], [117.76347518900002, 1.222298612000031], [117.763403272, 1.222253400000056], [117.76340327000003, 1.222244353000065], [117.7632414630001, 1.222162981000054], [117.76308865200008, 1.22210874600006], [117.76299876500002, 1.222081633000073], [117.76294483400011, 1.222072602000026], [117.7628549420001, 1.222027395000055], [117.7626931530001, 1.222009348000029], [117.76249541800007, 1.222009405000051], [117.76247744400007, 1.222018456000058], [117.76241453300008, 1.222036567000032], [117.76223477600001, 1.222045665000053], [117.76218084900006, 1.222045680000065], [117.76198312300005, 1.222081923000076], [117.76183032800009, 1.222081966000076], [117.76165955600004, 1.222082015000069], [117.76150677100009, 1.222118245000047], [117.76151576100006, 1.222127289000071], [117.76151576900008, 1.222154428000067], [117.76152480500002, 1.222326308000049], [117.76153385400005, 1.222543421000069], [117.76154287000008, 1.222642930000063], [117.76153393100003, 1.222814815000049], [117.76154297200003, 1.223004788000026], [117.761543028, 1.223203811000076], [117.7615610580001, 1.223393781000027], [117.76157907200002, 1.223529473000042], [117.76158813400002, 1.223791818000052], [117.76160618400002, 1.224054161000026], [117.7616062510001, 1.224289369000076], [117.76161527900001, 1.224434110000061], [117.76160629900005, 1.224461252000026], [117.76161531800005, 1.224569807000023], [117.76161533000004, 1.224615039000071], [117.76161535100005, 1.224687411000048], [117.76162435200001, 1.22473264000007], [117.76160640600006, 1.22484120300004], [117.76159744600011, 1.224940717000038], [117.76160647800009, 1.225094504000026], [117.76159126400012, 1.22523267300005], [117.76158854800008, 1.225257346000035], [117.7616014030001, 1.225309036000056], [117.76161554200007, 1.225365896000028], [117.76163355900007, 1.225510634000045], [117.76163564500007, 1.22555029900002], [117.76164259600012, 1.225682514000027], [117.76164262400005, 1.225782026000047], [117.7616516710001, 1.225990092000075], [117.7616517240001, 1.226180068000076], [117.76165176300003, 1.226315765000038], [117.76164282600007, 1.226496696000027], [117.76165186800006, 1.226686670000049], [117.76166090400011, 1.226858550000031], [117.76165196200009, 1.227021389000072], [117.7616520140001, 1.227202318000025], [117.76167008200002, 1.227527986000041], [117.76166114700004, 1.227717964000021], [117.76166127300007, 1.228161241000066], [117.76176038400001, 1.229020627000068], [117.76174245200002, 1.229174422000028], [117.761715793, 1.230250960000035], [117.76171601100009, 1.231019909000054], [117.76266873600002, 1.231001545000026], [117.76326194600006, 1.231001370000058], [117.76441266000006, 1.23103306500002], [117.76441241300006, 1.231019133000075]]], [[[117.76420310700007, 1.221918452000068], [117.76420304100009, 1.221683244000076], [117.76415808800004, 1.221638024000072], [117.76411314800009, 1.221638037000048], [117.76408618700009, 1.221647091000023], [117.76387946400007, 1.221647150000024], [117.76362780300008, 1.22165626900005], [117.76345703100003, 1.221656318000043], [117.76335816400001, 1.221656346000032], [117.7631873900001, 1.221647348000033], [117.76301662100002, 1.221656444000075], [117.76280090400007, 1.221638412000061], [117.76266608500009, 1.221638451000047], [117.76252228200008, 1.221656585000062], [117.76249531600001, 1.221647546000042], [117.76226163100011, 1.221656659000075], [117.76218973000005, 1.221665726000026], [117.76209087200004, 1.221701940000059], [117.761958434, 1.221699744000034], [117.76185729800011, 1.221710487000053], [117.76171337900007, 1.221711095000046], [117.7615805050001, 1.221721282000033], [117.76149092300011, 1.221737508000047], [117.76150118300006, 1.221843901000057], [117.76149438300001, 1.221915978000027], [117.76148757800001, 1.221970894000037], [117.7614887740001, 1.222045878000074], [117.76158764000002, 1.222036803000037], [117.76168649700003, 1.222000589000061], [117.76180334300011, 1.222009602000071], [117.76212690000011, 1.221973324000032], [117.76244146400006, 1.221918956000025], [117.76271110100004, 1.221909832000051], [117.76302569300003, 1.221954974000028], [117.76314254700003, 1.221991127000024], [117.76323243700006, 1.22202728700006], [117.76343020500008, 1.222144835000051], [117.76343919300007, 1.222144832000026], [117.76366392300008, 1.222253325000054], [117.76391560700006, 1.222325625000053], [117.76399650400003, 1.222343695000063], [117.7640144830001, 1.222352736000062], [117.76417627900003, 1.222397922000027], [117.764194255, 1.222397917000023], [117.76421219800011, 1.222280308000052], [117.76421216400001, 1.222162704000027], [117.76421212100001, 1.222008914000071], [117.76420310700007, 1.221918452000068]]]]}},
{"type": "Feature", "properties": {"ba_code": "4320", "blockid": "4320K20P09", "division": "01"}, "geometry": {"type": "MultiPolygon", "coordinates": [[[[117.77186607400006, 1.240623179000067], [117.77186603500002, 1.240407183000059], [117.77186617100006, 1.240407183000059], [117.77190522100011, 1.240431731000058], [117.77193808900006, 1.240452394000044], [117.7719830310001, 1.240461427000071], [117.77209988600009, 1.240497578000031], [117.77218977700011, 1.240533738000067], [117.7722706720001, 1.240542760000039], [117.77240549200008, 1.240542721000054], [117.77245042700008, 1.240524615000027], [117.77247738800008, 1.240515560000063], [117.77248637100001, 1.240497465000033], [117.77256726000007, 1.240488395000057], [117.77258523600005, 1.240488389000063], [117.77266613100005, 1.240497412000025], [117.77270208100003, 1.240488355000025], [117.77272005100008, 1.240470257000027], [117.77276499700008, 1.240488337000045], [117.77290133500003, 1.240484507000076], [117.772886588, 1.239782372000036], [117.77288194700009, 1.239561403000039], [117.77287410500003, 1.239188024000043], [117.77287245200012, 1.239104199000053], [117.77285439200011, 1.238814718000071], [117.77285438900003, 1.238805672000069], [117.7728543180001, 1.238561418000074], [117.77284525700009, 1.238308120000056], [117.77283626600001, 1.238299076000033], [117.77284507900004, 1.23769296200004], [117.77283608800008, 1.237683918000073], [117.77281803400001, 1.237412530000029], [117.77271016700001, 1.237376376000043], [117.77235963700002, 1.237385525000036], [117.77193716700003, 1.237268045000064], [117.77175740200005, 1.237250005000021], [117.77147877300001, 1.237250086000074], [117.77125409100006, 1.237313477000043], [117.77102941500004, 1.237394961000064], [117.77084967300004, 1.237458339000057], [117.77079285400009, 1.237475953000057], [117.77073478500006, 1.237468313000022], [117.77073283100003, 1.237467419000041], [117.77072384300004, 1.237467422000066], [117.77070587000003, 1.237476474000061], [117.77068789400005, 1.237476479000065], [117.77061599500007, 1.237494593000065], [117.77049909000004, 1.237508748000039], [117.77038231400002, 1.237521801000071], [117.77004977100012, 1.237567130000059], [117.7700407860001, 1.23757617900003], [117.76987001300006, 1.237576229000069], [117.76987902200005, 1.237648598000021], [117.769870222, 1.238299945000051], [117.76987921300008, 1.238308989000075], [117.76987921500006, 1.23831803500002], [117.76987922100011, 1.238336128000071], [117.76990625500002, 1.238580374000037], [117.7699062580001, 1.238589421000029], [117.76990626300005, 1.238607514000023], [117.76989730900004, 1.238725120000026], [117.76988842000003, 1.23906888800002], [117.76988842300011, 1.239077934000022], [117.76989751000008, 1.239421697000068], [117.76990016500008, 1.239704053000025], [117.76990038300005, 1.239727170000037], [117.76990129900003, 1.239824576000046], [117.76990678300001, 1.240407757000071], [117.76991439400001, 1.240648578000048], [117.77035395000007, 1.240643767000051], [117.770394398, 1.240640515000052], [117.77159988300002, 1.240626315000043], [117.77168695600005, 1.240625289000036], [117.77186607400006, 1.240623179000067]]]]}},
{"type": "Feature", "properties": {"ba_code": "4320", "blockid": "4320K23AP06", "division": "01"}, "geometry": {"type": "MultiPolygon", "coordinates": [[[[117.78130980900005, 1.230959925000036], [117.78127384600009, 1.230923750000045], [117.78022224600011, 1.230896921000067], [117.77974588900008, 1.230915154000058], [117.77952998300009, 1.230928913000071], [117.77936733100012, 1.230919331000052], [117.77922062500011, 1.230916163000074], [117.7788634320001, 1.230909849000057], [117.77860829300005, 1.230906713000024], [117.77849667400005, 1.230919587000074], [117.77850307200003, 1.230990204000022], [117.77850559300009, 1.23106617000002], [117.7785059250001, 1.232209158000046], [117.77852010100003, 1.232632500000022], [117.778524661, 1.232768663000058], [117.778522253, 1.232783226000038], [117.77851864400009, 1.232807498000057], [117.77852904100007, 1.233028644000058], [117.77853141100002, 1.23307902800002], [117.77854223600002, 1.233448509000027], [117.77856925000003, 1.233620383000073], [117.7785680070001, 1.233683791000033], [117.7785567300001, 1.233826199000021], [117.7785624280001, 1.233962906000045], [117.77858509300006, 1.234054038000068], [117.77857948000008, 1.234213534000048], [117.77858518100004, 1.234355936000043], [117.778776192, 1.234371176000025], [117.779018876, 1.234398244000033], [117.77923460600005, 1.23446150500007], [117.77959417500006, 1.234633281000072], [117.78000768600009, 1.234850273000063], [117.78017850000003, 1.234994966000045], [117.78027811700008, 1.235090815000035], [117.78027998400012, 1.235092813000051], [117.78041851500006, 1.235241153000061], [117.78047468600005, 1.23526696700003], [117.78050171100006, 1.235359347000042], [117.78054764800004, 1.235497917000032], [117.78055788800009, 1.235533091000036], [117.78064612000003, 1.235836145000064], [117.78081700300004, 1.236216044000059], [117.78098782500001, 1.236387876000038], [117.78120357600005, 1.236523509000051], [117.7813294450001, 1.236650121000025], [117.78143731900002, 1.236713414000064], [117.78143567000006, 1.236641309000049], [117.78143561600007, 1.236638927000058], [117.78135538100003, 1.233131054000069], [117.78135527800009, 1.232776650000062], [117.7813505580001, 1.232568520000029], [117.78133715000001, 1.232253556000046], [117.78131006600006, 1.230972073000032], [117.78130980900005, 1.230959925000036]]]]}},
{"type": "Feature", "properties": {"ba_code": "4320", "blockid": "4320L22P06", "division": "01"}, "geometry": {"type": "MultiPolygon", "coordinates": [[[[117.77608945000009, 1.230910702000074], [117.77641246200005, 1.230895927000063], [117.77667434000011, 1.23090052200007], [117.77677265400007, 1.230897855000023], [117.77699500500012, 1.230891822000046], [117.77714891700009, 1.230861653000034], [117.77729604600006, 1.23085880800005], [117.77762470900007, 1.230852452000022], [117.77810721000003, 1.230872267000052], [117.77839767500006, 1.230852225000035], [117.77839743100003, 1.230010907000064], [117.77839736600004, 1.229784746000064], [117.77835223200009, 1.22911532400002], [117.77837007700009, 1.228662997000072], [117.7783482640001, 1.228405916000042], [117.77833400200007, 1.228237825000065], [117.7783516070001, 1.226953227000024], [117.7783415990001, 1.226697280000053], [117.77832891500009, 1.226372876000028], [117.77831574400011, 1.224759325000036], [117.778344693, 1.224759317000064], [117.7783405450001, 1.224153380000075], [117.77834005800003, 1.224082188000068], [117.7783292680001, 1.222506166000073], [117.77824230100009, 1.22249110000007], [117.7781776270001, 1.222479897000028], [117.77807168600009, 1.22246627800007], [117.77799395300008, 1.222458477000032], [117.7776222760001, 1.222421176000068], [117.77746948000004, 1.222421221000047], [117.7772987410001, 1.222529828000063], [117.7766163440001, 1.223389492000024], [117.77661140200007, 1.22339594400006], [117.77648988100009, 1.22333727900002], [117.77592373800007, 1.223063968000019], [117.77551568600006, 1.222604326000067], [117.77551587200003, 1.223252757000068], [117.77553391200001, 1.223757087000024], [117.77551611500007, 1.224099319000061], [117.77547485700006, 1.224864340000067], [117.77549872700001, 1.225864497000032], [117.77547541400008, 1.226800278000042], [117.77549573800002, 1.226898323000057], [117.77551844100003, 1.227007847000039], [117.77549390200011, 1.227455348000035], [117.77549358800002, 1.227487802000041], [117.77553871300006, 1.228130086000021], [117.77553700100009, 1.228198083000052], [117.77553082300005, 1.228443362000064], [117.77552094100008, 1.228835713000024], [117.775584, 1.229333249000035], [117.77560014900007, 1.229920296000046], [117.7756021670001, 1.229993633000049], [117.77560133700001, 1.230069050000054], [117.77560350200008, 1.230179614000065], [117.77560691300005, 1.230353782000066], [117.77560695600005, 1.230503059000057], [117.77560425600007, 1.230666159000066], [117.77559609100001, 1.230920486000059], [117.775943976, 1.230916270000023], [117.77608945000009, 1.230910702000074]]], [[[117.77829169300003, 1.221439662000023], [117.77827424700001, 1.221303887000033], [117.77815810400011, 1.221305948000065], [117.77725768900007, 1.22132192600003], [117.77724843100009, 1.221322090000058], [117.77724341600003, 1.221330173000069], [117.77721751600006, 1.221371908000037], [117.77719899700003, 1.221390559000042], [117.77717259000008, 1.221417153000061], [117.77717259000008, 1.221420230000035], [117.77717261300006, 1.221498571000041], [117.77729847500007, 1.221607092000056], [117.77746932700006, 1.221887481000067], [117.77745139300009, 1.222032230000025], [117.7774241950001, 1.222079188000066], [117.77741875200002, 1.222088586000041], [117.77770830200006, 1.222276489000024], [117.77769835100003, 1.222356813000033], [117.7776972480001, 1.222365717000059], [117.77775551800005, 1.222314857000072], [117.77783566300002, 1.222277598000062], [117.77798978200008, 1.222184464000065], [117.77809458700006, 1.222134786000026], [117.77818704700007, 1.222041670000067], [117.77826718100005, 1.221967175000032], [117.77830416000006, 1.221911311000042], [117.77831647200003, 1.221843042000046], [117.77831643400009, 1.221712717000059], [117.778310228, 1.221569982000062], [117.77829169300003, 1.221439662000023]]]]}},
{"type": "Feature", "properties": {"ba_code": "4320", "blockid": "4320L20AP05", "division": "01"}, "geometry": {"type": "MultiPolygon", "coordinates": [[[[117.77009926300002, 1.231261740000036], [117.77009026000007, 1.231207464000022], [117.77013520000003, 1.231207451000046], [117.77022508200002, 1.231216471000039], [117.77027002000011, 1.23120741200006], [117.7702879950001, 1.231207407000056], [117.77032395000003, 1.231216443000051], [117.77033293800002, 1.231216440000026], [117.77036888500004, 1.231198337000023], [117.770377875, 1.231207380000058], [117.77038686300011, 1.231207378000022], [117.77039585400007, 1.231216422000045], [117.77040484200006, 1.23121641900002], [117.77041382700008, 1.23120737000005], [117.77044079100006, 1.231207362000021], [117.77046775500003, 1.231207354000048], [117.77049471900011, 1.231207346000076], [117.7705126950001, 1.231207341000072], [117.77052168300008, 1.231207339000036], [117.77054864700006, 1.231207331000064], [117.77056662100006, 1.231198279000068], [117.77058459700004, 1.231198274000064], [117.77061156100001, 1.231198266000035], [117.7706295370001, 1.231198261000031], [117.77064751300009, 1.231198256000027], [117.77066548900007, 1.231198250000034], [117.77070144000004, 1.231198240000026], [117.77072840400001, 1.231198232000054], [117.77073739000002, 1.231189183000026], [117.77075536600012, 1.231189178000022], [117.77078233000009, 1.23118917000005], [117.77079131500011, 1.231180121000023], [117.7708003030001, 1.231180118000054], [117.77081827900008, 1.23118011300005], [117.77083625500006, 1.231180108000046], [117.77084524300005, 1.231180105000021], [117.77084524100007, 1.231171059000076], [117.77085422900007, 1.231171056000051], [117.77086321600007, 1.231171053000025], [117.77088119200005, 1.231171048000022], [117.77089017800006, 1.231161999000051], [117.77090815600002, 1.231171040000049], [117.770917144, 1.23117103800007], [117.7709351200001, 1.231171033000066], [117.77094410600012, 1.23116198300005], [117.77094411400003, 1.231189123000036], [117.77095310700008, 1.231207213000062], [117.77095310900006, 1.231216260000053], [117.77095311500011, 1.231234352000058], [117.77096211000003, 1.231261489000076], [117.77096211600008, 1.23127958200007], [117.77096212300012, 1.231306721000067], [117.77097111900002, 1.231333858000028], [117.77098011500004, 1.231360995000045], [117.77098012300007, 1.231388134000042], [117.77098911600001, 1.231406224000068], [117.770998114, 1.231442408000021], [117.77102509400004, 1.231496678000042], [117.77104308500009, 1.231550952000021], [117.77104309800006, 1.231596184000068], [117.7710471910001, 1.231614557000057], [117.77106792400002, 1.231614551000064], [117.77114048700003, 1.231609314000025], [117.77120488500009, 1.231605184000045], [117.77130653200004, 1.23160944600005], [117.77140287300006, 1.231602805000023], [117.77149483800008, 1.23160277900007], [117.77153644200007, 1.231607175000022], [117.77161845600006, 1.231601254000054], [117.77168989800009, 1.231598720000022], [117.77175986700001, 1.231583049000051], [117.77180651000003, 1.231564776000027], [117.77186092300008, 1.23153085000007], [117.771904973, 1.231504753000024], [117.77195938500006, 1.231468219000021], [117.77198788500004, 1.231442127000037], [117.7720656240001, 1.231410803000074], [117.77213558400001, 1.231366439000055], [117.77222109200011, 1.231319462000044], [117.77229105100002, 1.231269882000049], [117.77234287300007, 1.231238566000059], [117.77242060300011, 1.231178549000049], [117.77249574400003, 1.23112635800004], [117.77257710700007, 1.231003907000058], [117.77267999600008, 1.230943297000067], [117.77276861000007, 1.230962430000034], [117.77287181100007, 1.23083340900007], [117.77302916800011, 1.230636682000068], [117.77317290300005, 1.23038334000006], [117.77332559900003, 1.230039530000056], [117.77340101700008, 1.229750740000043], [117.77341538000007, 1.229695739000022], [117.77339131300005, 1.229601957000057], [117.77333649700006, 1.229562741000052], [117.77330748000008, 1.229541981000068], [117.77295676400001, 1.228899786000056], [117.7728578650001, 1.228791258000058], [117.77292071400007, 1.228556032000029], [117.77306443000009, 1.228239364000046], [117.77310931300008, 1.228040330000056], [117.77306429500004, 1.227768949000051], [117.77295635900009, 1.227488541000071], [117.77255170300009, 1.226801129000023], [117.77227542000003, 1.226537105000034], [117.77199936500006, 1.226305873000058], [117.77184204800005, 1.226198060000058], [117.77180781100003, 1.226186617000053], [117.77145496000003, 1.22606868500003], [117.77083478500003, 1.226050772000065], [117.77019664900001, 1.226087143000029], [117.77001689000008, 1.226087195000048], [117.76982812400001, 1.22602392400006], [117.76981014800003, 1.226023929000064], [117.76981015600006, 1.22605106900005], [117.76981040100009, 1.226907307000033], [117.76981047700008, 1.227173134000054], [117.76981065000007, 1.227781004000065], [117.76981065200005, 1.227787987000056], [117.76981329800003, 1.227870141000039], [117.76982344700002, 1.228185352000025], [117.76982371600002, 1.228187471000069], [117.76983319900012, 1.22826249700006], [117.76985950700009, 1.229767005000042], [117.76988082500009, 1.23098615400005], [117.76990203800005, 1.232199240000057], [117.76995314700002, 1.232098458000053], [117.76994453000009, 1.23208612600007], [117.7699377130001, 1.232075968000061], [117.76993507300006, 1.232072234000043], [117.76993771000002, 1.232066921000069], [117.76997363900011, 1.231985493000025], [117.77000956800009, 1.231904064000048], [117.77004549900005, 1.231831682000063], [117.77007245000004, 1.231786442000043], [117.77009939800007, 1.231732155000032], [117.77009040000007, 1.231695972000068], [117.7700903870001, 1.231650740000021], [117.77009037900007, 1.231623601000024], [117.77009035300011, 1.231533136000053], [117.77009933300008, 1.231505994000031], [117.7700993310001, 1.231496948000029], [117.77010829500011, 1.231415527000024], [117.77009928100006, 1.231325065000021], [117.77009926300002, 1.231261740000036]]], [[[117.77111239200008, 1.222480758000074], [117.77111232700008, 1.222251183000026], [117.77126512200005, 1.222251139000036], [117.77186721700002, 1.221907200000032], [117.77202000500006, 1.221880017000046], [117.77210091400002, 1.221943318000058], [117.77220876500007, 1.22192519400005], [117.77324227600002, 1.221563037000067], [117.7732877740001, 1.22154385400006], [117.77255273100002, 1.221481622000056], [117.77223559400011, 1.221454771000026], [117.77184910900007, 1.221445837000033], [117.77184690700005, 1.221446185000048], [117.77132567400008, 1.221464494000031], [117.77116323900009, 1.221480660000054], [117.77099622800006, 1.221499130000041], [117.77086811900006, 1.221547526000052], [117.77075602700006, 1.221600523000063], [117.77069427000004, 1.221658110000021], [117.77068513900008, 1.221729498000059], [117.77070803800007, 1.221798576000026], [117.77079045800008, 1.221994288000076], [117.77081106900005, 1.222063366000043], [117.770817953, 1.222134750000066], [117.77084771500006, 1.222206128000039], [117.77111180000009, 1.222480933000043], [117.77111239200008, 1.222480758000074]]], [[[117.77019564000011, 1.222549981000043], [117.77060008, 1.222486539000045], [117.77077086400004, 1.222531722000042], [117.77094162800006, 1.222504533000063], [117.7708786710001, 1.222359808000022], [117.77075279500002, 1.222206055000072], [117.77075274100002, 1.22201608000006], [117.77058186400006, 1.221645224000042], [117.77051893100008, 1.221581917000037], [117.770447009, 1.221518613000057], [117.770150424, 1.221582024000043], [117.76978190000011, 1.221518805000073], [117.76978190800003, 1.22154594400007], [117.76976731000002, 1.221597425000027], [117.76976395000008, 1.221609275000048], [117.7697821700001, 1.222468682000056], [117.76978693800004, 1.222469620000027], [117.77019564000011, 1.222549981000043]]], [[[117.77250666400005, 1.226457377000031], [117.77236271400011, 1.22595986400006], [117.77227278500004, 1.225788008000052], [117.77211993500009, 1.225598077000029], [117.77191315000005, 1.225381022000022], [117.77194826200002, 1.225300181000023], [117.77197602400008, 1.22523626100002], [117.77211977500008, 1.225037197000063], [117.77255114800005, 1.22486519000006], [117.77310830300007, 1.224521263000042], [117.77324309900007, 1.224439806000021], [117.77330597900004, 1.22431313800007], [117.77330592200008, 1.224114116000067], [117.77321587100005, 1.223517077000054], [117.77315291100001, 1.223363305000021], [117.77304500700006, 1.223191454000073], [117.77294325200012, 1.22309511800006], [117.77290117100006, 1.223091985000053], [117.77245177000009, 1.22308306900004], [117.77248767600008, 1.222920222000027], [117.77274828500003, 1.22277540400006], [117.77276692100008, 1.222767344000033], [117.77274826400003, 1.222703032000027], [117.77266317500005, 1.222343304000049], [117.772663125, 1.222167207000041], [117.77256315000011, 1.22217409700005], [117.77247002800004, 1.222306769000056], [117.77116137700011, 1.222771404000071], [117.77113635400008, 1.222670784000059], [117.77109446700001, 1.222658279000029], [117.77098659300009, 1.222594985000057], [117.77021362900007, 1.22259520800003], [117.76993301200002, 1.222579004000067], [117.76991476400008, 1.222613464000062], [117.7698617850001, 1.222711977000074], [117.76983326700008, 1.222802275000049], [117.76985775700007, 1.222888454000042], [117.76995158400007, 1.223040277000052], [117.77000462400008, 1.223151072000064], [117.77005767000003, 1.223286491000067], [117.77012701800004, 1.223389073000021], [117.77020043900006, 1.223479341000029], [117.77027386100008, 1.223569610000027], [117.77043291200005, 1.223663957000042], [117.77056749600001, 1.223754208000059], [117.77070207000008, 1.223803418000045], [117.77082440800007, 1.223844424000049], [117.77092227500009, 1.223864916000025], [117.77108129900012, 1.223864870000057], [117.7711530470001, 1.223851886000034], [117.77122431500004, 1.223658595000074], [117.7714362910001, 1.223617196000021], [117.77143628300007, 1.223617103000038], [117.771436547, 1.223617069000056], [117.7714365700001, 1.22361705700007], [117.77164899400009, 1.223589003000029], [117.77169652500004, 1.223582726000075], [117.77219124400006, 1.223517374000039], [117.77220727800011, 1.223605994000025], [117.77220925200004, 1.223616882000044], [117.7722721770001, 1.22366209300003], [117.77227217900008, 1.223668656000029], [117.77227264700002, 1.223725484000056], [117.772279894, 1.223764109000058], [117.77229919700005, 1.223861107000062], [117.77178388000004, 1.223939061000067], [117.77176023800007, 1.22394263700005], [117.77156426500005, 1.22404160800005], [117.77154413100004, 1.224051618000033], [117.7714787110001, 1.224100063000037], [117.77128035300007, 1.224198553000065], [117.77124402700008, 1.224195751000025], [117.77116879200003, 1.223918408000031], [117.77093044700007, 1.223926474000052], [117.77085297200006, 1.22392239200002], [117.77072247800004, 1.223877286000061], [117.77053081400004, 1.223807572000055], [117.7704574070001, 1.223770657000046], [117.77037176100009, 1.223709120000024], [117.77026572800003, 1.223647589000052], [117.77019231000008, 1.223569633000068], [117.7701148110001, 1.223479366000049], [117.77003322700011, 1.223364475000039], [117.76997203000008, 1.223245475000056], [117.76989450700012, 1.223069022000061], [117.7698292340001, 1.222958231000064], [117.76980580300005, 1.222913715000061], [117.76982287700002, 1.223349795000047], [117.7698275670001, 1.224274979000029], [117.76982762800003, 1.224287006000054], [117.76980612600005, 1.224556335000045], [117.76978662800002, 1.224800563000031], [117.76978284800009, 1.224847899000054], [117.76978314900009, 1.225899036000044], [117.76978316100008, 1.225942519000057], [117.76995395600011, 1.226023888000043], [117.77019664400007, 1.226069050000035], [117.77114036300009, 1.226005451000049], [117.7716077560001, 1.22606864100004], [117.77182349300006, 1.226159043000052], [117.77203924000003, 1.226285630000064], [117.77239885000006, 1.226602151000066], [117.77257866700006, 1.226801121000051], [117.7726595580001, 1.22680109700002], [117.77250666400005, 1.226457377000031]]]]}},
{"type": "Feature", "properties": {"ba_code": "4320", "blockid": "4320M21P06", "division": "01"}, "geometry": {"type": "MultiPolygon", "coordinates": [[[[117.77523862700002, 1.215980805000072], [117.775222815, 1.214403642000036], [117.77522012500003, 1.214135337000073], [117.77523773500002, 1.212850737000053], [117.77522014700003, 1.211840783000071], [117.77521946000002, 1.211801355000034], [117.77245191000009, 1.211856732000058], [117.772459163, 1.212222274000055], [117.77249677800012, 1.21411802800003], [117.77249689900009, 1.214546591000044], [117.77249819700012, 1.214556594000044], [117.77251495400003, 1.21482364600007], [117.77252244500005, 1.214906124000038], [117.7725224730001, 1.215004552000039], [117.7725322980001, 1.21516695400004], [117.7725274280001, 1.21523585500006], [117.77252746300007, 1.215358890000061], [117.77252799200005, 1.21537210200006], [117.77253238700007, 1.215481923000027], [117.77290160000007, 1.215402507000022], [117.77307237800005, 1.215429597000025], [117.77316226200003, 1.215447664000067], [117.77333306900005, 1.215574265000043], [117.77412428800005, 1.216560099000048], [117.77425014000005, 1.216632434000076], [117.77438503100007, 1.21688569600002], [117.77461879200007, 1.217147975000046], [117.77497836400005, 1.217337846000021], [117.77532035000002, 1.217443650000064], [117.77531409100004, 1.217142970000054], [117.77530629000012, 1.216768176000073], [117.77524288000006, 1.216030303000025], [117.77523862700002, 1.215980805000072]]]]}},
{"type": "Feature", "properties": {"ba_code": "4320", "blockid": "4320L23P06", "division": "01"}, "geometry": {"type": "MultiPolygon", "coordinates": [[[[117.77981061300011, 1.230851791000021], [117.78051883100011, 1.230833508000046], [117.78112103, 1.230851424000036], [117.78124685600005, 1.230833294000035], [117.78126497800008, 1.229236950000029], [117.78122272900009, 1.227601678000042], [117.78122452000002, 1.227159456000038], [117.78120939100006, 1.225622564000048], [117.78123078600004, 1.224740005000058], [117.78123243000005, 1.224672222000038], [117.78124491900007, 1.224157032000051], [117.7812653200001, 1.223876941000071], [117.781271188, 1.223762760000056], [117.78131655000004, 1.223216183000034], [117.78140825100002, 1.222226393000028], [117.78138838400002, 1.22215981100004], [117.78108407800005, 1.222213170000032], [117.78077315700011, 1.222266531000059], [117.78060120100008, 1.222446368000021], [117.78053993500009, 1.222558838000054], [117.78052188100003, 1.222679447000075], [117.78036980200011, 1.222965816000055], [117.78027059800002, 1.223072385000023], [117.7799728980001, 1.223092448000045], [117.77976118200002, 1.223045899000056], [117.77942377300008, 1.223012704000041], [117.77892752500009, 1.222766476000061], [117.77847610700007, 1.222531604000039], [117.7783292680001, 1.222506166000073], [117.77834005800003, 1.224082188000068], [117.7783405450001, 1.224153380000075], [117.778344693, 1.224759317000064], [117.77837153200005, 1.224759309000035], [117.77837524300003, 1.226378945000022], [117.77837977800004, 1.22637953900005], [117.77839650700002, 1.226817517000029], [117.77841455100008, 1.227052719000028], [117.77845953000008, 1.227188402000024], [117.77843276500005, 1.227875939000057], [117.77839681800003, 1.227894042000059], [117.77846700500004, 1.23074712600004], [117.77847113500002, 1.230836135000061], [117.77859232800006, 1.230842519000021], [117.77876135500003, 1.230839260000039], [117.77890487200011, 1.230842427000027], [117.77898779200007, 1.230845613000042], [117.779051578, 1.23085201400005], [117.77916001200003, 1.230855192000035], [117.77934498900004, 1.230858348000027], [117.77954591200012, 1.230867918000058], [117.77981061300011, 1.230851791000021]]], [[[117.78045290200009, 1.222448783000061], [117.78057284200008, 1.222333897000055], [117.78065203300002, 1.222235739000041], [117.7807799840001, 1.222174368000026], [117.78088967400004, 1.222180468000033], [117.78110903800007, 1.222137471000053], [117.78124919000004, 1.222119029000055], [117.78140820700003, 1.222060988000067], [117.7814229060001, 1.221867916000065], [117.78142704400011, 1.221548666000047], [117.78140700600011, 1.221362870000064], [117.7814006100001, 1.221303568000053], [117.781412036, 1.221248204000062], [117.77852400200004, 1.221299455000064], [117.77834546000008, 1.221302623000042], [117.778371848, 1.221439639000039], [117.7783904040001, 1.22163822400006], [117.7783966070001, 1.221768547000067], [117.77839046800011, 1.221861638000064], [117.77835966700002, 1.221960942000067], [117.77826104400003, 1.222066472000051], [117.77817474900007, 1.222159586000032], [117.77808227800006, 1.222215467000069], [117.77791583200008, 1.22232101700007], [117.77780043100006, 1.22237913500004], [117.77797689500005, 1.222396746000072], [117.77805808000005, 1.222393318000059], [117.7781013120001, 1.222391493000032], [117.77817908100008, 1.222417559000064], [117.7782169080001, 1.222425335000025], [117.77848419200006, 1.22248028000007], [117.77954945500005, 1.222959398000057], [117.78024411000001, 1.222985829000038], [117.78032347300007, 1.22289924200004], [117.78038960100002, 1.22279934200003], [117.78039618200012, 1.222679483000036], [117.78042046100006, 1.222598532000063], [117.78045290200009, 1.222448783000061]]]]}},
{"type": "Feature", "properties": {"ba_code": "4320", "blockid": "4320M12P08", "division": "01"}, "geometry": {"type": "MultiPolygon", "coordinates": [[[[117.74958163500003, 1.222143758000072], [117.749732504, 1.222130625000034], [117.75006506000011, 1.222130531000062], [117.75006579400008, 1.222039600000073], [117.750067338, 1.221848371000021], [117.75007375000007, 1.221053996000023], [117.75009162300012, 1.220683085000076], [117.75004526400005, 1.220098550000046], [117.75002848600002, 1.219887011000026], [117.75003723100008, 1.219009499000038], [117.75001915000007, 1.218629551000049], [117.75003246300003, 1.218210541000076], [117.7500369710001, 1.218068664000043], [117.75000072900002, 1.217019281000034], [117.7500275210001, 1.216395065000029], [117.74998243400012, 1.215861335000056], [117.74999112700004, 1.21479384600002], [117.75001801400003, 1.214513397000076], [117.74990094300006, 1.213690199000041], [117.74986488400009, 1.213301210000054], [117.74989178100009, 1.213056947000041], [117.74992427100005, 1.212266855000053], [117.74992749400008, 1.212188474000072], [117.74947809800005, 1.21219764600005], [117.74883097600002, 1.21224305800007], [117.74803105100011, 1.212261374000036], [117.74723113100004, 1.212297782000064], [117.74723086300003, 1.212324737000074], [117.74722238400011, 1.213175295000042], [117.74721703300008, 1.213327278000065], [117.74720898900011, 1.213555755000073], [117.74720454700002, 1.213681904000055], [117.7471997450001, 1.21385274000005], [117.74718096400011, 1.214520810000067], [117.74717784400002, 1.21463179400007], [117.74720919800006, 1.214861935000044], [117.74729492400002, 1.215491178000036], [117.74727737600006, 1.215998567000042], [117.74727709000001, 1.216006834000041], [117.74726734900003, 1.21613639100002], [117.74724939700002, 1.216375181000046], [117.74722335800004, 1.216721522000057], [117.74725041700003, 1.217065282000021], [117.74727756300001, 1.217725668000071], [117.74728672000003, 1.218340828000066], [117.7472418970001, 1.218766026000026], [117.74723301900008, 1.219164074000048], [117.74726011000007, 1.219625438000037], [117.74730215900001, 1.220207241000026], [117.74730522300001, 1.220249634000027], [117.74729104700009, 1.220522170000038], [117.74727840100002, 1.220765292000067], [117.74728757600008, 1.221443777000047], [117.74733082000012, 1.22212988900003], [117.74734174200012, 1.22230317900005], [117.74868992100005, 1.222221382000043], [117.74958163500003, 1.222143758000072]]]]}},
{"type": "Feature", "properties": {"ba_code": "4320", "blockid": "4320M11P09", "division": "01"}, "geometry": {"type": "MultiPolygon", "coordinates": [[[[117.74721465400012, 1.217752826000037], [117.74720066100008, 1.216534171000035], [117.7471871570001, 1.215358495000032], [117.74658469700012, 1.214849075000075], [117.74622503800003, 1.214342571000032], [117.74618901400004, 1.214080232000072], [117.74618901200006, 1.214071186000069], [117.74628783300011, 1.213899275000074], [117.74638667600004, 1.213808782000058], [117.74640464700008, 1.21379068400006], [117.74644056400007, 1.213664023000035], [117.74634166100009, 1.213537400000064], [117.74632368300001, 1.213528358000076], [117.74617984300005, 1.213410793000037], [117.74611689500011, 1.21329320600006], [117.74612588000002, 1.213284157000032], [117.74615283700007, 1.213257010000063], [117.74640438400002, 1.212831755000025], [117.74627256300005, 1.212487073000034], [117.74626947000002, 1.212488025000027], [117.74510113400004, 1.212859256000058], [117.74452607400008, 1.213483624000048], [117.7445081520001, 1.213682652000045], [117.74437337200004, 1.213827434000052], [117.74378921700009, 1.214062804000037], [117.74378921900006, 1.214071851000028], [117.74381630200003, 1.214506076000021], [117.74417595800003, 1.215003534000061], [117.74471527900005, 1.215157175000058], [117.74524567200001, 1.215527934000022], [117.74556927000003, 1.215636403000076], [117.74575801500009, 1.215627304000066], [117.74602768200009, 1.215726740000036], [117.74620751200007, 1.21597999200003], [117.746270492, 1.216215184000021], [117.74630654100008, 1.216567987000076], [117.74654932400006, 1.21695691900004], [117.74659434600005, 1.21725544100002], [117.74662133700008, 1.217354945000068], [117.74663032500007, 1.217354942000043], [117.74673820800001, 1.217454424000039], [117.74673820600003, 1.217445377000047], [117.74707083100009, 1.217698587000029], [117.74720440600004, 1.217748961000041], [117.74721465400012, 1.217752826000037]]]]}},
{"type": "Feature", "properties": {"ba_code": "4320", "blockid": "4320N30P05", "division": "03"}, "geometry": {"type": "MultiPolygon", "coordinates": [[[[117.7993787370001, 1.211206273000073], [117.79972027000008, 1.211188079000067], [117.80011573900003, 1.211197008000056], [117.80019983900002, 1.211196983000036], [117.80023994100009, 1.211196971000049], [117.80040335000001, 1.211196923000045], [117.80043817700005, 1.211192238000024], [117.80100729000003, 1.211178650000022], [117.80108642200003, 1.211178627000038], [117.80109031100005, 1.211176668000064], [117.80113583200011, 1.211153743000068], [117.80117628700009, 1.211133368000048], [117.80118006100008, 1.21103770700006], [117.8011852090001, 1.210907206000059], [117.80117615400002, 1.210681049000073], [117.80117614400001, 1.210644863000027], [117.8011578070001, 1.210552722000045], [117.80114914, 1.210509176000073], [117.80111314700002, 1.210364444000049], [117.80113110900004, 1.210319207000055], [117.80114007300006, 1.21023778700004], [117.80112205500006, 1.210093050000069], [117.80112198300003, 1.209848798000053], [117.80111292600009, 1.209613595000064], [117.80110970400005, 1.20950442100002], [117.80110384800003, 1.209306020000042], [117.80109477300005, 1.209007492000069], [117.8010947680001, 1.208989399000075], [117.80107670200005, 1.208681828000067], [117.80106019900006, 1.208425538000029], [117.80105864400002, 1.208401395000067], [117.80104058600011, 1.208120963000056], [117.80103155000006, 1.207958130000065], [117.80102249900006, 1.207741020000071], [117.80100444400011, 1.207469634000063], [117.80098644400005, 1.20738822200002], [117.80099542200003, 1.207352033000063], [117.80097741400004, 1.207243482000024], [117.80098637600008, 1.207153016000063], [117.80098634900003, 1.207062552000025], [117.80099267000003, 1.20695385700003], [117.80099529200004, 1.206908761000022], [117.80099521300008, 1.20663736900002], [117.8009748610001, 1.206565756000032], [117.80095922400005, 1.206510730000048], [117.800941222, 1.206420272000059], [117.80092319300002, 1.206239350000033], [117.80091416300002, 1.206094610000036], [117.80090506400006, 1.205714665000073], [117.80088695900008, 1.205271397000047], [117.8008958470001, 1.204927632000022], [117.8008867850001, 1.204674336000039], [117.80086871700007, 1.20435771800004], [117.80085970200003, 1.204267257000026], [117.80085071200006, 1.20425821300006], [117.80085968700007, 1.204212978000044], [117.80086281900003, 1.204123952000032], [117.80086860000006, 1.203959677000057], [117.80086850300006, 1.20362496100006], [117.80085942000005, 1.203299293000043], [117.8008503640001, 1.203064090000055], [117.80084134700007, 1.202964583000039], [117.80081429400002, 1.202657013000021], [117.80079620700008, 1.202277071000026], [117.80078718800007, 1.202168517000075], [117.8007691460001, 1.201942362000068], [117.80076091600006, 1.20190307200005], [117.8007331450001, 1.201770492000037], [117.80070617100012, 1.201734314000021], [117.80069718300001, 1.201734317000046], [117.80071515600002, 1.20172526500005], [117.80070616000012, 1.201698129000022], [117.80069845000003, 1.20169037200003], [117.80068817900008, 1.201680041000031], [117.80044551100002, 1.201689159000068], [117.80030170300006, 1.20168015500002], [117.80003206800006, 1.201680235000026], [117.79966357500007, 1.201707482000074], [117.79919621300007, 1.20172571300003], [117.79870187400002, 1.201698719000035], [117.7983423610001, 1.201698825000051], [117.79816454800005, 1.201707826000074], [117.79816582500007, 1.201753077000035], [117.79816262000008, 1.201753156000052], [117.79842497600009, 1.211240304000057], [117.79842600300003, 1.211277418000066], [117.79842769900006, 1.211277376000055], [117.79880696300006, 1.211268987000039], [117.7989383470001, 1.211260682000045], [117.79902822300005, 1.211251609000044], [117.79903491300001, 1.211250799000027], [117.79925291200004, 1.211224404000063], [117.79928507700004, 1.211219769000024], [117.7993787370001, 1.211206273000073]]]]}},
{"type": "Feature", "properties": {"ba_code": "4320", "blockid": "4320O35P07", "division": "05"}, "geometry": {"type": "MultiPolygon", "coordinates": [[[[117.81335017200001, 1.195452383000031], [117.81274797200001, 1.195389238000075], [117.81203144000006, 1.195423794000021], [117.81199300900005, 1.195425648000025], [117.81205715700003, 1.199614093000037], [117.81206315500003, 1.199615615000027], [117.81296294800006, 1.19984394200003], [117.81296498800009, 1.199830935000023], [117.81296564900003, 1.199825930000031], [117.81298292400004, 1.199695234000046], [117.81304580100004, 1.199568566000039], [117.81313564100003, 1.19944189000006], [117.81330635900008, 1.199269958000059], [117.81343215600009, 1.199161365000066], [117.81344724900009, 1.199159063000025], [117.8134995690001, 1.199125020000054], [117.8138005720001, 1.198880817000031], [117.81418694600006, 1.198536940000054], [117.81446541500009, 1.19802121500004], [117.81397108100009, 1.198003270000072], [117.81347663800011, 1.197614424000051], [117.81360234200008, 1.197189208000054], [117.81388093100009, 1.197080568000047], [117.8137100890001, 1.196827321000058], [117.81360216300004, 1.196583102000034], [117.81360209400009, 1.196347897000066], [117.81364697700008, 1.196157910000068], [117.8135031590001, 1.19611272100002], [117.81345819600006, 1.196031317000063], [117.81339526800002, 1.195986104000042], [117.81336830000009, 1.195968020000066], [117.81339525500005, 1.195940872000051], [117.81336827300004, 1.195877556000028], [117.8134581380001, 1.195832297000038], [117.813395194, 1.195732806000024], [117.81335017200001, 1.195452383000031]]], [[[117.81377364700006, 1.195050282000068], [117.81339416500009, 1.192231866000043], [117.81308575600008, 1.192234364000058], [117.81194715400011, 1.192243586000075], [117.81195653000009, 1.193625433000022], [117.8119622480001, 1.19362764400006], [117.81219023900007, 1.193715827000062], [117.81223518800005, 1.193751999000028], [117.81228017700005, 1.193923867000024], [117.81236112600004, 1.194122862000029], [117.812379157, 1.194312831000047], [117.81245107300003, 1.194358041000044], [117.8128735040001, 1.194376008000063], [117.8129454110001, 1.194394079000062], [117.81300837600008, 1.194565941000064], [117.81315218000009, 1.194565899000054], [117.81322409600011, 1.19461110900005], [117.81328707400007, 1.194828203000043], [117.81358377700008, 1.195189969000069], [117.81379949200004, 1.195217043000071], [117.81379324400007, 1.19517673200005], [117.81377364700006, 1.195050282000068]]]]}},
{"type": "Feature", "properties": {"ba_code": "4320", "blockid": "4320O38AP07", "division": "05"}, "geometry": {"type": "MultiPolygon", "coordinates": [[[[117.82339123800011, 1.201239025000064], [117.82334573600008, 1.199357401000043], [117.82326485200008, 1.199375518000068], [117.82323790700002, 1.199438851000025], [117.82315703100005, 1.199484107000046], [117.82287842400001, 1.199529423000058], [117.82283350900002, 1.199610853000024], [117.82285156300009, 1.199873192000041], [117.82246508900005, 1.199873309000054], [117.82242917000008, 1.199981876000038], [117.82219549100012, 1.199990993000029], [117.82217751200005, 1.19998195200003], [117.82214156100008, 1.199981963000027], [117.82206068200003, 1.200018172000057], [117.8220157510001, 1.200045325000076], [117.82188094000003, 1.200063458000045], [117.82175509000001, 1.199991126000043], [117.82174609700007, 1.199973036000074], [117.82171911700004, 1.199918766000053], [117.821620241, 1.199882610000031], [117.82156631900011, 1.199900719000027], [117.82155733700006, 1.199918815000046], [117.82153037600006, 1.199927869000021], [117.821485456, 1.199991207000039], [117.8213596600001, 1.200099801000022], [117.82133269700012, 1.20009981000004], [117.8212877630001, 1.200117916000067], [117.82125182000004, 1.200145066000061], [117.82117992300005, 1.200163180000061], [117.82115296500001, 1.200181281000027], [117.82115298200006, 1.200235559000021], [117.82116197700009, 1.200262695000049], [117.82116198300002, 1.200280788000043], [117.82124290800004, 1.200398366000059], [117.82126987900006, 1.200425497000026], [117.82129686700011, 1.200506906000044], [117.82128789800004, 1.200570233000064], [117.8212340120001, 1.200705944000049], [117.82134137000003, 1.200713115000042], [117.82133292900005, 1.200877795000054], [117.82130431300004, 1.201226666000025], [117.82130279300009, 1.201245193000034], [117.82190825500004, 1.201239474000033], [117.82235765200005, 1.201266477000047], [117.82339123800011, 1.201239025000064]]], [[[117.82078480400003, 1.201312185000063], [117.82097354500002, 1.201303081000049], [117.82103646200005, 1.201312109000071], [117.82104012700006, 1.201268296000023], [117.8210901970001, 1.20066980200005], [117.82109914700004, 1.200543151000034], [117.82115305200011, 1.200470764000045], [117.82113506300004, 1.200425537000058], [117.82109010500005, 1.200362227000028], [117.82104513900003, 1.200271777000069], [117.82101815700003, 1.200208461000045], [117.8210271260001, 1.200145134000024], [117.82105407600011, 1.200099894000061], [117.82118886, 1.199991297000054], [117.82128771700002, 1.199964128000033], [117.82141350800009, 1.199837441000057], [117.8214314810001, 1.199828389000061], [117.82161121800004, 1.199765011000068], [117.82167413800005, 1.199783084000046], [117.82179996900004, 1.199792093000042], [117.8218629050001, 1.19986444400007], [117.82188987900008, 1.19990062200003], [117.82195279100006, 1.199891556000068], [117.82199772700005, 1.199882496000043], [117.82207859000005, 1.199792009000021], [117.82210554500011, 1.199764861000062], [117.82215043600002, 1.19960201400005], [117.82215043000008, 1.199583921000055], [117.82220432400004, 1.199475349000068], [117.8222312470001, 1.199339646000055], [117.82226713900002, 1.199140615000033], [117.82233000500003, 1.198977762000027], [117.82235696300006, 1.19895966100006], [117.82241987200007, 1.198941550000029], [117.82241985000007, 1.198869179000042], [117.82237486800011, 1.198724451000032], [117.82228496100004, 1.198624969000036], [117.8221411830001, 1.198715475000029], [117.82206030400005, 1.198751685000047], [117.82202435900001, 1.198769789000039], [117.82198842100001, 1.198815031000038], [117.82194349600002, 1.198860277000051], [117.82176379700002, 1.199050304000025], [117.82164700200008, 1.19920412700003], [117.82141336300003, 1.19934893900006], [117.8212336150001, 1.199376132000054], [117.82111678500007, 1.199412353000071], [117.82091903500009, 1.199349088000019], [117.8208381070001, 1.199222464000059], [117.82082006200005, 1.198987265000028], [117.82086498700005, 1.198942019000071], [117.82090992100007, 1.198923913000044], [117.82104471000002, 1.198833409000031], [117.82114352500002, 1.198661499000025], [117.82116148900002, 1.198625308000032], [117.82122438500005, 1.198561965000067], [117.8213052640001, 1.198525755000048], [117.8213412020001, 1.19848051200006], [117.82130524000002, 1.198444338000058], [117.82127827700003, 1.198444346000031], [117.8210985400001, 1.19850772500007], [117.82090983400008, 1.198634430000027], [117.8208648960001, 1.198634444000049], [117.82078401600006, 1.198670654000068], [117.82062223100002, 1.198652610000067], [117.82058626900005, 1.198616435000019], [117.820487361, 1.198471723000068], [117.82047835700007, 1.198417448000043], [117.82038821000003, 1.198317966000047], [117.8203910420001, 1.201353066000024], [117.82053315400003, 1.201339400000052], [117.82078480400003, 1.201312185000063]]]]}},
{"type": "Feature", "properties": {"ba_code": "4320", "blockid": "4320R33P09", "division": "06"}, "geometry": {"type": "MultiPolygon", "coordinates": [[[[117.80671988100005, 1.173697825000033], [117.80668387300011, 1.173498815000073], [117.8066928610001, 1.173498812000048], [117.80673781000007, 1.17353498500006], [117.80713324700002, 1.173453452000047], [117.80713325400006, 1.173480592000033], [117.80717820600012, 1.173525810000058], [117.80719619400008, 1.173571037000045], [117.80720519500005, 1.173616266000067], [117.80721418500002, 1.173625310000034], [117.80734001400003, 1.173625273000027], [117.80735798600006, 1.173616222000021], [117.80744786900004, 1.173634288000073], [117.80745689500009, 1.173769981000021], [117.8086522210001, 1.173624892000021], [117.80865220300007, 1.173561567000036], [117.8086522000001, 1.173552521000033], [117.80860702000007, 1.172711222000032], [117.8086070170001, 1.17270217500004], [117.80861567300008, 1.171544238000024], [117.80860632500003, 1.170286795000038], [117.80860639500008, 1.170283263000044], [117.8086068240001, 1.170279264000044], [117.8086074690001, 1.170257863000074], [117.8086074690001, 1.170257427000024], [117.8086072110001, 1.170242484000028], [117.80854333100001, 1.17000637600006], [117.80855231800001, 1.170006373000035], [117.80856114300002, 1.169436449000045], [117.80856114000005, 1.169427403000043], [117.80856997300009, 1.16888461800005], [117.80857896000009, 1.168884616000071], [117.80863264300001, 1.168034241000043], [117.80864162900002, 1.168025192000073], [117.80865945100004, 1.167491451000046], [117.80866843700005, 1.167482402000076], [117.8086503290001, 1.167021043000034], [117.80865931400001, 1.167011994000063], [117.80864131100009, 1.166912489000026], [117.80864120500007, 1.16654158800003], [117.8086412020001, 1.166532541000038], [117.80865013300001, 1.166333519000034], [117.80865013000005, 1.166324472000042], [117.80873087300006, 1.16580880600003], [117.80873986000006, 1.165808803000061], [117.80875771400008, 1.165383619000067], [117.8087666990001, 1.16537457000004], [117.8087487030001, 1.165302204000056], [117.80860480700005, 1.164976576000072], [117.80861379500004, 1.164976574000036], [117.808541837, 1.164777574000027], [117.80852382800003, 1.164659977000042], [117.80853279200005, 1.164578557000027], [117.80854174900003, 1.164469998000072], [117.80854174700005, 1.16446095200007], [117.80862244000002, 1.16377340400004], [117.80861345200003, 1.163773407000065], [117.8085235750001, 1.163773433000074], [117.8085145880001, 1.163773435000053], [117.80764381100005, 1.163791513000035], [117.80733008100003, 1.163798026000052], [117.80728379300001, 1.163912668000023], [117.80711031100009, 1.164192230000026], [117.80719930300006, 1.164217741000073], [117.8071450860001, 1.164413500000023], [117.80700256900002, 1.164458203000038], [117.80697155500002, 1.164518367000028], [117.8068789890001, 1.164518393000037], [117.806716961, 1.16439033100005], [117.80654341000002, 1.164425320000021], [117.8063929760001, 1.164378778000071], [117.80623098600006, 1.164378824000039], [117.80602273200009, 1.164448762000063], [117.80601505000004, 1.164447825000025], [117.80601490900006, 1.164447445000064], [117.80592218000004, 1.164459142000055], [117.80591901100001, 1.164459155000031], [117.80597143300008, 1.165049707000037], [117.80590255400011, 1.170056310000064], [117.80590099000005, 1.170169976000068], [117.80589699400002, 1.170305582000026], [117.8058946320001, 1.170365951000065], [117.8058946330001, 1.170369236000056], [117.80589208700007, 1.170468509000045], [117.80587507400003, 1.17383376500004], [117.80674688300007, 1.173833512000044], [117.80671988400002, 1.173706871000036], [117.80671988100005, 1.173697825000033]], [[117.80671701200004, 1.166199562000031], [117.80670874400005, 1.166171245000044], [117.80687951000004, 1.16617119600005], [117.80695144300012, 1.166279731000031], [117.8069784600001, 1.166469697000025], [117.80696050000006, 1.166523981000068], [117.80687066900009, 1.166686841000057], [117.80665500100008, 1.166813553000054], [117.80656515200008, 1.166913089000047], [117.80647327000008, 1.16695093900006], [117.80640337600005, 1.166922182000064], [117.80636741700005, 1.166895053000076], [117.8064004150001, 1.166841013000067], [117.806439296, 1.166813615000024], [117.8065471220001, 1.166723120000029], [117.80662609300009, 1.166584404000048], [117.80664427600004, 1.166503771000066], [117.80666972200004, 1.166357167000058], [117.80671701200004, 1.166199562000031]], [[117.80771848900008, 1.166767334000042], [117.80782337800008, 1.166731798000058], [117.80784958100003, 1.166807610000035], [117.80792227900008, 1.16685841900005], [117.80772580100006, 1.166873615000043], [117.80756560000009, 1.16690664500004], [117.80754738400003, 1.166870001000063], [117.8075473770001, 1.166844347000051], [117.80758013800005, 1.166811353000071], [117.80771848900008, 1.166767334000042]]]]}},
{"type": "Feature", "properties": {"ba_code": "4320", "blockid": "4320K23BP09", "division": "01"}, "geometry": {"type": "MultiPolygon", "coordinates": [[[[117.77899194300005, 1.234506809000038], [117.77875824000012, 1.234452599000065], [117.77875824300008, 1.234461645000067], [117.77875825000001, 1.234485143000029], [117.77866836300007, 1.234461672000066], [117.77865937500007, 1.234461674000045], [117.77862514100002, 1.234486605000029], [117.7785856050001, 1.234515396000063], [117.778560749, 1.235293975000047], [117.77856603900011, 1.235551180000073], [117.77856717700001, 1.235606500000074], [117.77856986600011, 1.235737248000021], [117.77855002500007, 1.235984448000067], [117.778543, 1.236071974000026], [117.77858805800008, 1.236479050000071], [117.77865199200005, 1.236948515000051], [117.77861890800011, 1.236960009000029], [117.77858604200003, 1.237152208000055], [117.77864519000002, 1.23755189600007], [117.77867014100002, 1.237720500000023], [117.77868243400007, 1.23808844000007], [117.77869809100002, 1.23848663800004], [117.77873155800012, 1.239003036000042], [117.7787850200001, 1.239171979000048], [117.7789071420001, 1.239294823000023], [117.77931918200011, 1.239294701000063], [117.77959667200003, 1.239369808000049], [117.77970906900009, 1.239400229000069], [117.7797159910001, 1.239402103000032], [117.77980001100002, 1.23946901000005], [117.77980486600006, 1.239472876000036], [117.77985776300011, 1.239515], [117.7798991620001, 1.239547968000068], [117.77979241100002, 1.239801438000029], [117.77985096200007, 1.239932257000021], [117.77991545000009, 1.240076345000034], [117.78036010800008, 1.239984461000063], [117.78059354100003, 1.239601521000054], [117.78075368200007, 1.239271236000036], [117.78076152000006, 1.239259901000025], [117.78078198900005, 1.239230299000042], [117.78083156700006, 1.239158603000021], [117.78100287000007, 1.238910874000055], [117.78105113900006, 1.238841070000035], [117.78110487100003, 1.238638028000025], [117.78111211500004, 1.238610653000023], [117.7810433950001, 1.238449394000043], [117.78102046000004, 1.238303481000059], [117.78088308000008, 1.238188323000031], [117.78084338300005, 1.238117147000025], [117.78080516500006, 1.238048623000054], [117.780708763, 1.237875778000046], [117.78071048200002, 1.237874676000047], [117.78071119900005, 1.237874308000073], [117.78071861100011, 1.237844430000052], [117.78065567600004, 1.237781124000037], [117.78055676600002, 1.23763641100004], [117.78057472400008, 1.237573080000061], [117.78054774700001, 1.237527856000042], [117.78054773300005, 1.237482624000052], [117.78046677000009, 1.23723839400003], [117.78044878100002, 1.237193168000033], [117.78045776600004, 1.237184118000073], [117.78044875700004, 1.237111750000054], [117.78043076300003, 1.237048430000073], [117.78025090800008, 1.236722812000039], [117.7802598930001, 1.236713763000068], [117.78034966700011, 1.23635187900004], [117.78034966500002, 1.236342833000037], [117.78034965100005, 1.236297601000047], [117.78034964900007, 1.236288554000055], [117.78049785300004, 1.235866978000047], [117.78051130600011, 1.235854278000033], [117.78051129800008, 1.235827139000037], [117.78050137700006, 1.235772309000026], [117.78047528800005, 1.23562812800003], [117.780457296, 1.235573855000041], [117.78023249300009, 1.235221110000055], [117.78022350300012, 1.23521206700002], [117.77995597200004, 1.234961304000024], [117.77995202700004, 1.234957605000034], [117.77982792300008, 1.234841280000069], [117.7798189350001, 1.234841283000037], [117.77936947800004, 1.234642394000048], [117.77936049000004, 1.234642396000027], [117.77935021100006, 1.234639713000035], [117.77929756600008, 1.234615276000056], [117.77927059700005, 1.234597191000034], [117.7791447520001, 1.23455199600005], [117.77899194300005, 1.234506809000038]]]]}},
{"type": "Feature", "properties": {"ba_code": "4320", "blockid": "4320N26P05", "division": "03"}, "geometry": {"type": "MultiPolygon", "coordinates": [[[[117.78728115600006, 1.211553601000048], [117.78760471200007, 1.211526367000033], [117.78776649400004, 1.211526320000075], [117.78804511900012, 1.211526238000033], [117.78823386400006, 1.211526183000046], [117.78856641100003, 1.211507993000055], [117.78868325100007, 1.211498912000025], [117.7888899720001, 1.211498852000034], [117.78905175400007, 1.21149880400003], [117.78922252100006, 1.211489708000045], [117.78941126400002, 1.211480606000066], [117.7895730460001, 1.211480559000051], [117.78982733900011, 1.211469580000028], [117.78986064800006, 1.211444289000042], [117.78986064800006, 1.211443458000076], [117.78986064500009, 1.21143524200005], [117.78987861900009, 1.211426191000044], [117.78993243800005, 1.211055272000067], [117.78993233100005, 1.210684369000035], [117.78990523400012, 1.21022301000005], [117.7898871430001, 1.209824974000071], [117.78986008000004, 1.209481218000064], [117.7898509690001, 1.209056040000064], [117.789841851, 1.208603722000021], [117.78981474600005, 1.208115224000039], [117.78979667400006, 1.207780512000056], [117.78977863300008, 1.207554357000049], [117.78976958700002, 1.20735533900006], [117.78973354400011, 1.207038725000075], [117.78968847500005, 1.206586418000029], [117.7896703890001, 1.206206474000055], [117.78963432800003, 1.205826535000028], [117.78961620900009, 1.205328988000076], [117.78960709400008, 1.204885716000035], [117.78957101700007, 1.204451499000072], [117.78955292700005, 1.204053463000037], [117.78955280200012, 1.203619235000076], [117.78954368900008, 1.203185010000027], [117.78952562500001, 1.202877437000041], [117.78950758700012, 1.202660329000025], [117.78948952300004, 1.202352756000039], [117.7895164030001, 1.20206326300007], [117.78950740800008, 1.202036126000053], [117.7894983970001, 1.201954711000042], [117.78948940600003, 1.201945668000064], [117.78943549700011, 1.202009008000061], [117.78939122200006, 1.201978714000063], [117.7892826960001, 1.201981913000054], [117.78922876900003, 1.201981929000056], [117.78904900900011, 1.201972935000072], [117.78888723000011, 1.201982028000032], [117.78871646100004, 1.201982078000071], [117.7884737920001, 1.201991195000062], [117.7881951710001, 1.20200032200006], [117.78773679500011, 1.202018548000069], [117.78726044400003, 1.202036779000025], [117.78684700800011, 1.202054992000058], [117.78679308300002, 1.202064054000061], [117.78676617600001, 1.202263083000048], [117.78678426300007, 1.202652074000071], [117.78678438500003, 1.203077255000039], [117.78680248500007, 1.203511478000053], [117.7868115870001, 1.203909518000046], [117.78682966400004, 1.204262322000034], [117.78683871200008, 1.204470387000072], [117.78684778800005, 1.204777963000026], [117.78685685100004, 1.205040306000058], [117.78686590600012, 1.205275510000035], [117.78687498300008, 1.205583086000047], [117.78689307000002, 1.205972077000069], [117.78691116300001, 1.20637916000004], [117.78691130000004, 1.206858620000048], [117.78692042400007, 1.207329031000029], [117.7869385350001, 1.207799439000041], [117.78693858400004, 1.207971321000059], [117.78695665900011, 1.208315080000034], [117.78697475700005, 1.208740256000056], [117.7869837940001, 1.208912135000048], [117.78698382000005, 1.20900259900003], [117.78699293600005, 1.209445871000071], [117.78700200700007, 1.209735353000042], [117.78702907800005, 1.210106249000034], [117.78703817200005, 1.210477149000042], [117.78705624000008, 1.21079376800003], [117.78708326600008, 1.211010874000067], [117.78712825200012, 1.21117369600006], [117.7871642660001, 1.211390800000061], [117.78718225500006, 1.211436027000047], [117.78720025500002, 1.211517439000033], [117.78723621100005, 1.21153552100003], [117.78724519900004, 1.211535519000051], [117.78726033900011, 1.211543132000031], [117.78728115600006, 1.211553601000048]]]]}},
{"type": "Feature", "properties": {"ba_code": "4320", "blockid": "4320Q30AP08", "division": "05"}, "geometry": {"type": "MultiPolygon", "coordinates": [[[[117.80046842800004, 1.183178695000038], [117.80046710400006, 1.183098829000073], [117.80045801000006, 1.182727930000055], [117.80049393500008, 1.18263745500002], [117.80044847300007, 1.180810098000052], [117.80039447400009, 1.180556815000045], [117.80038532300011, 1.179986896000059], [117.80041223500007, 1.179805960000067], [117.80039390500008, 1.178566610000075], [117.80034893600009, 1.178458067000065], [117.8003485800001, 1.177209665000021], [117.800366542, 1.177164428000026], [117.800357286, 1.176223607000054], [117.80035813000006, 1.176193020000028], [117.80033031300002, 1.176187429000038], [117.80013256400002, 1.176124161000075], [117.79979996400004, 1.175934283000061], [117.79935051200005, 1.175708253000039], [117.79910780700004, 1.175581673000067], [117.79877520600007, 1.175391795000053], [117.79836172600005, 1.175238125000021], [117.79827183100008, 1.175174826000045], [117.79825385000004, 1.175156739000045], [117.79823586900011, 1.175138651000054], [117.79805605000001, 1.174912543000062], [117.79802005300007, 1.174749718000044], [117.79799295600003, 1.174279313000056], [117.7977681750001, 1.17397180100005], [117.79768726800012, 1.173908499000049], [117.79764235900006, 1.173944682000069], [117.79764229700004, 1.173952064000048], [117.79763377200004, 1.17542830900004], [117.7976337770001, 1.175446401000045], [117.79763378000007, 1.175455448000037], [117.7976099660001, 1.179616671000076], [117.79761158200006, 1.179641081000057], [117.79764576600007, 1.17967322100003], [117.79769821000002, 1.18078375500005], [117.79780580400006, 1.182990793000045], [117.79780669800004, 1.183009136000067], [117.7978588840001, 1.183010047000039], [117.79793803700011, 1.183012929000029], [117.79804038300006, 1.183018115000039], [117.79815877600004, 1.183029997000062], [117.7982201430001, 1.183036156000071], [117.7983279990001, 1.18304517100006], [117.7983908120001, 1.183054879000053], [117.79844091100006, 1.183079102000022], [117.79850181200004, 1.183180311000058], [117.79869416000008, 1.183182274000046], [117.80035806300009, 1.183178910000038], [117.80046842800004, 1.183178695000038]]]]}},
{"type": "Feature", "properties": {"ba_code": "4320", "blockid": "4320M32P06", "division": "04"}, "geometry": {"type": "MultiPolygon", "coordinates": [[[[117.80554095600007, 1.219401381000068], [117.80559925400007, 1.219399183000064], [117.80565831800004, 1.219401815000026], [117.80571851600007, 1.219403853000074], [117.80577261500002, 1.219406948000028], [117.80582419600012, 1.219408872000031], [117.80587553700002, 1.219410247000042], [117.80593342400005, 1.21941240600006], [117.80599722400007, 1.21941576200004], [117.80605960900004, 1.219416164000052], [117.80611871500003, 1.219413502000066], [117.80617828800007, 1.219411709000042], [117.8062362070001, 1.219402632000026], [117.80628432800006, 1.219386064000048], [117.80678561700006, 1.219387783000059], [117.80683280800008, 1.21938272500006], [117.80686816800005, 1.219386272000065], [117.80687202900003, 1.219385885000065], [117.80688428300004, 1.219385873000022], [117.80687114600005, 1.21801232100006], [117.806865646, 1.218012390000069], [117.80453461400009, 1.217982441000061], [117.80451312700006, 1.217946910000023], [117.80448567000008, 1.217927575000033], [117.80448816900002, 1.217885951000028], [117.80449380400012, 1.21784935900007], [117.8045246580001, 1.217825472000072], [117.80451414800007, 1.217785175000074], [117.80448306100004, 1.217752767000036], [117.80445470400002, 1.217714625000042], [117.80443985200009, 1.217677483000045], [117.80443771900002, 1.217629693000049], [117.80443889500009, 1.217367090000039], [117.80450033000011, 1.217004506000023], [117.80686037900011, 1.216886553000052], [117.80685005300006, 1.215806899000029], [117.80670210800008, 1.21582440800006], [117.80657933700002, 1.215518122000049], [117.80681235000009, 1.215496526000038], [117.80684706000011, 1.215493945000048], [117.80684621500006, 1.215405592000025], [117.80680427200002, 1.214210626000067], [117.80681104900009, 1.213775673000043], [117.80678458500006, 1.213777458000038], [117.80674314700002, 1.21379491600004], [117.80669480300003, 1.213811336000049], [117.80664601600006, 1.21379293800004], [117.80664164400002, 1.213746238000056], [117.80662739200011, 1.21369435500003], [117.80660813400004, 1.213647309000066], [117.80661043600003, 1.213590458000056], [117.80661822000002, 1.213533529000074], [117.8066661470001, 1.213520380000034], [117.80672564600002, 1.213518503000046], [117.8067827750001, 1.213518367000063], [117.80681502000004, 1.213520866000067], [117.80682318100003, 1.212997074000043], [117.80680854400009, 1.211466383000072], [117.80680140100003, 1.211126437000075], [117.8053717890001, 1.211159288000033], [117.80402267300008, 1.211189524000019], [117.80410067800005, 1.216893308000067], [117.80418227400003, 1.220531810000068], [117.80419278200009, 1.220530981000024], [117.80421022300004, 1.220477492000043], [117.8042576150001, 1.220450868000057], [117.80430730700004, 1.220426658000065], [117.80433978000008, 1.220378544000027], [117.80436918700002, 1.220328935000055], [117.80440154100006, 1.220288441000037], [117.80442124400008, 1.220236914000054], [117.80443594200005, 1.220178598000075], [117.80446878200007, 1.22012692800007], [117.80452554500005, 1.220105772000068], [117.8045844180001, 1.220094922000044], [117.80464220500005, 1.220085993000055], [117.80469082500008, 1.220058062000021], [117.80472150700007, 1.220009029000039], [117.80475111500004, 1.219955731000027], [117.80477904600002, 1.219901368000023], [117.80481183900008, 1.21985765900007], [117.80485375400008, 1.219820679000065], [117.80490204800003, 1.219791561000022], [117.80493985100009, 1.219758571000057], [117.80499282100004, 1.21973237800006], [117.80504630000007, 1.21972074100006], [117.80509225500009, 1.219694766000032], [117.80513255500011, 1.219653380000068], [117.80517136700007, 1.219611152000027], [117.80519879400003, 1.219551140000021], [117.8052547850001, 1.21953717100007], [117.80530239900008, 1.219518527000048], [117.80535219400008, 1.219484703000035], [117.80539425600011, 1.219438092000075], [117.80543474300009, 1.219413473000031], [117.80548272300007, 1.219403725000063], [117.80554095600007, 1.219401381000068]]]]}},
{"type": "Feature", "properties": {"ba_code": "4320", "blockid": "4320N29P05", "division": "03"}, "geometry": {"type": "MultiPolygon", "coordinates": [[[[117.79584730200008, 1.211294385000031], [117.79590798000004, 1.211281279000048], [117.79596866400004, 1.211285624000027], [117.7960293430001, 1.211276880000071], [117.79610302700007, 1.211272496000049], [117.79629807100002, 1.211254988000064], [117.79651045800006, 1.211259288000065], [117.79672284500009, 1.211259225000049], [117.79691789600008, 1.211267892000023], [117.79722129900006, 1.21124598900002], [117.79758106100007, 1.211263333000034], [117.79788009700007, 1.211290966000035], [117.79816819500002, 1.211283816000048], [117.79836559400007, 1.211276189000046], [117.79836942000009, 1.211272413000074], [117.79834649500003, 1.210460295000075], [117.79808272500009, 1.201718142000061], [117.79802779500005, 1.20172605700003], [117.79753346900009, 1.201744295000026], [117.7971200290001, 1.201744416000054], [117.7966616540001, 1.201762644000041], [117.79660773, 1.201771706000045], [117.79625720100012, 1.201762762000044], [117.79611339300004, 1.201753758000052], [117.79587971500007, 1.201771919000066], [117.79547526200008, 1.201772038000058], [117.79539599600002, 1.201822841000023], [117.7952775660001, 1.201898745000051], [117.79528670600007, 1.202423434000025], [117.79530481800009, 1.202893841000048], [117.79531392100012, 1.203291880000052], [117.79533196000011, 1.203508988000067], [117.79532747500002, 1.203696291000028], [117.79532307900001, 1.203879893000021], [117.79532312900005, 1.204051775000039], [117.79531427500001, 1.204513143000042], [117.79532337500007, 1.204902136000044], [117.79533249200006, 1.205345407000038], [117.79532364600004, 1.205833915000028], [117.79535072500005, 1.206231948000038], [117.79536878700003, 1.206530474000033], [117.79540478900003, 1.206702345000053], [117.7954407950001, 1.206892308000022], [117.79544089800004, 1.20724511800006], [117.79545891600003, 1.207389855000031], [117.79546315300001, 1.207432377000032], [117.79548595800009, 1.207661239000061], [117.79554902000007, 1.208167818000049], [117.79558506700005, 1.208493478000037], [117.79557611300004, 1.20861108400004], [117.79555814500009, 1.208638228000041], [117.79554922300008, 1.20886439100002], [117.79554924900003, 1.208954855000059], [117.79554028300004, 1.209027229000071], [117.79552705600008, 1.209192016000031], [117.7955161210001, 1.209328256000049], [117.79551529100002, 1.209338600000024], [117.79551341600006, 1.209361953000041], [117.79551346400001, 1.209524788000067], [117.79551352400006, 1.209732855000027], [117.79551357500009, 1.209904737000045], [117.79553160800003, 1.210103752000066], [117.79554071200005, 1.21050179100007], [117.79556780000007, 1.210926964000066], [117.79559588200004, 1.211211569000056], [117.79576928200004, 1.211290045000055], [117.79576145100009, 1.211291841000047], [117.79584730200008, 1.211294385000031]]]]}},
{"type": "Feature", "properties": {"ba_code": "4320", "blockid": "4320L40P09", "division": "04"}, "geometry": {"type": "MultiPolygon", "coordinates": [[[[117.82928510300007, 1.223834938000039], [117.82932434000008, 1.222896070000047], [117.82932971500009, 1.222767458000021], [117.8293566640001, 1.222722218000058], [117.82935484400002, 1.222628087000032], [117.82931100100006, 1.220361143000048], [117.82929302600007, 1.220361149000041], [117.82712571500008, 1.220450497000058], [117.82708204800008, 1.220452297000065], [117.82704609900009, 1.220461355000054], [117.82701790200008, 1.220437043000061], [117.82698316800008, 1.220407096000031], [117.82695619900005, 1.220389012000055], [117.82694720800009, 1.220379968000032], [117.826938218, 1.220370925000054], [117.82683933200008, 1.220307631000026], [117.82683034400009, 1.220307634000051], [117.8268213560001, 1.220307637000076], [117.82682137600011, 1.220370961000071], [117.82682137900008, 1.220380007000074], [117.82690242400008, 1.220886576000055], [117.82691141700002, 1.220904666000024], [117.8269384140001, 1.221013214000038], [117.82695639200006, 1.221022255000037], [117.82697437900003, 1.221058434000042], [117.82707327300011, 1.221148867000068], [117.82713620400011, 1.221203125000045], [117.82717216700007, 1.221239300000036], [117.82726208600002, 1.221374967000031], [117.82729807600003, 1.221501604000025], [117.8273160550001, 1.221510645000023], [117.8273340500001, 1.221573963000026], [117.82734306300006, 1.221655378000037], [117.827361074, 1.221772974000032], [117.82738806000009, 1.221845336000058], [117.82739705600011, 1.221872473000076], [117.8274330380001, 1.221971971000073], [117.82745101900002, 1.221990058000074], [117.827487012, 1.22212574200006], [117.82750500700001, 1.222189060000062], [117.8275050100001, 1.222198107000054], [117.82753199000001, 1.222252376000029], [117.82755898100004, 1.222342831000049], [117.8276129300001, 1.222415185000045], [117.82761293600004, 1.22243327800004], [117.82767589200012, 1.222568953000064], [117.82765795500006, 1.222695607000048], [117.82764900100005, 1.22280416600006], [117.82765798900004, 1.222804163000035], [117.82772098100008, 1.223057440000048], [117.82777492200012, 1.223102655000048], [117.8279097730001, 1.223211169000024], [117.82804462100012, 1.223310637000054], [117.82806259900008, 1.223319678000053], [117.82819743900006, 1.22339200600004], [117.8282244080001, 1.223410091000062], [117.82832330800011, 1.223518616000035], [117.82839525700001, 1.223672381000029], [117.82838629700007, 1.223762847000046], [117.82843127000001, 1.223871389000067], [117.82845823100001, 1.223862334000046], [117.82861102700008, 1.223871333000034], [117.82867392800006, 1.223826082000073], [117.82872785200004, 1.223817019000023], [117.82876379800007, 1.223798915000032], [117.8288357030001, 1.223807939000039], [117.82888962700008, 1.223798876000046], [117.82897952000008, 1.22384407900006], [117.82904245400005, 1.223907384000029], [117.82906043500009, 1.22392547100003], [117.82908741500012, 1.223979741000051], [117.82912338100004, 1.224024961000055], [117.829132393, 1.224106375000076], [117.82915038300007, 1.224151601000074], [117.82922230500003, 1.224214903000075], [117.82924927700003, 1.224242033000053], [117.82928678500002, 1.224254604000066], [117.8293436890001, 1.224267393000048], [117.82934437400002, 1.224261862000048], [117.82933814300009, 1.224198945000069], [117.82928510300007, 1.223834938000039]]]]}},
{"type": "Feature", "properties": {"ba_code": "4320", "blockid": "4320R31P09", "division": "06"}, "geometry": {"type": "MultiPolygon", "coordinates": [[[[117.80302597200011, 1.173861729000066], [117.8030261670001, 1.173861209000052], [117.80304377100003, 1.173862412000062], [117.80294736500002, 1.170692695000071], [117.80296172800001, 1.170555021000041], [117.80296211400002, 1.17055077200007], [117.80299790100003, 1.169971793000059], [117.80306058300005, 1.169157601000052], [117.80305999300003, 1.167076933000033], [117.80305999000007, 1.16706788700003], [117.80306878800002, 1.166398452000067], [117.80306878100009, 1.166396374000044], [117.80306792800002, 1.166396015000032], [117.80255642400004, 1.166172439000036], [117.80222379200006, 1.165864958000043], [117.80216982000002, 1.165702138000029], [117.8018641970001, 1.165557484000033], [117.8019270310001, 1.165277028000048], [117.80225062500006, 1.165403584000046], [117.80255646500007, 1.165605752000033], [117.80256343400004, 1.164866241000027], [117.80236464200004, 1.164843388000065], [117.80224153600011, 1.164837069000043], [117.80202578100011, 1.164869912000029], [117.8017591040001, 1.164818592000074], [117.80174797400002, 1.164817424000034], [117.80144368300012, 1.164817231000029], [117.80119890900005, 1.164861103000021], [117.8012079, 1.164870146000055], [117.80118099800006, 1.165087267000047], [117.801181, 1.165096314000039], [117.80165738500011, 1.165222827000036], [117.80162151600007, 1.165512321000051], [117.80092043600007, 1.165376826000056], [117.80090239700007, 1.165150672000038], [117.80100123600005, 1.165060180000069], [117.80084839400001, 1.164879296000038], [117.80070799600003, 1.164848034000045], [117.80064497700005, 1.164848052000025], [117.8003978270001, 1.164882951000038], [117.80039184600002, 1.164926558000047], [117.8003918490001, 1.164936089000037], [117.80039829400005, 1.165073248000056], [117.8005428680001, 1.165078404000042], [117.80084846300008, 1.165123548000054], [117.80084846500006, 1.165132594000056], [117.80084850600008, 1.16527733700002], [117.80079460000002, 1.16534972300002], [117.800731702, 1.16540401900005], [117.80066880100003, 1.165449269000021], [117.80060589200002, 1.165467380000052], [117.80060589400011, 1.165476427000044], [117.80037221600003, 1.16548554000002], [117.80037232100005, 1.165856442000063], [117.800390708, 1.167312905000074], [117.80036373700011, 1.16728577300006], [117.80034622500011, 1.168923175000032], [117.80033741900002, 1.169565471000055], [117.80038249900008, 1.170063009000046], [117.80038172200011, 1.170450576000064], [117.80038260900005, 1.170452004000026], [117.800410553, 1.173907716000031], [117.80302597200011, 1.173861729000066]]]]}},
{"type": "Feature", "properties": {"ba_code": "4320", "blockid": "4320M34BP07", "division": "05"}, "geometry": {"type": "MultiPolygon", "coordinates": [[[[117.80971556200006, 1.212493615000028], [117.81242310700009, 1.212930263000032], [117.81242209400011, 1.212872710000056], [117.81242049500008, 1.212781915000051], [117.81238911900004, 1.211000110000043], [117.81234521700003, 1.210984874000076], [117.809678974, 1.211013084000058], [117.80970779600011, 1.212179373000026], [117.80970949000005, 1.212247884000021], [117.80971556200006, 1.212493615000028]]]]}},
{"type": "Feature", "properties": {"ba_code": "4320", "blockid": "4320M36BP07", "division": "05"}, "geometry": {"type": "MultiPolygon", "coordinates": [[[[117.81654034400003, 1.210962466000069], [117.81653393400006, 1.21096256800007], [117.81650751000006, 1.21096299200002], [117.81517031400006, 1.210984427000028], [117.81528545200001, 1.213377618000038], [117.8153089000001, 1.213395654000067], [117.81578223100007, 1.213471988000038], [117.81591483300008, 1.213438408000059], [117.81593742900009, 1.213348966000069], [117.81654034400003, 1.210962466000069]]]]}},
{"type": "Feature", "properties": {"ba_code": "4320", "blockid": "4320Q29P08", "division": "05"}, "geometry": {"type": "MultiPolygon", "coordinates": [[[[117.79761158200006, 1.179641081000057], [117.7976099660001, 1.179616671000076], [117.79763378000007, 1.175455448000037], [117.7976337770001, 1.175446401000045], [117.79763377200004, 1.17542830900004], [117.79764229700004, 1.173952064000048], [117.79764235900006, 1.173944682000069], [117.79764233900005, 1.173944698000071], [117.79744469900004, 1.17426137800004], [117.79743246700002, 1.174428223000064], [117.7974516380001, 1.17454478600007], [117.79747089000011, 1.174741851000022], [117.79745943300009, 1.174954382000067], [117.797486348, 1.175101212000072], [117.79750355100009, 1.175183590000074], [117.79749598800004, 1.175349701000073], [117.79745405300002, 1.175555010000039], [117.79744506800012, 1.175564059000067], [117.79735522400006, 1.175681688000054], [117.79732827100008, 1.175717881000025], [117.79729233300009, 1.175763123000024], [117.79728334800006, 1.175772172000052], [117.7971935160001, 1.17593503300003], [117.79717555400009, 1.175980270000025], [117.79716657400002, 1.176007412000047], [117.79713963100005, 1.176079791000063], [117.79706777800004, 1.17625169300004], [117.79704082700005, 1.17629693300006], [117.79699591100007, 1.176378363000026], [117.79689708, 1.176495995000039], [117.79683419900005, 1.176613616000054], [117.79679826300003, 1.176667905000045], [117.79678029500008, 1.176695049000045], [117.79672639400007, 1.176785529000028], [117.7967084500001, 1.176894091000065], [117.79670847800003, 1.176993601000049], [117.79671748100009, 1.177047877000064], [117.7966816170001, 1.177355464000073], [117.79668162000007, 1.177364511000064], [117.79667264200009, 1.177400699000032], [117.79656487400007, 1.177699261000043], [117.79656302, 1.177707448000035], [117.79655175200003, 1.177740652000068], [117.79648404600005, 1.177916398000036], [117.79648404800002, 1.177925444000039], [117.7964840510001, 1.17793449100003], [117.79649307000011, 1.178043045000038], [117.79649307200009, 1.17805209100004], [117.79671786600011, 1.178404836000027], [117.79674795300002, 1.178427835000036], [117.79677184900004, 1.17860384100004], [117.79676291800001, 1.178802864000033], [117.79677197500007, 1.17904711400007], [117.79674507900006, 1.179282328000056], [117.79670921000002, 1.17957182300006], [117.79662836900002, 1.179743728000062], [117.79647562100001, 1.179897561000075], [117.7963228750001, 1.180060440000034], [117.7961970980001, 1.180241404000071], [117.796215146, 1.180494698000075], [117.79624217300011, 1.180720850000057], [117.79626020500007, 1.180919866000067], [117.79635014500002, 1.181136953000021], [117.79641312100011, 1.181354049000049], [117.79639518400006, 1.181489750000026], [117.79638623000005, 1.181607356000029], [117.7963862790001, 1.181779237000057], [117.79647621100003, 1.181969185000071], [117.79660209600002, 1.182168170000068], [117.79671898100003, 1.182321925000053], [117.7968987810001, 1.182475662000058], [117.79709653000009, 1.182538929000032], [117.7973122520001, 1.182593145000055], [117.7974560770001, 1.182665475000022], [117.79746506700008, 1.182674519000045], [117.79759993000005, 1.182837315000029], [117.79765390600005, 1.183009180000056], [117.79776175900008, 1.183009149000043], [117.79761732200006, 1.180792825000026], [117.79757315100005, 1.17968926900005], [117.79761158200006, 1.179641081000057]]]]}},
{"type": "Feature", "properties": {"ba_code": "4320", "blockid": "4320M17P06", "division": "01"}, "geometry": {"type": "MultiPolygon", "coordinates": [[[[117.76418501900002, 1.221520413000064], [117.76419348600007, 1.219674932000032], [117.76395081100009, 1.219675001000041], [117.7637171770001, 1.219865043000027], [117.7633936410001, 1.219973693000043], [117.76322283900004, 1.21986518500006], [117.76281827900004, 1.219503441000029], [117.76264747200003, 1.219376840000052], [117.76251197200008, 1.219184417000065], [117.76253955700008, 1.21916880200007], [117.76261040500003, 1.219155815000022], [117.76265905800005, 1.21914689800002], [117.76293500800011, 1.219096317000037], [117.76324952000004, 1.21886101900003], [117.76341124200007, 1.218643858000064], [117.76372579000008, 1.218535211000074], [117.7637637150001, 1.218508232000033], [117.7639385650001, 1.218416654000066], [117.76394719900009, 1.218412133000072], [117.76413178900009, 1.218315454000049], [117.76424787500002, 1.218270477000033], [117.76451460100009, 1.218167135000044], [117.76480912400007, 1.218241156000033], [117.7649464750001, 1.218044352000049], [117.76465389200007, 1.217853054000045], [117.76463472500006, 1.217617967000024], [117.76458378300003, 1.217321084000048], [117.76448309500006, 1.217309743000044], [117.76441595800009, 1.217302180000047], [117.7644135600001, 1.21730155900002], [117.76440776900006, 1.217301181000039], [117.76424758400003, 1.217280135000067], [117.76372072700008, 1.217210912000041], [117.76370098000007, 1.217205601000046], [117.76367585100002, 1.217202665000059], [117.76321855800006, 1.217094238000072], [117.76317711600007, 1.217080790000068], [117.76317711800004, 1.217087933000073], [117.76318610600003, 1.217087930000048], [117.76283565900007, 1.217386563000048], [117.76282667100008, 1.217386566000073], [117.7628266690001, 1.21737752000007], [117.76271285900009, 1.217306289000021], [117.76265319000004, 1.217268943000022], [117.76242213900002, 1.217124334000061], [117.76219689200002, 1.217233560000068], [117.76208148600006, 1.217289521000055], [117.76210754800002, 1.217079191000039], [117.76238601200009, 1.216500138000072], [117.76244887400003, 1.216310144000033], [117.76247577700008, 1.216093021000063], [117.76238588000001, 1.216029721000041], [117.76210725800001, 1.216047893000052], [117.76143764200003, 1.216007483000055], [117.76148863200001, 1.221644465000054], [117.7614883760001, 1.221645771000055], [117.76418501900002, 1.221520413000064]]]]}},
{"type": "Feature", "properties": {"ba_code": "4320", "blockid": "4320M39AP07", "division": "04"}, "geometry": {"type": "MultiPolygon", "coordinates": [[[[117.8265169120001, 1.212922316000061], [117.82651550100002, 1.212921065000046], [117.82650897400003, 1.212922709000054], [117.82493896500011, 1.211555866000026], [117.82493807000003, 1.211555087000022], [117.82542114000012, 1.210872760000029], [117.8237985930001, 1.210900385000059], [117.82371105300001, 1.210895213000072], [117.82390791400007, 1.21574918500005], [117.82463594600006, 1.215812286000073], [117.8260450570001, 1.216587764000053], [117.82654168300007, 1.216861073000075], [117.82654002100003, 1.216596854000045], [117.82652551600006, 1.214290448000042], [117.826525478, 1.214284398000075], [117.82651695800007, 1.212929660000043], [117.8265169120001, 1.212922316000061]]]]}},
{"type": "Feature", "properties": {"ba_code": "4320", "blockid": "4320R40P08", "division": "06"}, "geometry": {"type": "MultiPolygon", "coordinates": [[[[117.82832473600001, 1.168326998000055], [117.82831690700004, 1.168193691000056], [117.82831771600002, 1.168194738000068], [117.8282830930001, 1.167922923000049], [117.82828870100002, 1.167908972000021], [117.82832252900005, 1.167824825000025], [117.8282974980001, 1.167386188000023], [117.82829749500002, 1.167377142000021], [117.82833331600011, 1.166933861000075], [117.8283149130001, 1.16546836200007], [117.82819780900002, 1.164563764000036], [117.828206797, 1.164563762000057], [117.82826951700008, 1.163903361000052], [117.82826053000008, 1.163903364000021], [117.82826039500003, 1.163442001000021], [117.82825140000011, 1.16341486500005], [117.82826038200005, 1.16339677000002], [117.82831414200007, 1.162826835000033], [117.8283141390001, 1.16281778900003], [117.82831394800007, 1.162816347000046], [117.8283305440001, 1.16276793000003], [117.82817030000001, 1.162691183000049], [117.82793660300001, 1.162627928000063], [117.82792761500002, 1.162627930000042], [117.82760405700003, 1.162618980000047], [117.82705580100003, 1.162582956000051], [117.827055803, 1.162592002000054], [117.82585144900008, 1.162556172000052], [117.82586060200003, 1.16312608800007], [117.82586958900004, 1.163126085000044], [117.82589508800004, 1.163357132000044], [117.82593257400003, 1.163370318000034], [117.82594156400012, 1.163379361000068], [117.82595954500005, 1.163397449000058], [117.8259775250001, 1.163415536000059], [117.82600449100005, 1.163424574000032], [117.82601346500007, 1.163379340000063], [117.82607637900003, 1.163379322000026], [117.82611233000011, 1.163379311000028], [117.82615725200003, 1.163325020000059], [117.8262291640001, 1.163361184000053], [117.82620221900004, 1.163424516000021], [117.82619325300004, 1.163496889000044], [117.82629214300005, 1.163587324000048], [117.8263011250001, 1.163569228000028], [117.82635503300003, 1.163505888000032], [117.82647189900001, 1.163596317000042], [117.82648088600001, 1.163596314000074], [117.82649886200011, 1.16359630900007], [117.82650784900011, 1.163596306000045], [117.82666065500007, 1.163650539000059], [117.82668762100002, 1.163659578000022], [117.82663371600006, 1.163731964000021], [117.82659777000003, 1.163750067000024], [117.82655285100009, 1.163813405000042], [117.82654387900004, 1.16386768600006], [117.82653489600011, 1.163885781000033], [117.82646301400007, 1.163949126000034], [117.82647201700001, 1.164003402000048], [117.8264720200001, 1.164012448000051], [117.82644510700004, 1.164184336000062], [117.82619346100012, 1.164211549000072], [117.82607663700003, 1.164265862000036], [117.82607667900004, 1.164410603000022], [117.8261665660001, 1.164446762000068], [117.82618456000012, 1.16451008100006], [117.82617558000004, 1.164537223000025], [117.82620256200005, 1.164600539000048], [117.82622055000002, 1.164645765000046], [117.82623854100007, 1.164700038000035], [117.82624752900006, 1.164700035000067], [117.82643625900005, 1.164663794000035], [117.82644524400007, 1.164654745000064], [117.82652606200008, 1.164410471000053], [117.82659797300005, 1.164446635000047], [117.82661594600006, 1.164437583000051], [117.82667884400007, 1.164383286000032], [117.82673275600007, 1.164338039000029], [117.82682259300009, 1.164202317000047], [117.826813603, 1.16419327400007], [117.82685855200009, 1.164229446000036], [117.82685855500006, 1.164238492000038], [117.82660700100007, 1.164582327000062], [117.82663397100009, 1.164609458000029], [117.82667891500012, 1.164627537000058], [117.82674182100004, 1.164600380000024], [117.82680473900007, 1.164618454000049], [117.8268317080001, 1.164636539000071], [117.8268407060001, 1.164672721000045], [117.82669691400008, 1.164708949000044], [117.82668792400011, 1.16469990500002], [117.82663398700004, 1.164663736000023], [117.82663398500006, 1.16465469000002], [117.82655309300003, 1.164645667000059], [117.82653512600007, 1.164672811000059], [117.82631048200005, 1.16483571200007], [117.82625657400001, 1.164899052000067], [117.82622962700009, 1.164953338000032], [117.82622064700001, 1.164980479000064], [117.8261757250001, 1.165034771000023], [117.82614877500009, 1.165080010000054], [117.82613080300007, 1.16508906200005], [117.8260679550001, 1.165315239000051], [117.82623869100007, 1.165215679000028], [117.82625666900003, 1.165224720000026], [117.82632858600005, 1.165278976000025], [117.82632858900001, 1.165288023000073], [117.82639151800004, 1.16534228200004], [117.82640949400002, 1.165342277000036], [117.82639152400009, 1.165360375000034], [117.82626571000003, 1.165405644000032], [117.826256725, 1.165414693000059], [117.82630175000008, 1.165713208000057], [117.82628378000004, 1.165731306000055], [117.82622086100002, 1.16571323200003], [117.82620288800001, 1.165722284000026], [117.82615785500002, 1.165396629000043], [117.82607697200001, 1.165414746000067], [117.82601404700006, 1.165378579000048], [117.8260409080001, 1.165025764000063], [117.82607686600011, 1.165052893000052], [117.82619365300002, 1.16487193100005], [117.82620263000001, 1.164835743000026], [117.82621161000009, 1.164808602000051], [117.82613968200008, 1.164718160000064], [117.82609473900004, 1.164700080000046], [117.82604082300008, 1.164736282000035], [117.82601384700001, 1.164691058000074], [117.82598753500008, 1.164684363000049], [117.82598710900004, 1.164684416000057], [117.82598629200004, 1.16468426900002], [117.82597468800009, 1.164686360000076], [117.82597513700011, 1.164691015000074], [117.8259065090001, 1.166455124000038], [117.82585273600012, 1.166979827000034], [117.82609540300007, 1.166979755000057], [117.82609540600004, 1.166988802000049], [117.82614932100012, 1.166952600000059], [117.8261583090001, 1.166952598000023], [117.82621224000002, 1.166970675000073], [117.8261852930001, 1.167024960000049], [117.82614934800006, 1.16704306400004], [117.82612240000003, 1.167097350000063], [117.8261584490001, 1.167432053000027], [117.82609554600003, 1.167468257000053], [117.82612251100011, 1.167477296000072], [117.82631135000008, 1.167811954000058], [117.82636527900002, 1.167820984000059], [117.82636527600005, 1.167811938000057], [117.82641015600007, 1.167612905000055], [117.82646407700008, 1.167594797000049], [117.82648205200007, 1.167594791000056], [117.82650002500009, 1.16758574000005], [117.82641913100008, 1.167567671000029], [117.82641014, 1.167558627000062], [117.8263202500001, 1.16751342200007], [117.82630227000004, 1.167495335000069], [117.82628428900011, 1.167477248000068], [117.82635616700009, 1.167395809000027], [117.82636515200011, 1.167386760000056], [117.826392112, 1.167377706000025], [117.8264190750001, 1.167377698000053], [117.82645502300011, 1.167368641000053], [117.82648199700009, 1.167404819000069], [117.82644605900009, 1.167450061000068], [117.82646405000003, 1.167504333000068], [117.82665275900001, 1.167395722000037], [117.82666174400003, 1.167386673000067], [117.82651781000004, 1.16693439900007], [117.82651780700007, 1.166925353000067], [117.82656269800009, 1.166762505000065], [117.82660763600006, 1.166762492000032], [117.82658969800002, 1.166889146000074], [117.82661666400008, 1.166898184000047], [117.82665261900001, 1.166916266000044], [117.82674250100001, 1.166934332000039], [117.82677845700005, 1.166952414000036], [117.82685934100004, 1.166934298000058], [117.82685933800008, 1.166925251000066], [117.82686832600007, 1.16692524900003], [117.82717383200008, 1.166671861000054], [117.82718281700011, 1.166662812000027], [117.8271918050001, 1.166662810000048], [117.82729064300008, 1.166572317000032], [117.82729064500006, 1.166581363000034], [117.8273176030001, 1.166563263000057], [117.82731759800004, 1.166545170000063], [117.82733557300003, 1.166545165000059], [117.8273984970001, 1.166581332000021], [117.82739851600002, 1.166644656000074], [117.82746142700012, 1.166635591000045], [117.8274883900001, 1.166635583000073], [117.82751535800003, 1.166653668000038], [117.82735363300003, 1.166834642000026], [117.82732667300002, 1.166843696000058], [117.82722784300006, 1.16696132800007], [117.82720088200006, 1.166970382000045], [117.82680544900006, 1.167051916000048], [117.82677848900005, 1.167060970000023], [117.8266976000001, 1.167060994000053], [117.82667064800012, 1.167097188000071], [117.82667965100006, 1.167151463000039], [117.82694929700006, 1.167205661000025], [117.82696728000008, 1.167232795000075], [117.82702121900002, 1.167278010000075], [117.82705717200008, 1.167287046000069], [117.8270661570001, 1.167277997000042], [117.82714704400007, 1.167268927000066], [117.82717400900003, 1.167277965000039], [117.82719199300004, 1.167305099000032], [117.82703923400004, 1.167413700000054], [117.82702125900005, 1.167413705000058], [117.82701226800009, 1.167404662000024], [117.82666186300003, 1.167793757000027], [117.82665287800012, 1.167802806000054], [117.82651808700007, 1.167884263000076], [117.82648213100003, 1.167866181000022], [117.82646416700004, 1.167902372000071], [117.82643810500008, 1.167928619000065], [117.82643721200009, 1.16792951900004], [117.82637429800002, 1.167929538000067], [117.82632037500002, 1.16793860000007], [117.82611108600008, 1.16795344600007], [117.82580837100011, 1.167985630000032], [117.82580810500008, 1.167985630000032], [117.82583602200009, 1.171294932000023], [117.82585433600002, 1.172452857000053], [117.82709463000003, 1.172434395000039], [117.82837087500002, 1.172416050000038], [117.82837086100005, 1.172370691000026], [117.82835281900009, 1.172144539000044], [117.82833478000009, 1.171927432000075], [117.82833472400011, 1.171737459000042], [117.82833472200002, 1.171728413000039], [117.82834368300007, 1.171637947000022], [117.82833466900001, 1.171547487000055], [117.82836160200009, 1.171447969000042], [117.828343603, 1.171366557000056], [117.82833454900003, 1.171140402000049], [117.82832550600006, 1.170950432000041], [117.8283344350001, 1.170751410000037], [117.82833437700003, 1.170552391000058], [117.82834330800006, 1.170362416000046], [117.82835224300004, 1.170181486000047], [117.82835218200012, 1.169973421000066], [117.82833417200004, 1.169855824000024], [117.82833412200011, 1.169683944000042], [117.82832508400008, 1.169512066000038], [117.82834300600007, 1.16933113500005], [117.82834294800011, 1.169132115000025], [117.82835190900005, 1.169041650000054], [117.82833389100006, 1.168896914000072], [117.8283338540001, 1.168770265000035], [117.82832484200003, 1.16868885100007], [117.82831583100005, 1.168607437000048], [117.82830683800012, 1.168589347000022], [117.82831578900004, 1.168462695000073], [117.82831578100001, 1.168435557000066], [117.82832473600001, 1.168326998000055]]], [[[117.82621127000004, 1.163641625000025], [117.82608541700006, 1.16355119900004], [117.82604947100003, 1.163569302000042], [117.82598655800007, 1.163569321000068], [117.82597757300005, 1.163578370000039], [117.82592020800007, 1.163584743000058], [117.82593915000007, 1.163756374000059], [117.8259400930001, 1.163771175000022], [117.82595965300004, 1.163768348000076], [117.82621127000004, 1.163641625000025]]]]}},
{"type": "Feature", "properties": {"ba_code": "4320", "blockid": "4320N33P07", "division": "05"}, "geometry": {"type": "MultiPolygon", "coordinates": [[[[117.80953076800006, 1.206583734000048], [117.8095422020001, 1.205458657000065], [117.80955093300008, 1.204599558000041], [117.809551026, 1.204590342000074], [117.80918248800003, 1.204463803000067], [117.80910157900007, 1.204400502000055], [117.80905662200007, 1.204337191000036], [117.80901167500008, 1.204310066000062], [117.80899368000007, 1.204246746000024], [117.80893076000007, 1.204228672000056], [117.80888579400005, 1.20413822200004], [117.8087779220001, 1.204074930000047], [117.80873297000005, 1.204029711000032], [117.80873295100002, 1.203966387000037], [117.8086879980001, 1.203921168000022], [117.80884076200005, 1.203821613000059], [117.80890365000005, 1.203731130000051], [117.80858893300001, 1.203242720000048], [117.80914610000002, 1.202980210000021], [117.80914608100011, 1.202916885000036], [117.80927187900011, 1.202808291000053], [117.80965829000002, 1.202591063000057], [117.8096132820001, 1.202355871000066], [117.80953234900005, 1.202211153000064], [117.80946941600007, 1.202147847000049], [117.8093345210001, 1.20188554300006], [117.80927158800012, 1.201822237000044], [117.80922663100012, 1.201758926000025], [117.80911868900012, 1.201460428000075], [117.8089748760001, 1.201433332000022], [117.80873213600012, 1.201198199000032], [117.80866921100005, 1.20116203200007], [117.80854338100005, 1.201162070000066], [117.80843557000003, 1.201306843000054], [117.80826477800008, 1.201225477000037], [117.80813894900007, 1.201225514000043], [117.80803111900002, 1.201306964000025], [117.807851432, 1.201542223000047], [117.80803122000009, 1.201650726000025], [117.80813012300007, 1.201777346000029], [117.80843578600002, 1.202039599000045], [117.80830999400007, 1.202166286000022], [117.8082650550001, 1.202166299000055], [117.80820215300002, 1.202211550000072], [117.80803143500009, 1.202383482000073], [117.80766299100003, 1.202573565000023], [117.80753718800008, 1.202664066000068], [117.80747565500008, 1.202695056000039], [117.80733948500006, 1.202763635000053], [117.8072945350001, 1.202727463000031], [117.80723161300011, 1.20270034300006], [117.8070159130001, 1.202727546000062], [117.8069799860001, 1.20280897400005], [117.80667444500011, 1.202962853000031], [117.8065666230001, 1.203071442000066], [117.80658164200008, 1.203355551000072], [117.80665700400004, 1.204781179000065], [117.80672000100003, 1.205061598000043], [117.80673799500005, 1.205124917000035], [117.8068728500001, 1.20525152600004], [117.80699873000003, 1.205423370000062], [117.80697179300012, 1.205513841000027], [117.8068077910001, 1.205484415000058], [117.80665880300012, 1.205573736000076], [117.80668775000004, 1.206666773000052], [117.8067867420001, 1.21040458300007], [117.80680264500006, 1.211005039000042], [117.80684759700011, 1.211050258000057], [117.80817224400005, 1.211010901000066], [117.809615828, 1.210968010000045], [117.8095517800001, 1.20714141600007], [117.80954847600003, 1.207139828000038], [117.8095434810001, 1.20703267600004], [117.80952929700004, 1.206728455000075], [117.80953076800006, 1.206583734000048]]]]}},
{"type": "Feature", "properties": {"ba_code": "4320", "blockid": "4320Q31AP08", "division": "05"}, "geometry": {"type": "MultiPolygon", "coordinates": [[[[117.80358150600011, 1.180471175000037], [117.80368581800008, 1.179159881000032], [117.80368751900005, 1.179137913000034], [117.80333301600001, 1.178972846000022], [117.80309926200005, 1.178719615000034], [117.802586829, 1.178258398000025], [117.80192155700001, 1.177634390000037], [117.80134621200011, 1.177182238000057], [117.80128329000001, 1.177155117000041], [117.80127941, 1.177154585000039], [117.80108555200002, 1.177128035000067], [117.80086084200002, 1.177073821000022], [117.8006271380001, 1.176992471000062], [117.80048330800003, 1.176902049000034], [117.80046529600008, 1.176775405000058], [117.80043828200007, 1.176594485000066], [117.80044748300008, 1.177345332000073], [117.80047446000003, 1.177390557000024], [117.8005001570001, 1.178471427000034], [117.80046580700002, 1.17856658900007], [117.80046616200002, 1.179805944000066], [117.80052010100007, 1.179851161000045], [117.8005473180001, 1.180737699000076], [117.80052037500002, 1.180810078000036], [117.8005748280001, 1.182646478000038], [117.80062878300009, 1.182745973000067], [117.80061089800006, 1.183062602000064], [117.80158156900006, 1.183035180000047], [117.80332517900001, 1.182980395000072], [117.80352083100001, 1.180518821000021], [117.80358150600011, 1.180471175000037]]]]}},
{"type": "Feature", "properties": {"ba_code": "4320", "blockid": "4320L29P06", "division": "02"}, "geometry": {"type": "MultiPolygon", "coordinates": [[[[117.79868694400011, 1.221789974000046], [117.79871649100005, 1.220922291000022], [117.79814780800007, 1.220964328000036], [117.79652346800003, 1.221004364000066], [117.79596623600003, 1.221067854000069], [117.79599326400012, 1.221284960000048], [117.79596641500007, 1.221673963000057], [117.79597956100008, 1.222310501000038], [117.79592623200006, 1.222806536000064], [117.79606787900002, 1.230467027000032], [117.79877321900005, 1.230375750000064], [117.79876448200002, 1.228920060000064], [117.79869996700006, 1.226296355000045], [117.79866456200011, 1.225166828000056], [117.79861762500002, 1.224566775000028], [117.79859402600005, 1.223825523000073], [117.79865211000003, 1.222590074000038], [117.79868694400011, 1.221789974000046]]]]}},
{"type": "Feature", "properties": {"ba_code": "4320", "blockid": "4320K13P11", "division": "01"}, "geometry": {"type": "MultiPolygon", "coordinates": [[[[117.75173481900003, 1.242395410000029], [117.75195947200007, 1.242223462000027], [117.75219316700009, 1.242241488000047], [117.752408908, 1.242340938000041], [117.75256170800003, 1.242349941000043], [117.752597637, 1.242268512000066], [117.75259762600001, 1.242268414000023], [117.75259169000003, 1.242214775000036], [117.75258862600003, 1.242187096000066], [117.75258868200001, 1.242187107000063], [117.7526785120001, 1.242205163000051], [117.75273074800009, 1.242157341000052], [117.75277735500003, 1.242114670000035], [117.75280430400005, 1.242060384000069], [117.75280427100006, 1.242060318000028], [117.75278631800006, 1.242024203000028], [117.7527864220001, 1.24202415000002], [117.75284023800009, 1.24199704800003], [117.75287619100004, 1.241997038000022], [117.75293908700007, 1.241924648000065], [117.75306491200001, 1.241897472000062], [117.7530933270001, 1.241877032000048], [117.75309336600003, 1.241876836000074], [117.75309678600001, 1.241860827000039], [117.75310730300009, 1.241871808000042], [117.75306499900012, 1.242069160000028], [117.75306496000007, 1.242069355000069], [117.75310990100002, 1.242069342000036], [117.7532003980001, 1.242007588000035], [117.7532177270001, 1.241960754000047], [117.75327165800002, 1.241969785000038], [117.75331658000005, 1.24190644600003], [117.75332555800003, 1.241870258000063], [117.75337049300003, 1.241852152000035], [117.75337052600003, 1.241851956000062], [117.75337946600007, 1.241797871000074], [117.75340641700006, 1.241752630000065], [117.753424375, 1.241689300000075], [117.753424375, 1.241689218000033], [117.75342437300003, 1.241680253000027], [117.75337042100011, 1.241598851000049], [117.75336060300003, 1.241582390000076], [117.7533474820001, 1.241560394000032], [117.753341997, 1.24155120000006], [117.7533164670001, 1.241508401000033], [117.75329847600005, 1.241454127000054], [117.75321756300002, 1.241381779000051], [117.753154644, 1.241372750000039], [117.7530827270001, 1.241327538000064], [117.75305574400011, 1.241264221000051], [117.752983835, 1.241246148000073], [117.75298183400002, 1.241232075000028], [117.7529748290001, 1.241182826000056], [117.75297487000012, 1.241182688000038], [117.75300176700011, 1.241092353000056], [117.75300176500002, 1.241092276000074], [117.75293879900005, 1.239445597000042], [117.75292835000005, 1.239445730000057], [117.75265328300009, 1.239528115000041], [117.75259951800001, 1.239544217000059], [117.7525584010001, 1.239556532000051], [117.75255867700002, 1.239556262000065], [117.75252438200005, 1.239566534000062], [117.75243320700008, 1.239601032000053], [117.75243456100009, 1.239600704000054], [117.75230234900005, 1.23965073100004], [117.75204334900002, 1.239714731000049], [117.75202034900008, 1.239719730000047], [117.75202041700004, 1.239719526000044], [117.75202834900006, 1.239695730000051], [117.75202831400009, 1.239695736000044], [117.7520053500001, 1.23969973100003], [117.75193634900006, 1.23971873000005], [117.751913349, 1.239726730000029], [117.7518753490001, 1.239745730000038], [117.75184534900006, 1.23976773000004], [117.75176814400004, 1.239807089000067], [117.75169234900011, 1.23984573000007], [117.75164634900011, 1.239868730000069], [117.75158841300004, 1.239907175000042], [117.75153873700003, 1.239943743000026], [117.75153748500009, 1.239944664000063], [117.75149207000004, 1.239978097000062], [117.751417349, 1.240038731000027], [117.75128034900001, 1.240155731000073], [117.75125734900007, 1.240166731000045], [117.75114334900002, 1.240220730000033], [117.7510213490001, 1.240259731000037], [117.75089934900006, 1.240299730000061], [117.75082235000002, 1.240319731000056], [117.75077634900003, 1.240324730000054], [117.75071534900007, 1.240335731000073], [117.75071145000004, 1.240336041000035], [117.75061471700008, 1.240343762000066], [117.75060174600003, 1.240351227000076], [117.75059966900005, 1.240344963000041], [117.7505837540001, 1.24029695400003], [117.75057476400002, 1.240287910000063], [117.75052394700003, 1.240269327000021], [117.75047588500001, 1.240251752000063], [117.7504040010001, 1.240324144000056], [117.75036807600009, 1.240423666000027], [117.75035010800002, 1.240450811000073], [117.75034114000005, 1.240523185000029], [117.75031418900005, 1.240568425000049], [117.75028725000004, 1.240658898000049], [117.75027827500003, 1.240704133000065], [117.75026031100003, 1.24074937000006], [117.75022438700012, 1.240848892000031], [117.75017047900008, 1.24092127900002], [117.75017050200006, 1.241002698000045], [117.75013456200008, 1.241047941000033], [117.75008065400004, 1.241120328000022], [117.75008964300002, 1.241120325000054], [117.75010762600004, 1.241147460000036], [117.75012562000006, 1.241210780000074], [117.75019754800007, 1.241292178000037], [117.750602103, 1.241617736000023], [117.7506380850001, 1.241726284000038], [117.75076395400004, 1.241852898000047], [117.75075500900004, 1.242006691000029], [117.75081793400011, 1.242033813000035], [117.7508808550001, 1.242051888000049], [117.75089885700004, 1.242142348000073], [117.75096178600006, 1.242187562000026], [117.75100525900007, 1.242163237000057], [117.7510426660001, 1.242142306000062], [117.75107862800007, 1.242178482000043], [117.751249443, 1.24232317700006], [117.75127640900007, 1.242332216000023], [117.7513752960001, 1.242395513000019], [117.7516143470001, 1.242466162000028], [117.7516144010001, 1.242466156000035], [117.75173481900003, 1.242395410000029]]]]}},
{"type": "Feature", "properties": {"ba_code": "4320", "blockid": "4320K16P11", "division": "01"}, "geometry": {"type": "MultiPolygon", "coordinates": [[[[117.75972420200003, 1.239413273000025], [117.75981950000005, 1.239284121000026], [117.75983088300006, 1.239307018000034], [117.75985785500006, 1.239334150000047], [117.75987584300003, 1.239379377000034], [117.75991180300002, 1.239406506000023], [117.75996574500004, 1.239451723000059], [117.75995677200001, 1.23950600400002], [117.75996576000011, 1.239506002000041], [117.7599747480001, 1.239505999000073], [117.75998373300001, 1.239496950000046], [117.7599927220001, 1.239496948000067], [117.75999272900003, 1.239524087000063], [117.7600107080001, 1.239533128000062], [117.76004667300003, 1.239578350000045], [117.76005566900005, 1.239605487000063], [117.76010062700004, 1.239668799000071], [117.76014557500002, 1.239695926000024], [117.76017254700002, 1.239723057000049], [117.76019052800007, 1.239741145000039], [117.7602174970001, 1.239759230000061], [117.76025345200003, 1.239768266000056], [117.76028940700007, 1.23977730200005], [117.76033434700003, 1.239777289000074], [117.760370297, 1.239768233000063], [117.7603972610001, 1.239768225000034], [117.76042422700004, 1.239777263000065], [117.76049613400005, 1.239786289000051], [117.76056804400002, 1.23980436100004], [117.76062197500005, 1.23981339200003], [117.76063096300004, 1.239813390000052], [117.7606669170001, 1.239822426000046], [117.76069389200006, 1.239858604000062], [117.76072086600004, 1.239894782000022], [117.7607658170001, 1.239930955000034], [117.76080177900008, 1.239967130000025], [117.76083776300004, 1.24007567700005], [117.76086475300008, 1.240166134000049], [117.76089174200001, 1.240256591000048], [117.76093671600006, 1.240374182000039], [117.76094571200008, 1.240401319000057], [117.76093805900007, 1.240418496000075], [117.76093672900004, 1.240419415000076], [117.760928164, 1.240445303000058], [117.76097602300001, 1.240399008000054], [117.76127088300007, 1.240275631000031], [117.7614133620001, 1.24020375200007], [117.76150498400011, 1.240147446000037], [117.76169101800008, 1.240033122000057], [117.76182938700003, 1.239899580000042], [117.76209455500009, 1.239510607000057], [117.76227345600012, 1.239258397000071], [117.76230339100005, 1.239216190000036], [117.76227701100004, 1.239244573000065], [117.76223965400004, 1.239224904000025], [117.76217672400003, 1.239179690000071], [117.76216772600003, 1.239143506000062], [117.76214075400003, 1.239116375000037], [117.76213176600004, 1.239116377000073], [117.76210479400004, 1.239089246000049], [117.76205085800007, 1.239062122000064], [117.76202388900003, 1.239044037000042], [117.76202388600007, 1.23903499000005], [117.76199691500005, 1.239007859000026], [117.76198792600007, 1.239007861000061], [117.7619519640001, 1.23897168600007], [117.76195196100002, 1.238962639000022], [117.7619249820001, 1.238908368000068], [117.76189800700001, 1.238872190000052], [117.76183507300004, 1.238808883000047], [117.76181709200011, 1.238790796000046], [117.76180810400001, 1.238790798000025], [117.7617811240001, 1.238736527000071], [117.76175415500006, 1.238718442000049], [117.761727188, 1.23870940300003], [117.76170021100006, 1.238664179000068], [117.76168222000001, 1.238609905000033], [117.76167322900005, 1.238600861000066], [117.76163726700008, 1.238564686000075], [117.7615653470001, 1.238510428000041], [117.76150241500011, 1.238456167000038], [117.76149209100004, 1.238450398000055], [117.7614215100001, 1.238410958000031], [117.76137655700006, 1.238365739000074], [117.7613136330001, 1.238338618000057], [117.76132262300007, 1.238347662000024], [117.76128666400007, 1.238320533000035], [117.76126866900006, 1.238257213000054], [117.7612596680001, 1.238211983000042], [117.76119673900007, 1.238166769000031], [117.76119672900006, 1.238130583000043], [117.76117874800002, 1.238112495000053], [117.76119043400001, 1.238102408000032], [117.76113379900005, 1.238028064000048], [117.7611176910001, 1.238014504000034], [117.76115175300004, 1.23800394500006], [117.76116074100003, 1.238003943000024], [117.76119662300005, 1.237759678000032], [117.76120560900006, 1.237750629000061], [117.76143928200008, 1.237696282000059], [117.7615470510001, 1.237388671000076], [117.76158298000007, 1.237307243000032], [117.76145711400011, 1.237189675000025], [117.76145709600007, 1.23712635000004], [117.761555928, 1.236999671000035], [117.76162780900006, 1.23691823200005], [117.76162776800004, 1.23677348800004], [117.76161335300003, 1.236708289000035], [117.76160976800008, 1.236692075000065], [117.76146594900001, 1.23665593100003], [117.76141390200007, 1.236708347000047], [117.76141203700001, 1.236710225000024], [117.76138507300004, 1.236710233000053], [117.76138249900009, 1.236708356000065], [117.76102547700009, 1.236447989000055], [117.76101648400004, 1.236429899000029], [117.76103434100003, 1.236013756000034], [117.76098040800002, 1.235995679000041], [117.76084669800002, 1.235950862000038], [117.76082756800008, 1.235841933000074], [117.76089046600009, 1.235778589000063], [117.76089941300006, 1.235633843000073], [117.76095331500005, 1.235543363000033], [117.76096230100006, 1.235534314000063], [117.76105215200005, 1.235434777000023], [117.76110604500002, 1.235308111000052], [117.76115569500007, 1.235236677000046], [117.76116893500011, 1.235217628000044], [117.76122285500003, 1.235190473000046], [117.76123184300002, 1.23519047000002], [117.76136668200002, 1.235253757000066], [117.76139364100004, 1.235235656000043], [117.76149247800004, 1.235127070000033], [117.76152842200008, 1.235099920000039], [117.7615284200001, 1.235090874000036], [117.76164251700004, 1.235043549000068], [117.76164518500002, 1.235042442000065], [117.76164089000008, 1.234537629000044], [117.76166351600011, 1.233830787000045], [117.76165039900002, 1.233821990000024], [117.761638564, 1.23381405400005], [117.76162692300011, 1.233806247000075], [117.76159994300008, 1.233751976000065], [117.7615999410001, 1.233742930000062], [117.76159093500007, 1.233679607000056], [117.76151003000007, 1.233634398000049], [117.76142013900005, 1.23359823800007], [117.76140216300007, 1.233598243000074], [117.76139462800006, 1.233578037000029], [117.7613751780001, 1.233525879000069], [117.76142010600006, 1.233480634000045], [117.76149199200006, 1.233417288000055], [117.76154590200008, 1.233353947000069], [117.76156386800005, 1.233317756000019], [117.76157735400011, 1.233290587000056], [117.76159081600008, 1.233263469000065], [117.76159080100001, 1.233209191000071], [117.76158180200002, 1.233173007000062], [117.76157277800007, 1.23304635900007], [117.76152414700005, 1.233024127000022], [117.76164919400003, 1.23155674100002], [117.76163401300005, 1.231296018000023], [117.76163512500011, 1.231096297000022], [117.76130143500006, 1.23110159700002], [117.76126910700009, 1.23109996200003], [117.76116755900011, 1.231094825000071], [117.7585512600001, 1.230962473000034], [117.75855256900002, 1.232214952000049], [117.75855250200004, 1.23221546000002], [117.7585525830001, 1.23247019300004], [117.75855303300011, 1.233887698000046], [117.75855302700006, 1.233899376000068], [117.75855417900004, 1.233949515000063], [117.758553086, 1.234042339000041], [117.75856211000007, 1.234168987000032], [117.75856168300004, 1.234377366000047], [117.75856171600003, 1.234493971000063], [117.75856224100005, 1.234630357000071], [117.75856814800011, 1.234698599000069], [117.75859209600003, 1.234975232000068], [117.75861061100011, 1.235184204000063], [117.75862453000002, 1.235458193000056], [117.75863846000004, 1.235764690000053], [117.75864786200009, 1.236382333000051], [117.75865249700007, 1.236451991000024], [117.75865245300008, 1.236920653000027], [117.75871041700009, 1.23805515500004], [117.75871041900007, 1.238061601000027], [117.75873415900003, 1.238665035000054], [117.75874318800004, 1.238809776000039], [117.75874320600008, 1.238873101000024], [117.75874321600008, 1.23890928700007], [117.75874876500006, 1.239146006000055], [117.75874881100003, 1.239310369000066], [117.75875973500001, 1.239438205000056], [117.7587525020001, 1.239525867000054], [117.75876138300009, 1.239578721000044], [117.75876347700012, 1.23983632900007], [117.75876713600007, 1.239942251000059], [117.75878986400005, 1.24054177000005], [117.75879836800004, 1.240871956000035], [117.75904554100009, 1.240861892000055], [117.75955800700001, 1.240841028000034], [117.76059862600005, 1.24083924200005], [117.76066717800006, 1.240736119000076], [117.76062222500002, 1.240690900000061], [117.760550308, 1.240645688000029], [117.76045142700002, 1.240600484000026], [117.76029862500002, 1.240582436000068], [117.76028963700003, 1.240582438000047], [117.76022671500004, 1.240564363000033], [117.7601727770001, 1.240528193000046], [117.76014581000004, 1.240519154000026], [117.76002893400005, 1.240410631000032], [117.75991206600008, 1.240329246000044], [117.75986712100007, 1.240311166000026], [117.75975025800005, 1.240247875000023], [117.75971425500006, 1.240066956000021], [117.75969625300002, 1.239976496000054], [117.75966924500005, 1.23982271400007], [117.75963323300005, 1.239614655000025], [117.75962017100005, 1.239554260000034], [117.75965890200007, 1.23950177200004], [117.7596869670001, 1.239463737000051], [117.75972420200003, 1.239413273000025]]]]}},
{"type": "Feature", "properties": {"ba_code": "4320", "blockid": "4320R37P08", "division": "06"}, "geometry": {"type": "MultiPolygon", "coordinates": [[[[117.81975957000009, 1.168609963000051], [117.81975955200005, 1.168546639000056], [117.81975954100005, 1.168510453000067], [117.81976852700006, 1.16850140400004], [117.819776735, 1.168478634000053], [117.81976850800004, 1.168438080000044], [117.81976850600006, 1.168429033000052], [117.81978034000008, 1.168422131000057], [117.8197857670001, 1.168403903000069], [117.81978576300003, 1.168387499000062], [117.81979300000012, 1.168367448000026], [117.81978937600002, 1.16835833500005], [117.81977850700002, 1.16834558000005], [117.81978176100006, 1.168323096000051], [117.81976847100009, 1.168311431000063], [117.81975049100004, 1.168293344000062], [117.81972352500009, 1.168284305000043], [117.81967858400003, 1.168275272000074], [117.81966440300005, 1.168270885000027], [117.81964448400004, 1.168272713000022], [117.81962818800002, 1.168278186000066], [117.81961008300004, 1.168289127000037], [117.81955276500003, 1.16830244800002], [117.81935503300008, 1.168293460000029], [117.81932161300006, 1.168306634000032], [117.81933534500001, 1.168199852000043], [117.81945385600011, 1.16814868900002], [117.81946284100002, 1.168139640000049], [117.81972136900004, 1.167999914000063], [117.81982477300005, 1.167944028000022], [117.81983388200001, 1.167942242000038], [117.81983434400001, 1.167938870000057], [117.81985818800001, 1.167759578000073], [117.81990312900007, 1.167768611000042], [117.81990306600005, 1.167551499000069], [117.81984903600005, 1.167189661000066], [117.81980300400005, 1.16651609500002], [117.8197937970001, 1.166381367000042], [117.81976721100011, 1.16599233900007], [117.81976546400006, 1.165966774000026], [117.81976207200012, 1.165917142000069], [117.81975782200004, 1.165854951000028], [117.81972263500006, 1.165208548000066], [117.81972891300006, 1.165153643000053], [117.81974953000008, 1.16497333500007], [117.81973152800003, 1.164882877000025], [117.81971352700009, 1.164792419000037], [117.81969415100002, 1.164225177000048], [117.81968894900001, 1.164072892000036], [117.81969395300007, 1.163639103000037], [117.81969518800008, 1.163532129000032], [117.8196951750001, 1.163489751000043], [117.81969236000009, 1.163472776000049], [117.81963318200008, 1.163116032000062], [117.81963215000007, 1.163112186000035], [117.81951635900009, 1.163141747000054], [117.81908889400006, 1.163216549000026], [117.81898555400005, 1.163234633000059], [117.8189221660001, 1.163245725000024], [117.81891405400006, 1.16324366200007], [117.81852559200001, 1.163323145000049], [117.81852151500004, 1.16332397900004], [117.81828407800003, 1.163372560000028], [117.81820870600006, 1.163388981000026], [117.81797881400007, 1.163432177000061], [117.81790679700009, 1.163443704000031], [117.81789368000011, 1.163446038000075], [117.817565091, 1.163463234000062], [117.817550116, 1.163463359000048], [117.81740331800006, 1.163481374000071], [117.81738633000009, 1.163481134000051], [117.81693597800006, 1.163544834000049], [117.81692699000007, 1.163544837000074], [117.81694967700003, 1.163857565000058], [117.816963084, 1.164042376000054], [117.81698118400004, 1.164476595000053], [117.81697756400001, 1.164736972000071], [117.81697506000012, 1.164917031000073], [117.81697237900005, 1.165109842000049], [117.81696823200002, 1.165127100000063], [117.8169658060001, 1.165194062000069], [117.81697247000011, 1.165426465000053], [117.81697247300008, 1.165435511000055], [117.81699055000001, 1.165788313000064], [117.81699056000002, 1.165824499000053], [117.81699964200004, 1.166150165000033], [117.81699780500003, 1.166166701000066], [117.81702413300002, 1.166726968000035], [117.81702677700002, 1.166747216000033], [117.81706283000005, 1.167100013000038], [117.81706283200003, 1.16710906000003], [117.81706574100008, 1.167288511000038], [117.8170468720001, 1.167432513000051], [117.81704495300005, 1.167443780000042], [117.817018103, 1.167832781000072], [117.81701826800008, 1.168403491000049], [117.81701835000001, 1.168688520000046], [117.81701924800007, 1.168720264000058], [117.81718189800006, 1.168892492000055], [117.81718917700005, 1.168900200000053], [117.81719816500004, 1.168900197000028], [117.8172430950001, 1.168873045000055], [117.81725208300008, 1.16887304200003], [117.81785655600004, 1.168585332000021], [117.81789904400011, 1.16877751200002], [117.81771045200003, 1.168863862000023], [117.81744984600004, 1.168990587000053], [117.81734201000006, 1.169044897000049], [117.81725214800008, 1.169099201000051], [117.81714431700004, 1.169171604000041], [117.81708140900002, 1.169189715000073], [117.8170336280001, 1.169225806000043], [117.81703707300005, 1.169630746000053], [117.81703880200007, 1.169833965000066], [117.81705004500009, 1.171155161000058], [117.81706346400006, 1.172732118000056], [117.81706435000001, 1.17273504800005], [117.81988247100003, 1.172691665000059], [117.81988657500006, 1.172662688000059], [117.81987754800002, 1.172526995000055], [117.81988648300012, 1.172346066000046], [117.81988647000003, 1.172300834000055], [117.81988640400004, 1.172074675000033], [117.81987908000008, 1.171968231000051], [117.8198743700001, 1.171899783000072], [117.81986835200007, 1.171812337000063], [117.81985031600004, 1.171604276000039], [117.81985029300006, 1.171522859000049], [117.81982756000002, 1.170866932000024], [117.81982694300007, 1.170864908000055], [117.81980563200011, 1.170245626000053], [117.81976319800003, 1.169012455000029], [117.8197505930001, 1.168646151000075], [117.81975957800012, 1.168637102000048], [117.81975957000009, 1.168609963000051]]]]}},
{"type": "Feature", "properties": {"ba_code": "4320", "blockid": "4320R39P08", "division": "06"}, "geometry": {"type": "MultiPolygon", "coordinates": [[[[117.82395793400008, 1.172444373000076], [117.82396691100007, 1.172408185000052], [117.82397589800007, 1.172408182000026], [117.82397585900003, 1.172272487000043], [117.82402975800005, 1.17218200800005], [117.82408366300001, 1.172109621000061], [117.82410161500002, 1.172028199000067], [117.82410160400002, 1.171992013000022], [117.82409260100007, 1.171937738000054], [117.82409258200005, 1.171874414000058], [117.82408357600002, 1.171811092000041], [117.82405657600009, 1.171684451000033], [117.82410145900008, 1.171494465000023], [117.82411938100006, 1.171313533000045], [117.82411933900005, 1.17116879200006], [117.82413727200003, 1.171024045000024], [117.82413726700008, 1.17100595200003], [117.82419114800007, 1.170852149000041], [117.82429000200011, 1.170815934000075], [117.82428997500006, 1.170725471000026], [117.82427198200003, 1.170662152000034], [117.82428993600001, 1.170589776000043], [117.82435283600012, 1.170544525000025], [117.8244157790001, 1.170644017000029], [117.82450567700005, 1.170716361000075], [117.82457758900011, 1.170752525000069], [117.82458657900008, 1.170761568000046], [117.82466746600005, 1.17075249800007], [117.82472137600007, 1.170698204000075], [117.82475731600005, 1.170662008000022], [117.82480224400001, 1.170625809000057], [117.8247932480001, 1.170598673000029], [117.82478424700003, 1.170553444000063], [117.82482019000008, 1.170526295000059], [117.82491005300005, 1.170481036000069], [117.82494599400002, 1.170444840000073], [117.8249549630001, 1.170381513000052], [117.82496393500003, 1.170327233000023], [117.8250268270001, 1.170254843000066], [117.82509872300011, 1.170236729000067], [117.82512567300012, 1.170191490000036], [117.82518857900004, 1.17016433200007], [117.82524250200004, 1.170155270000066], [117.82571884700008, 1.170259646000034], [117.82575399400002, 1.168037822000031], [117.82575543400003, 1.167946810000046], [117.82575560700002, 1.167935864000071], [117.82576300200003, 1.16746835500004], [117.82576298400011, 1.167406787000061], [117.82576295500007, 1.167305522000049], [117.82578983100007, 1.167006985000057], [117.82586154700004, 1.166373720000024], [117.82592417600006, 1.165396698000052], [117.82591502500009, 1.164835828000037], [117.82588898600011, 1.164370635000068], [117.82590581900001, 1.164084986000034], [117.82584806000011, 1.163462053000046], [117.82581957000002, 1.163372021000043], [117.8257423120001, 1.163372044000027], [117.82558778400005, 1.163331161000031], [117.82545766500004, 1.163331200000073], [117.82525834600006, 1.163293902000021], [117.82486395600006, 1.163188128000058], [117.82469722300004, 1.163126785000031], [117.82461589500008, 1.163114531000076], [117.82456708200004, 1.163049061000038], [117.82459146000008, 1.162983569000062], [117.82468092700003, 1.163020378000056], [117.82485576500005, 1.162987585000053], [117.8249737000001, 1.163036663000071], [117.82514449000007, 1.163069355000061], [117.82526646600002, 1.163032484000041], [117.82538846600005, 1.163077469000029], [117.82551045600007, 1.163089711000055], [117.82564465500002, 1.163138785000058], [117.82581566100009, 1.163117055000043], [117.8257795500001, 1.16256523900006], [117.82475448100001, 1.162525858000038], [117.82438973400008, 1.162528826000027], [117.8241348030001, 1.16253858400006], [117.82364948300005, 1.162583958000027], [117.82302935300004, 1.162647464000031], [117.8226429020001, 1.162710902000072], [117.82264311200004, 1.163434609000035], [117.82267574800005, 1.164516347000074], [117.82267938500001, 1.164636892000033], [117.82261695200009, 1.16620279600005], [117.82261696400008, 1.166245206000042], [117.82261710900002, 1.166745577000029], [117.82266223200008, 1.167378807000034], [117.82268935200011, 1.167921579000051], [117.82268354200005, 1.16796847400002], [117.82267141900002, 1.16806632600003], [117.82267146100003, 1.168211067000072], [117.82267150300004, 1.168355809000047], [117.82268953700009, 1.168554823000022], [117.8226985870001, 1.168771932000027], [117.82268962900002, 1.168871445000036], [117.82267171100011, 1.169070469000076], [117.82267176900007, 1.169269489000044], [117.82266997400006, 1.169390171000032], [117.82270781000011, 1.169577054000058], [117.82270782, 1.169613239000057], [117.82270782300009, 1.169622285000059], [117.82271683400006, 1.169703700000071], [117.82272585600003, 1.169821299000034], [117.82272585900012, 1.169830346000026], [117.8227258610001, 1.169839392000029], [117.82272586400006, 1.169848438000031], [117.82275286100003, 1.169966033000037], [117.82276188100002, 1.170074586000055], [117.82277992700006, 1.170318832000021], [117.82279791600001, 1.170364058000075], [117.82279792700001, 1.170402304000049], [117.82279796300008, 1.170526892000055], [117.8227890280001, 1.170707822000054], [117.82279808400006, 1.170943024000053], [117.8227891570001, 1.171151092000059], [117.82279823500005, 1.171458665000046], [117.822807312, 1.171766238000032], [117.82279840900003, 1.172055723000028], [117.82280746000004, 1.172272833000022], [117.82281652200004, 1.172526127000026], [117.82282320400009, 1.172557471000061], [117.8239727030001, 1.172500797000055], [117.82395793400008, 1.172444373000076]], [[117.82450192700003, 1.168004272000076], [117.8244334850001, 1.167991019000056], [117.824410682, 1.167996323000068], [117.82439890100011, 1.167950266000048], [117.82437913800004, 1.167873004000057], [117.8243696620001, 1.167763685000068], [117.82443573000012, 1.167611564000026], [117.82437426400008, 1.167350160000069], [117.82406246100004, 1.166903456000057], [117.82383510400007, 1.166665953000063], [117.8238933020001, 1.16655522800005], [117.82390229000009, 1.166555225000025], [117.82398316600006, 1.16650996900006], [117.82400114100005, 1.166509964000056], [117.82404610300011, 1.16659136800007], [117.82405510700005, 1.166645643000038], [117.82409105500005, 1.166636586000038], [117.824117999, 1.16657325400007], [117.82406404700009, 1.166482807000023], [117.82410897500006, 1.166446608000058], [117.82421682400002, 1.166437530000053], [117.8242707500001, 1.166437514000052], [117.82432468600007, 1.166473683000049], [117.82434266200005, 1.166473678000045], [117.8243965900001, 1.166482709000036], [117.824567322, 1.166365056000075], [117.82458530000008, 1.166374097000073], [117.82462126100006, 1.166410272000064], [117.82464823700002, 1.166455495000037], [117.82467520500006, 1.166473580000059], [117.82427980600005, 1.166672716000051], [117.82427081600008, 1.166663672000027], [117.82460347000006, 1.16704352000005], [117.82461246000003, 1.167052564000073], [117.82470233200002, 1.16703444500007], [117.82469333300003, 1.16699826200005], [117.82484599500003, 1.166554947000066], [117.82485498000005, 1.166545898000038], [117.82489536100002, 1.166355949000035], [117.82492181700002, 1.166541963000043], [117.82488881200004, 1.166717839000057], [117.82482754700004, 1.167145641000047], [117.82487953900011, 1.167307232000041], [117.8249787520001, 1.167459303000044], [117.82501186700006, 1.167658926000058], [117.8250166470001, 1.167858556000056], [117.825038102, 1.167943480000019], [117.82508182800007, 1.168116564000059], [117.82450192700003, 1.168004272000076]]]]}},
{"type": "Feature", "properties": {"ba_code": "4320", "blockid": "4320L19P05", "division": "01"}, "geometry": {"type": "MultiPolygon", "coordinates": [[[[117.76776953700005, 1.231019540000034], [117.76981159700006, 1.230992321000031], [117.76981135300002, 1.230978521000054], [117.769854398, 1.230977947000042], [117.76981352500002, 1.228665492000061], [117.7698134100001, 1.228262702000052], [117.76981329800003, 1.227870141000039], [117.76981327900012, 1.227806079000061], [117.76981065000007, 1.227781004000065], [117.76979340800006, 1.227616553000075], [117.7697816320001, 1.227475989000027], [117.76979784800005, 1.227305731000058], [117.76981047700008, 1.227173134000054], [117.76981309100006, 1.227145688000064], [117.76981040100009, 1.226907307000033], [117.76980011700005, 1.225995949000037], [117.76957728100001, 1.225835781000058], [117.76925358500011, 1.225383552000039], [117.76908277700011, 1.225256951000063], [117.76878614800012, 1.225166572000035], [117.76790520500003, 1.224741643000073], [117.76745567800003, 1.224289450000072], [117.76703984900007, 1.223732484000038], [117.76709726500007, 1.224722076000035], [117.76708478700004, 1.225908827000069], [117.76709787100003, 1.226850481000042], [117.7670851800001, 1.227289065000036], [117.76713663500004, 1.22795982100007], [117.76717103400006, 1.228584839000064], [117.76714682800002, 1.22913907800006], [117.76713531500002, 1.229402649000065], [117.76712638600009, 1.229607101000056], [117.76712642000007, 1.229728038000076], [117.767080458, 1.231014921000053], [117.76777665700001, 1.231005642000071], [117.76776953700005, 1.231019540000034]]], [[[117.76976655900012, 1.221564042000068], [117.7697485650001, 1.22150072200003], [117.76955082200004, 1.221473639000067], [117.76908345600009, 1.221500913000057], [117.7689126890001, 1.221519055000044], [117.76863406300004, 1.22151913600004], [117.76849925600004, 1.221564407000074], [117.76796896100007, 1.221546466000063], [117.7677685320001, 1.221568809000075], [117.76698030300008, 1.221610076000047], [117.76699828400001, 1.221628163000048], [117.76698044900002, 1.222125724000023], [117.76699963500005, 1.222644702000025], [117.76703614700011, 1.223632351000049], [117.76747538200004, 1.224219962000063], [117.76792491000003, 1.224672155000064], [117.76880585200001, 1.225097084000026], [117.76910248100012, 1.225187463000054], [117.76927328900001, 1.225314064000031], [117.76959698500002, 1.225766293000049], [117.76978314900009, 1.225899036000044], [117.76979915100003, 1.225910447000047], [117.76978662800002, 1.224800563000031], [117.76978542600011, 1.224694108000051], [117.76980612600005, 1.224556335000045], [117.76983028100005, 1.224395562000041], [117.7698275670001, 1.224274979000029], [117.76978693800004, 1.222469620000027], [117.76976731000002, 1.221597425000027], [117.76976655900012, 1.221564042000068]]]]}},
{"type": "Feature", "properties": {"ba_code": "4320", "blockid": "4320M41BP07", "division": "05"}, "geometry": {"type": "MultiPolygon", "coordinates": [[[[117.83203097800003, 1.214698552000073], [117.8319954110001, 1.210725985000067], [117.82927214900008, 1.210853473000043], [117.82934488700005, 1.215391636000049], [117.83072992500001, 1.21659743500004], [117.83203097800003, 1.214698552000073]]]]}},
{"type": "Feature", "properties": {"ba_code": "4320", "blockid": "4320R38P08", "division": "06"}, "geometry": {"type": "MultiPolygon", "coordinates": [[[[117.82261271800007, 1.168087660000026], [117.82260974200005, 1.168003242000054], [117.82265312700008, 1.16800375300005], [117.82265342500011, 1.168003007000038], [117.82265148200008, 1.167968814000062], [117.8226398160001, 1.167763550000075], [117.82259018800005, 1.166890326000043], [117.82259018600007, 1.166881280000041], [117.82258198000011, 1.166306827000028], [117.82258101200011, 1.166238992000046], [117.82259850100002, 1.164565415000027], [117.82260025700009, 1.164534337000021], [117.82261638500006, 1.16424878700002], [117.82257120800011, 1.163425584000038], [117.82259796100004, 1.162701869000045], [117.81971305200011, 1.163145984000039], [117.8197762320001, 1.164068693000047], [117.8197933460001, 1.164538657000037], [117.81979423300004, 1.164562998000065], [117.81985745800012, 1.165235648000021], [117.81985941000005, 1.165290049000021], [117.81995657200002, 1.167997418000027], [117.81995679700003, 1.168003687000066], [117.81995704200006, 1.168004488000065], [117.81991200200002, 1.168104117000041], [117.81985830100007, 1.168148570000028], [117.81986029600012, 1.168232604000025], [117.81986031400004, 1.168233018000024], [117.81989627000007, 1.17013079000003], [117.8198962240001, 1.170132520000038], [117.81988373900003, 1.170272105000038], [117.81988450400002, 1.170275620000041], [117.81992338100008, 1.171569937000072], [117.81992444200012, 1.171608728000024], [117.81994043800012, 1.172445560000028], [117.81993146900004, 1.172508887000049], [117.81992587000002, 1.172688650000055], [117.82277140500003, 1.172561575000032], [117.82277078900006, 1.172556047000057], [117.82273551600008, 1.172128113000042], [117.82273542900009, 1.171829583000033], [117.82273540000006, 1.171730074000038], [117.82273530200007, 1.17139535900003], [117.82271719300002, 1.170934001000035], [117.82271712700003, 1.170707843000059], [117.82272603800004, 1.17044549700006], [117.82271699500006, 1.170255526000062], [117.82267597500004, 1.16982402800005], [117.82266640900002, 1.169736135000051], [117.82266638800002, 1.169664012000055], [117.82266902900005, 1.169618601000025], [117.822653091, 1.169567852000057], [117.82264775400006, 1.169469018000029], [117.82264242500003, 1.16939689700007], [117.82263445000001, 1.169351489000064], [117.82262645700007, 1.169241971000019], [117.82261776900009, 1.169016207000027], [117.82263569000008, 1.168826229000047], [117.8226328610001, 1.168761089000043], [117.82263218600008, 1.168706741000051], [117.8226265730001, 1.16838296100002], [117.82261298500009, 1.16809334900006], [117.82261271800007, 1.168087660000026]]]]}},
{"type": "Feature", "properties": {"ba_code": "4320", "blockid": "4320L13P09", "division": "01"}, "geometry": {"type": "MultiPolygon", "coordinates": [[[[117.75281595800004, 1.224174263000066], [117.75277041800007, 1.222021212000072], [117.75011003300006, 1.222248123000043], [117.75013761800005, 1.224524711000072], [117.75013761800005, 1.224525207000056], [117.75177362400007, 1.225160624000068], [117.75237574500011, 1.224889060000066], [117.75256443500007, 1.224680937000073], [117.75271716300006, 1.224436639000032], [117.7527441200001, 1.224409492000063], [117.75281596600007, 1.224201402000062], [117.75281595800004, 1.224174263000066]]]]}},
{"type": "Feature", "properties": {"ba_code": "4320", "blockid": "4320L25P05", "division": "02"}, "geometry": {"type": "MultiPolygon", "coordinates": [[[[117.78736604500011, 1.225322217000041], [117.78732034000006, 1.222698771000069], [117.78733788600005, 1.221224201000041], [117.78654696000001, 1.22126061900002], [117.78450670100005, 1.221261219000041], [117.78438090100008, 1.221369813000024], [117.78427344500005, 1.222744901000056], [117.78429152100011, 1.223088659000041], [117.78438162300006, 1.223857579000025], [117.78427454900009, 1.226544397000055], [117.7842739460001, 1.226544644000057], [117.78418621300011, 1.227070609000066], [117.78424799100003, 1.227937553000061], [117.78423084200006, 1.230769088000045], [117.78740357700008, 1.230722915000058], [117.78744754900003, 1.227420961000064], [117.78740250900012, 1.227077211000051], [117.78742918000012, 1.226073051000071], [117.78736604500011, 1.225322217000041]], [[117.78583793200005, 1.224761791000049], [117.78538849800009, 1.224635274000036], [117.78489416200011, 1.224635420000027], [117.7843638920001, 1.224698901000068], [117.78436382900009, 1.224481787000059], [117.78438169900005, 1.224119925000025], [117.78502883100009, 1.224119734000055], [117.78504681700008, 1.22415591500004], [117.7850288410001, 1.224155920000044], [117.78517266200004, 1.224201110000024], [117.78519965200007, 1.224291566000034], [117.78534345900005, 1.224291523000034], [117.78534344000002, 1.224228199000038], [117.78538836700011, 1.224182953000025], [117.78545129500003, 1.224228167000035], [117.78551424000011, 1.224327659000039], [117.78560414600008, 1.224418096000022], [117.78572998200002, 1.224436152000067], [117.78611645800004, 1.224417945000027], [117.78617938700006, 1.224463159000038], [117.78625135100003, 1.22467120500005], [117.7861615160001, 1.224825021000072], [117.78603571100007, 1.22491552200006], [117.78594583200004, 1.22491554800007], [117.78583793200005, 1.224761791000049]]]]}},
{"type": "Feature", "properties": {"ba_code": "4320", "blockid": "4320R32P09", "division": "06"}, "geometry": {"type": "MultiPolygon", "coordinates": [[[[117.80460781200009, 1.173861272000067], [117.80576722400008, 1.173842843000045], [117.80577621200007, 1.17384284000002], [117.80581216300004, 1.173842830000069], [117.80569434000006, 1.170405241000026], [117.80570853100005, 1.17031380800006], [117.80570933800004, 1.170314115000053], [117.8057094720001, 1.170312040000056], [117.80573400600008, 1.168785201000048], [117.80580031800002, 1.163819449000073], [117.80453677700007, 1.163844831000063], [117.80305908500009, 1.163874514000042], [117.80308637300004, 1.164818273000037], [117.80310004600005, 1.165291159000049], [117.80311486800008, 1.167176786000027], [117.80311542000004, 1.169120556000053], [117.80310075400007, 1.169785927000021], [117.80305197100006, 1.170478375000073], [117.80304153400004, 1.170561237000072], [117.80304300600005, 1.170559795000031], [117.80309738900007, 1.17216098900002], [117.8030974940001, 1.172531891000062], [117.80310661100009, 1.17298420700007], [117.80310686300004, 1.173869338000031], [117.80310764400008, 1.173870694000072], [117.80460781200009, 1.173861272000067]]]]}},
{"type": "Feature", "properties": {"ba_code": "4320", "blockid": "4320K30P07", "division": "02"}, "geometry": {"type": "MultiPolygon", "coordinates": [[[[117.80152240900009, 1.230414628000062], [117.80152353200003, 1.230402059000028], [117.79892244100006, 1.230470755000056], [117.79907823300005, 1.238010598000074], [117.79914497100003, 1.24124034700003], [117.79935764400011, 1.241112141000031], [117.79943618100003, 1.241068634000044], [117.79957630900003, 1.240959778000047], [117.799783, 1.240851159000044], [117.79987286000005, 1.240787807000061], [117.79996271300001, 1.240697316000023], [117.80019622600003, 1.240118276000032], [117.80025910400002, 1.239991608000025], [117.800366875, 1.239711137000029], [117.80042975800006, 1.239602561000027], [117.80049264400009, 1.239503032000073], [117.80069021600002, 1.238960189000068], [117.80073511700004, 1.238833526000064], [117.80084058900002, 1.238044291000051], [117.80085698500011, 1.237921602000029], [117.80086480700004, 1.237810916000058], [117.80086055000004, 1.237503669000034], [117.80086041400011, 1.237051350000058], [117.80085670500011, 1.236988691000022], [117.80086037600006, 1.236924701000021], [117.80086058200004, 1.236818710000023], [117.8008603190001, 1.236734727000055], [117.80095002500002, 1.236155731000053], [117.801057764, 1.235766704000071], [117.80118348600001, 1.235404811000024], [117.80130921500006, 1.235061010000038], [117.80139903400004, 1.234861962000025], [117.80158771900005, 1.234653838000042], [117.80152387800001, 1.231559995000055], [117.80152240900009, 1.230414628000062]]]]}},
{"type": "Feature", "properties": {"ba_code": "4320", "blockid": "4320M18P06", "division": "01"}, "geometry": {"type": "MultiPolygon", "coordinates": [[[[117.76695221500006, 1.217638689000069], [117.76698651900006, 1.217629262000059], [117.76698810800008, 1.217430610000065], [117.76697912000009, 1.217430613000033], [117.7665836650001, 1.217485005000071], [117.76635896100004, 1.217466976000026], [117.76640392900003, 1.217566474000023], [117.76646692100007, 1.217837850000024], [117.76650290100008, 1.217937351000046], [117.76655684700006, 1.21800066000003], [117.76664091100008, 1.218190891000063], [117.76667947500005, 1.218278158000032], [117.76670722100005, 1.218340943000044], [117.76673672100003, 1.218407700000057], [117.76674044600009, 1.218409496000049], [117.7667367360001, 1.21846197800005], [117.7667367470001, 1.218498164000039], [117.76681770000005, 1.218715256000053], [117.76679077200004, 1.218841914000052], [117.76681778200009, 1.219004743000028], [117.7667908310001, 1.219049983000048], [117.76674589100003, 1.219049995000034], [117.76672789200006, 1.218968583000049], [117.76667395600009, 1.218941459000064], [117.76662910100004, 1.219240005000074], [117.76658417400006, 1.219285250000041], [117.76654823500007, 1.21933049200004], [117.76652127600005, 1.219348593000063], [117.76652132700008, 1.219529522000073], [117.76659326400011, 1.219647105000035], [117.76665620300003, 1.219728506000024], [117.76677305400005, 1.219755611000039], [117.7667778120001, 1.219753481000055], [117.76678204200005, 1.21975560900006], [117.766827, 1.219818921000069], [117.76682701300001, 1.21986415300006], [117.76674613900002, 1.219927502000075], [117.76656633900006, 1.219782810000027], [117.76654833700002, 1.219692351000049], [117.76650339200012, 1.219674271000031], [117.76628768100011, 1.219674332000068], [117.7661438660001, 1.219647234000035], [117.76603603100011, 1.219719637000026], [117.76592816800007, 1.219692528000053], [117.76582033000011, 1.219755884000051], [117.76580235400002, 1.219755890000044], [117.76582028900009, 1.21961114100003], [117.76577532400006, 1.219520689000035], [117.76575734300002, 1.219502602000034], [117.7655416240001, 1.219475524000075], [117.7654517520001, 1.219502689000024], [117.7654337890001, 1.219547926000075], [117.76520012000003, 1.219611319000023], [117.76521813700003, 1.219756057000041], [117.76528105300008, 1.21975603900006], [117.76523615100007, 1.219891749000055], [117.76509231800003, 1.219801325000049], [117.764831662, 1.219783307000057], [117.76476872800004, 1.21972], [117.76461594300008, 1.219756229000041], [117.76455300500004, 1.219674829000041], [117.76457096800004, 1.219629591000057], [117.76453499800004, 1.219566276000023], [117.76442715500002, 1.219611540000074], [117.76426236300006, 1.219521129000043], [117.76426007700002, 1.21951987500006], [117.76426041200011, 1.219521390000068], [117.76427435200003, 1.21958444400002], [117.764319397, 1.219955336000055], [117.76427452300004, 1.220190557000024], [117.76425661400003, 1.22042577000002], [117.76429268000004, 1.220832851000068], [117.76427488600007, 1.221475155000064], [117.76437420400009, 1.221484647000068], [117.76446363800005, 1.221493193000072], [117.76489506100006, 1.221493070000065], [117.76500826300003, 1.221491030000038], [117.76560510700006, 1.221480273000054], [117.76693531900003, 1.221456299000067], [117.7669489540001, 1.22061145300006], [117.7669529850001, 1.220361672000024], [117.76691683900003, 1.219674152000039], [117.76690997000003, 1.219672081000056], [117.76691351900001, 1.218408203000024], [117.766913595, 1.218381184000066], [117.76698481300002, 1.217842548000021], [117.76693066300004, 1.217639073000043], [117.76695221500006, 1.217638689000069]]]]}},
{"type": "Feature", "properties": {"ba_code": "4320", "blockid": "4320M27P06", "division": "02"}, "geometry": {"type": "MultiPolygon", "coordinates": [[[[117.79270985300002, 1.211606287000052], [117.79266487200005, 1.211461557000064], [117.79161329500005, 1.21147996000002], [117.79103233500007, 1.211514191000049], [117.79087397, 1.211524472000065], [117.7905543600001, 1.211560151000072], [117.790250882, 1.211583149000035], [117.79008537400011, 1.211543733000042], [117.78999292300011, 1.211590862000037], [117.79001589200004, 1.212308687000075], [117.79006735900009, 1.213026642000045], [117.79004650400009, 1.21321742400005], [117.79004665900004, 1.21375198000004], [117.79006958200011, 1.214309439000033], [117.7900697020001, 1.214721810000071], [117.79009816400003, 1.215339074000042], [117.79015038000011, 1.21574980500003], [117.7901504460001, 1.215977027000065], [117.79014988400002, 1.217034884000043], [117.79015946200002, 1.217121872000064], [117.79013344900011, 1.217244230000063], [117.79019502900007, 1.21774049000004], [117.79019532900008, 1.218771780000054], [117.79021213800002, 1.219074699000032], [117.79024536700001, 1.219662826000047], [117.7902455730001, 1.22036898600004], [117.79026204500008, 1.220902706000061], [117.79027025300002, 1.22107513800006], [117.79313371300009, 1.221000389000039], [117.79310099000008, 1.220688375000066], [117.79306008900005, 1.220310674000075], [117.79300287900003, 1.219957611000041], [117.7930063980001, 1.219806565000056], [117.792945583, 1.219308947000059], [117.7929645590001, 1.219110929000067], [117.79295206300003, 1.219026136000025], [117.79292805800003, 1.218843610000022], [117.79290053700004, 1.218340793000039], [117.79285555000001, 1.218090793000044], [117.79282526300005, 1.217767793000064], [117.7928252270001, 1.217645443000038], [117.79285539300008, 1.217556015000071], [117.79282517600006, 1.217470657000035], [117.79282512500004, 1.217295871000033], [117.79281139400007, 1.217106004000073], [117.79280759100004, 1.216719083000044], [117.79281620200004, 1.216474380000022], [117.7928161430001, 1.216273376000061], [117.79280741500008, 1.216116072000034], [117.79279868600008, 1.215958767000075], [117.79278997000006, 1.215845159000025], [117.79279861500004, 1.215714067000022], [117.7927985870001, 1.215617935000068], [117.79280723600004, 1.215504321000026], [117.79281585500007, 1.215285836000021], [117.79283316200008, 1.215084828000045], [117.79276266200009, 1.213117349000072], [117.7927626280001, 1.213002802000062], [117.79270985300002, 1.211606287000052]]]]}},
{"type": "Feature", "properties": {"ba_code": "4320", "blockid": "4320R36P09", "division": "06"}, "geometry": {"type": "MultiPolygon", "coordinates": [[[[117.81520445100011, 1.172745801000076], [117.81528503900006, 1.172736223000072], [117.81531162100009, 1.172736402000055], [117.81531185900008, 1.172736403000044], [117.81633645600004, 1.172736103000034], [117.81695853200006, 1.172736931000031], [117.81700167300005, 1.172735962000047], [117.81700258400008, 1.170619858000066], [117.81700353500003, 1.170619661000046], [117.81700363200002, 1.170395364000058], [117.81700268100008, 1.170394617000056], [117.81700317900004, 1.169238066000048], [117.81698827500009, 1.169100619000062], [117.81696610000006, 1.168896131000054], [117.81696448200012, 1.168891219000045], [117.81696447700006, 1.16887312700004], [117.81696446700005, 1.168836941000052], [117.81695542200009, 1.168637924000052], [117.81695538500003, 1.168511275000071], [117.81695538200006, 1.168502229000069], [117.81695528600005, 1.168167514000061], [117.81694629300011, 1.168149424000035], [117.81690134400003, 1.168113252000069], [117.81687438300003, 1.168122306000043], [117.8168114770001, 1.16814946300002], [117.81680248200007, 1.168122327000049], [117.81681144600009, 1.168040907000034], [117.8167395260001, 1.167977604000043], [117.81670355000006, 1.167887151000059], [117.81669454900009, 1.167841922000036], [117.81664957900011, 1.167733379000026], [117.81662260600001, 1.167697201000067], [117.81656866600008, 1.16765198500002], [117.81655965300001, 1.167561524000064], [117.8165416490001, 1.167462020000073], [117.81659556700004, 1.167434865000075], [117.81665846800001, 1.167389615000047], [117.81684718300005, 1.167299096000022], [117.81696400400006, 1.167235737000055], [117.816963858, 1.166729142000065], [117.81696385600003, 1.166720095000073], [117.81692905200009, 1.16619692300003], [117.81692999500001, 1.166196795000076], [117.81692869900007, 1.166177325000035], [117.8169286970001, 1.166168278000043], [117.8169194300001, 1.165200321000043], [117.816919428, 1.165191275000041], [117.81691831400008, 1.165145876000054], [117.81691735200002, 1.16514541500004], [117.81690938200006, 1.164820378000059], [117.81690922300004, 1.164268550000031], [117.81690922000007, 1.164259504000029], [117.81688210900006, 1.163743870000076], [117.8168821060001, 1.163734823000027], [117.81688210400011, 1.163725777000025], [117.81688210100003, 1.163716731000022], [117.81682812300005, 1.16353581900006], [117.81681913600005, 1.163535822000028], [117.8167410640001, 1.163539085000025], [117.81594829300002, 1.163572222000028], [117.81594829100004, 1.163563215000067], [117.8159482850001, 1.163545122000073], [117.8159392870001, 1.163508939000053], [117.81592129600006, 1.163454666000064], [117.8158403860001, 1.16338231900005], [117.81574151200005, 1.163346162000039], [117.8157145460001, 1.163337124000066], [117.81571433700003, 1.163337373000047], [117.81571359500003, 1.163337124000066], [117.81561476400009, 1.163454756000021], [117.81559679200006, 1.163463807000028], [117.8155159050001, 1.163472877000061], [117.81549795800004, 1.163572392000049], [117.81547100300008, 1.163599539000074], [117.8152910230001, 1.163582339000072], [117.81529124400004, 1.163581499000031], [117.81529124200006, 1.163572452000039], [117.81528224400006, 1.163536269000076], [117.81520135200003, 1.163527247000047], [117.8151540660001, 1.163549661000047], [117.81513299500011, 1.163559649000035], [117.81504858300002, 1.163599662000024], [117.81503060700004, 1.163599667000028], [117.81485084100007, 1.163554488000045], [117.81484185000011, 1.163545444000022], [117.81480888300007, 1.163562222000053], [117.81473399300012, 1.163527382000041], [117.81472500300004, 1.163518339000063], [117.81466208900008, 1.163518357000044], [117.81460817100003, 1.163545512000042], [117.81455469800005, 1.163589228000035], [117.81456944500007, 1.163643710000031], [117.81457225100007, 1.163654078000036], [117.81462619600006, 1.16371738700002], [117.81473408900001, 1.163862098000038], [117.8147340920001, 1.163871144000041], [117.81474308200006, 1.163880188000064], [117.81484197000009, 1.16396157600002], [117.81485095800008, 1.163961574000041], [117.81496780000009, 1.163970586000062], [117.81511160500008, 1.163979590000054], [117.81509366400007, 1.164097198000036], [117.81509366600005, 1.164106245000028], [117.81511171700004, 1.164368584000044], [117.81452630500007, 1.164600903000064], [117.81422203800003, 1.164721650000047], [117.81422205400008, 1.164775929000029], [117.81422307700007, 1.164804038000057], [117.81424017200004, 1.16527347300007], [117.81424930000003, 1.16576197400002], [117.81425845400008, 1.166340938000076], [117.81425845700005, 1.166349984000021], [117.81426769100005, 1.167209385000035], [117.81425660600007, 1.16746209400003], [117.8142319750001, 1.168023568000024], [117.81426802400006, 1.168367318000037], [117.81427701200005, 1.168367316000058], [117.81430397500003, 1.168367308000029], [117.81435792500008, 1.168448710000064], [117.81442985500007, 1.168548199000043], [117.81442086800007, 1.168548201000021], [117.8143669750001, 1.168665820000058], [117.81432204500004, 1.168692972000031], [117.81421419500009, 1.168702050000036], [117.8142232350001, 1.168882974000041], [117.8142413270001, 1.169290055000033], [117.81426854300003, 1.170167544000037], [117.81428666500005, 1.170674134000024], [117.81428008300009, 1.171673020000071], [117.8142778350001, 1.172014087000036], [117.81427596800006, 1.172297529000048], [117.8142868750001, 1.172870570000043], [117.81520332500008, 1.172745856000063], [117.81520445100011, 1.172745801000076]]]]}},
{"type": "Feature", "properties": {"ba_code": "4320", "blockid": "4320N41P07", "division": "05"}, "geometry": {"type": "MultiPolygon", "coordinates": [[[[117.82931703600002, 1.210681579000038], [117.8319324580001, 1.210599356000046], [117.83195043400008, 1.210599351000042], [117.83189533400002, 1.208146692000071], [117.83184110000002, 1.205732467000075], [117.83184031400003, 1.205699146000029], [117.83176876400012, 1.204303172000039], [117.83107705400005, 1.205452266000066], [117.83087943800001, 1.205832272000066], [117.8307536100001, 1.205832311000052], [117.83060086400008, 1.205986145000054], [117.83057290200009, 1.205986154000072], [117.83048472200005, 1.206110721000073], [117.83038524800008, 1.206284740000058], [117.83008878300006, 1.206719054000075], [117.83006242700003, 1.206707274000053], [117.83003486500002, 1.206746210000063], [117.82985752800005, 1.206615690000035], [117.82984608000004, 1.206610573000034], [117.82937861200003, 1.206266956000036], [117.82920784400005, 1.206267009000044], [117.82916291600009, 1.206303208000065], [117.8291661830001, 1.206396030000064], [117.82917741500012, 1.206715130000021], [117.82926044300007, 1.209073862000025], [117.82927955800005, 1.209616894000021], [117.82931312700009, 1.210570533000066], [117.82931703600002, 1.210681579000038]]], [[[117.83143414000006, 1.201245620000066], [117.83087805000002, 1.20124579000003], [117.83087805600007, 1.201263883000024], [117.83088105800005, 1.201269059000026], [117.83094100300002, 1.201372419000052], [117.83113879100006, 1.201562332000037], [117.8312646390001, 1.201625617000047], [117.83132758600004, 1.201734154000064], [117.83134317800011, 1.201753106000069], [117.83154337200006, 1.201996431000055], [117.83163327400007, 1.202077820000056], [117.83174203300007, 1.202077787000064], [117.83174091, 1.202048013000024], [117.83174085900009, 1.202046652000035], [117.8317411160001, 1.202041602000065], [117.83170230300004, 1.20135771200006], [117.83169593600007, 1.201245540000059], [117.83160009000005, 1.201245569000037], [117.83143414000006, 1.201245620000066]]]]}},
{"type": "Feature", "properties": {"ba_code": "4320", "blockid": "4320N27P05", "division": "03"}, "geometry": {"type": "MultiPolygon", "coordinates": [[[[117.79117287100007, 1.211416764000035], [117.7912986990001, 1.211407681000026], [117.79152339600012, 1.211407615000041], [117.7916941630001, 1.211398518000067], [117.79180201500003, 1.211389440000062], [117.79217051800003, 1.211389332000067], [117.79250306600011, 1.211380187000032], [117.792610921, 1.211380156000075], [117.79266350300009, 1.21135745600003], [117.79267382800003, 1.211352998000052], [117.7927187470001, 1.211280613000042], [117.7926827770001, 1.211217299000054], [117.79268276900007, 1.211190160000058], [117.79266478300008, 1.211153980000063], [117.79265576300008, 1.211045425000066], [117.79263773700006, 1.210873549000041], [117.79262866800002, 1.210593113000073], [117.79263756400007, 1.210276487000044], [117.79262854500007, 1.210167932000047], [117.7926195330001, 1.210086518000026], [117.79261587500002, 1.210050615000057], [117.79253841100001, 1.209290458000055], [117.79254739900011, 1.20929045500003], [117.79254547900007, 1.209264472000029], [117.79252935300008, 1.209046208000075], [117.79252031200008, 1.208865282000033], [117.79251132400009, 1.208865285000059], [117.79250233700009, 1.208865288000027], [117.79250093200005, 1.208821149000073], [117.79241699900001, 1.206184290000067], [117.79241163300003, 1.206015697000055], [117.7924025850001, 1.205807633000063], [117.79241147100004, 1.205454820000057], [117.79240242800006, 1.205264849000059], [117.79240237300007, 1.205074874000047], [117.79238432700004, 1.204830626000046], [117.79239319200008, 1.204405443000041], [117.79238406800005, 1.20393503300005], [117.79238393500009, 1.203473666000036], [117.79239282900005, 1.203147993000073], [117.79240172000004, 1.202813273000061], [117.79239264900002, 1.202523791000033], [117.79237457900001, 1.202198126000042], [117.79239249200009, 1.201981007000029], [117.7923744950001, 1.201908641000045], [117.79212655300012, 1.201902475000054], [117.79203521700003, 1.201900203000037], [117.7920149790001, 1.20189970000007], [117.79171838000002, 1.20189978600007], [117.79149368600008, 1.201908898000056], [117.79121506600006, 1.201918026000044], [117.79075669100007, 1.201936252000053], [117.790540985, 1.201945361000071], [117.79039717900002, 1.201945403000025], [117.79016349200003, 1.201936425000042], [117.78979499800005, 1.201963671000044], [117.7896781610001, 1.20198179800002], [117.78961525400007, 1.202008956000043], [117.78960626600008, 1.202008958000022], [117.78957930500007, 1.202018013000043], [117.78952546900007, 1.202334653000037], [117.7895345610001, 1.202696506000052], [117.78955259400004, 1.202895522000063], [117.78957069500007, 1.203329745000076], [117.78958881300002, 1.203827292000028], [117.78958892000003, 1.20419819500006], [117.78962500700004, 1.204668597000023], [117.78966109900011, 1.205157093000025], [117.7896702170001, 1.205609411000069], [117.78968830800011, 1.206007447000047], [117.78971537300004, 1.206360249000056], [117.7897424250001, 1.206667819000074], [117.78976951700008, 1.207111086000054], [117.78979656100012, 1.20739151600003], [117.78981459400006, 1.20759053200004], [117.78983265400007, 1.207880012000032], [117.78985066300004, 1.207997610000064], [117.78986875200007, 1.20838660000004], [117.78989583300006, 1.208793681000031], [117.78990493600008, 1.209191720000035], [117.78991403600003, 1.209580713000037], [117.789941096, 1.209915422000051], [117.78995018600006, 1.210268229000064], [117.78996829000005, 1.210711498000023], [117.78998637400002, 1.211082395000062], [117.78999546400007, 1.211435203000065], [117.789999437, 1.211439200000029], [117.79000445400004, 1.211444246000042], [117.79018422000001, 1.21147133300002], [117.79053474400007, 1.211462184000027], [117.79096615500009, 1.211434918000066], [117.79117287100007, 1.211416764000035]]]]}},
{"type": "Feature", "properties": {"ba_code": "4320", "blockid": "4320K14P08", "division": "01"}, "geometry": {"type": "MultiPolygon", "coordinates": [[[[117.75424079400011, 1.240990197000031], [117.7551575550001, 1.24091756200005], [117.75606535400004, 1.240935394000076], [117.75606653300008, 1.24090611500003], [117.75610018900011, 1.24007033700002], [117.75610105400006, 1.240048829000045], [117.75609780500008, 1.239740116000064], [117.75609833200008, 1.239740232000031], [117.75609807600006, 1.239715929000056], [117.75609180300012, 1.239119985000059], [117.75605283000004, 1.238400899000055], [117.75603975600006, 1.238159661000054], [117.756036977, 1.238159457000052], [117.75602857000001, 1.238004345000036], [117.75602848100004, 1.237687718000075], [117.75601938500006, 1.23730776900004], [117.7559646740001, 1.234539562000066], [117.755955104, 1.232476967000025], [117.75594571600004, 1.231056673000069], [117.75437283200006, 1.231129493000026], [117.75323136800012, 1.231183793000071], [117.75303363400008, 1.231193199000074], [117.75302478600008, 1.231533756000033], [117.75302346300009, 1.23153280400004], [117.75301832000002, 1.231730768000034], [117.75301964100004, 1.231731790000026], [117.75298028300006, 1.233246767000026], [117.75305236200006, 1.233870954000054], [117.75302563700006, 1.23472133100006], [117.75307089600005, 1.235852129000023], [117.75302618300009, 1.236657279000042], [117.75302624100004, 1.236865348000038], [117.75305329200012, 1.237172921000024], [117.75307161500007, 1.238403237000057], [117.75304467400008, 1.238484664000055], [117.75301795300004, 1.239344087000063], [117.75300897500006, 1.23938027600002], [117.75301684200008, 1.239388189000067], [117.7530089930001, 1.239443601000062], [117.7530090030001, 1.23947978700005], [117.75302701700002, 1.239615479000065], [117.75302704800004, 1.23972403700003], [117.75303608500008, 1.239895918000059], [117.75303608700005, 1.239904964000061], [117.75303612300002, 1.240031615000021], [117.7531439820001, 1.240040631000056], [117.75311704400008, 1.240131103000067], [117.7530901020001, 1.240212529000075], [117.7530631510001, 1.240257769000038], [117.75305417600009, 1.240303004000054], [117.75301825400004, 1.240411572000028], [117.75302727500002, 1.240529174000073], [117.75306324600001, 1.240592489000051], [117.75312616500003, 1.240601518000062], [117.75313516500012, 1.240646748000074], [117.75310821700009, 1.24070103400004], [117.75305430600008, 1.240764375000026], [117.753108268, 1.240881964000039], [117.75310827500005, 1.240909103000035], [117.75313524500007, 1.240927189000047], [117.75319816600006, 1.240945264000061], [117.75338691800005, 1.240954256000066], [117.75353072700011, 1.240954215000045], [117.75367453100012, 1.24093608000004], [117.75377339400006, 1.240917959000058], [117.75388125100005, 1.240917928000044], [117.75391720100004, 1.240908871000045], [117.75397112100006, 1.240881717000036], [117.75398009700007, 1.24083648200002], [117.75398906400005, 1.240764107000075], [117.75393511000004, 1.240673658000048], [117.75388116400006, 1.240610348000075], [117.75385419200006, 1.240583216000061], [117.75382722300003, 1.240565131000039], [117.75377326900002, 1.240474681000023], [117.75371933800011, 1.240465650000033], [117.75368338100009, 1.240447568000036], [117.75366539900006, 1.240429480000046], [117.75367435700002, 1.240320920000045], [117.75371928200002, 1.240266628000029], [117.75379118900003, 1.240275654000072], [117.75380017400005, 1.240266605000045], [117.75384115000008, 1.240232216000038], [117.75382714900002, 1.240302783000061], [117.75377324100009, 1.24037517000005], [117.75376426600008, 1.240420405000066], [117.75379124800008, 1.240483723000068], [117.75405197300006, 1.240736950000041], [117.75414188400009, 1.240845482000054], [117.75421380900002, 1.240917833000026], [117.75422152600004, 1.240927148000026], [117.75425876500003, 1.240972099000032], [117.75425876700001, 1.240981145000035], [117.75424079400011, 1.240990197000031]]]]}},
{"type": "Feature", "properties": {"ba_code": "4320", "blockid": "4320O43P07", "division": "05"}, "geometry": {"type": "MultiPolygon", "coordinates": [[[[117.8373398110001, 1.199823536000054], [117.83724992300006, 1.199787378000053], [117.83710613000005, 1.199823608000031], [117.83699825800011, 1.199760317000027], [117.8369083560001, 1.199678928000026], [117.83682745200008, 1.199633721000055], [117.83675553100011, 1.199570419000054], [117.83667463600011, 1.199552351000023], [117.83656675600002, 1.199461922000069], [117.8365218030001, 1.199416704000043], [117.83647681200011, 1.199244838000027], [117.83635094600004, 1.199118228000032], [117.83624307900004, 1.199073030000022], [117.83616215100005, 1.198946407000051], [117.83609024400005, 1.198928336000051], [117.83605427300006, 1.198865023000053], [117.83588353100004, 1.198946492000061], [117.835685839, 1.199073201000033], [117.83547014700002, 1.199118499000065], [117.83514662700009, 1.199245247000022], [117.83512864600004, 1.199227160000021], [117.83493092100002, 1.199245313000063], [117.8348680150001, 1.199272471000029], [117.8348320560001, 1.19924534300003], [117.83454446200005, 1.199290663000056], [117.83458923600006, 1.201027560000057], [117.83458992700002, 1.201027540000041], [117.83751093900003, 1.201008549000051], [117.83746564800003, 1.199850636000065], [117.8373398110001, 1.199823536000054]]]]}},
{"type": "Feature", "properties": {"ba_code": "4320", "blockid": "4320L14P08", "division": "01"}, "geometry": {"type": "MultiPolygon", "coordinates": [[[[117.75485810400005, 1.230840942000043], [117.75492101500004, 1.230822832000058], [117.75500193800008, 1.23093136600005], [117.7551367530001, 1.23091323500006], [117.75523561900002, 1.230904160000023], [117.75535248100005, 1.230967452000073], [117.7554153640001, 1.230849830000068], [117.75544232100003, 1.230822683000042], [117.75547827000003, 1.230813626000042], [117.75558614700003, 1.230885967000063], [117.75561944000003, 1.230936202000066], [117.75594044700006, 1.230921026000033], [117.75594687300008, 1.230865640000047], [117.75594564700009, 1.230813493000028], [117.75594559900003, 1.230641610000021], [117.75594553500002, 1.230415448000031], [117.75593645800006, 1.230098824000038], [117.75594537500001, 1.229845520000026], [117.75592732500002, 1.229583177000052], [117.75591825000004, 1.229275599000061], [117.75591817700001, 1.229013251000026], [117.75591814900008, 1.228913740000053], [117.75591808800004, 1.228696625000055], [117.75591797800007, 1.22830762600006], [117.75590888900001, 1.22794576900003], [117.75590880700008, 1.227656282000055], [117.75589972800003, 1.22733061100007], [117.75589968700001, 1.227185868000049], [117.75589964700009, 1.227041124000039], [117.75589054700004, 1.22664308100002], [117.75589948400011, 1.226462149000042], [117.75589945600007, 1.226362638000069], [117.75589940000009, 1.226163615000075], [117.75589035400003, 1.225955549000048], [117.75589928900001, 1.225765570000021], [117.75589921300002, 1.225494176000041], [117.75589908600011, 1.225041852000061], [117.75589903800005, 1.224869969000054], [117.75589902200011, 1.224815690000071], [117.75589898700002, 1.224689039000054], [117.75590792700007, 1.224517154000068], [117.75580006300004, 1.224490045000039], [117.75541358400005, 1.224508247000074], [117.75513492800007, 1.224408815000061], [117.75487424100004, 1.224282238000058], [117.75456860300005, 1.224119488000042], [117.75423601700004, 1.224011024000049], [117.7538764740001, 1.223929708000071], [117.7535079590001, 1.223902673000055], [117.75313947100005, 1.223975149000069], [117.75292382900011, 1.224228511000035], [117.75289689300007, 1.224328030000038], [117.75290594900002, 1.224572283000043], [117.75291503300002, 1.224916047000022], [117.75292410200007, 1.225205532000075], [117.75294216900011, 1.225531200000034], [117.75296021600002, 1.225784497000063], [117.75296923100007, 1.225884005000069], [117.75293343900012, 1.22645394400007], [117.752978417, 1.226589629000046], [117.75298745300006, 1.226761509000028], [117.75298748800003, 1.226888160000044], [117.75300549500002, 1.226996713000062], [117.75300553200009, 1.227132410000024], [117.7530235690001, 1.227349521000065], [117.75310449900007, 1.227485195000042], [117.75305060700009, 1.227611861000071], [117.75302364800007, 1.227629962000037], [117.7529966940001, 1.227666155000065], [117.7530057250001, 1.227819943000043], [117.75300578800011, 1.228046105000033], [117.75299891300006, 1.22829774500002], [117.75299838, 1.22831730200005], [117.7529978020001, 1.228338436000058], [117.75299689100007, 1.228371781000021], [117.753005991, 1.22876982400004], [117.7529970710001, 1.229014082000049], [117.75298811300001, 1.22912264200005], [117.75298813400002, 1.229195014000027], [117.75299713400011, 1.229240244000039], [117.75304210500008, 1.229348789000028], [117.75305109800001, 1.229366879000054], [117.75308436900002, 1.229409910000072], [117.75309604900008, 1.22942501600005], [117.75311403700005, 1.229448280000042], [117.753159, 1.229529685000045], [117.75311407800007, 1.229593024000053], [117.75311229300007, 1.229609238000023], [117.75310511200007, 1.229674445000057], [117.7531031200001, 1.229706681000039], [117.7530961650001, 1.229819191000047], [117.75309619000006, 1.229909656000075], [117.75312913100004, 1.229971186000057], [117.75314717900005, 1.23000490000004], [117.7531591390001, 1.230027242000062], [117.75315125100008, 1.230051085000071], [117.75314272300011, 1.230076859000064], [117.75312321800004, 1.230135810000036], [117.75312322000002, 1.230144857000028], [117.75313223400008, 1.23023531900003], [117.75313225100001, 1.230298644000072], [117.75310531800005, 1.230407210000067], [117.75311433400009, 1.230506719000061], [117.75315497000008, 1.23066159800004], [117.75320685100007, 1.23068166500002], [117.75322224100012, 1.230687618000047], [117.75321325800007, 1.23070571300002], [117.75327617900007, 1.230723788000034], [117.7533211220001, 1.23073282200005], [117.75341102000004, 1.230796122000072], [117.75352789200008, 1.230895600000053], [117.75361777500007, 1.230904621000036], [117.75368069600006, 1.23092269600005], [117.753923385, 1.230967859000032], [117.75410314800001, 1.230976855000051], [117.75431885100011, 1.230940607000036], [117.75444467800003, 1.230922478000025], [117.75468735200002, 1.23091336300007], [117.75478621800005, 1.230904288000033], [117.75485810400005, 1.230840942000043]]], [[[117.75586288300008, 1.224146261000044], [117.75576369100008, 1.22298833900004], [117.75574540100001, 1.221866581000029], [117.75488257400002, 1.22193919700004], [117.75404669800002, 1.221966573000032], [117.75344451300009, 1.222002929000041], [117.75283334200003, 1.222048333000032], [117.75284562400009, 1.222661919000075], [117.75284608900006, 1.22268512100004], [117.75286068600008, 1.223414345000037], [117.75289682500011, 1.224083775000054], [117.75292379100006, 1.224092814000073], [117.75307654700009, 1.223948027000063], [117.75330122200012, 1.223857499000076], [117.75352591900003, 1.223848389000068], [117.75375960500003, 1.223839276000035], [117.754002291, 1.223875393000071], [117.75418206900008, 1.223938668000073], [117.7543708290001, 1.223983847000056], [117.75437981700009, 1.223983844000031], [117.75440678400003, 1.223992883000051], [117.75462251400006, 1.224056147000056], [117.75486522800009, 1.224191776000055], [117.75499108000008, 1.224264112000071], [117.75507198200012, 1.224300275000076], [117.75524277700003, 1.224381645000051], [117.75545850700007, 1.224444909000056], [117.75553940600003, 1.224472026000058], [117.75571917100001, 1.224490068000023], [117.75590957200006, 1.224420320000036], [117.75590789600005, 1.224408596000046], [117.75586288300008, 1.224146261000044]]]]}},
{"type": "Feature", "properties": {"ba_code": "4320", "blockid": "4320M15P06", "division": "01"}, "geometry": {"type": "MultiPolygon", "coordinates": [[[[117.75845841900002, 1.215533222000033], [117.75850080400005, 1.214065882000057], [117.75845760100003, 1.214094889000023], [117.75837675700006, 1.214266795000071], [117.75828689000002, 1.214312053000072], [117.75816111200004, 1.214502064000044], [117.7580982390001, 1.214655872000037], [117.75802634500008, 1.214692078000041], [117.75788254500003, 1.214719258000059], [117.75777471300012, 1.214800707000052], [117.75766689200009, 1.214927388000035], [117.75762198300004, 1.215035959000033], [117.7575590670001, 1.215035976000024], [117.75745124700006, 1.215162658000054], [117.75734707200002, 1.215268972000047], [117.75734342100009, 1.215271246000043], [117.75726254200003, 1.215316501000075], [117.75713190400006, 1.215489928000068], [117.75711907800007, 1.215506955000023], [117.75711878800007, 1.215506518000041], [117.75707383500003, 1.215461298000037], [117.75701990700009, 1.215461313000048], [117.75695700200004, 1.215497517000074], [117.75691205900011, 1.215488483000058], [117.75687610200009, 1.215470400000072], [117.75682218700001, 1.215515648000064], [117.75678623500005, 1.215515658000072], [117.75673230300004, 1.215497580000033], [117.75669634600001, 1.215479497000047], [117.75663342700011, 1.215470469000024], [117.75657051200005, 1.215470486000072], [117.75653456000009, 1.215470496000023], [117.7565255720001, 1.215470499000048], [117.75650759100006, 1.215452411000058], [117.75649860300007, 1.215452414000026], [117.75650124300012, 1.215441770000041], [117.75647163400004, 1.215434328000072], [117.75645724800006, 1.215416239000035], [117.75643567700001, 1.215416245000029], [117.75639972300007, 1.215407209000034], [117.75637276400005, 1.215425310000057], [117.75633680900012, 1.215416273000073], [117.75627387600002, 1.215352966000069], [117.7562468970001, 1.215298694000069], [117.7562199250001, 1.215271563000044], [117.75621992000004, 1.215251660000035], [117.75623789100007, 1.215235372000052], [117.7562645700001, 1.215014068000073], [117.75628759500012, 1.214823073000048], [117.75631859700002, 1.214565909000044], [117.75643543800004, 1.214556830000049], [117.75614775800011, 1.214321702000063], [117.75610280500007, 1.214276483000049], [117.75604885200005, 1.214186033000033], [117.75587804100007, 1.214041337000026], [117.75567376400011, 1.214073523000025], [117.75567197500004, 1.214074440000047], [117.75566010500006, 1.215638004000027], [117.75564479900004, 1.215642630000048], [117.755644888, 1.215965242000038], [117.755645017, 1.21642967400004], [117.75568275100011, 1.216902746000073], [117.75571717300011, 1.21733430200004], [117.75573547200008, 1.218492246000039], [117.75572409400002, 1.218998509000073], [117.75579024800004, 1.221425883000052], [117.75579929900005, 1.221758008000052], [117.75641945000007, 1.22168546000006], [117.75810872600005, 1.221656285000051], [117.75827097000001, 1.221666842000047], [117.75851894800007, 1.221647997000048], [117.75852259300007, 1.221522027000049], [117.75850985600005, 1.221222032000071], [117.75849645900007, 1.220906503000037], [117.75844116400003, 1.219604197000024], [117.75848567300011, 1.218066284000031], [117.75845555500007, 1.218035987000064], [117.75845866700001, 1.217912502000047], [117.75841361300002, 1.217505423000034], [117.758377386, 1.216519367000046], [117.75839505600004, 1.215424739000071], [117.75839798600009, 1.215426543000035], [117.75845800200011, 1.215533279000056], [117.75845841900002, 1.215533222000033]]]]}},
{"type": "Feature", "properties": {"ba_code": "4320", "blockid": "4320N40P07", "division": "05"}, "geometry": {"type": "MultiPolygon", "coordinates": [[[[117.82910746700009, 1.206663017000039], [117.82910006600002, 1.206412857000032], [117.82910003400002, 1.206411783000021], [117.82879379100007, 1.206429325000045], [117.82862369000009, 1.206439068000066], [117.828309052, 1.206222053000033], [117.82812925000007, 1.206068320000043], [117.8280033640001, 1.205878386000052], [117.82776964300001, 1.205751809000049], [117.82766174300002, 1.205598055000053], [117.82764695500009, 1.205574916000046], [117.82749174900005, 1.205332064000061], [117.827616626, 1.205055322000021], [117.82761664100008, 1.205055289000029], [117.82744582400005, 1.204892507000068], [117.82700531300009, 1.204530789000046], [117.82641200800003, 1.204160071000047], [117.82643900200003, 1.204961130000072], [117.82643927700008, 1.205173251000076], [117.82644815100002, 1.205561096000054], [117.82650592800007, 1.208086044000027], [117.8265460670001, 1.209840159000066], [117.82656679000002, 1.210745749000068], [117.82657363300007, 1.210745881000037], [117.82662441000002, 1.210745556000063], [117.82776504300011, 1.210729425000068], [117.82921521500009, 1.210708915000055], [117.82922490600004, 1.210695218000069], [117.82922669100003, 1.210692695000034], [117.82919300700007, 1.209554195000067], [117.8291821140001, 1.209186020000061], [117.82910746700009, 1.206663017000039]]], [[[117.82698731100004, 1.204440331000058], [117.82736461700006, 1.203843158000041], [117.82740056800003, 1.203843147000043], [117.82744548800008, 1.203779809000025], [117.82753534400001, 1.203707411000039], [117.82761620400004, 1.203607877000024], [117.82771503900005, 1.203508337000073], [117.82783356200002, 1.20334090700004], [117.82815523600004, 1.20282972900003], [117.82817315400007, 1.20263975000006], [117.82845169600012, 1.202377322000075], [117.82855942600008, 1.201970205000066], [117.82897278700011, 1.201716781000073], [117.82892786700006, 1.201284015000056], [117.82892771700006, 1.201282572000025], [117.82633025300004, 1.201283363000073], [117.82639374900009, 1.203219258000047], [117.82645691200003, 1.204042455000035], [117.82651085700002, 1.20410576200004], [117.8265108600001, 1.204114809000032], [117.82698731100004, 1.204440331000058]]]]}},
{"type": "Feature", "properties": {"ba_code": "4320", "blockid": "4320O26P06", "division": "03"}, "geometry": {"type": "MultiPolygon", "coordinates": [[[[117.78925209500005, 1.20190662400006], [117.78936880600008, 1.201894842000058], [117.78949427600003, 1.201897742000028], [117.78949149000005, 1.201868408000053], [117.78948981000008, 1.201850715000035], [117.7892288480001, 1.201890927000022], [117.78917586600005, 1.201884327000073], [117.78912345700007, 1.20187942900003], [117.78909041200006, 1.20184195500002], [117.78908265100006, 1.201786797000068], [117.78907860600009, 1.201736466000057], [117.78907644700007, 1.201697259000071], [117.78906076300007, 1.201642351000032], [117.78904996400001, 1.201588344000072], [117.7890345290001, 1.201537125000073], [117.78902283500008, 1.20148731300003], [117.78900997400001, 1.201431544000059], [117.7889999460001, 1.201377426000022], [117.78899836900007, 1.201321515000075], [117.78901792400006, 1.201280947000043], [117.78905889900011, 1.201252222000051], [117.7890976650001, 1.201225713000042], [117.78912957200009, 1.201202587000068], [117.78913574400008, 1.201194462000046], [117.78918503800003, 1.201184620000049], [117.78923478600007, 1.201175447000026], [117.78928739900005, 1.201173589000064], [117.78933569300011, 1.201172025000062], [117.7893873920001, 1.20116930100005], [117.78940045900003, 1.201172448000023], [117.78949357600004, 1.201689909000038], [117.78949500600004, 1.201763668000069], [117.78950501000008, 1.201617049000049], [117.78950727800009, 1.201583806000031], [117.78951164400007, 1.201413152000043], [117.78952610100009, 1.200952058000041], [117.78946193400009, 1.200172579000025], [117.7894706080001, 1.199077961000057], [117.78942548500004, 1.198435679000056], [117.7893800170001, 1.196590225000023], [117.78938407600003, 1.19648113900007], [117.78939785600005, 1.196110760000067], [117.78936167200004, 1.195296593000023], [117.78931672300007, 1.195260421000057], [117.7874923500001, 1.19581277900005], [117.78670150000005, 1.19609344600002], [117.78673745600008, 1.196111528000074], [117.78670156700002, 1.196328653000023], [117.78670170100008, 1.19679906600004], [117.78676536400008, 1.199422509000044], [117.78673865600001, 1.200318112000048], [117.7867837870001, 1.200987533000045], [117.78678406900008, 1.201973593000048], [117.78890519000004, 1.201927745000035], [117.78910036800005, 1.201915478000046], [117.78925209500005, 1.20190662400006]]]]}},
{"type": "Feature", "properties": {"ba_code": "4320", "blockid": "4320M16P06", "division": "01"}, "geometry": {"type": "MultiPolygon", "coordinates": [[[[117.75850080400005, 1.214065882000057], [117.75845841900002, 1.215533222000033], [117.75849514100003, 1.215528171000074], [117.7585028420001, 1.21553473900002], [117.7584581860001, 1.216193671000042], [117.75849009900003, 1.21706071400007], [117.75850347000005, 1.217423979000046], [117.7585040570001, 1.219522761000064], [117.75850428000001, 1.220318851000059], [117.7585356190001, 1.220689812000046], [117.7585493690001, 1.220852580000042], [117.75855514600005, 1.22088160900006], [117.75856737100003, 1.220943040000066], [117.75858538200009, 1.221069686000021], [117.75859432000004, 1.221266378000053], [117.75863031200004, 1.221619888000021], [117.75863045300002, 1.221621274000029], [117.758631648, 1.221621259000074], [117.76139652100005, 1.221584563000022], [117.76139876500008, 1.221584534000044], [117.76137624900002, 1.221421704000022], [117.76135372800002, 1.221240781000063], [117.76138056500008, 1.220788450000043], [117.761425443, 1.220571322000069], [117.76139844400006, 1.220444679000025], [117.76144328200007, 1.22008280700004], [117.76142517400001, 1.219612396000059], [117.76139818400009, 1.21952193900006], [117.76140986100006, 1.219403954000029], [117.76137822400005, 1.219115092000038], [117.76138000300011, 1.218789180000044], [117.76135284800012, 1.218110703000036], [117.76135733700005, 1.217987765000032], [117.76139769200006, 1.217766924000045], [117.76139758300008, 1.21737792600004], [117.76142446800009, 1.217097478000028], [117.76137939600005, 1.21662707400003], [117.76142422200007, 1.216219970000054], [117.76142416100004, 1.216002855000056], [117.76150499900007, 1.21581285600007], [117.7614870110001, 1.215767629000027], [117.76111843900003, 1.215532525000071], [117.76105549700003, 1.21544207900007], [117.76099258200009, 1.215442096000061], [117.76097466200008, 1.215641124000058], [117.76090278100003, 1.215722563000043], [117.76092977000008, 1.215813020000041], [117.76088997400007, 1.215965401000062], [117.76079403800009, 1.215854329000024], [117.76056757000003, 1.215688063000073], [117.76055453300012, 1.215681681000035], [117.76055080000003, 1.21560768300003], [117.76053422100006, 1.215532691000021], [117.76054639800009, 1.215520428000048], [117.76054256300006, 1.215444406000074], [117.76053419300001, 1.215433180000048], [117.76052518300003, 1.215351764000047], [117.76051616900008, 1.215261302000044], [117.76048917500009, 1.215152752000051], [117.76045322100003, 1.215143716000057], [117.76046219600005, 1.215098481000041], [117.76050712100005, 1.215044189000025], [117.76046216800012, 1.214998970000067], [117.76044419000004, 1.214989928000023], [117.76042621400006, 1.214989933000027], [117.76039025400007, 1.214962804000038], [117.76038577400004, 1.214958297000067], [117.76036328300006, 1.214935672000024], [117.76030935000006, 1.214917595000031], [117.76028238100002, 1.21489950900002], [117.76024643700009, 1.214926659000071], [117.75985096200009, 1.214908678000029], [117.75975206900011, 1.214818241000046], [117.759644191, 1.214736854000023], [117.75959492900006, 1.214692255000045], [117.75955779200001, 1.214685031000045], [117.75947338700007, 1.214619298000059], [117.75944640300008, 1.214546934000055], [117.7592935240001, 1.214248443000031], [117.759149578, 1.213750928000024], [117.75901472800001, 1.213642408000055], [117.75890689000005, 1.213705764000053], [117.7588260340001, 1.213832437000065], [117.75876311800005, 1.213832455000045], [117.75870025100005, 1.214004356000032], [117.75859239500005, 1.214004386000056], [117.75850080400005, 1.214065882000057]], [[117.7612089800001, 1.21789362800007], [117.76120901000002, 1.218002186000035], [117.76116407100005, 1.218002199000068], [117.76101128000005, 1.218020335000062], [117.76093037600003, 1.217975126000056], [117.76093041900003, 1.218128916000069], [117.76107423100007, 1.218146968000042], [117.76111917900005, 1.218174094000062], [117.76114615300003, 1.218210273000068], [117.7611012210001, 1.218237425000041], [117.76107426700003, 1.218273618000069], [117.76103831500006, 1.218273629000066], [117.76103832800004, 1.218318861000057], [117.76093050800011, 1.21844554200004], [117.7609305200001, 1.218490775000021], [117.76101144300003, 1.218599309000069], [117.76093055600006, 1.218617425000048], [117.76079579200007, 1.218816486000037], [117.76079582300008, 1.21892504300007], [117.76068799000006, 1.219006492000062], [117.7606880080001, 1.219069818000037], [117.76058017000003, 1.219133174000035], [117.76054417000012, 1.218961301000036], [117.76065199700008, 1.218861759000049], [117.76062499600005, 1.218726070000059], [117.7605620700001, 1.218689902000051], [117.76071485200009, 1.218644626000071], [117.76082269000005, 1.218581270000072], [117.76077768900007, 1.218364167000061], [117.7607597010001, 1.218318940000074], [117.76075964200004, 1.218110871000022], [117.76068768300001, 1.217911869000034], [117.76073262300008, 1.217911857000047], [117.76075956400007, 1.217830431000039], [117.760759516, 1.217658548000031], [117.76060669500009, 1.21756812700005], [117.76053572, 1.217482451000024], [117.76051678500005, 1.217459594000047], [117.7604808100001, 1.217378186000076], [117.76047170400011, 1.217376609000041], [117.76022014600005, 1.217333028000041], [117.76005568500011, 1.217242313000042], [117.75994147600011, 1.217179317000046], [117.7596808080001, 1.217116066000074], [117.75953697700004, 1.217034688000069], [117.75933919400006, 1.216862861000038], [117.75932856800011, 1.21680733200003], [117.75939755200011, 1.216778192000049], [117.75958453200008, 1.216684413000053], [117.75965835200009, 1.216647389000059], [117.75987838100002, 1.216537035000044], [117.75988736900001, 1.216537033000066], [117.75989635700012, 1.21653703000004], [117.75998623900011, 1.216546051000023], [117.75999522200004, 1.21652795600005], [117.760058135, 1.216518891000021], [117.76007611900002, 1.21654602600006], [117.76009410200004, 1.216573160000053], [117.76014175300008, 1.216624712000055], [117.76014804300007, 1.216618377000032], [117.76019298200004, 1.216618364000055], [117.76026488600007, 1.21661834400004], [117.76030082800003, 1.216582148000043], [117.760309806, 1.216545960000076], [117.76036372800002, 1.216527851000023], [117.76038169900005, 1.216509753000025], [117.76045687600003, 1.216526180000074], [117.76047158100005, 1.216518774000065], [117.76049854500002, 1.216518767000025], [117.76051652100011, 1.216518762000021], [117.76054348500008, 1.216518754000049], [117.76057045200002, 1.216527793000068], [117.76067420900006, 1.216448682000021], [117.76066929900003, 1.216455393000047], [117.76071430500008, 1.216690588000063], [117.76075928000012, 1.216817226000046], [117.76075934100004, 1.217034341000044], [117.76086721900003, 1.217115729000056], [117.76086724400011, 1.217206194000028], [117.76093645100002, 1.217391786000064], [117.76094819700006, 1.217423286000042], [117.76093024900001, 1.217522802000076], [117.76101117900009, 1.217658476000054], [117.7610111890001, 1.217694662000042], [117.76107411200007, 1.217721784000048], [117.76111906500012, 1.217767003000063], [117.7611819980001, 1.217830311000057], [117.7612089800001, 1.21789362800007]]]]}},
{"type": "Feature", "properties": {"ba_code": "4320", "blockid": "4320M44P09", "division": "04"}, "geometry": {"type": "MultiPolygon", "coordinates": [[[[117.83981547300004, 1.210615003000044], [117.83980571200004, 1.210470265000026], [117.838071839, 1.210595463000061], [117.83807134300002, 1.210615546000042], [117.83807112000011, 1.210624593000034], [117.8380472120001, 1.211880220000069], [117.83804525900007, 1.216932104000023], [117.83804610300001, 1.216947964000042], [117.83799191700007, 1.219915167000067], [117.83815487400011, 1.219915116000038], [117.83821754200005, 1.219119022000029], [117.83819948000007, 1.218838592000054], [117.83809153400011, 1.218540098000062], [117.83810947000006, 1.218413444000021], [117.83830711500002, 1.218132947000072], [117.83834303300011, 1.218024380000031], [117.83836992900001, 1.217807261000075], [117.83821698600002, 1.217318809000062], [117.83819894900012, 1.21711979600002], [117.83819889600011, 1.216947916000038], [117.83827969400011, 1.216649363000045], [117.83841443200004, 1.216396024000062], [117.83866597000008, 1.216006955000069], [117.83865842800003, 1.215494124000031], [117.83864761000007, 1.214758572000051], [117.83866554600002, 1.214631918000066], [117.83877326900006, 1.214206708000063], [117.83982397700004, 1.211411075000058], [117.8398508570001, 1.211139677000062], [117.83981547300004, 1.210615003000044]]]]}},
{"type": "Feature", "properties": {"ba_code": "4320", "blockid": "4320L21P06", "division": "01"}, "geometry": {"type": "MultiPolygon", "coordinates": [[[[117.7731732850001, 1.230940452000027], [117.77326130300003, 1.230927770000051], [117.77340591000006, 1.230927727000051], [117.77351356000008, 1.230918065000026], [117.77354737100006, 1.230915030000062], [117.77374542200005, 1.230921300000034], [117.77408808000007, 1.230924365000021], [117.77429917600011, 1.230916751000052], [117.77457848400002, 1.230911565000042], [117.77551281600006, 1.230935984000041], [117.7755127910001, 1.230847872000027], [117.77552370300009, 1.23074323700007], [117.77554027300005, 1.230341748000058], [117.77553931900002, 1.230228859000022], [117.77550927100003, 1.230071842000029], [117.77550704400005, 1.230069609000054], [117.77553814800001, 1.229785265000032], [117.77553751700009, 1.229752678000068], [117.77553415900002, 1.229579600000022], [117.77552103500011, 1.229161385000054], [117.77547106000009, 1.228796507000027], [117.7754758430001, 1.228238962000034], [117.77541881200011, 1.226765323000052], [117.77542924700003, 1.222530372000051], [117.77517753000006, 1.222340470000063], [117.77493341900004, 1.222275746000037], [117.77489991000004, 1.222297584000046], [117.77488420700001, 1.222329215000059], [117.7748433700001, 1.222373505000064], [117.77460145500004, 1.22251589800004], [117.77457003500001, 1.222522233000063], [117.77424009600009, 1.222522329000071], [117.77415840200001, 1.222541328000034], [117.77380652200009, 1.222734356000046], [117.77374054200004, 1.222759678000045], [117.773561448, 1.222816659000046], [117.7734860490001, 1.222870446000059], [117.77338237400011, 1.222940056000027], [117.77331641700005, 1.223047609000048], [117.77325988500002, 1.223148832000049], [117.7732504920001, 1.223265855000022], [117.77325317200007, 1.223356694000074], [117.77330837200009, 1.223517050000055], [117.77343440600009, 1.224222636000036], [117.77332661800006, 1.224457875000041], [117.77275150000003, 1.224847039000053], [117.77216735400009, 1.225100509000072], [117.77204159300004, 1.225344799000027], [117.77241023400006, 1.225815107000074], [117.77259914800004, 1.226394025000047], [117.77272505200006, 1.226647289000027], [117.77287799500004, 1.227162892000024], [117.77315678900004, 1.227741783000056], [117.77321977200006, 1.227976972000022], [117.77318390100004, 1.22825742200007], [117.77300425300007, 1.228646472000037], [117.77300432600009, 1.228899772000034], [117.77335504200005, 1.229541968000035], [117.77338405800003, 1.22956272700003], [117.77343887500001, 1.229601944000024], [117.77346294200004, 1.229695726000045], [117.77344857900005, 1.22975072600002], [117.77337316100011, 1.230039517000023], [117.77322046400002, 1.230383326000037], [117.77307672900008, 1.230636668000045], [117.77281617200003, 1.230962416000068], [117.773022394, 1.230953152000041], [117.7731732850001, 1.230940452000027]]], [[[117.77413010400005, 1.222478082000066], [117.77418351600011, 1.222455928000045], [117.77425264600004, 1.222455908000029], [117.774390906, 1.222455868000054], [117.77456059000008, 1.222458981000045], [117.77465170700009, 1.222427327000048], [117.77478680200011, 1.222348219000025], [117.77480878900008, 1.222316586000034], [117.77475860200002, 1.222229395000056], [117.77435956400006, 1.222123593000049], [117.77422515700005, 1.222129043000052], [117.77423382100005, 1.222431208000046], [117.77396418500007, 1.222440333000065], [117.77390301300011, 1.222140618000026], [117.77380231100005, 1.222123754000052], [117.77324504, 1.222060591000059], [117.7729843940001, 1.222078759000055], [117.77281363600002, 1.222124041000029], [117.772813659, 1.222205459000065], [117.77275075200009, 1.222232616000042], [117.77273280400004, 1.222332133000066], [117.77284078900004, 1.222784424000054], [117.77293971900008, 1.223001510000074], [117.7732009230001, 1.223256051000021], [117.77320333500006, 1.223189964000028], [117.77320331800001, 1.223129872000072], [117.77322843600007, 1.223057122000057], [117.77325356100005, 1.223009674000025], [117.77329754000004, 1.22296538300003], [117.7733415130001, 1.222898953000026], [117.77338235000002, 1.222854663000021], [117.77343576100009, 1.222826183000052], [117.77354571900003, 1.222753409000063], [117.77360541700011, 1.222734415000048], [117.77369653900007, 1.222718575000044], [117.77378136900006, 1.222680598000068], [117.773910182, 1.22261098000007], [117.77399814800003, 1.222547700000064], [117.7740892600001, 1.222497070000031], [117.77413010400005, 1.222478082000066]]]]}},
{"type": "Feature", "properties": {"ba_code": "4320", "blockid": "4320K19P11", "division": "01"}, "geometry": {"type": "MultiPolygon", "coordinates": [[[[117.76736514800007, 1.24069647400006], [117.76959227300006, 1.240652103000059], [117.76987554200002, 1.240649003000044], [117.76987561300007, 1.24039992400003], [117.76983487300004, 1.240389685000025], [117.76983486600011, 1.240362546000028], [117.76981674300009, 1.239093677000028], [117.76981651900007, 1.239077955000027], [117.76978957000006, 1.23760962700004], [117.7696992540001, 1.237621511000043], [117.76967698100009, 1.237627123000038], [117.76952754800004, 1.23768403400004], [117.76952849500003, 1.237666793000074], [117.7695207920001, 1.237668088000021], [117.76947994000011, 1.237674953000067], [117.76947456900007, 1.23767585500002], [117.76924988500002, 1.237730200000044], [117.76908811300007, 1.237775479000049], [117.76888140000005, 1.237811725000029], [117.7687375910001, 1.237811767000039], [117.7685578280001, 1.237802773000055], [117.76833313300006, 1.237820932000034], [117.76827024300007, 1.237827499000048], [117.76807248800003, 1.237848147000022], [117.76785677900011, 1.237857256000041], [117.76770399800012, 1.237911580000059], [117.7675422320001, 1.237974952000059], [117.76737147800009, 1.238038327000027], [117.76722768500008, 1.23809264700003], [117.76715743200009, 1.238143082000022], [117.76715579600011, 1.238146947000075], [117.76716478900005, 1.238165037000044], [117.76715581700012, 1.238219319000052], [117.76715584300007, 1.238309783000034], [117.7671558510001, 1.23833692300002], [117.76714693000008, 1.238572133000048], [117.76715171500007, 1.238663128000042], [117.7671559470001, 1.238671641000053], [117.76715596300005, 1.238725920000036], [117.76715596800011, 1.23874401300003], [117.76715597100008, 1.238753060000022], [117.76715600400007, 1.238870663000057], [117.7671470680001, 1.239051595000035], [117.76716507600008, 1.239160147000064], [117.7671471540001, 1.239350128000069], [117.76714362900009, 1.239439490000052], [117.7671382310001, 1.239576292000038], [117.76713825200011, 1.239648664000072], [117.76715628800002, 1.239856727000074], [117.76713838, 1.24009194000007], [117.76714742200011, 1.240281913000047], [117.76715357400008, 1.240374377000023], [117.76716027600003, 1.240513275000069], [117.76716550900005, 1.24069122800006], [117.76725539600011, 1.240689437000071], [117.76729088700006, 1.240688730000045], [117.76736513800006, 1.240687251000054], [117.76736514800007, 1.24069647400006]]], [[[117.76712733300008, 1.232921025000053], [117.76714530400011, 1.232902927000055], [117.76719024400006, 1.232902914000022], [117.767244172, 1.23290289800002], [117.76727112800006, 1.232875751000051], [117.76729808200002, 1.232839557000034], [117.76729807200002, 1.232803372000035], [117.76731603500002, 1.232758134000051], [117.76733400300009, 1.23273099000005], [117.76733183800002, 1.232722286000069], [117.76733399900002, 1.232719022000026], [117.7673267020001, 1.232689677000053], [117.76733398500005, 1.232667664000076], [117.76733397700002, 1.232640525000022], [117.76737890700008, 1.232604326000057], [117.76745979600003, 1.232595256000025], [117.76748674700002, 1.232550016000062], [117.76754066700005, 1.232522861000064], [117.76757660600003, 1.232477618000075], [117.76765749300012, 1.23245950200004], [117.7677024410001, 1.232486628000061], [117.76773840100009, 1.232513757000049], [117.76775638700008, 1.232549938000034], [117.76786424300008, 1.232549907000021], [117.76789119400007, 1.232504666000068], [117.76790017700012, 1.232486571000038], [117.76790916000004, 1.232468475000076], [117.76801698500003, 1.23235988700003], [117.76806055400004, 1.232122700000048], [117.76807984100003, 1.232151800000054], [117.76812479400007, 1.232197019000068], [117.76836751100006, 1.232341692000034], [117.76861022900005, 1.232486365000057], [117.76876461000006, 1.232533749000027], [117.76884666600006, 1.232558935000043], [117.76946416400006, 1.232748464000053], [117.76948554600006, 1.23275628500005], [117.76948609100009, 1.232756513000027], [117.7697844600001, 1.232425030000059], [117.76987792400007, 1.232320710000067], [117.7698777170001, 1.232308971000066], [117.7698779210001, 1.232308743000033], [117.76985575100002, 1.231054517000075], [117.76706991600008, 1.231068303000029], [117.76708157200005, 1.231776330000059], [117.76710037200007, 1.232930079000027], [117.76712733300008, 1.232921025000053]]]]}},
{"type": "Feature", "properties": {"ba_code": "4320", "blockid": "4320M40BP07", "division": "05"}, "geometry": {"type": "MultiPolygon", "coordinates": [[[[117.82925889800003, 1.215260879000027], [117.82920922400001, 1.21081730700007], [117.82913781000002, 1.210818314000051], [117.82913778400007, 1.210818351000057], [117.82913771500012, 1.210818448000055], [117.82791062500007, 1.21083562900003], [117.82791060200009, 1.210835612000039], [117.82658479800011, 1.210854299000061], [117.826566823, 1.210854305000055], [117.82661201400003, 1.213012416000026], [117.82921256800012, 1.215276439000036], [117.82925889800003, 1.215260879000027]]]]}},
{"type": "Feature", "properties": {"ba_code": "4320", "blockid": "4320O27P05", "division": "03"}, "geometry": {"type": "MultiPolygon", "coordinates": [[[[117.78959725000004, 1.201909451000063], [117.78977837800005, 1.201885409000056], [117.7897914130001, 1.201883679000048], [117.78982015400004, 1.201879864000034], [117.7897958210001, 1.201855726000076], [117.7897793200001, 1.201835996000057], [117.78976421100003, 1.201782792000074], [117.78974329100004, 1.201727267000024], [117.78970929200011, 1.201684963000048], [117.78966690800007, 1.201662631000033], [117.78962553500003, 1.201652215000024], [117.78960434600003, 1.20153218400003], [117.78960054600009, 1.201474764000068], [117.78959282800008, 1.201161250000041], [117.78959185200006, 1.201119814000037], [117.78958950100002, 1.201067672000022], [117.78958638900008, 1.201013139000054], [117.78958267900009, 1.200963389000037], [117.78968093800006, 1.201003411000045], [117.78973280000002, 1.200989077000031], [117.78978154800006, 1.200964913000064], [117.78983152600006, 1.200962599000036], [117.78988326800004, 1.200959921000049], [117.78993306100006, 1.200950758000033], [117.78997906400002, 1.200953613000024], [117.79000542100005, 1.200993436000033], [117.79001661400002, 1.201034016000051], [117.7900394180001, 1.201083848000053], [117.7900643700001, 1.201132302000076], [117.79008995000004, 1.201178579000043], [117.7901137130001, 1.201223844000026], [117.79014004700002, 1.201263228000073], [117.79017152300003, 1.201305562000073], [117.7901969620001, 1.201352974000031], [117.79022302200008, 1.201402164000058], [117.79024673200001, 1.201451767000037], [117.79027857300002, 1.201475027000072], [117.790299204, 1.201509844000043], [117.79030200700004, 1.20153338700004], [117.79031029200007, 1.201559469000074], [117.79033482400007, 1.201596468000048], [117.79035781300001, 1.201636547000021], [117.79037641000002, 1.201683057000025], [117.79039006500011, 1.20172752700006], [117.79039836800007, 1.201762104000068], [117.79039961700005, 1.201775131000034], [117.7903615240001, 1.201797050000039], [117.79031317700003, 1.201811677000023], [117.79027362900001, 1.20182892400004], [117.79025062800008, 1.201853376000031], [117.79020930900003, 1.201858854000022], [117.79036725100002, 1.201855780000074], [117.79088249400002, 1.201845751000064], [117.79125100100009, 1.201863737000053], [117.79143973300006, 1.201818450000076], [117.79233851300012, 1.201800095000067], [117.79236476100004, 1.201598860000047], [117.79238289000011, 1.201459869000075], [117.7923833530001, 1.201456318000055], [117.79231316300002, 1.200716795000062], [117.79227517100003, 1.200316503000067], [117.79227511600004, 1.200126529000045], [117.79232003200002, 1.200045098000032], [117.79231993300004, 1.199701334000054], [117.79216816100006, 1.19560149900002], [117.7921296720001, 1.194418290000044], [117.79210269600003, 1.194373066000026], [117.79077262200008, 1.194807679000064], [117.79004467000004, 1.195025003000069], [117.78942456900006, 1.195233250000058], [117.78943605100005, 1.195908509000049], [117.78944628600004, 1.196113355000023], [117.7894361860001, 1.196379662000027], [117.78943624800002, 1.196594753000056], [117.78950642400002, 1.198607537000044], [117.78951835700002, 1.199042674000054], [117.78950671700011, 1.199629782000045], [117.78950680800006, 1.199657448000039], [117.78953373800005, 1.19982879500003], [117.78953913500004, 1.200527823000073], [117.78956979600002, 1.200988724000069], [117.7895504280001, 1.201428123000028], [117.78954605600006, 1.201583919000029], [117.789534322, 1.201864237000052], [117.78955231100008, 1.201909464000039], [117.789577097, 1.201906535000035], [117.78959725000004, 1.201909451000063]]]]}},
{"type": "Feature", "properties": {"ba_code": "4320", "blockid": "4320N35P07", "division": "05"}, "geometry": {"type": "MultiPolygon", "coordinates": [[[[117.81491689000006, 1.205059142000039], [117.81485353700009, 1.203584606000049], [117.81482717200004, 1.203460950000022], [117.81482653600006, 1.203457965000041], [117.8147430460001, 1.203394979000052], [117.81464675600012, 1.203376602000048], [117.81465675000004, 1.203333792000024], [117.81463775200007, 1.203322327000024], [117.81484999800011, 1.202288233000047], [117.81478995400005, 1.20227353100006], [117.81397925500005, 1.202075024000067], [117.81386449000001, 1.202273182000056], [117.81373869300012, 1.202381776000038], [117.8136668410001, 1.202553678000072], [117.81369382900004, 1.202635087000033], [117.81364892200008, 1.202743657000042], [117.8135231440001, 1.20291557500002], [117.81348724300005, 1.203002372000071], [117.81347823700003, 1.203024145000029], [117.81324453000002, 1.202942798000038], [117.81302902300001, 1.203621339000051], [117.81302906400003, 1.203757035000024], [117.81309199700001, 1.20382034000005], [117.81307404000006, 1.203883670000039], [117.81296417200008, 1.203898448000075], [117.81295721200001, 1.203928937000057], [117.812888928, 1.203907660000027], [117.81270555300011, 1.20392901300005], [117.81209060000003, 1.203731866000055], [117.81208533600011, 1.203730179000047], [117.81228314500004, 1.207220327000073], [117.8124919170001, 1.210903819000066], [117.81508939100001, 1.210875895000072], [117.81499961300005, 1.207848610000042], [117.81491689000006, 1.205059142000039]]]]}},
{"type": "Feature", "properties": {"ba_code": "4320", "blockid": "4320M25P05", "division": "02"}, "geometry": {"type": "MultiPolygon", "coordinates": [[[[117.78669123600002, 1.221189228000071], [117.78728518300011, 1.221133354000074], [117.78730351400009, 1.220739748000028], [117.78727461300002, 1.21999390700006], [117.78730147700003, 1.219650135000052], [117.78729563700006, 1.219024243000035], [117.78728822200003, 1.218897996000067], [117.78721125100003, 1.218456035000031], [117.78716603600003, 1.21750617500004], [117.78719231900004, 1.21698290300003], [117.78710212700003, 1.214077603000021], [117.78700544800006, 1.211672471000043], [117.7856903280001, 1.21165357700005], [117.78511628600006, 1.21169819000005], [117.7848724480001, 1.211717140000076], [117.7843781140001, 1.211717284000031], [117.78425228800006, 1.211735414000032], [117.78418940400002, 1.211843989000045], [117.78420783000001, 1.213409014000035], [117.78429877400004, 1.217099927000049], [117.78429893600003, 1.217660805000037], [117.7843350600001, 1.218257858000072], [117.78431746400008, 1.219569595000053], [117.78438084600009, 1.221179839000058], [117.78536951800004, 1.221179548000066], [117.78577396700007, 1.22115229000002], [117.78603462400008, 1.221179352000036], [117.78669123600002, 1.221189228000071]]]]}},
{"type": "Feature", "properties": {"ba_code": "4320", "blockid": "4320Q33AP07", "division": "05"}, "geometry": {"type": "MultiPolygon", "coordinates": [[[[117.80784210000002, 1.182841986000028], [117.80871460800006, 1.182807064000031], [117.80882317400005, 1.182818025000074], [117.80883177400005, 1.182818605000023], [117.8088423590001, 1.182791949000034], [117.8088436060001, 1.182788808000055], [117.80853796000008, 1.182571784000061], [117.80791764500009, 1.182020137000052], [117.80774679700005, 1.18173975000002], [117.80703630100004, 1.180129704000024], [117.80701830700002, 1.180066384000042], [117.80692514500004, 1.179918011000041], [117.80691040400006, 1.179894535000074], [117.80675757600011, 1.179767930000025], [117.80655084500006, 1.179722758000025], [117.80632113200011, 1.179743845000075], [117.80592170000011, 1.179713896000067], [117.80592184800003, 1.179719267000053], [117.8059560700001, 1.180968979000056], [117.80597620000003, 1.181704082000067], [117.80596757, 1.182943438000052], [117.807549386, 1.182843465000076], [117.80784210000002, 1.182841986000028]]]]}},
{"type": "Feature", "properties": {"ba_code": "4320", "blockid": "4320O28P05", "division": "03"}, "geometry": {"type": "MultiPolygon", "coordinates": [[[[117.7950236150001, 1.193947036000054], [117.79497844200012, 1.193132873000025], [117.79500535600005, 1.192960984000024], [117.79516648900005, 1.19253040600006], [117.79511185100012, 1.192587801000059], [117.79489747100001, 1.192852459000051], [117.79469980200008, 1.193069630000025], [117.79461892900008, 1.193132978000051], [117.79425054100011, 1.193522080000037], [117.79406900400011, 1.193657729000051], [117.7940529010001, 1.193674475000023], [117.79405029000009, 1.193671712000025], [117.79397197800006, 1.193730228000049], [117.79379560200005, 1.193802143000028], [117.79373832600004, 1.193838853000045], [117.79341480900007, 1.193992736000041], [117.79278571300006, 1.194173846000069], [117.79221054400011, 1.194354941000029], [117.79219261300011, 1.194508736000046], [117.79221090200008, 1.195603345000052], [117.79227403700008, 1.19637227100003], [117.79231948800009, 1.198154400000021], [117.7923828160001, 1.199592759000041], [117.7923650570001, 1.200343616000055], [117.79242804500007, 1.200596897000025], [117.79244128300002, 1.200792955000054], [117.79245461800008, 1.200881539000022], [117.79245467200008, 1.201068822000025], [117.79246890400009, 1.201202030000047], [117.79250914600004, 1.201798033000046], [117.79251073600005, 1.201800044000038], [117.79264410000008, 1.201800005000052], [117.79394731900004, 1.20173630000005], [117.79519661600011, 1.201690702000064], [117.79524151800001, 1.201564039000061], [117.79525925300004, 1.200731766000047], [117.79519599100001, 1.199528613000041], [117.79521380500012, 1.198967731000039], [117.79515062400003, 1.198045017000027], [117.79510538700004, 1.197013741000035], [117.79508731300007, 1.196669983000049], [117.79507296700001, 1.196371456000065], [117.79506161600011, 1.196135238000068], [117.79504210300001, 1.195729171000039], [117.79504193600008, 1.195150202000036], [117.79500581900004, 1.194571243000041], [117.7950236150001, 1.193947036000054]]]]}},
{"type": "Feature", "properties": {"ba_code": "4320", "blockid": "4320M35BP07", "division": "05"}, "geometry": {"type": "MultiPolygon", "coordinates": [[[[117.81255817300007, 1.212952045000065], [117.81325298600007, 1.213064098000075], [117.81520227300007, 1.213378459000069], [117.81508941800007, 1.210966359000054], [117.81250992200012, 1.211003323000057], [117.81255331200009, 1.212755740000034], [117.81255697800009, 1.212903779000044], [117.81255817300007, 1.212952045000065]]]]}},
{"type": "Feature", "properties": {"ba_code": "4320", "blockid": "4320O37AP08", "division": "05"}, "geometry": {"type": "MultiPolygon", "coordinates": [[[[117.8203910420001, 1.201353066000024], [117.82038821000003, 1.198317966000047], [117.82026265000002, 1.198417513000038], [117.82025366200003, 1.198417516000063], [117.82007392600008, 1.198480894000056], [117.81985823000002, 1.198517145000039], [117.81963354100003, 1.198535305000064], [117.81945376400006, 1.198462989000063], [117.81942679800011, 1.198453950000044], [117.81937286100003, 1.198417781000046], [117.81923802500012, 1.198354497000025], [117.81912120600009, 1.198426903000041], [117.81908526000007, 1.198445007000032], [117.818950459, 1.198499325000057], [117.81894149000004, 1.198562653000067], [117.818941504, 1.198607884000069], [117.8189415060001, 1.198616931000061], [117.81909432300006, 1.198698302000025], [117.81930104700007, 1.19871633200006], [117.81938196100009, 1.19879772500002], [117.81939095400003, 1.198815815000046], [117.81938202000003, 1.198996744000056], [117.81939101400008, 1.199014834000025], [117.81936406400007, 1.199060074000045], [117.81927421500006, 1.199159611000027], [117.8191214740001, 1.199331538000024], [117.81892376200005, 1.199394922000067], [117.81869006900001, 1.199358807000067], [117.81851928000003, 1.199286487000052], [117.81834852000009, 1.199313678000067], [117.8181778170001, 1.199530841000069], [117.8179744360001, 1.199656898000057], [117.81797585200002, 1.200060001000054], [117.81810135400008, 1.200090584000066], [117.8181510170001, 1.200082676000022], [117.81816802700007, 1.200106832000074], [117.8183038740001, 1.200299743000073], [117.8185195860001, 1.200317770000026], [117.81864543400002, 1.200381057000072], [117.81871699800001, 1.200254917000052], [117.81882236600006, 1.200266284000065], [117.81920286200011, 1.200307332000023], [117.81921505700006, 1.200309023000045], [117.82024528300008, 1.200461992000044], [117.82015452700011, 1.20074012300006], [117.8200297730001, 1.201122440000063], [117.82004778900011, 1.201258129000053], [117.82005240400008, 1.201261740000064], [117.82012869800008, 1.201321429000075], [117.82015566700011, 1.20133951400004], [117.82034441600001, 1.201357549000022], [117.8203910420001, 1.201353066000024]]]]}},
{"type": "Feature", "properties": {"ba_code": "4320", "blockid": "4320M20P06", "division": "01"}, "geometry": {"type": "MultiPolygon", "coordinates": [[[[117.77238830700003, 1.21194691200003], [117.77236268000001, 1.211826705000021], [117.77220393200002, 1.211825153000063], [117.7705188010001, 1.211884123000061], [117.77041093300011, 1.211838922000027], [117.77011433100006, 1.211839007000037], [117.76996154400001, 1.211866190000023], [117.7696396660001, 1.211884281000039], [117.76962002100004, 1.211929613000052], [117.76968299000009, 1.212119570000027], [117.7697908450001, 1.212119539000071], [117.76991669400002, 1.212182828000039], [117.7700695320001, 1.212336574000062], [117.77024033900011, 1.212463176000028], [117.77042917200004, 1.212770701000068], [117.770779822, 1.21319578400005], [117.77099563400009, 1.213557580000042], [117.7711844910001, 1.213946523000061], [117.77165211200008, 1.214823894000062], [117.77178696700003, 1.214950506000037], [117.77208369200002, 1.215384650000033], [117.77236326200011, 1.215478356000062], [117.77236320200007, 1.215267708000056], [117.77237263200004, 1.214020277000031], [117.77238830700003, 1.21194691200003]]]]}},
{"type": "Feature", "properties": {"ba_code": "4320", "blockid": "4320N21P05", "division": "03"}, "geometry": {"type": "MultiPolygon", "coordinates": [[[[117.77275677300008, 1.211811110000042], [117.77288259900001, 1.211792981000031], [117.77289158700012, 1.211792978000062], [117.77290956000002, 1.211783927000056], [117.77291855100009, 1.211792971000023], [117.77292753900008, 1.211792968000054], [117.77293652700007, 1.211792966000075], [117.77300842500006, 1.211774852000076], [117.77306235500009, 1.211783883000066], [117.77308033100007, 1.211783878000062], [117.77327806500011, 1.21178382100004], [117.77336794200005, 1.211774749000028], [117.77340389300002, 1.211774738000031], [117.77341108900009, 1.211767491000046], [117.77341287900003, 1.21176568900006], [117.7735027550001, 1.211756617000049], [117.773583647, 1.211756594000065], [117.77359263400001, 1.211756591000039], [117.77368251400003, 1.21175656500003], [117.7737158870001, 1.211762154000041], [117.7737903740001, 1.211774627000068], [117.77385328700007, 1.211765563000029], [117.77392723300011, 1.211758453000073], [117.77404202800005, 1.211747416000037], [117.77417684400007, 1.21173833000006], [117.77425773300001, 1.211729261000073], [117.77429368700007, 1.211738297000068], [117.77433862700002, 1.211738284000035], [117.77457041200012, 1.21174719000004], [117.77457359100003, 1.211747134000063], [117.7750913650001, 1.211738067000056], [117.77517450300002, 1.211738043000025], [117.77518061100011, 1.211736504000044], [117.77521045200001, 1.211728986000026], [117.77518348300009, 1.21171090100006], [117.77518779500008, 1.211702216000049], [117.77521803200011, 1.211641303000022], [117.77521941400005, 1.211638519000076], [117.77521040600004, 1.211566151000056], [117.77521037000008, 1.21143950000004], [117.77520133000007, 1.211258574000055], [117.77520131500012, 1.211204296000062], [117.77520129200002, 1.211122878000026], [117.77520125100011, 1.210978135000062], [117.77519217800011, 1.210679605000053], [117.7751885020001, 1.210621969000044], [117.77517504100001, 1.210410925000076], [117.77516772800004, 1.210296268000036], [117.77515480600005, 1.210093671000038], [117.7751535750001, 1.210074362000057], [117.77506448400004, 1.208677549000072], [117.77503870100008, 1.208273296000073], [117.77504768600011, 1.208264247000045], [117.77504767800008, 1.208237107000059], [117.77505665900003, 1.208209965000037], [117.77508352200005, 1.207857146000038], [117.77510139800006, 1.207504330000063], [117.77509231300007, 1.207160568000063], [117.7750832690001, 1.206961549000027], [117.77508320200002, 1.206726341000035], [117.77507418400012, 1.206617787000027], [117.77508314600004, 1.206527320000021], [117.77510105500005, 1.206292107000024], [117.77506504200005, 1.206075003000024], [117.77505597000004, 1.205776473000071], [117.77505590300007, 1.205541266000068], [117.77506481400007, 1.205269870000052], [117.77506173800009, 1.205226694000032], [117.77506165600005, 1.205226237000034], [117.77505765100011, 1.205173787000035], [117.77505511000004, 1.205133708000062], [117.77504676700005, 1.205016575000059], [117.77503771500005, 1.204790416000037], [117.77503770200008, 1.204745184000046], [117.77502864300004, 1.204491886000028], [117.77502861200003, 1.204383329000052], [117.77501960600011, 1.204320006000046], [117.7750195530001, 1.204130031000034], [117.77501947600001, 1.203858638000042], [117.77502838700002, 1.203587242000026], [117.77500134500008, 1.203306810000072], [117.77500125000006, 1.202972092000039], [117.77500121900005, 1.202863535000063], [117.77499219600008, 1.202736887000071], [117.7749831750001, 1.202619286000072], [117.77497414600009, 1.20247454500003], [117.7749741130001, 1.202356942000051], [117.77492018300006, 1.202347911000061], [117.77462358800005, 1.202366088000076], [117.7745786480001, 1.202366101000052], [117.77440787600005, 1.202357103000054], [117.77429103600002, 1.202366183000038], [117.77424609400009, 1.202357150000068], [117.77402139900005, 1.202366260000076], [117.77377872400007, 1.202357283000026], [117.7735180730001, 1.202348311000037], [117.77350908500011, 1.202348313000073], [117.77341920300012, 1.202339293000023], [117.77340122800001, 1.202339298000027], [117.77339224000002, 1.202339300000062], [117.77325742100004, 1.202339339000048], [117.77305968500002, 1.202330349000022], [117.7728439760001, 1.202330410000059], [117.7725383930001, 1.202348590000042], [117.77231369800006, 1.20235770000005], [117.77226877900011, 1.20243008500006], [117.77227779000009, 1.202511500000071], [117.77228682100008, 1.202665287000059], [117.77228686100011, 1.202810030000023], [117.77229587700003, 1.202909539000075], [117.77229592300012, 1.203072375000033], [117.772295933, 1.203108561000022], [117.772305, 1.203388998000037], [117.77231400300002, 1.203443274000051], [117.77230504300007, 1.20354278700006], [117.77230505600005, 1.203588020000041], [117.77230506600006, 1.20362420500004], [117.772314133, 1.203904643000044], [117.77232316900006, 1.204076523000026], [117.77232318200004, 1.204121755000074], [117.7723231870001, 1.204139848000068], [117.77233221100005, 1.20426649500007], [117.77234127500003, 1.204537886000026], [117.772341288, 1.204583118000073], [117.77234131300008, 1.204673583000044], [117.77233241400006, 1.204990211000052], [117.77233246000003, 1.205153047000067], [117.77234148100001, 1.205270648000067], [117.77235952600006, 1.205514897000057], [117.77235953600007, 1.205551083000046], [117.7723685850001, 1.205768195000076], [117.77235967400009, 1.206039591000035], [117.7723687130001, 1.206220518000066], [117.77239573000008, 1.206410485000049], [117.77239575800002, 1.206509996000023], [117.7723778410001, 1.206718069000033], [117.77239589800001, 1.207007551000061], [117.77237794300004, 1.207079927000052], [117.77237800900002, 1.207315135000044], [117.77236906200005, 1.207459881000034], [117.7723691010001, 1.207595577000063], [117.77236918000006, 1.207876017000046], [117.77236919300003, 1.207921249000037], [117.77236921000008, 1.207984574000022], [117.77238722200002, 1.208111220000035], [117.77238727600002, 1.208301195000047], [117.77238733700005, 1.208518310000045], [117.77238737500011, 1.208654006000074], [117.77239641400001, 1.208834933000048], [117.77239644500003, 1.208943490000024], [117.77239646500004, 1.209015862000058], [117.77238748800005, 1.209052050000025], [117.77241465600002, 1.209775758000035], [117.7724146590001, 1.209784804000037], [117.77241466100008, 1.209793851000029], [117.77241470000001, 1.209929547000058], [117.77242373900003, 1.210110474000032], [117.77242382300005, 1.21040900600002], [117.77243282100005, 1.21044519000003], [117.77244183000005, 1.210517559000039], [117.77243472300006, 1.210562325000069], [117.77243723400011, 1.210612581000021], [117.7724372670001, 1.210730684000055], [117.77243234500008, 1.210981968000056], [117.77241990000005, 1.211112639000021], [117.77242243800004, 1.211260895000066], [117.77241745300012, 1.211291051000046], [117.77243261800004, 1.211321056000031], [117.77243100300007, 1.211347656000044], [117.77242822100004, 1.211384194000061], [117.77242684200007, 1.211447432000057], [117.77242965100004, 1.211503643000071], [117.77242548000004, 1.211565476000033], [117.77242130700006, 1.211621688000037], [117.77241992800009, 1.211680710000053], [117.77241854300007, 1.21172146400005], [117.77241576900008, 1.211787512000058], [117.77253165400009, 1.211791695000045], [117.77272153900003, 1.211804288000053], [117.7727387970001, 1.211811115000046], [117.77274778300011, 1.211802066000075], [117.77275677300008, 1.211811110000042]]]]}},
{"type": "Feature", "properties": {"ba_code": "4320", "blockid": "4320O20P06", "division": "03"}, "geometry": {"type": "MultiPolygon", "coordinates": [[[[117.76999599700002, 1.202305455000044], [117.77017433600008, 1.202297668000028], [117.77017401800003, 1.202298365000047], [117.7705290880001, 1.202298264000035], [117.77223278400004, 1.202276305000055], [117.77221111600011, 1.202143636000073], [117.77219596000009, 1.201764744000059], [117.772195914, 1.20160119600007], [117.77218375200005, 1.201152957000033], [117.77217768300011, 1.200971238000022], [117.77217162400007, 1.200825864000024], [117.77215591000004, 1.200535524000031], [117.77215336800009, 1.200535480000042], [117.771694851, 1.200621550000051], [117.77158590300007, 1.200655163000022], [117.77155256700007, 1.200710102000073], [117.7713368960001, 1.200776067000049], [117.77057819600009, 1.201012761000072], [117.77047325100011, 1.20099857200006], [117.77037790500003, 1.20098568100002], [117.77026236400002, 1.201008974000047], [117.76998508500003, 1.201140861000056], [117.76998256200011, 1.201150183000038], [117.76995045700005, 1.201268801000026], [117.76977714400005, 1.201303741000061], [117.76968472500005, 1.201373548000049], [117.76948444700008, 1.201392988000066], [117.76927553100006, 1.201435825000033], [117.76930732000005, 1.201559736000036], [117.76934204300005, 1.201769068000033], [117.76935666800011, 1.202313308000043], [117.76947730100005, 1.202334700000051], [117.76949149900008, 1.202358502000038], [117.76984904400001, 1.202316629000052], [117.769956793, 1.202308561000052], [117.76998216000004, 1.202306233000058], [117.76999599700002, 1.202305455000044]]]]}},
{"type": "Feature", "properties": {"ba_code": "4320", "blockid": "4320L24P05", "division": "02"}, "geometry": {"type": "MultiPolygon", "coordinates": [[[[117.78425522700002, 1.22126017000005], [117.78350004000004, 1.221216283000047], [117.78150473200003, 1.221262100000047], [117.78150494400006, 1.221994860000052], [117.78139402800002, 1.224297205000028], [117.78127265300009, 1.22681667300003], [117.78135407000002, 1.228625934000036], [117.78130944000009, 1.22969342600004], [117.78135378600007, 1.230442207000067], [117.78137684700005, 1.230713999000045], [117.78138260900005, 1.230767971000034], [117.78139412200005, 1.230843146000041], [117.78152016000001, 1.230830772000047], [117.78410501500002, 1.230787218000046], [117.78416725500006, 1.228471316000025], [117.78416683600005, 1.227032935000068], [117.78429178100009, 1.223984255000062], [117.78429171200003, 1.223749048000059], [117.78418361000001, 1.222898716000032], [117.78418353400002, 1.222636370000032], [117.784255314, 1.222211167000069], [117.78427305900004, 1.221415077000074], [117.78425559700008, 1.221267092000062], [117.78425522700002, 1.22126017000005]]]]}},
{"type": "Feature", "properties": {"ba_code": "4320", "blockid": "4320M37AP05", "division": "04"}, "geometry": {"type": "MultiPolygon", "coordinates": [[[[117.81999786000006, 1.214592452000034], [117.820087725, 1.214547192000055], [117.82010570000011, 1.214547187000051], [117.82064483300007, 1.214094705000036], [117.82082971600005, 1.21422225200007], [117.8208279050001, 1.210933476000037], [117.81817130500008, 1.210965019000071], [117.81817129900003, 1.210967623000045], [117.8181722600001, 1.211028748000047], [117.81817311000009, 1.213859140000068], [117.81817316700005, 1.21405022700003], [117.8183080120001, 1.214140650000047], [117.81831562700006, 1.214139841000076], [117.81834907400003, 1.21413044600007], [117.81837266100001, 1.214110085000073], [117.818494428, 1.214089620000038], [117.81852338800002, 1.214081486000055], [117.81852801000002, 1.21408397600004], [117.81854387100009, 1.21408131000004], [117.81860622400006, 1.214126109000063], [117.81869778900011, 1.214175435000072], [117.81870805100004, 1.21418281800004], [117.8187679890001, 1.214198586000066], [117.81944054900009, 1.214375509000035], [117.8197821440001, 1.214565378000032], [117.81999786000006, 1.214592452000034]]]]}},
{"type": "Feature", "properties": {"ba_code": "4320", "blockid": "4320Q32BP08", "division": "06"}, "geometry": {"type": "MultiPolygon", "coordinates": [[[[117.80457188500009, 1.173942699000065], [117.80457455600003, 1.173942659000033], [117.80312485700006, 1.173934072000065], [117.80309825100005, 1.173933953000073], [117.80309825200004, 1.173936874000049], [117.80309809900007, 1.173957760000064], [117.80310612500011, 1.17418213600007], [117.80310695900005, 1.174205468000025], [117.80311606600003, 1.174621599000034], [117.80311260700012, 1.174665273000073], [117.80309815500004, 1.174847764000049], [117.80313435700009, 1.175725253000053], [117.80313435900007, 1.175734299000055], [117.80311992500003, 1.175735051000061], [117.80316211200011, 1.178493437000043], [117.80317110700003, 1.178520574000061], [117.80317111000011, 1.178529620000063], [117.80320705100007, 1.178493424000067], [117.8032070270001, 1.17841200700002], [117.803251896, 1.178167741000038], [117.80329682700005, 1.178140589000066], [117.80371928500006, 1.178258070000027], [117.80373726300002, 1.178267111000025], [117.80401589600001, 1.17831226200002], [117.80409677500006, 1.178276053000047], [117.80410576300005, 1.178276050000022], [117.80412084500006, 1.178274528000031], [117.80415070400011, 1.178285083000048], [117.80415907200006, 1.178314528000044], [117.80416869800001, 1.17834840300003], [117.8041776880001, 1.178357447000053], [117.80460914700006, 1.178520156000047], [117.80461813400007, 1.178520153000022], [117.80501365700002, 1.178737151000064], [117.80517545000009, 1.17878233600004], [117.80518444000006, 1.178791380000064], [117.80555295600004, 1.178854597000054], [117.80549896200012, 1.178619407000042], [117.8054449760001, 1.178411356000026], [117.80561572200008, 1.178338936000046], [117.80562471000007, 1.17833893300002], [117.80572361400004, 1.178474600000072], [117.80572361600002, 1.178483646000075], [117.80576853900004, 1.178429355000048], [117.80573755400007, 1.178164920000029], [117.80573250000009, 1.178121789000045], [117.80582235400004, 1.178040345000056], [117.80582183600006, 1.177982741000051], [117.80581355600009, 1.17706302800002], [117.80581307000011, 1.177009061000035], [117.80578609400004, 1.176963837000073], [117.80579160800005, 1.17694547900004], [117.80585315700012, 1.176740560000042], [117.80586417000006, 1.176711864000026], [117.80587566500003, 1.175896339000076], [117.80588459100011, 1.175679223000031], [117.80586630900007, 1.174611756000047], [117.8058122220001, 1.174050897000029], [117.80581220400006, 1.173987572000044], [117.80580321600007, 1.173987575000069], [117.80580319800004, 1.173924250000027], [117.80457455600003, 1.173942659000033], [117.80458087200009, 1.17394269700003], [117.80457188500009, 1.173942699000065]]]]}},
{"type": "Feature", "properties": {"ba_code": "4320", "blockid": "4320L28P06", "division": "02"}, "geometry": {"type": "MultiPolygon", "coordinates": [[[[117.79335356800004, 1.23062163000003], [117.7950252920001, 1.230512572000066], [117.79596902500009, 1.230512289000046], [117.79598690500006, 1.230186613000058], [117.7959685300001, 1.228838706000033], [117.79588156600005, 1.227107164000074], [117.79590823700005, 1.226640791000023], [117.79589722100002, 1.226202510000064], [117.79588614700003, 1.225567001000059], [117.79583090800008, 1.22282774200005], [117.79587426600006, 1.222192217000043], [117.79583053400006, 1.221556718000045], [117.79586306700003, 1.221129381000026], [117.7948434110001, 1.221113421000041], [117.79385999200008, 1.22111902000006], [117.79324291500006, 1.221113897000066], [117.79330637700002, 1.222977436000065], [117.79326216100003, 1.224231017000022], [117.79332780400011, 1.22533766600003], [117.79332548200011, 1.226817987000061], [117.79332562200011, 1.227292563000049], [117.79334044100005, 1.227587157000073], [117.7933256120001, 1.227870233000033], [117.7933083050001, 1.229527029000053], [117.79335356800004, 1.23062163000003]]]]}},
{"type": "Feature", "properties": {"ba_code": "4320", "blockid": "4320R34P09", "division": "06"}, "geometry": {"type": "MultiPolygon", "coordinates": [[[[117.80886789200008, 1.173507226000027], [117.80898469400006, 1.173371497000062], [117.80900266900005, 1.173371492000058], [117.80902063100007, 1.173326255000063], [117.80902961400011, 1.173308159000044], [117.80905657500011, 1.173299105000069], [117.80906556000002, 1.173290056000042], [117.8092273310001, 1.17326287000003], [117.80927226400001, 1.17324476400006], [117.80930821000004, 1.173226661000058], [117.80933517000005, 1.173217607000026], [117.80932618000008, 1.17320856300006], [117.80950591600003, 1.173145186000056], [117.80955984000002, 1.173136124000052], [117.8096317290001, 1.173090871000056], [117.80965869200008, 1.173090863000027], [117.8096946500001, 1.173117992000073], [117.80969466300007, 1.173163224000064], [117.80970365400003, 1.173172267000041], [117.80971264400011, 1.173181311000064], [117.80959582700007, 1.173262763000025], [117.80956886900003, 1.173280863000059], [117.8095239380001, 1.173308015000032], [117.80952394100007, 1.173317062000024], [117.80943409800011, 1.173434691000068], [117.80942511, 1.173434693000047], [117.8093352410001, 1.173461858000053], [117.80927232700003, 1.173461877000022], [117.80920942800003, 1.173516173000053], [117.80920207200006, 1.173538406000034], [117.80920050100008, 1.173543305000067], [117.80964082300011, 1.173461769000028], [117.81006322700011, 1.173398322000025], [117.8100722150001, 1.173398319000057], [117.81062044500004, 1.173325788000056], [117.81071031700003, 1.173307670000042], [117.81071930500002, 1.173307667000074], [117.81072829200002, 1.173307664000049], [117.81111474600004, 1.173244227000055], [117.8113214550001, 1.173217028000067], [117.81133943100008, 1.173217022000074], [117.81138436700007, 1.173207963000038], [117.81138435900004, 1.173180824000042], [117.81138433300009, 1.17309036000006], [117.81138433000001, 1.173081314000058], [117.81139313000006, 1.172429973000021], [117.8114020920001, 1.172339507000061], [117.81140208900001, 1.172330460000069], [117.81139304200008, 1.172122397000066], [117.81139303900011, 1.172113350000075], [117.81138402500005, 1.172022889000061], [117.81138400700002, 1.171959565000066], [117.81138400500004, 1.171950519000063], [117.81139299000006, 1.171941470000036], [117.81140194400007, 1.171823864000032], [117.81141092900009, 1.171814815000062], [117.8113929220001, 1.171706264000022], [117.81139291900001, 1.17169721800002], [117.81140190400004, 1.171688169000049], [117.811392726, 1.17067725000004], [117.81139289400005, 1.170677297000054], [117.8114126160001, 1.170641240000066], [117.81140158200003, 1.170566420000057], [117.81141942200009, 1.170096004000072], [117.81138533300009, 1.169905970000059], [117.8114281600001, 1.169227550000073], [117.81141001900005, 1.168648588000053], [117.81140995600003, 1.168431476000023], [117.8114189470001, 1.168440519000058], [117.8114366420001, 1.167463507000036], [117.81136465200007, 1.16715595200003], [117.81135566400008, 1.167155954000066], [117.81140936800011, 1.166377951000072], [117.81141815300009, 1.165672332000042], [117.81140010800004, 1.16542808600002], [117.81140909600003, 1.165428083000052], [117.81139998600008, 1.16500290700003], [117.81137292500011, 1.164659153000059], [117.81137292200003, 1.164650106000067], [117.8113997480001, 1.164170641000055], [117.811399746, 1.164161595000053], [117.81136372000003, 1.16389926100004], [117.81136371800005, 1.163890215000038], [117.81129170800011, 1.163510288000055], [117.81121082600009, 1.163537451000025], [117.8111658900001, 1.16354651000006], [117.8111479150001, 1.163546515000064], [117.81102208700008, 1.163546552000071], [117.81094120600005, 1.163573714000051], [117.81087829500007, 1.163582779000023], [117.81086931000004, 1.163591828000051], [117.81065360800005, 1.163600936000023], [117.81064462300003, 1.163609985000051], [117.81044689900011, 1.163628135000067], [117.810437911, 1.163628138000036], [117.81026714500001, 1.163628187000029], [117.810231197, 1.163637244000029], [117.80977282800006, 1.163646423000046], [117.80976384000007, 1.163646425000024], [117.80977283000004, 1.163655469000048], [117.80991667700005, 1.163809216000061], [117.80992566700002, 1.163818260000028], [117.81001565000008, 1.164189135000072], [117.80997072200012, 1.164225333000047], [117.80993473800004, 1.164107741000066], [117.80991676000008, 1.164098700000068], [117.80988076800008, 1.163953968000044], [117.80987177700001, 1.16394492400002], [117.80970992700009, 1.163691673000073], [117.8096110680001, 1.163709794000056], [117.80955714100003, 1.163709810000057], [117.80905383600009, 1.163728048000053], [117.80868211100005, 1.163747450000074], [117.80869443900008, 1.164117145000034], [117.80869444500001, 1.164135238000028], [117.80864624000003, 1.164434610000058], [117.80859734600006, 1.164621321000027], [117.80867471700003, 1.164919496000039], [117.80873066400011, 1.165076050000039], [117.8088026040001, 1.165211725000063], [117.80882806900001, 1.165270136000061], [117.8088409390001, 1.165585747000023], [117.80883382200011, 1.165783086000033], [117.8088238040001, 1.16594008800007], [117.80881183400004, 1.166062081000064], [117.80876538500002, 1.166482510000037], [117.80874413900005, 1.166709974000071], [117.80874013700009, 1.166776765000066], [117.80874013900007, 1.166785811000068], [117.8087044780001, 1.167799015000071], [117.8086955340001, 1.167952806000073], [117.80871965400001, 1.168135086000063], [117.8087047570001, 1.168776023000021], [117.80869577500005, 1.168794118000051], [117.80866897500005, 1.169364047000045], [117.80866897700002, 1.169373093000047], [117.80866905000005, 1.169626392000055], [117.80866905200003, 1.169635438000057], [117.80866923100007, 1.170259747000046], [117.80866216400011, 1.170274421000045], [117.8086602510001, 1.170286779000037], [117.80866940200008, 1.170856698000023], [117.80866940500005, 1.170865744000025], [117.80867858900001, 1.171553266000046], [117.80867884100007, 1.172430763000023], [117.80867884400004, 1.172439810000071], [117.80868790900001, 1.172711198000059], [117.80868791700004, 1.172738337000055], [117.80868792700005, 1.172774523000044], [117.80868793000002, 1.172783569000046], [117.80878673300003, 1.172566428000039], [117.80888559800007, 1.172566399000061], [117.8089125790001, 1.172629716000074], [117.8089305520001, 1.172620664000021], [117.8089485480001, 1.172693030000062], [117.80874188500002, 1.172883064000075], [117.80868795900005, 1.17288307900003], [117.80867897100006, 1.172883082000055], [117.80867003300011, 1.173054965000063], [117.808688114, 1.173425861000055], [117.80868812200004, 1.173453], [117.80868812500012, 1.173462047000044], [117.80868813300003, 1.17348918600004], [117.80870524000011, 1.173643746000039], [117.80870615200001, 1.17364296900007], [117.80884994500002, 1.173606742000061], [117.8088499270001, 1.173543417000076], [117.80886789200008, 1.173507226000027]], [[117.810008433, 1.170376851000071], [117.80984658200009, 1.170123600000068], [117.80980164800008, 1.170141706000038], [117.80976570000007, 1.170150763000038], [117.80974772700006, 1.170159814000044], [117.8096848240001, 1.17019601800007], [117.80967583900008, 1.17020506700004], [117.80970270800003, 1.169879390000062], [117.80970270600005, 1.16987034400006], [117.8096936610001, 1.169671326000071], [117.80969363800011, 1.169589909000024], [117.80971160800004, 1.169571811000026], [117.80972958600012, 1.169580852000024], [117.80981057600002, 1.169933637000042], [117.80982855400009, 1.169942678000041], [117.80984654800011, 1.170005997000032], [117.80992745000003, 1.170051206000039], [117.80994542600001, 1.170051201000035], [117.8099813770001, 1.170051190000038], [117.81001733800008, 1.170087365000029], [117.81000836600003, 1.170141646000047], [117.80998142800001, 1.170232117000069], [117.81002638300004, 1.170286383000075], [117.81010519800009, 1.170416110000076], [117.81010491400002, 1.17041630600005], [117.81002445600006, 1.170400230000041], [117.810008433, 1.170376851000071]]]]}},
{"type": "Feature", "properties": {"ba_code": "4320", "blockid": "4320O24P06", "division": "03"}, "geometry": {"type": "MultiPolygon", "coordinates": [[[[117.78088108200006, 1.198607614000025], [117.78088128200011, 1.198609496000074], [117.78088723100007, 1.199161857000036], [117.78103210200004, 1.199929410000038], [117.78102669100008, 1.200429087000032], [117.78105145000006, 1.201511948000075], [117.78106782200007, 1.202042750000032], [117.78106879900008, 1.20216418900003], [117.7811432640001, 1.202161321000062], [117.78203851800004, 1.202119707000065], [117.78253285100004, 1.202119565000032], [117.78264069500005, 1.202083348000031], [117.78333277100012, 1.202119334000031], [117.78366562800011, 1.20209017600007], [117.78384991100006, 1.202094646000035], [117.78384538900002, 1.201999645000058], [117.78386288500008, 1.201522117000025], [117.78382261000002, 1.200927475000071], [117.78378162800004, 1.200237548000075], [117.78378620500007, 1.199353151000025], [117.78377266900009, 1.199172197000053], [117.78367328000002, 1.198500666000029], [117.7836731210001, 1.197939788000042], [117.78365512700009, 1.19787646900005], [117.7836597910001, 1.197371697000051], [117.78366874500011, 1.19724502400004], [117.78360994900004, 1.197035164000056], [117.78262137000002, 1.197333980000053], [117.78150698600007, 1.197723297000039], [117.7813500950001, 1.197745275000045], [117.7810877820001, 1.19781426000003], [117.78101269000001, 1.197850088000052], [117.78094978800004, 1.19789533900007], [117.78088108200006, 1.198607614000025]]]]}},
{"type": "Feature", "properties": {"ba_code": "4320", "blockid": "4320O30P07", "division": "05"}, "geometry": {"type": "MultiPolygon", "coordinates": [[[[117.80046982300007, 1.192506413000046], [117.79789928200012, 1.192444497000054], [117.79791983500002, 1.193186614000069], [117.79815359500003, 1.20162650900005], [117.80073308400006, 1.20156242500002], [117.80073307900011, 1.201544332000026], [117.80059069100002, 1.196656634000021], [117.80054035400008, 1.194928694000055], [117.80046981100008, 1.192507070000033], [117.80046982300007, 1.192506413000046]]]]}},
{"type": "Feature", "properties": {"ba_code": "4320", "blockid": "4320M35AP05", "division": "04"}, "geometry": {"type": "MultiPolygon", "coordinates": [[[[117.81520227300007, 1.213378459000069], [117.81325298600007, 1.213064098000075], [117.81255817300007, 1.212952045000065], [117.81274646200006, 1.220556205000037], [117.81384547700009, 1.220555667000042], [117.8143255540001, 1.220546842000033], [117.81452600700004, 1.220383783000045], [117.8144900100001, 1.220230006000065], [117.81440008700008, 1.220085292000022], [117.81431008600009, 1.219678233000025], [117.81448979200002, 1.219506298000056], [117.81461557000011, 1.219334379000031], [117.81501990700008, 1.218945262000034], [117.81544390400006, 1.218790601000023], [117.81540798200001, 1.217775066000058], [117.81520895100005, 1.213521181000033], [117.81520864100003, 1.213514563000047], [117.81520227300007, 1.213378459000069]]]]}},
{"type": "Feature", "properties": {"ba_code": "4320", "blockid": "4320S34P11", "division": "06"}, "geometry": {"type": "MultiPolygon", "coordinates": [[[[117.811362013, 1.157910569000023], [117.81139673900009, 1.153595443000029], [117.81036323100011, 1.153849037000043], [117.81022849800001, 1.154138560000035], [117.80904269300004, 1.156138147000036], [117.80869538600007, 1.156801902000041], [117.80869299200003, 1.15902404000002], [117.80870011800005, 1.162040299000068], [117.8086116830001, 1.163680434000071], [117.80874636100009, 1.16366634700006], [117.80880865300003, 1.163659817000052], [117.8088453360001, 1.163656077000041], [117.80893836700011, 1.16364636000003], [117.8090770770001, 1.16363188300005], [117.80916224300006, 1.163623010000038], [117.80923207700005, 1.163616331000071], [117.80952132800007, 1.163588961000073], [117.80977972800008, 1.163564356000052], [117.80980437200003, 1.163562511000066], [117.8098879470001, 1.163557192000042], [117.81025892600007, 1.163533624000024], [117.81042407600012, 1.163523216000044], [117.81058279700005, 1.163508014000058], [117.8110390820001, 1.163464437000073], [117.81135148700002, 1.163412626000024], [117.811362013, 1.157910569000023]]]]}},
{"type": "Feature", "properties": {"ba_code": "4320", "blockid": "4320M29P05", "division": "02"}, "geometry": {"type": "MultiPolygon", "coordinates": [[[[117.79644255800008, 1.220941063000055], [117.79868950800005, 1.220858975000056], [117.79871647200002, 1.220858967000026], [117.79871870600005, 1.220548355000062], [117.7987177220001, 1.219721713000069], [117.7987700440001, 1.219124406000049], [117.79876087800005, 1.219049676000054], [117.79871576800008, 1.218470720000028], [117.79858969800011, 1.217656583000064], [117.79850676500007, 1.217498098000021], [117.79845326600002, 1.216745051000032], [117.7984400250001, 1.216480085000057], [117.79841849400009, 1.216182072000038], [117.79843605700012, 1.215111468000032], [117.79838454800006, 1.211333069000034], [117.79770325000004, 1.21135552800007], [117.79738346500005, 1.211324468000043], [117.79562185100008, 1.211352128000044], [117.79555894100008, 1.211370240000065], [117.79558606, 1.211903969000048], [117.79573034500004, 1.213541324000062], [117.79575754600012, 1.214355492000038], [117.79590190600004, 1.216246145000071], [117.79589191200012, 1.217532824000045], [117.79599228600011, 1.217955887000073], [117.79602825600011, 1.218019201000061], [117.79605527800004, 1.218218214000046], [117.79592956700003, 1.218625339000027], [117.79602871000009, 1.219566134000047], [117.79601082200008, 1.219864671000039], [117.79601088100003, 1.220063691000064], [117.79594814900008, 1.220687911000027], [117.79596195800002, 1.220922385000051], [117.79600732400002, 1.220923714000037], [117.79628975800006, 1.220923016000029], [117.79644255800008, 1.220941063000055]]]]}},
{"type": "Feature", "properties": {"ba_code": "4320", "blockid": "4320K22AP06", "division": "01"}, "geometry": {"type": "MultiPolygon", "coordinates": [[[[117.77647536500001, 1.234706571000061], [117.7767899370001, 1.234679339000024], [117.7769876750001, 1.234688327000072], [117.77732025700004, 1.234778694000056], [117.77759890000004, 1.234832891000053], [117.7777427210001, 1.234878080000044], [117.7778415890001, 1.234878051000067], [117.77804828400008, 1.234778480000045], [117.77829090400007, 1.234588433000056], [117.77847061700004, 1.234425544000032], [117.77854250700011, 1.234380291000036], [117.77845231200001, 1.23329474600007], [117.77844318200005, 1.232806241000048], [117.778434102, 1.232489619000035], [117.77840688600008, 1.23162116900005], [117.77840677900008, 1.231250266000075], [117.77843365100011, 1.230933633000063], [117.77819097500003, 1.230933704000051], [117.77795728800004, 1.230933772000071], [117.7777056220001, 1.230924800000025], [117.77727419900009, 1.230924927000046], [117.77652821000004, 1.230970377000062], [117.7756114550001, 1.231033971000045], [117.77562053200006, 1.231341547000056], [117.7756206680001, 1.231811962000052], [117.77562078000005, 1.232200959000068], [117.77562988600005, 1.232608046000053], [117.77562107900008, 1.23323225300004], [117.7756481030001, 1.233440313000074], [117.77560323400007, 1.233684580000045], [117.77562124400004, 1.233802178000076], [117.77563033400008, 1.234154987000068], [117.77563938800006, 1.234381145000043], [117.77566644300009, 1.234697762000053], [117.77570251600002, 1.235113888000058], [117.77581035600008, 1.235059577000072], [117.77599008400011, 1.234950967000032], [117.77619795700002, 1.234846279000067], [117.77622373800011, 1.234833295000044], [117.77647536500001, 1.234706571000061]]]]}},
{"type": "Feature", "properties": {"ba_code": "4320", "blockid": "4320O31P07", "division": "05"}, "geometry": {"type": "MultiPolygon", "coordinates": [[[[117.8024930140001, 1.201535040000067], [117.80244968500006, 1.201308619000031], [117.80262036600004, 1.201010038000049], [117.80277315100011, 1.200982854000074], [117.8028091110001, 1.201009982000073], [117.80313267200006, 1.201009887000055], [117.80306973100005, 1.200919442000043], [117.8030876570001, 1.200747555000021], [117.80306967600006, 1.20072946800002], [117.80306967000001, 1.200711375000026], [117.80333025400012, 1.200494185000025], [117.8032673130001, 1.20040374000007], [117.8034110750001, 1.200258955000038], [117.80343799900004, 1.200123251000036], [117.80314816600003, 1.199708958000031], [117.80309632, 1.199634848000073], [117.80311429000005, 1.199616750000075], [117.80317720500011, 1.199616731000049], [117.80337490500006, 1.199508116000061], [117.80337489700003, 1.199480977000064], [117.80341084800011, 1.199480966000067], [117.80343931800007, 1.199518715000067], [117.80360865700004, 1.199743253000065], [117.80377942500002, 1.199743202000036], [117.80368947900001, 1.199508023000021], [117.80361446500001, 1.199404272000038], [117.80354561600006, 1.199309045000064], [117.80358154800001, 1.199245710000071], [117.80358153000009, 1.199182385000029], [117.80365341900006, 1.199137132000033], [117.80368937000003, 1.199137122000025], [117.80379450300006, 1.199286632000053], [117.80395012500003, 1.19950794600004], [117.80401303200006, 1.199480788000074], [117.80407592300003, 1.199399352000057], [117.80403995300003, 1.199336038000069], [117.80440833900002, 1.199085815000046], [117.80442635200006, 1.199073579000071], [117.80396086100006, 1.198409540000057], [117.80393181700003, 1.198368108000068], [117.80393242800005, 1.198366569000029], [117.80394977900005, 1.198322871000073], [117.80393179300006, 1.198286691000021], [117.80386883400001, 1.198132921000024], [117.80390476700006, 1.198069585000042], [117.80379685500009, 1.197870597000076], [117.80382378900003, 1.197771079000063], [117.80371590400011, 1.197662554000033], [117.80376081700001, 1.197572077000075], [117.80373383500012, 1.197508760000062], [117.80358996700011, 1.197291690000043], [117.80351801400002, 1.19711983000002], [117.80305044300007, 1.196414350000055], [117.80289761900008, 1.196305838000058], [117.80272682700001, 1.19622447100005], [117.80261895500007, 1.196161178000068], [117.80237272500005, 1.196009380000021], [117.80234028300004, 1.195989379000025], [117.80234027400002, 1.195960337000031], [117.80231985800003, 1.195929482000054], [117.80224830600002, 1.195878072000028], [117.8022144140001, 1.195853720000059], [117.80206158500005, 1.195727116000057], [117.80201661400008, 1.195618573000047], [117.80184578500007, 1.19541055600007], [117.80169291700008, 1.195148256000039], [117.80152209900007, 1.19497642500005], [117.80150409200007, 1.194867873000021], [117.80137822600011, 1.194741261000047], [117.80128829800003, 1.194569406000028], [117.80127029900007, 1.194487994000042], [117.80129642700001, 1.194450402000029], [117.80127926800003, 1.194424667000021], [117.80126801200004, 1.194407866000063], [117.8012985680001, 1.194385995000061], [117.80128824000008, 1.19437038600006], [117.8013488470001, 1.194326484000044], [117.80135113900008, 1.19431608900004], [117.80128818000003, 1.194162319000043], [117.80135108900004, 1.194144208000068], [117.80150381400006, 1.193908957000076], [117.80162964300007, 1.193908920000069], [117.80156677800005, 1.194080820000067], [117.80160009500003, 1.194144489000053], [117.80160987300007, 1.194163176000075], [117.80165670600002, 1.19425267500003], [117.8017016450001, 1.194252661000064], [117.80207906200008, 1.194008298000028], [117.80225876300005, 1.193818271000055], [117.80246546900003, 1.193772979000073], [117.80251038400002, 1.193691548000061], [117.8026002360001, 1.19360105800007], [117.80285185800005, 1.193474335000076], [117.80276189800009, 1.19333860100005], [117.80274592, 1.193314494000049], [117.80272597300007, 1.19328439800006], [117.80272596000009, 1.193239166000069], [117.80306741000004, 1.192940535000048], [117.80300446900003, 1.192850090000036], [117.80306736500006, 1.192786747000071], [117.80323812300003, 1.192750511000042], [117.80331001200011, 1.192705258000046], [117.80331000400008, 1.19267811900005], [117.80354368200005, 1.192659957000046], [117.80358860700005, 1.192614712000022], [117.80362455300008, 1.19259660900002], [117.80354361900004, 1.192442844000027], [117.803696424, 1.192488031000039], [117.80358547500009, 1.192344947000038], [117.80334576900009, 1.192035815000054], [117.80335621600011, 1.190468381000073], [117.8006669240001, 1.190363019000074], [117.8005770640001, 1.190426370000068], [117.80054113100005, 1.190489705000061], [117.80064963300003, 1.194850477000045], [117.80069856900002, 1.196817176000025], [117.8008139430001, 1.201453844000071], [117.80084090700007, 1.201453836000042], [117.80088585900012, 1.201499055000056], [117.80146107400003, 1.20148079300003], [117.80155096600004, 1.201525998000022], [117.80249469300009, 1.201543812000068], [117.8024930140001, 1.201535040000067]]]]}},
{"type": "Feature", "properties": {"ba_code": "4320", "blockid": "4320O42AP07", "division": "05"}, "geometry": {"type": "MultiPolygon", "coordinates": [[[[117.8325436240001, 1.201059433000069], [117.83289726200007, 1.201043010000035], [117.8329182110001, 1.201046146000067], [117.83367291600007, 1.200168423000036], [117.83392446900007, 1.199824586000034], [117.83414006500004, 1.199462667000034], [117.83418495700005, 1.199308866000024], [117.83418492700002, 1.199209357000029], [117.83416693800007, 1.199164131000032], [117.833848783, 1.198893335000037], [117.83381632600003, 1.198865710000064], [117.83353767800008, 1.198775332000025], [117.83332192600005, 1.198621611000021], [117.83325898200007, 1.198522121000053], [117.83315110700005, 1.198449783000058], [117.83310485700008, 1.19837633100002], [117.83298025800002, 1.198178446000043], [117.83294516, 1.198200540000073], [117.83254892800005, 1.198449968000034], [117.83175832600011, 1.199508628000046], [117.8318406510001, 1.200951012000075], [117.8318486820001, 1.201091706000057], [117.83195369300006, 1.201086829000076], [117.83197122000001, 1.201086015000044], [117.83210474000009, 1.201079814000025], [117.83242981500007, 1.201064718000055], [117.8325436240001, 1.201059433000069]]], [[[117.8343439460001, 1.199245493000035], [117.83426582800007, 1.199245517000065], [117.83426584200004, 1.199290749000056], [117.83416706700007, 1.199589307000053], [117.83378075500002, 1.200123158000054], [117.83313388700003, 1.200946571000031], [117.83302606400002, 1.201046113000075], [117.83346839300009, 1.201048760000049], [117.83446410700003, 1.201054718000023], [117.83450904500012, 1.201054704000057], [117.83441862000006, 1.199245470000051], [117.8343439460001, 1.199245493000035]]]]}},
{"type": "Feature", "properties": {"ba_code": "4320", "blockid": "4320P31P07", "division": "05"}, "geometry": {"type": "MultiPolygon", "coordinates": [[[[117.80281423200006, 1.187684662000038], [117.80296697900008, 1.187530829000025], [117.80302988900007, 1.18751271800005], [117.80303123600004, 1.18748624400007], [117.803152038, 1.18511232100002], [117.80325976600011, 1.183893133000026], [117.80332522900005, 1.183152276000044], [117.80166250800005, 1.183207038000035], [117.80061994000005, 1.183252573000061], [117.8006110660001, 1.183650617000069], [117.80057512300004, 1.183677766000073], [117.80058424100002, 1.18413008300007], [117.80060224500005, 1.184229588000051], [117.80061547200012, 1.185001906000025], [117.8006204720001, 1.185107082000059], [117.80064546800008, 1.186728347000042], [117.80064770700005, 1.186873613000046], [117.800647948, 1.18688921200004], [117.80081872100004, 1.186907255000051], [117.80086367800004, 1.18697056700006], [117.80098952000003, 1.187015762000044], [117.80145698800004, 1.187377481000055], [117.80184353300001, 1.187621621000062], [117.80191545900004, 1.187703017000047], [117.8019514230001, 1.18774823900003], [117.8020233310001, 1.187766310000029], [117.802167112, 1.187684851000029], [117.80240976300001, 1.187621455000055], [117.80250863900005, 1.187657612000066], [117.80258056800005, 1.187748055000043], [117.80261652400009, 1.18776613700004], [117.80281423200006, 1.187684662000038]]], [[[117.80332730400005, 1.190344148000065], [117.80319865000001, 1.188581466000073], [117.80313973500006, 1.187774273000059], [117.80313781000007, 1.187747892000061], [117.8029221160001, 1.187793187000068], [117.80270645100006, 1.187937992000059], [117.80253568400008, 1.187938042000042], [117.80240983100009, 1.187856661000069], [117.80223008100006, 1.187874807000071], [117.8021222540001, 1.187965302000066], [117.801951486, 1.187965352000049], [117.80193349500007, 1.18791107900006], [117.8018256260001, 1.187856832000023], [117.80176268500009, 1.187766387000067], [117.80170873500003, 1.187684985000033], [117.80151995000006, 1.187540298000044], [117.80147500600003, 1.187522218000026], [117.80135814100004, 1.187440835000075], [117.8012232960001, 1.187341364000019], [117.80116037900007, 1.187332336000054], [117.80106150000006, 1.187287133000041], [117.80102555200006, 1.18729619000004], [117.8009536290001, 1.187223840000058], [117.80091766400005, 1.187178618000075], [117.80088170800002, 1.187160536000022], [117.80076484300002, 1.187079152000024], [117.80074686800003, 1.187079158000074], [117.8005131860001, 1.187079226000037], [117.80046825500006, 1.187106378000067], [117.800441309, 1.187169711000024], [117.80046829600008, 1.187251120000042], [117.80049527000006, 1.187287298000058], [117.8005852020001, 1.187477246000071], [117.8006211820001, 1.187576745000058], [117.80063017000009, 1.187576743000022], [117.80081892400005, 1.187612873000035], [117.800854877, 1.187621909000029], [117.80087285600007, 1.187630950000027], [117.800890836, 1.187649038000075], [117.80102567400002, 1.18772137000002], [117.80108859100005, 1.187730398000042], [117.80113353500008, 1.187748477000071], [117.80121443300004, 1.187775593000026], [117.80124141200008, 1.187829863000047], [117.80123243500009, 1.187866052000061], [117.80123244800006, 1.187911283000062], [117.80124143800003, 1.187920327000029], [117.80118752700002, 1.187974621000023], [117.80117853900003, 1.187974624000049], [117.80107069600001, 1.18801084100005], [117.80099878900012, 1.187992769000061], [117.80098080800008, 1.187974682000061], [117.80089991300008, 1.18795661200005], [117.80081900200003, 1.187884265000037], [117.80078304800008, 1.187875229000042], [117.8007560850001, 1.187875237000071], [117.8006752230001, 1.187974771000029], [117.80063927200001, 1.187974781000037], [117.8006392750001, 1.187983828000029], [117.80065725800011, 1.188010962000021], [117.80070817600006, 1.188547437000068], [117.80070867800009, 1.188552721000065], [117.8006216330001, 1.189141770000049], [117.80061240100008, 1.189315272000044], [117.8005590570001, 1.190317819000029], [117.80159264300005, 1.190281331000051], [117.80219483500002, 1.190317340000036], [117.80332730400005, 1.190344148000065]]]]}},
{"type": "Feature", "properties": {"ba_code": "4320", "blockid": "4320M26P06", "division": "02"}, "geometry": {"type": "MultiPolygon", "coordinates": [[[[117.7899146090001, 1.211561876000076], [117.78989662800006, 1.211543789000075], [117.78706547500008, 1.211653175000038], [117.78708368600007, 1.212467347000029], [117.78720994300011, 1.213941875000046], [117.78723797600003, 1.217632804000061], [117.78727408500004, 1.218175578000057], [117.78740915800006, 1.219053041000052], [117.78734649300009, 1.219912468000075], [117.78738278600008, 1.221088491000046], [117.78849731000003, 1.221160534000035], [117.79019601300001, 1.221114800000066], [117.7901773850001, 1.218880343000023], [117.79011422700012, 1.21804809200006], [117.7899146090001, 1.211561876000076]]]]}},
{"type": "Feature", "properties": {"ba_code": "4320", "blockid": "4320M42AP07", "division": "04"}, "geometry": {"type": "MultiPolygon", "coordinates": [[[[117.83488936800006, 1.215313640000034], [117.83454053700007, 1.215890640000055], [117.83223021800006, 1.214407762000064], [117.8321108770001, 1.214581940000073], [117.83213202000002, 1.216133203000027], [117.83213206900007, 1.216136808000044], [117.83218704600006, 1.220170277000022], [117.83501817900003, 1.220078931000046], [117.83491350800011, 1.216206705000047], [117.8349132940001, 1.216198802000065], [117.83488936800006, 1.215313640000034]]]]}},
{"type": "Feature", "properties": {"ba_code": "4320", "blockid": "4320M22P06", "division": "01"}, "geometry": {"type": "MultiPolygon", "coordinates": [[[[117.77821483700006, 1.220186535000039], [117.778232709, 1.219824672000072], [117.77820568300001, 1.219607566000036], [117.77819676500008, 1.219608129000051], [117.77819669500002, 1.219607568000072], [117.77820510400011, 1.217590211000072], [117.77824101400006, 1.217445458000043], [117.77820466800006, 1.216070411000032], [117.77813253700003, 1.215274345000068], [117.77813252700003, 1.215239452000048], [117.77813224200008, 1.214243052000029], [117.77812468400009, 1.213851488000046], [117.77811514900009, 1.213357448000068], [117.77812296700006, 1.213238901000068], [117.77811389600004, 1.212949417000061], [117.77810483100006, 1.212678027000038], [117.77810480000005, 1.212569470000062], [117.77809688100001, 1.21241098400003], [117.77809576000004, 1.212388544000021], [117.77809630500008, 1.212381114000038], [117.77811366700007, 1.212144285000022], [117.77810465800007, 1.21207191600007], [117.77808665100008, 1.211963364000042], [117.77808664300005, 1.211936225000045], [117.7780776190001, 1.211809577000054], [117.77807723400008, 1.211809448000054], [117.778041228, 1.211797379000075], [117.77530035200004, 1.21180133200005], [117.7752823940001, 1.211864662000039], [117.77528240700008, 1.211909895000076], [117.77528247100008, 1.21213605600002], [117.77528254100002, 1.212380309000025], [117.775283048, 1.214162458000033], [117.77530110900011, 1.214460985000073], [117.7753015190001, 1.215899369000056], [117.77539181400005, 1.217355820000023], [117.77540168900009, 1.217368858000043], [117.77540485600002, 1.217511772000023], [117.77545478600007, 1.217554823000057], [117.77556269100012, 1.217726674000062], [117.77576600600003, 1.21794692800006], [117.77575682000008, 1.217953199000021], [117.77574250900011, 1.21793469000005], [117.77572453000005, 1.217925649000051], [117.77571554300005, 1.217925652000019], [117.77569757200001, 1.217943750000074], [117.77566164900009, 1.218043271000056], [117.77558077000003, 1.218088526000031], [117.7754909040001, 1.21813378500002], [117.77544596900009, 1.218151891000048], [117.775383067, 1.218197141000076], [117.77536300700001, 1.218201185000055], [117.77533812900003, 1.218206200000054], [117.77531116800003, 1.218215255000075], [117.77496072100007, 1.218504842000073], [117.77499667300003, 1.218504832000065], [117.7750236500001, 1.218550056000026], [117.7750236710001, 1.21862242800006], [117.77504166200004, 1.218676701000049], [117.7750776370001, 1.218758109000021], [117.77507765200005, 1.218812387000071], [117.775113615, 1.218848563000051], [117.77514958200004, 1.218902831000037], [117.77523948200007, 1.218975176000072], [117.77529342000003, 1.219011347000048], [117.77532940000003, 1.219110847000024], [117.77537436600005, 1.21920129800003], [117.77537931400002, 1.219207381000047], [117.77545528600001, 1.219300786000076], [117.77552722300004, 1.219418369000039], [117.77557217800006, 1.219472634000056], [117.77560815800007, 1.219572135000021], [117.77561715400009, 1.21959927100005], [117.77562614500005, 1.219608315000073], [117.775644123, 1.219617356000072], [117.77566809500001, 1.219629411000028], [117.77566210400005, 1.219635444000062], [117.77564413300001, 1.21965354200006], [117.77563514500002, 1.219653545000028], [117.7756171750001, 1.219671643000027], [117.77557224000009, 1.219689749000054], [117.77556635400003, 1.21969123100007], [117.77554528900009, 1.219734989000074], [117.77552731900005, 1.219753087000072], [117.77550935300007, 1.219789278000064], [117.77552735200004, 1.21987069000005], [117.77554533600005, 1.219897825000032], [117.77557230000002, 1.21989781700006], [117.77558129800002, 1.219934], [117.77560827000002, 1.219961131000048], [117.77567119600008, 1.219997299000056], [117.77572504600005, 1.220037948000027], [117.77573412400011, 1.220042513000067], [117.77575210500004, 1.220060600000068], [117.77577907200009, 1.22006963900003], [117.77578806500003, 1.220087729000056], [117.77581502600003, 1.220078675000025], [117.77583300700007, 1.220096763000072], [117.77585098000009, 1.220087711000076], [117.77586895400009, 1.220078659000023], [117.77587793900011, 1.220069610000053], [117.77588692400002, 1.220060561000025], [117.77589591500009, 1.220069605000049], [117.77591389600002, 1.220087693000039], [117.77594087300008, 1.220132917000058], [117.77595886200004, 1.220178144000045], [117.77598583600002, 1.220214322000061], [117.77600382000003, 1.220241456000053], [117.77598585400006, 1.220277647000046], [117.77598586200008, 1.220304786000042], [117.77601111400008, 1.220338723000054], [117.77601273500011, 1.220346191000033], [117.776014239, 1.220357429000046], [117.77601494200007, 1.220357999000043], [117.77601486600008, 1.22035803700004], [117.77598588500007, 1.220386204000022], [117.77598589000002, 1.220404297000073], [117.77602185500007, 1.220449519000056], [117.77603983600011, 1.220467607000046], [117.77603085600003, 1.220494749000068], [117.77601289000006, 1.22053094000006], [117.77601290300004, 1.220576172000051], [117.77602190400012, 1.220621401000074], [117.77601292700001, 1.22065759000003], [117.77601293500004, 1.220684729000027], [117.77601294200008, 1.220711868000024], [117.77603092900006, 1.220748049000065], [117.77603992700006, 1.220784232000028], [117.77604892500005, 1.220820415000048], [117.7760669060001, 1.220838503000039], [117.77606691100004, 1.220856596000033], [117.77608490000011, 1.22090182300002], [117.77610288400001, 1.220928957000069], [117.77612086500005, 1.22094704400007], [117.77612986300005, 1.220983227000033], [117.77615684800003, 1.221055591000038], [117.77618383000004, 1.221118908000051], [117.776219792, 1.221155084000031], [117.7762377890001, 1.221227450000072], [117.77629173200012, 1.221281713000053], [117.77633668500005, 1.221326932000068], [117.77641758700008, 1.221363094000026], [117.77645354900005, 1.221399269000074], [117.77652546800005, 1.221453527000051], [117.77657041000009, 1.221462561000067], [117.77658838900004, 1.221471602000065], [117.77660637800011, 1.221516829000052], [117.77665133300002, 1.221571094000069], [117.77669629600007, 1.221652499000072], [117.77675022900007, 1.221670576000065], [117.7767951840001, 1.221724842000071], [117.7768470530001, 1.221739742000068], [117.7768567600001, 1.22172529300002], [117.77685810000003, 1.221724824000034], [117.77685809700006, 1.221715777000043], [117.77688504800005, 1.221670537000023], [117.77690300600011, 1.221607207000034], [117.77694793, 1.221552915000075], [117.77695691500003, 1.221543866000047], [117.77701982100007, 1.221507662000022], [117.7770198180001, 1.221498616000019], [117.77707372500004, 1.221426228000041], [117.77713325700006, 1.221392851000076], [117.77718974900006, 1.221361178000052], [117.77724341600003, 1.221330173000069], [117.77725768900007, 1.22132192600003], [117.77815810400011, 1.221305948000065], [117.77827424700001, 1.221303887000033], [117.77827628000011, 1.221303851000073], [117.77826907700012, 1.22127209100006], [117.77826505000007, 1.221235707000062], [117.77825387000007, 1.221134703000075], [117.77825105400007, 1.221109260000048], [117.77824201700003, 1.220937381000056], [117.77822863200004, 1.220736179000028], [117.77822396300007, 1.220665993000068], [117.7782239600001, 1.220656947000066], [117.77821492600003, 1.220494113000029], [117.77821483700006, 1.220186535000039]]]]}},
{"type": "Feature", "properties": {"ba_code": "4320", "blockid": "4320M13P08", "division": "01"}, "geometry": {"type": "MultiPolygon", "coordinates": [[[[117.75187161300005, 1.222003372000074], [117.75274343700005, 1.22195789400007], [117.75275242500004, 1.221957891000045], [117.75275242300006, 1.221950904000039], [117.7527524190001, 1.221939798000051], [117.75278810500004, 1.220980861000044], [117.75283283600004, 1.220229990000064], [117.75283283300007, 1.220220943000072], [117.75283283100009, 1.22021189700007], [117.75285964400007, 1.219669100000033], [117.75284135900006, 1.218556387000035], [117.75287709700001, 1.217787426000029], [117.752813908, 1.216801376000035], [117.75281378300008, 1.216350161000037], [117.75281377300007, 1.216315980000047], [117.75281375200007, 1.216240494000033], [117.75281113300002, 1.21622667400004], [117.75279764200002, 1.216155496000056], [117.752793827, 1.216135364000024], [117.75277774800009, 1.216050528000039], [117.75273277800011, 1.21594198300005], [117.75269764200004, 1.215909199000066], [117.75269555800003, 1.215907255000047], [117.7526346300001, 1.215850406000072], [117.75259791500002, 1.215816149000034], [117.75248899200005, 1.215714519000073], [117.75215287100002, 1.21540090000002], [117.75211244700006, 1.215363182000033], [117.75197758000002, 1.215191336000032], [117.75182558000006, 1.215050194000071], [117.75174383300009, 1.214974286000029], [117.75174382800003, 1.214956193000035], [117.75163594700007, 1.21486575800003], [117.75163547600005, 1.214864621000061], [117.75159097700009, 1.214757213000041], [117.75159077, 1.214756901000044], [117.75157299400007, 1.214730078000059], [117.75166283600004, 1.214594356000021], [117.75174371800006, 1.214558147000048], [117.75195463500006, 1.214468015000023], [117.75204028600001, 1.214431414000046], [117.75211219200003, 1.214440440000033], [117.75222003300007, 1.214386131000026], [117.75246270100001, 1.21435892300002], [117.75250763000008, 1.214322725000045], [117.75257050900007, 1.214187010000046], [117.75266035300001, 1.214060334000067], [117.75275920400009, 1.213996981000037], [117.75283109000009, 1.213933635000046], [117.75283439500004, 1.213933264000048], [117.75292033700009, 1.213923629000021], [117.75293559300007, 1.212779415000057], [117.7528487410001, 1.212757587000056], [117.7525611310001, 1.212775760000056], [117.75231846800011, 1.212821061000056], [117.75221961800003, 1.21288441400003], [117.75227366600006, 1.21331863000006], [117.75223776100006, 1.213490523000075], [117.75218387100006, 1.213626236000039], [117.75195916700011, 1.21360820600006], [117.751797398, 1.213662530000022], [117.75156375100005, 1.213807339000027], [117.75139300400008, 1.213897852000059], [117.75131213300006, 1.213970246000031], [117.75115939400007, 1.214178358000026], [117.75108754300004, 1.214368355000033], [117.75110556400011, 1.214531186000045], [117.75110865600004, 1.214539350000052], [117.75111995500004, 1.214569178000033], [117.75109657300004, 1.214522143000067], [117.75101563900012, 1.214368375000049], [117.75101562200007, 1.214305049000075], [117.75100662600005, 1.214277912000057], [117.75105147900001, 1.213961273000052], [117.75102449000008, 1.213870815000064], [117.75097951500004, 1.213744177000024], [117.751006447, 1.213626565000027], [117.75102441000001, 1.213581328000032], [117.7510333780001, 1.21350895300003], [117.75101538000001, 1.213427540000055], [117.75099738100005, 1.213346126000033], [117.75097940500007, 1.213346131000037], [117.75088953300008, 1.213373296000043], [117.7508715570001, 1.213373301000047], [117.75084459100003, 1.213364262000027], [117.75087154200003, 1.213319022000064], [117.75091646700002, 1.213264731000038], [117.75094340600003, 1.213174258000038], [117.75080856600005, 1.213101924000057], [117.75075462900008, 1.213065753000024], [117.75070068800005, 1.213020536000045], [117.75069169000005, 1.212984352000035], [117.75068270200006, 1.21298435500006], [117.75056582900004, 1.212875829000041], [117.75054785100008, 1.212866788000042], [117.75045798300005, 1.212912045000053], [117.75044, 1.21288491100006], [117.75047593900001, 1.212839668000072], [117.7503411350001, 1.212893985000051], [117.75033214900009, 1.212903034000021], [117.75027822900006, 1.212930189000076], [117.75024230400004, 1.213029710000058], [117.75019738700007, 1.21311114100007], [117.75016143700009, 1.213120197000023], [117.7501254880001, 1.213129254000023], [117.75007155000003, 1.213093083000047], [117.75008051600003, 1.213011662000042], [117.750089494, 1.212975474000075], [117.75011645500001, 1.212966420000043], [117.75012544300012, 1.212966417000075], [117.75013441600004, 1.212912136000057], [117.75015238000003, 1.212866898000073], [117.75015237500008, 1.212848805000021], [117.750161348, 1.21279452400006], [117.75013436100005, 1.212713113000063], [117.75009840700011, 1.212704076000023], [117.75009840500002, 1.21269503000002], [117.75009836000004, 1.212532193000072], [117.75010733800002, 1.212496005000048], [117.75005837000003, 1.212263973000063], [117.75004434000004, 1.212197488000072], [117.75003534900009, 1.212188444000049], [117.75003537000009, 1.212264467000068], [117.75003540700004, 1.212396513000044], [117.75003541700005, 1.212432699000033], [117.74998161300005, 1.212885039000071], [117.74997264800004, 1.212966460000075], [117.7499636870001, 1.213065974000074], [117.749963223, 1.213066256000047], [117.74994572600008, 1.21312025800006], [117.74990094300006, 1.213690199000041], [117.75011684900005, 1.214395765000063], [117.75005407800006, 1.214920480000046], [117.75008145600009, 1.21642219000006], [117.75009958500004, 1.216974021000055], [117.7500908070001, 1.217733929000076], [117.75012682900001, 1.217987220000055], [117.75011948100007, 1.218366012000047], [117.75010910500009, 1.218900921000056], [117.75011841100002, 1.220049823000068], [117.75016345900008, 1.220438810000076], [117.7501637150001, 1.221361552000076], [117.75013740300005, 1.222037236000062], [117.75013694200004, 1.222049093000066], [117.75013693200003, 1.222050814000056], [117.75186598300002, 1.222003526000037], [117.75187161300005, 1.222003372000074]]], [[[117.75161739200007, 1.212766978000047], [117.75175220100004, 1.212730754000063], [117.75211172000002, 1.21273065400004], [117.7521656030001, 1.212567802000024], [117.75228239600006, 1.212386839000033], [117.75232728600008, 1.212205897000047], [117.7523722090001, 1.212142559000029], [117.7523632010001, 1.21207019000002], [117.75223736700002, 1.212061178000056], [117.75212049600009, 1.211961700000074], [117.7518957960001, 1.211961762000044], [117.75170704700008, 1.21195276900005], [117.75162616000011, 1.211970884000038], [117.7513206540001, 1.212278550000065], [117.75133866500005, 1.21240519600002], [117.75142858200002, 1.212540868000076], [117.7514106210001, 1.212595152000063], [117.75143761000004, 1.212685610000051], [117.75147004100006, 1.212775300000033], [117.751473529, 1.212784945000067], [117.75147357900005, 1.212785085000064], [117.75147358900006, 1.212785111000073], [117.75147362000007, 1.212785107000059], [117.751474099, 1.212785047000068], [117.75148545700006, 1.212783614000045], [117.75161739200007, 1.212766978000047]]]]}},
{"type": "Feature", "properties": {"ba_code": "4320", "blockid": "4320K24P05", "division": "02"}, "geometry": {"type": "MultiPolygon", "coordinates": [[[[117.78425227900004, 1.23618637200002], [117.78422992600008, 1.235539453000058], [117.78422975300009, 1.234948297000074], [117.7842295370001, 1.234212140000068], [117.78421819100004, 1.233308679000061], [117.78422909300002, 1.232695211000021], [117.78419562900001, 1.23194791100002], [117.78417334100004, 1.231524069000045], [117.78416564200006, 1.231265462000067], [117.78413319600008, 1.230909439000072], [117.78143406400011, 1.230962503000057], [117.78143419000003, 1.231394581000075], [117.7814342160001, 1.231483364000042], [117.78144164300011, 1.231649517000051], [117.7814402030001, 1.231850333000068], [117.78143884400004, 1.232611820000045], [117.78144073100009, 1.232707283000025], [117.781433321, 1.232804621000071], [117.78143219900005, 1.232882951000022], [117.78145812800005, 1.233745825000028], [117.78146604300002, 1.233962850000069], [117.7814774200001, 1.234649039000033], [117.781477676, 1.235526465000021], [117.78155616100003, 1.236381369000071], [117.7816148500001, 1.236657674000071], [117.781797976, 1.236697936000041], [117.78190667100012, 1.236599992000038], [117.78225510100003, 1.236287990000051], [117.78250739200007, 1.236185129000035], [117.78279347900002, 1.236087132000023], [117.78302239100003, 1.236156179000034], [117.7832856340001, 1.23621369600005], [117.78352599100003, 1.236282738000057], [117.78377781300003, 1.236420892000069], [117.78399536500001, 1.23677791700004], [117.78418720400009, 1.236709788000041], [117.78421916500008, 1.236632538000038], [117.78424127000005, 1.236431761000063], [117.78425227900004, 1.23618637200002]]]]}},
{"type": "Feature", "properties": {"ba_code": "4320", "blockid": "4320K13P09", "division": "01"}, "geometry": {"type": "MultiPolygon", "coordinates": [[[[117.75295505600002, 1.23934556200004], [117.75295375100006, 1.234716397000057], [117.75295373100005, 1.234713380000073], [117.75295371600009, 1.234659101000034], [117.75295372000005, 1.234659063000038], [117.7529626810001, 1.234577680000029], [117.75298059800002, 1.23436960600003], [117.752980578, 1.234297234000053], [117.75298952800006, 1.234161534000066], [117.75299847300005, 1.234007742000074], [117.75299846200005, 1.233971556000029], [117.75299839900003, 1.233745393000049], [117.75295330900008, 1.233211664000066], [117.75293533000001, 1.233202622000022], [117.75293530700003, 1.233121204000042], [117.75296222500003, 1.232958359000065], [117.75296186500009, 1.232857639000031], [117.75296158800006, 1.232780362000028], [117.75296354600005, 1.232770494000022], [117.75297529200009, 1.232704378000051], [117.75297282600002, 1.232615119000059], [117.75297289900004, 1.232614945000023], [117.7529747210001, 1.232605255000067], [117.7529860300001, 1.232538600000055], [117.75298504200009, 1.232511958000032], [117.75298796700008, 1.232454726000071], [117.75298904500005, 1.232442702000071], [117.75297103600008, 1.232325103000051], [117.75297100300008, 1.232207499000026], [117.75297096200006, 1.232062755000072], [117.75297095700012, 1.232044662000021], [117.75298888000009, 1.231854681000073], [117.75297984300005, 1.231682800000044], [117.75297979000004, 1.231492824000043], [117.75297975400008, 1.231366173000026], [117.75297073800004, 1.231266664000032], [117.75297073600007, 1.231257618000029], [117.75297081300005, 1.231248649000065], [117.7529707330001, 1.231248571000037], [117.7529617450001, 1.231248574000062], [117.75293476900003, 1.231203349000054], [117.75281793400006, 1.231239568000035], [117.75280894600007, 1.23123957100006], [117.75269209900011, 1.23123055700006], [117.75269210200008, 1.231239604000052], [117.75263816900008, 1.23122152600007], [117.75260222200006, 1.231239629000072], [117.75255732500011, 1.231393433000051], [117.75253937100001, 1.231474856000034], [117.7525214210001, 1.231565326000066], [117.75253042700001, 1.231628649000072], [117.752557421, 1.231737199000065], [117.75253048000002, 1.231818625000074], [117.75255746700009, 1.23190003600007], [117.75254849900011, 1.231972410000026], [117.75256648000004, 1.231990498000073], [117.75256649300002, 1.232035730000064], [117.75260245800007, 1.232080953000036], [117.75260246000005, 1.232089999000038], [117.75258450400008, 1.232162376000076], [117.75258451000002, 1.23218046900007], [117.75259353600006, 1.232316164000054], [117.75251268900001, 1.232479024000043], [117.752467797, 1.232650920000026], [117.75245881700005, 1.232678062000048], [117.75245881900003, 1.23268710800005], [117.75242289500011, 1.232786630000021], [117.75240705800002, 1.232855794000045], [117.75240157300004, 1.23285510200003], [117.75237224200009, 1.232852839000032], [117.75231809400009, 1.232852855000033], [117.75204615300004, 1.232772207000039], [117.75199041700012, 1.232884483000021], [117.751919616, 1.232967703000043], [117.7518746940001, 1.233031041000061], [117.75187471200002, 1.233097102000045], [117.75187472200003, 1.23313162300002], [117.75187473200003, 1.233166738000023], [117.751856771, 1.233221022000066], [117.7520309570001, 1.233466256000042], [117.75203996800008, 1.233547671000053], [117.75203997900007, 1.233583857000042], [117.7518210290001, 1.233971891000067], [117.75187490000008, 1.23398121300005], [117.75193925000008, 1.233994148000022], [117.75192641100011, 1.234102094000036], [117.75189212300006, 1.234210046000044], [117.75180871600003, 1.234225589000062], [117.75178531100005, 1.234259085000076], [117.75172863400007, 1.234300034000057], [117.7517138500001, 1.234312441000043], [117.75171015600006, 1.234326086000067], [117.75166086200011, 1.234324860000072], [117.75162020200003, 1.234352160000071], [117.75161897400005, 1.234367044000066], [117.751598037, 1.234412944000042], [117.75158819100011, 1.234456359000035], [117.75149948500007, 1.23454196900002], [117.75142802900007, 1.234613931000069], [117.75139845300009, 1.234613939000042], [117.75138859900005, 1.234632547000047], [117.75138739300007, 1.23472309400006], [117.75138005200006, 1.23491411200007], [117.75144293700009, 1.235038130000021], [117.7514786810001, 1.235059206000074], [117.75153289900004, 1.235040586000025], [117.75151813600007, 1.235129896000046], [117.75149968300002, 1.235244014000045], [117.75148122600001, 1.235344489000056], [117.75141839900004, 1.235427611000034], [117.75141842900007, 1.235533042000043], [117.75124593400005, 1.235655887000064], [117.75118187900011, 1.235750173000042], [117.75115601000005, 1.235788631000048], [117.75115479400006, 1.235846929000047], [117.75115233600002, 1.235870496000075], [117.75114864700004, 1.23589778500002], [117.7511030600001, 1.235933769000042], [117.75110183400011, 1.23595733600007], [117.7510576630001, 1.236170405000053], [117.75105754000003, 1.23620666100004], [117.7510038590001, 1.236613698000042], [117.75104882000005, 1.236686057000043], [117.75110330200005, 1.236795821000044], [117.75109345100009, 1.236821871000075], [117.75101090700002, 1.236904999000046], [117.75081630400007, 1.237292047000039], [117.75084228000003, 1.237346510000066], [117.75087825000003, 1.237409825000043], [117.75097714500009, 1.237500262000026], [117.75108501400007, 1.23754546300006], [117.75135261300011, 1.238131620000047], [117.75140440700011, 1.238259362000065], [117.75144881200004, 1.238399511000068], [117.75148086700005, 1.238450356000044], [117.75147840900001, 1.238475164000022], [117.75149568800009, 1.238565706000031], [117.7515450200001, 1.238703372000032], [117.75153640300005, 1.238734383000065], [117.751535181, 1.23877159500006], [117.75157832400009, 1.238810034000039], [117.75160051800003, 1.238849719000029], [117.75161654500005, 1.238875762000021], [117.75165475500012, 1.238900558000068], [117.75172254800009, 1.238947673000041], [117.75173981000012, 1.238981157000069], [117.75180391900005, 1.239074166000023], [117.7519715840001, 1.239307307000047], [117.75199746800001, 1.23932218300007], [117.7520245930001, 1.239369310000029], [117.75207267500002, 1.239443717000029], [117.75218240800007, 1.239634702000046], [117.75233028800005, 1.23962597700006], [117.75243320700008, 1.239601032000053], [117.75252438200005, 1.239566534000062], [117.75255867700002, 1.239556262000065], [117.75269518700009, 1.23942293500005], [117.75273377500002, 1.23941144600002], [117.75295505600002, 1.23934556200004]]]]}},
{"type": "Feature", "properties": {"ba_code": "4320", "blockid": "4320S36P11", "division": "06"}, "geometry": {"type": "MultiPolygon", "coordinates": [[[[117.81456944500007, 1.163643710000031], [117.81455469800005, 1.163589228000035], [117.81460817100003, 1.163545512000042], [117.81466208900008, 1.163518357000044], [117.81472500300004, 1.163518339000063], [117.81473399300012, 1.163527382000041], [117.81480888300007, 1.163562222000053], [117.81484185000011, 1.163545444000022], [117.81485084100007, 1.163554488000045], [117.81503060700004, 1.163599667000028], [117.81504858300002, 1.163599662000024], [117.81513299500011, 1.163559649000035], [117.8151540660001, 1.163549661000047], [117.81514742900004, 1.163536309000051], [117.81514741600006, 1.16349107700006], [117.81514741100011, 1.163472984000066], [117.81513841200001, 1.163436801000046], [117.81512939600009, 1.16333729400003], [117.81512039300003, 1.163283019000062], [117.81511139500003, 1.163246836000042], [117.81511138200005, 1.163201604000051], [117.81510238100009, 1.163156375000028], [117.815093391, 1.163147331000062], [117.81508438300011, 1.163074963000042], [117.815084339, 1.162921175000065], [117.81507534600007, 1.162903085000039], [117.81504825600007, 1.162459821000027], [117.81503926500011, 1.16245077700006], [117.81503026200005, 1.162396502000036], [117.815030223, 1.162260807000052], [117.81502122800009, 1.162233670000035], [117.81502119700008, 1.162125114000048], [117.81501219800009, 1.162088931000028], [117.81500302900008, 1.161455689000036], [117.81494905700004, 1.161292870000068], [117.81494905400007, 1.161283824000066], [117.81494005400009, 1.161238595000043], [117.81494003800003, 1.16118431600006], [117.81492203700009, 1.161093858000072], [117.8149220030001, 1.160976255000037], [117.814922, 1.160967209000034], [117.81489490000001, 1.160487760000024], [117.81489488000011, 1.160415389000036], [117.81488588700006, 1.160397299000067], [117.81488581700012, 1.160153048000041], [117.81488580400003, 1.16010781600005], [117.81487676400002, 1.159926891000055], [117.8148677480001, 1.159827384000039], [117.81485874000009, 1.15975501600002], [117.81478672700007, 1.159366043000034], [117.81478672000003, 1.159338904000037], [117.81473274500001, 1.159167039000067], [117.81471472300007, 1.159004210000035], [117.81468770300012, 1.158805198000039], [117.81468770000004, 1.158796152000036], [117.81467870200004, 1.158759969000073], [117.814669707, 1.158732832000055], [117.81464269700007, 1.158570006000048], [117.81463370200004, 1.15854286900003], [117.81464266900002, 1.158470496000064], [117.814678565, 1.158280512000033], [117.81468753500008, 1.158217185000069], [117.81469650400004, 1.158153858000048], [117.81469644200001, 1.157936745000029], [117.81469643700007, 1.157918652000035], [117.81469643500009, 1.157909606000032], [117.814696432, 1.15790056000003], [117.81469643000003, 1.157891513000038], [117.81469642700006, 1.157882467000036], [117.81469642200011, 1.157864374000042], [117.81468742600009, 1.15783723800007], [117.81467842300003, 1.157782962000056], [117.81466942800012, 1.157755826000027], [117.81466043500006, 1.157737736000058], [117.81465143700007, 1.157701553000038], [117.81464244200004, 1.15767441600002], [117.81463344600002, 1.157647280000049], [117.8146244510001, 1.157620143000031], [117.81460646000005, 1.157565871000031], [117.81457948200011, 1.157511600000021], [117.81456149600001, 1.157475420000026], [117.81455250300007, 1.157457330000057], [117.81448056300007, 1.157321655000032], [117.81447157000002, 1.157303565000063], [117.81444459700003, 1.157267388000037], [117.81442661400001, 1.157240254000044], [117.81439963800005, 1.157195030000025], [117.81435467900008, 1.157122672000071], [117.81430972600003, 1.157068407000054], [117.81423780400007, 1.156996057000072], [117.81422802300006, 1.156996124000045], [117.81419309500006, 1.157801195000047], [117.81420240000011, 1.158913895000069], [117.81416674700006, 1.159954236000033], [117.81423906200007, 1.161401632000036], [117.81423059300005, 1.163210906000074], [117.81419477400004, 1.163672281000061], [117.81456944500007, 1.163643710000031]]]]}},
{"type": "Feature", "properties": {"ba_code": "4320", "blockid": "4320O23P06", "division": "03"}, "geometry": {"type": "MultiPolygon", "coordinates": [[[[117.78088108200006, 1.198607614000025], [117.78084203100002, 1.198239134000062], [117.78088731300011, 1.197822773000041], [117.78073088700012, 1.197828487000038], [117.78017786400005, 1.198015765000036], [117.77981248700007, 1.19814827600004], [117.77955913300002, 1.198148349000064], [117.77926971500005, 1.198285053000063], [117.77908335000006, 1.198358363000068], [117.77881012000012, 1.198471124000037], [117.77871236900012, 1.198504814000046], [117.77827302900005, 1.198697958000025], [117.77781327900004, 1.198800880000022], [117.7778586600001, 1.200365900000065], [117.7778675080001, 1.200768762000052], [117.77788064600009, 1.201317578000044], [117.77794905300004, 1.202184208000062], [117.77810524800009, 1.202164977000052], [117.77888769800006, 1.202189363000059], [117.78098695500012, 1.202183335000029], [117.78103188900002, 1.202165229000059], [117.78096837100009, 1.200039337000021], [117.78092332400001, 1.19965940000003], [117.78084235400001, 1.19937898400002], [117.78081530500003, 1.199080459000072], [117.78085502600004, 1.198644865000063], [117.78088108200006, 1.198607614000025]]]]}},
{"type": "Feature", "properties": {"ba_code": "4320", "blockid": "4320N36P07", "division": "05"}, "geometry": {"type": "MultiPolygon", "coordinates": [[[[117.8179639650001, 1.205763838000053], [117.8178376830001, 1.204244090000032], [117.81785566100007, 1.20425313100003], [117.81783768000003, 1.204235044000029], [117.8177837400001, 1.20418982800004], [117.81774777800001, 1.204153654000038], [117.81766686900005, 1.204090354000073], [117.81744839500004, 1.203911288000029], [117.81712119100007, 1.20384884200007], [117.81667815500009, 1.203900679000071], [117.81662421700003, 1.203864510000074], [117.81657027400001, 1.203810248000025], [117.81635700700008, 1.203703], [117.81634481000003, 1.203700672000025], [117.81627364200006, 1.203692735000061], [117.81624694000004, 1.203681994000021], [117.81589655100004, 1.20361512300002], [117.81587816000001, 1.203629529000068], [117.81586918000005, 1.203656671000033], [117.81575375000011, 1.203587870000035], [117.81554300100004, 1.203547649000029], [117.81550964100006, 1.203566316000035], [117.81495252500008, 1.20347748100005], [117.81495014100005, 1.203477100000043], [117.81494338300001, 1.203476023000064], [117.8150157880001, 1.205167669000048], [117.81501664000007, 1.205168526000023], [117.8150212380001, 1.205314532000045], [117.81510179500003, 1.207872243000054], [117.81519725300006, 1.210903002000066], [117.8165521520001, 1.210889685000041], [117.81804638500012, 1.210874999000055], [117.8180193720001, 1.208713743000033], [117.81801728300002, 1.208546554000065], [117.81799922000005, 1.207101268000031], [117.81798414600007, 1.205895124000051], [117.8179639650001, 1.205763838000053]]]]}},
{"type": "Feature", "properties": {"ba_code": "4320", "blockid": "4320L42P09", "division": "04"}, "geometry": {"type": "MultiPolygon", "coordinates": [[[[117.83401306600001, 1.225009483000065], [117.83416585100008, 1.224982296000064], [117.83424674900004, 1.225009409000052], [117.834336645, 1.225063659000057], [117.8344535230001, 1.225181224000039], [117.83448049200001, 1.225199309000061], [117.83459735600002, 1.225271642000052], [117.83474116100001, 1.225271597000074], [117.8348759700001, 1.225244416000066], [117.8350107650001, 1.225172003000068], [117.83509009600004, 1.22511873600007], [117.83513836000009, 1.225124023000035], [117.83517253200012, 1.225126721000038], [117.83524441200007, 1.225054328000056], [117.83527135600002, 1.224990996000031], [117.83527135100007, 1.224972903000037], [117.83528932100012, 1.224954805000039], [117.83530728200003, 1.224909568000044], [117.83530726600009, 1.22485529000005], [117.8353342040001, 1.224773865000031], [117.83534318900001, 1.224764815000071], [117.83534315500003, 1.224656260000074], [117.83534315200006, 1.224647213000026], [117.83534311000005, 1.224511519000032], [117.83534307700006, 1.224402963000045], [117.83536099900005, 1.224231078000059], [117.83535199500011, 1.224176803000034], [117.83535198600009, 1.224149664000038], [117.83525352400011, 1.224141436000025], [117.83523714500006, 1.223924350000061], [117.83523391400001, 1.22388152700006], [117.83523506100005, 1.223878311000021], [117.83523307000007, 1.223840093000035], [117.83504519000007, 1.220232710000062], [117.83501822700009, 1.220232718000034], [117.83218709000005, 1.220315018000065], [117.83223319900003, 1.224114455000063], [117.83224272900009, 1.224114186000065], [117.83225467400007, 1.224686723000048], [117.83226735700009, 1.224711125000056], [117.83227072300008, 1.224903604000076], [117.83225818800008, 1.224912108000069], [117.83233231400004, 1.224919545000034], [117.83236827600001, 1.224955719000036], [117.83237726400012, 1.224955717000057], [117.83246716500003, 1.225028059000067], [117.83247615500011, 1.225037103000034], [117.83259301900011, 1.225109436000025], [117.83260201000007, 1.225118480000049], [117.83262898500004, 1.225154657000076], [117.83271888800004, 1.225236045000031], [117.83279081, 1.225299347000032], [117.83288070800006, 1.225362643000039], [117.83296159600002, 1.225353572000074], [117.83298855700002, 1.225344517000053], [117.83310538400008, 1.225299249000045], [117.83324918400001, 1.225281111000072], [117.83341094000002, 1.225199644000043], [117.83348283700002, 1.225181529000054], [117.8336266340001, 1.225154345000021], [117.83376144300007, 1.225127163000025], [117.83393219800007, 1.225081878000026], [117.8340130690001, 1.225018529000067], [117.83401306600001, 1.225009483000065]]]]}},
{"type": "Feature", "properties": {"ba_code": "4320", "blockid": "4320L30P07", "division": "02"}, "geometry": {"type": "MultiPolygon", "coordinates": [[[[117.80144393700004, 1.22086493300003], [117.80144349300008, 1.220832397000038], [117.79879737400006, 1.220895128000052], [117.79867244400009, 1.22394379800005], [117.79875369100012, 1.225146943000027], [117.79886309300002, 1.230357630000071], [117.80155047100004, 1.230320633000076], [117.80133313200008, 1.224847638000028], [117.80126998800006, 1.224078714000029], [117.80147622800007, 1.22322999000005], [117.80144393700004, 1.22086493300003]]]]}},
{"type": "Feature", "properties": {"ba_code": "4320", "blockid": "4320Q33BP08", "division": "06"}, "geometry": {"type": "MultiPolygon", "coordinates": [[[[117.8061187730001, 1.177425105000054], [117.8061726840001, 1.17737081100006], [117.80619065400003, 1.177352713000062], [117.80626253800006, 1.177289368000061], [117.806289493, 1.177262221000035], [117.8063793550001, 1.177207917000032], [117.80642796000006, 1.177203010000028], [117.8061816710001, 1.177370809000024], [117.8061726840001, 1.17737081100006], [117.80604690200005, 1.177533683000036], [117.8060110030001, 1.177714621000064], [117.80602001700004, 1.17780508200002], [117.80598410000005, 1.177922695000063], [117.80600211900003, 1.178076478000037], [117.80600212200011, 1.178085525000029], [117.80603808800004, 1.178139792000024], [117.80602910300001, 1.178148841000052], [117.80632572500008, 1.178239219000034], [117.8065774150001, 1.178356748000056], [117.80664934800006, 1.178465284000026], [117.80664935100003, 1.178474330000029], [117.806811175, 1.178628071000048], [117.8067482890001, 1.178727600000059], [117.80663143800007, 1.178691448000052], [117.8066224480001, 1.178682405000075], [117.80655955400005, 1.178754794000042], [117.80642476700007, 1.178854343000069], [117.80624496300004, 1.178682515000048], [117.80624496000007, 1.178673468000056], [117.80636180300007, 1.178682481000067], [117.80637079400003, 1.178691524000044], [117.80637078600012, 1.178664385000047], [117.80637078300003, 1.178655339000045], [117.8062089440001, 1.178447319000043], [117.80620894100002, 1.17843827300004], [117.8059916090001, 1.178184671000054], [117.80599126700008, 1.178184272000067], [117.80599109600007, 1.178184313000031], [117.80599107600005, 1.178184393000038], [117.80593929600002, 1.178393120000067], [117.80586744100003, 1.178555975000052], [117.80586744400011, 1.178565022000043], [117.80596637400004, 1.178791152000031], [117.80595738900001, 1.178800201000058], [117.8059215080001, 1.179044464000071], [117.80692820500008, 1.17928842200007], [117.80693719300007, 1.179288420000034], [117.80730571100003, 1.179360683000027], [117.80750564200002, 1.17929354000006], [117.80751955400001, 1.179288868000071], [117.80752064500007, 1.179291287000069], [117.80703228400012, 1.179809323000029], [117.80808138300006, 1.181960766000032], [117.80823057900011, 1.182155869000042], [117.80882276300008, 1.182615698000063], [117.80882053200003, 1.182548961000066], [117.808809214, 1.181642001000057], [117.80879841900003, 1.180931122000061], [117.80879266500006, 1.180645663000064], [117.80875639700002, 1.179479345000061], [117.80868417600004, 1.178276672000038], [117.80868432600005, 1.178275771000074], [117.8086841170001, 1.178274716000033], [117.80868408300012, 1.178157114000044], [117.80868404600005, 1.178026872000032], [117.80868403500006, 1.177987985000073], [117.80869394800004, 1.17782616900007], [117.80868935300009, 1.177731933000075], [117.80868036000004, 1.177713843000049], [117.80868930100007, 1.177551005000055], [117.80868014700002, 1.176972040000066], [117.80868014400005, 1.176962994000064], [117.80868904300007, 1.176655415000027], [117.8086800530001, 1.176646371000061], [117.80867991500008, 1.176166914000021], [117.80867982900008, 1.175868383000022], [117.80867982600012, 1.17585933700002], [117.80868867900006, 1.175388923000071], [117.80868867600009, 1.175379877000069], [117.80868858500003, 1.175063254000065], [117.80868858200006, 1.175054208000063], [117.80868849400008, 1.174746631000062], [117.80865225700006, 1.173751541000058], [117.80865225500008, 1.173742495000056], [117.8086702270001, 1.17373344300006], [117.8076726160001, 1.173824197000044], [117.80774454900006, 1.173932733000072], [117.80774455500011, 1.17395384100007], [117.80770859100005, 1.173905604000026], [117.80675858300003, 1.173929202000068], [117.80676287500012, 1.173919475000048], [117.80676488200004, 1.17391492400003], [117.80676531900008, 1.173913554000023], [117.80676872600009, 1.173906093000028], [117.80591105600001, 1.173942311000076], [117.8059110590001, 1.173951358000068], [117.80591106100007, 1.17396040400007], [117.80591111000001, 1.174132285000042], [117.80591111300009, 1.174141332000033], [117.80591111600006, 1.174150378000036], [117.80594748400006, 1.175606834000064], [117.80594748700003, 1.175615880000066], [117.80594772500001, 1.176448147000031], [117.80595388800009, 1.176448145000052], [117.80595677000008, 1.17664716400003], [117.80595677300005, 1.176656211000022], [117.80595701400011, 1.177497523000056], [117.80595701700008, 1.177506570000048], [117.806019923, 1.177479412000025], [117.80605586600007, 1.177452263000021], [117.80609181500006, 1.177443206000021], [117.8061187730001, 1.177425105000054]], [[117.80645039700005, 1.175986635000072], [117.80645259000005, 1.17598154600006], [117.806450906, 1.175986635000072], [117.80645039700005, 1.175986635000072]], [[117.80806911900004, 1.177451676000032], [117.80802681300008, 1.177413375000071], [117.80803315800006, 1.177415501000041], [117.80812305600011, 1.17748784600002], [117.80806911900004, 1.177451676000032]], [[117.80666715400002, 1.175349270000027], [117.80668434600011, 1.175145255000075], [117.80674718900002, 1.17489897400003], [117.80674719000001, 1.174900984000033], [117.80666715400002, 1.175349270000027]], [[117.80779876100007, 1.174927818000072], [117.80778077500008, 1.17489163700003], [117.8077627450001, 1.174701669000058], [117.80778071600002, 1.17468357100006], [117.80784443400012, 1.174639143000036], [117.80783463700004, 1.174665462000064], [117.80778971100005, 1.174710707000031], [117.80778973500003, 1.174792125000067], [117.80779874100006, 1.174855447000027], [117.80778975500004, 1.174864496000055], [117.80780775200003, 1.174936861000049], [117.807799165, 1.174948392000033], [117.807798767, 1.174945910000019], [117.80779876100007, 1.174927818000072]], [[117.80780761100004, 1.174448357000074], [117.80779967300009, 1.174364719000039], [117.80788849600003, 1.174430241000039], [117.80787053100005, 1.174466432000031], [117.8078435750001, 1.174493579000057], [117.80784827200011, 1.174519537000037], [117.8078166040001, 1.174466447000043], [117.80780761100004, 1.174448357000074]], [[117.8066031840001, 1.174195409000049], [117.80667473200003, 1.174091322000038], [117.80671102100007, 1.174141099000053], [117.80675297900007, 1.17419536500006], [117.8066031840001, 1.174195409000049]], [[117.80689161100008, 1.17705397900005], [117.806541809, 1.177150112000049], [117.80655010400005, 1.177144542000065], [117.80664894800009, 1.177072142000043], [117.80676578600003, 1.177063062000059], [117.806864646, 1.17704494100002], [117.80689571300002, 1.177004265000051], [117.80689161100008, 1.17705397900005]], [[117.80763757800003, 1.176999484000021], [117.807718496, 1.177098970000031], [117.8077439760001, 1.177150225000048], [117.8074943250001, 1.176963340000043], [117.80750275100002, 1.176963337000075], [117.8075297150001, 1.176963329000046], [117.80763757800003, 1.176999484000021]], [[117.80775421800001, 1.176302879000048], [117.80775421300007, 1.176284786000053], [117.80781712700002, 1.176284768000073], [117.8078261170001, 1.17629381200004], [117.80787108200002, 1.176384262000056], [117.80787108700008, 1.17640235500005], [117.80788008500008, 1.17643853800007], [117.80784414200002, 1.176465687000075], [117.80788910100011, 1.176538045000029], [117.80792506500006, 1.176583267000069], [117.80787115500004, 1.176637561000064], [117.80786216700005, 1.176637563000043], [117.80784419100007, 1.176637568000046], [117.80784151900002, 1.176642952000066], [117.80776324700003, 1.176447618000054], [117.807781212, 1.176411428000051], [117.8078081650001, 1.176375234000034], [117.8077632080001, 1.176311923000071], [117.80775421800001, 1.176302879000048]], [[117.80824879600004, 1.177180233000058], [117.80818586100008, 1.177107880000051], [117.8081678750001, 1.177071700000056], [117.80805102900001, 1.177053641000043], [117.80804204100002, 1.177053644000068], [117.80800609000005, 1.177053654000076], [117.80785134200005, 1.176667466000026], [117.80793409500006, 1.176728006000076], [117.8079430900001, 1.176755142000047], [117.8079431110001, 1.176827513000035], [117.80796110200004, 1.176881786000024], [117.80824877700002, 1.177116908000073], [117.8082487800001, 1.177125954000076], [117.80825776800009, 1.17712595200004], [117.80827575100011, 1.177153086000033], [117.80827575400008, 1.177162132000035], [117.80828864900002, 1.177205743000059], [117.80824879600004, 1.177180233000058]], [[117.80780332200004, 1.177232268000068], [117.80788321800003, 1.177336276000062], [117.80789840400007, 1.177632653000046], [117.8079164290001, 1.17780452900007], [117.80779961500002, 1.177895027000034], [117.80779961200005, 1.177885981000031], [117.80772771800002, 1.177913141000033], [117.8077635520001, 1.17750604400004], [117.80776354900001, 1.177496997000048], [117.80780332200004, 1.177232268000068]], [[117.8081412030001, 1.178084901000034], [117.80808717000002, 1.177714016000039], [117.80827591200011, 1.177713961000052], [117.8082849000001, 1.177713958000027], [117.80831183500004, 1.17761444000007], [117.80820396100012, 1.177542101000029], [117.80828486400003, 1.177587309000046], [117.80834776000006, 1.177523966000024], [117.80836771800011, 1.177513914000031], [117.80837267200002, 1.177498382000067], [117.80837471500001, 1.177496819000055], [117.80839274300001, 1.177677741000025], [117.80838375700012, 1.177686790000052], [117.80839276100005, 1.177741066000067], [117.80844669800001, 1.177777235000065], [117.80848266200007, 1.177822457000048], [117.8084467320001, 1.177894838000043], [117.80841977400007, 1.177912939000066], [117.80839282300008, 1.17795817800004], [117.80837485300003, 1.177976276000038], [117.80844678100004, 1.178066719000071], [117.80859059800002, 1.178111909000052], [117.80859800400003, 1.17811935900005], [117.8085995880001, 1.178120953000075], [117.8086085760001, 1.17812095000005], [117.80862490400011, 1.178115466000065], [117.80862691300001, 1.178117800000052], [117.80855600500001, 1.178193016000023], [117.8085559210001, 1.17819049700006], [117.80852932500011, 1.17819318100004], [117.8084378320001, 1.178202417000023], [117.80818622000004, 1.17835627900007], [117.80817723200005, 1.178356282000038], [117.80815923900002, 1.178292962000057], [117.80816822400004, 1.17828391300003], [117.80824907700003, 1.178157241000065], [117.8082670450001, 1.178130096000075], [117.8081412030001, 1.178084901000034]]]]}},
{"type": "Feature", "properties": {"ba_code": "4320", "blockid": "4320Q32AP08", "division": "05"}, "geometry": {"type": "MultiPolygon", "coordinates": [[[[117.80381842000008, 1.179198864000057], [117.80368751900005, 1.179137913000034], [117.80368581800008, 1.179159881000032], [117.80358150600011, 1.180471175000037], [117.80360245400004, 1.180856236000068], [117.80345999300005, 1.182971309000038], [117.80412122000007, 1.182958882000037], [117.80590465000012, 1.182925364000027], [117.80587734500011, 1.181740297000033], [117.80586230200004, 1.181070670000054], [117.80583191100004, 1.179717857000071], [117.80583182300006, 1.179713922000076], [117.80512176200011, 1.179614619000063], [117.80460943800006, 1.179533350000042], [117.80425888400009, 1.179424896000057], [117.80381842000008, 1.179198864000057]]]]}},
{"type": "Feature", "properties": {"ba_code": "4320", "blockid": "4320L16P06", "division": "01"}, "geometry": {"type": "MultiPolygon", "coordinates": [[[[117.76144391300011, 1.222326331000033], [117.76144385700002, 1.22212730900003], [117.76141690100008, 1.222154456000055], [117.76127309800006, 1.222172590000071], [117.7610663800001, 1.222190742000066], [117.76085964900005, 1.222163662000071], [117.76066190000006, 1.222118486000056], [117.7602663890001, 1.221973855000044], [117.76006864800001, 1.221955818000026], [117.75989788100003, 1.221973960000071], [117.75960129300006, 1.222028323000075], [117.75934064400008, 1.222037444000023], [117.75896316700005, 1.22210087600007], [117.75875646600002, 1.222182353000051], [117.7585947020001, 1.222254771000053], [117.7585679340001, 1.222951357000056], [117.75862225600008, 1.224353545000042], [117.75857747900011, 1.224932532000025], [117.75856869200004, 1.225647206000076], [117.75859580600002, 1.226180941000052], [117.7585600760001, 1.226967994000063], [117.75855124300006, 1.227519832000041], [117.75852435500008, 1.227791234000051], [117.75854233400003, 1.22780027500005], [117.75856942300004, 1.228243544000065], [117.75856054700012, 1.228641592000031], [117.75856960400006, 1.228885844000047], [117.75856912800009, 1.22905313900003], [117.75856853800008, 1.229261995000059], [117.75855165400003, 1.230891448000023], [117.76120369700004, 1.231029103000026], [117.76121268500003, 1.231029100000057], [117.7612580760001, 1.231024227000034], [117.76163510900005, 1.230983747000039], [117.76164386100004, 1.23015146900002], [117.76161901400008, 1.229175996000038], [117.761616107, 1.229061897000065], [117.76160564700001, 1.22865123400004], [117.76160487100003, 1.228620764000027], [117.76156205900008, 1.226939997000045], [117.76158000700002, 1.226840480000021], [117.76156184500007, 1.226180093000039], [117.76152563200003, 1.225257364000072], [117.76156146100004, 1.224823123000021], [117.7615343980001, 1.224470319000034], [117.76151630900006, 1.22407227900004], [117.761480161, 1.223375711000074], [117.76147097400008, 1.222670089000076], [117.76144391300011, 1.222326331000033]]], [[[117.75990685400006, 1.221919678000063], [117.76007762100005, 1.221901537000065], [117.760293337, 1.221919568000033], [117.76069784000003, 1.222073243000068], [117.76087761200006, 1.22211842400003], [117.76108433800005, 1.22212741200002], [117.7612820710001, 1.222118309000052], [117.76139775600006, 1.222091403000036], [117.76139954700011, 1.222038987000076], [117.76140779100001, 1.221720228000038], [117.76126398600002, 1.221729316000051], [117.76126309400001, 1.221729682000046], [117.7593585410001, 1.221756998000046], [117.75912485600008, 1.221766111000022], [117.75884623400009, 1.221784283000034], [117.7586485060001, 1.221811479000053], [117.75860363700008, 1.222064793000072], [117.75860366500001, 1.222164304000046], [117.7587564480001, 1.222119028000066], [117.75896314900001, 1.222037551000028], [117.75934062600004, 1.221974118000048], [117.75961026100003, 1.221955949000062], [117.75990685400006, 1.221919678000063]]]]}},
{"type": "Feature", "properties": {"ba_code": "4320", "blockid": "4320O40AP07", "division": "05"}, "geometry": {"type": "MultiPolygon", "coordinates": [[[[117.82893666100006, 1.201137828000071], [117.82880144500007, 1.199808060000066], [117.82858574700003, 1.199835265000047], [117.828280231, 1.200061516000062], [117.8279649960001, 1.200358057000074], [117.82759083100007, 1.200559955000074], [117.82741712400002, 1.200699015000055], [117.82712317200003, 1.200972635000028], [117.82692718600003, 1.20109825000003], [117.82681583700003, 1.201192450000065], [117.82692341800009, 1.201192720000051], [117.82893747100002, 1.201147454000022], [117.82893666100006, 1.201137828000071]]]]}},
{"type": "Feature", "properties": {"ba_code": "4320", "blockid": "4320L41P09", "division": "04"}, "geometry": {"type": "MultiPolygon", "coordinates": [[[[117.8320895920001, 1.224756788000036], [117.83207731800007, 1.223687675000065], [117.83207584700006, 1.223559588000057], [117.832080227, 1.223535538000021], [117.8320797670001, 1.223457387000053], [117.83206137400009, 1.220334337000054], [117.83206159800011, 1.220300223000038], [117.83203429200012, 1.220296973000075], [117.82941885500009, 1.220361110000056], [117.82947893700009, 1.223464345000025], [117.8294820540001, 1.223625297000069], [117.82944682300001, 1.22363586900002], [117.8294491580001, 1.223691086000031], [117.82947398400006, 1.224278149000043], [117.82959082600007, 1.224278112000036], [117.82971666100002, 1.224296166000045], [117.8297256410001, 1.224269024000023], [117.8297616000001, 1.224296152000022], [117.82981553600007, 1.224323274000028], [117.82985149300009, 1.224341355000035], [117.82993240300004, 1.224404654000068], [117.82994139100003, 1.224404652000032], [117.82997734700007, 1.22442273300004], [117.83002229200008, 1.224440812000068], [117.83013016300004, 1.224495056000023], [117.83023803600008, 1.224558347000027], [117.83025601200006, 1.224558341000034], [117.83042678700008, 1.22457638000003], [117.83051665900007, 1.224558260000038], [117.83130754700005, 1.224422318000052], [117.8313255170001, 1.224404220000054], [117.83158617600009, 1.224440324000057], [117.83162213000003, 1.224449359000062], [117.83166707200007, 1.224458391000042], [117.83174798200002, 1.224521690000074], [117.83177495100006, 1.22453977400005], [117.83186485400006, 1.224621163000052], [117.8317839660001, 1.224630235000063], [117.8317929540001, 1.224630232000038], [117.831918803, 1.224693517000048], [117.83192779700005, 1.224711607000074], [117.83195476300011, 1.224720645000048], [117.8320356700001, 1.224774897000032], [117.83205364900004, 1.22478393800003], [117.83209859400006, 1.224802016000069], [117.8320895920001, 1.224756788000036]]]]}},
{"type": "Feature", "properties": {"ba_code": "4320", "blockid": "4320L32P07", "division": "04"}, "geometry": {"type": "MultiPolygon", "coordinates": [[[[117.80688778400008, 1.220752015000073], [117.80672991400002, 1.220751703000076], [117.80420805900008, 1.22081208700007], [117.80444368200006, 1.227316360000032], [117.8044340780001, 1.227467903000047], [117.8044561370001, 1.227961905000029], [117.804470938, 1.228293360000066], [117.80447095700004, 1.228356685000051], [117.80447994800011, 1.228365729000075], [117.80451607000009, 1.228935639000042], [117.80453405900005, 1.228980866000029], [117.80456103400002, 1.229017043000056], [117.804588, 1.229026081000029], [117.80458800500003, 1.229044174000023], [117.80483959100002, 1.228790799000024], [117.80486654700007, 1.228763652000055], [117.80492045000005, 1.228682218000074], [117.80494738100003, 1.228573654000058], [117.80501922700012, 1.228383658000041], [117.80502820400011, 1.228347470000074], [117.80507310100006, 1.22820271400002], [117.80507309500001, 1.228184621000025], [117.80513592400007, 1.227895118000049], [117.8051448980001, 1.227849884000022], [117.80517185400004, 1.227822737000054], [117.80518083600009, 1.227804641000034], [117.80524372500008, 1.227714158000026], [117.80531560400004, 1.227632719000042], [117.80536952000011, 1.227596517000052], [117.8054683680001, 1.227533163000032], [117.80601660800005, 1.227460625000049], [117.80608849300006, 1.227397279000058], [117.80610646000002, 1.227370135000058], [117.80612164600007, 1.227339542000038], [117.80611543200007, 1.22731585400004], [117.80622322200009, 1.227098708000028], [117.80626809600005, 1.226881581000043], [117.80637587500007, 1.226628250000033], [117.80659152800001, 1.226438211000072], [117.80688802500003, 1.226094359000058], [117.80688643400003, 1.22076604800003], [117.80688778400008, 1.220752015000073]]]]}},
{"type": "Feature", "properties": {"ba_code": "4320", "blockid": "4320P30P07", "division": "05"}, "geometry": {"type": "MultiPolygon", "coordinates": [[[[117.80029788500008, 1.18849052500002], [117.80007317700006, 1.188445358000024], [117.79949661700005, 1.188461647000054], [117.79942606200007, 1.188463640000066], [117.79874309900003, 1.188843787000053], [117.7986083190001, 1.188970476000065], [117.79798833200005, 1.189567718000035], [117.79785357800006, 1.189784871000029], [117.79779073600002, 1.190038188000074], [117.79785300500009, 1.191294779000032], [117.7978992190001, 1.192227383000045], [117.79811496600007, 1.192363016000058], [117.8004967380001, 1.192380413000024], [117.80051399600006, 1.189892652000026], [117.80052295500002, 1.189793139000074], [117.80057678800006, 1.18946745300002], [117.80056857400007, 1.189346712000031], [117.80054971000004, 1.189069420000067], [117.80054959600011, 1.188675204000049], [117.80054959000006, 1.188653286000033], [117.80029788500008, 1.18849052500002]]], [[[117.80047625000009, 1.183650656000054], [117.80046842800004, 1.183178695000038], [117.80035806300009, 1.183178910000038], [117.79869416000008, 1.183182274000046], [117.79850181200004, 1.183180311000058], [117.79850309100004, 1.183182437000028], [117.79853477200004, 1.183235085000035], [117.79854715400006, 1.183287362000044], [117.79857976500011, 1.183425046000025], [117.79858877400011, 1.183497415000033], [117.79859110900009, 1.183640797000066], [117.79869451400009, 1.184321779000072], [117.79865633600002, 1.184492043000034], [117.79862293100007, 1.184641144000068], [117.79863634300011, 1.184756566000033], [117.79866606900009, 1.185105720000024], [117.79884869200009, 1.185434630000032], [117.79889458100001, 1.185497139000063], [117.79890896300003, 1.185663540000064], [117.79900747300007, 1.185933800000043], [117.79959153300001, 1.186798902000021], [117.79960199600009, 1.186836473000028], [117.79970846800006, 1.187057319000075], [117.79974923100008, 1.187352353000051], [117.7997694180001, 1.187388825000028], [117.79984248700009, 1.187520845000051], [117.799871101, 1.187568149000072], [117.79994119700007, 1.18768403100006], [117.799971088, 1.187778708000053], [117.79998154900011, 1.187810266000042], [117.80006672800005, 1.188040191000027], [117.80009751900002, 1.188081514000032], [117.80012834800004, 1.188156860000049], [117.8001629800001, 1.188182987000062], [117.80019893300005, 1.188192023000056], [117.80020791900006, 1.188182974000028], [117.80031576200008, 1.188146757000027], [117.80046852800001, 1.188056248000066], [117.80054037800005, 1.18787530000003], [117.80063022700006, 1.187775763000047], [117.8006392100001, 1.187757668000074], [117.80063021700005, 1.187739578000048], [117.80054930300003, 1.187658184000043], [117.80049534300008, 1.187540597000066], [117.80042340400007, 1.187413968000044], [117.80041440600007, 1.187377785000024], [117.80041439800004, 1.187350646000027], [117.8003424750001, 1.187278296000045], [117.8003424200001, 1.187088322000022], [117.80035140000007, 1.187061180000057], [117.80035491900003, 1.187043448000054], [117.80036037500008, 1.187015946000031], [117.80047718500009, 1.186907355000073], [117.80048105500009, 1.186906653000051], [117.80051260100004, 1.186872441000048], [117.80048539600011, 1.184202483000035], [117.80052264800008, 1.184130030000063], [117.80052122300003, 1.183768246000056], [117.80051222700001, 1.183741109000039], [117.80050322600005, 1.183695880000073], [117.80047625000009, 1.183650656000054]]]]}},
{"type": "Feature", "properties": {"ba_code": "4320", "blockid": "4320K25P05", "division": "02"}, "geometry": {"type": "MultiPolygon", "coordinates": [[[[117.78743400400003, 1.230929772000025], [117.78744019800001, 1.230845987000066], [117.78743057300005, 1.230831464000062], [117.78690926600007, 1.23081352600002], [117.78565095200008, 1.230813899000054], [117.78474317400003, 1.230832261000046], [117.78427581800008, 1.23089572400005], [117.78424885400011, 1.230895732000022], [117.78424893600004, 1.231176171000072], [117.78425664000008, 1.231397676000029], [117.78424915100004, 1.231908931000021], [117.78431234700008, 1.232867833000057], [117.78429445300003, 1.233148277000055], [117.78431295100006, 1.234930416000054], [117.78429519000008, 1.235663181000064], [117.78434036300007, 1.236459253000021], [117.78432232800003, 1.236598746000027], [117.78430605900007, 1.23669078000006], [117.7872644580001, 1.236905544000024], [117.78751324900009, 1.23690158200003], [117.78753118300006, 1.236756834000062], [117.78751320100002, 1.236738746000071], [117.78751309200004, 1.236367843000039], [117.78749464200007, 1.234757588000036], [117.78750413600005, 1.234534354000061], [117.78749186400012, 1.233948741000063], [117.78744426100002, 1.231621268000026], [117.78744074200006, 1.231051204000039], [117.78743400400003, 1.230929772000025]]]]}},
{"type": "Feature", "properties": {"ba_code": "4320", "blockid": "4320O39AP07", "division": "05"}, "geometry": {"type": "MultiPolygon", "coordinates": [[[[117.82512580800005, 1.201003294000031], [117.82495496400009, 1.200750048000032], [117.82489205000002, 1.200750067000058], [117.82470332500009, 1.200813449000066], [117.8245325580001, 1.200813501000027], [117.82439775500006, 1.20085877300005], [117.82420899800002, 1.200813599000071], [117.82416403500008, 1.200732196000047], [117.82396629000004, 1.200687024000047], [117.8238224480001, 1.200560419000055], [117.82366961000002, 1.200406678000036], [117.82356166700004, 1.200108181000076], [117.82348073900005, 1.199981557000058], [117.8235170800001, 1.201284218000069], [117.82520538200004, 1.201221427000064], [117.82527146900009, 1.201218968000035], [117.82526976600002, 1.201215588000025], [117.82524802800003, 1.201183601000025], [117.82512580800005, 1.201003294000031]]]]}},
{"type": "Feature", "properties": {"ba_code": "4320", "blockid": "4320L35P07", "division": "04"}, "geometry": {"type": "MultiPolygon", "coordinates": [[[[117.81410375200005, 1.220962878000023], [117.81424748200004, 1.220709536000072], [117.8142086260001, 1.220709703000068], [117.8127751400001, 1.220720752000034], [117.8127742590001, 1.22072075400007], [117.81281018200002, 1.223233908000054], [117.8131517160001, 1.223215711000023], [117.81364581700007, 1.222446620000028], [117.81386137100003, 1.221930912000062], [117.81364554000004, 1.22152389200005], [117.8136455130001, 1.221433428000068], [117.81410375200005, 1.220962878000023]]]]}},
{"type": "Feature", "properties": {"ba_code": "4320", "blockid": "4320O22P06", "division": "03"}, "geometry": {"type": "MultiPolygon", "coordinates": [[[[117.775887183, 1.202263833000075], [117.77614250200008, 1.202229957000043], [117.7765315800001, 1.202268185000037], [117.776729853, 1.202259056000059], [117.77688756400005, 1.202227262000065], [117.77700923400005, 1.202231763000043], [117.77726158100006, 1.202218084000037], [117.77787692900006, 1.202184244000023], [117.77787809000006, 1.202184795000051], [117.7778590900001, 1.201885701000037], [117.77788447500006, 1.201612914000066], [117.7778151870001, 1.201049340000054], [117.77776672000005, 1.20077799400002], [117.7777666720001, 1.200611003000063], [117.7777735520001, 1.200492716000042], [117.77778395900009, 1.200403238000035], [117.7777872580001, 1.200068277000071], [117.77775036900005, 1.198818991000053], [117.77723811400006, 1.199009112000056], [117.77637535200006, 1.199271706000047], [117.77602059000003, 1.199412620000032], [117.77601410200009, 1.199415197000064], [117.77601405100006, 1.199415181000063], [117.77599886500002, 1.199411017000045], [117.77596068900004, 1.199400551000053], [117.77576648800004, 1.19944947700003], [117.77564026200002, 1.199493496000059], [117.77555423500007, 1.199526195000033], [117.77517108400002, 1.199652], [117.77503820000004, 1.199695298000051], [117.77495978000002, 1.199721187000023], [117.77498056600007, 1.199888172000044], [117.77498247400001, 1.200131515000066], [117.77496994400008, 1.200487474000056], [117.77496864200009, 1.200524442000074], [117.77496855200002, 1.200527003000047], [117.77496634900001, 1.200589603000026], [117.77496464100011, 1.200638121000054], [117.77496955800007, 1.200696759000039], [117.77498065100008, 1.20086053600005], [117.77503635100004, 1.20159981300003], [117.77502961900007, 1.202239947000066], [117.77547740400007, 1.202248241000063], [117.77565179500004, 1.202288475000046], [117.775887183, 1.202263833000075]]]]}},
{"type": "Feature", "properties": {"ba_code": "4320", "blockid": "4320L12P09", "division": "01"}, "geometry": {"type": "MultiPolygon", "coordinates": [[[[117.7500747140001, 1.224526719000039], [117.7500741560001, 1.222519528000021], [117.75006508000001, 1.222202903000039], [117.747332776, 1.222384600000055], [117.74727884800006, 1.222384615000067], [117.74732396600007, 1.223026904000051], [117.74731256000007, 1.223151715000029], [117.74738702200011, 1.223533490000023], [117.7473960530001, 1.223687278000057], [117.74745003400005, 1.223877239000046], [117.74754895700005, 1.224076234000051], [117.74775570600002, 1.224166641000068], [117.74798938700008, 1.22413943600003], [117.74860058500008, 1.224184497000067], [117.74878033200002, 1.224139214000047], [117.74880729400002, 1.224130160000072], [117.74893311800008, 1.224102985000059], [117.74896008700011, 1.224121070000024], [117.7490050350001, 1.224148197000034], [117.74913987800005, 1.224229578000063], [117.74931966600002, 1.224329039000054], [117.7494634840001, 1.224365184000021], [117.74951741200005, 1.224365169000066], [117.74974212200004, 1.224401292000039], [117.7500747140001, 1.224527849000026], [117.7500747140001, 1.224527673000068], [117.7500747140001, 1.224526719000039]]]]}},
{"type": "Feature", "properties": {"ba_code": "4320", "blockid": "4320M14P06", "division": "01"}, "geometry": {"type": "MultiPolygon", "coordinates": [[[[117.75293559300007, 1.212779415000057], [117.75292033700009, 1.213923629000021], [117.75283439500004, 1.213933264000048], [117.75283371100011, 1.214172623000024], [117.75283320400001, 1.214350276000062], [117.75306860100011, 1.214454485000033], [117.75325369000007, 1.214530585000034], [117.75330762500005, 1.214557709000076], [117.7532896570001, 1.214584854000066], [117.75329866200002, 1.214648177000072], [117.75330766000002, 1.214684360000035], [117.75331665300007, 1.214702450000061], [117.75332565100007, 1.214738634000071], [117.75339758500002, 1.214847171000031], [117.75348747500004, 1.214883332000056], [117.75366728900008, 1.21508230400002], [117.75378417800005, 1.215245108000033], [117.75397296300002, 1.215380753000034], [117.75391910500002, 1.215634069000032], [117.75371243000006, 1.215806011000041], [117.75362431300005, 1.215930251000032], [117.75346603600008, 1.216002717000038], [117.75326311100002, 1.216095624000047], [117.75318221200007, 1.216068508000035], [117.75316422600008, 1.21603232700005], [117.75308334400006, 1.216068535000034], [117.75307019200011, 1.216125973000032], [117.75302941600012, 1.216068550000045], [117.75285860200006, 1.215914808000036], [117.75284063400011, 1.215941953000026], [117.75290366700006, 1.216367120000029], [117.75287678100005, 1.216647569000031], [117.7529669700001, 1.217760261000024], [117.75292222100006, 1.218447807000075], [117.75295109900003, 1.219434726000031], [117.7529511240001, 1.219524723000063], [117.75293155500003, 1.21969621900007], [117.75293130300008, 1.21969972200003], [117.75293156500004, 1.219732405000059], [117.7528510080001, 1.220935611000073], [117.75283331100002, 1.221939776000056], [117.75340853300008, 1.221903427000029], [117.75424758300005, 1.221865149000052], [117.75440618800008, 1.221857913000065], [117.7553049820001, 1.221839566000028], [117.755357075, 1.221817528000031], [117.75575432900007, 1.221649463000062], [117.75567283100008, 1.219478330000072], [117.75569065000002, 1.218917444000056], [117.75564531200007, 1.217488112000069], [117.75558917300009, 1.21600576700007], [117.75558780800009, 1.21596971200006], [117.75560180700006, 1.215994746000035], [117.75560212000005, 1.215994569000031], [117.75560542800008, 1.214085548000071], [117.75560379400008, 1.214084546000038], [117.75530448100005, 1.214131705000057], [117.7550152340001, 1.214177277000033], [117.75499009500004, 1.214211530000057], [117.75492651200011, 1.214186116000064], [117.75488041900007, 1.214195408000023], [117.75480851800012, 1.214204475000031], [117.75476357800005, 1.214204487000075], [117.75471863300004, 1.214186407000057], [117.75469166900007, 1.214186415000029], [117.75465570300003, 1.214132146000054], [117.75461973100005, 1.214059784000028], [117.75461072300004, 1.21398741500002], [117.75460171500004, 1.213915045000022], [117.75456575500004, 1.213887916000033], [117.7545657500001, 1.213869823000039], [117.75454775900005, 1.21381554900006], [117.754531928, 1.213759838000044], [117.75427809300004, 1.213716114000022], [117.75416123200011, 1.213652821000039], [117.75401860300008, 1.213585314000056], [117.75400841600003, 1.213580492000062], [117.75399703000005, 1.213578083000073], [117.75392314500004, 1.213562448000062], [117.75383763500008, 1.213544354000021], [117.75366683800007, 1.213453937000054], [117.75342410600001, 1.213245936000021], [117.75333417800005, 1.213074078000034], [117.75325926500011, 1.212989854000057], [117.75318133500002, 1.212902238000027], [117.75304967200009, 1.212816542000041], [117.75302851200001, 1.212802769000064], [117.75293559300007, 1.212779415000057]]]]}},
{"type": "Feature", "properties": {"ba_code": "4320", "blockid": "4320P36AP07", "division": "05"}, "geometry": {"type": "MultiPolygon", "coordinates": [[[[117.8150478770001, 1.192104725000036], [117.81635108400008, 1.192041012000061], [117.81624307100003, 1.191498263000028], [117.81613522600003, 1.191525435000074], [117.8160992930001, 1.191588770000067], [117.81600942900002, 1.191634028000067], [117.81590161300005, 1.19176070900005], [117.81582072300012, 1.191760733000024], [117.81556009700012, 1.191824136000037], [117.81540247100008, 1.192053957000041], [117.81535207800005, 1.192076166000049], [117.81506543100011, 1.192085763000023], [117.8150478450001, 1.191996169000049], [117.81506577000005, 1.191824283000074], [117.81519154800003, 1.191652365000039], [117.81528135600001, 1.191417133000073], [117.81532623100009, 1.19120000700002], [117.81515545900004, 1.191181965000055], [117.81506556200009, 1.191118667000069], [117.81491277000009, 1.191118713000037], [117.81493969400003, 1.190983010000025], [117.81476892100011, 1.19096496800006], [117.814786851, 1.190811174000032], [117.81529914300006, 1.19077483600006], [117.81538900700002, 1.19072957800006], [117.815388944, 1.19051246500004], [117.81536196200011, 1.190449149000074], [117.81441826000002, 1.190494661000059], [117.81421152300004, 1.190431398000044], [117.8141844700001, 1.190123830000061], [117.81429229900004, 1.190042381000069], [117.81435518100011, 1.189933806000056], [117.81427426800008, 1.18985241300004], [117.81416626900011, 1.189354896000054], [117.81418422000002, 1.189273473000071], [117.81410328000004, 1.189101616000073], [117.81401338900002, 1.189056411000024], [117.81377971300003, 1.189074573000028], [117.81367183600003, 1.18899318800004], [117.81364486000007, 1.188947964000022], [117.8130876130001, 1.188930037000034], [117.81308997100007, 1.188945240000066], [117.813582816, 1.192122865000044], [117.81358286900002, 1.192123035000066], [117.81381822800006, 1.192120093000028], [117.8150478770001, 1.192104725000036]]]]}},
{"type": "Feature", "properties": {"ba_code": "4320", "blockid": "4320M23P06", "division": "01"}, "geometry": {"type": "MultiPolygon", "coordinates": [[[[117.77834546000008, 1.221302623000042], [117.77852400200004, 1.221299455000064], [117.781412036, 1.221248204000062], [117.78142305000006, 1.221194834000073], [117.78134963900004, 1.218119835000039], [117.78133530000002, 1.217887938000047], [117.78134209100006, 1.21777217500005], [117.78133084500007, 1.214352298000051], [117.78132336100009, 1.213210538000055], [117.78132311700006, 1.212360044000036], [117.7813230050001, 1.211967657000059], [117.78132277800012, 1.211898618000021], [117.78132272800008, 1.211883479000051], [117.78126831100008, 1.211754374000066], [117.78127176700002, 1.211749733000033], [117.7803104190001, 1.211733094000067], [117.77978222500008, 1.211744452000062], [117.7793188710001, 1.211756942000022], [117.77898833900008, 1.211765851000052], [117.77858598000012, 1.211770176000073], [117.77812251300008, 1.21179806300006], [117.77812680200009, 1.211964564000027], [117.77817799000002, 1.212972097000034], [117.77817815000003, 1.213531372000034], [117.7781959780001, 1.213979337000069], [117.77821434100008, 1.214741810000021], [117.77822357200012, 1.215294260000064], [117.77827373600007, 1.216225654000027], [117.77831930000002, 1.216928764000045], [117.77835121700002, 1.217499471000053], [117.77831507300004, 1.218006278000075], [117.77830619400004, 1.21868200900002], [117.778306369, 1.219289251000021], [117.77830193300008, 1.219640813000069], [117.77827028500008, 1.220006081000065], [117.7782567370001, 1.220216109000035], [117.77824770900008, 1.220371347000025], [117.77826197800005, 1.220697221000023], [117.77832599700002, 1.221190118000038], [117.77834062200009, 1.221302709000042], [117.77834546000008, 1.221302623000042]]]]}},
{"type": "Feature", "properties": {"ba_code": "4320", "blockid": "4320L18P05", "division": "01"}, "geometry": {"type": "MultiPolygon", "coordinates": [[[[117.76699597600009, 1.226028019000069], [117.76698871600001, 1.22570341900007], [117.76698928700011, 1.22570524300005], [117.76700289000007, 1.225140772000032], [117.76695673100005, 1.223640574000058], [117.76695670400011, 1.223640619000037], [117.76695345200005, 1.22363589400004], [117.76690808100011, 1.223568529000033], [117.76647657400008, 1.223270120000052], [117.76561358700008, 1.222772812000073], [117.76480463400003, 1.222646394000037], [117.7642787530001, 1.222523286000069], [117.76425734700001, 1.223022105000041], [117.764257369, 1.223099646000037], [117.7642574250001, 1.223295760000042], [117.76425761300004, 1.223962937000067], [117.76435680400004, 1.225102763000052], [117.76438415300004, 1.226459724000051], [117.76442921300008, 1.226884895000069], [117.76435783400007, 1.228730394000024], [117.76442597300002, 1.229120658000056], [117.76443726900004, 1.229185354000037], [117.76443885800006, 1.229194454000037], [117.76444786000002, 1.229246016000047], [117.76445876800005, 1.229999365000026], [117.76446235600008, 1.230247235000036], [117.76446619700005, 1.230512515000044], [117.76446577000002, 1.230517039000063], [117.76444827500006, 1.230702496000049], [117.7644691590001, 1.231051501000024], [117.76613751100001, 1.231027354000048], [117.76614017800011, 1.231027353000059], [117.7662508620001, 1.231025978000048], [117.76702445100011, 1.231015668000055], [117.76702441500004, 1.23100755400003], [117.76702925000006, 1.231007489000035], [117.76702277600009, 1.230641220000052], [117.76701855600004, 1.22969759700004], [117.76707602600004, 1.229579434000073], [117.76707580000004, 1.228785100000039], [117.76710828800003, 1.228588554000055], [117.76709011100002, 1.228476305000072], [117.76704506600004, 1.228105413000037], [117.76698583000007, 1.227122758000064], [117.76699393800004, 1.227024487000051], [117.767010174, 1.226901647000034], [117.76701774100002, 1.226838917000066], [117.7670101120001, 1.226680545000022], [117.76699966700005, 1.226495157000045], [117.76699597600009, 1.226028019000069]]], [[[117.76692733100003, 1.221685274000038], [117.76688535900007, 1.221620826000049], [117.76678256800005, 1.221610132000023], [117.766467981, 1.221583083000041], [117.76613541900008, 1.221556039000063], [117.76584780100006, 1.221547076000036], [117.76566805200002, 1.221583313000053], [117.76502991900009, 1.221628728000042], [117.76459849600008, 1.221628852000038], [117.76442772000007, 1.221610808000037], [117.76427492900007, 1.221628944000031], [117.76425696600006, 1.221674182000072], [117.76429306400007, 1.22218982000004], [117.76428246700004, 1.222436763000076], [117.76481447300011, 1.222566983000036], [117.76562342600005, 1.222693401000072], [117.76648641300005, 1.22319070900005], [117.76691792000008, 1.223489118000032], [117.76695314500012, 1.223524037000061], [117.76695225300011, 1.223495038000067], [117.76693584200007, 1.223003701000039], [117.76691547900009, 1.22277050100007], [117.76691947200004, 1.222659768000028], [117.766911649, 1.222463165000022], [117.76692739600003, 1.221914567000056], [117.76692733100003, 1.221685274000038]]]]}},
{"type": "Feature", "properties": {"ba_code": "4320", "blockid": "4320L26P05", "division": "02"}, "geometry": {"type": "MultiPolygon", "coordinates": [[[[117.79019610000012, 1.221413331000065], [117.79019603100005, 1.221178125000051], [117.78918939000005, 1.221196515000031], [117.78873812000006, 1.221187637000071], [117.7882047490001, 1.221201473000065], [117.78774962300008, 1.221207228000026], [117.78735872300001, 1.221232637000071], [117.78738235100002, 1.221591318000037], [117.78733811000006, 1.221993146000045], [117.787365625, 1.223883838000063], [117.78736573600008, 1.224263787000041], [117.7874020700001, 1.225575506000041], [117.78742909000005, 1.225765473000024], [117.78749346400002, 1.230750027000056], [117.78901242800009, 1.230749575000061], [117.79047745600008, 1.230722], [117.79051335100007, 1.230532014000062], [117.79036463400007, 1.227166659000034], [117.7903178790001, 1.226184525000065], [117.7903270270001, 1.225688771000023], [117.79032695300009, 1.225436218000027], [117.79031757200005, 1.225136900000052], [117.79018244300005, 1.221589897000058], [117.79019610000012, 1.221413331000065]]]]}},
{"type": "Feature", "properties": {"ba_code": "4320", "blockid": "4320P29P07", "division": "05"}, "geometry": {"type": "MultiPolygon", "coordinates": [[[[117.79460886800007, 1.19303730300004], [117.79834666200009, 1.18909198700004], [117.79853535600012, 1.188920051000025], [117.79852069700007, 1.188883196000063], [117.79851736700004, 1.188874824000038], [117.79802313800008, 1.189218731000039], [117.7972052560001, 1.18924610800002], [117.79626156900008, 1.189354939000054], [117.795614408, 1.189219431000026], [117.79533580500004, 1.189282836000075], [117.79519203100006, 1.189391435000061], [117.7950572630001, 1.189563355000075], [117.79494950300011, 1.189889057000073], [117.79499460800002, 1.190468013000043], [117.79493179700012, 1.190829888000053], [117.79471617000002, 1.191110388000027], [117.79431182200005, 1.19147236200007], [117.79388056300002, 1.192015271000059], [117.79376381500003, 1.192229068000074], [117.79368293400012, 1.192377184000065], [117.79362011800004, 1.192720966000024], [117.79362021700001, 1.193064729000071], [117.79375510600005, 1.193317989000036], [117.79403380400004, 1.19358025400004], [117.79460886800007, 1.19303730300004]]], [[[117.79547152200007, 1.192421897000031], [117.79645118000008, 1.192376380000042], [117.79688259400007, 1.192376254000067], [117.79732864400012, 1.192385286000047], [117.79776340400008, 1.19239409000005], [117.797763099, 1.191333974000031], [117.7977629180001, 1.190702415000032], [117.79770239000004, 1.190268167000056], [117.7977003640001, 1.190269066000042], [117.7976819050001, 1.190277258000037], [117.797034875, 1.190594070000031], [117.79531872900009, 1.192421941000021], [117.79547152200007, 1.192421897000031]]]]}},
{"type": "Feature", "properties": {"ba_code": "4320", "blockid": "4320P34AP07", "division": "05"}, "geometry": {"type": "MultiPolygon", "coordinates": [[[[117.81197880600007, 1.192136330000039], [117.81200856600003, 1.188592256000049], [117.81186517000003, 1.188559498000075], [117.81180226300012, 1.188586656000041], [117.81164945800003, 1.188541469000029], [117.81158652500005, 1.18847816300007], [117.81150562700009, 1.188451048000047], [117.81147873300006, 1.188686261000043], [117.81152370300003, 1.188794804000054], [117.81164958200009, 1.188966648000076], [117.8118922650001, 1.189011808000032], [117.81196206600009, 1.189193145000047], [117.81187048900006, 1.189295786000059], [117.81176655500008, 1.189418932000024], [117.8115239330001, 1.189581838000038], [117.81148798000004, 1.189572802000043], [117.81143403200008, 1.189500447000057], [117.81143399700011, 1.189382844000022], [117.8114070260001, 1.189355713000054], [117.81130818200006, 1.189428114000066], [117.81130818500003, 1.189437160000068], [117.81091271800005, 1.18941918400003], [117.81082282700004, 1.189373979000038], [117.81075987500003, 1.189247348000038], [117.81075086900012, 1.189184027000067], [117.81075984600011, 1.189147838000054], [117.81079576600007, 1.18903927100007], [117.8107957630001, 1.189030225000067], [117.8108317010001, 1.188984983000068], [117.81086764400004, 1.188957833000075], [117.81089459400005, 1.188912593000055], [117.81091255400008, 1.188858310000057], [117.81086759900006, 1.18880404500004], [117.810822647, 1.188758826000026], [117.81075973300005, 1.188758845000052], [117.81066985300004, 1.188749825000059], [117.81052605600007, 1.188777007000056], [117.8104901050001, 1.188777017000064], [117.81046314200012, 1.188777025000036], [117.81032833600011, 1.188813250000067], [117.81026542400002, 1.188822315000039], [117.8101485730001, 1.188786164000021], [117.81013958800008, 1.188795213000049], [117.81004970200001, 1.188768101000051], [117.80995981100011, 1.188722896000058], [117.80987892900009, 1.188750059000029], [117.80981602000008, 1.18876817000006], [117.80970818000003, 1.188813434000053], [117.80965428000002, 1.188903913000047], [117.8096902630001, 1.189012459000026], [117.80973523900002, 1.18913909500003], [117.80970830700005, 1.189247659000046], [117.80968138000003, 1.189374316000055], [117.80961656800002, 1.18945590900006], [117.80957356700003, 1.189510043000041], [117.80954660100008, 1.189501005000068], [117.80947063400004, 1.189501028000052], [117.80945672300004, 1.189501032000067], [117.80940281000005, 1.189546279000069], [117.809086653, 1.189572891000068], [117.80907925800011, 1.189573514000074], [117.80914294800004, 1.192233127000065], [117.80916089400012, 1.192232387000047], [117.81061938100004, 1.192172280000023], [117.81135391400005, 1.192142009000065], [117.81197880600007, 1.192136330000039]]], [[[117.80941974300003, 1.185963913000023], [117.80966238100007, 1.185855285000059], [117.80972530800011, 1.18590049900007], [117.80986909900003, 1.185855225000068], [117.8100039420001, 1.185945648000029], [117.81008481900005, 1.185900393000054], [117.8101746960001, 1.185900366000055], [117.81023759700008, 1.185855116000027], [117.81025554100006, 1.185746554000048], [117.81019260800008, 1.185683248000032], [117.81019259000004, 1.185619924000036], [117.8103004190001, 1.185538475000044], [117.8103633390001, 1.185556549000069], [117.8106060450001, 1.185683127000061], [117.8107138800001, 1.185619770000073], [117.81047110000009, 1.185239894000063], [117.81036315800009, 1.184932350000054], [117.81034499000009, 1.184271971000044], [117.81021910400011, 1.184072988000025], [117.81008423800006, 1.183901146000039], [117.80989544800002, 1.183738367000046], [117.80974259800007, 1.183539392000057], [117.80967961600004, 1.18330420500007], [117.8097244920001, 1.183087079000074], [117.80963458300005, 1.18297854900004], [117.8094188770001, 1.182978612000056], [117.80905933800011, 1.182879208000031], [117.80899885400004, 1.182884760000036], [117.80886161300009, 1.182897359000037], [117.80886161800004, 1.182915451000042], [117.80890594000005, 1.184228998000037], [117.80895227500002, 1.185602196000048], [117.80906012000003, 1.185575025000048], [117.80909607100011, 1.18557501500004], [117.80912308400002, 1.18574688800004], [117.80920398700005, 1.185792096000057], [117.8092758890001, 1.185792075000052], [117.80937477300006, 1.18585537000007], [117.80941974300003, 1.185963913000023]]], [[[117.81133490500008, 1.188604887000054], [117.81126294700005, 1.188414934000036], [117.81137076100003, 1.188279207000051], [117.81139772400002, 1.188279199000021], [117.81161344400005, 1.188324367000064], [117.8117842480001, 1.188450966000062], [117.81210780700007, 1.188450870000054], [117.8121437530001, 1.188432767000052], [117.81214374000001, 1.188387535000061], [117.81197295400011, 1.188324261000048], [117.81193701100005, 1.188351410000053], [117.81191004800007, 1.188351418000025], [117.81172129700008, 1.188324335000061], [117.81163140600006, 1.188279130000069], [117.8115235030001, 1.188107281000043], [117.81141553100008, 1.18770022700005], [117.81146036400003, 1.187338359000023], [117.81144236500006, 1.187256947000037], [117.81133448500009, 1.187166515000058], [117.81118174400001, 1.187338441000065], [117.81109191100006, 1.187492256000041], [117.81101102600007, 1.18751037200002], [117.81088524200004, 1.18766419800005], [117.81075044500005, 1.18772756200002], [117.81040883300011, 1.187465318000022], [117.81039082600012, 1.18735676700004], [117.81028296200009, 1.187320614000043], [117.81014811400007, 1.187212097000042], [117.81004022400009, 1.187085480000064], [117.8099773020001, 1.187058359000048], [117.80986947500003, 1.187148855000032], [117.80968072500002, 1.187121771000022], [117.809464982, 1.186995186000047], [117.80929421400003, 1.18699523600003], [117.80923126300002, 1.186868605000029], [117.80914137700006, 1.186841493000031], [117.80901551200009, 1.186714881000057], [117.80897057300001, 1.186714894000033], [117.80906830700008, 1.188824711000052], [117.8090791080001, 1.189057871000045], [117.80912405700008, 1.189094043000068], [117.80916004800008, 1.189229728000043], [117.80920499700005, 1.189265900000066], [117.80933802200002, 1.189060467000047], [117.80933975300002, 1.189057794000064], [117.809465455, 1.188623531000076], [117.80980694800007, 1.188478689000021], [117.81004063000012, 1.188478620000069], [117.81025635500009, 1.188541881000049], [117.81073270600007, 1.188541740000062], [117.81088552200004, 1.188623112000073], [117.8111192670001, 1.188840156000026], [117.81107436500008, 1.18896681800004], [117.81096655700003, 1.18912063800002], [117.81092166300004, 1.18927444000002], [117.8111373800001, 1.18931056100007], [117.81129016200009, 1.189274331000036], [117.81141594500002, 1.189120505000062], [117.8113349680001, 1.188821999000027], [117.81133490500008, 1.188604887000054]]]]}},
{"type": "Feature", "properties": {"ba_code": "4320", "blockid": "4320N44P07", "division": "05"}, "geometry": {"type": "MultiPolygon", "coordinates": [[[[117.83946292400003, 1.206390493000072], [117.8391212460001, 1.205920191000075], [117.8389055450001, 1.205938351000043], [117.83890524300011, 1.204952304000074], [117.83901301300011, 1.204680882000048], [117.83901292700011, 1.204400447000069], [117.83892297800003, 1.204165271000022], [117.83886003600003, 1.204074827000056], [117.83867124100004, 1.203903006000075], [117.83860828800005, 1.203776377000054], [117.83860825500005, 1.203667822000057], [117.83862609200003, 1.203215501000045], [117.8387338010001, 1.20274506100003], [117.83867061900003, 1.201867589000074], [117.83867040400003, 1.201161978000073], [117.83763681100004, 1.201153251000051], [117.83776353600001, 1.204093259000047], [117.83779050800001, 1.204120390000071], [117.83780848300012, 1.204120384000021], [117.83796200800009, 1.206517606000034], [117.83802506000006, 1.206969902000026], [117.83802833400011, 1.207044505000056], [117.83806807300004, 1.207950065000034], [117.8380703150001, 1.208001166000031], [117.83804376, 1.209330980000061], [117.83807108600001, 1.210516037000048], [117.83980568700008, 1.210388849000026], [117.83989555100004, 1.210343589000047], [117.83991326800003, 1.209502278000059], [117.83985010300012, 1.208688131000031], [117.84008377100008, 1.208642827000062], [117.84008376000008, 1.208606642000063], [117.84002082600011, 1.208543338000027], [117.83993086200007, 1.208262930000046], [117.83983196400004, 1.208154406000062], [117.83980497300001, 1.208063951000042], [117.8397869050001, 1.207765429000062], [117.83972384700007, 1.207295041000066], [117.83955285500008, 1.206562344000019], [117.83946292400003, 1.206390493000072]]]]}},
{"type": "Feature", "properties": {"ba_code": "4320", "blockid": "4320Q30BP08", "division": "06"}, "geometry": {"type": "MultiPolygon", "coordinates": [[[[117.80006924600002, 1.17470389600004], [117.8000692380001, 1.174676757000043], [117.79983550800011, 1.174504943000045], [117.79982652000001, 1.17450494600007], [117.799862458, 1.174459703000025], [117.80025793700008, 1.174522914000022], [117.80027591500004, 1.17453195500002], [117.80028490300003, 1.174531953000042], [117.8003028810001, 1.17454099400004], [117.80031187400004, 1.174559084000066], [117.80021305700006, 1.174730994000072], [117.80021306000003, 1.174740041000064], [117.80034204000003, 1.174869787000034], [117.8003479140001, 1.174872396000069], [117.800347912, 1.174866651000059], [117.80032977300004, 1.173993293000024], [117.80032995200008, 1.173982883000065], [117.80028657600008, 1.173982927000054], [117.79943990600009, 1.174007506000066], [117.79943990800007, 1.174016552000069], [117.79954784600011, 1.174315052000054], [117.799538858, 1.174315054000033], [117.79953886400006, 1.174333147000027], [117.79956584000001, 1.174378371000046], [117.79957482700001, 1.174378369000067], [117.79961078300005, 1.174396451000064], [117.79970967400004, 1.174486887000057], [117.79970967700001, 1.17449593300006], [117.79979059200002, 1.174586374000057], [117.79977264000001, 1.174667796000051], [117.79969174000007, 1.174631634000036], [117.79956591400003, 1.174640717000045], [117.7995209830001, 1.174667869000075], [117.7994311110001, 1.174685987000032], [117.79937718700012, 1.174695049000036], [117.79935022100005, 1.174686011000063], [117.79929626900002, 1.174595562000036], [117.7992692900001, 1.174541292000072], [117.79927827600011, 1.174532243000044], [117.79929622300006, 1.174432727000067], [117.79940406500009, 1.174396511000054], [117.79940405800005, 1.174369372000058], [117.79935908300001, 1.174242735000064], [117.7993411000001, 1.174215601000071], [117.7993590320001, 1.174061807000044], [117.79935901600004, 1.17400752900005], [117.79935901600004, 1.174007485000061], [117.79935370500004, 1.174007483000025], [117.79935335800008, 1.174007531000029], [117.79880177600012, 1.174007689000064], [117.79879278600004, 1.17399864500004], [117.79878379800004, 1.173998648000065], [117.79868367200004, 1.174004976000049], [117.798639997, 1.174007736000021], [117.79877487500005, 1.174224810000055], [117.79881089000003, 1.174450960000058], [117.79880195900012, 1.174649983000052], [117.7989008730001, 1.174821836000035], [117.79908964300012, 1.174921292000022], [117.7992694290001, 1.175029797000036], [117.79951214200003, 1.175183516000061], [117.7997009180001, 1.175301064000053], [117.79987170800007, 1.175382432000049], [117.80013235600006, 1.175391404000038], [117.80015033100005, 1.175391399000034], [117.800204258, 1.175391383000033], [117.8002402090001, 1.175391373000025], [117.80034806100002, 1.175391342000069], [117.80034805500009, 1.175367873000027], [117.80034800200008, 1.175183275000052], [117.80034799900011, 1.175176819000058], [117.80033601000002, 1.175174863000052], [117.80017722500008, 1.175147138000057], [117.80017722200012, 1.175138092000054], [117.80012326700012, 1.175038597000025], [117.80012325200005, 1.174984319000032], [117.80015021300005, 1.174975265000057], [117.80021311900009, 1.174948107000034], [117.80024905700009, 1.174902865000035], [117.80024006400004, 1.174884775000066], [117.80019511500007, 1.174848602000054], [117.80006924600002, 1.17470389600004]]]]}},
{"type": "Feature", "properties": {"ba_code": "4320", "blockid": "4320L43P09", "division": "04"}, "geometry": {"type": "MultiPolygon", "coordinates": [[[[117.83561241200005, 1.22343492400006], [117.83562136300009, 1.223317319000046], [117.83563933900007, 1.223317314000042], [117.83569326600002, 1.223317297000051], [117.83573820800007, 1.223326329000031], [117.83604377400002, 1.223262909000027], [117.83606175000011, 1.223262904000023], [117.8360707380001, 1.223262901000055], [117.83622350000007, 1.223163343000067], [117.83623249000004, 1.223172387000034], [117.83624147800003, 1.223172384000065], [117.83631337800011, 1.223163315000022], [117.83650210500002, 1.223108978000027], [117.83656501200005, 1.223081820000061], [117.836627915, 1.223045615000046], [117.83673574600004, 1.222973210000021], [117.83679864200008, 1.222909867000055], [117.83682559400006, 1.222873673000038], [117.83687052200003, 1.222837474000073], [117.83687950400008, 1.222819378000054], [117.83695138400003, 1.222746985000072], [117.83696037200002, 1.222746982000047], [117.83706820000009, 1.222665532000065], [117.83711312300011, 1.222611240000049], [117.83719399000006, 1.222538844000042], [117.83723891300008, 1.222484552000026], [117.83727485800011, 1.222466448000034], [117.83731755800011, 1.222423444000071], [117.83739166400005, 1.222348810000028], [117.83746353000004, 1.222231185000055], [117.83753334900007, 1.222172209000064], [117.837742079, 1.221995894000031], [117.8377864470001, 1.22015043500005], [117.83775049500002, 1.220150446000048], [117.83512607500006, 1.220214592000048], [117.83525567200002, 1.222205147000068], [117.83526153500009, 1.222295200000076], [117.8352526110001, 1.222503267000036], [117.83525344700001, 1.222522678000075], [117.83525561300007, 1.222572980000052], [117.8352616300001, 1.222602774000052], [117.83525265300011, 1.222638962000076], [117.83526170800008, 1.222856071000024], [117.83526172200004, 1.222901302000025], [117.83537892200002, 1.224059192000027], [117.83537893000005, 1.224086331000024], [117.83541485900002, 1.224013950000028], [117.83545973900004, 1.223823963000029], [117.835477695, 1.22376063300004], [117.835540551, 1.223570641000038], [117.83555851900007, 1.223543497000037], [117.83558546000006, 1.22347111800002], [117.83561241200005, 1.22343492400006]]]]}},
{"type": "Feature", "properties": {"ba_code": "4320", "blockid": "4320N31P07", "division": "05"}, "geometry": {"type": "MultiPolygon", "coordinates": [[[[117.80379867300007, 1.204094505000057], [117.80373571300004, 1.20394073500006], [117.80352001300002, 1.203967938000062], [117.80333125600009, 1.203922762000047], [117.80300767000006, 1.203841441000066], [117.80298068500008, 1.20376907800005], [117.80311522800002, 1.202828214000021], [117.80272873800004, 1.202783097000065], [117.80266576800011, 1.202593141000023], [117.80255788700003, 1.202502710000033], [117.80249492200005, 1.202330847000042], [117.80251288700003, 1.202294656000049], [117.802638709, 1.202267480000046], [117.802728537, 1.202095572000076], [117.8027465020001, 1.202059381000026], [117.80274647600004, 1.201968917000045], [117.80270153100003, 1.201950838000073], [117.80267425200009, 1.201786392000031], [117.80266551700004, 1.201733735000062], [117.80270142300003, 1.20157993600003], [117.8026834420001, 1.201561849000029], [117.80254484800003, 1.20156189000005], [117.80156895200003, 1.201562178000074], [117.80084142100009, 1.201605981000057], [117.80084095100005, 1.201607625000065], [117.8008410330001, 1.201888063000069], [117.80092244000002, 1.203661130000057], [117.80092292400002, 1.20531661800004], [117.80103114300005, 1.206564987000036], [117.8010765140001, 1.208039535000069], [117.8012212000001, 1.211042891000034], [117.80126616100006, 1.211115249000045], [117.80384566700002, 1.211087341000052], [117.80397145900008, 1.210960654000075], [117.8039636520001, 1.210650421000025], [117.80384649200005, 1.205994780000026], [117.80379867300007, 1.204094505000057]]]]}},
{"type": "Feature", "properties": {"ba_code": "4320", "blockid": "4320K18P11", "division": "01"}, "geometry": {"type": "MultiPolygon", "coordinates": [[[[117.7644787700001, 1.240753510000047], [117.7656399230001, 1.240732355000034], [117.76563791900003, 1.240731654000058], [117.7656108860001, 1.240722199000061], [117.76602876000004, 1.24071387500004], [117.76635675500006, 1.240707340000029], [117.76646068800005, 1.240705269000046], [117.7669393110001, 1.240695734000042], [117.76707524400001, 1.240693026000031], [117.76707538900007, 1.24028908300005], [117.76707540300004, 1.240249792000043], [117.7670754830001, 1.240026565000051], [117.76707548600007, 1.240016985000068], [117.76707570000008, 1.23942058800003], [117.7670761600001, 1.238136817000054], [117.76707617300008, 1.238100271000064], [117.76703475000011, 1.238112196000031], [117.76676758500003, 1.238057206000065], [117.76669939200008, 1.238043171000072], [117.76627982200012, 1.23795681200005], [117.76628016200004, 1.237954844000058], [117.76621966700009, 1.237939640000036], [117.76606086600009, 1.237905439000031], [117.7659398610001, 1.237825563000058], [117.76591373100007, 1.237806909000028], [117.76570540900002, 1.23765819800002], [117.7655617150001, 1.237563107000028], [117.76523277900003, 1.237513734000061], [117.76488496200011, 1.237540472000035], [117.76488509100011, 1.237547144000075], [117.76484820600001, 1.237556033000033], [117.76428612100005, 1.237650490000021], [117.76431660000003, 1.238049440000054], [117.76430688300002, 1.239450351000073], [117.76430696600005, 1.239450466000051], [117.76437889100009, 1.239522816000033], [117.76430562300004, 1.239631974000019], [117.76429851000012, 1.240657578000025], [117.76429856100003, 1.240657595000073], [117.76433684300002, 1.24075287900007], [117.7644543990001, 1.240751071000034], [117.7644787700001, 1.240753510000047]]], [[[117.76582465400008, 1.234953935000021], [117.76584261700009, 1.234908697000037], [117.76586958100006, 1.234908689000065], [117.76591451600007, 1.234890583000038], [117.76593248900008, 1.234881532000031], [117.76595945600002, 1.234890570000061], [117.76597743400009, 1.23489961100006], [117.76600440400011, 1.234917697000071], [117.76601339400008, 1.234926740000049], [117.76602238500004, 1.234935784000072], [117.76603137000006, 1.234926735000045], [117.76604934400007, 1.234917684000038], [117.76604933800002, 1.234899591000044], [117.76606730900005, 1.234881493000046], [117.76606730700007, 1.234872446000054], [117.76607628400006, 1.23483625800003], [117.7660942550001, 1.234818159000042], [117.76611222600002, 1.234800061000044], [117.76611222400004, 1.234791015000042], [117.7662290290001, 1.234655284000041], [117.7662829520001, 1.234637176000035], [117.76629193200006, 1.23461003400007], [117.76633685600007, 1.234555742000055], [117.76637279800002, 1.234519546000058], [117.7663907640001, 1.234483355000066], [117.76639074600007, 1.234420029000034], [117.76636376600004, 1.234365758000024], [117.76635476800004, 1.234329575000061], [117.76636375300006, 1.234320526000033], [117.76636375100009, 1.234311480000031], [117.76634576900005, 1.234293392000041], [117.76632778800001, 1.23427530400005], [117.76631879500007, 1.234257214000024], [117.76632777800012, 1.234239118000062], [117.766327767, 1.234202933000063], [117.766318769, 1.234166749000053], [117.76631875900011, 1.234130564000054], [117.76630976800004, 1.234121520000031], [117.7663097630001, 1.234103427000036], [117.76631873300005, 1.234040099000026], [117.76631872500002, 1.234012158000041], [117.76631871500001, 1.233976774000041], [117.76630972200007, 1.233958684000072], [117.7663187070001, 1.233949634000055], [117.76631870400001, 1.233940588000053], [117.76630072300009, 1.233922500000062], [117.76628273900008, 1.23389536600007], [117.76626475600006, 1.23386823200002], [117.76626474800003, 1.233841093000024], [117.76626473500005, 1.233795860000043], [117.76626472500004, 1.233759674000055], [117.76623775500002, 1.233741589000033], [117.7662287600001, 1.233714453000061], [117.76621976600006, 1.233696362000046], [117.76620178000007, 1.233660182000051], [117.76619278700002, 1.233642091000036], [117.76617480800007, 1.233633050000037], [117.76614783900004, 1.233614965000072], [117.76611188200002, 1.233596883000075], [117.76609390100009, 1.233578795000028], [117.76603992300011, 1.233406928000022], [117.76609384400001, 1.233379773000024], [117.76614776400004, 1.233352618000026], [117.76619270100002, 1.233343558000058], [117.7662376290001, 1.233298313000034], [117.76626458500004, 1.233271166000065], [117.76628255600008, 1.233253068000067], [117.76632748800012, 1.233225915000048], [117.76636343000007, 1.233189719000052], [117.76636340900006, 1.233117347000075], [117.766354395, 1.233026885000072], [117.76635438500011, 1.232990700000073], [117.76636335500007, 1.232927372000063], [117.76636334400007, 1.232891186000074], [117.7663543430001, 1.232845956000062], [117.76634534000004, 1.232791680000048], [117.76637228000004, 1.23271025400004], [117.76637226800005, 1.232665022000049], [117.76636903600001, 1.232639955000025], [117.76642654500006, 1.232660358000032], [117.76658026400003, 1.232649210000034], [117.76665916800005, 1.23268888900003], [117.7667228360001, 1.232791571000064], [117.7667318450001, 1.232863940000072], [117.76674084600006, 1.232909169000038], [117.766767823, 1.232954394000046], [117.76683074100004, 1.232963422000068], [117.766857705, 1.232963414000039], [117.76690264000001, 1.232945308000069], [117.76699253000004, 1.232981468000048], [117.76703747300007, 1.232990502000064], [117.76703953300012, 1.232989810000049], [117.76703879800004, 1.231068457000049], [117.76613812500011, 1.231072913000048], [117.76447309900004, 1.231116902000053], [117.76451149000002, 1.23175186800006], [117.76455644300006, 1.231797087000075], [117.76451208900005, 1.231768406000072], [117.76454913900011, 1.232792238000059], [117.76479942300011, 1.232864499000073], [117.76480614900004, 1.232865319000041], [117.76479948200006, 1.232873375000054], [117.764791392, 1.232921019000059], [117.7648893270001, 1.232945891000043], [117.76496124100004, 1.232982056000026], [117.76501165700006, 1.233004161000054], [117.76500619900003, 1.233045369000024], [117.7649792630001, 1.233144887000037], [117.76497441700008, 1.233188720000044], [117.76495578700008, 1.233245029000045], [117.76494337200006, 1.233301335000021], [117.76494649300002, 1.233348252000042], [117.76494340400006, 1.233413940000048], [117.76494343000002, 1.233504650000043], [117.76495898100006, 1.233548437000024], [117.76506777800012, 1.23364224300002], [117.76509577800005, 1.233748585000058], [117.76505851600007, 1.233854946000065], [117.76503678400002, 1.233933150000041], [117.7650678760001, 1.233983188000025], [117.76507410600004, 1.23403636200004], [117.76504305600008, 1.234130209000057], [117.76508741400005, 1.234176153000021], [117.76515933100006, 1.234221364000064], [117.76522225000008, 1.234230392000029], [117.76529414600009, 1.234203232000027], [117.76536352000005, 1.23423303200002], [117.76533012900006, 1.234311779000052], [117.76530317600009, 1.234347973000069], [117.76530318100004, 1.234366066000064], [117.76530318900006, 1.23439320500006], [117.76529420600002, 1.234411301000023], [117.76529420800011, 1.234420347000025], [117.76529421100008, 1.234429394000074], [117.76529421300006, 1.234438440000019], [117.76528522800004, 1.234447489000047], [117.76527625300002, 1.234492724000063], [117.76527626100005, 1.23451986300006], [117.76527626600011, 1.234537956000054], [117.76527627100006, 1.234556049000048], [117.76528526200002, 1.234565093000072], [117.76531222800008, 1.234574132000034], [117.76536616200008, 1.234592209000027], [117.76540211600002, 1.234601245000022], [117.76545604900002, 1.234619322000071], [117.76548302100002, 1.234646454000028], [117.76550998800008, 1.234655493000048], [117.76552796900012, 1.234673580000049], [117.76555493600006, 1.234682619000068], [117.76556393100009, 1.234709756000029], [117.76554595800008, 1.234718807000036], [117.7655459660001, 1.234745947000022], [117.76554597600011, 1.234782133000067], [117.76553699600004, 1.234809275000032], [117.765545986, 1.234818318000066], [117.76555498000005, 1.234836409000025], [117.76558194900008, 1.234854494000047], [117.76559093700007, 1.234854491000021], [117.76559993, 1.234872582000037], [117.76563588700003, 1.234890664000034], [117.76566285400008, 1.234899703000053], [117.76567184700002, 1.234917793000022], [117.7656988110001, 1.23491778500005], [117.76571679000006, 1.234926826000049], [117.76573476600004, 1.234926821000045], [117.7657617320001, 1.234935860000064], [117.76579768700003, 1.234944896000059], [117.76582465400008, 1.234953935000021]]]]}},
{"type": "Feature", "properties": {"ba_code": "4320", "blockid": "4320O32P07", "division": "05"}, "geometry": {"type": "MultiPolygon", "coordinates": [[[[117.80607784600011, 1.191311302000031], [117.80541249300006, 1.190424953000047], [117.80516979400011, 1.190325514000051], [117.80448672300008, 1.190325715000029], [117.80356667600006, 1.190394301000026], [117.8034175680001, 1.19040529800003], [117.80341716700002, 1.190407725000057], [117.803453654, 1.192144340000027], [117.80360885100004, 1.192324475000021], [117.80380429600007, 1.192551324000021], [117.80401096500009, 1.19237938200007], [117.80446925100011, 1.192062624000073], [117.80399270400005, 1.191393332000075], [117.80392977600002, 1.191348119000054], [117.80394772800003, 1.191266696000071], [117.80416340400006, 1.191158076000022], [117.80428920100007, 1.191049483000029], [117.804361072, 1.190940905000048], [117.80446890200005, 1.190859456000055], [117.80459472300004, 1.190832280000052], [117.80461266200007, 1.190705626000067], [117.8046396200001, 1.190687525000044], [117.80498115600005, 1.190687425000021], [117.80519690400001, 1.190832103000048], [117.8051969170001, 1.190877335000039], [117.805169954, 1.190877343000068], [117.8051519920001, 1.190922580000063], [117.8049632530001, 1.190940728000044], [117.80491834600002, 1.191049298000053], [117.80564665600002, 1.192080371000031], [117.8056633860001, 1.192381884000042], [117.80566472600003, 1.192406035000033], [117.80566473700003, 1.192442220000032], [117.80528678700011, 1.192688062000059], [117.80523340500008, 1.192722785000058], [117.80521550500009, 1.192985135000072], [117.80527844300002, 1.193066534000025], [117.80534137100005, 1.193111747000046], [117.80532344000005, 1.193265541000073], [117.80536840800005, 1.193365038000024], [117.8056021540001, 1.193582082000034], [117.80575499100007, 1.193735825000033], [117.8059258510001, 1.194052398000053], [117.80594388500003, 1.194251413000075], [117.80595956400009, 1.194279011000049], [117.80603380000002, 1.194378035000057], [117.806020912, 1.194386997000038], [117.80605179400004, 1.194441355000038], [117.80615965200002, 1.194459416000029], [117.80622254900004, 1.194396073000064], [117.8062151690001, 1.194010250000076], [117.80618604200004, 1.19248729800006], [117.8061410790001, 1.192405894000046], [117.80614097300008, 1.192042308000055], [117.80614087900005, 1.191718370000046], [117.80607784600011, 1.191311302000031]]]]}},
{"type": "Feature", "properties": {"ba_code": "4320", "blockid": "4320M43AP07", "division": "04"}, "geometry": {"type": "MultiPolygon", "coordinates": [[[[117.837713172, 1.210642797000048], [117.83744861800005, 1.211080395000067], [117.83500208400005, 1.215127198000062], [117.83502505000001, 1.216041381000025], [117.83502519900003, 1.216047341000035], [117.8351260280001, 1.22006080500006], [117.83778639900004, 1.219996648000063], [117.8378865310001, 1.213760855000032], [117.83789922900007, 1.212970159000065], [117.83789923000006, 1.212970087000031], [117.8379363140001, 1.210660820000044], [117.83793630900004, 1.210642727000049], [117.837713172, 1.210642797000048]]]]}},
{"type": "Feature", "properties": {"ba_code": "4320", "blockid": "4320M39BP07", "division": "05"}, "geometry": {"type": "MultiPolygon", "coordinates": [[[[117.8265169120001, 1.212922316000061], [117.82650390800006, 1.210854324000024], [117.82545714800005, 1.210872147000032], [117.82542738200004, 1.210872653000024], [117.82542114000012, 1.210872760000029], [117.82493807000003, 1.211555087000022], [117.82493896500011, 1.211555866000026], [117.82650897400003, 1.212922709000054], [117.82651550100002, 1.212921065000046], [117.8265169120001, 1.212922316000061]]]]}},
{"type": "Feature", "properties": {"ba_code": "4320", "blockid": "4320O41AP07", "division": "05"}, "geometry": {"type": "MultiPolygon", "coordinates": [[[[117.83169041100007, 1.200951058000044], [117.83163248400001, 1.199463435000041], [117.83255784500011, 1.198214761000031], [117.83313297000007, 1.197916057000043], [117.83339359000001, 1.197834560000047], [117.833366608, 1.197771244000023], [117.83319584100002, 1.197771296000042], [117.83305966900002, 1.197803589000046], [117.83304306000002, 1.197807528000055], [117.8327914030001, 1.197807605000037], [117.83259370000007, 1.197898129000066], [117.832530786, 1.197898148000036], [117.83246789600003, 1.197979584000052], [117.83242299000005, 1.198088154000061], [117.83237803800012, 1.198042936000036], [117.83227020400011, 1.198106293000023], [117.83212644700006, 1.198260124000058], [117.83214443600002, 1.198305350000055], [117.83206359000008, 1.19845011600006], [117.83192880600006, 1.198558713000068], [117.83182101300008, 1.198757765000039], [117.83175811800004, 1.198821108000061], [117.83171319900009, 1.198884446000022], [117.83165029800011, 1.19892969700004], [117.831398712, 1.199164978000056], [117.83121906100007, 1.199508793000064], [117.83118314, 1.199608314000045], [117.8312460950001, 1.199743989000069], [117.83124612800009, 1.199852545000056], [117.83120121900004, 1.199952068000073], [117.83103049300007, 1.200087815000074], [117.83092265100004, 1.200124033000066], [117.830706985, 1.200259794000033], [117.83055416600007, 1.200169378000055], [117.83049129800008, 1.200323184000069], [117.83042840300004, 1.200386528000024], [117.83021274100008, 1.200531335000051], [117.83016782400011, 1.200603719000071], [117.830086907, 1.200513280000052], [117.82988915100009, 1.200431924000043], [117.82985318700003, 1.200386703000049], [117.82978124600004, 1.200260077000053], [117.82968237300008, 1.200232968000023], [117.82959248200007, 1.20018776400002], [117.82946660900006, 1.200043061000031], [117.8294396330001, 1.199997838000058], [117.82937670500007, 1.199952625000037], [117.82925088400009, 1.199979803000076], [117.8291879620001, 1.199952683000049], [117.82901719400002, 1.199952735000068], [117.828990212, 1.199889419000044], [117.82890932200007, 1.199889444000064], [117.82900852500006, 1.201011157000039], [117.82912345200009, 1.201033614000039], [117.82933210400006, 1.201074383000048], [117.82949381500009, 1.200995565000028], [117.82961068400004, 1.200938603000054], [117.82963760900009, 1.200811946000044], [117.82974544300009, 1.200748589000057], [117.82971847400006, 1.200730505000024], [117.82982630000004, 1.20064000900004], [117.82983996000007, 1.200615243000072], [117.82987121400004, 1.200558578000027], [117.83013189700011, 1.200685147000058], [117.83013645500012, 1.200701185000071], [117.83013795700003, 1.200701883000022], [117.83021278700005, 1.200685122000039], [117.83036563100006, 1.200856955000063], [117.83042858300007, 1.200983585000074], [117.83051848800005, 1.201074020000021], [117.83065714200006, 1.20107938700005], [117.83142827100005, 1.201109234000057], [117.83160352900006, 1.20111601800005], [117.83167792300003, 1.201118897000072], [117.8316958900001, 1.201091753000071], [117.83169041100007, 1.200951058000044]]]]}},
{"type": "Feature", "properties": {"ba_code": "4320", "blockid": "4320N37P07", "division": "05"}, "geometry": {"type": "MultiPolygon", "coordinates": [[[[117.81974388000003, 1.206866953000031], [117.81976175800003, 1.206541279000021], [117.81954604600003, 1.206523252000068], [117.81948310400003, 1.206432808000045], [117.81943805600008, 1.20639127000004], [117.81937522100009, 1.206333331000053], [117.81926737200001, 1.20635145600005], [117.81912360600006, 1.20647814900002], [117.81890793600007, 1.206604863000052], [117.81880009100007, 1.206632034000052], [117.81871383000009, 1.206632060000061], [117.8186293220001, 1.20663208600007], [117.81843155800004, 1.206523590000074], [117.8183506360001, 1.206415058000061], [117.81836857300004, 1.20628840400002], [117.8184134930001, 1.206225066000059], [117.81841344700001, 1.206071278000024], [117.81849429200008, 1.205917466000074], [117.81843130100003, 1.205664187000025], [117.8184941510001, 1.205447056000025], [117.81852106300005, 1.205275167000025], [117.81850305500006, 1.205166616000042], [117.8184581060001, 1.205130445000066], [117.81850301700001, 1.205039968000051], [117.81847603500012, 1.204976651000038], [117.81856579200007, 1.204569539000033], [117.81847583000001, 1.204289129000074], [117.81839492600011, 1.204243922000046], [117.81813426100007, 1.204180676000021], [117.81802642100001, 1.204225941000061], [117.81804482600012, 1.205664304000038], [117.81806265000012, 1.207099972000037], [117.81808110800011, 1.208586690000061], [117.81810918000008, 1.210847673000046], [117.81816050900011, 1.210830435000048], [117.81828926800006, 1.210622939000075], [117.81828953200011, 1.210622605000026], [117.8182897690001, 1.210622157000046], [117.81830688100001, 1.210596305000024], [117.81844968400003, 1.210326610000038], [117.81846746400004, 1.210290791000034], [117.81847335400005, 1.210282561000042], [117.81847377400004, 1.210282279000069], [117.81847403800009, 1.210281893000058], [117.81862678800007, 1.210137105000058], [117.81862699400006, 1.210136970000065], [117.81862869600002, 1.210135437000019], [117.81876314200008, 1.210027112000034], [117.81887914700008, 1.209928254000033], [117.81898651100005, 1.209829136000053], [117.81898691700007, 1.209828876000074], [117.81898712600002, 1.209828584000036], [117.81919379100009, 1.209647594000046], [117.81919902700008, 1.20964433000006], [117.81920143600007, 1.209642650000035], [117.82007313500003, 1.209244346000048], [117.82007363100001, 1.209244238000053], [117.82007409100004, 1.209243928000035], [117.82007802400005, 1.209242585000027], [117.8201849290001, 1.209213857000066], [117.82017597600009, 1.209137454000029], [117.82002313900011, 1.208992759000068], [117.82002309300003, 1.208838971000034], [117.81997811600002, 1.208712336000076], [117.81980731500005, 1.208603832000051], [117.81969940500005, 1.208413891000021], [117.81971723700008, 1.207934430000023], [117.81978287200002, 1.207484256000043], [117.81980693000003, 1.207319251000058], [117.81980690300009, 1.207228788000066], [117.8197619450001, 1.207165477000046], [117.81974388000003, 1.206866953000031]]], [[[117.82019399700005, 1.20929123600007], [117.82019237600002, 1.20927739800004], [117.82009677000008, 1.209303090000049], [117.81923162500004, 1.209698400000036], [117.81902873400009, 1.20987608400003], [117.81892121400006, 1.209975346000022], [117.81892108400007, 1.209975429000053], [117.81892027800006, 1.209976177000044], [117.81880346600008, 1.210075722000056], [117.81880329700004, 1.210075826000036], [117.81880279800009, 1.210076276000052], [117.81866900000011, 1.210184077000065], [117.81852124500006, 1.210324132000039], [117.81850578100011, 1.210355285000048], [117.8185056860001, 1.210355416000027], [117.81850540100004, 1.210356025000067], [117.8183616770001, 1.210627459000023], [117.81836107000004, 1.210628285000041], [117.8183600960001, 1.210630122000055], [117.81834238500005, 1.210656880000045], [117.81821829300009, 1.210856854000042], [117.82045511400008, 1.210856173000025], [117.82045511000001, 1.210843431000058], [117.82045509000011, 1.210774756000035], [117.82042811300005, 1.210729533000062], [117.82041012900004, 1.21070239900007], [117.82038310300004, 1.210494342000061], [117.82045492100008, 1.210213883000051], [117.82061238600011, 1.209994877000042], [117.82064358600007, 1.209951482000065], [117.82062558100006, 1.209851978000074], [117.820562633, 1.209743441000057], [117.82044597700008, 1.20966521500003], [117.82042778900006, 1.20965301800004], [117.82041153000011, 1.209596974000021], [117.82030440900007, 1.20938476200007], [117.82019399700005, 1.20929123600007]]]]}},
{"type": "Feature", "properties": {"ba_code": "4320", "blockid": "4320K22BP08", "division": "01"}, "geometry": {"type": "MultiPolygon", "coordinates": [[[[117.77639621700007, 1.240704381000057], [117.7767736720001, 1.240559527000073], [117.7767826600001, 1.240559524000048], [117.77682260200004, 1.24055147200005], [117.77705228400009, 1.240505166000048], [117.77706127200008, 1.240505163000023], [117.77721414900009, 1.240439165000055], [117.77730196200002, 1.240401255000052], [117.77737581300005, 1.240369374000068], [117.77738480100004, 1.240369371000043], [117.77747466800008, 1.240324112000053], [117.77748365600007, 1.240324110000074], [117.7775196, 1.240296960000023], [117.77752858500003, 1.240287911000053], [117.7776993440001, 1.240242628000033], [117.77770833500006, 1.240251672000056], [117.7777802280001, 1.240215465000063], [117.777789213, 1.240206416000035], [117.77797795900005, 1.240197313000067], [117.77798694700004, 1.240197311000031], [117.77804984700003, 1.240143014000068], [117.77805883500002, 1.240143011000043], [117.77809476900006, 1.240079675000061], [117.77810375700005, 1.240079673000025], [117.7781666520001, 1.240007283000068], [117.77816664900001, 1.239998236000019], [117.77817563400004, 1.239989187000049], [117.77818298600005, 1.239980550000041], [117.77818718600008, 1.239981817000057], [117.77821158600011, 1.239989176000051], [117.778283482, 1.23996201600005], [117.77835538600004, 1.239961995000044], [117.77850823300003, 1.240133831000037], [117.77865204900002, 1.240160928000023], [117.77872395000009, 1.240151860000026], [117.77869692000002, 1.239925708000044], [117.77867552600003, 1.239716366000039], [117.778660865, 1.239572908000071], [117.77864883100005, 1.239272327000037], [117.77864275700006, 1.239120591000074], [117.77860659100008, 1.238387841000076], [117.7785884860001, 1.237944571000071], [117.77856842100005, 1.237636308000049], [117.77856140000006, 1.23752844400002], [117.77854331100002, 1.237139452000065], [117.77852523700005, 1.236804740000025], [117.77850711400004, 1.236298145000035], [117.7784889300001, 1.235583482000038], [117.77848886400011, 1.235359757000026], [117.77847984700009, 1.235257813000032], [117.77850578900006, 1.234533981000027], [117.77832035100005, 1.234713551000027], [117.77816344200005, 1.234864390000041], [117.77776073100006, 1.234995679000065], [117.77742815500005, 1.234923405000075], [117.7773023100001, 1.234878210000034], [117.77698771200005, 1.234814978000031], [117.7768259180001, 1.234778839000057], [117.77640350000001, 1.234842289000028], [117.77626870400002, 1.23492374600005], [117.7762417460001, 1.234941847000073], [117.77628674100004, 1.235131809000052], [117.77627781600006, 1.235348926000029], [117.77634077900007, 1.235511743000075], [117.77643072400008, 1.235737878000066], [117.77632291100008, 1.235882653000033], [117.77625104900005, 1.236027417000059], [117.77603543900011, 1.236380291000046], [117.77599051800007, 1.236443629000064], [117.7758441740001, 1.236514790000058], [117.77575959400008, 1.236555918000022], [117.77572990200008, 1.236570356000072], [117.77573896100012, 1.236814607000042], [117.77575766900009, 1.23698282700002], [117.77576602500005, 1.237158364000038], [117.77573914000004, 1.237429765000059], [117.77572805000011, 1.23753049100003], [117.77571941800011, 1.237608890000047], [117.77571224700011, 1.237674027000025], [117.7757123130001, 1.237900188000026], [117.77571234900006, 1.238023823000049], [117.77571236000006, 1.238063023000052], [117.77574847200003, 1.238614845000029], [117.77571341200007, 1.238977644000045], [117.77556801000003, 1.240570715000047], [117.77552683600004, 1.240614798000024], [117.77556030900007, 1.240623210000024], [117.77556929700006, 1.240623207000056], [117.77582995700004, 1.24065027000006], [117.77583894500003, 1.240650267000035], [117.77600073200006, 1.240659266000023], [117.77600972000005, 1.240659263000055], [117.77609061700002, 1.240677332000075], [117.7760906200001, 1.240686379000067], [117.77639621700007, 1.240704381000057]]]]}},
{"type": "Feature", "properties": {"ba_code": "4320", "blockid": "4320N23P05", "division": "03"}, "geometry": {"type": "MultiPolygon", "coordinates": [[[[117.77958753900009, 1.211637258000053], [117.77976728700003, 1.211601020000046], [117.77989312300008, 1.211619077000023], [117.78019871400011, 1.211628034000057], [117.78047526700004, 1.211636653000028], [117.78048632900004, 1.211636998000074], [117.78052462300002, 1.211642916000073], [117.78085176400009, 1.211637186000075], [117.78123428900005, 1.211630487000036], [117.78124131100003, 1.211630113000069], [117.78124130000003, 1.211591546000022], [117.7812412510001, 1.211419664000061], [117.78123221700002, 1.211256831000071], [117.78122315900009, 1.211012580000045], [117.78120513400006, 1.210840703000031], [117.78119609100008, 1.210650731000044], [117.78119603400012, 1.210451710000029], [117.78118701000005, 1.210325062000038], [117.78118691200007, 1.209981298000059], [117.78117783400012, 1.209664676000045], [117.78116877600007, 1.209420425000076], [117.78115973400008, 1.209230453000032], [117.78115965900008, 1.208968106000043], [117.78114157900006, 1.208606254000074], [117.78113249800003, 1.208280586000058], [117.78113241100004, 1.207973007000021], [117.78113230200006, 1.207593057000054], [117.78112322600009, 1.207285481000042], [117.78110515800006, 1.206959815000062], [117.78111404000003, 1.206588909000061], [117.78112295000005, 1.206317513000045], [117.78113185300003, 1.206018979000021], [117.7811047990001, 1.205702362000068], [117.7810958010001, 1.205666179000048], [117.78110475300002, 1.205539526000052], [117.78109571800007, 1.205376693000062], [117.78110465500004, 1.205195762000074], [117.7811046060001, 1.205023880000056], [117.78110457000002, 1.204897230000029], [117.78110452100009, 1.204725347000021], [117.78111350600011, 1.204716298000051], [117.7810839660001, 1.204258823000032], [117.78101959900005, 1.203262014000074], [117.78101420200005, 1.203178434000051], [117.78102318200001, 1.20315129200003], [117.78102316400009, 1.203087967000045], [117.78101413000002, 1.202925134000054], [117.78100507200008, 1.202680883000028], [117.78099598400001, 1.202328075000025], [117.78078924300007, 1.202255763000039], [117.7806094880001, 1.20226486200005], [117.78049264800006, 1.202273942000033], [117.78033086900007, 1.20228303500005], [117.78028919700012, 1.202280579000046], [117.78017807200001, 1.202274032000048], [117.77986349700006, 1.202274123000052], [117.77957588700008, 1.202283252000029], [117.77953993800008, 1.20229230800004], [117.77934664300005, 1.202276976000064], [117.77833073500005, 1.202296318000037], [117.77809918500009, 1.202291335000041], [117.7779515740001, 1.202292639000063], [117.77796685300007, 1.203231780000067], [117.7779673340001, 1.203232084000035], [117.77796736500011, 1.203369286000054], [117.77796740800011, 1.203523075000021], [117.777967493, 1.203821607000066], [117.7779945210001, 1.204047760000037], [117.7780215460001, 1.204264867000063], [117.77802021800005, 1.20441088900003], [117.77801797400002, 1.204481560000033], [117.77800893200003, 1.204545394000036], [117.7779904250001, 1.204637113000047], [117.77801288600006, 1.205422813000041], [117.77802190500006, 1.205531368000038], [117.77802200300005, 1.205875132000074], [117.7780310060001, 1.205929408000031], [117.77803104700001, 1.206074151000053], [117.77803106500005, 1.206137476000038], [117.7780310930001, 1.206236987000068], [117.77803117300004, 1.206517426000062], [117.77803125500009, 1.206806912000047], [117.77803137900003, 1.207241141000054], [117.77803149400006, 1.207648231000064], [117.7780405960001, 1.208046271000057], [117.77803172400002, 1.208453363000046], [117.77802285900009, 1.208887595000022], [117.77802297300002, 1.20928563800004], [117.77804098700005, 1.209421329000065], [117.77804997700002, 1.209430373000032], [117.778041013, 1.209511793000047], [117.77805003900005, 1.209647487000041], [117.7780500880001, 1.209819370000048], [117.77806814400003, 1.210099804000038], [117.77806821100012, 1.210335011000041], [117.77806825700009, 1.210497847000056], [117.77807728900007, 1.210651634000044], [117.77807736400007, 1.210913980000043], [117.7780864450001, 1.211239649000049], [117.7781044620001, 1.211384387000066], [117.77809550000006, 1.211474854000073], [117.77809554100008, 1.211619597000038], [117.7781404960001, 1.211673862000055], [117.77825106600005, 1.211682733000032], [117.77836519900006, 1.211691890000054], [117.77854495500003, 1.211682792000033], [117.77866893900011, 1.211675415000059], [117.77885053800003, 1.21166461100006], [117.77911118500003, 1.211655489000066], [117.77939879500002, 1.211646359000042], [117.77958753900009, 1.211637258000053]]]]}},
{"type": "Feature", "properties": {"ba_code": "4320", "blockid": "4320N39P07", "division": "05"}, "geometry": {"type": "MultiPolygon", "coordinates": [[[[117.82647594700006, 1.209789004000072], [117.82643848000009, 1.208035670000072], [117.82638745500003, 1.205647817000056], [117.82637634900004, 1.205128038000055], [117.82636514600006, 1.205128820000027], [117.82611570900008, 1.205146211000056], [117.82600780300004, 1.204974363000076], [117.82599724800002, 1.20496610500004], [117.82592689400008, 1.204911064000044], [117.82583701600004, 1.204911091000042], [117.82572917100003, 1.204938263000031], [117.82540561700011, 1.204956454000069], [117.82523481600003, 1.204847951000033], [117.824980879, 1.204997149000064], [117.82491131300003, 1.205038022000053], [117.8248304230001, 1.205038047000073], [117.82467765000001, 1.205101418000027], [117.8244439670001, 1.205101489000072], [117.82396759500011, 1.20503831000002], [117.82383507400004, 1.205032146000065], [117.82358241500003, 1.205039863000025], [117.82371466600011, 1.207027499000048], [117.82371654400004, 1.207055718000049], [117.82386033000012, 1.206992350000064], [117.82421084000009, 1.206947012000057], [117.82446244100004, 1.206756962000043], [117.82455228600008, 1.206648378000068], [117.82467799300002, 1.206241255000066], [117.82478580800012, 1.206114574000026], [117.82489365600009, 1.206096448000039], [117.8250464670001, 1.206159726000067], [117.82540593300007, 1.206005829000048], [117.82557664900003, 1.205833896000058], [117.82568451600002, 1.205879095000057], [117.82574745500006, 1.205960493000021], [117.82585530800009, 1.205960460000028], [117.82599017700011, 1.206132299000046], [117.82605918200011, 1.206116842000029], [117.8260710610001, 1.206114181000032], [117.82613400900004, 1.206222718000049], [117.8262059110001, 1.206222696000054], [117.82622390600011, 1.206286015000046], [117.82620595500009, 1.20636743700004], [117.82609811500004, 1.206412702000023], [117.82605318900005, 1.206457947000047], [117.82596333100003, 1.20652129900003], [117.82573601500007, 1.206578572000069], [117.82571169200003, 1.206584700000064], [117.82549598500009, 1.206584766000049], [117.8254061340001, 1.206675257000029], [117.82510960800005, 1.206910552000068], [117.82501978700009, 1.207100552000043], [117.82493893000003, 1.207209133000049], [117.82469627300009, 1.207254439000053], [117.82446263400004, 1.207399251000027], [117.82450762000008, 1.207553025000038], [117.82463350600005, 1.207742960000076], [117.82466050200003, 1.207851507000044], [117.82478637800011, 1.208005257000025], [117.82506513600003, 1.208457488000022], [117.82508314900008, 1.208584131000066], [117.82521805600004, 1.208882619000065], [117.82529897100005, 1.208964011000035], [117.825559612, 1.208945838000034], [117.82564052100008, 1.209009138000056], [117.82581135500004, 1.209226198000067], [117.8258383650001, 1.209379977000026], [117.82591929300008, 1.209506601000044], [117.8259463280001, 1.209741797000049], [117.82585647400003, 1.209823241000038], [117.82566774400004, 1.209868531000041], [117.82564080800012, 1.209959002000062], [117.82560486800003, 1.209995199000048], [117.8253063410001, 1.210075815000039], [117.8242298460001, 1.210366519000047], [117.82412201200009, 1.210429876000035], [117.82373556900006, 1.21053855100007], [117.82369064900001, 1.210601889000031], [117.82369289000007, 1.210627736000049], [117.82370868800001, 1.210809949000065], [117.82549941000002, 1.210771899000065], [117.8264964980001, 1.210750712000049], [117.82647594700006, 1.209789004000072]]], [[[117.82583648800005, 1.203156104000072], [117.82620497900007, 1.20312885200002], [117.82626632200004, 1.203131927000072], [117.82626809100009, 1.203121227000054], [117.82626761200004, 1.203078435000066], [117.82626754500006, 1.203074937000054], [117.82624048700006, 1.201654290000022], [117.82588098100007, 1.201672492000057], [117.82568323100008, 1.201609228000052], [117.82547646600005, 1.201455503000034], [117.82538654500001, 1.201310790000036], [117.82386059200007, 1.201361967000025], [117.82349348000002, 1.201379473000031], [117.82347268100011, 1.203084452000041], [117.82358052300003, 1.20304823400005], [117.8237782650001, 1.203084359000059], [117.82384119300002, 1.203129572000023], [117.823993986, 1.203129525000065], [117.82401194200008, 1.203066196000066], [117.82416471500005, 1.203002825000056], [117.82484780000004, 1.203047849000029], [117.82493765900006, 1.202984497000045], [117.82493742500003, 1.202206513000021], [117.82493742000008, 1.202188420000027], [117.8250632490001, 1.202188382000031], [117.82536883900002, 1.202206382000043], [117.82579126400003, 1.202206253000043], [117.82581823500004, 1.202233384000067], [117.82583624900008, 1.202360027000054], [117.82581837700002, 1.202703793000069], [117.82583637100004, 1.20276711200006], [117.82583646900002, 1.203092706000064], [117.82583648800005, 1.203156104000072]]]]}},
{"type": "Feature", "properties": {"ba_code": "4320", "blockid": "4320O36AP07", "division": "05"}, "geometry": {"type": "MultiPolygon", "coordinates": [[[[117.81562401000008, 1.195216499000026], [117.81570488700004, 1.195171243000061], [117.81585767900003, 1.195171197000036], [117.81594755700007, 1.195171170000037], [117.81596551900009, 1.195125933000043], [117.81594753000002, 1.195080707000045], [117.81579472700002, 1.195044567000025], [117.81566885300003, 1.194890817000044], [117.81556098700003, 1.194845617000055], [117.81532726700004, 1.194719038000073], [117.81530026700011, 1.194592397000065], [117.81534518700005, 1.194529059000047], [117.81556088000002, 1.194483763000051], [117.81566871400003, 1.194420406000063], [117.81579453000006, 1.194375137000065], [117.81585743100004, 1.194329886000048], [117.81590234600003, 1.194248456000025], [117.81583941300005, 1.194185150000067], [117.81571357100006, 1.194139956000072], [117.81566861800002, 1.194094738000047], [117.81560566100006, 1.193950015000041], [117.81568648700011, 1.193732878000048], [117.81588416800003, 1.193560939000065], [117.81600995100007, 1.193407113000035], [117.816009914, 1.193280464000054], [117.81596491900007, 1.193090504000054], [117.81590197800006, 1.193000059000042], [117.81590195900003, 1.192936735000046], [117.81600977500011, 1.192810054000063], [117.8160546690001, 1.192656253000052], [117.81602768100004, 1.192574843000045], [117.816054613, 1.19246627900003], [117.81611749000001, 1.192339611000023], [117.8161983660001, 1.192294356000048], [117.81627021800011, 1.192122453000025], [117.81525462700006, 1.192213220000042], [117.81521868700008, 1.192249416000038], [117.81384376300002, 1.192249825000033], [117.81362785200008, 1.192249890000028], [117.81358291300012, 1.192249903000061], [117.81398821700009, 1.195153663000042], [117.81402776400012, 1.195158717000027], [117.81448256300007, 1.195216840000057], [117.81468028100005, 1.195171549000065], [117.81476119500007, 1.195252942000025], [117.81486905600002, 1.195280049000075], [117.81489603300008, 1.195325272000048], [117.81511175800006, 1.195388532000038], [117.81536340800005, 1.195361318000039], [117.8154263030001, 1.195297975000074], [117.81553415100007, 1.19527985000002], [117.81562401000008, 1.195216499000026]]], [[[117.81797585200002, 1.200060001000054], [117.8179744360001, 1.199656898000057], [117.81794417700007, 1.199675653000043], [117.81780936100006, 1.199675694000064], [117.81779138000002, 1.199657606000073], [117.81777338500001, 1.199594287000025], [117.81763855500003, 1.199549096000055], [117.81757561400002, 1.199458652000033], [117.81762052800002, 1.19937722100002], [117.81757557100002, 1.199313910000058], [117.817341843, 1.199160192000022], [117.81731485500006, 1.199078783000061], [117.81703620700011, 1.198988404000033], [117.81692834000012, 1.198943204000045], [117.81689244000006, 1.199115096000071], [117.81684750900001, 1.199142248000044], [117.8166946980001, 1.199078970000073], [117.8165868640001, 1.199142327000061], [117.81652393600007, 1.19909711400004], [117.81646097600003, 1.198943345000032], [117.81639805000009, 1.19890717800007], [117.81626323900002, 1.198925311000039], [117.81618232500011, 1.198843918000023], [117.81611937800005, 1.198735381000063], [117.81605645000002, 1.198690168000041], [117.81596657300008, 1.19869019500004], [117.81585873800009, 1.198753552000028], [117.81573301100002, 1.199097351000034], [117.81564314600007, 1.199142610000024], [117.8156431650001, 1.19920593400002], [117.81551743000011, 1.19952259400003], [117.81536469600007, 1.199721660000023], [117.8153647150001, 1.199784984000075], [117.81540965900001, 1.199803063000047], [117.81556244600006, 1.199784925000074], [117.81567030500003, 1.199802985000076], [117.81592200900002, 1.199956698000051], [117.81615571500004, 1.200038045000042], [117.81626143100004, 1.199988351000059], [117.81629051300001, 1.199974680000025], [117.81639834300006, 1.199893230000043], [117.81647923800006, 1.199911299000064], [117.81661858100006, 1.199830236000025], [117.81667874300001, 1.199806773000034], [117.81675018900012, 1.199761325000054], [117.816784772, 1.199739326000042], [117.81692856300003, 1.199694051000051], [117.81695554800001, 1.199766414000067], [117.81700049200003, 1.199784493000038], [117.81703642500008, 1.199721158000045], [117.81710831900011, 1.199693997000054], [117.81738698000004, 1.199829609000062], [117.81768359600005, 1.199892844000033], [117.8177285590001, 1.199974247000057], [117.817836413, 1.199974215000054], [117.81785923100006, 1.200031583000055], [117.81797585200002, 1.200060001000054]]]]}},
{"type": "Feature", "properties": {"ba_code": "4320", "blockid": "4320O25P06", "division": "03"}, "geometry": {"type": "MultiPolygon", "coordinates": [[[[117.78416866300006, 1.202191464000066], [117.78530109000008, 1.202037347000044], [117.78605607100008, 1.202037128000029], [117.78667622000012, 1.201991717000055], [117.78672116700011, 1.202018843000076], [117.78672090300006, 1.201096109000048], [117.78666536000003, 1.200079215000073], [117.78665884600002, 1.199959942000021], [117.78667545500002, 1.199313978000021], [117.78661214200008, 1.197920848000024], [117.78661162700007, 1.196111565000024], [117.78656668700012, 1.196111578000057], [117.7860544240001, 1.19626551500005], [117.78532647600002, 1.19650093100006], [117.78384361000008, 1.196953679000046], [117.78369082900008, 1.196998955000026], [117.78369254200004, 1.19712286500004], [117.78369566800006, 1.197259595000048], [117.78371797500006, 1.197641243000021], [117.78371819400002, 1.198410189000072], [117.78382627400003, 1.199206243000049], [117.78382874400006, 1.199350484000036], [117.7838445540001, 1.200273716000027], [117.78389001900007, 1.200886740000044], [117.78391267900008, 1.201542706000055], [117.78388999100002, 1.202019662000055], [117.78390799500005, 1.202119168000024], [117.78416866300006, 1.202191464000066]]]]}},
{"type": "Feature", "properties": {"ba_code": "4320", "blockid": "4320O33P07", "division": "05"}, "geometry": {"type": "MultiPolygon", "coordinates": [[[[117.8091622280001, 1.196692980000023], [117.80907644000001, 1.193384828000035], [117.80905314400002, 1.192486452000026], [117.8090171560001, 1.192359813000053], [117.80834994500003, 1.192355331000044], [117.8067626720001, 1.192344666000054], [117.8064446630001, 1.192359961000022], [117.80643766300011, 1.192360575000066], [117.8062848940001, 1.192442037000035], [117.80626694000011, 1.192514414000073], [117.80630262800003, 1.194134807000069], [117.80632685700004, 1.195234860000028], [117.80633069800001, 1.195409234000067], [117.80639226000005, 1.195486642000049], [117.80665437700009, 1.195816225000044], [117.80676221200008, 1.195752869000046], [117.80695091100006, 1.195599025000035], [117.80716672400001, 1.195960816000024], [117.8073824810001, 1.196132633000047], [117.80731957900002, 1.196177883000075], [117.807301617, 1.19622312100006], [117.80740053300008, 1.196394972000064], [117.80744549600001, 1.196476376000021], [117.80749043000003, 1.196458270000051], [117.80753538700003, 1.196521582000059], [117.80755338100005, 1.196584901000051], [117.80750845000011, 1.196612053000024], [117.80750846900003, 1.196675378000066], [117.80759838400002, 1.196802], [117.80757142800007, 1.196829148000063], [117.8073827400001, 1.197019177000072], [117.80721200900007, 1.197145877000025], [117.80719489100011, 1.197152344000074], [117.8069963260001, 1.197227358000021], [117.8067177800001, 1.197489786000062], [117.80727524400004, 1.198240469000041], [117.80748710700004, 1.198471347000066], [117.80749102000004, 1.198475611000049], [117.80761688100006, 1.198584130000029], [117.80785965200005, 1.198927820000051], [117.80854257900012, 1.198430067000061], [117.8086683900001, 1.198366705000069], [117.80869530300004, 1.198194816000068], [117.80865034500005, 1.198131505000049], [117.8088216540001, 1.197722353000074], [117.80915990900007, 1.196914469000035], [117.80920719900007, 1.196801523000033], [117.8091622280001, 1.196692980000023]]]]}},
{"type": "Feature", "properties": {"ba_code": "4320", "blockid": "4320K28P06", "division": "02"}, "geometry": {"type": "MultiPolygon", "coordinates": [[[[117.7959870520001, 1.230684165000071], [117.79596904400012, 1.230575614000031], [117.79590612900006, 1.230575633000058], [117.79498037100007, 1.230575910000027], [117.79453099300008, 1.230639370000063], [117.79377600600003, 1.23063959600006], [117.79332663600007, 1.230730195000035], [117.79330886900004, 1.231435819000069], [117.7933541320001, 1.232530420000046], [117.79339073300002, 1.234719638000058], [117.7934182680001, 1.23664651200005], [117.7933914140001, 1.237017423000054], [117.79343035800002, 1.237885497000036], [117.79343157800008, 1.237912693000055], [117.79366334400004, 1.23792013800005], [117.79385639100008, 1.237955193000062], [117.79403947300011, 1.238021711000044], [117.79436246400007, 1.238193162000073], [117.79456923300006, 1.238346888000024], [117.79472206600008, 1.238473492000026], [117.79489288000002, 1.238618183000028], [117.79562117000012, 1.239504509000028], [117.79594488300006, 1.239992917000052], [117.79594496100003, 1.240255262000062], [117.79568472100004, 1.241630392000047], [117.79555913800004, 1.242462699000043], [117.79558613400002, 1.242571247000058], [117.79551429600008, 1.242788383000061], [117.79551437100008, 1.243041682000069], [117.79562228400005, 1.243231623000042], [117.79588296800011, 1.243340101000058], [117.79656603500007, 1.243276569000045], [117.79634793600007, 1.238834227000041], [117.79633039500004, 1.238439666000033], [117.79631278700003, 1.237977354000066], [117.79631212800007, 1.237957714000061], [117.79626744500001, 1.236627561000034], [117.79601408600001, 1.230919363000055], [117.7959870520001, 1.230684165000071]]]]}},
{"type": "Feature", "properties": {"ba_code": "4320", "blockid": "4320M31P06", "division": "04"}, "geometry": {"type": "MultiPolygon", "coordinates": [[[[117.804042363, 1.217092261000062], [117.80394559900003, 1.211197308000067], [117.80236365600001, 1.211219533000076], [117.80131279200009, 1.21125875000007], [117.80131522200008, 1.211436715000048], [117.80132627400008, 1.212246347000075], [117.80135868900004, 1.212688646000061], [117.80135016600002, 1.213193687000057], [117.80156126400004, 1.21737614500006], [117.80163814900004, 1.219079357000055], [117.80162515000006, 1.22073142000005], [117.8016285120001, 1.220731445000069], [117.80411615700007, 1.220658384000046], [117.804042363, 1.217092261000062]]]]}},
{"type": "Feature", "properties": {"ba_code": "4320", "blockid": "4320R35P09", "division": "06"}, "geometry": {"type": "MultiPolygon", "coordinates": [[[[117.81411392900009, 1.163826092000022], [117.81372186300007, 1.16377996500006], [117.81370947100004, 1.163780978000034], [117.81301743000006, 1.163817364000067], [117.81300844200007, 1.163817367000036], [117.81183803500005, 1.163821935000044], [117.81161928900008, 1.163882257000068], [117.81151833600006, 1.163969473000066], [117.81152563600006, 1.164228284000046], [117.81154760800007, 1.16472981000004], [117.811489703, 1.165441433000069], [117.81154646700008, 1.167151928000067], [117.81153497000003, 1.168663629000037], [117.81151912000007, 1.169187038000075], [117.81149161100006, 1.169993472000044], [117.81149495000011, 1.170079287000021], [117.81150142400008, 1.170612056000039], [117.811501152, 1.17061261300006], [117.81147351200002, 1.170665909000036], [117.8114735150001, 1.170674955000038], [117.81147352000005, 1.170693048000032], [117.81145559100003, 1.170855888000062], [117.81145562800009, 1.170982537000043], [117.81145564600001, 1.171045861000039], [117.8114556590001, 1.17109109300003], [117.81147381900007, 1.171733380000035], [117.81147404600006, 1.172520413000029], [117.81147424100004, 1.173198890000037], [117.8133752010001, 1.172984333000045], [117.81420641600005, 1.172890515000063], [117.81418913400012, 1.17210943200007], [117.81418820200008, 1.172067302000073], [117.814197067, 1.171642121000048], [117.81420594300005, 1.171253125000021], [117.81419679600003, 1.170701300000076], [117.81419679400005, 1.170696213000042], [117.81419679300006, 1.170692253000027], [117.81420760200001, 1.170676060000062], [117.81420760000003, 1.170675942000059], [117.81420670000011, 1.170672619000072], [117.81419904300003, 1.170644337000056], [117.81415888400011, 1.168787389000045], [117.81403386800002, 1.168596732000026], [117.81405395700006, 1.168365460000075], [117.81418776700002, 1.168255888000033], [117.81417749000002, 1.166078617000039], [117.81416838200005, 1.16566248700002], [117.81417430200008, 1.165525149000075], [117.81418103600004, 1.165216137000073], [117.81418100600001, 1.165113133000034], [117.81418609000002, 1.164730707000047], [117.81418429300004, 1.164680517000022], [117.81412291700008, 1.163826090000043], [117.81411392900009, 1.163826092000022]]]]}},
{"type": "Feature", "properties": {"ba_code": "4320", "blockid": "4320K21P09", "division": "01"}, "geometry": {"type": "MultiPolygon", "coordinates": [[[[117.77299869, 1.24050636100003], [117.77305261600009, 1.240497298000037], [117.77318743600006, 1.240497259000051], [117.77329528700011, 1.240479134000054], [117.77347504200009, 1.240460988000052], [117.77360087400007, 1.240460951000045], [117.77374468000005, 1.240451863000033], [117.77386152200006, 1.240442782000059], [117.77396937800006, 1.240442750000057], [117.77403229400011, 1.24044273200002], [117.77405027000009, 1.240442726000026], [117.77419408900005, 1.240478870000061], [117.77424800600011, 1.240442668000071], [117.77429291200008, 1.24032505100007], [117.77431085700005, 1.240216489000034], [117.77432878800005, 1.240062694000073], [117.77435572600007, 1.239972221000073], [117.77438266900003, 1.239899842000057], [117.77446351300011, 1.239736982000068], [117.77455575600004, 1.239684471000032], [117.77462529800005, 1.239736935000053], [117.77468824000005, 1.239827380000065], [117.77482306500008, 1.239845434000074], [117.77487700100005, 1.239872557000069], [117.77488598700006, 1.239863508000042], [117.77522756300004, 1.239971965000052], [117.77547027600008, 1.240098543000045], [117.7755128020001, 1.239776810000023], [117.775530064, 1.239646206000032], [117.77556718400001, 1.239365369000041], [117.77561741700003, 1.238985318000061], [117.77564964100009, 1.238741525000023], [117.77565860300001, 1.238651058000073], [117.77566758800003, 1.238642009000046], [117.7756584870001, 1.238253014000065], [117.77564043000007, 1.237972580000076], [117.7756404270001, 1.237963534000073], [117.77568522500007, 1.237475013000051], [117.7756852230001, 1.237465967000048], [117.77571213100009, 1.237275983000075], [117.77572111900008, 1.237275981000039], [117.7757033150001, 1.237049838000075], [117.77569405500003, 1.236932224000043], [117.77569588900008, 1.236876558000063], [117.7756957900001, 1.236536675000025], [117.77595258600002, 1.236412136000069], [117.77618078100011, 1.236062612000069], [117.77628535100007, 1.235837588000038], [117.77637568300008, 1.235717885000042], [117.77622338200001, 1.235358899000062], [117.7762423470001, 1.235153049000075], [117.77618996500007, 1.234932857000047], [117.775880862, 1.235095709000063], [117.77557214300009, 1.235345900000027], [117.77553181700011, 1.235367238000038], [117.77540834900003, 1.235460498000066], [117.7753464000001, 1.235506479000037], [117.77514541000005, 1.235629698000025], [117.774902773, 1.235765466000032], [117.77486684200005, 1.235837848000074], [117.77457029100003, 1.236018864000073], [117.7745073960001, 1.23609125400003], [117.7744175580001, 1.23623602300006], [117.77433671800009, 1.236416976000044], [117.77428281900006, 1.236516503000075], [117.77420197100002, 1.236670316000072], [117.77419298600012, 1.236679365000043], [117.77419298900008, 1.236688411000046], [117.77417501800005, 1.236706510000033], [117.77408518800007, 1.23687841800006], [117.77405823700008, 1.236923658000023], [117.77404026900001, 1.23695080300007], [117.77402229800009, 1.236968901000068], [117.77397736800003, 1.237005100000033], [117.77378866200002, 1.23714989900003], [117.77377967200005, 1.237140855000064], [117.77354602800006, 1.23729471300004], [117.77353704000006, 1.237294715000075], [117.7733483080001, 1.237349050000034], [117.77293487200006, 1.237394403000053], [117.77292590000002, 1.237448684000071], [117.77292591100002, 1.23748487000006], [117.77292591300011, 1.237493917000052], [117.77292591600008, 1.237502963000054], [117.77292255200007, 1.237506170000074], [117.77291714100011, 1.237516863000053], [117.77292438800009, 1.238578483000026], [117.77292513700002, 1.238688247000027], [117.77292630900001, 1.238859929000057], [117.77293539700008, 1.239203691000057], [117.77293539900006, 1.239212738000049], [117.77294440600008, 1.239276060000066], [117.77296269800001, 1.239305538000053], [117.77296270000011, 1.239371825000035], [117.77296270200009, 1.239434051000046], [117.7729627330001, 1.240488278000043], [117.77299869, 1.24050636100003]]], [[[117.7753156230001, 1.23370275700006], [117.77540547700005, 1.233612266000023], [117.77546839800004, 1.233630341000037], [117.77554886100006, 1.232146701000033], [117.7755308610001, 1.232065289000047], [117.77553976000002, 1.231757707000043], [117.77549474700004, 1.231504420000022], [117.77548566500002, 1.231178751000073], [117.77549460900002, 1.231024959000024], [117.77546763200007, 1.230979734000073], [117.77540470500003, 1.230943567000054], [117.77489240400007, 1.23098894900005], [117.77463176000003, 1.231016165000028], [117.77407451600004, 1.231052513000066], [117.77367902300011, 1.230980257000056], [117.7735352310001, 1.231034578000049], [117.77368826700001, 1.231866806000028], [117.77329291300009, 1.232274011000072], [117.77369749000002, 1.232680983000023], [117.77366156100004, 1.232762412000056], [117.77356272200007, 1.232861951000075], [117.77355376600008, 1.232970511000076], [117.77345495300005, 1.233160515000066], [117.77355397500003, 1.233694227000058], [117.77373374000001, 1.233712267000044], [117.7738954030001, 1.233296083000027], [117.77395831900003, 1.233296065000047], [117.77402124000002, 1.233314139000072], [117.77405719800004, 1.233332222000058], [117.77416508200008, 1.233431701000029], [117.77438979200008, 1.233467821000033], [117.7743987990001, 1.23353114300005], [117.77437186100008, 1.23362161600005], [117.77447974000006, 1.233703002000027], [117.77459659500005, 1.233739153000045], [117.77487525100003, 1.233838583000022], [117.77498311000011, 1.233847597000022], [117.77504601500004, 1.233811393000053], [117.77509993500007, 1.233784238000055], [117.7752167760001, 1.233775157000025], [117.7753156230001, 1.23370275700006]]], [[[117.77290756600007, 1.237319040000045], [117.772931018, 1.23727337300005], [117.77293113700011, 1.237274107000076], [117.77308941500007, 1.237282279000055], [117.7731700490001, 1.23727798300007], [117.77332633800006, 1.23725126100004], [117.77346710600011, 1.237213823000047], [117.77356396200003, 1.237149965000071], [117.773653824, 1.237086613000031], [117.77377260600008, 1.236995885000056], [117.77390210600004, 1.236887410000065], [117.77396419000002, 1.23681920100006], [117.7740037000001, 1.236779413000022], [117.7740229210001, 1.236726705000024], [117.77404425100008, 1.236685833000024], [117.77405940300002, 1.236656799000059], [117.77427849500009, 1.236236986000051], [117.77427855000008, 1.236237027000072], [117.7743343510001, 1.236134540000023], [117.774382177, 1.236122144000035], [117.77441598200005, 1.23604917900002], [117.77443208300008, 1.236026477000053], [117.77460761900011, 1.235901590000026], [117.77483985200001, 1.235747392000064], [117.77498363400002, 1.235656885000026], [117.77524396900003, 1.23549124300007], [117.77545092300011, 1.235358215000076], [117.77564454500009, 1.235145541000065], [117.7756153470001, 1.234834532000036], [117.77551368700006, 1.234833504000051], [117.77548672000012, 1.234824465000031], [117.7753608910001, 1.23483354800004], [117.77528000200004, 1.234842619000062], [117.77521708800009, 1.234851684000034], [117.77519911200011, 1.234851689000038], [117.775190124, 1.234851691000074], [117.7751182180001, 1.23484266600002], [117.77503732000002, 1.234824597000056], [117.77490954000007, 1.234872492000022], [117.77485549200003, 1.234878055000024], [117.7746345060001, 1.234843399000056], [117.77463348600008, 1.234843210000065], [117.77456995300008, 1.234851873000025], [117.774426145, 1.234851916000025], [117.77434523700003, 1.234797661000073], [117.77425535200007, 1.234779594000031], [117.77420141300001, 1.234743424000044], [117.7741384950001, 1.234734396000022], [117.77409355800012, 1.234743456000047], [117.77406659600001, 1.234752510000021], [117.774039635, 1.234761564000053], [117.77402166700006, 1.234788709000043], [117.77399470500006, 1.234797763000074], [117.77396774100009, 1.234797771000046], [117.77386889400009, 1.234870172000058], [117.77385991400001, 1.234897314000023], [117.77387791400008, 1.234978726000065], [117.77390493300004, 1.235168694000038], [117.77390495100008, 1.235232019000023], [117.77392295100003, 1.235313432000055], [117.7738600450001, 1.235349636000024], [117.77385502700008, 1.235344588000032], [117.77385105400003, 1.235340592000057], [117.77381511500005, 1.235385835000045], [117.7737701750001, 1.235385848000021], [117.77376119000007, 1.235394897000049], [117.77363539200007, 1.235512538000023], [117.77354553000009, 1.235575889000074], [117.7734376950001, 1.235648292000064], [117.77333884600012, 1.235711646000027], [117.77326435400005, 1.235754518000022], [117.77321303500003, 1.235784055000067], [117.77313215600009, 1.235829311000032], [117.77305127200009, 1.235856474000059], [117.772970385, 1.235874590000037], [117.77284456300004, 1.235910813000032], [117.77280861400004, 1.235919870000032], [117.77283559900002, 1.235992233000047], [117.7728266680001, 1.236191258000076], [117.77286267000011, 1.236363130000029], [117.7728626810001, 1.236399315000028], [117.77285372400002, 1.236507875000029], [117.77284475700003, 1.236580250000031], [117.772844759, 1.236589296000034], [117.77284477800004, 1.236652621000076], [117.77284478000001, 1.236661667000021], [117.77281782400007, 1.236688815000036], [117.77281782700004, 1.236697861000039], [117.77277289200003, 1.236715967000066], [117.77272820400003, 1.236709555000061], [117.77270997300002, 1.236706939000044], [117.77267402700011, 1.236725043000035], [117.77271, 1.236797404000072], [117.77272798600006, 1.236833584000067], [117.77272814500009, 1.236834627000064], [117.77274599600003, 1.236951183000031], [117.77273704200002, 1.237068789000034], [117.77272805400003, 1.237068792000059], [117.77272803800008, 1.237068815000043], [117.77266516400005, 1.237159275000067], [117.7726651800001, 1.237213553000061], [117.77262925100001, 1.237294982000037], [117.77264723000008, 1.237304023000036], [117.77270391400009, 1.237310011000034], [117.77272792600002, 1.237311076000026], [117.77290756600007, 1.237319040000045]], [[117.77464212600012, 1.235783636000065], [117.77457920000006, 1.235747468000056], [117.7745432480001, 1.235747479000054], [117.77452526700006, 1.235729391000064], [117.77447131500003, 1.235647989000029], [117.77439042100002, 1.235638966000067], [117.77438143300003, 1.235638969000036], [117.7743634410001, 1.235584696000046], [117.77434543600009, 1.23548519000002], [117.77429149000011, 1.235421881000036], [117.77434539700005, 1.235349493000058], [117.77431840400004, 1.235249991000046], [117.77431839100007, 1.235204758000066], [117.77436332000002, 1.235168559000044], [117.77442622900003, 1.235141402000068], [117.77449812200007, 1.235105195000074], [117.77456101400003, 1.235023758000068], [117.77455200500003, 1.234951390000049], [117.77456098000005, 1.234906155000033], [117.77464883400012, 1.234888443000045], [117.77464922800004, 1.234888359000024], [117.77481015, 1.234971870000038], [117.7747497680001, 1.235041796000075], [117.77473181500011, 1.235123219000059], [117.77473184900009, 1.235240823000026], [117.7748127540001, 1.235286031000044], [117.77484870900003, 1.235295067000038], [117.77492960900008, 1.235322183000051], [117.77501051400009, 1.235367391000068], [117.77502849500002, 1.235385479000058], [117.77503749100003, 1.23541261500003], [117.77495660900001, 1.235448825000049], [117.77482179700007, 1.23547600400002], [117.77478584800008, 1.23548506100002], [117.77478587400003, 1.235575525000058], [117.7747769020001, 1.235629807000066], [117.77473198500002, 1.235711238000022], [117.7747140250001, 1.235765522000065], [117.77464212600012, 1.235783636000065]]]]}},
{"type": "Feature", "properties": {"ba_code": "4320", "blockid": "4320M40AP07", "division": "04"}, "geometry": {"type": "MultiPolygon", "coordinates": [[[[117.82925889800003, 1.215260879000027], [117.82921256800012, 1.215276439000036], [117.82661201400003, 1.213012416000026], [117.8266403990001, 1.214367892000041], [117.82664052200005, 1.214373743000067], [117.82668849100003, 1.216664392000041], [117.8266945040001, 1.216951489000053], [117.82695828500005, 1.217033463000064], [117.82718888000011, 1.217105124000057], [117.82774623600005, 1.217466805000072], [117.82762653400005, 1.217947609000021], [117.82757783000011, 1.218143234000024], [117.82757998600005, 1.21814796700005], [117.82757907300004, 1.218181419000075], [117.82759830000009, 1.21822170400003], [117.82758411500004, 1.218494569000029], [117.82751284400001, 1.218724368000039], [117.82732994300011, 1.219138917000066], [117.82712683500006, 1.219954736000034], [117.827094181, 1.220317505000025], [117.82743176300005, 1.220305692000068], [117.82930906100012, 1.220239998000068], [117.82931086300005, 1.21990882700004], [117.82927036100011, 1.21628617600004], [117.8292702760001, 1.216278565000039], [117.82925952900007, 1.215317323000022], [117.82925939100005, 1.215304988000071], [117.82925889800003, 1.215260879000027]]]]}},
{"type": "Feature", "properties": {"ba_code": "4320", "blockid": "4320O34P07", "division": "05"}, "geometry": {"type": "MultiPolygon", "coordinates": [[[[117.81107761200008, 1.200039565000054], [117.8112661990001, 1.199505773000055], [117.81137854600001, 1.199505740000063], [117.81154482000011, 1.199505690000024], [117.81197223800007, 1.199613105000026], [117.8119762660001, 1.199614118000056], [117.81190090500002, 1.195403089000024], [117.81189402400003, 1.195018591000064], [117.81187238500002, 1.193720840000026], [117.81186779400002, 1.193719972000054], [117.81185070000004, 1.19371674000007], [117.81176905900008, 1.193701304000058], [117.811622, 1.193605508000076], [117.81157001000008, 1.193471760000023], [117.81154301800007, 1.193372258000068], [117.8113628000001, 1.193214529000045], [117.81129126500002, 1.193046663000075], [117.81107554000005, 1.192983403000028], [117.81101258800004, 1.192856772000027], [117.81101256200009, 1.192766309000035], [117.81090464500005, 1.192549228000075], [117.81090460200005, 1.192404486000044], [117.8108624460001, 1.192285790000028], [117.81085962600002, 1.192277851000028], [117.81050108500006, 1.192256833000044], [117.81036330800009, 1.192248756000026], [117.80913405900003, 1.192319053000062], [117.80916288900005, 1.193507331000035], [117.80925192400002, 1.197177011000065], [117.80925225200008, 1.197190504000048], [117.80929718300001, 1.197163351000029], [117.8094834850001, 1.197393071000022], [117.80957590500009, 1.197507030000054], [117.80974671900003, 1.197660768000048], [117.80978269400009, 1.197742174000041], [117.80999844100006, 1.197877806000065], [117.81002542300007, 1.197941122000032], [117.8102411220001, 1.19791391900003], [117.81032200100003, 1.197877709000068], [117.81051978800008, 1.198067624000032], [117.81079854300003, 1.198519859000044], [117.81064580600003, 1.198709878000045], [117.81066385100007, 1.198945078000065], [117.81072680300008, 1.199071709000066], [117.81070885400004, 1.199162178000051], [117.81070897900008, 1.199587357000041], [117.81064613600006, 1.199831627000037], [117.81066415500004, 1.199976364000065], [117.8107720270001, 1.200039656000058], [117.810754115, 1.200256774000025], [117.81086197400009, 1.200274835000073], [117.81086556800005, 1.200271215000043], [117.81092487, 1.200211491000061], [117.81107761200008, 1.200039565000054]]], [[[117.81185156000004, 1.192474021000066], [117.81184846200006, 1.192244386000027], [117.81107532500005, 1.192250648000027], [117.81107533200009, 1.192275358000074], [117.81107541200004, 1.192549177000046], [117.81113840900002, 1.192829596000024], [117.81129122000004, 1.192892875000041], [117.81146203800006, 1.19306470500004], [117.8115939060001, 1.193190536000031], [117.8116508390001, 1.193263669000032], [117.81169584700001, 1.193498861000023], [117.8118037380001, 1.193625478000058], [117.81184846100007, 1.193625465000025], [117.81187079400001, 1.193625458000042], [117.81185156000004, 1.192474021000066]]]]}},
{"type": "Feature", "properties": {"ba_code": "4320", "blockid": "4320N28P05", "division": "03"}, "geometry": {"type": "MultiPolygon", "coordinates": [[[[117.7930333490001, 1.21137098500003], [117.79321310300008, 1.211361885000031], [117.79336589700006, 1.211361840000052], [117.7937164220001, 1.211352691000059], [117.79398605500012, 1.21134356500005], [117.79430961100002, 1.211316330000045], [117.79458127200007, 1.211298609000039], [117.79489381500002, 1.211289019000048], [117.79492568100011, 1.211289996000062], [117.79496572000005, 1.211298044000046], [117.79510053900003, 1.211298004000071], [117.79514547800011, 1.211297991000038], [117.7952533350001, 1.211307005000037], [117.79527131100008, 1.211307], [117.79552935600009, 1.211304571000028], [117.79552292400001, 1.211144090000062], [117.79552291800007, 1.211125998000057], [117.79550488500001, 1.210926982000046], [117.79550487100005, 1.210881750000055], [117.79549583900007, 1.210727964000057], [117.79547781800011, 1.210574181000027], [117.79547780000007, 1.210510856000042], [117.79546878500003, 1.210420395000028], [117.79545074600003, 1.21020328700007], [117.79545074100008, 1.210185194000076], [117.79545067000004, 1.20994094100007], [117.79545064400008, 1.209850477000032], [117.79545064100012, 1.209841431000029], [117.7954505670001, 1.209588132000022], [117.79545056200004, 1.209570039000027], [117.79545055100004, 1.209533853000039], [117.79545467700007, 1.209454522000044], [117.795463874, 1.209277649000057], [117.79546842700006, 1.209190085000046], [117.79547736000006, 1.209000108000055], [117.79548631300008, 1.208882502000051], [117.79547728300008, 1.208737763000045], [117.79546822700001, 1.208502559000067], [117.79546813800005, 1.208194982000066], [117.79541409500007, 1.207796956000038], [117.7953960530001, 1.207570801000031], [117.79538701800004, 1.20740796900003], [117.79536000700011, 1.207245142000033], [117.79535098800011, 1.207136588000026], [117.79535997000005, 1.207118492000063], [117.79536410300011, 1.207039019000035], [117.79536890800011, 1.206946608000067], [117.795343107, 1.206791072000044], [117.79533289400001, 1.206729505000055], [117.79530586400006, 1.206503353000073], [117.79529685600005, 1.206430985000054], [117.79527879600005, 1.206141505000062], [117.79526071200007, 1.205770608000023], [117.79526066300002, 1.205598727000051], [117.79526958000008, 1.205354471000021], [117.79526049700007, 1.205028804000051], [117.79526039200005, 1.204666948000067], [117.79525131000003, 1.204341280000051], [117.7952422410001, 1.204060845000072], [117.79524262000007, 1.203819532000068], [117.7952572690001, 1.203619695000043], [117.79525106900007, 1.20350901200004], [117.79524200500009, 1.203246669000066], [117.79524187700008, 1.202803396000036], [117.79521482200005, 1.202486780000072], [117.79521472700003, 1.202161109000031], [117.79522363400008, 1.201880668000058], [117.79516968900009, 1.201817359000074], [117.7951607010001, 1.201817362000043], [117.79490903300007, 1.201790297000059], [117.79442369000003, 1.201790439000035], [117.79408215500007, 1.20179958500006], [117.79406417900009, 1.201799590000064], [117.79374061400006, 1.201790639000023], [117.79362377700011, 1.201808766000056], [117.79327326200007, 1.201845054000046], [117.7932462980001, 1.201845062000075], [117.79294970500007, 1.201863241000069], [117.79274298700011, 1.201872348000052], [117.79257221800003, 1.201872398000035], [117.79245537600002, 1.201872432000073], [117.79244641900004, 1.201980991000028], [117.79243746000009, 1.202080504000037], [117.79244653100011, 1.202369987000054], [117.7924556260001, 1.202740886000072], [117.79246473400008, 1.20315701800007], [117.79245586900004, 1.203582202000064], [117.79246492200002, 1.20380835900005], [117.79245602300011, 1.204115940000065], [117.79246507100004, 1.204324004000057], [117.79246511500003, 1.204477793000024], [117.79246523000006, 1.204875835000053], [117.79246530400007, 1.20512913400006], [117.79246530600005, 1.205138180000063], [117.79247433300009, 1.205273874000056], [117.79247442000008, 1.205572405000055], [117.79248348800002, 1.205852841000024], [117.79247454800009, 1.206015679000075], [117.79248603200006, 1.206269990000067], [117.79260119000003, 1.208820027000058], [117.792592205, 1.208829076000029], [117.79261923700005, 1.20906427400007], [117.79262194300009, 1.20909819700006], [117.79262615200003, 1.209150967000028], [117.79263727800003, 1.209290429000021], [117.79263728300009, 1.209308522000072], [117.79263728600006, 1.209317568000074], [117.79269138900008, 1.209923661000062], [117.79269139700011, 1.209950800000058], [117.79269662900003, 1.210050309000053], [117.79270043500003, 1.210122679000051], [117.792709467, 1.210276466000039], [117.79271851800002, 1.210493576000033], [117.7927186180001, 1.210837340000069], [117.79271862600001, 1.210864479000065], [117.79274563900003, 1.211036353000054], [117.79275464600005, 1.211099675000071], [117.79278251500011, 1.211353804000055], [117.79279067300001, 1.211362010000073], [117.7930333490001, 1.21137098500003]]]]}},
{"type": "Feature", "properties": {"ba_code": "4320", "blockid": "4320N38P07", "division": "05"}, "geometry": {"type": "MultiPolygon", "coordinates": [[[[117.82175605500004, 1.203220668000029], [117.82249305300002, 1.203220445000056], [117.82319407300008, 1.203129768000053], [117.82340978000002, 1.203129703000059], [117.82342032600002, 1.20139329400007], [117.82279440800005, 1.201412809000033], [117.82123983400004, 1.201486940000052], [117.82122135800012, 1.201645614000029], [117.82105461000003, 1.201891069000055], [117.82094676800011, 1.201927287000046], [117.82085689000007, 1.201927314000045], [117.82074906900004, 1.202035903000024], [117.82068621400003, 1.202234941000029], [117.82051548400011, 1.202361642000028], [117.82077612900002, 1.202361563000068], [117.82083930100009, 1.203220946000044], [117.82127070600006, 1.203193676000069], [117.82123356000011, 1.202317538000045], [117.821353423, 1.202307861000065], [117.82169611900008, 1.20228032600005], [117.82172251400004, 1.202279290000035], [117.82171982800003, 1.202297953000027], [117.82175605500004, 1.203220668000029]]], [[[117.82370370500007, 1.20701699600005], [117.82371466600011, 1.207027499000048], [117.82358241500003, 1.205039863000025], [117.82327444000009, 1.205049270000075], [117.82319465400008, 1.205065684000033], [117.82239479200007, 1.20523780700006], [117.82235885500006, 1.205283050000048], [117.82240405400012, 1.206151484000031], [117.82256605700002, 1.206893235000052], [117.82359058400004, 1.206621533000032], [117.82359794800004, 1.206649294000044], [117.82359958000006, 1.20664866900006], [117.82370370500007, 1.20701699600005]]], [[[117.81996853100009, 1.201690140000039], [117.81997573800004, 1.202354553000021], [117.82014697600005, 1.202334614000051], [117.82028181200008, 1.202397898000072], [117.82038966000005, 1.202379772000029], [117.82057836600006, 1.202253066000026], [117.82066822500008, 1.202189715000031], [117.82066817900011, 1.202035927000054], [117.82068614900004, 1.202017829000056], [117.82068614100001, 1.201990690000059], [117.82079397000007, 1.20190924000002], [117.82083887600004, 1.201800671000058], [117.82099166900002, 1.201800624000043], [117.82116234700004, 1.201502044000051], [117.82116234400007, 1.201490636000074], [117.82010124600004, 1.201541234000047], [117.81999485600011, 1.201555682000048], [117.81996853100009, 1.201690140000039]]], [[[117.81985370600012, 1.202276638000058], [117.81996853100009, 1.201690140000039], [117.81996711400006, 1.201559450000047], [117.81978724100009, 1.201583876000029], [117.81989512700011, 1.20169240000007], [117.81980531400006, 1.201909539000042], [117.8197424230001, 1.201990975000058], [117.8196975300001, 1.202144777000058], [117.819805384, 1.202144744000066], [117.81985370600012, 1.202276638000058]]]]}},
{"type": "Feature", "properties": {"ba_code": "4320", "blockid": "4320N19P06", "division": "03"}, "geometry": {"type": "MultiPolygon", "coordinates": [[[[117.76837494200004, 1.202366262000055], [117.76811634600006, 1.202340799000069], [117.76672323100001, 1.20237737900004], [117.76666032800006, 1.202422629000068], [117.76661549700009, 1.20281164000005], [117.76661565100005, 1.203363474000071], [117.76667875400005, 1.204032894000022], [117.76667888500003, 1.204503310000064], [117.76667890300007, 1.204566635000049], [117.76669695200007, 1.204828977000034], [117.76665156600006, 1.205412414000023], [117.76672441900007, 1.206629214000031], [117.76678740600005, 1.206882497000038], [117.76683235300004, 1.206909624000048], [117.76703923700006, 1.207488539000053], [117.76745318200005, 1.209270573000026], [117.76756110800011, 1.209523843000056], [117.76768700500008, 1.209759015000031], [117.76897274400005, 1.211414150000053], [117.76912558800007, 1.211585989000071], [117.76933077000001, 1.211719728000048], [117.76945357200009, 1.211788678000062], [117.76953135500003, 1.21182407200007], [117.7695888940001, 1.211808359000031], [117.76958883500004, 1.211599269000033], [117.76956981500007, 1.21112406900005], [117.76949356000011, 1.209695175000036], [117.7694480780001, 1.207768294000061], [117.76946436100002, 1.206271954000044], [117.76940242100011, 1.205217207000032], [117.76940235200004, 1.204970691000028], [117.7693571750001, 1.204122599000073], [117.7693387170001, 1.202403778000075], [117.76927951000005, 1.20240102200006], [117.76918383300006, 1.202392295000038], [117.76894899100012, 1.202374853000038], [117.76878373300008, 1.202366146000031], [117.76837494200004, 1.202366262000055]]]]}},
{"type": "Feature", "properties": {"ba_code": "4320", "blockid": "4320M38AP05", "division": "04"}, "geometry": {"type": "MultiPolygon", "coordinates": [[[[117.8237369420001, 1.215079809000031], [117.82360984900004, 1.210900442000025], [117.82286385300006, 1.210909301000072], [117.82206383500011, 1.210918801000048], [117.82089133900001, 1.210932723000042], [117.82089155400001, 1.214264913000022], [117.82236186600005, 1.215279250000037], [117.8237369420001, 1.215079809000031]]]]}},
{"type": "Feature", "properties": {"ba_code": "4320", "blockid": "4320O21P06", "division": "03"}, "geometry": {"type": "MultiPolygon", "coordinates": [[[[117.7746864830001, 1.202293699000052], [117.77499754100006, 1.202242769000065], [117.774952116, 1.201953398000057], [117.7749518490001, 1.201951791000056], [117.774949579, 1.201805497000066], [117.7749605250001, 1.201460912000073], [117.77494938100006, 1.201101513000026], [117.77490876900004, 1.20067913400004], [117.77488779300006, 1.199975420000044], [117.77488369100001, 1.199967001000061], [117.77489251600002, 1.199851101000036], [117.77487142000007, 1.199713988000042], [117.77450553100005, 1.199800452000034], [117.77426636900009, 1.199881434000019], [117.7740200610001, 1.199955665000061], [117.77353555600007, 1.200109587000043], [117.77320289600004, 1.200213440000027], [117.77312117200006, 1.200226611000062], [117.77297607600008, 1.20025522800006], [117.77297607700007, 1.200258403000021], [117.77271102300006, 1.200315148000072], [117.77265406000004, 1.200323355000023], [117.77255545900005, 1.200354425000057], [117.7724647020001, 1.200409268000044], [117.77232454600005, 1.200430683000036], [117.77226084400002, 1.200460627000041], [117.77224393300003, 1.200742784000056], [117.77222847300004, 1.200863379000054], [117.77223068700005, 1.200975446000029], [117.77221854600009, 1.201089069000034], [117.77221858700011, 1.201234420000048], [117.77222710500007, 1.201315643000044], [117.7722313810001, 1.201418243000035], [117.77222291300006, 1.201512296000033], [117.7722271770001, 1.201572145000057], [117.7722356920001, 1.201644818000034], [117.77223147300003, 1.201747420000061], [117.77224426700002, 1.201931243000047], [117.77227248100007, 1.202089516000058], [117.77228562500011, 1.202252120000026], [117.77236760700009, 1.202294360000053], [117.772969783, 1.202248956000062], [117.77350007600012, 1.202275944000064], [117.7746864830001, 1.202293699000052]]]]}},
{"type": "Feature", "properties": {"ba_code": "4320", "blockid": "4320M28P05", "division": "02"}, "geometry": {"type": "MultiPolygon", "coordinates": [[[[117.79519496600005, 1.220997148000038], [117.795831313, 1.220980104000034], [117.79586920300005, 1.220674071000076], [117.79594613900008, 1.219888737000076], [117.79596317000005, 1.219491761000029], [117.79583431900005, 1.218671968000024], [117.79594563900002, 1.21818866600006], [117.79594559100008, 1.218024699000068], [117.79580827600012, 1.217575990000057], [117.79582518300003, 1.216756154000052], [117.79581642700009, 1.216134811000074], [117.7956873600001, 1.214572855000029], [117.79566145400008, 1.21394288700003], [117.79565273100002, 1.213433731000066], [117.79548064700009, 1.211362629000064], [117.79427172700002, 1.211397505000036], [117.79346009800008, 1.211434184000041], [117.79279069400002, 1.211434381000061], [117.7927728190001, 1.211778150000043], [117.79285414600008, 1.213279828000054], [117.79289962300004, 1.215125281000041], [117.79289974200003, 1.215532369000073], [117.79288179800005, 1.215640931000053], [117.7928820940001, 1.216654128000073], [117.79290024400007, 1.217251185000066], [117.79291949000003, 1.217383178000034], [117.79296245900002, 1.217523590000042], [117.79295176500011, 1.217653216000031], [117.79295181200007, 1.217815245000054], [117.79297339300001, 1.218214909000039], [117.79300850100003, 1.218626206000067], [117.79301652400011, 1.218906219000075], [117.79302731000007, 1.219089848000067], [117.79305957800011, 1.21933828300007], [117.79322490700008, 1.221005345000037], [117.79413996200003, 1.220997462000071], [117.79464235000012, 1.221014168000067], [117.79519496600005, 1.220997148000038]]]]}},
{"type": "Feature", "properties": {"ba_code": "4320", "blockid": "4320M33BP07", "division": "05"}, "geometry": {"type": "MultiPolygon", "coordinates": [[[[117.8081516200001, 1.211094588000037], [117.80816032200005, 1.21109444700005], [117.80797339300011, 1.211847988000045], [117.80788641200002, 1.212198624000052], [117.80961553400005, 1.212477483000043], [117.80962157200008, 1.212227633000055], [117.80962029500006, 1.212164150000035], [117.8095978770001, 1.211049432000038], [117.8081520930001, 1.211092667000059], [117.8081516200001, 1.211094588000037]]]]}},
{"type": "Feature", "properties": {"ba_code": "4320", "blockid": "4320K29P06", "division": "02"}, "geometry": {"type": "MultiPolygon", "coordinates": [[[[117.79894199700004, 1.238007994000043], [117.7987822340001, 1.230466211000021], [117.79604992700001, 1.230548450000072], [117.79640663300006, 1.23795952100005], [117.79648403300007, 1.239567573000045], [117.79650200100002, 1.239540428000055], [117.79897367900003, 1.239503493000029], [117.79894199700004, 1.238007994000043]]]]}},
{"type": "Feature", "properties": {"ba_code": "4320", "blockid": "4320L15P06", "division": "01"}, "geometry": {"type": "MultiPolygon", "coordinates": [[[[117.75811203100011, 1.230950134000068], [117.7584552300001, 1.230896648000055], [117.75851301800003, 1.229030697000042], [117.758513106, 1.229030823000073], [117.75851161000003, 1.228949249000038], [117.75850662900007, 1.228677793000031], [117.758515482, 1.228198328000076], [117.75848835800002, 1.227628407000054], [117.75848818200006, 1.227004201000057], [117.75847895400011, 1.226153835000048], [117.75846982100006, 1.225638188000062], [117.7585055720001, 1.224923507000028], [117.7584874160001, 1.224281212000051], [117.75848702700011, 1.222897101000058], [117.75849584000002, 1.222272892000035], [117.75795660900008, 1.222444928000073], [117.7574713460001, 1.222761693000052], [117.75731860300004, 1.222951712000054], [117.75697721200004, 1.223494598000059], [117.7568694680001, 1.223892674000069], [117.75662686300006, 1.224146044000065], [117.7564740790001, 1.224191320000045], [117.7561235930001, 1.224354256000026], [117.75601575500002, 1.224417612000025], [117.7559708330001, 1.224480950000043], [117.75596186200005, 1.224544278000053], [117.75593504300002, 1.225059935000047], [117.75596224300011, 1.225901250000049], [117.75597138800003, 1.226462129000026], [117.75595368100005, 1.22742106100003], [117.75598094000009, 1.228470445000028], [117.75598108800011, 1.228995140000052], [117.7560352700001, 1.229899773000056], [117.75601743400011, 1.230397334000031], [117.75601582600007, 1.230492792000064], [117.75601575500002, 1.230497025000034], [117.75601746200005, 1.230496846000051], [117.75600142000008, 1.23095257500006], [117.75615244000005, 1.23094962600004], [117.75629809700001, 1.230946593000056], [117.75637835600003, 1.230940586000031], [117.7565180680001, 1.230940546000056], [117.75662631600005, 1.230925306000074], [117.75692357700007, 1.230925221000064], [117.75716554700011, 1.230926468000064], [117.75731774600001, 1.23093121200003], [117.7575888560001, 1.230959857000073], [117.75784093100003, 1.230954998000072], [117.75811203100011, 1.230950134000068]]], [[[117.75854963800009, 1.221811507000041], [117.75632960300004, 1.221803090000037], [117.75587124300012, 1.221902731000057], [117.75585328700004, 1.221975108000038], [117.75582663000012, 1.223069740000028], [117.75593482700003, 1.224290984000049], [117.75597080000011, 1.224363346000075], [117.756357223, 1.224146120000057], [117.7566627870001, 1.224046522000037], [117.75681553200002, 1.223865549000038], [117.75696818800009, 1.223367950000068], [117.75746232800009, 1.222653138000055], [117.75796557600006, 1.22237255400006], [117.758289106, 1.222236765000048], [117.75849581900002, 1.222200520000058], [117.75854963800009, 1.221811507000041]]]]}},
{"type": "Feature", "properties": {"ba_code": "4320", "blockid": "4320M19P06", "division": "01"}, "geometry": {"type": "MultiPolygon", "coordinates": [[[[117.76698651900006, 1.217629262000059], [117.76695221500006, 1.217638689000069], [117.76701517100003, 1.217783414000053], [117.76698826400002, 1.217982444000029], [117.76697806800007, 1.217995279000036], [117.76697826100008, 1.218079859000056], [117.76697826700001, 1.218082654000057], [117.7669818060001, 1.219630385000073], [117.7669797420001, 1.219628902000068], [117.76702510700011, 1.221130601000027], [117.767061151, 1.22145626300005], [117.7670252040001, 1.221474366000052], [117.76920925600007, 1.221392320000064], [117.76938002000009, 1.221365131000027], [117.76948786500009, 1.221328914000026], [117.76942490500005, 1.221175143000039], [117.76937996000004, 1.221157063000021], [117.7693619900001, 1.221175161000076], [117.76927209700011, 1.221129954000048], [117.76916424900003, 1.221157125000047], [117.76891258700005, 1.221157197000025], [117.76818453600004, 1.22106694200005], [117.76813959600008, 1.221066955000026], [117.76809465100007, 1.221048875000065], [117.7680496810001, 1.220940331000065], [117.76796877600009, 1.220895122000059], [117.76789688500003, 1.220940375000055], [117.76779798200005, 1.220813753000073], [117.7677710050001, 1.220768528000065], [117.76786085900005, 1.220678038000074], [117.76781590900009, 1.220641865000061], [117.7678158650001, 1.220488075000048], [117.76777091300005, 1.220442856000034], [117.76772598100001, 1.220470008000063], [117.76753722100011, 1.22042483000007], [117.76733949100003, 1.22044298000003], [117.76723162500002, 1.220406825000055], [117.76732147900009, 1.220316334000074], [117.7673214560001, 1.220234916000038], [117.76719561100003, 1.220189720000064], [117.76713268300011, 1.220144506000054], [117.7671658810001, 1.219943665000073], [117.76722246300005, 1.219791668000028], [117.767231422, 1.219692155000075], [117.76729429200009, 1.219529300000033], [117.76724926000009, 1.219203641000036], [117.76729418200011, 1.219140303000074], [117.76726718200007, 1.21901366000003], [117.76729412500003, 1.21894128100007], [117.76723117100005, 1.218805602000032], [117.767168233, 1.218724202000033], [117.76715023100007, 1.218633743000055], [117.7671950990001, 1.218380429000035], [117.76719506600011, 1.218262825000068], [117.76717707500006, 1.218208551000032], [117.7671680840001, 1.218199507000065], [117.76713209400009, 1.218063821000044], [117.76706017800007, 1.218018609000069], [117.76711405700007, 1.21784671100005], [117.76702413100008, 1.217683901000044], [117.76705107500004, 1.217611521000038], [117.76700836400005, 1.21762325900005], [117.76698651900006, 1.217629262000059]]]]}},
{"type": "Feature", "properties": {"ba_code": "4320", "blockid": "4320N25P05", "division": "03"}, "geometry": {"type": "MultiPolygon", "coordinates": [[[[117.78609306600003, 1.211563592000061], [117.78610842500007, 1.211563267000031], [117.78614041600008, 1.211565152000048], [117.78684539300002, 1.211564796000062], [117.78704470100001, 1.211559850000071], [117.78709984700004, 1.211558482000044], [117.78708334700002, 1.211291313000061], [117.7870383390001, 1.211056119000034], [117.78700232500012, 1.210839016000023], [117.7869842450001, 1.210477165000043], [117.78697513700001, 1.210061032000056], [117.78695705500002, 1.209690134000027], [117.78693898000006, 1.209346376000042], [117.78692090800007, 1.209011664000059], [117.7869208190001, 1.208704086000068], [117.78689374600003, 1.208324144000073], [117.78688524300003, 1.207902340000032], [117.78688462800005, 1.20787182600003], [117.78687875500009, 1.207597698000029], [117.7868755180001, 1.20744664700004], [117.78686639200009, 1.206967190000057], [117.78685728700009, 1.206560104000062], [117.78684817700002, 1.206134925000072], [117.78683006400001, 1.205655470000067], [117.78681200500012, 1.205365990000075], [117.78677597600006, 1.205094608000024], [117.78678487800005, 1.204796074000058], [117.78676681900004, 1.204506594000065], [117.78675773500004, 1.204171879000057], [117.78674864400011, 1.203810025000053], [117.78673953900011, 1.203402939000057], [117.78672147000009, 1.203077273000019], [117.7867123630001, 1.202661141000021], [117.786703267, 1.202281194000022], [117.78669422700011, 1.202100268000038], [117.78668524200009, 1.202109317000065], [117.78664029200002, 1.202073145000043], [117.7863347120001, 1.202100373000064], [117.78598419100001, 1.20211856700007], [117.78567860100009, 1.202109609000047], [117.78537301400002, 1.202109698000072], [117.78531908700006, 1.202109713000027], [117.785103391, 1.202155008000034], [117.784914651, 1.202173155000025], [117.7847798360001, 1.20218224100006], [117.78464502300005, 1.20220037200005], [117.78442033400006, 1.202227577000031], [117.78423159700003, 1.202254770000025], [117.78397094600007, 1.202245799000025], [117.78393533400003, 1.202252979000036], [117.78404536300002, 1.204457085000058], [117.78405323200002, 1.204563591000067], [117.78404934200012, 1.20466615600003], [117.78406896600006, 1.204764770000054], [117.78406506300007, 1.204819998000062], [117.78406900200002, 1.204891002000068], [117.78406902400002, 1.204965953000055], [117.7840690480001, 1.20504879300006], [117.78407298500008, 1.205111908000049], [117.78407300200001, 1.205171079000024], [117.78407302900007, 1.205265754000038], [117.78406522900002, 1.205399878000037], [117.7840652540001, 1.205486663000045], [117.78405744600002, 1.205593173000068], [117.78405355600012, 1.205695738000031], [117.78403401300011, 1.20588114800006], [117.7840301440001, 1.206058664000068], [117.78404202100012, 1.206476805000023], [117.78405314500003, 1.206823265000025], [117.78406219500005, 1.207040376000066], [117.78407124500006, 1.207257488000039], [117.78409718700004, 1.207510317000072], [117.78410731800011, 1.207682659000056], [117.78410740900006, 1.207999284000039], [117.78410752600007, 1.208406373000059], [117.78413461200012, 1.208831547000045], [117.78412508300005, 1.209119773000054], [117.78412908900009, 1.209423518000051], [117.78413305400011, 1.209581308000054], [117.78414878400008, 1.209766707000028], [117.78414497500012, 1.210149350000052], [117.78415308600006, 1.210568454000054], [117.78414910400011, 1.210879130000023], [117.78417119200003, 1.211020770000061], [117.78418019000003, 1.211056953000025], [117.78418927700011, 1.211400714000035], [117.7841893000001, 1.211482132000071], [117.784249165, 1.21160255500007], [117.7855688410001, 1.211574669000072], [117.78563149000001, 1.211573345000033], [117.78609306600003, 1.211563592000061]]]]}},
{"type": "Feature", "properties": {"ba_code": "4320", "blockid": "4320M42BP07", "division": "05"}, "geometry": {"type": "MultiPolygon", "coordinates": [[[[117.83488936800006, 1.215313640000034], [117.834763629, 1.210661805000029], [117.83205832600004, 1.210725966000041], [117.8321108770001, 1.214581940000073], [117.83223021800006, 1.214407762000064], [117.83454053700007, 1.215890640000055], [117.83488936800006, 1.215313640000034]]]]}},
{"type": "Feature", "properties": {"ba_code": "4320", "blockid": "4320P32P07", "division": "05"}, "geometry": {"type": "MultiPolygon", "coordinates": [[[[117.80596012, 1.188262708000025], [117.80593270400004, 1.186697694000031], [117.80591449500002, 1.185892572000057], [117.80590545000007, 1.185693554000068], [117.80586873100003, 1.183033931000068], [117.80397271600009, 1.183119935000036], [117.80346004300009, 1.183143190000067], [117.80341064800007, 1.183729500000027], [117.80322634000004, 1.185917248000067], [117.80314668800008, 1.187367941000048], [117.80315567800005, 1.187494106000031], [117.80315571200003, 1.18749458800005], [117.803163272, 1.187494586000071], [117.80316470000002, 1.187494585000024], [117.80316481000011, 1.187494683000068], [117.80331753100006, 1.187630236000075], [117.80335348800008, 1.187648319000061], [117.80343437500005, 1.187639249000028], [117.8034703290001, 1.187648284000034], [117.80361415200002, 1.187711567000065], [117.80373998800007, 1.187738669000055], [117.80376695900009, 1.187765801000069], [117.80383886200002, 1.187765780000063], [117.80388382700005, 1.187856230000023], [117.80392882000001, 1.188046191000069], [117.80392887500011, 1.188236165000035], [117.80403677800007, 1.188408014000061], [117.8041896100001, 1.188543665000054], [117.80425254300008, 1.188606972000059], [117.80433345100005, 1.188670273000071], [117.80437842100002, 1.188778816000024], [117.80448118700008, 1.188784532000057], [117.80470198600005, 1.188796814000057], [117.80471300400006, 1.188743505000048], [117.8047468630001, 1.188579688000061], [117.80476481200003, 1.188489218000029], [117.8048007320001, 1.188380651000045], [117.80489055700002, 1.188199698000062], [117.80500738800004, 1.188163478000035], [117.8049624250001, 1.188082074000022], [117.80497137400005, 1.187946375000024], [117.80502527400006, 1.18785589600003], [117.80504324200001, 1.18782875100004], [117.80518701500012, 1.187720153000043], [117.80537575300002, 1.187702005000062], [117.80549260400005, 1.187738156000023], [117.8055735260001, 1.187846689000025], [117.80556455600004, 1.187910016000046], [117.80557355200006, 1.187937152000075], [117.80566346600006, 1.188063775000046], [117.80583427600004, 1.188208467000038], [117.80583432600008, 1.188380348000067], [117.80579842400005, 1.188552240000035], [117.80585237200012, 1.188624595000022], [117.80587036100007, 1.188669822000065], [117.805861391, 1.188733149000029], [117.80595130000006, 1.188841679000063], [117.80597432900004, 1.188833945000056], [117.80597826100006, 1.188832625000032], [117.80596012, 1.188262708000025]]], [[[117.80611375800004, 1.191175596000051], [117.80611318000001, 1.189185663000046], [117.80607791000011, 1.189135683000075], [117.80601428800003, 1.189094959000045], [117.80553083900008, 1.189118723000036], [117.80508856000006, 1.189140463000058], [117.80502562800007, 1.189077156000053], [117.80495039100003, 1.189082788000064], [117.8047829630001, 1.189095320000035], [117.80448634800007, 1.189032083000029], [117.80427864300009, 1.188930060000075], [117.80409981800005, 1.188842222000062], [117.80392900600009, 1.188688484000068], [117.80374017100007, 1.188371916000051], [117.80375811500005, 1.188263354000071], [117.80366823800011, 1.188263380000024], [117.80363227400005, 1.18821815900003], [117.80360530500002, 1.188200074000065], [117.80356035300008, 1.18815485500005], [117.803371534, 1.187892566000073], [117.80335201700007, 1.187904360000061], [117.80332660300007, 1.187919718000046], [117.80334127700007, 1.188478948000068], [117.80339021800012, 1.190344129000039], [117.80478329800007, 1.190253257000052], [117.80506192000007, 1.190253175000066], [117.80534954200004, 1.190298322000046], [117.805520354, 1.190452060000041], [117.80609579000009, 1.191202740000051], [117.80611375800004, 1.191175596000051]]]]}},
{"type": "Feature", "properties": {"ba_code": "4320", "blockid": "4320N22P05", "division": "03"}, "geometry": {"type": "MultiPolygon", "coordinates": [[[[117.77558794700008, 1.211737924000033], [117.77583960600009, 1.211728805000064], [117.77592049700002, 1.211728782000023], [117.77610025600006, 1.211728730000061], [117.77620811100007, 1.211728699000048], [117.77621709800007, 1.211728696000023], [117.77632495600005, 1.211737712000058], [117.77633394400004, 1.211737709000033], [117.77638787100011, 1.211737694000021], [117.7763968590001, 1.211737691000053], [117.77648673600004, 1.211728619000041], [117.77664851600002, 1.211719525000035], [117.77677434400005, 1.211710443000072], [117.77682210300009, 1.211707758000045], [117.77709790400002, 1.211692256000049], [117.77727829100002, 1.211699769000063], [117.77731361600001, 1.211701241000071], [117.77740349500004, 1.211701215000062], [117.77743459300007, 1.211697032000075], [117.77753830900008, 1.211683083000025], [117.77761843600001, 1.211693813000068], [117.77767313200002, 1.211701137000034], [117.77791580300004, 1.211692020000044], [117.77797872100007, 1.211701048000066], [117.77799669500007, 1.211691997000059], [117.77802362000011, 1.211556293000058], [117.77802359400005, 1.21146582800003], [117.77802358400004, 1.211429642000041], [117.77799658600009, 1.211312047000035], [117.77800556600005, 1.21128490500007], [117.7780055610001, 1.211266812000076], [117.77800546300011, 1.210923047000051], [117.7780143870001, 1.210696884000072], [117.77798736900002, 1.210506917000032], [117.77797834000012, 1.210362176000046], [117.77797833500006, 1.210344083000052], [117.77798726300011, 1.210136013000067], [117.77798720400006, 1.209927945000061], [117.77798717000007, 1.209810341000036], [117.77798712700007, 1.209656552000069], [117.77798708000012, 1.209493716000054], [117.77796311800012, 1.209266503000038], [117.77796898100007, 1.209059492000051], [117.7779556480001, 1.208932479000055], [117.77794822300007, 1.208758046000071], [117.77795186600008, 1.208602166000048], [117.7779688060001, 1.208444335000024], [117.77796871300006, 1.20811866300005], [117.77796863600008, 1.207847270000059], [117.77797757500002, 1.207675386000062], [117.77796854100006, 1.207512552000026], [117.77795047500001, 1.207195932000047], [117.77795936000007, 1.206834072000049], [117.77795928300009, 1.206562679000058], [117.77795922100006, 1.206345565000049], [117.77796816300008, 1.206182727000055], [117.77796816000011, 1.206173680000063], [117.77796813200007, 1.206074169000033], [117.77797707900004, 1.205929424000033], [117.77796804700006, 1.205775637000045], [117.7779679780001, 1.20553138300005], [117.77794356100003, 1.205328715000064], [117.77795367700003, 1.205180325000072], [117.77793389500005, 1.204856617000075], [117.77792806500008, 1.204761232000067], [117.7779137660001, 1.204527245000065], [117.77792200500005, 1.20452724200004], [117.77791373700006, 1.204427734000035], [117.77791370400007, 1.204310130000067], [117.77791369900001, 1.204292037000073], [117.77791368100009, 1.204228712000031], [117.77791361900006, 1.204011598000022], [117.77791356800003, 1.20383066900007], [117.77790450600003, 1.203568325000049], [117.77789547700002, 1.203423585000053], [117.77789547200007, 1.203405492000059], [117.77790437800002, 1.203116003000048], [117.77790431400001, 1.202889843000037], [117.777901885, 1.202829166000072], [117.77789526200002, 1.202663684000072], [117.77789524600007, 1.202609406000022], [117.77789522600006, 1.202537034000045], [117.7779041880001, 1.202446567000038], [117.77789518800012, 1.202401338000072], [117.77790417500012, 1.202401335000047], [117.77788616900011, 1.202292783000075], [117.777861873, 1.202296369000067], [117.77751768100006, 1.202347167000028], [117.7775086910001, 1.20233812400005], [117.77745476100006, 1.20232909300006], [117.77726601000006, 1.202311054000063], [117.77700536200007, 1.202311128000076], [117.77687586200011, 1.202315370000065], [117.77672674000007, 1.202320255000075], [117.77635823900005, 1.202329407000036], [117.77611556700003, 1.202329476000045], [117.77585491800005, 1.202329551000048], [117.77554034500008, 1.202338687000065], [117.7755223690001, 1.202338692000069], [117.77537856300012, 1.202338733000033], [117.77510892900011, 1.202347857000063], [117.77504604400008, 1.20245643200002], [117.77505506800003, 1.202583080000068], [117.77504608700008, 1.202610221000043], [117.77504613100007, 1.202764011000056], [117.77505516000008, 1.202908751000052], [117.7750732070001, 1.203162047000035], [117.77506427800006, 1.20337011700002], [117.77508235000005, 1.203713877000041], [117.77509141200005, 1.203976221000062], [117.77510047200008, 1.204229519000023], [117.77510949000009, 1.20433807400002], [117.7751095110001, 1.204410445000065], [117.77511851400004, 1.204464721000022], [117.77511854000011, 1.20455518600005], [117.77511858100002, 1.204699929000071], [117.77519511700007, 1.208513585000048], [117.77524621300006, 1.211059540000065], [117.77525523500003, 1.211177141000064], [117.77526426600002, 1.211330928000052], [117.77527331600004, 1.211548040000025], [117.7752733210001, 1.21156613200003], [117.77531510400001, 1.211734149000051], [117.77531831200008, 1.211747048000063], [117.77545313100006, 1.211747009000021], [117.77558794700008, 1.211737924000033]]]]}},
{"type": "Feature", "properties": {"ba_code": "4320", "blockid": "4320P33P07", "division": "05"}, "geometry": {"type": "MultiPolygon", "coordinates": [[[[117.80796462400008, 1.189058200000034], [117.80804549600009, 1.188994851000075], [117.808200714, 1.189001598000061], [117.80845893900005, 1.189012822000052], [117.80849487100011, 1.188949487000059], [117.80864763200009, 1.188840885000047], [117.80896425000003, 1.188885052000046], [117.80896415300003, 1.188883498000052], [117.8089631360001, 1.18886711600004], [117.80888968300007, 1.186714918000064], [117.80884475200003, 1.186742070000037], [117.8086919530001, 1.186714976000076], [117.80852110400008, 1.186434589000044], [117.8085031280001, 1.186434594000048], [117.80843126500008, 1.186570311000025], [117.80845824700009, 1.186633627000049], [117.80850324100004, 1.186823588000038], [117.8083954010001, 1.186868851000042], [117.8079190420001, 1.186841852000043], [117.8079010560001, 1.186805672000048], [117.80770329900008, 1.186715267000068], [117.8075954090001, 1.186588649000043], [117.80745159900005, 1.186570599000049], [117.80741439500002, 1.186690553000062], [117.8074133450001, 1.186634405000063], [117.8073609280001, 1.183829575000061], [117.80735973300011, 1.183761813000046], [117.80735966000009, 1.18375769000005], [117.80739687100004, 1.183802425000067], [117.8078733320001, 1.184182233000058], [117.80787335000002, 1.184245558000043], [117.80790032700008, 1.184290781000072], [117.80807112600007, 1.184399288000066], [117.80833177600005, 1.184417304000021], [117.80843063100008, 1.184381090000045], [117.80845754900008, 1.184227293000049], [117.80871819400011, 1.184227217000057], [117.80881702300007, 1.184100539000042], [117.80879869900002, 1.182897377000074], [117.80878072300004, 1.182897382000021], [117.80796284300004, 1.182915715000036], [117.807634473, 1.182914459000074], [117.80754041900002, 1.182915839000032], [117.80596759100001, 1.18301580900004], [117.80600031400002, 1.183621880000032], [117.80600069800005, 1.183628989000056], [117.8060037350001, 1.183685230000037], [117.80601876000003, 1.186740942000029], [117.80601840000008, 1.186749209000027], [117.8060178930001, 1.186760854000056], [117.80601361200002, 1.186760995000043], [117.80609511800003, 1.188886869000044], [117.80609419400002, 1.188893542000073], [117.80609282300009, 1.188903437000022], [117.80635579500006, 1.188995348000049], [117.80643667700008, 1.188968185000022], [117.80686814, 1.189139940000075], [117.80695801800005, 1.18913991300002], [117.80706585300004, 1.189076557000021], [117.8071017850001, 1.189013222000028], [117.8071466560001, 1.188778003000039], [117.8072095440001, 1.18868752100002], [117.80720952000001, 1.188606103000041], [117.8073443180001, 1.18854273900007], [117.80738027000007, 1.188542728000073], [117.80747017100009, 1.188624119000053], [117.80748817800009, 1.188732671000025], [117.80747020000001, 1.188849223000034], [117.80742538200002, 1.189139776000047], [117.80747039700009, 1.189402107000035], [117.80755132400009, 1.189528733000031], [117.80773108400001, 1.189546772000028], [117.80791979600008, 1.189438160000066], [117.80787480200001, 1.189248200000065], [117.80787477000001, 1.189139643000033], [117.80796462400008, 1.189058200000034]]], [[[117.80907990700007, 1.191798920000053], [117.80896677100009, 1.189574972000059], [117.8089533530001, 1.18931120600007], [117.8089083640001, 1.189139339000064], [117.8088634070001, 1.189076027000056], [117.80880262000005, 1.189014880000059], [117.808800474, 1.18901272100004], [117.80873755900006, 1.189012740000067], [117.80862970600003, 1.189012772000069], [117.80862971900001, 1.18905800400006], [117.8086592840001, 1.189117475000046], [117.80875562200004, 1.189311265000072], [117.80878263500006, 1.189483138000071], [117.80871075100004, 1.189546484000061], [117.80860293, 1.18965507200005], [117.80843216200003, 1.189655122000033], [117.80832429600002, 1.189609922000045], [117.80824343200004, 1.189700410000057], [117.80800976900002, 1.189763803000062], [117.80755139200005, 1.189763938000056], [117.80744350700002, 1.189655414000072], [117.80734460500003, 1.189528793000022], [117.80723675200011, 1.189528825000025], [117.80714686100009, 1.189483620000033], [117.80708392800011, 1.189420314000074], [117.80677757300009, 1.189345201000037], [117.80671540300011, 1.18932995800003], [117.80660750800007, 1.189185248000058], [117.8062030530001, 1.189167274000056], [117.80620038100005, 1.189309235000053], [117.80618535000008, 1.190108102000067], [117.80620162200012, 1.191999185000043], [117.80620395400001, 1.192270180000037], [117.80828020700005, 1.192256506000035], [117.80908003900004, 1.19225123800004], [117.80907990700007, 1.191798920000053]]]]}},
{"type": "Feature", "properties": {"ba_code": "4320", "blockid": "4320L34P07", "division": "04"}, "geometry": {"type": "MultiPolygon", "coordinates": [[[[117.81041067800004, 1.224094042000047], [117.81060833800007, 1.22384973000004], [117.81061732600006, 1.223849728000062], [117.8107610940001, 1.223723035000035], [117.81077008200009, 1.223723032000066], [117.8109498120001, 1.22363251400003], [117.81153398900005, 1.223514733000059], [117.81191147900006, 1.223514619000071], [117.8126036000001, 1.223695335000059], [117.812675506, 1.223704359000067], [117.81271145200003, 1.223686256000065], [117.81271144900006, 1.223677209000073], [117.81270238000002, 1.223405821000028], [117.81268359900002, 1.220728105000035], [117.80993392300002, 1.22072894300004], [117.80999563800003, 1.223434920000045], [117.80998825300003, 1.224112264000041], [117.81001527400008, 1.224302229000045], [117.81019501500009, 1.224247896000065], [117.81029386800003, 1.224202634000051], [117.81041067800004, 1.224094042000047]]]]}},
{"type": "Feature", "properties": {"ba_code": "4320", "blockid": "4320R30P09", "division": "06"}, "geometry": {"type": "MultiPolygon", "coordinates": [[[[117.79959266900005, 1.173907951000047], [117.80023078600004, 1.173862536000058], [117.80032965400005, 1.173871554000073], [117.80032963000008, 1.173790136000036], [117.80032948600001, 1.173283539000067], [117.8003114490001, 1.173066430000063], [117.800320424, 1.173021196000036], [117.80033767600003, 1.170470110000053], [117.80033839600003, 1.170469400000059], [117.80034228900001, 1.170238010000048], [117.8003465270001, 1.169990648000066], [117.80030142700002, 1.169420739000032], [117.80031879900002, 1.167285786000036], [117.80032778600003, 1.167285784000057], [117.80032778400005, 1.167276737000066], [117.80030963400009, 1.165847816000053], [117.80030853000005, 1.165847055000029], [117.80022849000011, 1.165756973000043], [117.8001565830001, 1.165738900000065], [117.79999480600009, 1.165747993000025], [117.79997682100009, 1.16571181300003], [117.8000127460001, 1.165621338000051], [117.80005766700003, 1.165558001000022], [117.80005764900011, 1.165494676000037], [117.7999767440001, 1.165440421000028], [117.79993179500002, 1.165404248000073], [117.79991380000001, 1.165331882000032], [117.79985985500002, 1.165268573000048], [117.79975199800003, 1.165250511000067], [117.7997250300001, 1.165232426000046], [117.79965312500008, 1.165223400000059], [117.79956325600006, 1.165250565000065], [117.7994553850001, 1.165187271000036], [117.7994463980001, 1.165187274000061], [117.79937451900003, 1.165268712000056], [117.7993565590001, 1.165322995000054], [117.79932962100008, 1.165413467000064], [117.79930268100009, 1.165494892000027], [117.79937460100007, 1.165558196000063], [117.79937461800012, 1.165621521000048], [117.7993566560001, 1.165666758000043], [117.79935666300003, 1.16569389700004], [117.79946451900003, 1.165702913000075], [117.7994825070001, 1.165748139000073], [117.79942858600009, 1.165766248000068], [117.79932972100005, 1.165766276000056], [117.79922186800002, 1.165766307000069], [117.7991859220001, 1.165784410000072], [117.79906008700004, 1.165757307000035], [117.79900614500002, 1.165703044000054], [117.79890728300006, 1.165712118000044], [117.79882639100003, 1.165703095000026], [117.79881353700011, 1.165716040000063], [117.79878146500005, 1.16574834000005], [117.79872754900009, 1.16578454100005], [117.79864665200012, 1.165757425000038], [117.79867359200011, 1.16567599900003], [117.798682557, 1.165594579000071], [117.79863758800002, 1.165486035000072], [117.79861961000006, 1.165476994000073], [117.7986016320001, 1.165467953000075], [117.79859262600007, 1.165404631000058], [117.79856563700002, 1.165314174000059], [117.79855662700004, 1.165232760000038], [117.79864648900002, 1.165178456000035], [117.79865116200006, 1.165167470000029], [117.79867343400008, 1.165115123000021], [117.79869138600009, 1.165033700000038], [117.79870934700011, 1.16497941700004], [117.79870933600012, 1.164943231000052], [117.7986374190001, 1.164888974000064], [117.79860146600004, 1.164879937000023], [117.79856605700002, 1.164879948000021], [117.79854754000007, 1.164879953000025], [117.79846666300011, 1.164925208000057], [117.7983678060001, 1.164952375000041], [117.79830778200005, 1.16499015900007], [117.79843985500008, 1.165477045000046], [117.79844884300007, 1.165477043000067], [117.79853872300009, 1.165486064000049], [117.79856568800005, 1.165495102000023], [117.79857469600006, 1.165567471000031], [117.7985477840001, 1.165748406000034], [117.79851185600012, 1.165829834000021], [117.79852967600004, 1.166186515000049], [117.79852098200001, 1.166318337000064], [117.79849408700011, 1.166562597000052], [117.79848511500006, 1.16661687800007], [117.79848512, 1.166634971000065], [117.79847615300002, 1.166707344000031], [117.79848520200005, 1.166924455000071], [117.79850324900008, 1.167177749000075], [117.79850325100006, 1.167186795000021], [117.7985122980001, 1.167394860000059], [117.79845842200007, 1.167575803000034], [117.79840454700002, 1.167756746000066], [117.79839556700006, 1.167783888000031], [117.79829677300006, 1.168037215000027], [117.798215948, 1.168263398000022], [117.79816208500006, 1.168489574000034], [117.79810823000003, 1.168742888000054], [117.79811729500011, 1.169014277000031], [117.79812634600012, 1.169240434000073], [117.79813540600003, 1.169493731000045], [117.79812648400002, 1.169728940000027], [117.798126507, 1.169810357000074], [117.79820740500008, 1.16983747300003], [117.79828828900008, 1.169819357000051], [117.79837816100007, 1.169801239000037], [117.79845904600006, 1.169783123000059], [117.79851616700012, 1.16977160700003], [117.7986275290001, 1.169749156000023], [117.79862826800002, 1.16974900200006], [117.79863013900001, 1.169769917000053], [117.7987381160001, 1.171375208000029], [117.79873811800007, 1.171384254000031], [117.79876535900007, 1.172557863000065], [117.7988669990001, 1.17258845200007], [117.79928674500002, 1.172704870000075], [117.79946660700011, 1.173084766000045], [117.79980510500002, 1.173059564000027], [117.79980814400005, 1.173093714000061], [117.79979022500004, 1.173292740000022], [117.7997902300001, 1.173310833000073], [117.79975428400007, 1.173328936000075], [117.79975428700004, 1.173337982000021], [117.79975428900002, 1.17334702900007], [117.79971835100002, 1.173392271000068], [117.799673428, 1.173446562000038], [117.79965544700008, 1.173428475000037], [117.79961050300005, 1.173410395000076], [117.79958353800009, 1.173401356000056], [117.79952061300003, 1.173365189000037], [117.79938580500004, 1.173392367000019], [117.7993668680001, 1.173374279000029], [117.79936742500001, 1.173319037000056], [117.79931384400004, 1.173184320000075], [117.79928688100006, 1.173184328000048], [117.79924193400007, 1.173157202000027], [117.7991969950001, 1.17315721500006], [117.79917003700007, 1.173175315000037], [117.79912510400004, 1.173193421000065], [117.79908915300007, 1.173193431000072], [117.79902623100008, 1.173166310000056], [117.79899926000007, 1.173139179000032], [117.79900824300012, 1.173121084000059], [117.79908013200009, 1.173075831000062], [117.79916101100002, 1.173039622000033], [117.79925087800007, 1.173003411000025], [117.79925985600005, 1.172967223000057], [117.79922389500007, 1.17293104700002], [117.79916097800003, 1.172922019000055], [117.79912502700006, 1.172922029000063], [117.79909805900002, 1.172903944000041], [117.79904413000008, 1.17289491300005], [117.79894525400005, 1.172858756000039], [117.79893626600006, 1.172858759000064], [117.79880233300003, 1.17286318500004], [117.7988016160001, 1.17286318500004], [117.79880145200002, 1.172863195000048], [117.79880146300002, 1.172904030000041], [117.79880769100009, 1.17299143300005], [117.79881048700008, 1.173030676000053], [117.79880498800003, 1.173102898000025], [117.79880153200008, 1.173148282000056], [117.79876560200012, 1.173220664000041], [117.7987386850001, 1.17338350600005], [117.79873870300003, 1.173446831000035], [117.79873870300003, 1.173446965000039], [117.79873681600009, 1.173453496000036], [117.79872971800012, 1.173455880000063], [117.79872078100004, 1.173636810000062], [117.79863096000008, 1.173835857000029], [117.79863096300005, 1.173844903000031], [117.79866692700011, 1.173890125000071], [117.79875680700002, 1.173899145000064], [117.79877104700006, 1.173908188000041], [117.79879276000008, 1.173908182000048], [117.79884668700004, 1.173908166000047], [117.79887364700005, 1.173899112000072], [117.79888263500004, 1.173899109000047], [117.79893656400009, 1.173908140000037], [117.79894554900011, 1.173899091000067], [117.79899947800004, 1.173908122000057], [117.79909834300008, 1.173908094000069], [117.7991073290001, 1.173899045000041], [117.79941290900001, 1.173889910000071], [117.79944886300007, 1.173898946000065], [117.79945784800009, 1.173889897000038], [117.79959266900005, 1.173907951000047]]]]}},
{"type": "Feature", "properties": {"ba_code": "4320", "blockid": "4320L27P07", "division": "02"}, "geometry": {"type": "MultiPolygon", "coordinates": [[[[117.79318000400008, 1.221132008000041], [117.79280871300011, 1.221132118000071], [117.79029834500011, 1.221168846000069], [117.79028660400002, 1.221988845000055], [117.79031073800002, 1.222579717000031], [117.79034706800007, 1.223906169000031], [117.79038330800006, 1.224919094000029], [117.79038606100005, 1.225563865000026], [117.79038626600004, 1.226262149000036], [117.79052211800001, 1.229781160000073], [117.79058530000009, 1.230685782000023], [117.79089988900012, 1.230721874000039], [117.79135826400011, 1.230685551000022], [117.79268847100002, 1.230658014000028], [117.79324571300003, 1.230621662000033], [117.79326365600002, 1.230513100000053], [117.79324519200009, 1.228857614000049], [117.79326308500004, 1.22857717100004], [117.79323701400006, 1.22756061900003], [117.79323635700007, 1.225329750000071], [117.79319124300002, 1.224696680000022], [117.793190933, 1.223641539000027], [117.79323565200002, 1.222933074000025], [117.79318025100008, 1.221973323000043], [117.79318000400008, 1.221132008000041]]]]}},
{"type": "Feature", "properties": {"ba_code": "4320", "blockid": "4320P35AP07", "division": "05"}, "geometry": {"type": "MultiPolygon", "coordinates": [[[[117.81200856600003, 1.188592256000049], [117.81197880600007, 1.192136330000039], [117.81307056800006, 1.192126409000025], [117.81340378000004, 1.192123380000055], [117.81339412000011, 1.192078078000065], [117.81316339600005, 1.190349178000019], [117.81316272800007, 1.19034416900007], [117.81311518300004, 1.190276047000054], [117.81298011000001, 1.190124188000027], [117.81289911400006, 1.189762358000053], [117.81263832600007, 1.189273932000049], [117.81257536100009, 1.189102069000057], [117.81238653600008, 1.188821688000075], [117.81238646000008, 1.188559344000055], [117.81206291400008, 1.188604671000064], [117.81200856600003, 1.188592256000049]]]]}},
{"type": "Feature", "properties": {"ba_code": "4320", "blockid": "4320N43P07", "division": "05"}, "geometry": {"type": "MultiPolygon", "coordinates": [[[[117.83783613500009, 1.206372905000023], [117.837528958, 1.201153284000043], [117.83461693700008, 1.201181319000057], [117.83457256200006, 1.201183266000044], [117.83467014100006, 1.204251172000056], [117.83473743800005, 1.206366952000053], [117.83487145800007, 1.210580355000047], [117.83673616300007, 1.210563596000043], [117.83799919500007, 1.210552245000031], [117.83791589700002, 1.208163051000042], [117.83787303400004, 1.206933618000051], [117.83785411600002, 1.206390992000024], [117.83783613500009, 1.206372905000023]]]]}},
{"type": "Feature", "properties": {"ba_code": "4320", "blockid": "4320L31P07", "division": "04"}, "geometry": {"type": "MultiPolygon", "coordinates": [[[[117.80330309700003, 1.230256778000069], [117.80333005200009, 1.230229631000043], [117.80334803100004, 1.230238671000052], [117.80346486000008, 1.230193404000033], [117.80411197400008, 1.230138930000066], [117.80413892900003, 1.230111782000051], [117.80409386800011, 1.229704709000032], [117.80408488, 1.229704712000057], [117.80401295000001, 1.22961427000007], [117.80404888800001, 1.229569027000025], [117.80407584600005, 1.229550926000059], [117.80412975700006, 1.229496632000064], [117.80418366900005, 1.229442337000023], [117.80425555000011, 1.229369944000041], [117.80425554700003, 1.229360898000039], [117.80437235500005, 1.229243260000032], [117.80437627200001, 1.229191810000032], [117.80438130800007, 1.229125654000029], [117.80439921100003, 1.22888139600002], [117.80439268300006, 1.228704848000064], [117.80410086800009, 1.220812121000051], [117.80409523900005, 1.220812286000069], [117.80159258900005, 1.220830966000051], [117.80156626900009, 1.223002106000024], [117.80154835000008, 1.223192085000051], [117.80139729900009, 1.223917561000064], [117.80138075700006, 1.224235707000048], [117.80137695100007, 1.22431449100003], [117.80139086000008, 1.224467974000049], [117.80141028800006, 1.224633758000039], [117.80144099200004, 1.224865698000031], [117.8015640960001, 1.228819018000024], [117.80156803700004, 1.228945578000037], [117.80163096100011, 1.228972698000064], [117.80163008800002, 1.229103931000054], [117.80162235900002, 1.230266333000031], [117.80165831300008, 1.230275368000036], [117.80165831600004, 1.230284415000028], [117.80330309700003, 1.230256778000069]]]]}},
{"type": "Feature", "properties": {"ba_code": "4320", "blockid": "4320N34P07", "division": "05"}, "geometry": {"type": "MultiPolygon", "coordinates": [[[[117.81194774000005, 1.203729589000034], [117.81103370000005, 1.203522427000053], [117.81075505700005, 1.203450140000029], [117.81069215600007, 1.203495390000057], [117.81064723000009, 1.203540636000071], [117.8106022830001, 1.20351351000005], [117.8105123570001, 1.203350702000023], [117.81043147200012, 1.203368819000048], [117.81038655700002, 1.20345025000006], [117.81017090000012, 1.203622195000037], [117.81009004200007, 1.203730776000043], [117.80989241900011, 1.204101736000041], [117.80986469000004, 1.204181555000048], [117.80959616500002, 1.205268120000028], [117.80959655900006, 1.206598951000046], [117.80959668700007, 1.20703174700003], [117.809596714, 1.207123310000043], [117.80959671900007, 1.207141403000037], [117.80969671100002, 1.210940846000028], [117.81240203800007, 1.210903846000065], [117.8121685210001, 1.207193815000039], [117.8119505190001, 1.203730219000022], [117.81194774000005, 1.203729589000034]]]]}},
{"type": "Feature", "properties": {"ba_code": "4320", "blockid": "4320Q31BP08", "division": "06"}, "geometry": {"type": "MultiPolygon", "coordinates": [[[[117.80157228700011, 1.176586258000043], [117.80158871600008, 1.176603199000056], [117.80165161700006, 1.176557949000028], [117.80165198000009, 1.176558131000036], [117.80158871600008, 1.176603199000056], [117.80164265500002, 1.176648415000045], [117.80167861100006, 1.176666498000031], [117.80170558000009, 1.176684583000053], [117.80182245100002, 1.176793105000058], [117.80190336200008, 1.176865453000062], [117.80199326800005, 1.176964937000037], [117.80200225500005, 1.176964935000058], [117.80203821400005, 1.176992063000057], [117.8020831660001, 1.177037282000072], [117.80255063700008, 1.177417095000067], [117.80255962500007, 1.177417092000042], [117.80261355900006, 1.177444216000026], [117.8026315400001, 1.177462304000073], [117.80289223300008, 1.177634109000053], [117.80291021100004, 1.177643150000051], [117.8029192350001, 1.177769797000053], [117.80292824100002, 1.17783311900007], [117.80299124600003, 1.178149724000036], [117.80299124900012, 1.178158771000028], [117.80300026200007, 1.178249232000042], [117.8029823280001, 1.17839397900002], [117.80296436300011, 1.17843017000007], [117.80303627600006, 1.178466335000053], [117.80300888500005, 1.176973690000068], [117.80299971000011, 1.174588598000071], [117.802999225, 1.174462363000032], [117.80299299600006, 1.173939838000024], [117.80192076500009, 1.173953481000069], [117.8019086590001, 1.173953563000055], [117.801892253, 1.173951503000069], [117.80186567100009, 1.173950842000067], [117.80181022500005, 1.173949463000042], [117.80170769300003, 1.173955685000067], [117.80164617000003, 1.173949510000057], [117.80154773600009, 1.173945411000034], [117.80150467100009, 1.17394335900002], [117.80145340500007, 1.173947502000033], [117.80139598900007, 1.173955775000024], [117.80138573500005, 1.17395577800005], [117.80131806300005, 1.173955797000076], [117.80122168100002, 1.173957889000064], [117.80116631400006, 1.173964097000066], [117.80111299600003, 1.173962048000021], [117.80096739900011, 1.173968283000022], [117.80083205400001, 1.173968322000064], [117.80070081000008, 1.173966295000071], [117.80063929100004, 1.173972505000052], [117.80060442800004, 1.173968387000059], [117.80052445100011, 1.173968410000043], [117.80047366000008, 1.17396771500006], [117.80042951300004, 1.173966782000036], [117.80042951700011, 1.173980333000031], [117.80042827400007, 1.17401531400003], [117.80042859600007, 1.174045252000042], [117.80042861200002, 1.174103238000043], [117.80042812700003, 1.174170717000038], [117.80042815800005, 1.174280112000019], [117.80043023100006, 1.174360610000065], [117.80043025900011, 1.174457621000045], [117.800431548, 1.174517962000039], [117.80043218600008, 1.174560191000069], [117.80043235100004, 1.174602105000019], [117.80043033800007, 1.174666709000064], [117.80043005300001, 1.174765663000073], [117.80043363400011, 1.174843338000073], [117.80043366000007, 1.17493513200003], [117.80043802800003, 1.175024012000051], [117.80043514500005, 1.175066267000034], [117.80043516100011, 1.175121635000039], [117.800438084, 1.175219257000037], [117.80043521400012, 1.175306682000041], [117.80043524100006, 1.175404305000029], [117.80043524400003, 1.175414753000041], [117.80043525500002, 1.175450930000068], [117.80048290600007, 1.175490813000067], [117.80052784700001, 1.175499846000037], [117.80057279100004, 1.175517926000055], [117.80067166700007, 1.175554083000065], [117.80078333600011, 1.175634302000049], [117.8008378180001, 1.175719552000032], [117.8008559760001, 1.175733759000025], [117.80085395900005, 1.175733759000025], [117.8008701010001, 1.175749997000025], [117.80088422600011, 1.175770295000063], [117.80090844300003, 1.175810893000062], [117.80096293200006, 1.175908329000038], [117.80103355900008, 1.176007792000064], [117.80109409200008, 1.176080863000038], [117.80117278000012, 1.176153930000055], [117.8012405820001, 1.17624941400004], [117.80125349600007, 1.176267600000074], [117.80137455300007, 1.17637922900002], [117.80149964800012, 1.176501008000059], [117.80157228700011, 1.176586258000043]]]]}},
{"type": "Feature", "properties": {"ba_code": "4320", "blockid": "4320K26P05", "division": "02"}, "geometry": {"type": "MultiPolygon", "coordinates": [[[[117.79061109300005, 1.237081192000062], [117.7905744950001, 1.235369031000062], [117.79056954300006, 1.235137350000059], [117.79056039000011, 1.235129998000048], [117.7905692810001, 1.235125082000025], [117.79047748800008, 1.230830557000047], [117.78748451100012, 1.230867633000059], [117.78759155300008, 1.234887456000024], [117.78758771500009, 1.234896443000025], [117.78758783100011, 1.234900942000024], [117.7876015390001, 1.235436076000042], [117.78760923800007, 1.235443506000024], [117.78760172800003, 1.235443456000041], [117.78763908100007, 1.236901544000034], [117.7884920670001, 1.23699466100004], [117.79061253400005, 1.237148593000029], [117.79061109300005, 1.237081192000062]]]]}},
{"type": "Feature", "properties": {"ba_code": "4320", "blockid": "4320N20P06", "division": "03"}, "geometry": {"type": "MultiPolygon", "coordinates": [[[[117.76964401300006, 1.211822845000029], [117.77020933900008, 1.211803230000044], [117.77039778300002, 1.211803176000046], [117.77058152900008, 1.211789485000054], [117.7713719510001, 1.211801987000058], [117.77198530900012, 1.211782718000052], [117.77232677200004, 1.211788984000066], [117.77234560300008, 1.211298911000029], [117.77234314400005, 1.211159885000029], [117.7723707780001, 1.21042029900002], [117.77237337100007, 1.209965461000024], [117.77236854500006, 1.209842502000072], [117.7723709280001, 1.209796693000044], [117.7723757120001, 1.209772582000028], [117.77237569700003, 1.209719540000037], [117.77238526200006, 1.209661674000074], [117.77236113900005, 1.209061348000034], [117.77236831400012, 1.209022770000047], [117.7723707020001, 1.208996249000052], [117.77236349600003, 1.208926333000022], [117.77235388600002, 1.208827486000075], [117.77235863800001, 1.208690059000048], [117.77235859000007, 1.208518879000053], [117.7723372160001, 1.208233200000052], [117.77231513000004, 1.207681378000075], [117.77232232600011, 1.207276701000069], [117.77232380900011, 1.206347181000069], [117.77229679200002, 1.20615721300004], [117.77227857300011, 1.205578278000075], [117.77223330800007, 1.204139873000031], [117.77223282500006, 1.203857403000029], [117.77220492800006, 1.202432400000021], [117.77219840700002, 1.202358011000058], [117.77192920700008, 1.202334541000027], [117.77133401800006, 1.202357979000055], [117.7700475910001, 1.202387673000032], [117.76977228400006, 1.20238775100006], [117.76964381000005, 1.202397024000049], [117.76950615900012, 1.202406300000064], [117.76939603700009, 1.20240633100002], [117.7695064400001, 1.206337010000027], [117.76951079500009, 1.207062652000047], [117.7694929920001, 1.207677816000057], [117.76952148300006, 1.208490579000056], [117.76952952400006, 1.209740397000076], [117.7696487820001, 1.211599129000035], [117.76964401300006, 1.211822845000029]]]]}},
{"type": "Feature", "properties": {"ba_code": "4320", "division": "03"}, "geometry": {"type": "MultiLineString", "coordinates": [[[117.766392244743, 1.202257261582815], [117.76661614803086, 1.211902103911045], [117.76661622263352, 1.211902113840899], [117.76947449318273, 1.211867694198753], [117.76962402934565, 1.211865892811621], [117.76998511270972, 1.211848646507793], [117.77013499130243, 1.211824602486092], [117.77044838765394, 1.211821084188823], [117.77058124573277, 1.211838189177401], [117.77209031887388, 1.211824042283916], [117.77220393193429, 1.211825153160923], [117.77234333144436, 1.211820275123259], [117.77236130728902, 1.211820269964908], [117.77236267977014, 1.211826705212921], [117.77243096929935, 1.211827373145216], [117.77512875950407, 1.211771849399535], [117.77607589683731, 1.211764608909238], [117.77804484331064, 1.211746980716496], [117.78028860765156, 1.21170459821634], [117.7807199178146, 1.211696451685027], [117.78115885502415, 1.211688159939337], [117.78134304382529, 1.211674541364108], [117.7813432546238, 1.211701316917311], [117.78135864360264, 1.211700935214268], [117.78154632406704, 1.211696277906392], [117.78414318313148, 1.211631844907804], [117.78684539306353, 1.211564795941781], [117.78704470081296, 1.211559850806808], [117.78709984741825, 1.211558482244809], [117.789962489657, 1.211487449052749], [117.79284116042608, 1.211416014675847], [117.79563170808701, 1.21134676454526], [117.79788009701528, 1.211290965990399], [117.79816819556855, 1.211283816280586], [117.79842600251921, 1.211277418231639], [117.79842769941577, 1.211277376115093], [117.79880696236884, 1.211268986184951], [117.80125066868573, 1.211214929898711], [117.80120447862824, 1.211050838628858], [117.80111740742413, 1.20911019812319], [117.8010649797775, 1.208046776892625], [117.80101917042029, 1.206597027831132], [117.80091369359465, 1.205317998939625], [117.80089867433396, 1.20339171692588], [117.80083128863465, 1.201904387244647], [117.80081661364156, 1.201624723491812], [117.79816391504433, 1.20163832899894], [117.79812288896672, 1.201619021590512], [117.79802003867593, 1.197627186969887], [117.79790644417328, 1.19323673224286], [117.79789961419512, 1.193148891962111], [117.79775816143703, 1.192949342695513], [117.79743111603777, 1.192487974362064], [117.79738295690171, 1.192420036421096], [117.79737764424624, 1.192420162810057], [117.79520929110777, 1.192471846508965], [117.79518774566743, 1.192494253463524], [117.79516648908496, 1.192530405431221], [117.79518300241782, 1.192499186034066], [117.79509979832478, 1.192585717309803], [117.79511185157726, 1.192587800809605], [117.79510142709304, 1.192586333800624], [117.79509947036756, 1.192586058454351], [117.79406900411796, 1.193657728464812], [117.79405290095663, 1.193674475317633], [117.79405029010181, 1.193671711496417], [117.79404859898005, 1.193669921705247], [117.79402401432874, 1.193643893309203], [117.79379217400164, 1.193792641887607], [117.79244943888585, 1.194207457390003], [117.7921613195618, 1.194297458614803], [117.79138779485501, 1.194535434193684], [117.78930981075857, 1.195177390021348], [117.7892190071483, 1.195207330954932], [117.78761321225483, 1.195703624341612], [117.78669702084197, 1.195984858660623], [117.78639732958798, 1.196077147083352], [117.78409724010328, 1.196787714722736], [117.7837218625297, 1.196904652724113], [117.78359379338212, 1.196947661872718], [117.78172856992002, 1.197520054829497], [117.78160311655041, 1.19755822333436], [117.78091401218124, 1.197771107071177], [117.77977401235121, 1.198040107340734], [117.77790288876677, 1.198704532472254], [117.7763715114845, 1.199174413070394], [117.77515135451875, 1.19955135176203], [117.77497040758, 1.199607780764629], [117.7743380887305, 1.199802591521268], [117.77414661319114, 1.199861743755245], [117.77367985346426, 1.200008118746846], [117.77340090848617, 1.200092111147728], [117.77273856343174, 1.200296726618965], [117.77265405962515, 1.200323354437943], [117.77259210145087, 1.200332281900229], [117.77255545866578, 1.200354424450203], [117.77231048495271, 1.200431617765969], [117.77169485090911, 1.200621550087266], [117.77159491445163, 1.200640310050672], [117.77158590286531, 1.200655162355716], [117.77077692256329, 1.200904745658393], [117.77047325159985, 1.200998572052165], [117.77037790533491, 1.200985681673229], [117.77026236351921, 1.201008974682357], [117.76998508530707, 1.201140861023949], [117.76998256231843, 1.201150183203553], [117.76929918462481, 1.201361329337185], [117.76818595541197, 1.201705421636183], [117.76701594605804, 1.202070901966889], [117.76668464190016, 1.202166933299335], [117.76655106709765, 1.202208197566669], [117.766392244743, 1.202257261582815]], [[117.76639212739268, 1.202252218214741], [117.76625561160301, 1.202299471155673], [117.766392244743, 1.202257261582815], [117.76639212739268, 1.202252218214741]]]}},
{"type": "Feature", "properties": {"ba_code": "4320", "division": "05"}, "geometry": {"type": "MultiLineString", "coordinates": [[[117.8168924402347, 1.19911509573459], [117.81684750936405, 1.199142248275621], [117.81669469827692, 1.199078969717579], [117.81658686364, 1.199142326540473], [117.81652393574917, 1.199097113683126], [117.81646097569809, 1.198943344632782], [117.81639805049386, 1.198907178117222], [117.81626323909714, 1.198925311271209], [117.81618232493034, 1.198843918392885], [117.81611937830031, 1.198735381067055], [117.81605645042364, 1.198690168187062], [117.8159845213762, 1.198599726248043], [117.81600433453275, 1.198555818365043], [117.81591326446119, 1.198496598403931], [117.81580921185598, 1.198438452512144], [117.81568888638277, 1.198378659626586], [117.81559745408089, 1.198328451730527], [117.81551707633265, 1.198328475815159], [117.81540920420164, 1.198265183667733], [117.8149777638267, 1.198174849347509], [117.81502265195354, 1.198002955195476], [117.81502261453058, 1.197876306260467], [117.81506751602562, 1.197749643874662], [117.81513041713967, 1.197704393281114], [117.81521127510459, 1.197595812841954], [117.8153141059771, 1.197120753556947], [117.8151286398495, 1.197103616457646], [117.81508530721246, 1.197125440179141], [117.81489656915532, 1.197143589344482], [117.81483364133354, 1.197098376396838], [117.81465386701684, 1.197035105676679], [117.81451007585962, 1.197080380437324], [117.81444714270192, 1.197017074767651], [117.81424938481443, 1.196926670320758], [117.8141684761008, 1.196863370009026], [117.81407859828087, 1.196863396860088], [117.81398868845307, 1.196754867449244], [117.81392573131227, 1.196610144558445], [117.81395266799203, 1.196519672956559], [117.81403355268925, 1.196501556091752], [117.81406050269894, 1.196456316265766], [117.81414139272539, 1.196456292108699], [117.8141622513865, 1.196492258711072], [117.81417247831088, 1.196485238398727], [117.81419532207583, 1.196465322357122], [117.81421516656687, 1.196442184899643], [117.81423278027796, 1.196415956968962], [117.81424930474529, 1.196386936753902], [117.81426588150609, 1.196355426061795], [117.81428365119764, 1.196321723081708], [117.814297892991, 1.196296507541137], [117.81429412898277, 1.196266273032851], [117.81431209120727, 1.196221035893039], [117.81433683986852, 1.196235972175268], [117.81435552872996, 1.196210468537375], [117.81438901635167, 1.196171013714285], [117.81442661210387, 1.196130938893762], [117.81446666504063, 1.196090615469422], [117.81450752511529, 1.196050415739272], [117.8145475431798, 1.196010711096397], [117.81458506828876, 1.195971872934487], [117.81461845129478, 1.195934273551304], [117.81464604215095, 1.195898282530963], [117.81466657008298, 1.195864229540354], [117.81468028859031, 1.195832262863888], [117.8146878277476, 1.195802488155667], [117.81468982122512, 1.195775012877909], [117.81468856605282, 1.195764244472771], [117.81457259810745, 1.195750547646612], [117.8144197738963, 1.195642037023716], [117.8143388332546, 1.195470180442726], [117.81433881992825, 1.195424948671671], [117.8147612027539, 1.195280080905099], [117.81476119475515, 1.195252941845293], [117.81486905605735, 1.195280048699109], [117.8148960327166, 1.195325272411753], [117.81511175799005, 1.195388532449708], [117.81536340767606, 1.195361318200922], [117.81542630341583, 1.195297974937128], [117.8155341513644, 1.195279850001331], [117.81562401041693, 1.195216498678621], [117.81570488702961, 1.195171242744544], [117.8158576791666, 1.195171197069455], [117.81594755689149, 1.195171170197761], [117.8159655190866, 1.195125933070307], [117.81594753019336, 1.195080706691818], [117.81579472738811, 1.195044566964703], [117.8156688532083, 1.194890816602214], [117.8155609866017, 1.194845617071887], [117.81532726717938, 1.194719037951732], [117.8153002665293, 1.194592397075116], [117.8153451867228, 1.194529059191356], [117.81556087990091, 1.194483763011899], [117.81566871447995, 1.194420406336888], [117.81579452992762, 1.194375136993081], [117.81585743097918, 1.19432988644294], [117.81590234581805, 1.194248455860157], [117.81583941275909, 1.194185150198799], [117.81571357065062, 1.194139956026391], [117.81566861846932, 1.194094737690707], [117.81560566142248, 1.193950014854785], [117.81568648735816, 1.193732878272085], [117.81588416759618, 1.193560938568106], [117.81600995100847, 1.193407113036822], [117.81600991368397, 1.193280464128832], [117.81596491887693, 1.193090504180478], [117.81590197786711, 1.193000059450285], [117.81590195921318, 1.192936734994406], [117.81600977508477, 1.192810053898119], [117.81605466860552, 1.192656252528016], [117.81602768133327, 1.192574843418724], [117.81605461265241, 1.192466279167073], [117.81611748969549, 1.192339611489783], [117.8161983662382, 1.192294355603938], [117.8162702177148, 1.192122453498533], [117.8163510835909, 1.192041012214694], [117.81624307065684, 1.19149826338305], [117.81613522552479, 1.191525434592515], [117.81609929312044, 1.191588769764632], [117.81600942882604, 1.191634028314207], [117.81590161296342, 1.19176070937985], [117.81582072310981, 1.191760733494149], [117.8155600966425, 1.191824135641359], [117.8154024712383, 1.192053957260133], [117.8153520779837, 1.19207616569544], [117.81506543132693, 1.192085762438879], [117.81504784468731, 1.191996168973083], [117.81506576968019, 1.191824282915345], [117.81519154783153, 1.191652364737851], [117.81528135630712, 1.191417132806326], [117.81532623129318, 1.191200006968453], [117.81515545851559, 1.191181965108493], [117.81506556229597, 1.191118667394546], [117.81491277035228, 1.191118712870588], [117.81493969377556, 1.190983009548875], [117.8147689209983, 1.190964967653775], [117.8147868513595, 1.190811174296237], [117.81529914306309, 1.190774836437651], [117.81538900736679, 1.19072957792238], [117.81538894357651, 1.190512465470647], [117.81536196169816, 1.190449149029968], [117.81441826022842, 1.190494661491259], [117.8142115231519, 1.190431398450777], [117.81418446965903, 1.190123830396914], [117.81429229889893, 1.190042381160499], [117.81435518137698, 1.189933806212849], [117.81427426767131, 1.189852413052042], [117.81416626872101, 1.189354895564161], [117.81418422037623, 1.18927347303261], [117.81410328020009, 1.189101616297972], [117.81379926967433, 1.18872233488271], [117.8134012669554, 1.188388703823078], [117.81309377361404, 1.188315977182402], [117.8130694013949, 1.188315575507005], [117.81277523066719, 1.188310727845849], [117.81273204068636, 1.188310016021814], [117.81269861759648, 1.188287417257675], [117.81265929108, 1.188260828082278], [117.81265459356307, 1.188252916622616], [117.81255311767319, 1.188082009369173], [117.81253294191374, 1.188048029977305], [117.81211416713832, 1.187342724125297], [117.81207012175628, 1.187287341757275], [117.81113782082116, 1.186115081934717], [117.81065365759008, 1.185506301291267], [117.81040210148993, 1.184957156137436], [117.81039458751181, 1.184235617596246], [117.80978843975609, 1.183531218766091], [117.80972225522696, 1.182940420942763], [117.80905130927188, 1.182814021226038], [117.8081339520937, 1.182130176608557], [117.80702213100439, 1.179813266518804], [117.80701172503817, 1.179791582687838], [117.804594273267, 1.179320071832576], [117.80304867380028, 1.178593614462292], [117.80129563554063, 1.177042217929291], [117.80106740686143, 1.176840241030534], [117.80058809781123, 1.176009007517978], [117.79862891341897, 1.174948920075218], [117.79810288956263, 1.173805855203712], [117.79786379861558, 1.173641398019224], [117.79758742559196, 1.173740142752711], [117.79724766207231, 1.174156575234369], [117.79698845157198, 1.175728633548524], [117.79643416313736, 1.176875405367526], [117.79630202535684, 1.17791201110395], [117.7965483771937, 1.179092064291631], [117.79592712021059, 1.180527170869491], [117.79600696013446, 1.181417212903015], [117.79621230952054, 1.182056005673425], [117.79638859201005, 1.182421467189471], [117.7968272445545, 1.182785981690513], [117.79787616357167, 1.183546947704498], [117.79807690839871, 1.183902751119932], [117.79838155331663, 1.185192519044064], [117.79937086411002, 1.187365653964128], [117.79933281805356, 1.187672731143428], [117.79941823781418, 1.187978685908238], [117.79943461514208, 1.188037343352451], [117.79943483737247, 1.188041277562226], [117.79945500691568, 1.188397854099414], [117.79872761530872, 1.188782688552114], [117.79872578746986, 1.18878365523872], [117.79861153670161, 1.188825127298674], [117.79853344363646, 1.188853474279202], [117.7983241699166, 1.189006155946037], [117.7980556075481, 1.189159733268835], [117.79585244438907, 1.18923177393288], [117.79548557544021, 1.189198709037567], [117.79518933606525, 1.18937559593913], [117.79505647780523, 1.189568226855972], [117.79497970755328, 1.189765887595071], [117.79494460098138, 1.189881304492205], [117.79492194383639, 1.190252459470165], [117.79483662980788, 1.190971113856309], [117.79431679888553, 1.191465493934242], [117.79383565665249, 1.192088363319644], [117.79360035363189, 1.192350999764193], [117.79359843901211, 1.19245067447523], [117.7935865121043, 1.193071613883439], [117.79369684836585, 1.193297528385469], [117.79404859898005, 1.193669921705247], [117.79405290095663, 1.193674475317633], [117.79520929110777, 1.192471846508965], [117.79737764424624, 1.192420162810057], [117.79738295690171, 1.192420036421096], [117.79743111603777, 1.192487974362064], [117.79775816143703, 1.192949342695513], [117.79790434370385, 1.193155564104896], [117.79790458911143, 1.193165062744742], [117.79802003867593, 1.197627186969887], [117.79812288896672, 1.201619021590512], [117.79816391504433, 1.20163832899894], [117.80081661364156, 1.201624723491812], [117.80083128863465, 1.201904387244647], [117.80089867433396, 1.20339171692588], [117.80091369359465, 1.205317998939625], [117.80101917042029, 1.206597027831132], [117.8010649797775, 1.208046776892625], [117.80111740742413, 1.20911019812319], [117.80120447862824, 1.211050838628858], [117.80126352215126, 1.211260588598245], [117.80236365617085, 1.211219532395607], [117.80384961347465, 1.211164077297173], [117.80406363405982, 1.21115204504618], [117.804545185157, 1.211145917948985], [117.80672107680464, 1.211097396326522], [117.80815584664342, 1.211066382194917], [117.80815858252934, 1.211066337046743], [117.80815209391575, 1.211092666638324], [117.80815161992686, 1.211094588229106], [117.8081603228132, 1.211094447208074], [117.80797339308717, 1.211847987975073], [117.8078864119609, 1.212198624187045], [117.80949853201504, 1.212458613443306], [117.80961553418544, 1.212477483324872], [117.80971556199724, 1.212493614547483], [117.80987430750842, 1.212519215914352], [117.8122092676132, 1.212895776719014], [117.81242310758489, 1.212930262878485], [117.81255817254315, 1.212952045502161], [117.81270615004925, 1.212975909400302], [117.81325298656647, 1.213064098020019], [117.81492244890593, 1.213333332158806], [117.81520227348192, 1.213378459171048], [117.8153088995122, 1.213395654704324], [117.81543139792396, 1.213415410057962], [117.81578223069677, 1.213471988036863], [117.81591483342005, 1.21343840844357], [117.8159374289958, 1.213348965747687], [117.81654034411208, 1.210962465282775], [117.81653393402723, 1.210962568545188], [117.81653926102456, 1.210941258255118], [117.81653994140086, 1.210941251716405], [117.81804523173095, 1.210926433878514], [117.82051403288754, 1.210919295314256], [117.8208203921512, 1.210918409511293], [117.82100349852053, 1.210913566382034], [117.82197373167433, 1.210903696732093], [117.82206172162496, 1.210913243616825], [117.82206385071382, 1.210918800131513], [117.8221498085287, 1.211143133890555], [117.8221540262306, 1.211154141089507], [117.82215612293838, 1.211159612578172], [117.8226892122439, 1.210971067987542], [117.82286385281999, 1.210909300542781], [117.82289402796806, 1.210898628409527], [117.82290119392597, 1.210898554754216], [117.82361456842908, 1.210891228107421], [117.82361930527084, 1.210826601465806], [117.82444923362684, 1.210816773847192], [117.82485825510045, 1.21081664862884], [117.82546702881442, 1.210814068484509], [117.82546927665823, 1.210814049703013], [117.82542738246217, 1.210872652898641], [117.82542114046518, 1.210872759748853], [117.8249380698961, 1.211555086952219], [117.82493896531744, 1.211555866471457], [117.8262333827371, 1.212682781148576], [117.8265089740505, 1.212922709076246], [117.826612014127, 1.213012416052311], [117.82682512372232, 1.213197947655641], [117.82891877605536, 1.21502066664773], [117.82921256754811, 1.215276439307434], [117.82934488705759, 1.215391635867674], [117.82972611459599, 1.215723527868584], [117.83072992452026, 1.216597435143167], [117.83167712656322, 1.215214997651539], [117.83203097834219, 1.214698552457106], [117.83211087747397, 1.214581939717698], [117.8321952523242, 1.214458794155681], [117.83223021812891, 1.214407762115629], [117.83454053697706, 1.215890639661955], [117.8347132136201, 1.215605016635216], [117.83488936764893, 1.21531363999377], [117.8350020838649, 1.215127197639583], [117.83524376154064, 1.214727438557045], [117.8374486172743, 1.211080394116534], [117.83771317114184, 1.210642796561533], [117.83777127060817, 1.210554293012762], [117.83799919542318, 1.21055224461006], [117.83807108649181, 1.210516037050253], [117.83980568716761, 1.210388848812725], [117.8398673355048, 1.210357799900684], [117.83986859319172, 1.210361690320389], [117.84075337706176, 1.21045277745223], [117.84056597465653, 1.210148290627176], [117.84056581147931, 1.20961812810035], [117.840540573992, 1.2091132188773], [117.84038989212705, 1.208507364929353], [117.84031444311647, 1.207850996522679], [117.84023900975069, 1.207245119975087], [117.84023887801752, 1.206815940267645], [117.83996282387933, 1.20633635530397], [117.83963659699639, 1.205831539413972], [117.8395611786977, 1.205276153688611], [117.83956104728559, 1.204846973900001], [117.83966121525137, 1.204316780110514], [117.83956073826569, 1.203837140428174], [117.839385045938, 1.203458506919981], [117.83920936821721, 1.203130365270185], [117.83908380167932, 1.202625486835389], [117.83913383571543, 1.20219629147], [117.83923408790454, 1.201943801816634], [117.83930921176791, 1.201539845121035], [117.83930911161387, 1.201211649101182], [117.83928390630602, 1.200807723426828], [117.83898277832223, 1.200353391047007], [117.83863150169427, 1.199949565048167], [117.8383304431153, 1.199722445626934], [117.83802941529838, 1.199596309075075], [117.83782873295092, 1.199520633482413], [117.8376606747159, 1.199499541341389], [117.83764409234112, 1.1994995464498], [117.83761813306013, 1.199499554446684], [117.8375665799449, 1.199492495214675], [117.8375362484975, 1.199490759525895], [117.83736819392445, 1.199434433825652], [117.83720765100914, 1.199386011361203], [117.83695078298003, 1.199305304231347], [117.83672603387191, 1.199273058184226], [117.83651729941359, 1.199111549074117], [117.83630857388262, 1.198982354232135], [117.83626038636551, 1.198885424322707], [117.8361640456574, 1.198804667719222], [117.83600351745989, 1.19880471705078], [117.83589115805711, 1.198837065881897], [117.83576276524671, 1.19893405006291], [117.8356183056234, 1.19898256635781], [117.835409643773, 1.199063417583415], [117.83508860866269, 1.19912814479161], [117.83478359625093, 1.199095924103897], [117.83451069872517, 1.199096007843626], [117.83426988273973, 1.199015294556303], [117.83407721600135, 1.198902252152563], [117.83393271627737, 1.198821510189237], [117.83369187098265, 1.198643852947931], [117.83343499224117, 1.198530829229903], [117.83327442577965, 1.198401620178048], [117.83317807534749, 1.198288547258251], [117.8331619735227, 1.19812697872511], [117.83333850508554, 1.197965351235131], [117.8334347871481, 1.197852220256794], [117.8334668687485, 1.197771423259469], [117.83340263322413, 1.197690655741427], [117.8332902639918, 1.197690690128322], [117.83296921813957, 1.197723103585133], [117.83274448939859, 1.197755486651502], [117.83245557876117, 1.197884834143749], [117.83226297459584, 1.197981837846944], [117.83211854804634, 1.198143455498517], [117.83200622750799, 1.198305063340119], [117.83178158640212, 1.198628279941255], [117.83155689650745, 1.198789922143019], [117.8314285423992, 1.199016164496695], [117.8312359527182, 1.199161640174503], [117.83115577714588, 1.199452497416234], [117.83099533644778, 1.199743379203178], [117.8308187948511, 1.199872692369182], [117.83065829651434, 1.199969685376766], [117.83046566286328, 1.199969744240674], [117.83035332268922, 1.200066723431694], [117.83032126138257, 1.200212149174612], [117.83004840240974, 1.200341491764362], [117.82991996045477, 1.200276901379628], [117.82979149902332, 1.200147682274851], [117.82958277423583, 1.200018486750494], [117.82953457222754, 1.199873084581007], [117.8294221930627, 1.199840804512682], [117.82918139142772, 1.19980856270838], [117.82908504493925, 1.199711648098964], [117.82884424329993, 1.199679406254095], [117.82860346109564, 1.199711794922701], [117.8282342952476, 1.199873481077856], [117.82813801769039, 1.200002769706416], [117.82796148554094, 1.200164397162072], [117.82768863691187, 1.200326054865604], [117.82731947572364, 1.200503898630715], [117.82719112114634, 1.200730141081175], [117.8269985455459, 1.200924088716236], [117.82678987891951, 1.200988781917443], [117.82656515832272, 1.201053479091314], [117.82629393088807, 1.20104169285185], [117.82630098815369, 1.201344120286143], [117.82630432037912, 1.201390522408429], [117.82626884116333, 1.201537127134603], [117.826240486696, 1.201654290230185], [117.82588098130479, 1.201672492300398], [117.82568323132078, 1.201609228163399], [117.82547646641132, 1.2014555034541], [117.82538654525966, 1.201310789523522], [117.82538141468294, 1.201306606251217], [117.82536152527099, 1.201290392228723], [117.8252697655379, 1.201215587977008], [117.82512580763262, 1.201003293553398], [117.82495496404306, 1.200750048201412], [117.82489204965118, 1.200750067308316], [117.82470332544821, 1.20081344893233], [117.82453255779596, 1.200813500777455], [117.82439775477499, 1.20085877335517], [117.82420899801363, 1.200813598980886], [117.82416403476789, 1.20073219563347], [117.8239662902371, 1.200687023960458], [117.8238224479669, 1.200560418924178], [117.82366960981557, 1.200406677597633], [117.82356166724222, 1.200108181304129], [117.82348073942222, 1.199981557151379], [117.82334573626004, 1.199357400984267], [117.8232648517421, 1.199375518141016], [117.82323790735659, 1.199438850639871], [117.82315703094328, 1.199484106797298], [117.8228784235707, 1.199529422801863], [117.82283350903704, 1.199610853413422], [117.82285156296095, 1.199873191676446], [117.82246508874134, 1.199873308639698], [117.82226164743852, 1.199748746947735], [117.8222043244929, 1.199475348703596], [117.82223124730942, 1.199339645509979], [117.82226713900172, 1.199140615248801], [117.82233000480656, 1.1989777621833], [117.82235696271871, 1.198959661360736], [117.82241987171075, 1.198941549669682], [117.82241985011473, 1.198869178984611], [117.82237486807962, 1.1987244511974], [117.8222849607002, 1.198624968665744], [117.822141183369, 1.198715475481007], [117.82206030423042, 1.198751685267357], [117.82202435854504, 1.198769788802444], [117.8219884209525, 1.198815031347256], [117.8219434955881, 1.198860276607831], [117.82176379681343, 1.199050303989926], [117.82164700163403, 1.199204127021222], [117.82141336269062, 1.199348939013305], [117.82123361530326, 1.199376132317748], [117.82111678502284, 1.199412352954654], [117.82091903510856, 1.199349088280897], [117.82083810740238, 1.19922246394895], [117.82082006179101, 1.19898726455311], [117.82086498718718, 1.198942019296896], [117.82090992066557, 1.198923913058175], [117.82104471031519, 1.198833408984911], [117.82114352461068, 1.19866149871431], [117.82116148937554, 1.198625307935518], [117.82122438491399, 1.198561964580005], [117.82130526407671, 1.198525754814697], [117.82134120168615, 1.198480512273647], [117.82130523982262, 1.198444337770866], [117.82127827650967, 1.198444345907839], [117.82109853994469, 1.198507724518219], [117.82090983444914, 1.198634430207471], [117.82086489558655, 1.198634443764563], [117.82078401640685, 1.198670653522979], [117.82062223110573, 1.19865260963954], [117.82058626924136, 1.198616435122315], [117.82048736065798, 1.198471723493743], [117.8204783567325, 1.198417448162922], [117.82038821032144, 1.198317965585982], [117.82026265018094, 1.198417513184227], [117.8202536624077, 1.198417515893077], [117.82007392577417, 1.198480894450915], [117.81985822995642, 1.198517144809595], [117.81963354096746, 1.198535305178198], [117.81945376395193, 1.198462988574001], [117.81942679793755, 1.198453950350277], [117.81937286053198, 1.198417781216446], [117.81923802508587, 1.198354497401617], [117.81912120550496, 1.198426903313957], [117.81908525977649, 1.198445006820704], [117.81895045925744, 1.198499325454325], [117.8189414902917, 1.198562652564077], [117.81894150372852, 1.198607884281953], [117.81894150641597, 1.198616930625526], [117.81909432281195, 1.198698301726057], [117.8193010470502, 1.198716332173972], [117.81938196123951, 1.198797724898557], [117.81939095439465, 1.198815814876805], [117.81938202040885, 1.198996744434729], [117.81939101356551, 1.199014834412501], [117.81936406368285, 1.199060074247297], [117.81927421549435, 1.199159611089922], [117.81912147436684, 1.19933153762865], [117.81892376205204, 1.199394921583917], [117.81869006902652, 1.19935880657038], [117.81851927970466, 1.199286487219247], [117.81834851994215, 1.199313677644798], [117.81817781659127, 1.199530841312263], [117.81797443623867, 1.199656898208267], [117.81780936050502, 1.199675693708647], [117.81779137956721, 1.199657606423555], [117.81777338520041, 1.199594287407385], [117.81763855503137, 1.199549096221151], [117.81757561370156, 1.199458651673516], [117.81762052845063, 1.19937722104279], [117.81757557074667, 1.199313910127551], [117.81734184278139, 1.199160192468029], [117.81731485528555, 1.199078783445486], [117.81703620721152, 1.198988403671742], [117.81692834041357, 1.198943204322962], [117.8168924402347, 1.19911509573459]]]}},
{"type": "Feature", "properties": {"ba_code": "4320", "division": "04"}, "geometry": {"type": "MultiLineString", "coordinates": [[[117.84075337706176, 1.21045277745223], [117.83986859319172, 1.210361690320389], [117.8398673355048, 1.210357799900684], [117.83980568716761, 1.210388848812725], [117.83807108649181, 1.210516037050253], [117.83799919542318, 1.21055224461006], [117.83777127060817, 1.210554293012762], [117.83771317114184, 1.210642796561533], [117.8374486172743, 1.211080394116534], [117.83524376154064, 1.214727438557045], [117.8350020838649, 1.215127197639583], [117.83488936764893, 1.21531363999377], [117.8347132136201, 1.215605016635216], [117.83454053697706, 1.215890639661955], [117.83223021812891, 1.214407762115629], [117.8321952523242, 1.214458794155681], [117.83211087747397, 1.214581939717698], [117.83203097834219, 1.214698552457106], [117.83167712656322, 1.215214997651539], [117.83072992452026, 1.216597435143167], [117.82972611459599, 1.215723527868584], [117.82934488705759, 1.215391635867674], [117.82921256754811, 1.215276439307434], [117.82891877605536, 1.21502066664773], [117.82682512372232, 1.213197947655641], [117.826612014127, 1.213012416052311], [117.8265089740505, 1.212922709076246], [117.8262333827371, 1.212682781148576], [117.82493896531744, 1.211555866471457], [117.8249380698961, 1.211555086952219], [117.82542114046518, 1.210872759748853], [117.82542738246217, 1.210872652898641], [117.82546927665823, 1.210814049703013], [117.82546702881442, 1.210814068484509], [117.82485825510045, 1.21081664862884], [117.82444923362684, 1.210816773847192], [117.82361930527084, 1.210826601465806], [117.82361456842908, 1.210891228107421], [117.82290119392597, 1.210898554754216], [117.82289402796806, 1.210898628409527], [117.82286385281999, 1.210909300542781], [117.8226892122439, 1.210971067987542], [117.82215612293838, 1.211159612578172], [117.8221540262306, 1.211154141089507], [117.8221498085287, 1.211143133890555], [117.82206385071382, 1.210918800131513], [117.82206172162496, 1.210913243616825], [117.82197373167433, 1.210903696732093], [117.82100349852053, 1.210913566382034], [117.8208203921512, 1.210918409511293], [117.82051403288754, 1.210919295314256], [117.81804523173095, 1.210926433878514], [117.81653994140086, 1.210941251716405], [117.81653926102456, 1.210941258255118], [117.81653393402723, 1.210962568545188], [117.81654034411208, 1.210962465282775], [117.8159374289958, 1.213348965747687], [117.81591483342005, 1.21343840844357], [117.81578223069677, 1.213471988036863], [117.81543139792396, 1.213415410057962], [117.8153088995122, 1.213395654704324], [117.81520227348192, 1.213378459171048], [117.81492244890593, 1.213333332158806], [117.81325298656647, 1.213064098020019], [117.81270615004925, 1.212975909400302], [117.81255817254315, 1.212952045502161], [117.81242310758489, 1.212930262878485], [117.8122092676132, 1.212895776719014], [117.80987430750842, 1.212519215914352], [117.80971556199724, 1.212493614547483], [117.80961553418544, 1.212477483324872], [117.80949853201504, 1.212458613443306], [117.8078864119609, 1.212198624187045], [117.80797339308717, 1.211847987975073], [117.8081603228132, 1.211094447208074], [117.80815161992686, 1.211094588229106], [117.80815209391575, 1.211092666638324], [117.80815858252934, 1.211066337046743], [117.80815584664342, 1.211066382194917], [117.80672107680464, 1.211097396326522], [117.804545185157, 1.211145917948985], [117.80406363405982, 1.21115204504618], [117.80384961347465, 1.211164077297173], [117.80236365617085, 1.211219532395607], [117.80126352215126, 1.211260588598245], [117.80127335232532, 1.21152423165647], [117.80129707852987, 1.21216054537547], [117.80131383754234, 1.212543504537645], [117.80133300717233, 1.213036564695182], [117.80134497538623, 1.213302243444436], [117.80136896472308, 1.214013113723359], [117.8013881098734, 1.214422400745969], [117.80140249868963, 1.214831689183117], [117.8014168995445, 1.215281668241653], [117.8014408633321, 1.215901584353668], [117.8014672009852, 1.216509532286385], [117.80149117750733, 1.217174925442472], [117.80150314319353, 1.217431029470229], [117.80151754577649, 1.217885795844339], [117.80152712502338, 1.218110783740386], [117.80154869816401, 1.218690010799025], [117.80156068750443, 1.219022707811733], [117.80159183003279, 1.219795807714215], [117.80160145473921, 1.220173981588224], [117.80162064877865, 1.220746029216558], [117.80158738065259, 1.220829812312737], [117.80157811677361, 1.221669942627826], [117.80157353866473, 1.222268325976726], [117.80156652758464, 1.222684801791326], [117.80156187220518, 1.223022290224489], [117.80154289652734, 1.223187449388839], [117.80146453840844, 1.223584798181485], [117.80139804784716, 1.223903157645418], [117.80139729893659, 1.223917560615605], [117.80138075678468, 1.224235706948217], [117.80137676647581, 1.224312456749948], [117.80137695133192, 1.224314491225682], [117.80139085984965, 1.224467974292998], [117.80140062575298, 1.224575738190576], [117.80143637780385, 1.224850982602186], [117.80145317792892, 1.225367979177039], [117.80148437883199, 1.226330167375568], [117.80149641634881, 1.226825624124012], [117.80150839407689, 1.227120024148807], [117.80152762047547, 1.227797386074976], [117.8015492023725, 1.228398155186659], [117.80156308387674, 1.228945857827614], [117.80156364048206, 1.228967810513286], [117.80165355052388, 1.235396794844126], [117.80175002712194, 1.237464153881726], [117.80217319871771, 1.236636171938634], [117.80250173522671, 1.235984672109709], [117.80265704858829, 1.235688264608443], [117.80334769644453, 1.234255994919192], [117.8037803211124, 1.233425331854233], [117.80398275104335, 1.233024817114683], [117.80406692206246, 1.232875042352507], [117.80433724620926, 1.232356004925691], [117.80458465699031, 1.231961458946762], [117.80487305298524, 1.231388332352717], [117.8052040676895, 1.23062600153113], [117.80521683923212, 1.230601080320753], [117.80523400187288, 1.230559851688852], [117.80530026835542, 1.23043828087006], [117.80544643144533, 1.230153065846875], [117.80555607461405, 1.229969012133259], [117.80592464230453, 1.229293183223437], [117.80646062207802, 1.228182273521844], [117.80694505846445, 1.227154426222544], [117.80732053271807, 1.226681738944563], [117.80759507879672, 1.226333982836129], [117.80759710454133, 1.226333559755618], [117.80760488691878, 1.226323761985113], [117.80801437375025, 1.226246428678676], [117.80845270559571, 1.226154900951248], [117.80856226416442, 1.226115164960311], [117.8088110663909, 1.226014397848432], [117.80906308308508, 1.225825233193689], [117.80920810952247, 1.225710300261132], [117.80949817816393, 1.225533091467138], [117.80965272452534, 1.225442090506415], [117.80986194759952, 1.225293628502623], [117.81005928362876, 1.225152351117364], [117.81016740617558, 1.225077843132014], [117.8101835549599, 1.225066713905985], [117.81020737459077, 1.2250485596545], [117.81023885176916, 1.225029974275145], [117.8102605091877, 1.225015722377685], [117.81061325790758, 1.224783579451912], [117.81087719332504, 1.224687758746468], [117.8110555259868, 1.224620685386054], [117.81116008265504, 1.224589957434473], [117.81116321186089, 1.224588712606929], [117.81134866989998, 1.224488128444537], [117.81165443511354, 1.224357455619655], [117.81179975605812, 1.224290153470283], [117.81202802437582, 1.224211097434082], [117.8123704266242, 1.224088923312926], [117.81264384990324, 1.223914113170351], [117.81279601400875, 1.223813539126601], [117.81335004451081, 1.223631462370693], [117.81384696926139, 1.223344088040762], [117.81426064674348, 1.223004082094779], [117.81452208137023, 1.22250615070756], [117.8145877977671, 1.222061113416032], [117.81459395608584, 1.22200984585576], [117.81460470001588, 1.221946652898675], [117.81462175564407, 1.221831147481534], [117.81466922371509, 1.221522369222943], [117.81464771226617, 1.221158561336992], [117.81465657410713, 1.221107178969794], [117.81469348429408, 1.220846564911369], [117.81487884154721, 1.220415674955599], [117.81499334950402, 1.22019750716455], [117.81509918623163, 1.219983205721253], [117.81526733729929, 1.219675485327446], [117.81547063475641, 1.219288147250267], [117.81579843067082, 1.218702574756326], [117.8161215179188, 1.218099580481727], [117.81620436717415, 1.217962739146058], [117.8165426801222, 1.217519381213487], [117.81660842069824, 1.217432362441598], [117.81672019491114, 1.217275642000224], [117.81692221266678, 1.216892617757279], [117.8170980844236, 1.216550291071109], [117.81723164074207, 1.21634915549558], [117.81753168547883, 1.215787893834592], [117.81769463801675, 1.215439517328504], [117.81784199273706, 1.215161824692254], [117.8179655679746, 1.214888925734431], [117.81805440538002, 1.214733081700146], [117.81810172052934, 1.214627167148219], [117.81824431686472, 1.214339901344435], [117.81827281003989, 1.21419628193908], [117.81829748691256, 1.214174979326206], [117.81830778065783, 1.214142044781482], [117.81831562726943, 1.214139840510924], [117.8183490744515, 1.214130446548624], [117.81837266138184, 1.214110084183086], [117.81849442863493, 1.214089619535492], [117.81852338767126, 1.214081485285769], [117.81852800996226, 1.21408397614528], [117.81854387088158, 1.214081309878149], [117.81860622394052, 1.214126109181694], [117.81869778880788, 1.214175434511833], [117.8187080506365, 1.214182818628718], [117.81904029926368, 1.21442186285455], [117.8194446628087, 1.214744863996257], [117.81972533798684, 1.21496737531517], [117.8202034351808, 1.215338224228081], [117.82084803185414, 1.215833485178338], [117.82114535430213, 1.216058383853204], [117.82148073727153, 1.216323961227792], [117.82171383734372, 1.216498617091171], [117.82198015894974, 1.216628046424558], [117.82206889806153, 1.216665229508818], [117.82212880895443, 1.216682438073744], [117.82220431559358, 1.216696889958086], [117.82234000739125, 1.216708229530825], [117.82249698333376, 1.216725735784516], [117.82287914091009, 1.216718462849589], [117.82321920201602, 1.216725538514179], [117.82363975772903, 1.216758159766457], [117.8239697996751, 1.216778819667399], [117.82418281549784, 1.21680500663274], [117.824851235283, 1.216848557216818], [117.82498055738455, 1.216851174323184], [117.82530002131755, 1.216856541768771], [117.82562344317279, 1.216887557914531], [117.82681058136095, 1.217190872583713], [117.82691311957345, 1.217216641061719], [117.82703376436848, 1.217368332404177], [117.82710988742991, 1.217459149381924], [117.8274548287088, 1.217873120238812], [117.82757783035608, 1.218143233492574], [117.82757998528243, 1.218147966767543], [117.82757907243942, 1.218181418544318], [117.82759829979689, 1.218221704020712], [117.82758411489513, 1.218494569038565], [117.82751284417887, 1.218724367690067], [117.82732994264228, 1.219138916849081], [117.8272276771066, 1.219370704440671], [117.82696744135575, 1.219884681286176], [117.82686893792118, 1.220089388470639], [117.82676586506516, 1.220297035321224], [117.82667458950868, 1.220463077192753], [117.8265004375382, 1.220807036176211], [117.82636145835305, 1.221106241167492], [117.82625498239481, 1.221351263095233], [117.82620507910585, 1.221468561441902], [117.82615992722812, 1.221566709056524], [117.82606490186436, 1.221882682319791], [117.82594611695309, 1.222265680851169], [117.82591765589221, 1.22251222106607], [117.8259017785434, 1.222628792426995], [117.82588039070625, 1.222839319742172], [117.82588605517407, 1.222893328178704], [117.82596548099121, 1.22337626435281], [117.82622004756857, 1.223759147217527], [117.82655309436264, 1.224153973950855], [117.82669710250204, 1.224281464362149], [117.82693674034294, 1.224476153736116], [117.82716217701388, 1.224613821258575], [117.82733801816843, 1.22471141808567], [117.82772090067895, 1.224771136917411], [117.82795372319012, 1.22479622236327], [117.82806402782118, 1.224791747226441], [117.82825263998214, 1.224828429299935], [117.8284961664481, 1.224854668386619], [117.82882201728967, 1.225048441383884], [117.82912170185207, 1.225215894050995], [117.82938919207639, 1.225182004632265], [117.82968357512183, 1.225128727787547], [117.83053960666165, 1.224927406493993], [117.8306923893999, 1.224922476537355], [117.83141640780627, 1.224892054872284], [117.83142774263248, 1.22489875103331], [117.83143849557241, 1.224898403915807], [117.83159591229828, 1.224998094889883], [117.83184166202801, 1.225143267535818], [117.83215378950518, 1.225509349336585], [117.83222991784196, 1.225609852676627], [117.83226335231787, 1.226071789434393], [117.83256099618752, 1.227330681401072], [117.83289166228207, 1.227713538868946], [117.83329803262029, 1.227929502442193], [117.833310595145, 1.227936011843927], [117.83373355958717, 1.227945445586347], [117.83442857639875, 1.228011219242434], [117.8344960450922, 1.228013084200117], [117.83466184108332, 1.227908836745661], [117.8347424999211, 1.227848563904179], [117.83490319834854, 1.227757076959617], [117.83504998423724, 1.227664782027471], [117.83511453456998, 1.22745810160467], [117.8351418497552, 1.227331441126382], [117.83521792410578, 1.22712706299316], [117.83523383115515, 1.227076130915003], [117.835627659442, 1.226755491145219], [117.83570870571371, 1.226628965773591], [117.83619180207118, 1.225859928799645], [117.83627488816524, 1.22539316954642], [117.83638176926758, 1.224971878598059], [117.83645064362629, 1.224687029605084], [117.83652657388436, 1.224148467617585], [117.83670005876903, 1.223789387129446], [117.83700670765117, 1.223408723803182], [117.83738464515767, 1.222862885237165], [117.83762680047447, 1.222535891299599], [117.83775051207651, 1.222369760585038], [117.83795513330229, 1.222091997563555], [117.83809296067986, 1.22177361864694], [117.83811206998234, 1.221554215475659], [117.83811495849305, 1.221492746777567], [117.83812916969694, 1.221306049324993], [117.83813640415892, 1.221292107612682], [117.83813798903637, 1.221275755025572], [117.83836907195662, 1.220843766982252], [117.83844489277145, 1.220697663565703], [117.83880966485134, 1.219955600717987], [117.83882531784874, 1.219847706046731], [117.83888192430044, 1.219407721623561], [117.83896723299671, 1.219056716635002], [117.83897921861744, 1.21901151938604], [117.83899166625446, 1.218957750626035], [117.8390393639729, 1.218784711672504], [117.83904086587845, 1.218779047315137], [117.83918574327096, 1.218187805601276], [117.83927539251124, 1.217465852291333], [117.83930501056476, 1.217162524314094], [117.83930897293214, 1.216635108615642], [117.83930644684236, 1.21632801568697], [117.83931173348721, 1.215833473813311], [117.8393115164244, 1.215130437333119], [117.83931318782687, 1.215053671747778], [117.83931317409909, 1.215009192921499], [117.83931077450933, 1.214939781438747], [117.83932252634202, 1.214492193248644], [117.83932494941438, 1.214454208901625], [117.83946030944111, 1.214030203781972], [117.83957909911152, 1.213668747236754], [117.83975491762426, 1.213166056600347], [117.83997592152288, 1.212672925578925], [117.84011612909202, 1.212364119986149], [117.84015177615731, 1.212287516590581], [117.84031097050423, 1.211856636200073], [117.84041789603484, 1.211578956667728], [117.84076245964143, 1.210772238137353], [117.84109001823286, 1.210487434579447], [117.84075337706176, 1.21045277745223]]]}},
{"type": "Feature", "properties": {"ba_code": "4320", "division": "02"}, "geometry": {"type": "MultiLineString", "coordinates": [[[117.78147335227798, 1.236716998581403], [117.78148208382602, 1.23858291430643], [117.78240491357941, 1.237946285952996], [117.78240273759454, 1.238372434631687], [117.78256700458185, 1.2381602454125], [117.78280153091359, 1.237961219581066], [117.78293202563559, 1.237850658862582], [117.78302276101587, 1.237773557293389], [117.78302307109078, 1.237773521015558], [117.78302653420027, 1.237770587136635], [117.78323967849747, 1.237747751235854], [117.78358589737053, 1.237707480391619], [117.78363628317913, 1.237701568952239], [117.78389311993953, 1.237715853756033], [117.78425149558736, 1.23772961980958], [117.78426730106274, 1.237729979676385], [117.78461160339376, 1.237716548192344], [117.78471202592104, 1.237706673073936], [117.78500604601774, 1.237672438898598], [117.7850110423344, 1.237672090027867], [117.78503179117335, 1.23766931383414], [117.78514015085506, 1.237662090555884], [117.78517711975736, 1.237660512702123], [117.78534649030097, 1.237648705511137], [117.78535806111539, 1.237647642727592], [117.78536995474222, 1.237647069258941], [117.78541982263418, 1.237643593238329], [117.78607616741203, 1.237629036362214], [117.786479554144, 1.237616611983043], [117.78653216712549, 1.237613733996059], [117.78656574644751, 1.237614529105082], [117.78678720032558, 1.237614463001031], [117.78681438332653, 1.237613649754833], [117.78684556375529, 1.237614445576432], [117.78721763812788, 1.237614334461982], [117.78780263631567, 1.237585436394756], [117.78780711331834, 1.237585748062316], [117.78781939863902, 1.237584584640024], [117.78788132126256, 1.237590559376233], [117.78789710367352, 1.2375919984652], [117.7881158601979, 1.237607192542254], [117.78815639938817, 1.23760965280286], [117.78820891551008, 1.237613655512279], [117.78851426843775, 1.237634864845151], [117.78855164331206, 1.237635476959842], [117.78891476281702, 1.237635368283301], [117.78896852234935, 1.237634579626284], [117.7890226670228, 1.237635335979453], [117.78912248115199, 1.237635306093641], [117.78927896148437, 1.237649576983336], [117.78933525523233, 1.237534991891378], [117.78933616222429, 1.237535348952851], [117.78933647841313, 1.237534713800328], [117.78942904036855, 1.237571947325541], [117.78946998984667, 1.237588082896837], [117.78961458327367, 1.237586149784855], [117.78980734938271, 1.237577656249149], [117.78984516523903, 1.237589355489682], [117.79018806497896, 1.237670202655638], [117.79028335425761, 1.23770566403604], [117.79076342342029, 1.237878954980016], [117.79086330222987, 1.237878925002958], [117.7908913984996, 1.237884571476993], [117.79089257322612, 1.237884567505808], [117.7911026023057, 1.237927020742985], [117.79122003442848, 1.237950623733446], [117.79179080538523, 1.238065341576013], [117.79231877112205, 1.238180072138263], [117.79249001838029, 1.238266187593164], [117.7927040528721, 1.238294846414844], [117.79291986813527, 1.238357654839622], [117.79323773657563, 1.238442321172539], [117.79329095952745, 1.238471904054804], [117.79334619137003, 1.238495709299694], [117.79371074001061, 1.238705231639702], [117.79374818018505, 1.238726041543389], [117.79395477233945, 1.238783923242991], [117.794196773869, 1.238849133581375], [117.79439052582804, 1.238891974950109], [117.79465188729947, 1.238947692435759], [117.79500870078638, 1.23929225327014], [117.79501648049508, 1.239303389746527], [117.79501948693918, 1.23930630177761], [117.79537866494807, 1.239818499614068], [117.79537895098164, 1.239822235688472], [117.79537983847268, 1.239823504629278], [117.79538756800997, 1.239934544069067], [117.79539691410523, 1.240056350942642], [117.7954265250544, 1.240429939072797], [117.79531528915751, 1.241209718547904], [117.79528593340301, 1.241323568165232], [117.79513790094171, 1.241920310452439], [117.79517970866226, 1.242197473899076], [117.79520415731231, 1.242337298425402], [117.7952041639791, 1.242359595976773], [117.79520938465747, 1.242394207710388], [117.79520942760033, 1.24253781921121], [117.79518982024982, 1.242603674761949], [117.79513741354016, 1.242797312433229], [117.79513186693995, 1.242887068823519], [117.79513584165639, 1.242932921984683], [117.79514536318415, 1.243018938552665], [117.79516007209084, 1.243046249683997], [117.79536038193228, 1.243401221950846], [117.79564325757379, 1.243763359191179], [117.79676494525363, 1.244142823214882], [117.79683496814232, 1.244164614590078], [117.79705253078069, 1.244091549509255], [117.79740004885215, 1.243923008200659], [117.79758550800518, 1.243822423793556], [117.79791805048517, 1.243553038780485], [117.79796894151222, 1.243508882350417], [117.79801507722162, 1.243474439569664], [117.79824169606168, 1.243290861018899], [117.79875524818294, 1.242917314190729], [117.79902307099331, 1.242678708403006], [117.79917126702404, 1.242543182801028], [117.79936075192425, 1.24235969064435], [117.7995179685749, 1.242201355457575], [117.79968145171142, 1.242052308097596], [117.79975375718887, 1.241983534459928], [117.80003904729493, 1.241724946238403], [117.80094444779051, 1.24031455557388], [117.80110018483727, 1.240063587741597], [117.80121854027554, 1.239980727545534], [117.8015437709507, 1.239749828148667], [117.80157397792246, 1.239421917498804], [117.80158831774469, 1.239148357816555], [117.80170522095, 1.238863089837807], [117.80172897569418, 1.238801935405192], [117.80171463395023, 1.238557800580434], [117.80167166489335, 1.238012088945512], [117.80172858644352, 1.237581103868587], [117.80173479291163, 1.23752221275766], [117.80165615071904, 1.235474706913688], [117.8016396403942, 1.234618551588822], [117.80162218260908, 1.233713280117971], [117.8016219811813, 1.233040119067487], [117.80161354097716, 1.232142632874022], [117.80157393205164, 1.230385248712315], [117.80156265438139, 1.229199498590036], [117.80152535861171, 1.228022000270082], [117.80144440975148, 1.224985290912991], [117.80141354342015, 1.224718810977432], [117.80137031494053, 1.224291202406494], [117.80140710883488, 1.223783002682759], [117.80156789745914, 1.223057859691372], [117.80156646979327, 1.221322580438382], [117.80158479300243, 1.220820583970291], [117.8016155617614, 1.220758600690373], [117.80159691186346, 1.22015745702004], [117.80157209529398, 1.219525327712716], [117.80152864022389, 1.218329238942887], [117.80149135960083, 1.217188925569336], [117.80147270113068, 1.216556794371925], [117.80141831017988, 1.215658150221807], [117.80141693731211, 1.215379302219709], [117.80136729314167, 1.214071661507054], [117.80134244021397, 1.213309387224133], [117.80125563820555, 1.211270462357647], [117.80126177850536, 1.211214684149883], [117.79842769941577, 1.211277376115093], [117.79563170808701, 1.21134676454526], [117.79284116042608, 1.211416014675847], [117.789962489657, 1.211487449052749], [117.78704470081296, 1.211559850806808], [117.78414318313148, 1.211631844907804], [117.78154632406704, 1.211696277906392], [117.78135864360264, 1.211700935214268], [117.78132038596488, 1.211701884433837], [117.78132221611435, 1.211727720498023], [117.78132277829404, 1.211898618195732], [117.78134221103231, 1.217808676597669], [117.78142391593522, 1.221231113014446], [117.78143673439013, 1.221252419929861], [117.78142690050346, 1.221282891170312], [117.78142605998454, 1.22128549407303], [117.78144268992463, 1.222242048345348], [117.78125027430919, 1.224143858003272], [117.78123326680576, 1.224998867879537], [117.78123109268957, 1.225535843573711], [117.78122272900015, 1.22760167796376], [117.78130736443221, 1.230877506804858], [117.78131220624736, 1.230877497235458], [117.78131369032957, 1.230942925071813], [117.78144278622814, 1.23663503255311], [117.78147335227798, 1.236716998581403]]]}},
{"type": "Feature", "properties": {"ba_code": "4320", "division": "06"}, "geometry": {"type": "MultiLineString", "coordinates": [[[117.82832537292443, 1.162540961002205], [117.8266153851643, 1.162510715074725], [117.82475448119214, 1.162525858097289], [117.82438973449663, 1.162528825750643], [117.82315514875272, 1.162538871455115], [117.81970404304748, 1.163073616264221], [117.8167410641488, 1.163539085147967], [117.81594734191633, 1.163572261313243], [117.81594733931702, 1.16356321496059], [117.81594733411849, 1.163545122255281], [117.81593833605083, 1.163508939460777], [117.81592034511499, 1.163454666576611], [117.81583943528877, 1.163382319295526], [117.81574056051744, 1.163346162651798], [117.81571359490697, 1.16333712414379], [117.81561476429896, 1.163454755501472], [117.81559679155403, 1.163463807084763], [117.81551590510765, 1.163472876971423], [117.81549795833965, 1.163572392091117], [117.8154710031169, 1.16359953899669], [117.81529102361918, 1.163582339049503], [117.81529124447464, 1.16358149857889], [117.81529124187742, 1.163572452224752], [117.8152822438163, 1.163536269422274], [117.81520135216698, 1.163527246593344], [117.81513299493245, 1.163559648805354], [117.81510375967936, 1.163471453533227], [117.81509858977113, 1.163439446317391], [117.81508414340179, 1.163384527380417], [117.81499736426345, 1.162687393406458], [117.81499647938965, 1.162673159222985], [117.81499544097763, 1.162668853459405], [117.81489118567649, 1.161413996777807], [117.81488962274778, 1.161376434952208], [117.81489071675654, 1.161370891027839], [117.8148897472888, 1.161365667943222], [117.81492395949005, 1.159901623819223], [117.81492663506131, 1.159888861349474], [117.81492505400023, 1.159878976854527], [117.81495871895679, 1.159419736078149], [117.81499091659694, 1.158980505367089], [117.8148966551473, 1.158160308603198], [117.8146860766982, 1.15749482997835], [117.81372170159966, 1.156023001901028], [117.81334725206489, 1.15550936258015], [117.8133413441749, 1.155498806276037], [117.81333234255166, 1.155487604953246], [117.81295122441846, 1.154895128365129], [117.81294884768876, 1.154890576015954], [117.81294641655029, 1.15488748738359], [117.81249782376634, 1.154158569281543], [117.81204729245908, 1.153451151989032], [117.81037805235816, 1.153731668393953], [117.8085651365072, 1.156870424117238], [117.80709136564333, 1.159422004300975], [117.80676200105415, 1.159992242902202], [117.80533844122104, 1.162456889640528], [117.80457665032046, 1.163775797957462], [117.80453677708668, 1.163844830562396], [117.80305908541268, 1.163874514025429], [117.80308637311317, 1.164818272744677], [117.80174797314604, 1.164817424179063], [117.80144368256347, 1.164817230853855], [117.8012648936468, 1.164817117378152], [117.79854694901078, 1.164815391602603], [117.79856484079441, 1.16487583992067], [117.79854753970294, 1.16487995282184], [117.79846666300985, 1.164925207849558], [117.79836780579124, 1.164952375218891], [117.79830778208272, 1.164990159215307], [117.79843985524018, 1.165477045436198], [117.79844884295616, 1.165477042871849], [117.79853872266317, 1.165486063618285], [117.79856568835869, 1.165495102315596], [117.79857469646048, 1.165567470882294], [117.79854778428123, 1.165748406406822], [117.79851185635205, 1.165829834191738], [117.79852967524671, 1.166186515686479], [117.79852098172942, 1.166318336768488], [117.79849408742335, 1.16656259703972], [117.79848511500569, 1.166616877956002], [117.7984851201064, 1.16663497073913], [117.79847615279024, 1.166707344438793], [117.79848520172868, 1.166924455268864], [117.79850324860736, 1.167177749095382], [117.798503251159, 1.16718679548687], [117.79851229757399, 1.167394859922161], [117.79845842228505, 1.167575803165723], [117.79840454699642, 1.167756746412786], [117.79839556693081, 1.167783888157074], [117.79829677344374, 1.168037215390425], [117.79821594774363, 1.168263398316367], [117.79816208522003, 1.168489573538478], [117.79810823036068, 1.168742887941939], [117.79811729471102, 1.169014277138475], [117.79812634630599, 1.169240434372315], [117.79813540558118, 1.169493730781224], [117.79812648430095, 1.169728939549707], [117.79812650730572, 1.169810357079105], [117.7982074045485, 1.169837473098127], [117.79828828900762, 1.169819357154761], [117.79837816119405, 1.169801238636129], [117.79845904564779, 1.169783122689278], [117.79851616750736, 1.169771606556828], [117.79835337857295, 1.172774378743745], [117.79843369079352, 1.17351477663744], [117.79849853225839, 1.173607729587077], [117.79868367202276, 1.174004975802823], [117.7986399968669, 1.174007735747737], [117.79877487462947, 1.174224810358719], [117.79881088980852, 1.174450959778409], [117.7988019585763, 1.174649982951351], [117.79890087258279, 1.174821835919272], [117.79908964349167, 1.174921291885359], [117.79926942923426, 1.175029796806653], [117.79951214205862, 1.175183515527614], [117.79970091814027, 1.175301064196856], [117.79987170844731, 1.175382432472336], [117.80013235560122, 1.175391403715295], [117.80015033108889, 1.175391398531981], [117.80020425755136, 1.175391382981343], [117.80024020852595, 1.175391372613668], [117.80034806144786, 1.17539134150785], [117.8003480547665, 1.175367873371043], [117.80043524383818, 1.175414752836424], [117.80043525413944, 1.175450930241346], [117.80048290593291, 1.175490812871865], [117.80052784722595, 1.175499846293048], [117.80057279109532, 1.17551792609966], [117.8006716665777, 1.17555408311578], [117.80078333518576, 1.175634301383356], [117.80083781801525, 1.175719552372572], [117.80085597640785, 1.175733759003567], [117.80085395955825, 1.175733759585823], [117.80087010078113, 1.17574999680808], [117.8008842263116, 1.175770294630263], [117.80090844277578, 1.175810893248218], [117.8009629317842, 1.175908329710323], [117.80103355887077, 1.176007791516672], [117.80109409239161, 1.176080863402583], [117.80117277936108, 1.176153929135609], [117.80124058227857, 1.176249414047385], [117.80140213364879, 1.17653066108993], [117.80329424946449, 1.178219675263889], [117.80471374235275, 1.178883124171322], [117.8071056116856, 1.179360353611566], [117.80719008410331, 1.179386101166813], [117.80733125763723, 1.179480986250119], [117.80725329784565, 1.179564784746769], [117.80701172683467, 1.179791579068771], [117.80813591364317, 1.182131638832002], [117.8088560718301, 1.18266753819443], [117.80870523845704, 1.173643751760467], [117.81188133617525, 1.173152942559256], [117.81335906072397, 1.172986154424841], [117.82840694372106, 1.172488971288781], [117.82832537292443, 1.162540961002205]]]}},
{"type": "Feature", "properties": {"ba_code": "4320", "division": "01"}, "geometry": {"type": "MultiLineString", "coordinates": [[[117.7472285878682, 1.221475564399822], [117.74728295947358, 1.222384613715779], [117.74728353737748, 1.222394276118839], [117.74732396602988, 1.223026903607993], [117.74731255971459, 1.223151715008332], [117.74738702228721, 1.22353348983075], [117.7473960528657, 1.223687277765851], [117.74745003354035, 1.22387723908551], [117.74754895680985, 1.224076234288612], [117.74775570620803, 1.224166641249655], [117.74798938706462, 1.224139436166691], [117.74860058453119, 1.224184496992345], [117.74878033224095, 1.224139214006741], [117.7488072937689, 1.224130159934578], [117.74893311841156, 1.224102985085902], [117.74896008746799, 1.224121070494958], [117.74900503505924, 1.224148197344282], [117.74913987783664, 1.224229577884312], [117.74931966570321, 1.224329038759172], [117.74946348394299, 1.224365184277906], [117.74951741201401, 1.224365169105462], [117.74974212235584, 1.224401291844924], [117.7500747139701, 1.224527849110861], [117.75059623282395, 1.224703331686369], [117.75177362422143, 1.225160624373024], [117.75237574513099, 1.224889059645843], [117.75256443524472, 1.224680937118373], [117.7527086382999, 1.224450274274814], [117.7527091202528, 1.224496087357867], [117.75280464813747, 1.225944160437076], [117.7528169464348, 1.227404225514929], [117.752805350824, 1.228457392716753], [117.75284120340422, 1.229103641827288], [117.75292479826044, 1.230396137533278], [117.75297256762892, 1.231135732091784], [117.75297073337316, 1.231248571241785], [117.75296849905968, 1.231245761133685], [117.7529347685721, 1.231203349034036], [117.75281793436322, 1.231239568182788], [117.75269209943343, 1.231230557453139], [117.75263816872719, 1.231221526289339], [117.75260222168811, 1.231239629475418], [117.75252142076621, 1.231565325957468], [117.75255742110065, 1.231737198976977], [117.75253047985096, 1.231818625015019], [117.75255746678526, 1.231900035726032], [117.75254849906058, 1.231972410169282], [117.7525664801992, 1.231990498031617], [117.75256649289152, 1.23203573046175], [117.7526024602479, 1.232089999157101], [117.75258450957325, 1.232180469127361], [117.75259353569042, 1.232316163861271], [117.75251268910527, 1.232479023611331], [117.75240157314448, 1.232855101387892], [117.75231809434122, 1.23285285445933], [117.75204615218473, 1.232772206346872], [117.75199041652196, 1.232884482770964], [117.75187469353452, 1.233031040725951], [117.75187473161004, 1.233166738036893], [117.75185677076838, 1.233221022071431], [117.75203095765865, 1.233466255399773], [117.75203997871311, 1.233583857174879], [117.75182102937673, 1.233971890751839], [117.75193924992057, 1.233994147669507], [117.75192641115957, 1.23410209401607], [117.75189212334209, 1.234210046465803], [117.75180871599383, 1.234225589445665], [117.75178531065512, 1.234259085298859], [117.75172863457925, 1.234300033162981], [117.7517101561908, 1.234326085973539], [117.75166086183266, 1.234324859722449], [117.75162020220583, 1.234352160020708], [117.75158819089249, 1.234456359344811], [117.7514280295716, 1.234613930506488], [117.75139845262136, 1.234613938918983], [117.75138859976045, 1.234632547635323], [117.7513800520967, 1.234914112086563], [117.75144293672376, 1.235038130605345], [117.75147868090485, 1.235059205990696], [117.751532898747, 1.235040585553548], [117.7514812255692, 1.235344489004738], [117.75141839911673, 1.23542761155151], [117.75141842873882, 1.235533042038771], [117.75124593410878, 1.235655887272758], [117.75115601003887, 1.235788631196567], [117.75110305998176, 1.235933769146188], [117.7510038594012, 1.236613698073408], [117.75110330225827, 1.236795820822637], [117.75109345058921, 1.236821871185701], [117.75101090702528, 1.236904998462016], [117.75081630407016, 1.237292047343661], [117.75084228047561, 1.237346509765838], [117.750977144513, 1.237500261672571], [117.75108501386859, 1.237545463382856], [117.75149568755556, 1.238565706096826], [117.75153518065642, 1.238771594712875], [117.75161654563021, 1.238875761702253], [117.75172254767021, 1.238947672729564], [117.75173981058269, 1.238981157898798], [117.75180391895177, 1.239074166435453], [117.75192240103573, 1.239238917079773], [117.75202459247777, 1.23936930928253], [117.75214823636661, 1.239575227178207], [117.7521139720784, 1.239600663933934], [117.75209121908085, 1.239617554801356], [117.75206934498644, 1.239611690788098], [117.75204188888581, 1.239604331176375], [117.75202200040388, 1.239599000337831], [117.75186199978577, 1.239666999659241], [117.75178684974601, 1.239705311297653], [117.75170900007836, 1.239744999677407], [117.75155412506281, 1.239843941943703], [117.75143400009343, 1.239938000033278], [117.75129700020616, 1.240055000315036], [117.75116000002606, 1.24011999956819], [117.75103799987502, 1.240159000352191], [117.75091599999884, 1.240198999865092], [117.75083900040761, 1.240219000117278], [117.75079300001148, 1.2402239996752], [117.75073200022837, 1.240235000432431], [117.75072810039524, 1.24023531093564], [117.75063136764055, 1.240243031682596], [117.7506183963731, 1.240250496930059], [117.75061632016316, 1.240244232828145], [117.75060040495528, 1.240196223123406], [117.75059141434404, 1.24018717919903], [117.75054059778951, 1.240168596831126], [117.75049253546143, 1.240151021454931], [117.75042065134366, 1.240223413891584], [117.75038472712016, 1.24032293554012], [117.75036675863764, 1.240350080139689], [117.7503577909598, 1.240422454624889], [117.75033083950937, 1.240467694769895], [117.75030390080006, 1.240558167365974], [117.75029492547768, 1.2406034023818], [117.75027696209062, 1.240648639962837], [117.75024103786441, 1.240748161615895], [117.75018712986052, 1.240820548929262], [117.7501871527981, 1.240901967342694], [117.75015121327773, 1.240947210055794], [117.75009730526952, 1.241019597371173], [117.75010629333593, 1.24101959480595], [117.75012427711499, 1.241046729146913], [117.75014227109028, 1.24111004944936], [117.75021419856654, 1.241191447336739], [117.75061875339163, 1.241517005457482], [117.7506547362796, 1.241625553057469], [117.75078060495296, 1.241752167944565], [117.75077166027961, 1.241905960828273], [117.75083458441429, 1.241933082308974], [117.75089750599624, 1.241951157298548], [117.75091550766633, 1.242041617046612], [117.75097843691206, 1.242086831498274], [117.75102190982804, 1.242062506625462], [117.75105931675486, 1.242041575920759], [117.75107038421045, 1.242052708983612], [117.75109527924293, 1.242077751591696], [117.7512660934093, 1.242222446549488], [117.75129306016862, 1.242231485322252], [117.75139194680516, 1.242294782444964], [117.75163099816156, 1.242365431321901], [117.75163105208841, 1.242365425878579], [117.75175146951231, 1.242294679529376], [117.75197612259718, 1.242122731937483], [117.75220981742987, 1.242140757977383], [117.75242555915317, 1.242240207516272], [117.7525783588274, 1.242249210210236], [117.75261428805221, 1.242167781537965], [117.75260527695211, 1.242086365746865], [117.75269516271888, 1.242104432955505], [117.75274739860836, 1.242056610019128], [117.75279400583007, 1.242013939765257], [117.75282095466324, 1.241959653126769], [117.75280296829635, 1.241923472340237], [117.75285688899969, 1.241896317427448], [117.75289284125421, 1.241896307121351], [117.75295573721823, 1.24182391720818], [117.75308156242023, 1.241796741679215], [117.75310997779069, 1.241776301140984], [117.75311344079928, 1.241760096988872], [117.7531239572456, 1.241771080024863], [117.75308161107085, 1.241968624880446], [117.75312655138785, 1.241968611993153], [117.7532170491018, 1.24190685735077], [117.75323437741301, 1.241860023253067], [117.75328830835048, 1.241869054270283], [117.75333323073438, 1.241805715994219], [117.75334220855176, 1.241769527481351], [117.75338714373999, 1.241751421624374], [117.75339611643425, 1.24169714014461], [117.75342306781334, 1.241651899992908], [117.75344102600795, 1.241588569452267], [117.7534410234468, 1.241579522968723], [117.75338707203014, 1.241498120082049], [117.75333311805718, 1.241407670708407], [117.75331512657316, 1.241353396959571], [117.75323421354516, 1.241281048278501], [117.75319221761274, 1.2408994008819], [117.75319815381017, 1.240901106252553], [117.75338690561726, 1.240910098642613], [117.75353071456267, 1.240910057419011], [117.7536745183822, 1.240891923221336], [117.75377338190374, 1.240873801904757], [117.75388123860213, 1.24087377097284], [117.75391718827306, 1.240864714178619], [117.75424078141066, 1.240946039689839], [117.7551575426622, 1.240873404609186], [117.75591738811256, 1.240888330007019], [117.75615523725183, 1.240945489618134], [117.75723594971983, 1.240922438358648], [117.75725021187412, 1.240922133906721], [117.75866336660242, 1.240891990637907], [117.75892354913451, 1.240917552327539], [117.75895052617038, 1.24096277690202], [117.758950528749, 1.240971823374049], [117.75902244602575, 1.24101703496938], [117.75902244860472, 1.241026081441253], [117.75907637947084, 1.241035112338008], [117.75908537009786, 1.241044156213787], [117.75926514394976, 1.241089336644541], [117.75928312262491, 1.241098377922391], [117.75929211067246, 1.241098375325591], [117.75936401247208, 1.241089308078939], [117.75948085966712, 1.241098320785699], [117.75948984771428, 1.241098318188223], [117.75964266000084, 1.241152552849787], [117.75982244933998, 1.241252012053018], [117.7598404280161, 1.241261053325189], [117.75989438212277, 1.241351502430611], [117.75997532620802, 1.241532408431445], [117.75998314616773, 1.241546250887827], [117.76002148717382, 1.241526629761972], [117.76002429822458, 1.241525191464586], [117.76002573160889, 1.241524458285802], [117.76005081960678, 1.241510675062639], [117.76010114539193, 1.241459993031792], [117.76011012366708, 1.241450951201146], [117.76017286679239, 1.241417246707089], [117.7602050408639, 1.241399964068022], [117.76024492369903, 1.24137854043827], [117.76027943283628, 1.241361161230645], [117.76028087071698, 1.24136043709699], [117.76043362615357, 1.241215649377798], [117.76050549950592, 1.241107070944254], [117.76051448496675, 1.241098021874534], [117.7607322610582, 1.240888102474945], [117.76122630521569, 1.240869718145328], [117.76129500998712, 1.240867160713198], [117.7616691108222, 1.240853239286334], [117.7617437239562, 1.240852535561329], [117.76216821242006, 1.240844241744624], [117.76267721418392, 1.240778410440435], [117.76303624524209, 1.240772887417432], [117.76317118567518, 1.240770811886137], [117.76369640747777, 1.240762731936823], [117.76401079326449, 1.240757894809833], [117.76419378889126, 1.240755079733825], [117.76433684275064, 1.240752878753304], [117.76445439945645, 1.240751070559133], [117.76447877031818, 1.240753509635019], [117.7653921090098, 1.240736869775631], [117.76561088612395, 1.240722198751514], [117.76602875986892, 1.240713874595482], [117.76635675466356, 1.240707339731734], [117.76646068807494, 1.240705269455469], [117.76693931148358, 1.240695734218017], [117.7671655092561, 1.240691228218335], [117.76725539623334, 1.24068943702263], [117.76729088706428, 1.240688730087241], [117.76736513765297, 1.240687251031041], [117.76736514839966, 1.240696473888771], [117.76944525367048, 1.24065503202197], [117.76991439434961, 1.240648578441855], [117.77035395047167, 1.240643767237106], [117.77039439833273, 1.240640514946848], [117.77159988302141, 1.240626314930288], [117.77168695597197, 1.240625288836821], [117.77186607402359, 1.240623179093618], [117.77186603479961, 1.240407182556153], [117.7718661714175, 1.24040718251605], [117.77190522068994, 1.240431731247633], [117.77193808867443, 1.240452393630713], [117.77198303138948, 1.240461426881272], [117.77209988611902, 1.240497578350015], [117.77218977679364, 1.240533737730857], [117.77227067158172, 1.24054276041588], [117.77240549185392, 1.240542720812162], [117.77245042669657, 1.240524614722629], [117.77247738812642, 1.240515560357389], [117.77248637089691, 1.2404974648301], [117.77256726043137, 1.240488394619799], [117.7725852364663, 1.240488389337907], [117.77296273318176, 1.240488278389779], [117.77299869049882, 1.240506360704876], [117.77305261597265, 1.240497298407662], [117.77318743621755, 1.240497258765302], [117.77329528715774, 1.240479134163297], [117.77347504221795, 1.240460988407095], [117.77360087443236, 1.240460951388643], [117.773744680045, 1.24045186263386], [117.77386152160817, 1.240442781807696], [117.77396937778155, 1.240442750062577], [117.77403229388142, 1.240442731542547], [117.77405026990976, 1.240442726250834], [117.77419408865116, 1.240478869671275], [117.77424800621664, 1.240442668033879], [117.77429291210161, 1.240325051088016], [117.77431085657625, 1.240216488522166], [117.77432878790715, 1.240062693760134], [117.77435572565456, 1.239972221428652], [117.77438266865941, 1.239899841976543], [117.7744635134434, 1.239736982258571], [117.77455575562806, 1.239684471279181], [117.77462529763646, 1.239736934629307], [117.77468824000549, 1.239827380490404], [117.77482306542443, 1.239845433662299], [117.77487700137817, 1.239872557092874], [117.77488598675822, 1.239863508007166], [117.77522756272059, 1.239971964629226], [117.77547027584373, 1.240098543214574], [117.77552683579137, 1.240614797683142], [117.77556030870011, 1.240623210042307], [117.77556929671164, 1.240623207390857], [117.77582995694357, 1.24065026979379], [117.77583894495461, 1.240650267141361], [117.77600073178608, 1.240659265828123], [117.7760097197968, 1.24065926317509], [117.77609061716477, 1.240677332167515], [117.77609061980101, 1.240686378603064], [117.77639621742567, 1.240704381240086], [117.77677367161478, 1.24055952678014], [117.77678265962348, 1.240559524124679], [117.77682260178658, 1.240551471852377], [117.77705228404113, 1.24050516584563], [117.77706127204908, 1.240505163189333], [117.77721414870402, 1.240439164977262], [117.77730196216498, 1.240401255269153], [117.77737581271376, 1.240369373707632], [117.77738480072055, 1.24036937105052], [117.77747466758628, 1.240324112314761], [117.77748365559272, 1.240324109657408], [117.77751959969734, 1.240296959730203], [117.77752858506328, 1.240287910640278], [117.77769934397354, 1.240242627982735], [117.77770833462003, 1.240251671756881], [117.77778022810087, 1.240215464764297], [117.77778921346525, 1.240206415674212], [117.77797795893207, 1.240197313414551], [117.77798694693698, 1.240197310755749], [117.77804984712007, 1.240143013555118], [117.77805883512467, 1.240143010896187], [117.77809476865002, 1.240079675241287], [117.7781037566543, 1.240079672582338], [117.77816665154826, 1.240007282519906], [117.7781666489064, 1.239998236088787], [117.7781756342684, 1.239989186998666], [117.77818298573143, 1.23998055000457], [117.77818718619599, 1.239981817071645], [117.77821158628348, 1.239989176362359], [117.77828348238613, 1.239962015795662], [117.77835538641337, 1.239961994520073], [117.77850823268598, 1.240133831480115], [117.77865204867214, 1.240160928198972], [117.77872395005437, 1.240151860479989], [117.77890714205104, 1.23929482250939], [117.77931918160627, 1.239294700532826], [117.77959667210055, 1.239369807744092], [117.77970906873888, 1.239400229248033], [117.77971599094501, 1.239402102521739], [117.77980001145804, 1.239469010340845], [117.77980486610853, 1.239472876250385], [117.77985776292059, 1.239514999742176], [117.77989916230302, 1.239547968035709], [117.77979241138866, 1.239801438079397], [117.77985096155294, 1.239932256502056], [117.77991545038758, 1.24007634517339], [117.7803601075075, 1.23998446080197], [117.7805935413273, 1.239601521432041], [117.78075368172507, 1.239271235934176], [117.78076151953418, 1.239259901150813], [117.78078198911692, 1.239230298790155], [117.78083156658188, 1.239158602915266], [117.78148208382602, 1.23858291430643], [117.78147390546799, 1.236835227954707], [117.78147360152357, 1.236770187867827], [117.78147255531721, 1.236714861147338], [117.78144278622814, 1.23663503255311], [117.78135527793673, 1.232776650408], [117.7813505579028, 1.232568519785556], [117.78131369032957, 1.230942925071813], [117.78131220624736, 1.230877497235458], [117.78130736443221, 1.230877506804858], [117.78126497819576, 1.229236949970304], [117.78122272900015, 1.22760167796376], [117.7812245195987, 1.227159455560533], [117.78123109268957, 1.225535843573711], [117.78123326680576, 1.224998867879537], [117.78125027430919, 1.224143858003272], [117.78144268992463, 1.222242048345348], [117.78142605998454, 1.22128549407303], [117.78142690050346, 1.221282891170312], [117.78143673439013, 1.221252419929861], [117.78142391593522, 1.221231113014446], [117.78142304980626, 1.221194834385191], [117.78134963928966, 1.218119835316191], [117.78134221103231, 1.217808676597669], [117.78134209086839, 1.217772175206357], [117.78133084505062, 1.21435229811102], [117.78132300480067, 1.211967656841866], [117.78132277829404, 1.211898618195732], [117.78132272811735, 1.211883479014801], [117.78132221611435, 1.211727720498023], [117.78132038596488, 1.211701884433837], [117.7813432546238, 1.211701316917311], [117.78134304382529, 1.211674541364108], [117.78115885502415, 1.211688159939337], [117.77804484331064, 1.211746980716496], [117.77607589683731, 1.211764608909238], [117.77512875950407, 1.211771849399535], [117.77243096929935, 1.211827373145216], [117.77236267977014, 1.211826705212921], [117.77236130728902, 1.211820269964908], [117.77234333144436, 1.211820275123259], [117.77220393193429, 1.211825153160923], [117.77209031887388, 1.211824042283916], [117.77058124573277, 1.211838189177401], [117.77044838765394, 1.211821084188823], [117.77013499130243, 1.211824602486092], [117.76998511270972, 1.211848646507793], [117.76962402934565, 1.211865892811621], [117.76661622263352, 1.211902113840899], [117.76661614803086, 1.211902103911045], [117.76639212739268, 1.202252218214741], [117.76625561160301, 1.202299471155673], [117.7634278882925, 1.203173019860328], [117.7633882586675, 1.203224333528798], [117.7633724322353, 1.203190152295593], [117.74716669723608, 1.208125481137295], [117.74715513535051, 1.213811413656879], [117.74712682226806, 1.214626427882823], [117.74724120216545, 1.215472518721596], [117.74721282192444, 1.21604219280562], [117.74717963262502, 1.216420384609419], [117.7471701956985, 1.216693252265001], [117.74719886694197, 1.217181529956905], [117.7471989723695, 1.217564499887842], [117.74722294134372, 1.218249049907771], [117.74716124037978, 1.218718204989858], [117.74717090502463, 1.219268720645474], [117.74723297997399, 1.22015910674607], [117.74723781304732, 1.22043675781631], [117.7472285878682, 1.221475564399822]]]}}
]
}
