{
"type": "FeatureCollection",
"features": [
{"type": "Feature", "properties": {"ba_code": "4321", "blockid": "4321E28P08", "division": "04"}, "geometry": {"type": "MultiPolygon", "coordinates": [[[[117.79608169200003, 1.285850269000036], [117.79506156800005, 1.285841978000065], [117.79330036500005, 1.285861728000043], [117.79346084400004, 1.292997902000025], [117.79348493000009, 1.293555967000032], [117.79610276500011, 1.293508317000033], [117.79608169200003, 1.285850269000036]]]]}},
{"type": "Feature", "properties": {"ba_code": "4321", "blockid": "4321G16P07", "division": "01"}, "geometry": {"type": "MultiPolygon", "coordinates": [[[[117.7627512580001, 1.272202378000031], [117.76275269000007, 1.267739751000022], [117.76145348800003, 1.267940363000037], [117.7608340050001, 1.268000621000056], [117.76030819100004, 1.268085609000025], [117.76047249700002, 1.268952580000075], [117.76049052000008, 1.270361644000047], [117.76049793200002, 1.271237006000035], [117.760464436, 1.272061836000034], [117.760908405, 1.272581943000034], [117.76105000400003, 1.272610277000069], [117.7627512580001, 1.272202378000031]]], [[[117.7626843920001, 1.27455287500004], [117.76270720800005, 1.272367573000054], [117.76103987500005, 1.27266112600006], [117.76086689600004, 1.272629841000025], [117.76047474200004, 1.27214747000005], [117.76045243500005, 1.274648060000061], [117.76067954500002, 1.276901683000062], [117.76125465400003, 1.276813882000056], [117.76187008400007, 1.276702470000032], [117.7627435180001, 1.276641276000021], [117.7626843920001, 1.27455287500004]]]]}},
{"type": "Feature", "properties": {"ba_code": "4321", "blockid": "4321G14P07", "division": "01"}, "geometry": {"type": "MultiPolygon", "coordinates": [[[[117.75768349900011, 1.268155404000026], [117.75582597000005, 1.268229134000023], [117.75562195900011, 1.268263390000072], [117.75535054600005, 1.26834145600003], [117.75449031100004, 1.268289639000045], [117.75419637100003, 1.268050927000047], [117.75427854400004, 1.268427346000067], [117.75431681300006, 1.268674219000047], [117.75482283000008, 1.269102881000038], [117.75495919200011, 1.269186228000024], [117.7561360300001, 1.27062932900003], [117.75641769800006, 1.271361028000058], [117.75628848800011, 1.271549170000071], [117.75640341600001, 1.271610202000033], [117.75660337900001, 1.27156373300005], [117.75682108300009, 1.271545566000043], [117.75685232700005, 1.271429606000027], [117.7570515650001, 1.271465677000037], [117.75718097800006, 1.271739526000033], [117.75725722800007, 1.271839888000045], [117.75738455600003, 1.271848470000066], [117.757494715, 1.271803264000027], [117.75760312400007, 1.271811395000043], [117.75777937600003, 1.27182450600003], [117.75781165600006, 1.271763915000065], [117.7578327540001, 1.271602810000047], [117.75777996200009, 1.27072701000003], [117.75768349900011, 1.268155404000026]]]]}},
{"type": "Feature", "properties": {"ba_code": "4321", "blockid": "4321G15P07", "division": "01"}, "geometry": {"type": "MultiPolygon", "coordinates": [[[[117.75879289600005, 1.271699702000035], [117.75940873900004, 1.271779622000054], [117.75935575800008, 1.272102559000075], [117.75915862200009, 1.272176390000027], [117.75914074100001, 1.272437325000055], [117.75930654900003, 1.272452613000041], [117.75935580100008, 1.272635681000054], [117.7595947960001, 1.272579050000047], [117.75951026300004, 1.272926865000045], [117.75936202200012, 1.27306203400002], [117.75926786700006, 1.273617690000037], [117.75884331100008, 1.273871298000074], [117.75895324600003, 1.274132689000055], [117.75893368600009, 1.274247847000026], [117.75920942200003, 1.274693575000072], [117.75938941600009, 1.274734746000036], [117.76041389600005, 1.274650554000061], [117.7604252000001, 1.27208906200002], [117.76041562600005, 1.272010235000039], [117.76045542800011, 1.271223056000053], [117.76044965300002, 1.270358155000054], [117.76042780600005, 1.268966721000027], [117.760237286, 1.26807554200002], [117.75944050800001, 1.268140688000074], [117.75775435600008, 1.268168589000027], [117.75789043000009, 1.270950167000024], [117.7587234340001, 1.271049977000075], [117.75899763000007, 1.271420280000029], [117.75884964500005, 1.271490388000075], [117.75879289600005, 1.271699702000035]]]]}},
{"type": "Feature", "properties": {"ba_code": "4321", "blockid": "4321G21P06", "division": "01"}, "geometry": {"type": "MultiPolygon", "coordinates": [[[[117.77613192700005, 1.26769983600002], [117.77527194000004, 1.26771229600007], [117.77379154200003, 1.267738752000071], [117.77385267800003, 1.272210184000073], [117.77381530700006, 1.272521139000048], [117.77387611100005, 1.272748159000059], [117.77387719900003, 1.273415886000066], [117.77393622400007, 1.276647033000074], [117.77530702100012, 1.276618269000039], [117.77623424800004, 1.276632303000042], [117.77623829900006, 1.274680613000044], [117.77627458000006, 1.271830644000033], [117.77613192700005, 1.26769983600002]]]]}},
{"type": "Feature", "properties": {"ba_code": "4321", "blockid": "4321H19P06", "division": "01"}, "geometry": {"type": "MultiPolygon", "coordinates": [[[[117.76815434200012, 1.263866522000058], [117.76827976700008, 1.267691982000031], [117.77105899800006, 1.267700797000032], [117.77111262900007, 1.267015135000065], [117.7708931730001, 1.261847461000059], [117.77070621700011, 1.261886643000025], [117.77029710400006, 1.26211954300004], [117.77029366400006, 1.262121232000027], [117.77028598800007, 1.262123339000027], [117.769844884, 1.262185628000054], [117.7695802940001, 1.262391928000056], [117.76932293000004, 1.263134008000065], [117.76932248600008, 1.263134720000039], [117.76932229700003, 1.263135681000051], [117.76931548000005, 1.263145955000027], [117.76931108400004, 1.26314964200003], [117.7689067020001, 1.263430202000052], [117.76890520200004, 1.263431023000066], [117.76890430200001, 1.263431712000056], [117.76841003900006, 1.263712299000076], [117.76840663100006, 1.263713969000037], [117.76840553300008, 1.263714189000041], [117.76840473700008, 1.263714689000039], [117.76815434200012, 1.263866522000058]]], [[[117.77077204600005, 1.258871533000047], [117.76989603800007, 1.258924638000053], [117.76852362400007, 1.258986454000024], [117.76795145400001, 1.25904515000002], [117.76815103400008, 1.263776254000049], [117.76838167000005, 1.263655700000072], [117.76887215900001, 1.263377255000023], [117.76926691500012, 1.263103373000035], [117.7695239630001, 1.262362205000045], [117.76952440700006, 1.262361493000071], [117.76952459600011, 1.262360532000059], [117.7695314130001, 1.262350258000026], [117.76953439800002, 1.262347609000074], [117.76981296500003, 1.262130412000033], [117.76982018400008, 1.262126193000029], [117.76982786000008, 1.262124087000075], [117.77027133000001, 1.262061463000066], [117.77067951300012, 1.261829093000074], [117.770682953, 1.26182740400003], [117.77068858700011, 1.261825655000052], [117.77089045100001, 1.261783348000051], [117.77076852500011, 1.258912208000027], [117.77077204600005, 1.258871533000047]]]]}},
{"type": "Feature", "properties": {"ba_code": "4321", "blockid": "4321G23P06", "division": "01"}, "geometry": {"type": "MultiPolygon", "coordinates": [[[[117.7813793040001, 1.276689317000034], [117.78194195800006, 1.276694685000052], [117.78194027600011, 1.276636242000052], [117.78191721300004, 1.275723854000034], [117.78196053700003, 1.275449986000069], [117.7819744090001, 1.274845863000053], [117.78192483100008, 1.274529987000051], [117.781914303, 1.273738003000062], [117.78184696900007, 1.273195052000062], [117.7818287340001, 1.270849920000046], [117.78181796700005, 1.267638988000044], [117.77923108200002, 1.267706789000044], [117.7792202920001, 1.26898128800002], [117.77923720800004, 1.270061394000038], [117.77927152000007, 1.271224935000021], [117.7793788670001, 1.273981436000042], [117.77942087600002, 1.274212944000055], [117.77941259400006, 1.275028166000027], [117.7793766740001, 1.275304240000025], [117.77947153200012, 1.276065767000034], [117.77939731400011, 1.276647610000055], [117.7813793040001, 1.276689317000034]]]]}},
{"type": "Feature", "properties": {"ba_code": "4321", "blockid": "4321H23P06", "division": "01"}, "geometry": {"type": "MultiPolygon", "coordinates": [[[[117.77911008, 1.264356354000029], [117.77923250200001, 1.267640605000054], [117.78179906800005, 1.267570435000039], [117.78173110500006, 1.261332413000048], [117.78172314100004, 1.26097003700005], [117.7816971200001, 1.260913336000044], [117.7815667750001, 1.260790964000023], [117.7815664740001, 1.260790529000076], [117.78156599500005, 1.260790206000024], [117.78156373200011, 1.26078767100006], [117.78127364300008, 1.260425140000052], [117.78096547100006, 1.260347696000053], [117.78047644800006, 1.260392590000038], [117.78047453900001, 1.260392677000027], [117.78047438400006, 1.260392710000076], [117.77946782400011, 1.260418282000046], [117.7794671900001, 1.260418164000043], [117.77946654100003, 1.260418289000029], [117.77906552900004, 1.26041200800006], [117.77911008, 1.264356354000029]]], [[[117.78172047400005, 1.260848665000026], [117.7817192340001, 1.260792209000044], [117.78174296000009, 1.258769341000061], [117.77937083800009, 1.258775910000054], [117.77904741500004, 1.258808204000047], [117.7790648140001, 1.260348664000048], [117.77946687800011, 1.260354961000075], [117.78047176300004, 1.260329432000049], [117.78096506300005, 1.260284145000071], [117.78096791100006, 1.260284014000035], [117.78097554100009, 1.260284957000067], [117.78129913600003, 1.260366278000049], [117.78130354500001, 1.260367741000039], [117.78131375300006, 1.260374601000024], [117.781316016, 1.260377137000035], [117.78161132800005, 1.260746195000024], [117.78172047400005, 1.260848665000026]]]]}},
{"type": "Feature", "properties": {"ba_code": "4321", "blockid": "4321G32P07", "division": "02"}, "geometry": {"type": "MultiPolygon", "coordinates": [[[[117.80402157100002, 1.267290367000044], [117.80417079800009, 1.270827350000047], [117.80677949000005, 1.271222401000045], [117.80680541000004, 1.267208810000056], [117.80402157100002, 1.267290367000044]]]]}},
{"type": "Feature", "properties": {"ba_code": "4321", "blockid": "4321I33P06", "division": "02"}, "geometry": {"type": "MultiPolygon", "coordinates": [[[[117.80885861600007, 1.258403804000068], [117.80885713000009, 1.258396728000037], [117.80884616700007, 1.258325217000049], [117.80884159200002, 1.258303215000069], [117.80872218400009, 1.25772893900006], [117.80870419900009, 1.257701806000057], [117.80868619300009, 1.25760230100002], [117.80869512800007, 1.257430418000069], [117.8086591120001, 1.25722236200005], [117.80865010100001, 1.257149994000031], [117.80864109400011, 1.25708667300006], [117.80862307900009, 1.256960029000027], [117.80861408500004, 1.256941939000058], [117.8085331630001, 1.256842454000036], [117.80849718900004, 1.256770095000036], [117.8084971830001, 1.256752002000042], [117.80842524900004, 1.256652514000052], [117.80834433400003, 1.256580169000074], [117.80824543900007, 1.256489736000049], [117.8082184640001, 1.256453559000022], [117.8081465460001, 1.256408349000026], [117.80812855600004, 1.256363123000028], [117.80811057400001, 1.256345036000027], [117.8080656200001, 1.256299818000059], [117.80800267100005, 1.256191281000042], [117.8079307370001, 1.256091794000042], [117.80791274900002, 1.256055614000047], [117.80786776500008, 1.255910886000038], [117.80784077900012, 1.255838523000023], [117.80777781600011, 1.255684755000061], [117.80772384300008, 1.25554003000002], [117.80768786600004, 1.255458624000028], [117.80768786100009, 1.255440531000033], [117.80764287600005, 1.255295803000024], [117.80763388800005, 1.255295806000049], [117.80757992400004, 1.255178220000062], [117.807552944, 1.255123950000041], [117.8074989910001, 1.255042549000052], [117.80746300800001, 1.254943051000055], [117.80744501000004, 1.254870685000071], [117.80738205500006, 1.25474405600005], [117.80734609000001, 1.254698835000056], [117.807301144, 1.254680756000027], [117.80721123100011, 1.254572228000029], [117.80713930500008, 1.254499879000036], [117.80708536000009, 1.254445618000034], [117.8070494000001, 1.254418490000035], [117.80702242500001, 1.254382313000065], [117.80701341800011, 1.254318991000048], [117.806959473, 1.254264729000056], [117.80688754100004, 1.254174288000058], [117.80685157300002, 1.254120021000062], [117.80683358300007, 1.254074795000065], [117.80673472600006, 1.25411101100002], [117.80671665400007, 1.25412534000003], [117.80671665200009, 1.254131077000068], [117.80671477700002, 1.25438071700006], [117.80681447200004, 1.258433790000026], [117.80885861600007, 1.258403804000068]]]]}},
{"type": "Feature", "properties": {"ba_code": "4321", "blockid": "4321J38P08", "division": "03"}, "geometry": {"type": "MultiPolygon", "coordinates": [[[[117.82045978700012, 1.240097371000047], [117.8204724520001, 1.249018973000034], [117.8231545640001, 1.248489714000073], [117.82310979500005, 1.240056514000059], [117.82045978700012, 1.240097371000047]]]]}},
{"type": "Feature", "properties": {"ba_code": "4321", "blockid": "4321L39P08", "division": "03"}, "geometry": {"type": "MultiPolygon", "coordinates": [[[[117.82474991800007, 1.222029433000046], [117.82306963200006, 1.222062832000063], [117.82314087300006, 1.23097369900006], [117.82576457200003, 1.23095950000004], [117.82574027900012, 1.228332013000056], [117.82570377900004, 1.225364851000052], [117.82573523500002, 1.225327754000034], [117.82542414800002, 1.224958461000028], [117.82499305800002, 1.224015121000036], [117.82491542200012, 1.223651300000029], [117.82492358000002, 1.223337772000036], [117.82484435700007, 1.222340802000076], [117.82474372700005, 1.222030140000072], [117.82474991800007, 1.222029433000046]]]]}},
{"type": "Feature", "properties": {"ba_code": "4321", "blockid": "4321K32P07", "division": "03"}, "geometry": {"type": "MultiPolygon", "coordinates": [[[[117.8039212540001, 1.240294592000055], [117.8065836610001, 1.240178425000067], [117.8065556030001, 1.239215430000058], [117.8065400050001, 1.236125326000035], [117.80652158500004, 1.23123689800002], [117.80544503500005, 1.231224877000045], [117.80527462000009, 1.231524925000031], [117.804616828, 1.232491866000032], [117.80458154200005, 1.232919108000033], [117.80427837200011, 1.23349853600007], [117.80386356400004, 1.234084394000035], [117.80382558300005, 1.234190274000071], [117.80386216800002, 1.235893207000061], [117.80397742200012, 1.238813667000045], [117.8039212540001, 1.240294592000055]]]]}},
{"type": "Feature", "properties": {"ba_code": "4321", "blockid": "4321D20P08", "division": "04"}, "geometry": {"type": "MultiPolygon", "coordinates": [[[[117.77131243800011, 1.295927972000072], [117.77113039700009, 1.296123499000032], [117.77105139200012, 1.296268316000067], [117.77093936900008, 1.296593319000067], [117.77094104700006, 1.296623978000071], [117.77402615200003, 1.296572318000074], [117.7740238670001, 1.296507328000075], [117.77401976300007, 1.296434713000053], [117.7739270830001, 1.294335667000041], [117.7713645880001, 1.294229408000035], [117.77131243800011, 1.295927972000072]]]]}},
{"type": "Feature", "properties": {"ba_code": "4321", "blockid": "4321F27P08", "division": "04"}, "geometry": {"type": "MultiPolygon", "coordinates": [[[[117.79298802200003, 1.276649242000076], [117.79120986600003, 1.276673407000033], [117.79021942600002, 1.276688648000061], [117.79051519500001, 1.285781114000031], [117.79167806800001, 1.285796330000039], [117.7932095750001, 1.285769062000043], [117.79309267500003, 1.28171281300007], [117.79298802200003, 1.276649242000076]]]]}},
{"type": "Feature", "properties": {"ba_code": "4321", "blockid": "4321E26P07", "division": "04"}, "geometry": {"type": "MultiPolygon", "coordinates": [[[[117.79043252800011, 1.285868268000058], [117.78956599300011, 1.285869583000022], [117.78766575600002, 1.28588411000004], [117.7878836640001, 1.28978384100003], [117.78783957200005, 1.293833601000074], [117.78899746400009, 1.293765484000062], [117.78967659200009, 1.29370641600002], [117.79058191100012, 1.293695497000044], [117.79058591800003, 1.293169222000074], [117.79043252800011, 1.285868268000058]]]]}},
{"type": "Feature", "properties": {"ba_code": "4321", "blockid": "4321I27P07", "division": "05"}, "geometry": {"type": "MultiPolygon", "coordinates": [[[[117.79272918400011, 1.258731475000047], [117.79291256600004, 1.258728925000071], [117.79294849400003, 1.258647496000037], [117.7929484440001, 1.258484661000068], [117.792966352, 1.258258496000053], [117.79300224200006, 1.258050418000039], [117.79292909700007, 1.25393432900006], [117.79296464900006, 1.25260449700005], [117.79291961900003, 1.252305980000074], [117.79292855800009, 1.252143142000023], [117.79290153400007, 1.251944129000037], [117.79286549000005, 1.251636563000034], [117.792901056, 1.250351963000071], [117.79289190300005, 1.249800136000033], [117.79284693800003, 1.249718732000076], [117.79136392800001, 1.249755367000034], [117.79018650700004, 1.249782863000064], [117.79009663700003, 1.249819076000051], [117.79007887800003, 1.250542794000069], [117.79007042600006, 1.252333985000064], [117.79007072700006, 1.253338136000025], [117.79008882700009, 1.253754265000055], [117.79011579100006, 1.253754257000026], [117.79012523800009, 1.255283096000028], [117.7900892890001, 1.255292154000074], [117.7900268940001, 1.257029082000031], [117.79007234000005, 1.258711700000049], [117.79010829800006, 1.258729782000046], [117.79041389100007, 1.258729688000074], [117.79144750500006, 1.258693187000063], [117.79163624000012, 1.258647898000049], [117.79215293400011, 1.25872421400004], [117.79222470200011, 1.258730052000033], [117.79229539200003, 1.258733773000074], [117.79237066200005, 1.258735010000066], [117.79245112400008, 1.258732137000038], [117.7924512840001, 1.258732166000073], [117.79245147100005, 1.258732126000041], [117.79253658200003, 1.258729823000067], [117.79253696, 1.258729893000066], [117.7925373710001, 1.258729809000044], [117.79262263100009, 1.258729176000031], [117.79262293500005, 1.258729236000022], [117.79262323800003, 1.258729176000031], [117.79270981000002, 1.258729842000037], [117.79270989500003, 1.258729860000074], [117.792713165, 1.258730009000033], [117.79272918400011, 1.258731475000047]]]]}},
{"type": "Feature", "properties": {"ba_code": "4321", "blockid": "4321J26P07", "division": "05"}, "geometry": {"type": "MultiPolygon", "coordinates": [[[[117.789886625, 1.23876443100005], [117.78985065200004, 1.23869207100006], [117.78977874000009, 1.238664953000068], [117.78963492100002, 1.238628811000069], [117.78931129000011, 1.238411794000058], [117.78919442800009, 1.238348504000044], [117.78905062000001, 1.238348547000044], [117.78866412700006, 1.238312477000022], [117.78848436200008, 1.238294438000025], [117.78802598000004, 1.238312668000049], [117.78787317100011, 1.238267482000026], [117.78774733400007, 1.238249427000028], [117.7876484740001, 1.238276596000048], [117.78755860500007, 1.238312808000046], [117.78746873400007, 1.238339974000041], [117.78733393000005, 1.238394293000056], [117.78722608500004, 1.238430511000047], [117.7871811660001, 1.238502896000057], [117.78715421800007, 1.238557182000022], [117.78713626400008, 1.23862955900006], [117.7871999890001, 1.241370603000064], [117.78724587500005, 1.244563973000027], [117.78728263800008, 1.247295978000068], [117.787319077, 1.248933367000063], [117.7872921290001, 1.248987654000075], [117.7873552850001, 1.249792765000052], [117.78747697100005, 1.249751322000066], [117.787772872, 1.249773835000042], [117.78791420400012, 1.24977089500004], [117.78819954000005, 1.249769717000049], [117.78829068200002, 1.249757724000062], [117.78909894900005, 1.249756053000056], [117.79004268000006, 1.249719582000068], [117.79002451200006, 1.249077293000028], [117.78998797700001, 1.247123280000039], [117.789952, 1.247041873000057], [117.78989584100009, 1.239533373000029], [117.789886625, 1.23876443100005]]]]}},
{"type": "Feature", "properties": {"ba_code": "4321", "blockid": "4321I25P07", "division": "05"}, "geometry": {"type": "MultiPolygon", "coordinates": [[[[117.78454836100002, 1.258620196000038], [117.784563509, 1.258617094000044], [117.7846584560001, 1.258616287000052], [117.78465932000006, 1.258616456000027], [117.78466012900003, 1.258616308000057], [117.78477156300005, 1.258620002000043], [117.78485542900012, 1.258622734000028], [117.78493905500011, 1.258624507000036], [117.7850267010001, 1.258624680000025], [117.78511816200012, 1.258624833000056], [117.78511844500008, 1.258624890000021], [117.78511871700005, 1.25862483800006], [117.785212526, 1.258626291000041], [117.78521257700004, 1.258626302000039], [117.78521262400011, 1.25862629300002], [117.78530521500011, 1.258627954000076], [117.78530532100001, 1.258627976000071], [117.78530541700002, 1.258627958000034], [117.7853994190001, 1.258630117000052], [117.78539970600002, 1.258630177000043], [117.78539995400001, 1.258630132000064], [117.78550042800009, 1.258633779000036], [117.785601745, 1.258636298000056], [117.7857031210001, 1.258638676000032], [117.78579713200008, 1.258640796000066], [117.78588858400008, 1.258642368000039], [117.78597931900003, 1.258643348000021], [117.78597984700002, 1.258643456000073], [117.78598031600006, 1.258643371000062], [117.78606901500007, 1.258646530000021], [117.78606907800008, 1.258646544000044], [117.7860691300001, 1.258646534000036], [117.78615817100001, 1.258649960000071], [117.78626787900009, 1.25865367900002], [117.7863667260001, 1.25865697100005], [117.78646218300003, 1.25865811400007], [117.78646228600007, 1.258658135000076], [117.78646238200008, 1.258658117000039], [117.78655783600004, 1.258659733000059], [117.78655795700001, 1.258659758000022], [117.7865580670001, 1.258659737000073], [117.78665403100001, 1.258661915000062], [117.7867400780001, 1.258663487000035], [117.78674105100004, 1.258663691000038], [117.7867418400001, 1.258663558000023], [117.787073372, 1.258684192000032], [117.78715451100004, 1.258688251000024], [117.7872273380001, 1.258691405000036], [117.7872275630001, 1.258691455000076], [117.78722917300001, 1.258691526000064], [117.78724968200004, 1.258693357000027], [117.78728604100002, 1.258694455000068], [117.7873399670001, 1.258685392000075], [117.78734894700005, 1.258658250000053], [117.78737569100008, 1.257925483000065], [117.78734857200004, 1.25740984600003], [117.7873126070001, 1.257364624000047], [117.78727585600006, 1.254695944000048], [117.78724771400005, 1.25075171800006], [117.78726568500008, 1.250733619000073], [117.78725643000007, 1.249838027000067], [117.78712161500005, 1.249856161000025], [117.78632168700005, 1.249874495000029], [117.7852341470001, 1.249911008000026], [117.78519820600002, 1.249947204000023], [117.78430839200007, 1.249947472000031], [117.78438996600005, 1.252245238000057], [117.78438098900006, 1.252281426000025], [117.7843812100001, 1.253023232000032], [117.78440845400007, 1.253964051000025], [117.78441763300009, 1.254606344000024], [117.78443562000007, 1.254642524000076], [117.78447240000003, 1.25741976300003], [117.78445443500004, 1.257455955000069], [117.78449024500003, 1.258616001000064], [117.78454836100002, 1.258620196000038]]]]}},
{"type": "Feature", "properties": {"ba_code": "4321", "blockid": "4321I23P07", "division": "05"}, "geometry": {"type": "MultiPolygon", "coordinates": [[[[117.77887063600008, 1.249958147000029], [117.77888888200005, 1.25087183100004], [117.77896107100003, 1.251839778000033], [117.77903323200007, 1.252708213000062], [117.779052911, 1.258724804000053], [117.779163175, 1.258712971000023], [117.77916482800003, 1.258712883000044], [117.77916514900005, 1.258712809000031], [117.77945344600005, 1.258696177000047], [117.77945465500011, 1.258696383000029], [117.77945603500007, 1.258696112000052], [117.77978239600009, 1.25869834100007], [117.78015077400005, 1.258694655000056], [117.78015105800011, 1.258694710000043], [117.78015134500004, 1.25869465300002], [117.78048558800003, 1.258696058000055], [117.78048564700009, 1.258696070000042], [117.78048570400006, 1.258696058000055], [117.78079972300009, 1.258698287000072], [117.78106714000012, 1.258699264000029], [117.78126528400003, 1.258695616000068], [117.78135516500004, 1.258693072000028], [117.78135639200002, 1.258692879000023], [117.78135969700008, 1.258692151000048], [117.78148408100003, 1.258687417000033], [117.78148440200005, 1.258687475000045], [117.78148477400009, 1.258687397000074], [117.78168773200002, 1.258683176000034], [117.78171326900008, 1.258682318000069], [117.7816582480001, 1.254417200000034], [117.78158591700003, 1.252978841000072], [117.78145915200002, 1.249830723000059], [117.77950875500005, 1.249849400000073], [117.77945481600011, 1.249813230000029], [117.77890656200009, 1.24986767200005], [117.77887063600008, 1.249958147000029]]]]}},
{"type": "Feature", "properties": {"ba_code": "4321", "blockid": "4321I21P07", "division": "05"}, "geometry": {"type": "MultiPolygon", "coordinates": [[[[117.7741267670001, 1.248983704000068], [117.77412466700002, 1.24899159000006], [117.77342370500003, 1.249353656000039], [117.77317209300008, 1.249534659000062], [117.77316352800005, 1.250982092000072], [117.77316393100011, 1.252357151000069], [117.77320950600006, 1.254519237000068], [117.77329151800006, 1.258327765000047], [117.77330062900012, 1.258743898000034], [117.77336355900002, 1.258789112000045], [117.77348563500004, 1.25879666000003], [117.77367814900003, 1.258790470000065], [117.77367852600003, 1.258790539000074], [117.77367894600002, 1.258790452000028], [117.7739651280001, 1.258786931000031], [117.77396530200008, 1.25878696500007], [117.7739654830001, 1.258786928000063], [117.77425479800002, 1.258785929000055], [117.77425497900003, 1.258785965000072], [117.77425516000005, 1.258785930000045], [117.77460067200002, 1.258787854000047], [117.77489480300005, 1.258785514000067], [117.77489573200012, 1.258785696000075], [117.7748965940001, 1.25878553900003], [117.7751665610001, 1.258795424000027], [117.7751667230001, 1.258795459000055], [117.77516685500007, 1.258795436000071], [117.7753900670001, 1.258805248000044], [117.77558693700007, 1.258805284000061], [117.77579660900005, 1.258797263000019], [117.77579771500007, 1.258797463000064], [117.77579887900004, 1.258797241000025], [117.77598915100009, 1.258800716000053], [117.77598933000002, 1.25880075300006], [117.77598949000003, 1.258800724000025], [117.7761567550001, 1.258805193000057], [117.77615690900006, 1.258805156000051], [117.77616784300005, 1.258804318000045], [117.77616753900008, 1.257775073000062], [117.77612249700007, 1.257431322000059], [117.77611319900006, 1.256381938000061], [117.77604117100009, 1.255965823000054], [117.77607679000005, 1.254835008000043], [117.77604982100002, 1.254816924000068], [117.77606713400007, 1.25256435600005], [117.77609409000002, 1.252537209000025], [117.77605761100006, 1.250746025000069], [117.77595972000006, 1.249810975000059], [117.77590453000005, 1.24977810200005], [117.775715794, 1.249823390000074], [117.7755180580001, 1.249823449000075], [117.77541020600006, 1.249841574000072], [117.775257441, 1.249950177000073], [117.77522152100005, 1.250058745000047], [117.7751496090001, 1.250031627000055], [117.77485289200001, 1.249651764000021], [117.77466408500004, 1.249452799000039], [117.77457416700008, 1.249326175000022], [117.77457414900005, 1.249262850000036], [117.77440333900006, 1.249136251000039], [117.7741267670001, 1.248983704000068]]]]}},
{"type": "Feature", "properties": {"ba_code": "4321", "blockid": "4321E16P13", "division": "06"}, "geometry": {"type": "MultiPolygon", "coordinates": [[[[117.7632797650001, 1.294137028000023], [117.76326498000003, 1.289497408000045], [117.7632694350001, 1.289495972000054], [117.76326218300005, 1.287804751000067], [117.76319758800003, 1.287849361000042], [117.762748353, 1.288437516000045], [117.76242490700008, 1.288871844000028], [117.7618228450001, 1.289369580000027], [117.76168808600005, 1.289586736000047], [117.76160724300007, 1.289758643000027], [117.7614634460001, 1.289803919000065], [117.76134661200001, 1.289849186000026], [117.761148853, 1.289785921000032], [117.76098547000004, 1.289703761000055], [117.76097775100004, 1.289708355000073], [117.7607982830001, 1.289686515000028], [117.76041180900006, 1.289749957000026], [117.76039021800011, 1.289740087000041], [117.76039491800009, 1.292016087000036], [117.7605203390001, 1.292011540000033], [117.76065517900008, 1.29206577900004], [117.76077200700001, 1.292002418000038], [117.76087986800007, 1.292011432000038], [117.76107759500007, 1.291966140000056], [117.76129338300007, 1.292201283000054], [117.76127546500004, 1.292400311000051], [117.7612215900001, 1.292581256000062], [117.76087102800011, 1.292508990000044], [117.76070023800003, 1.292463810000072], [117.760628354, 1.292536203000054], [117.7607542290001, 1.29267186200002], [117.76079026800005, 1.292961338000055], [117.76101502800009, 1.293142200000034], [117.76111396300007, 1.293359285000065], [117.76096118200007, 1.293422656000075], [117.76084437800012, 1.293567435000057], [117.76082649600005, 1.293884067000022], [117.760853526, 1.294101174000048], [117.760883497, 1.294127842000023], [117.76287422400003, 1.294127240000023], [117.7628712390001, 1.294137265000074], [117.7632797650001, 1.294137028000023]], [[117.76181551400009, 1.290431771000044], [117.761928742, 1.290383421000058], [117.76196396600005, 1.290430125000057], [117.76208881100001, 1.290467136000075], [117.7620920170001, 1.29048324300004], [117.76210484100011, 1.290552504000061], [117.76211607300002, 1.290649150000036], [117.76194324700009, 1.290723299000035], [117.76180082000008, 1.290763613000024], [117.76173520300006, 1.290768465000042], [117.76161195500003, 1.290723399000058], [117.76157354500003, 1.290723411000045], [117.7615267540001, 1.290640536000069], [117.76152067900011, 1.290552680000076], [117.76156547100004, 1.290481791000047], [117.76163108600008, 1.290472106000038], [117.76181551400009, 1.290431771000044]]]]}},
{"type": "Feature", "properties": {"ba_code": "4321", "blockid": "4321D11P13", "division": "06"}, "geometry": {"type": "MultiPolygon", "coordinates": [[[[117.74733835100005, 1.30478912500007], [117.74748213700002, 1.304698617000042], [117.74772479700005, 1.304617126000039], [117.7479494590001, 1.304463269000053], [117.74832691600011, 1.304291273000047], [117.74841675100004, 1.304128409000043], [117.74870429100008, 1.303838835000022], [117.74875723800005, 1.303812170000072], [117.748756092, 1.299926052000046], [117.74863813700006, 1.299970266000059], [117.74861877700005, 1.300145377000035], [117.74868526500006, 1.300283570000033], [117.74860437100006, 1.300283594000064], [117.7483963950001, 1.300348903000042], [117.74828566600002, 1.300383674000045], [117.74824234400012, 1.300441185000068], [117.74823051800001, 1.300419379000061], [117.7482265540001, 1.300338089000036], [117.7482417870001, 1.300236597000037], [117.74818512600007, 1.300248724000028], [117.74811228100009, 1.300284590000047], [117.74798029700003, 1.300292560000059], [117.74793497700011, 1.300254902000063], [117.74792708100006, 1.300199389000056], [117.74795627200001, 1.300141766000024], [117.74785828800009, 1.300093841000034], [117.74779534900006, 1.300021487000038], [117.74786721800001, 1.299894815000073], [117.74805591800009, 1.299713829000041], [117.7479480290001, 1.29961435000007], [117.74784916400006, 1.299632472000042], [117.7477365090001, 1.299599631000035], [117.7476895640001, 1.299675279000041], [117.74773235600003, 1.299768204000031], [117.74768028400001, 1.30006290700004], [117.74763364500006, 1.300311023000063], [117.74722023700008, 1.300492076000069], [117.74699549000002, 1.300356446000023], [117.74681556500002, 1.299813710000024], [117.74673457000006, 1.29946996700005], [117.74660870700006, 1.299379540000075], [117.74651885700007, 1.29948812400005], [117.74639308700011, 1.299714324000036], [117.74555723300011, 1.299904549000075], [117.7455035050001, 1.300592099000028], [117.74576433000004, 1.301152904000048], [117.74562955100009, 1.301306735000026], [117.74558468900011, 1.301578143000029], [117.7456573290001, 1.301660454000057], [117.74563808200003, 1.302354333000039], [117.7455862380001, 1.302450108000073], [117.74560409900005, 1.302551797000035], [117.74548525700004, 1.302653528000064], [117.74543179700004, 1.302761221000026], [117.74541403800004, 1.303006491000076], [117.74543784100001, 1.303102197000044], [117.74555079000004, 1.303173948000051], [117.74563998200006, 1.30330552700002], [117.7456459870001, 1.30351489800006], [117.74561628700008, 1.303574727000068], [117.74559436900006, 1.303930229000059], [117.74563932600006, 1.303984495000066], [117.74564833900001, 1.30406591000002], [117.7456753140001, 1.304102088000036], [117.74568433400009, 1.304210644000023], [117.7455944730001, 1.304283042000066], [117.74558554600003, 1.304491114000029], [117.74559092200002, 1.304582635000031], [117.74566788400011, 1.304616185000043], [117.74575635000008, 1.304581528000028], [117.74581027700003, 1.304572466000025], [117.74592758400001, 1.304291038000031], [117.74595399100008, 1.304237703000069], [117.74601041500011, 1.304291014000057], [117.74611585500008, 1.304490956000052], [117.74627771400003, 1.30472611700003], [117.74631367500001, 1.304753245000029], [117.74657433300001, 1.304744121000056], [117.7466192820001, 1.304771247000076], [117.74674512100012, 1.304780256000072], [117.74688895200006, 1.304843539000046], [117.74721252000006, 1.304807256000061], [117.74733835100005, 1.30478912500007]]], [[[117.74670726000011, 1.298293931000046], [117.74681511100005, 1.298266760000047], [117.74705780200009, 1.298293827000066], [117.74721957300005, 1.298230453000031], [117.74742627600006, 1.298139927000022], [117.74753412500002, 1.298103709000031], [117.7477228680001, 1.298067467000067], [117.74787559900005, 1.297832213000049], [117.74800139500007, 1.297696478000034], [117.74822607300007, 1.297596899000041], [117.74829797600012, 1.297587832000033], [117.7485226770001, 1.297569672000066], [117.7484957470001, 1.297687284000062], [117.74832503900006, 1.297922544000073], [117.74846890700007, 1.298112477000075], [117.74864870700003, 1.298230028000035], [117.74875205600006, 1.298249259000045], [117.74875118800003, 1.295295832000022], [117.74863890000006, 1.295443712000065], [117.7487018710001, 1.295624623000037], [117.74871989300004, 1.295778408000047], [117.74869298400006, 1.29596839200002], [117.74858512000003, 1.295950331000029], [117.74851318700007, 1.295859888000052], [117.74841432900007, 1.295905150000067], [117.74827054400009, 1.295995657000049], [117.74818968400007, 1.296113286000036], [117.74808184900007, 1.296194736000075], [117.74800097800005, 1.296276179000074], [117.74785715300004, 1.296230989000037], [117.74765939000008, 1.296158676000061], [117.74747959800004, 1.296068264000041], [117.74732681400008, 1.296122589000049], [117.747362801, 1.29624018200002], [117.74722799800008, 1.296312594000028], [117.74710214900006, 1.296267399000044], [117.7470212290001, 1.296176958000046], [117.74689537200004, 1.296104624000066], [117.7468324460001, 1.296077503000049], [117.74667961900002, 1.295987083000057], [117.746625676, 1.295941867000067], [117.74649082300004, 1.295842395000022], [117.74645483000006, 1.295706709000058], [117.7464458070001, 1.295589107000069], [117.74641880000001, 1.295444371000031], [117.74641874200006, 1.295245348000037], [117.7462389640001, 1.295200169000054], [117.74613109900008, 1.295182108000063], [117.74605017600004, 1.295082620000073], [117.74589739100009, 1.295136945000024], [117.74572662000003, 1.295155088000058], [117.74552887800007, 1.29515514700006], [117.74557391400003, 1.295480807000047], [117.74559196700011, 1.295743150000021], [117.74559203600006, 1.29597835900006], [117.74558655900012, 1.296267661000059], [117.745610166, 1.296503051000059], [117.74560123900005, 1.296711123000023], [117.74566420400004, 1.296873941000058], [117.7457271510001, 1.296973434000051], [117.74568225200005, 1.297118191000038], [117.74564634700005, 1.29728103900004], [117.74565537800004, 1.297425780000026], [117.74568241100008, 1.297660981000035], [117.74569143100007, 1.297769536000033], [117.74571849200004, 1.29809520200007], [117.74588027300001, 1.298068014000023], [117.74605103400006, 1.298013685000058], [117.74609590600005, 1.297778463000043], [117.74617681100005, 1.297814624000068], [117.74630273200012, 1.298104075000026], [117.74638366400006, 1.298230702000069], [117.74651852700003, 1.298366359000056], [117.74667133100002, 1.298375360000023], [117.74670726000011, 1.298293931000046]]]]}},
{"type": "Feature", "properties": {"ba_code": "4321", "blockid": "4321D17P13", "division": "06"}, "geometry": {"type": "MultiPolygon", "coordinates": [[[[117.7668046770001, 1.299387272000047], [117.766949081, 1.299046461000046], [117.76694901300004, 1.298972197000069], [117.76694928600011, 1.298969041000021], [117.76695579400007, 1.298931936000031], [117.76695688600012, 1.298928163000028], [117.76695728100003, 1.298927567000021], [117.76695741500009, 1.298926995000045], [117.7670047900001, 1.298831559000064], [117.76700513700007, 1.298831075000066], [117.76700591100007, 1.298829613000066], [117.76705767700003, 1.298751411000069], [117.76706370000011, 1.298714970000049], [117.76688789500008, 1.298639201000071], [117.76688226300007, 1.298635366000042], [117.76687836500003, 1.298629498000025], [117.7668772400001, 1.298625549000064], [117.76685923100001, 1.298516997000036], [117.76685898500011, 1.298514022000063], [117.7668603510001, 1.298507098000073], [117.76686424600007, 1.298501227000031], [117.76696257300011, 1.29840220400007], [117.76711273600006, 1.298224288000029], [117.76719245800007, 1.298001191000026], [117.76719280200007, 1.298000644000069], [117.76719294400004, 1.297999971000024], [117.76722873500012, 1.297918854000045], [117.76724623100006, 1.297874792000073], [117.76728094900011, 1.297752348000074], [117.767272724, 1.297669815000063], [117.76720821600009, 1.29757249000005], [117.76693523800009, 1.297555402000057], [117.76686823700004, 1.297597578000023], [117.76686558900008, 1.297598951000055], [117.76685871000007, 1.297600331000069], [117.76685183000006, 1.297598956000058], [117.76684778900005, 1.297596613000053], [117.76669495400006, 1.297479056000043], [117.76669316200002, 1.297477478000076], [117.76658527000006, 1.297368953000046], [117.76658503700003, 1.297368602000063], [117.76658473000009, 1.297368386000073], [117.76648582700011, 1.297259859000064], [117.76648543200008, 1.29725923500007], [117.76648376800006, 1.297257116000026], [117.76641182600008, 1.297139534000053], [117.76641052700006, 1.297136976000047], [117.76640989900011, 1.297135192000042], [117.76633792000007, 1.296890960000042], [117.76633717800007, 1.296885820000057], [117.76633727300009, 1.296885339000028], [117.76633720000007, 1.296884916000067], [117.76635506700006, 1.296523053000044], [117.76635641200005, 1.296517032000054], [117.76635844500004, 1.296513362000042], [117.76647524300006, 1.296350490000066], [117.76647710500004, 1.296348289000036], [117.76648293500011, 1.296344366000028], [117.76648981400001, 1.29634298600007], [117.76649454400001, 1.296343622000052], [117.76658827300002, 1.296369320000053], [117.76682454400009, 1.296292804000075], [117.76686598800006, 1.29605880500003], [117.76673771800006, 1.29591257900006], [117.76655909400006, 1.295759859000043], [117.76642444700008, 1.295651511000074], [117.76642296500006, 1.295650177000027], [117.76642278200006, 1.295649901000047], [117.76642253500006, 1.295649728000058], [117.76629721100005, 1.295514665000042], [117.76614471000005, 1.295377417000054], [117.76610275300004, 1.29534548700002], [117.7661008880001, 1.29534385200003], [117.76609698900006, 1.295337984000071], [117.76609561900011, 1.295331060000024], [117.7660969850001, 1.295324136000033], [117.76609847100008, 1.295321275000049], [117.76614135000011, 1.295254097000054], [117.7661413720001, 1.295254070000055], [117.76614139000003, 1.295254035000028], [117.76617946300007, 1.295194920000029], [117.76620137900011, 1.295160234000036], [117.76623010600008, 1.295108458000072], [117.7662438110001, 1.29505167800005], [117.76630136500012, 1.29481351000004], [117.76630157300008, 1.294812868000065], [117.76630157900001, 1.294812828000033], [117.76619273500012, 1.294787087000032], [117.76609384900007, 1.294732838000073], [117.76602191600011, 1.294642395000039], [117.76601290300005, 1.294560980000028], [117.76597090400003, 1.294497614000022], [117.76597079500004, 1.294135925000035], [117.76523080100003, 1.294136034000076], [117.76510496300011, 1.294127026000069], [117.7649881110001, 1.294108969000035], [117.76491620500008, 1.294108990000041], [117.76479935000009, 1.294081886000072], [117.76471847200003, 1.294136190000074], [117.7632797650001, 1.294137028000023], [117.7628712390001, 1.294137265000074], [117.76287422400003, 1.294127240000023], [117.760883497, 1.294127842000023], [117.76108728100007, 1.294309172000055], [117.7613390030001, 1.294480978000024], [117.76146481900003, 1.294417615000043], [117.76167165100003, 1.294761318000042], [117.76165378000007, 1.295114136000052], [117.7616358680001, 1.295331256000054], [117.76177969100002, 1.295367399000042], [117.76195039400011, 1.29512309200004], [117.76242653000008, 1.294317813000021], [117.7626691690001, 1.294172997000032], [117.76271774500003, 1.294339042000047], [117.76266799100006, 1.294325401000037], [117.76263548100007, 1.29433943600003], [117.76260298700004, 1.294409572000063], [117.76259372800007, 1.29451242500005], [117.76266346400007, 1.294718106000062], [117.7627114180001, 1.294802987000025], [117.76265141700003, 1.294923858000061], [117.76261552900007, 1.295140984000057], [117.76260659700006, 1.295330962000037], [117.76248082100005, 1.295530023000026], [117.76260676200002, 1.295882797000047], [117.76258884000003, 1.296063731000061], [117.7624810320001, 1.29623564700006], [117.76257993000002, 1.296326081000075], [117.76273274100004, 1.296362221000038], [117.76277804000006, 1.296346564000032], [117.76299334500004, 1.296181213000068], [117.76303922000011, 1.296219625000049], [117.76313357300012, 1.296362263000049], [117.76327465600002, 1.296369584000047], [117.76327171700007, 1.296565862000023], [117.76336836200005, 1.296607675000075], [117.76342593000004, 1.296310246000075], [117.763381718, 1.296207288000062], [117.76331031200004, 1.29608160600003], [117.76324740200005, 1.295973137000033], [117.76324632100011, 1.295970945000022], [117.76324495100005, 1.295964021000032], [117.76324584300005, 1.295959498000059], [117.76324494800008, 1.295954975000029], [117.76324504600007, 1.295954481000024], [117.76324497100006, 1.295954048000056], [117.76326237600006, 1.295610427000042], [117.76308069000004, 1.29546248500003], [117.76307928900007, 1.295461217000025], [117.76298038900006, 1.295361736000075], [117.76297649000003, 1.295355867000069], [117.76297517300009, 1.295350331000066], [117.76295715000003, 1.295115435000071], [117.76294817100006, 1.295034324000028], [117.76294815000006, 1.295033939000064], [117.76294812300011, 1.295033828000044], [117.7629404700001, 1.29494173300003], [117.76297627500003, 1.29493844600006], [117.76298393000002, 1.295030564000058], [117.76299291500004, 1.295111732000066], [117.7629929420001, 1.295112215000074], [117.76299297300011, 1.295112343000028], [117.7630105070001, 1.295340872000054], [117.76310403700006, 1.295434951000061], [117.76329210200004, 1.295588086000066], [117.76329350300011, 1.295589355000061], [117.76329740100005, 1.295595223000021], [117.7632987720001, 1.295602147000068], [117.76329867400011, 1.295602641000073], [117.76329874800001, 1.295603073000052], [117.76328211600003, 1.29593144200004], [117.76328461700007, 1.295933123000054], [117.7632885160001, 1.295938991000071], [117.76328988600005, 1.295945915000061], [117.76328852000006, 1.295952839000051], [117.76328812500003, 1.295953434000069], [117.76328799100008, 1.295954007000034], [117.763283354, 1.295963347000054], [117.76334140200004, 1.296063433000029], [117.7633414500001, 1.296063530000026], [117.76334148300009, 1.296063573000026], [117.76339223900004, 1.296152910000046], [117.76341342600006, 1.296190202000048], [117.76341426200008, 1.296191916000055], [117.76341432200002, 1.296192005000023], [117.76346114000012, 1.296301030000052], [117.76346116800005, 1.296301163000066], [117.76346124500003, 1.296301280000023], [117.76346261600008, 1.296308203000024], [117.76346228400007, 1.296311668000044], [117.76341001000003, 1.296581742000058], [117.76340891200005, 1.296583705000046], [117.76340693700001, 1.296624364000024], [117.76349687000004, 1.296796219000043], [117.76320667700008, 1.296926948000021], [117.76312196300012, 1.296903257000054], [117.7630385110001, 1.296930474000021], [117.7630385870001, 1.297185356000057], [117.7630666120001, 1.297221391000051], [117.76296426200008, 1.297563084000046], [117.76295794000009, 1.297589987000038], [117.7629578530001, 1.297719122000046], [117.7632365180001, 1.297818548000066], [117.76294000400003, 1.298144311000044], [117.76274229300009, 1.298243882000065], [117.76276931400002, 1.298433849000048], [117.76269750000006, 1.298741451000069], [117.7625096060001, 1.298779274000026], [117.76249980000011, 1.298877208000022], [117.76246386600008, 1.298940544000061], [117.76249870700008, 1.299072299000045], [117.76271559100007, 1.299121397000022], [117.76286838800002, 1.299112304000062], [117.76317403700011, 1.299275047000037], [117.76327285600007, 1.299103134000063], [117.76293118100011, 1.298696147000044], [117.76300304900008, 1.298569475000022], [117.76308672200003, 1.298387603000037], [117.76318004400002, 1.298309060000065], [117.76332647100003, 1.29805372900006], [117.76338035700007, 1.297908969000048], [117.76363204400002, 1.297963171000049], [117.76365004700006, 1.298053630000027], [117.76380291800001, 1.298288792000051], [117.76389379200009, 1.29847638800004], [117.76402964400006, 1.298600435000026], [117.76406259400005, 1.298679961000062], [117.7641895370001, 1.29870481100005], [117.76422923400003, 1.298705806000044], [117.76425357800008, 1.298706415000026], [117.76425353600007, 1.298567227000035], [117.76431937200005, 1.298507555000072], [117.76446811800008, 1.29852379700003], [117.76469283800009, 1.298568961000058], [117.7648546910001, 1.298786027000062], [117.76496488300006, 1.29899120400006], [117.76496267000005, 1.299184038000021], [117.76496611300001, 1.299263190000033], [117.7649761890001, 1.299353509000071], [117.76501767800005, 1.299362357000064], [117.76509009100005, 1.299276170000041], [117.76523233300009, 1.299238235000075], [117.76560987700009, 1.299364770000068], [117.76602335500002, 1.299427969000021], [117.76621211100007, 1.299436958000058], [117.7667562580001, 1.299507643000027], [117.76680577800005, 1.299489737000044], [117.76680324200004, 1.299394856000049], [117.76680328500004, 1.299394624000058], [117.7668032360001, 1.29939437500002], [117.7668042360001, 1.299389444000042], [117.7668046020001, 1.29938745100003], [117.76680465700008, 1.299387368000055], [117.7668046770001, 1.299387272000047]], [[117.7639995720001, 1.29466110200002], [117.76397259600003, 1.294624925000051], [117.76397969400011, 1.294634275000021], [117.76399997300007, 1.294661203000032], [117.76399962200003, 1.29466128200005], [117.76397615100007, 1.294672897000055], [117.7639995720001, 1.29466110200002]]]]}},
{"type": "Feature", "properties": {"ba_code": "4321", "blockid": "4321D20P13", "division": "06"}, "geometry": {"type": "MultiPolygon", "coordinates": [[[[117.77392359900011, 1.298086673000057], [117.77400447100001, 1.29801427700005], [117.77412133100006, 1.298059473000023], [117.77416628000003, 1.298086598000054], [117.77422018800007, 1.298014210000076], [117.77424710800005, 1.297869459000026], [117.77421112500008, 1.29776995900005], [117.7740942590001, 1.297706670000025], [117.77404032400011, 1.297688594000022], [117.77408084800004, 1.297546098000055], [117.77411358300003, 1.297537046000059], [117.77407877300004, 1.297425873000066], [117.77407899800005, 1.297425886000042], [117.7740128260001, 1.296572541000046], [117.77180828700011, 1.296609456000056], [117.77175392000004, 1.296610367000028], [117.77094104700006, 1.296623978000071], [117.77092877200005, 1.296660150000037], [117.77104383000005, 1.296723468000039], [117.77113464700005, 1.296773446000032], [117.7713285960001, 1.29699232300004], [117.77152251600012, 1.297111251000047], [117.77171168400002, 1.297158788000047], [117.7718299280001, 1.297230144000025], [117.77212316300006, 1.29738235800005], [117.77224042800003, 1.297469915000022], [117.7723145550001, 1.297580567000068], [117.77234156600002, 1.297734349000052], [117.77233261900005, 1.29787004800005], [117.77233265400002, 1.297987652000074], [117.77239805500005, 1.297966389000067], [117.77244516300004, 1.297903294000037], [117.77255733200002, 1.297897118000037], [117.77278203800006, 1.297897049000028], [117.77302473100008, 1.297933160000071], [117.7731146100001, 1.297924086000023], [117.77315958100007, 1.298023583000031], [117.77339328900007, 1.298068743000044], [117.77368992700008, 1.298159116000022], [117.7739056580001, 1.298204282000029], [117.77392359900011, 1.298086673000057]]]]}},
{"type": "Feature", "properties": {"ba_code": "4321", "blockid": "4321H13P13", "division": "06"}, "geometry": {"type": "MultiPolygon", "coordinates": [[[[117.754196406, 1.268050956000025], [117.75419625500001, 1.26805027000006], [117.75407776300005, 1.26803125400005], [117.75396990000002, 1.268013192000069], [117.75388001800002, 1.268013219000068], [117.7537452040001, 1.268040398000039], [117.75365533000002, 1.268067564000035], [117.7535474770001, 1.268085688000042], [117.75344861000008, 1.268094764000068], [117.75334973000008, 1.268058607000057], [117.7532508480001, 1.268013403000054], [117.75313397500008, 1.267922972000065], [117.75308003300006, 1.267877756000075], [117.753044068, 1.267832534000036], [117.75292719800007, 1.267751150000038], [117.75280133800004, 1.267660722000073], [117.75270244500007, 1.267579332000025], [117.7526035520001, 1.267497943000023], [117.7525496070001, 1.267443680000042], [117.75245970500009, 1.267371334000075], [117.75236980200009, 1.267298989000039], [117.7523158680001, 1.267280911000057], [117.75219900400009, 1.267217620000054], [117.7520731520001, 1.267154332000075], [117.75193830600006, 1.267072953000024], [117.7518304240001, 1.266991566000058], [117.75169556600008, 1.266864954000027], [117.75167323300002, 1.266807416000063], [117.75162925900008, 1.266758267000057], [117.75154619700004, 1.266664886000058], [117.75154620900003, 1.266704215000061], [117.751556, 1.266782869000053], [117.75157068400006, 1.26689101900007], [117.75158774200008, 1.266982590000055], [117.75159302400004, 1.26706217900005], [117.75160006600004, 1.267151564000073], [117.75160009700005, 1.267259718000048], [117.75160013000004, 1.267372788000046], [117.75158551600009, 1.267510443000049], [117.75156600500009, 1.267603855000061], [117.7515160370001, 1.26767919100007], [117.75148910200005, 1.267778710000073], [117.75146351800004, 1.267898851000041], [117.75144426800011, 1.26800075400007], [117.75145380300012, 1.268085665000058], [117.75147337300007, 1.268198730000051], [117.75144899500003, 1.268351136000035], [117.75142736300006, 1.268442169000025], [117.75143165700001, 1.268566448000058], [117.75147135500004, 1.268574806000061], [117.75148034600011, 1.268583850000027], [117.75148933600008, 1.268592893000061], [117.75151629800007, 1.26858383900003], [117.7515342690001, 1.268565741000032], [117.75157021900009, 1.268556684000032], [117.75158819600006, 1.268556679000028], [117.75161516300011, 1.268565717000058], [117.75164213000005, 1.268574756000021], [117.75170507000007, 1.26865615600002], [117.75171406100003, 1.268665200000044], [117.75175901000011, 1.268692326000064], [117.75181294900005, 1.268728496000051], [117.75186687000007, 1.268701341000053], [117.75188484400007, 1.268692289000057], [117.75198370900011, 1.268674167000029], [117.75204662300007, 1.268665102000057], [117.75210953200008, 1.268637945000023], [117.75223535300006, 1.268592675000036], [117.75233422100007, 1.268583600000056], [117.75243309300004, 1.268592617000024], [117.75247803600007, 1.26860165100004], [117.75251399100011, 1.268610687000034], [117.75255893500002, 1.268619720000061], [117.75260387600008, 1.268619707000028], [117.75264881400005, 1.26861064700006], [117.75270274800005, 1.268628724000052], [117.75274768600002, 1.268619665000074], [117.75279262700008, 1.268619652000041], [117.75283756500005, 1.268610592000073], [117.75290048000011, 1.268601527000044], [117.75296339400006, 1.268592462000072], [117.75308024300011, 1.268601474000036], [117.75314315700007, 1.268592410000053], [117.75326899900006, 1.268619512000043], [117.75331393700003, 1.268610452000075], [117.75337685200009, 1.268601388000036], [117.75341280400005, 1.268601377000039], [117.75347572400005, 1.268610405000061], [117.75350268600005, 1.268601351000029], [117.75361053300003, 1.268565133000038], [117.75361950600006, 1.26851085200002], [117.75364644700005, 1.268429425000022], [117.75366441500012, 1.268402281000022], [117.75371833600002, 1.268375125000034], [117.75374529500004, 1.268357025000057], [117.75378124000008, 1.268329875000063], [117.75382617600008, 1.268311768000046], [117.75390706600001, 1.26830269800007], [117.7539250430001, 1.268302693000066], [117.75395201200001, 1.268320778000032], [117.75396999400004, 1.268338866000022], [117.75400595200006, 1.268356948000076], [117.75405987800002, 1.268347886000072], [117.75418570400007, 1.268320710000069], [117.75421267100012, 1.268329748000042], [117.75425150400008, 1.268303480000043], [117.75419637100003, 1.268050927000047], [117.754196406, 1.268050956000025]]]]}},
{"type": "Feature", "properties": {"ba_code": "4321", "blockid": "4321H12P13", "division": "06"}, "geometry": {"type": "MultiPolygon", "coordinates": [[[[117.74854937300006, 1.268497348000039], [117.74857733600004, 1.268585104000067], [117.74863129000005, 1.268739147000076], [117.7487111910001, 1.268737186000067], [117.74877473300012, 1.26875654600002], [117.74903561500003, 1.26874871800004], [117.74923295600001, 1.26872153100004], [117.74950248800008, 1.268666224000071], [117.74971906700011, 1.268584771000064], [117.749961632, 1.268485871000053], [117.75017629000001, 1.268421859000057], [117.75039288300002, 1.268394666000063], [117.75060852700005, 1.268413013000043], [117.7508328460001, 1.268467207000072], [117.75096763300007, 1.26851270700007], [117.75119290100008, 1.268520392000028], [117.75130939200005, 1.268547488000024], [117.75140566200002, 1.268558118000044], [117.75138925800002, 1.268421505000049], [117.75144310600001, 1.26821026500005], [117.75139937900008, 1.267977490000021], [117.75145286300005, 1.267751103000023], [117.75154240800009, 1.267551724000043], [117.75156061200005, 1.267308461000027], [117.75156069200011, 1.267009726000026], [117.75149599800011, 1.266640708000068], [117.75148451300004, 1.266730088000031], [117.75146478800002, 1.266761541000051], [117.75142203100006, 1.266756589000067], [117.75137926600007, 1.266723498000033], [117.751344721, 1.266687096000055], [117.7513266310001, 1.266683791000048], [117.75130334000005, 1.266679116000034], [117.75123102900011, 1.266685405000032], [117.75118501000009, 1.266677061000053], [117.75116528600006, 1.266666620000024], [117.75116177200005, 1.26666545400002], [117.75112834300012, 1.266648643000053], [117.75109492000001, 1.266653459000054], [117.75105297800008, 1.266653471000041], [117.75105037300011, 1.266654030000041], [117.75104976900002, 1.26665347200003], [117.75104000800002, 1.266653475000055], [117.75101015400003, 1.26662297300004], [117.75097791000007, 1.26656938900004], [117.75097493500004, 1.266562409000073], [117.75096771400001, 1.266553542000054], [117.75095144300008, 1.266511750000063], [117.7509509890001, 1.266506216000039], [117.75094924100006, 1.266502114000048], [117.7509281450001, 1.26636299200004], [117.75089518900006, 1.266319304000035], [117.75079295700004, 1.266314012000066], [117.75074272600011, 1.266322010000067], [117.75068721500008, 1.266360168000062], [117.75059206100002, 1.266447123000034], [117.75049075400011, 1.266593510000064], [117.75040002800006, 1.266759408000041], [117.75026611600003, 1.266912900000023], [117.750184181, 1.267002513000023], [117.74998857500009, 1.267146266000054], [117.7498546280001, 1.267181786000037], [117.74967044800007, 1.267216433000044], [117.7495823270001, 1.26724573000007], [117.74947569000005, 1.267247535000024], [117.74938844400003, 1.267253770000025], [117.74931001700008, 1.267283064000026], [117.74902625800007, 1.267346124000028], [117.74897338100004, 1.267346140000029], [117.74884733400006, 1.267272554000044], [117.74877858000002, 1.267227337000065], [117.74868191600001, 1.267184842000063], [117.74864802900004, 1.267312522000054], [117.74864753700001, 1.267317460000072], [117.74868478700012, 1.268467479000037], [117.74860006900008, 1.268467504000057], [117.74860030100001, 1.268474661000027], [117.74855401600007, 1.268496157000072], [117.74854937300006, 1.268497348000039]]]]}},
{"type": "Feature", "properties": {"ba_code": "4321", "blockid": "4321F10P16", "division": "06"}, "geometry": {"type": "MultiPolygon", "coordinates": [[[[117.74392123700011, 1.277253815000051], [117.7439293650001, 1.277146146000064], [117.74399272300002, 1.277039832000071], [117.74407330800011, 1.276967214000024], [117.74414164000007, 1.27691674700003], [117.7442602540001, 1.276891983000041], [117.7442630160001, 1.276742365000075], [117.74394607700003, 1.276742458000058], [117.74369644800004, 1.276725593000037], [117.74353657400002, 1.276719993000029], [117.743573061, 1.276804671000036], [117.7436684380001, 1.276855457000067], [117.7437301760001, 1.276971180000032], [117.74376108400008, 1.277165956000033], [117.74377972000002, 1.277294162000032], [117.74380882000003, 1.277355080000063], [117.74388453800009, 1.277318360000038], [117.74392123700011, 1.277253815000051]]]]}},
{"type": "Feature", "properties": {"ba_code": "4321", "blockid": "4321I12P16", "division": "06"}, "geometry": {"type": "MultiPolygon", "coordinates": [[[[117.74837079100007, 1.258692300000064], [117.74836690100005, 1.25884269200003], [117.74839467000004, 1.259194270000023], [117.74840281000002, 1.259439102000044], [117.74850315300012, 1.259592239000028], [117.7484570900001, 1.259773267000071], [117.74842139000009, 1.259910199000046], [117.74842522200004, 1.259909997000022], [117.74871689300005, 1.259908442000039], [117.74903295400009, 1.259863961000065], [117.74933874400006, 1.259883108000054], [117.74965187700002, 1.259881538000059], [117.75006350900003, 1.259881419000067], [117.75050600300005, 1.259845779000045], [117.75075887000003, 1.259872339000026], [117.75098232700009, 1.259872274000031], [117.75101320100009, 1.259876704000021], [117.75102496200009, 1.259879660000024], [117.75104695800007, 1.259682859000065], [117.75105569300001, 1.259385446000067], [117.75105560000009, 1.259059921000073], [117.75103740200007, 1.258691528000043], [117.7510363770001, 1.258670776000031], [117.75097309700004, 1.258442927000033], [117.75074667500007, 1.258354214000065], [117.75065043200004, 1.258287539000037], [117.75063808700008, 1.258281254000053], [117.75074037900004, 1.258352487000025], [117.75082128500003, 1.258397696000031], [117.750839272, 1.258433877000073], [117.75086624900007, 1.258479102000024], [117.750893227, 1.258524326000042], [117.75087525600009, 1.25854242500003], [117.75086627500002, 1.258569567000052], [117.75086628000008, 1.258587660000046], [117.75086630100009, 1.258660032000023], [117.75085731800004, 1.258678127000053], [117.75087068900007, 1.258691577000036], [117.75090227200008, 1.258723347000057], [117.75092025600009, 1.25875048100005], [117.750893302, 1.258786675000067], [117.75084837100007, 1.258822873000042], [117.75083939100011, 1.258850016000054], [117.75083040800007, 1.258868111000027], [117.75081243200009, 1.258868116000031], [117.75075850100006, 1.25885908500004], [117.75073153100004, 1.258841], [117.7506955660001, 1.258795778000035], [117.7506506090001, 1.258741512000029], [117.75065059500002, 1.258691640000052], [117.75065059400004, 1.258687233000046], [117.75061463400004, 1.258660104000057], [117.75060564300009, 1.258651061000023], [117.7505966550001, 1.258651063000059], [117.75053373000003, 1.258623942000042], [117.75044384600005, 1.25861492100006], [117.75037194900005, 1.258642082000051], [117.75033600200004, 1.258660185000053], [117.75033078700005, 1.258691733000035], [117.75032702900012, 1.258714467000061], [117.75034502300002, 1.258777787000042], [117.75034503400002, 1.258813973000031], [117.75032707800005, 1.258886350000068], [117.7503091100001, 1.258913495000058], [117.7502462110001, 1.258976838000024], [117.75021025600006, 1.258967802000029], [117.75015632200007, 1.258949725000036], [117.75012935000007, 1.258922593000023], [117.75009337900008, 1.258859278000045], [117.75008437800011, 1.258814048000033], [117.75003042600008, 1.258732645000066], [117.7500304140001, 1.258691820000024], [117.75003040800004, 1.258669320000024], [117.75006634800002, 1.258624077000036], [117.75008431600008, 1.258596933000035], [117.75008431100002, 1.258578840000041], [117.750093289, 1.258542651000027], [117.75011126200002, 1.258533599000032], [117.75017417200002, 1.258506442000055], [117.750219076, 1.258379778000062], [117.75022806200002, 1.258370729000035], [117.75025502100004, 1.258352628000068], [117.75027299400006, 1.258343576000073], [117.75032691500007, 1.258316421000075], [117.750407816, 1.25834353700003], [117.75041680400011, 1.258343535000051], [117.75046174800002, 1.258352568000021], [117.75053365300005, 1.258352547000072], [117.75053364200005, 1.258316361000027], [117.75054263000004, 1.258316359000048], [117.75054262800006, 1.258307312000056], [117.75056958400012, 1.258280165000031], [117.75058649000005, 1.258263140000054], [117.75057023300008, 1.258255127000041], [117.75008392900008, 1.258009711000057], [117.74991351200003, 1.257891177000033], [117.74974191600006, 1.257874199000071], [117.74971529200002, 1.257737988000031], [117.74958956800003, 1.257556805000036], [117.74941005200003, 1.257313001000057], [117.74929498000006, 1.257194326000047], [117.74929207200012, 1.257185554000046], [117.74939224200011, 1.256934023000042], [117.74921254300011, 1.256876815000055], [117.74906962700004, 1.257013778000044], [117.74878033300001, 1.25727610000007], [117.7485936280001, 1.257483857000068], [117.7485475960001, 1.25777395800003], [117.74857415400004, 1.257920154000033], [117.74838513000009, 1.258081497000035], [117.7483760240001, 1.258489943000029], [117.74837079100007, 1.258692300000064]], [[117.75004720600009, 1.258008475000054], [117.75005581800008, 1.258044013000074], [117.75004822100004, 1.258099386000026], [117.75003026800005, 1.258180810000056], [117.75003926200009, 1.258198900000025], [117.7500842180001, 1.258253166000031], [117.75010219700005, 1.25826220700003], [117.750138149, 1.258262197000022], [117.75017411200008, 1.25829837200007], [117.7501921060001, 1.25836169300004], [117.75017414600006, 1.258415977000027], [117.75016516300002, 1.258434072000057], [117.75008428500007, 1.25848837500007], [117.75007530000005, 1.258497424000041], [117.75000340200006, 1.258524584000043], [117.74996744500004, 1.258506501000056], [117.74988654600008, 1.258488432000036], [117.74986856500004, 1.258470344000045], [117.74985955600005, 1.258397975000037], [117.74981459700007, 1.258334662000038], [117.74981458200011, 1.258280383000056], [117.74980558900006, 1.25826229300003], [117.74978760200008, 1.258226112000045], [117.74979658200004, 1.258198970000024], [117.74979657500012, 1.258171831000027], [117.74979656200003, 1.258126598000047], [117.74979655400011, 1.25809945900005], [117.74978755300003, 1.258054229000038], [117.74978754800009, 1.258036136000044], [117.74979652000002, 1.257981854000036], [117.74983246800002, 1.257963751000034], [117.74986841300006, 1.25793660100004], [117.74989537400006, 1.257927547000065], [117.74993133700002, 1.257963722000056], [117.74996728400004, 1.257945619000054], [117.75001223000004, 1.257963699000072], [117.75004720600009, 1.258008475000054]]]]}},
{"type": "Feature", "properties": {"ba_code": "4321", "blockid": "4321L41P08", "division": "03"}, "geometry": {"type": "MultiPolygon", "coordinates": [[[[117.8316498910001, 1.230885699000055], [117.83162842400009, 1.230364326000029], [117.83160669600011, 1.229970293000065], [117.83158677600011, 1.229706737000072], [117.83157421600004, 1.229540544000031], [117.83154711800012, 1.228935646000025], [117.8315470010001, 1.228556409000021], [117.83154692000005, 1.228295383000045], [117.8315539030001, 1.228210727000032], [117.8315783590001, 1.228204565000055], [117.83149879200005, 1.22817056100007], [117.83142626900008, 1.228135374000033], [117.83135251300007, 1.228099038000039], [117.8312850850001, 1.228045132000034], [117.83123149100004, 1.227982007000037], [117.83117831900006, 1.22791376400005], [117.8311436780001, 1.227844606000076], [117.831151, 1.227765537000039], [117.83119681000005, 1.227701707000051], [117.83125180700006, 1.227643339000053], [117.83128821100001, 1.227582820000066], [117.83133688500004, 1.227535482000064], [117.83138238200002, 1.227481089000037], [117.83140465400004, 1.227411563000032], [117.831408323, 1.227265498000065], [117.83141506000004, 1.227185399000064], [117.8314135070001, 1.227117159000045], [117.83140011400008, 1.227021888000024], [117.83138617000009, 1.226922749000039], [117.8313712150001, 1.226855325000031], [117.83135136500005, 1.226782436000065], [117.83130006300007, 1.226699520000068], [117.83116913200001, 1.226600212000051], [117.831085744, 1.226563287000033], [117.83101595100004, 1.226544417000071], [117.83093425400011, 1.226523302000032], [117.83083591400009, 1.22647455300006], [117.83076358800008, 1.226451084000075], [117.83067501700009, 1.226422948000049], [117.83060292400012, 1.226370429000042], [117.83052879200011, 1.226343564000047], [117.83044348600004, 1.226311372000055], [117.83038046600007, 1.226273656000046], [117.83031812100012, 1.226234095000052], [117.83025351200001, 1.226205826000069], [117.830174671, 1.226162750000071], [117.83009129100003, 1.226135720000059], [117.83001817000002, 1.226108971000031], [117.82993434000002, 1.226105013000051], [117.82984764000003, 1.226107699000067], [117.82976165800005, 1.226114336000023], [117.82969082500006, 1.22614982500005], [117.8296211820001, 1.226259457000026], [117.82957121900006, 1.226321157000029], [117.82951162300003, 1.226379056000042], [117.82944629800011, 1.226406110000028], [117.82936996, 1.226432761000069], [117.82928873600008, 1.226448432000041], [117.82921213400004, 1.226461493000045], [117.82911867100006, 1.226467075000073], [117.82904694000001, 1.22647383900005], [117.82896599300011, 1.226501834000032], [117.82889045400009, 1.226519052000071], [117.82881402900011, 1.226534253000068], [117.82872995900004, 1.226534730000026], [117.82864554900004, 1.226523311000051], [117.82856121400005, 1.226525876000039], [117.82838416100003, 1.226506067000059], [117.82838708800011, 1.226526592000027], [117.82872971900008, 1.230921179000063], [117.83059133400002, 1.230917748000024], [117.83161788600012, 1.230915856000024], [117.83164834200011, 1.230915800000048], [117.8316498910001, 1.230885699000055]]]]}},
{"type": "Feature", "properties": {"ba_code": "4321", "blockid": "4321G10P16", "division": "06"}, "geometry": {"type": "MultiPolygon", "coordinates": [[[[117.74259333100008, 1.276565449000032], [117.74288089600009, 1.276366342000074], [117.74313261500004, 1.276538152000057], [117.74318704300003, 1.276638242000047], [117.74420233300009, 1.276652864000027], [117.74417526500008, 1.276601175000053], [117.74412129100006, 1.276447400000052], [117.74426507400005, 1.276347846000021], [117.7444358570001, 1.276374936000025], [117.74453477200007, 1.27652869800005], [117.744687569, 1.276519607000068], [117.74495717000002, 1.276365738000038], [117.74519975700002, 1.276378517000069], [117.74514262600007, 1.275926740000045], [117.74514073900002, 1.275583040000072], [117.74526937200005, 1.275255498000035], [117.74526034100006, 1.274935194000022], [117.74531388300011, 1.274607673000048], [117.74529235500006, 1.274353953000059], [117.74519216600004, 1.274116451000054], [117.74523139200005, 1.273743947000071], [117.74533683800007, 1.273608956000032], [117.74540472300009, 1.273419991000026], [117.7453742460001, 1.27312848400004], [117.74538849800001, 1.272952131000068], [117.7454259000001, 1.272453665000057], [117.7454616340001, 1.272369079000043], [117.74549612800001, 1.272331277000035], [117.745632483, 1.272005532000037], [117.74595093100004, 1.271567754000046], [117.74605426000005, 1.271374478000041], [117.74601878600004, 1.271276379000028], [117.745817901, 1.271193193000045], [117.74569971400001, 1.271077280000043], [117.74567609700011, 1.271127828000033], [117.74563681400002, 1.27113659500003], [117.74567472000001, 1.27112760600005], [117.745647727, 1.271028102000059], [117.745638718, 1.270955733000051], [117.7456296470001, 1.270666248000055], [117.74571050400004, 1.270539573000065], [117.74598008500004, 1.270313332000057], [117.7460160060001, 1.270204764000027], [117.7458990770001, 1.269915310000044], [117.7457911570001, 1.26969822500007], [117.745665271, 1.269517332000021], [117.74554830800002, 1.269110273000024], [117.74526074300002, 1.269309380000038], [117.74482032000003, 1.269300461000057], [117.7445237180001, 1.269327687000043], [117.74411922400009, 1.269237339000028], [117.74407732300006, 1.269280898000034], [117.74407840600009, 1.269278473000043], [117.7438285390001, 1.269210465000072], [117.74364999900001, 1.269193735000044], [117.74332692100006, 1.269167336000066], [117.74327434600002, 1.269273769000051], [117.7431305660001, 1.269382369000027], [117.74292383800002, 1.269382429000075], [117.74280698400003, 1.26935532300007], [117.74260926800002, 1.269436799000061], [117.74252841000009, 1.269563473000062], [117.742348708, 1.269780641000068], [117.7422768780001, 1.270043010000052], [117.74224994700012, 1.270160623000038], [117.74221405600008, 1.270377749000033], [117.74252868100007, 1.270513356000038], [117.74246579700002, 1.270630979000032], [117.74225014600006, 1.270857204000038], [117.74222323300012, 1.271038142000066], [117.74225025900012, 1.271255250000024], [117.74219638200009, 1.271436196000025], [117.74227735000011, 1.271698521000076], [117.74237631900007, 1.272042259000045], [117.7422775340001, 1.272340823000036], [117.74230453000007, 1.272449373000029], [117.74239446600006, 1.272639323000021], [117.74234955600002, 1.272747895000066], [117.74226872400004, 1.272965034000038], [117.7422688040001, 1.273245476000056], [117.74230485300006, 1.273580186000061], [117.74219704100005, 1.273743054000022], [117.74208926800009, 1.274041620000048], [117.74207139500004, 1.27440348600004], [117.74200853200011, 1.274593480000021], [117.74190975300007, 1.274910137000063], [117.74178403500002, 1.275317266000059], [117.7416763110001, 1.275787716000025], [117.74161347900008, 1.276086269000075], [117.74166751200005, 1.276448113000072], [117.7416855350001, 1.276610945000073], [117.74209901300003, 1.276683197000068], [117.74235967600009, 1.27670121400007], [117.74259333100008, 1.276565449000032]], [[117.74286233600003, 1.274330884000051], [117.742988093, 1.274059453000064], [117.74313191200008, 1.27408655000005], [117.74337460100003, 1.274113619000047], [117.743473461, 1.274077405000071], [117.74350929700006, 1.273670302000028], [117.74345531300003, 1.273480341000038], [117.74323958900004, 1.273453264000068], [117.74305085200001, 1.273507598000037], [117.74304178900002, 1.273245252000038], [117.7431315880001, 1.272955737000075], [117.743122545, 1.272765763000052], [117.74313150500006, 1.272666249000054], [117.74321235700006, 1.272521482000059], [117.74325722600008, 1.27226816700005], [117.74330961900012, 1.27226452900004], [117.74335639000003, 1.272320986000068], [117.74334707900005, 1.272462163000057], [117.74341574000005, 1.272634784000047], [117.74343875300008, 1.272692642000038], [117.74344603800012, 1.27274555300005], [117.74345651400006, 1.272839254000075], [117.74346877700009, 1.272932710000021], [117.74349646400003, 1.273012309000023], [117.74353353700008, 1.273092616000042], [117.74356871300006, 1.273180573000047], [117.74359978500001, 1.273262080000052], [117.74363869100011, 1.27334468600003], [117.74367708800003, 1.273441575000049], [117.7436844120001, 1.273581169000067], [117.74368489000005, 1.273741865000034], [117.74378707200003, 1.274193779000029], [117.743600119, 1.27442912500004], [117.74340379400007, 1.274589180000021], [117.74332905900008, 1.274843316000045], [117.74317014400003, 1.275022184000022], [117.74309535200007, 1.275078675000032], [117.74290830000007, 1.274965790000067], [117.74261841400005, 1.274947051000026], [117.74280851800006, 1.274719899000047], [117.74288037500003, 1.274547995000034], [117.74286233600003, 1.274330884000051]], [[117.74280439400002, 1.271314099000051], [117.7429939640001, 1.271208957000056], [117.74305921400003, 1.27131834100004], [117.74296342500008, 1.271539933000042], [117.74304763000009, 1.271699906000038], [117.74305938700002, 1.271924457000068], [117.74299652700006, 1.272123498000042], [117.74287970400007, 1.272204951000049], [117.74281399200004, 1.272179968000046], [117.74275780800008, 1.27190704700007], [117.74277643500011, 1.271643515000051], [117.74280439400002, 1.271314099000051]]]]}},
{"type": "Feature", "properties": {"ba_code": "4321", "blockid": "4321H29P06", "division": "02"}, "geometry": {"type": "MultiPolygon", "coordinates": [[[[117.7956719440001, 1.258842316000027], [117.79570209500002, 1.262652475000039], [117.79577241900006, 1.26741458500004], [117.79802280500007, 1.267399258000069], [117.79861950000009, 1.267392544000074], [117.79858109000008, 1.266039569000043], [117.7986183160001, 1.263687168000047], [117.79856978100008, 1.263250954000057], [117.79860846800011, 1.262910705000024], [117.79855160500006, 1.258742183000038], [117.7956719440001, 1.258842316000027]]]]}},
{"type": "Feature", "properties": {"ba_code": "4321", "blockid": "4321L44P13", "division": "06"}, "geometry": {"type": "MultiPolygon", "coordinates": [[[[117.83733880400007, 1.231672585000069], [117.83735442500006, 1.231681502000072], [117.83737175100009, 1.231691815000033], [117.83741765400009, 1.231707199000027], [117.83753837900008, 1.231707161000031], [117.83764253800007, 1.231707128000039], [117.83772581500011, 1.23170710200003], [117.837939645, 1.231689098000061], [117.83816399400007, 1.231661931000076], [117.83833214300012, 1.231644061000054], [117.83848188200011, 1.231599682000024], [117.83864785800006, 1.231546870000045], [117.83878538400006, 1.231451642000025], [117.8389087490001, 1.23132739600004], [117.83903145300008, 1.231194989000073], [117.83913628100004, 1.231001409000044], [117.83918831400001, 1.230861618000063], [117.83920569500003, 1.230756453000026], [117.83921454900008, 1.230693927000061], [117.83921815500003, 1.230662162000044], [117.83922327300002, 1.23055173900002], [117.83922360300005, 1.23054841000004], [117.83924154200008, 1.230430803000047], [117.83924168400006, 1.230429951000076], [117.83926840000004, 1.230286286000023], [117.83928584400007, 1.230118983000068], [117.83926816300004, 1.229950423000048], [117.83926798900006, 1.229947109000022], [117.83926804900011, 1.229945134000047], [117.83927679200008, 1.229803630000049], [117.83926824100001, 1.229743522000035], [117.83926792400007, 1.229739044000041], [117.83926791800002, 1.229720951000047], [117.83926797200002, 1.229719092000039], [117.83927691200006, 1.229565302000026], [117.83927733400003, 1.229561663000027], [117.83927755400009, 1.229560527000046], [117.83930450300011, 1.229433753000023], [117.8393401080001, 1.229272250000065], [117.83934864700007, 1.229203316000053], [117.8393486110001, 1.229087685000025], [117.8393486540001, 1.229086021000057], [117.83935715400003, 1.228922486000045], [117.83930840100004, 1.228824423000049], [117.83923882300007, 1.228736941000022], [117.83914015800008, 1.228619653000067], [117.83913697000003, 1.228615083000022], [117.83913607600005, 1.228613412000072], [117.83906412800002, 1.228468694000071], [117.83906270300008, 1.228465364000044], [117.83906155400007, 1.228461404000029], [117.83904425300011, 1.228383159000032], [117.83896462900009, 1.228205216000049], [117.838963755, 1.228203053000072], [117.83896255500008, 1.228198858000042], [117.83890911000003, 1.227948207000054], [117.83880216400007, 1.227679348000038], [117.83880181100005, 1.227678419000028], [117.83880152800009, 1.227677602000028], [117.83878394900012, 1.227624579000064], [117.838757482, 1.227562474000024], [117.8387560760001, 1.227558445000057], [117.83875522200003, 1.227554263000059], [117.838754934, 1.227550002000044], [117.83875487300008, 1.227351479000049], [117.83874587700006, 1.227064616000064], [117.83869262900009, 1.226743673000044], [117.83860476200005, 1.226487460000044], [117.83844550300012, 1.226238284000033], [117.83829325500005, 1.226031097000032], [117.83829108000009, 1.226027704000046], [117.83828935100007, 1.226024061000032], [117.83828809800002, 1.22602022500007], [117.83824293000009, 1.225845099000026], [117.83813910600009, 1.225923701000056], [117.8380177040001, 1.226799841000059], [117.83800122000002, 1.227083407000066], [117.83800116200007, 1.227084226000045], [117.83795851600007, 1.227591663000055], [117.83795816400004, 1.227594409000062], [117.83786320800004, 1.22814498200006], [117.83786253300002, 1.228147994000039], [117.83778693400006, 1.22842225100004], [117.83763290000002, 1.229312375000063], [117.83763180200003, 1.229316791000031], [117.83749292200002, 1.229742540000075], [117.83741616200007, 1.230178006000074], [117.83741575300007, 1.230179964000058], [117.83724119200008, 1.230901661000075], [117.837240844, 1.230902977000028], [117.83705633700004, 1.231544349000046], [117.83713252300004, 1.231563494000056], [117.83713565300002, 1.231564457000047], [117.83713896200004, 1.231565889000024], [117.8372468340001, 1.231620133000035], [117.83724829300002, 1.231620916000054], [117.83733880400007, 1.231672585000069]]]]}},
{"type": "Feature", "properties": {"ba_code": "4321", "blockid": "4321D13P16", "division": "06"}, "geometry": {"type": "MultiPolygon", "coordinates": [[[[117.75399321400005, 1.301548488000037], [117.75399319500002, 1.301485162000063], [117.75399490300003, 1.301476507000075], [117.75399977200004, 1.30146916800004], [117.75400203900006, 1.301467172000059], [117.75410309900008, 1.30138960000005], [117.75410360300009, 1.301389308000068], [117.754104256, 1.301388769000027], [117.75419270100008, 1.30132938600002], [117.75425305400006, 1.301246210000045], [117.75429718700002, 1.301125532000071], [117.75428543200007, 1.301075316000038], [117.75424847400006, 1.300973963000047], [117.75424834800003, 1.300973250000027], [117.75424746200008, 1.300970223000036], [117.75422779400003, 1.300861533000045], [117.75414014100011, 1.300719019000041], [117.75413848900007, 1.300715776000061], [117.75413680000008, 1.300708149000059], [117.75412775200004, 1.300509129000034], [117.75412783600007, 1.300508646000026], [117.75412772900006, 1.300508102000038], [117.75412943700007, 1.30049944700005], [117.75413202300001, 1.300494799000035], [117.75420149800004, 1.300398591000032], [117.75427224100008, 1.300140185000032], [117.75427314100011, 1.300137544000052], [117.75427663700009, 1.300131720000024], [117.75436377500012, 1.300026414000058], [117.75438937600006, 1.299949036000044], [117.7543897590001, 1.299948411000059], [117.7543899320001, 1.299947533000022], [117.7543936300001, 1.299941468000043], [117.7544475410001, 1.299878127000056], [117.75444817400012, 1.299877665000054], [117.75444871200011, 1.299876853000058], [117.75445537900009, 1.299872219000065], [117.7546293910001, 1.299793343000033], [117.75468188200011, 1.299716511000042], [117.75472371900003, 1.299613259000068], [117.75472375100003, 1.299613209000029], [117.75472376300002, 1.299613150000027], [117.75472431000003, 1.299612362000062], [117.75472863200002, 1.299605812000038], [117.75472905600009, 1.29960552600005], [117.75472931800005, 1.299605149000058], [117.75481135200005, 1.299529244000041], [117.75481950500011, 1.299430422000057], [117.75481943500006, 1.299196155000061], [117.7548207860001, 1.299188425000068], [117.75489148800011, 1.298992553000062], [117.75490022000008, 1.29882463000007], [117.75490018800008, 1.298718202000032], [117.75490008600002, 1.298717449000037], [117.7548237850001, 1.298707644000046], [117.75476082700004, 1.298571965000065], [117.75453610400007, 1.298517754000045], [117.75444622700002, 1.298535874000038], [117.75451807900004, 1.298354923000034], [117.75450002200012, 1.298083534000057], [117.75419059300009, 1.298105873000054], [117.7541897530001, 1.298109039000053], [117.75418877900006, 1.298106004000033], [117.75418964200003, 1.298105941000074], [117.75418881900009, 1.29532410500002], [117.754112684, 1.295234009000069], [117.75391493200004, 1.295197883000071], [117.75394083200001, 1.294899316000055], [117.75394180900003, 1.294899341000075], [117.75416649600004, 1.29483594800007], [117.75408555100012, 1.294664089000037], [117.75390576200004, 1.294582725000055], [117.75387878100003, 1.294528454000044], [117.75404052700003, 1.29438366200003], [117.75402252900005, 1.294311295000057], [117.75386075100005, 1.294347530000039], [117.75385169900005, 1.294130417000076], [117.75152173800006, 1.294131345000039], [117.75152289200003, 1.298047058000066], [117.75170462900007, 1.297930582000049], [117.75171356400006, 1.297749649000025], [117.75176743700001, 1.297559657000022], [117.7518483130001, 1.297496307000074], [117.75205507500004, 1.29760480300007], [117.7521630110001, 1.297867119000045], [117.75216306800007, 1.298057095000047], [117.75219007200008, 1.298192784000037], [117.75231595100001, 1.298337490000051], [117.75241482700005, 1.298355554000068], [117.75272043600012, 1.298382602000061], [117.75292715500007, 1.298346354000046], [117.75310692000005, 1.298346300000048], [117.75331367400008, 1.298427656000058], [117.7535833170001, 1.298409482000068], [117.75374506500009, 1.298273737000045], [117.753906862, 1.298300827000048], [117.75397834800003, 1.298345766000068], [117.75402176400007, 1.298501649000059], [117.75406264800006, 1.298578471000042], [117.75400470200009, 1.298721753000052], [117.75398976600002, 1.298772511000038], [117.75394341800006, 1.298789082000042], [117.75391835800008, 1.298853595000026], [117.7539676340001, 1.298899819000042], [117.75400592000005, 1.29893405100006], [117.75393265000002, 1.298968492000029], [117.75388811800008, 1.299000471000056], [117.75394198200001, 1.299040904000037], [117.75406887600002, 1.29906068300005], [117.75411386500002, 1.299223506000033], [117.75400609200005, 1.299513026000056], [117.75401511500002, 1.299630627000056], [117.75403313700008, 1.299784412000065], [117.75401521200001, 1.299956301000066], [117.7540782320001, 1.300300048000054], [117.7539704290001, 1.300490056000058], [117.753817679, 1.300661985000033], [117.75357504400006, 1.300824895000062], [117.7536020760001, 1.301051049000023], [117.75357514400002, 1.301159615000074], [117.75339542100005, 1.301304412000036], [117.75316178000003, 1.301485412000034], [117.75305393700012, 1.301539723000076], [117.75288933200011, 1.301436975000058], [117.75285143500003, 1.301315050000028], [117.75286507100009, 1.301159828000038], [117.75287404300002, 1.301105546000031], [117.75287400500008, 1.300978896000061], [117.75288295300004, 1.300843196000073], [117.75290986400012, 1.300662258000045], [117.75291880400005, 1.300499419000062], [117.75282891600011, 1.300481353000066], [117.75265818500009, 1.300635194000051], [117.75248744300006, 1.300752850000038], [117.7522987000001, 1.300789092000059], [117.75214588000006, 1.300725813000042], [117.75178631000006, 1.300590223000029], [117.75159753700007, 1.30052695400002], [117.75151447700011, 1.300462956000047], [117.75151262000009, 1.301273321000053], [117.7515240780001, 1.301267027000051], [117.75152620600011, 1.301266002000034], [117.7515297860001, 1.301263583000036], [117.75164367900004, 1.301215558000024], [117.75172973500003, 1.301178217000029], [117.75172989000009, 1.301178184000037], [117.75173002600002, 1.301178093000033], [117.75173731600012, 1.301176407000071], [117.75189640300005, 1.301167019000047], [117.75189700700003, 1.301167122000038], [117.75189771200007, 1.301166981000051], [117.75190435800005, 1.301167990000067], [117.75195492000012, 1.301183729000059], [117.75195687300004, 1.301184438000064], [117.75196018400004, 1.30118615400005], [117.75203207100003, 1.30123134400003], [117.75209833600002, 1.301272682000047], [117.75210156100002, 1.301275253000028], [117.75210202900007, 1.301275560000022], [117.75214361400003, 1.301315588000023], [117.75214368700006, 1.301315695000028], [117.75214380500006, 1.301315773000056], [117.75222488400004, 1.301395683000067], [117.75238904500009, 1.301474074000055], [117.75244644200006, 1.301498812000034], [117.7525529080001, 1.301489950000075], [117.75255475300003, 1.301489873000037], [117.75255737900011, 1.301490027000057], [117.75276450700005, 1.301514490000045], [117.75276912600009, 1.301515700000039], [117.7527700170001, 1.301515867000035], [117.75283179000007, 1.301539994000052], [117.75283199700004, 1.301540130000035], [117.75283225400005, 1.301540181000064], [117.75283954500003, 1.301545081000029], [117.75284104800005, 1.301546752000036], [117.7528825920001, 1.301597825000044], [117.75288596200005, 1.301603491000037], [117.75288680900007, 1.301605932000029], [117.75292211400006, 1.301730159000044], [117.75297354700001, 1.30182499600005], [117.75318745000004, 1.302058086000045], [117.75318788900006, 1.30205877700007], [117.75318999400008, 1.302061438000067], [117.75323495700002, 1.302133797000067], [117.75323570300009, 1.302135252000028], [117.75323600100012, 1.302135669000052], [117.75327761800008, 1.302219378000075], [117.75330329000008, 1.302232288000027], [117.75337756800002, 1.302240572000073], [117.75351544300008, 1.30222318400007], [117.7535928210001, 1.302188543000057], [117.75375012900008, 1.302109321000046], [117.75386400700006, 1.30197699200005], [117.75386460100003, 1.301976560000071], [117.753865098, 1.301975812000023], [117.75386719100004, 1.301973951000036], [117.75402078600007, 1.301853640000047], [117.75402905500005, 1.301677766000068], [117.7539940800001, 1.301554700000054], [117.75399321400005, 1.301548488000037]], [[117.75187894300007, 1.300834912000028], [117.75189723300002, 1.300829263000026], [117.75191587200004, 1.30083662800007], [117.75194007400012, 1.300857520000022], [117.75195997600008, 1.300880129000063], [117.7519571150001, 1.300906306000059], [117.75196631100005, 1.300930541000071], [117.75194688500005, 1.300954424000054], [117.75192375400002, 1.300961897000036], [117.75190591, 1.300957873000073], [117.75191356800008, 1.300925029000041], [117.75190247900002, 1.300902885000028], [117.75188235600001, 1.300887705000036], [117.75186149400008, 1.300871967000035], [117.75185931800002, 1.300843409000038], [117.75187894300007, 1.300834912000028]], [[117.75430446100006, 1.298972008000021], [117.7543596270001, 1.298946540000031], [117.75438951300009, 1.298948845000041], [117.7544584850001, 1.298967334000054], [117.75449757400008, 1.298992774000055], [117.75454816600006, 1.299050603000069], [117.75458267600004, 1.299140830000056], [117.75459881900008, 1.299312044000033], [117.75450457900001, 1.299358348000055], [117.75450185500006, 1.299395429000072], [117.75450185900002, 1.299406869000052], [117.75451891700004, 1.299438323000061], [117.75453314300012, 1.299501237000072], [117.75448104500003, 1.299551415000053], [117.7544737820001, 1.299588024000059], [117.75445196600003, 1.29961365600002], [117.75445196900012, 1.299622807000048], [117.75445561400011, 1.299650261000068], [117.7544356200001, 1.299683214000027], [117.75441562600008, 1.299717996000027], [117.75438835400007, 1.299738138000066], [117.75436107200005, 1.299728995000066], [117.75435197400009, 1.299708864000024], [117.75432831900002, 1.299663112000076], [117.7543101230001, 1.299628341000073], [117.75431098000001, 1.29957803800005], [117.75433918700003, 1.29951851200002], [117.7543328370001, 1.299484053000072], [117.75433720500007, 1.299456152000062], [117.75433573700002, 1.299426784000048], [117.7543400940001, 1.299359236000043], [117.75433716400005, 1.299316653000062], [117.75433858800011, 1.299200648000067], [117.75431375900007, 1.299109614000031], [117.75429039500011, 1.299040606000062], [117.75430446100006, 1.298972008000021]]], [[[117.75183196600005, 1.303005621000068], [117.7518139660001, 1.302924208000036], [117.75223642300011, 1.302951220000068], [117.75247008600002, 1.302842592000047], [117.75262286500003, 1.302770175000035], [117.75282061500002, 1.30279725500003], [117.75300929900004, 1.302561989000026], [117.75333289600007, 1.30262521700007], [117.75345872300011, 1.302598040000021], [117.75351258800004, 1.302380908000032], [117.75372828000002, 1.302290379000056], [117.75394399900006, 1.302290314000061], [117.75407887100005, 1.302453110000044], [117.75424968000004, 1.302561616000048], [117.75433949100011, 1.302317334000065], [117.75421360900009, 1.302163582000048], [117.75415053100005, 1.301959230000023], [117.75414001200011, 1.301884264000023], [117.75414180700011, 1.301883051000061], [117.7540652990001, 1.301863825000055], [117.75406518900002, 1.30186616800006], [117.75406350600008, 1.301873748000048], [117.75405863700007, 1.301881087000027], [117.75405654400004, 1.301882947000024], [117.7538965330001, 1.302008284000067], [117.75378117000002, 1.302142338000067], [117.75378057500006, 1.302142770000046], [117.75378007900008, 1.302143518000037], [117.7537742400001, 1.302147757000057], [117.75361247500007, 1.30222922400003], [117.75361203500006, 1.302229328000067], [117.75361155200005, 1.302229662000059], [117.75353066900004, 1.302265873000067], [117.753530393, 1.302265932000068], [117.75353014200005, 1.302266100000054], [117.75352433000012, 1.302267649000044], [117.75338052300003, 1.302285785000038], [117.75337773600006, 1.302285961000052], [117.75337525500004, 1.302285823000034], [117.75329435800006, 1.302276801000062], [117.75328823900009, 1.30227522000007], [117.75328750000006, 1.302274723000039], [117.75328678900007, 1.302274554000064], [117.75325083100006, 1.302256472000067], [117.75324498900011, 1.302252237000062], [117.75324077800008, 1.302246361000073], [117.75319628800003, 1.302156870000033], [117.75315300800003, 1.302087219000043], [117.75293864800005, 1.301853632000075], [117.75293783600011, 1.30185235600004], [117.75293543100008, 1.301849123000068], [117.75288147200001, 1.301749628000039], [117.75288043800003, 1.301747453000075], [117.75287959100001, 1.301745012000026], [117.75284487700003, 1.301622864000024], [117.7528100190001, 1.301580010000066], [117.752756427, 1.301559078000025], [117.75255437300007, 1.301535215000058], [117.75244458100008, 1.301544353000054], [117.75244273600003, 1.301544430000035], [117.75243413600003, 1.301542711000025], [117.75243401800003, 1.301542632000064], [117.75243388400008, 1.301542604000076], [117.75237095800003, 1.301515484000049], [117.7523705640001, 1.301515216000041], [117.75237017100005, 1.301515127000073], [117.75220221900008, 1.301434925000024], [117.75219716800007, 1.301431341000068], [117.75219612900003, 1.301430651000032], [117.75211245700007, 1.301348185000052], [117.75207266400002, 1.301309883000044], [117.75200836200008, 1.301269770000033], [117.75200833600002, 1.301269749000028], [117.7520082960001, 1.301269729000069], [117.75193885300007, 1.301226074000056], [117.75189496900009, 1.30121241400002], [117.75174389500012, 1.301221329000043], [117.75166136500002, 1.301257140000075], [117.75166125200008, 1.301257164000049], [117.75166115200011, 1.301257232000069], [117.75154795300011, 1.301304964000053], [117.75154561000011, 1.301306729000032], [117.75151250200008, 1.301324918000034], [117.75150818100008, 1.303211069000042], [117.75162529200009, 1.303195659000039], [117.75183196600005, 1.303005621000068]], [[117.75197972100011, 1.30253946800002], [117.75203532100011, 1.302486630000033], [117.75214917000005, 1.302496559000076], [117.75220397600003, 1.302515349000032], [117.75224015700007, 1.302493933000051], [117.75231014600001, 1.302479823000056], [117.75236757000005, 1.302491248000024], [117.75239965000003, 1.302514583000061], [117.75241538800003, 1.302574489000051], [117.7524503200001, 1.302592980000043], [117.75243746800004, 1.30264478700002], [117.75239703500006, 1.302672551000057], [117.7523547610001, 1.302687365000054], [117.75231248000011, 1.302681827000072], [117.7522849070001, 1.302683686000023], [117.75223342800007, 1.302650399000072], [117.75218049900002, 1.302661195000042], [117.75211341400006, 1.302679320000038], [117.75206577400002, 1.30269254500007], [117.75202736000006, 1.302669070000036], [117.75199284300004, 1.302668591000042], [117.751965132, 1.30266811000007], [117.75196504400003, 1.302635679000048], [117.75195488100007, 1.302604466000048], [117.75197972100011, 1.30253946800002]], [[117.7527185670001, 1.302147021000053], [117.75274429600006, 1.302128512000024], [117.752749816, 1.302145162000045], [117.75274431000003, 1.302176615000064], [117.75272409700005, 1.302200673000073], [117.75274615800004, 1.302209917000027], [117.75277740600006, 1.302204357000051], [117.7527994720001, 1.302228402000026], [117.75284543200007, 1.302243189000023], [117.75287116700008, 1.302245031000041], [117.75288403900004, 1.302259829000036], [117.75288220300001, 1.302265379000062], [117.7528675000001, 1.30227648500005], [117.75284544200008, 1.302278341000033], [117.7528252190001, 1.302269097000021], [117.752775584, 1.302258011000049], [117.75273514100002, 1.30225062300002], [117.75272043100006, 1.302235826000071], [117.7527057210001, 1.302219180000066], [117.75268733700011, 1.302215485000033], [117.7527001520001, 1.302197121000063], [117.75270203000002, 1.302172928000061], [117.7527185670001, 1.302147021000053]], [[117.752363553, 1.301635676000046], [117.75240629000007, 1.301629518000027], [117.7524408910001, 1.301637701000061], [117.7524490400001, 1.301664328000072], [117.75245719400004, 1.301711437000051], [117.75240200400003, 1.301736940000069], [117.7523778310001, 1.301740138000071], [117.75235340000006, 1.301711469000054], [117.75234118300011, 1.301690989000065], [117.75234166500002, 1.301660475000062], [117.752363553, 1.301635676000046]]]]}},
{"type": "Feature", "properties": {"ba_code": "4321", "blockid": "4321E17P07", "division": "04"}, "geometry": {"type": "MultiPolygon", "coordinates": [[[[117.76476388000003, 1.287753920000057], [117.76474378400007, 1.287809932000073], [117.7647454150001, 1.287814496000067], [117.76475289500002, 1.28782848000003], [117.76477958500004, 1.287840316000029], [117.7647954570001, 1.287862997000047], [117.76479174100007, 1.287900412000056], [117.7648032400001, 1.287935760000039], [117.76481753400003, 1.287965358000065], [117.76480350100007, 1.288032140000041], [117.764796251, 1.288057894000076], [117.76480965600001, 1.288086685000053], [117.76483040000005, 1.288118293000025], [117.76487484600011, 1.28812091900005], [117.76490779800008, 1.288126397000042], [117.76494198700004, 1.288128770000071], [117.76497176900011, 1.288141348000067], [117.76498657800005, 1.288175532000025], [117.7650141900001, 1.288196091000032], [117.76503849300002, 1.288208731000054], [117.76505538900005, 1.288243495000074], [117.7650704130001, 1.288273232000051], [117.76507952500003, 1.288321259000043], [117.76510523000002, 1.288357655000027], [117.7650980840001, 1.288384734000033], [117.76509742500002, 1.288385267000024], [117.76506499300001, 1.28841905500002], [117.76503654200008, 1.288406060000057], [117.76499992100003, 1.288404420000063], [117.7649894440001, 1.288413092000042], [117.76496314100007, 1.288427342000034], [117.76493173500012, 1.28844231000005], [117.76490397200007, 1.28845244300004], [117.76485967400004, 1.288460292000025], [117.76484539800003, 1.288492880000035], [117.76483215700011, 1.288515550000056], [117.76483076700003, 1.288534976000051], [117.76478699800009, 1.288552692000053], [117.76477824300002, 1.288590416000034], [117.76481920200001, 1.288598295000043], [117.76483771900007, 1.288629254000057], [117.76487922900003, 1.288630329000057], [117.76492371300003, 1.288627928000039], [117.76496645100008, 1.288623427000061], [117.76501194900004, 1.288620477000052], [117.76505105900003, 1.288615855000046], [117.76509107400011, 1.288621642000066], [117.76512842600005, 1.288619923000056], [117.76533344400002, 1.288636046000022], [117.76537059600003, 1.288644087000023], [117.76540996900007, 1.28864052900002], [117.76556511800004, 1.288654232000056], [117.76558849100002, 1.288653573000033], [117.76561747200003, 1.288646896000046], [117.76565128700008, 1.288641966000057], [117.76568427900008, 1.288638192000064], [117.76571697700001, 1.288633749000041], [117.76574879500004, 1.288615999000058], [117.76578512300011, 1.288603398000021], [117.7658734050001, 1.288583471000038], [117.76587580500006, 1.288549900000021], [117.76585245500007, 1.288544977000072], [117.76584511400006, 1.288524978000055], [117.76585216, 1.288494699000069], [117.76587060200006, 1.288470973000074], [117.76589667600001, 1.288439236000045], [117.76590759200008, 1.288438964000022], [117.76590982200003, 1.288034746000051], [117.76595894500008, 1.286958786000071], [117.76588623000009, 1.286461669000062], [117.76587512800006, 1.286013715000024], [117.7640470230001, 1.285900935000029], [117.763989562, 1.286023464000039], [117.76398279900002, 1.286081470000056], [117.76398397100002, 1.286223637000035], [117.76399189900008, 1.286283914000023], [117.76399757500008, 1.286370350000027], [117.76400550000005, 1.286421528000062], [117.76404962200002, 1.286592115000076], [117.76409262100003, 1.286606968000058], [117.76410019600007, 1.286581527000067], [117.76415746000009, 1.286496715000055], [117.76429141200003, 1.286483107000038], [117.76434533300005, 1.286491571000056], [117.764410225, 1.286556843000028], [117.76443550500005, 1.286575491000065], [117.76446415600003, 1.286597529000062], [117.76453408100008, 1.286593268000047], [117.76455515300006, 1.286626331000036], [117.76455853300001, 1.286659400000076], [117.76457370800006, 1.28669416200006], [117.76459225100007, 1.286719595000022], [117.76457119600002, 1.286745040000028], [117.76454342200009, 1.286838322000051], [117.76451225700009, 1.286862922000068], [117.76441370100008, 1.286914677000027], [117.76438000100006, 1.286914687000035], [117.76434629900007, 1.28690367400003], [117.76415422600007, 1.28695291300005], [117.76417361900008, 1.287004632000048], [117.7642107040001, 1.287058042000069], [117.7642444380001, 1.287175049000041], [117.76428744100008, 1.287295445000041], [117.764329599, 1.287406513000064], [117.7643961870001, 1.287511639000058], [117.76471134100007, 1.287725227000067], [117.76476388000003, 1.287753920000057]]]]}},
{"type": "Feature", "properties": {"ba_code": "4321", "blockid": "4321M38P08", "division": "03"}, "geometry": {"type": "MultiPolygon", "coordinates": [[[[117.82212259700009, 1.217907034000064], [117.8204135950001, 1.216963572000054], [117.82037331800007, 1.22033936400004], [117.82039069600012, 1.221988701000043], [117.82299215400008, 1.221940205000067], [117.82295161200011, 1.21810003500002], [117.82252688900007, 1.218030961000068], [117.82212259700009, 1.217907034000064]]]]}},
{"type": "Feature", "properties": {"ba_code": "4321", "blockid": "4321I26P07", "division": "05"}, "geometry": {"type": "MultiPolygon", "coordinates": [[[[117.78820188800012, 1.25871754800005], [117.78880502600009, 1.25871208600006], [117.78995550400009, 1.258738875000063], [117.79000043600001, 1.258711722000044], [117.78999094500011, 1.25703814000002], [117.79002637300005, 1.255292173000043], [117.78999041500003, 1.255274091000047], [117.78999894700007, 1.253754292000053], [117.79003490200012, 1.253763328000048], [117.79002578600011, 1.253338149000058], [117.7900254860001, 1.25233399800004], [117.79003393800008, 1.250542808000034], [117.79003371300007, 1.249791956000024], [117.78823612100007, 1.249828685000068], [117.7874631410001, 1.249792733000049], [117.78731934400003, 1.249828962000038], [117.78732858800004, 1.250688368000056], [117.78737353100007, 1.250697401000025], [117.78741968300005, 1.254759226000033], [117.78747443200007, 1.257500272000073], [117.78742949200011, 1.257500285000049], [117.78742062900005, 1.25791642300004], [117.78742086500006, 1.258703460000049], [117.78777140400007, 1.258721447000028], [117.78783281000005, 1.258720891000053], [117.7879026710001, 1.258717478000051], [117.78790306100007, 1.258717546000071], [117.78790353200009, 1.258717445000059], [117.78797737200011, 1.258715424000059], [117.787977597, 1.258715465000023], [117.7879778460001, 1.258715413000061], [117.78806467600009, 1.258714062000024], [117.788065329, 1.258714187000066], [117.78806597900007, 1.258714062000024], [117.78815595600008, 1.258715579000068], [117.7881565240001, 1.258715697000071], [117.78815701300005, 1.258715610000024], [117.78820188800012, 1.25871754800005]]]]}},
{"type": "Feature", "properties": {"ba_code": "4321", "blockid": "4321H17P06", "division": "01"}, "geometry": {"type": "MultiPolygon", "coordinates": [[[[117.76318849100005, 1.258985908000056], [117.76231595700006, 1.258980634000068], [117.762437782, 1.261770331000037], [117.7624461260001, 1.264217271000064], [117.76218361200006, 1.266289108000024], [117.76245127300001, 1.266752438000026], [117.7633344840001, 1.26758906200007], [117.76339321700004, 1.267552210000076], [117.76340369000002, 1.267550051000057], [117.76335334400005, 1.267413358000056], [117.76329936700006, 1.267250538000042], [117.7632903760001, 1.267241494000075], [117.76316447600004, 1.267015370000024], [117.7630296100001, 1.266861620000043], [117.76285877200007, 1.266644556000074], [117.76284970900008, 1.266391258000056], [117.76293953000004, 1.266183162000061], [117.76313720000007, 1.265947896000057], [117.76337083800001, 1.265766897000049], [117.76362245300004, 1.265585893000036], [117.76385610900002, 1.265468220000059], [117.76388306800004, 1.265450119000036], [117.76405380300002, 1.265314372000034], [117.7641706060001, 1.265169594000042], [117.76431435800009, 1.264970529000038], [117.76431435500001, 1.264961483000036], [117.7645390030001, 1.264771440000061], [117.76474568700007, 1.26462663600006], [117.76489844800005, 1.264499940000064], [117.76507815500008, 1.264309911000055], [117.76518140100006, 1.264230308000037], [117.76517700000011, 1.264228464000041], [117.7649612460001, 1.264092831000028], [117.76488931100005, 1.263993341000059], [117.764790392, 1.263821488000076], [117.76459259800004, 1.263631571000076], [117.76455663800004, 1.26360444200003], [117.76446673500004, 1.263532097000052], [117.76436784000009, 1.263441662000048], [117.76419702800001, 1.263315062000061], [117.76399924500004, 1.263161330000059], [117.76377448400001, 1.262962375000029], [117.76370250000002, 1.262691002000054], [117.76368450000007, 1.262609589000022], [117.76367547000007, 1.262464849000025], [117.76363820600011, 1.262052855000036], [117.76360859800002, 1.261908652000045], [117.76363032100005, 1.261750192000022], [117.76359432100003, 1.261587366000072], [117.76359430700006, 1.261542134000024], [117.76357631300004, 1.261478814000043], [117.76354026000001, 1.261135059000026], [117.76345028900005, 1.260827506000055], [117.76331539700004, 1.260583291000046], [117.76317152100012, 1.260357172000056], [117.76306357700003, 1.260058670000035], [117.7630365340001, 1.259787284000026], [117.76303645700011, 1.259524937000037], [117.76306338000006, 1.259380186000044], [117.76309927700004, 1.259190199000045], [117.7631351980001, 1.259081631000072], [117.76318849100005, 1.258985908000056]]], [[[117.76492917000007, 1.258996430000025], [117.7632593510001, 1.258986337000067], [117.76321608500007, 1.259063515000037], [117.76318015100003, 1.25912685000003], [117.76317116900009, 1.259144946000049], [117.76313524500006, 1.25924446800002], [117.76311730300006, 1.259362077000048], [117.76309941600005, 1.259669662000022], [117.7630994220001, 1.259687755000073], [117.76309947400011, 1.259868684000025], [117.76314447800007, 1.260085786000047], [117.7632074500001, 1.260275743000022], [117.76334234300009, 1.260519958000032], [117.76346823400002, 1.260718943000029], [117.76356716900011, 1.260945075000052], [117.76362116100006, 1.261162174000049], [117.76364821000004, 1.261451653000051], [117.76367523500005, 1.261659714000075], [117.76373825700011, 1.262021553000068], [117.76374725000005, 1.262039644000026], [117.76376534000008, 1.262428636000038], [117.76376534300005, 1.26243768300003], [117.763792394, 1.262736208000035], [117.7638103810001, 1.26277238800003], [117.76392729000008, 1.262989469000047], [117.764143052, 1.263152241000057], [117.7642509310001, 1.263224581000031], [117.76443972300001, 1.263369269000066], [117.76445770200007, 1.263378310000064], [117.764664476, 1.263541085000043], [117.76467346700008, 1.263550129000066], [117.76468245800004, 1.263559172000043], [117.76481731900003, 1.26369482900003], [117.76488026800007, 1.263803368000026], [117.764889261, 1.263821458000052], [117.76500615700002, 1.263993306000032], [117.76507808800011, 1.264083750000054], [117.76521293700011, 1.264174174000061], [117.76544859400008, 1.264244376000022], [117.76514382900007, 1.260852832000069], [117.76492917000007, 1.258996430000025]]], [[[117.76346332000003, 1.267541956000059], [117.76548132100004, 1.267582743000048], [117.76545220100002, 1.26433006700006], [117.76539274100003, 1.264318864000074], [117.76523417900012, 1.264252423000073], [117.7652091000001, 1.264273180000032], [117.76505121700006, 1.264400384000055], [117.76488948600002, 1.264590407000071], [117.76470976600001, 1.264735204000033], [117.76452105600004, 1.264870957000028], [117.76435930900004, 1.265006702000051], [117.7642245400001, 1.265187671000035], [117.76409875400009, 1.265350544000057], [117.7639280200001, 1.265486292000048], [117.76373031300011, 1.265594908000025], [117.76347869300002, 1.265757819000044], [117.76315519500008, 1.266011216000038], [117.76314620900007, 1.266020265000066], [117.7629844810001, 1.266219335000073], [117.76290365400007, 1.266445520000048], [117.76298462700004, 1.266716890000055], [117.76319141700003, 1.266933944000073], [117.76333529300007, 1.267160063000063], [117.763416258, 1.267404293000027], [117.76346332000003, 1.267541956000059]]]]}},
{"type": "Feature", "properties": {"ba_code": "4321", "blockid": "4321H34P08", "division": "02"}, "geometry": {"type": "MultiPolygon", "coordinates": [[[[117.81186454600004, 1.266969775000064], [117.81257206100008, 1.266969704000076], [117.81263221100005, 1.266969046000042], [117.81254472, 1.266231318000052], [117.81243664400006, 1.265525736000029], [117.81243664100009, 1.265516690000027], [117.81241862600007, 1.26539004600005], [117.81236466100006, 1.265272461000052], [117.81238260900011, 1.265181992000066], [117.81237360400007, 1.265127716000052], [117.81234661500002, 1.265046308000024], [117.8123465860001, 1.264955844000042], [117.81231959400009, 1.264865389000022], [117.81231958600006, 1.264838250000025], [117.8123105840001, 1.26479302100006], [117.81225664400006, 1.264756853000051], [117.81225663000009, 1.26471162100006], [117.81225662700001, 1.264702574000069], [117.81223863700006, 1.264657348000071], [117.81218469200007, 1.264603087000069], [117.81214871500003, 1.264521681000076], [117.81211274900011, 1.264476461000072], [117.81202283200003, 1.264358887000071], [117.8119778780001, 1.264313669000046], [117.81191495100006, 1.264277503000073], [117.81190594300006, 1.264214182000046], [117.81190592100006, 1.264141811000059], [117.81189691600002, 1.264087535000044], [117.81189690200006, 1.264042304000043], [117.81189490300005, 1.26402624900004], [117.81189466900003, 1.263954004000027], [117.81191483600003, 1.263906603000066], [117.81189681500007, 1.263761867000028], [117.81190578300004, 1.263698539000075], [117.8119057770001, 1.26368044700007], [117.81190576300003, 1.263635215000022], [117.81191474600007, 1.26361711900006], [117.81190089000006, 1.263575327000069], [117.81190729500008, 1.26354869000005], [117.81192370600002, 1.263526653000042], [117.81193268200002, 1.263490465000075], [117.81197757500001, 1.263336663000075], [117.81197755800008, 1.263282384000036], [117.8120584080001, 1.263146664000033], [117.81206032000011, 1.263142169000048], [117.8120895180001, 1.263112835000072], [117.81208133900009, 1.263092765000067], [117.81208535200005, 1.263083331000075], [117.81210330300007, 1.263001908000035], [117.81205832900002, 1.262893366000071], [117.81197740100004, 1.262775789000045], [117.81197739800007, 1.262766742000053], [117.81195038600003, 1.262612963000038], [117.8118874170001, 1.262441102000025], [117.81184245100008, 1.262359699000058], [117.81181547100005, 1.262305429000037], [117.81177049100006, 1.262178794000022], [117.81177048600011, 1.262160701000028], [117.81169855400003, 1.26207026000003], [117.81168954300006, 1.261997892000068], [117.81165356000008, 1.26189839400007], [117.81159959000001, 1.261762715000032], [117.81155463300001, 1.261708451000061], [117.8115186340001, 1.26155467500007], [117.81150963700009, 1.261527538000053], [117.81148266200012, 1.261491361000026], [117.81145567300007, 1.261409953000054], [117.81142869500002, 1.261364729000036], [117.81139271800009, 1.261283323000043], [117.81135672900007, 1.261165732000052], [117.811311767, 1.26109337500003], [117.8112398070001, 1.26091247100004], [117.81117683200011, 1.260722517000033], [117.81117682600006, 1.260704424000039], [117.8111498400001, 1.26063206200007], [117.81114983700002, 1.260623015000021], [117.81107788300005, 1.260460204000026], [117.81103288400004, 1.260270244000026], [117.81101489900004, 1.260243111000023], [117.8109699260001, 1.260134568000069], [117.81095193300007, 1.260080296000069], [117.81092494900008, 1.260016980000046], [117.81089796900005, 1.259962710000025], [117.81088897500001, 1.259944620000056], [117.81083501100011, 1.259827035000058], [117.81071811900006, 1.259673283000041], [117.81066417200009, 1.259609975000046], [117.81062819700003, 1.259537616000046], [117.81059223400007, 1.259501442000044], [117.81054728600009, 1.25947431700007], [117.81041241300011, 1.259302478000052], [117.81036745900008, 1.259257260000027], [117.8102595690001, 1.259148738000022], [117.81020561000003, 1.259049245000028], [117.81013369000004, 1.25899498900003], [117.81010672000002, 1.258976905000054], [117.8100437820001, 1.258904553000036], [117.81005277000008, 1.258904551000057], [117.80993588700005, 1.258777938000037], [117.80984597600002, 1.258678456000041], [117.80974708000008, 1.258588024000062], [117.80972909900004, 1.258569936000072], [117.80967513400003, 1.258452351000074], [117.80967512900008, 1.258434258000023], [117.80967512300003, 1.258416165000028], [117.80964331400003, 1.258392871000069], [117.80959689000008, 1.258386035000058], [117.809462112, 1.258415169000045], [117.80957327700003, 1.26266600200006], [117.80974880800011, 1.267062201000044], [117.81186454600004, 1.266969775000064]]]]}},
{"type": "Feature", "properties": {"ba_code": "4321", "blockid": "4321G22P06", "division": "01"}, "geometry": {"type": "MultiPolygon", "coordinates": [[[[117.77915873800009, 1.267712686000039], [117.77731021200009, 1.267672288000028], [117.77619755600006, 1.267672945000072], [117.77632459400002, 1.271828925000023], [117.77629327000011, 1.274659635000035], [117.7762864130001, 1.276666581000029], [117.77928322800005, 1.276656278000075], [117.77942160700002, 1.276073908000058], [117.77933236600006, 1.27530882800005], [117.77935802600007, 1.275003508000054], [117.77937393200011, 1.274221553000075], [117.77933145500003, 1.273990536000042], [117.77921881100008, 1.271233242000051], [117.7791761740001, 1.270059454000034], [117.77916715700007, 1.268998728000042], [117.77915873800009, 1.267712686000039]]]]}},
{"type": "Feature", "properties": {"ba_code": "4321", "blockid": "4321H12P07", "division": "01"}, "geometry": {"type": "MultiPolygon", "coordinates": [[[[117.75053937000007, 1.266359635000072], [117.75066578100007, 1.266261013000076], [117.75116325800002, 1.266262409000035], [117.75130112400007, 1.264229469000043], [117.75100571300004, 1.259899817000075], [117.74916337500008, 1.259904171000073], [117.74840524900003, 1.259958690000076], [117.74840425200011, 1.260310220000065], [117.74846343800004, 1.260463442000059], [117.74842768700012, 1.260678462000044], [117.74845082500008, 1.261695386000042], [117.74849545600011, 1.262370055000019], [117.7487178020001, 1.26608028000004], [117.7487650710001, 1.26715327200003], [117.74896638500002, 1.267277106000051], [117.74995222300004, 1.26709524000006], [117.75017773500008, 1.26690723300004], [117.75029951700003, 1.266747596000073], [117.75053937000007, 1.266359635000072]]], [[[117.75148106000006, 1.26672099700005], [117.7515002770001, 1.266584442000067], [117.7514340570001, 1.266522536000025], [117.75133456700007, 1.266412928000022], [117.7512305030001, 1.266331492000063], [117.75117301000012, 1.26630037700005], [117.75107580100007, 1.266287599000066], [117.75101092500006, 1.266282913000055], [117.75094665200004, 1.266275652000047], [117.75087906800002, 1.266274916000043], [117.75085398400006, 1.266277022000054], [117.75095475800003, 1.266336348000038], [117.75096271400002, 1.266369292000036], [117.75095369500002, 1.266396554000039], [117.75095074700005, 1.266430857000046], [117.75094761000003, 1.266465031000052], [117.75095144300008, 1.266511750000063], [117.75096771400001, 1.266553542000054], [117.75099276700007, 1.266584303000059], [117.75101727800006, 1.266623467000045], [117.75105037300011, 1.266654030000041], [117.75109819800002, 1.266643757000054], [117.75114675900011, 1.26664689200004], [117.75118631100008, 1.266673303000061], [117.7512323090001, 1.266682549000052], [117.75128864700002, 1.266670738000073], [117.75134469700004, 1.266677166000022], [117.75138082600006, 1.26671797900002], [117.75141937, 1.266751827000064], [117.75146319600003, 1.26676053500006], [117.75148146600009, 1.266727465000031], [117.75148106000006, 1.26672099700005]]]]}},
{"type": "Feature", "properties": {"ba_code": "4321", "blockid": "4321L35P13", "division": "06"}, "geometry": {"type": "MultiPolygon", "coordinates": [[[[117.81209543900002, 1.226744961000065], [117.81208076200005, 1.226607031000071], [117.81208201600009, 1.226592628000049], [117.81208155800005, 1.226536730000021], [117.81207122100011, 1.226478976000067], [117.81207224600007, 1.226419837000037], [117.81207692700002, 1.226362497000025], [117.81207757400011, 1.226309022000066], [117.81207872000004, 1.226254011000037], [117.81209513800002, 1.226208384000074], [117.81210471400004, 1.22615623300004], [117.81211717500003, 1.226107367000054], [117.81212531300002, 1.226068552000072], [117.81214447500008, 1.226064191000034], [117.81217522500003, 1.226066517000049], [117.8122040080001, 1.226079330000061], [117.81222260800007, 1.226088363000031], [117.812262314, 1.226105385000039], [117.81227865400001, 1.226111222000043], [117.81229806500005, 1.226113516000055], [117.81228915300005, 1.226096738000024], [117.81232072900002, 1.22607006000004], [117.81235199200012, 1.226034955000046], [117.81238338700007, 1.226017963000061], [117.8124277820001, 1.226013968000075], [117.81246674800002, 1.225998282000035], [117.8125078170001, 1.225974504000021], [117.81254789900004, 1.225940216000026], [117.81256349000012, 1.225977365000062], [117.81258248200004, 1.226023913000063], [117.81258800400008, 1.226067218000026], [117.81259540700012, 1.226102236000031], [117.81260286300005, 1.226142204000041], [117.8126140820001, 1.226181981000025], [117.8126243260001, 1.226221630000055], [117.81265077400008, 1.226246495000055], [117.81269997200002, 1.226245318000053], [117.8127427600001, 1.22622102400004], [117.81276507500002, 1.226190941000027], [117.81279609400008, 1.22616425700005], [117.81283267800006, 1.226125871000022], [117.812865912, 1.226107260000049], [117.81289784800003, 1.226068519000023], [117.81291511500001, 1.226020428000027], [117.8129252550001, 1.225961811000047], [117.81293245900008, 1.225911613000051], [117.8129359620001, 1.225866892000056], [117.812907117, 1.225842053000065], [117.81289798300008, 1.22579551900003], [117.81289485000002, 1.225746977000028], [117.812876802, 1.22569462000007], [117.81286343200009, 1.225653429000033], [117.81287989700002, 1.225615502000039], [117.81290924600012, 1.225607622000041], [117.81295380400002, 1.225618571000041], [117.81299989100012, 1.225623244000076], [117.81302192700002, 1.225658494000072], [117.81305877700004, 1.22566579100004], [117.81311118400004, 1.22565748300002], [117.813166281, 1.225654268000028], [117.81322047100002, 1.225655165000035], [117.81326865200003, 1.22565271700006], [117.81332164700007, 1.22565521000007], [117.8133701270001, 1.225663612000062], [117.81342031000008, 1.225666108000041], [117.8134786280001, 1.225668302000031], [117.8135303360001, 1.225667261000069], [117.81357824100007, 1.225665129000049], [117.81362750900007, 1.225665625000033], [117.8136763330001, 1.225661676000072], [117.81370670900003, 1.225634827000022], [117.81372354100006, 1.225597709000056], [117.81372847500006, 1.225547251000023], [117.81373654100003, 1.225506985000038], [117.81374662000007, 1.225457726000059], [117.81374944000004, 1.225401852000061], [117.81375804200002, 1.225349361000042], [117.81376744800002, 1.225311911000063], [117.8137827270001, 1.225314031000039], [117.81379578400004, 1.225319761000037], [117.813839959, 1.225329271000021], [117.81388463100006, 1.225345866000055], [117.81392767500006, 1.225332705000028], [117.81391531100007, 1.225290453000071], [117.81391591600004, 1.225243830000068], [117.81394540000008, 1.225204255000051], [117.81396152100001, 1.225178095000047], [117.814002576, 1.225193282000021], [117.81402383500006, 1.225231590000021], [117.81405251000001, 1.225256223000031], [117.81406030100004, 1.225295679000055], [117.81409582000003, 1.225314049000076], [117.81412355600003, 1.225302192000072], [117.81413729400003, 1.225314356000069], [117.81418675700002, 1.225307852000071], [117.8142300400001, 1.225304065000046], [117.81428123100011, 1.225316569000029], [117.81433730700007, 1.225324838000063], [117.8143949890001, 1.225326693000056], [117.814435838, 1.22527883600003], [117.81445189200008, 1.225235018000035], [117.81447841800002, 1.225187962000064], [117.81447780200006, 1.225136950000035], [117.8144608230001, 1.225096624000059], [117.81446953000011, 1.225044311000033], [117.8144638010001, 1.224993203000054], [117.8144615440001, 1.224946991000024], [117.81447468200008, 1.224897657000042], [117.81448442500005, 1.224842973000023], [117.81449324900007, 1.224787477000064], [117.81450754500008, 1.224742014000071], [117.8145108010001, 1.224684138000043], [117.81448973300007, 1.224641185000053], [117.81448244800004, 1.224605569000062], [117.81448051600012, 1.224599964000049], [117.81448522100004, 1.224580598000045], [117.81452738900009, 1.224556708000023], [117.81456306400003, 1.22453125100003], [117.81457144700005, 1.224502229000052], [117.81453917200008, 1.224504270000068], [117.814468024, 1.224513242000057], [117.81430603400008, 1.224531409000065], [117.81414425800006, 1.224549551000052], [117.81414252900004, 1.224549697000043], [117.81398247400011, 1.224558696000031], [117.8138763280001, 1.22457653500004], [117.81387115600012, 1.224576968000065], [117.81378461000008, 1.224576994000074], [117.8136620460001, 1.224603468000055], [117.8136609180001, 1.224603690000038], [117.81365695200009, 1.224604136000039], [117.81347534000008, 1.224612896000053], [117.81336544600003, 1.224672498000075], [117.81323297400002, 1.22475255400002], [117.81314081300002, 1.224825483000075], [117.81310872900008, 1.224850872000047], [117.81310733400005, 1.224851914000055], [117.81301747400005, 1.224915266000039], [117.81301516300005, 1.224916749000045], [117.8130135030001, 1.22491764800003], [117.81294211300008, 1.224953603000074], [117.812843756, 1.225007640000058], [117.81284108400007, 1.225008947000049], [117.81271527000001, 1.225063264000028], [117.8125923670001, 1.225116324000055], [117.81247815200004, 1.225195962000043], [117.81247338900005, 1.225198697000053], [117.81246822700007, 1.225200559000029], [117.81246282300003, 1.225201490000075], [117.81245733900005, 1.22520146200003], [117.81245194400003, 1.225200477000044], [117.81244680100008, 1.225198563000049], [117.81244206600002, 1.225195779000046], [117.81243788300003, 1.225192211000035], [117.81243437900002, 1.225187965000032], [117.81243166200011, 1.225183172000072], [117.81243138400009, 1.225182392000022], [117.81233442400003, 1.225224251000043], [117.81223557700002, 1.225287606000052], [117.8120917870001, 1.225341928000034], [117.81194799200011, 1.225378157000023], [117.8117862040001, 1.225360114000068], [117.81166037100002, 1.225351106000062], [117.81154354500006, 1.225405420000072], [117.81143570400002, 1.225450684000066], [117.81134584200004, 1.225504990000047], [117.81129192500009, 1.225541192000037], [117.81124699700001, 1.225577391000058], [117.81114813800002, 1.225604560000022], [117.81104927400008, 1.225613637000038], [117.81104029200003, 1.225631732000068], [117.81075573400005, 1.225738618000037], [117.81088016900003, 1.225930998000024], [117.81097559400007, 1.226055877000022], [117.81108562100007, 1.226203439000074], [117.81130860500002, 1.226503005000041], [117.8113517480001, 1.226563275000046], [117.81162839100011, 1.226953705000028], [117.81163389000005, 1.226952320000066], [117.81164287800004, 1.226952317000041], [117.81166983300011, 1.226925169000026], [117.8117686920001, 1.226898], [117.81182260800006, 1.226861798000073], [117.81192146700005, 1.226834629000052], [117.81197538600009, 1.226807474000054], [117.81204997900011, 1.226774078000062], [117.81205626600001, 1.226771263000046], [117.81206032900002, 1.226768536000066], [117.81209543900002, 1.226744961000065]]]]}},
{"type": "Feature", "properties": {"ba_code": "4321", "blockid": "4321E13P16", "division": "06"}, "geometry": {"type": "MultiPolygon", "coordinates": [[[[117.75377050800012, 1.29312628200006], [117.75395920000005, 1.292918156000042], [117.75418768100008, 1.292980800000066], [117.7541867000001, 1.289650268000059], [117.7542458580001, 1.289643245000036], [117.75432675200011, 1.289643221000063], [117.75434471000005, 1.289579890000027], [117.75438062300009, 1.289444183000057], [117.75435362100006, 1.28931754000007], [117.75429968700007, 1.28929946300002], [117.75419177700007, 1.289127612000073], [117.75414681200004, 1.289046207000069], [117.75413779200005, 1.288937652000072], [117.75416470900007, 1.288774807000038], [117.75422755700004, 1.28853958000002], [117.75429045900012, 1.288485283000057], [117.75442525300002, 1.288385731000062], [117.75458702500009, 1.288331404000076], [117.7547937270001, 1.288240878000067], [117.75479370100004, 1.288150413000039], [117.75454189700008, 1.287698164000062], [117.75451491400008, 1.287634847000049], [117.75465862500005, 1.287291038000035], [117.75473050100004, 1.287191505000067], [117.75510795800005, 1.287028556000053], [117.75501796700007, 1.286657677000051], [117.75490107200005, 1.286494875000074], [117.7547482650001, 1.286467782000045], [117.75452355400012, 1.286449755000035], [117.75443366400009, 1.286422643000037], [117.75432578400012, 1.286350303000063], [117.75426278200007, 1.286060834000068], [117.75427393200005, 1.285897400000067], [117.75265752700011, 1.28589788000005], [117.75266283700012, 1.285916566000026], [117.75290560100007, 1.286196935000021], [117.75301347300001, 1.286242135000066], [117.75293261900003, 1.286377857000048], [117.75269909200006, 1.286947854000061], [117.75261824300003, 1.287101669000037], [117.75263628900007, 1.287336872000026], [117.75270825500002, 1.287544919000027], [117.75270827700001, 1.287617291000061], [117.75269465800011, 1.287638488000027], [117.75249027600012, 1.287610327000039], [117.7524205090001, 1.287502142000051], [117.75226655900008, 1.287248760000068], [117.75224250400004, 1.286899197000025], [117.75221722000003, 1.286901145000058], [117.75203484400004, 1.287422115000027], [117.75187740100012, 1.287572173000058], [117.75152509000009, 1.287756683000055], [117.75151847400002, 1.287758551000024], [117.75151870200011, 1.288538439000035], [117.7514587610001, 1.28856711800006], [117.75092797500008, 1.288954211000032], [117.75078592700004, 1.289262334000057], [117.7510818610001, 1.289164723000056], [117.75134251200006, 1.289137506000031], [117.75150434000011, 1.289273156000036], [117.75145045800002, 1.289436008000052], [117.75148654700001, 1.289897368000027], [117.75172044800001, 1.29060292500003], [117.75152275700009, 1.290774867000039], [117.75151754, 1.29077004200002], [117.75151852800002, 1.294131346000029], [117.75152173800006, 1.294131345000039], [117.75385169900005, 1.294130417000076], [117.75385165900002, 1.293994720000057], [117.75370780700007, 1.293859066000039], [117.75377969200008, 1.293786672000067], [117.75395044400011, 1.293705203000059], [117.75401332400008, 1.293578533000073], [117.753959344, 1.293406666000067], [117.75379754800008, 1.293379575000074], [117.75377050800012, 1.29312628200006]], [[117.75267706800003, 1.287956203000022], [117.7526791900001, 1.287954359000025], [117.75268023400008, 1.287957510000069], [117.75267366100002, 1.28796099300007], [117.75267706800003, 1.287956203000022]]]]}},
{"type": "Feature", "properties": {"ba_code": "4321", "blockid": "4321K34P08", "division": "03"}, "geometry": {"type": "MultiPolygon", "coordinates": [[[[117.812057245, 1.231206228000076], [117.80939997000007, 1.231219664000037], [117.80936216200007, 1.234569235000038], [117.8093858630001, 1.238948468000046], [117.80939006400001, 1.240092566000044], [117.81207186300003, 1.240064448000055], [117.81211073700001, 1.236840850000021], [117.812057245, 1.231206228000076]]]]}},
{"type": "Feature", "properties": {"ba_code": "4321", "blockid": "4321H13P07", "division": "01"}, "geometry": {"type": "MultiPolygon", "coordinates": [[[[117.753875547, 1.263473028000021], [117.75398164100011, 1.26187311800004], [117.7540666640001, 1.259851188000027], [117.75358727900004, 1.259857071000056], [117.75236029900009, 1.259943589000045], [117.75152534300003, 1.25992332200002], [117.75106258500011, 1.259901521000074], [117.75135445500007, 1.264218421000066], [117.75147134400004, 1.266467568000053], [117.7515517700001, 1.26659832200005], [117.75186063100011, 1.266932434000068], [117.75250877100007, 1.267322609000075], [117.75342917400008, 1.268004142000052], [117.7538502210001, 1.267957247000027], [117.75417227600008, 1.267984467000076], [117.75423843100009, 1.267982130000064], [117.753875547, 1.263473028000021]]]]}},
{"type": "Feature", "properties": {"ba_code": "4321", "blockid": "4321J32P07", "division": "03"}, "geometry": {"type": "MultiPolygon", "coordinates": [[[[117.80392637700004, 1.245167236000043], [117.80392973900007, 1.245339898000054], [117.80399735100002, 1.249344522000058], [117.80579887200008, 1.249325949000024], [117.80607548400008, 1.248995603000026], [117.8064918450001, 1.248019548000059], [117.80652235000002, 1.247936971000058], [117.80654042800006, 1.247868089000065], [117.80658765600003, 1.247787236000022], [117.80662232500003, 1.24771912600005], [117.80659389100003, 1.243861358000061], [117.80649795800002, 1.244006290000073], [117.80628228, 1.244114913000033], [117.80603063600006, 1.244178315000056], [117.80577002100006, 1.244295998000041], [117.8055273760001, 1.244395582000038], [117.8052128060001, 1.244422818000032], [117.80495216600002, 1.244459084000027], [117.80466457300008, 1.244531543000051], [117.80445788600002, 1.244649209000045], [117.80426020800007, 1.244839244000048], [117.80408948900003, 1.245011177000038], [117.80392637700004, 1.245167236000043]]], [[[117.80656764200012, 1.240299484000047], [117.8039049030001, 1.240378926000062], [117.80386756500002, 1.24214663600003], [117.80392447000008, 1.245069305000072], [117.80401757700008, 1.244984060000036], [117.80419727300011, 1.244775939000021], [117.80440394700008, 1.244613040000047], [117.80462861300009, 1.244504415000051], [117.80489822700008, 1.24442291500003], [117.80510493700001, 1.244377619000034], [117.80534760600005, 1.244359452000026], [117.80543748600007, 1.244359425000027], [117.80566216600005, 1.244296031000033], [117.8058688530001, 1.244178365000039], [117.80603960500002, 1.244114987000046], [117.80611150300001, 1.244096873000046], [117.8063002450001, 1.24407872200004], [117.80647996500011, 1.243952017000026], [117.80655182800001, 1.243816300000049], [117.80658774400001, 1.243698686000073], [117.80658773800008, 1.243680593000022], [117.80659252400005, 1.243675774000053], [117.80656764200012, 1.240299484000047]]]]}},
{"type": "Feature", "properties": {"ba_code": "4321", "blockid": "4321G30P06", "division": "02"}, "geometry": {"type": "MultiPolygon", "coordinates": [[[[117.79864524000004, 1.267451731000051], [117.79867104100003, 1.271080063000056], [117.80057706000002, 1.270414346000052], [117.80107523000004, 1.270463025000026], [117.80103916100006, 1.267460800000038], [117.79864524000004, 1.267451731000051]]]]}},
{"type": "Feature", "properties": {"ba_code": "4321", "blockid": "4321H22P06", "division": "01"}, "geometry": {"type": "MultiPolygon", "coordinates": [[[[117.7765035000001, 1.265393090000032], [117.77673349300005, 1.264131442000064], [117.77624984800002, 1.264121119000038], [117.77621183500003, 1.267617308000069], [117.77731135500005, 1.267624905000048], [117.77915870400011, 1.267631171000062], [117.77903522400004, 1.264357713000038], [117.77903096900002, 1.263962914000047], [117.7790292090001, 1.263962966000065], [117.77846533200011, 1.264026556000033], [117.77846049900006, 1.264027269000053], [117.77846040500003, 1.26401284800005], [117.77764687100012, 1.264102422000065], [117.77764573700006, 1.264102484000034], [117.77764548500011, 1.264102543000035], [117.77750693200005, 1.264111582000055], [117.77747431300008, 1.265148192000026], [117.77659953900002, 1.265366051000058], [117.7765035000001, 1.265393090000032]]], [[[117.77899203200002, 1.260350063000033], [117.77897537900003, 1.258804756000075], [117.77783508200002, 1.258820212000046], [117.77769468600002, 1.258813714000041], [117.77709854800003, 1.258846839000057], [117.77662244200008, 1.258843651000063], [117.77628947800008, 1.258863561000055], [117.77627878400006, 1.261459941000055], [117.77627841000003, 1.261494319000064], [117.77696607900009, 1.261246286000073], [117.77730266900005, 1.261103524000021], [117.77800908200004, 1.260527173000071], [117.77801684500002, 1.260522520000052], [117.77802084900009, 1.260521159000064], [117.77849717900006, 1.260394366000071], [117.77850040600003, 1.260393943000054], [117.7785024640001, 1.260393435000026], [117.77899203200002, 1.260350063000033]]], [[[117.77751307800008, 1.263916269000049], [117.77750893300004, 1.264047994000066], [117.77764072100001, 1.264039396000044], [117.7784599900001, 1.263949191000052], [117.7784495950001, 1.262353780000069], [117.7785092150001, 1.262360501000046], [117.778573, 1.262374303000058], [117.77864151800009, 1.262367812000036], [117.77871549600002, 1.262369235000051], [117.7787738180001, 1.262366013000076], [117.77884324000001, 1.262363907000065], [117.77890808600011, 1.262368264000031], [117.7789684600001, 1.262373069000034], [117.7789780820001, 1.262367892000043], [117.77901372100007, 1.262362554000049], [117.77899272400009, 1.260414276000063], [117.77898625800003, 1.260414145000027], [117.77851066200003, 1.260456279000039], [117.77804345900006, 1.260580643000026], [117.777338815, 1.261155551000058], [117.77733161000003, 1.261159869000039], [117.77733122200004, 1.261160132000043], [117.7769897180001, 1.261304977000066], [117.77698881000003, 1.261305162000042], [117.776988114, 1.261305606000064], [117.77627767600006, 1.261561853000046], [117.77625053500003, 1.264057886000046], [117.7762509690001, 1.264057804000061], [117.77674499500006, 1.264068348000023], [117.77674687400008, 1.264058041000055], [117.77677264500005, 1.263937559000055], [117.77680788400005, 1.263808117000053], [117.77683283500005, 1.263705205000065], [117.7774826750001, 1.263911454000038], [117.77750186900005, 1.263919031000057], [117.77751143700004, 1.263917474000039], [117.77751307800008, 1.263916269000049]]]]}},
{"type": "Feature", "properties": {"ba_code": "4321", "blockid": "4321D27P08", "division": "04"}, "geometry": {"type": "MultiPolygon", "coordinates": [[[[117.79066029600006, 1.293774512000027], [117.79072014400003, 1.296934907000036], [117.79319340000006, 1.296705449000058], [117.7935463010001, 1.296559122000076], [117.79362526600005, 1.296514583000032], [117.79362656500007, 1.29645030000006], [117.79342888600002, 1.293649129000073], [117.79066029600006, 1.293774512000027]]]]}},
{"type": "Feature", "properties": {"ba_code": "4321", "blockid": "4321F18P07", "division": "04"}, "geometry": {"type": "MultiPolygon", "coordinates": [[[[117.76594792900005, 1.284951273000047], [117.76594493400012, 1.285937185000023], [117.7674818590001, 1.285958202000074], [117.76786303300003, 1.285976823000055], [117.76861949500005, 1.286011477000045], [117.76855712600002, 1.28482622100006], [117.768339749, 1.281662312000037], [117.76829047600006, 1.280027342000039], [117.76822938400005, 1.278921900000057], [117.76821933000008, 1.278937089000067], [117.76807557300003, 1.27911806100002], [117.76791383800003, 1.27928999300002], [117.7677431080001, 1.279443834000062], [117.76762628900008, 1.279534333000072], [117.76746454300007, 1.279670079000027], [117.76726683000004, 1.279760603000057], [117.76705113300011, 1.279823993000036], [117.76694329400004, 1.27988735100007], [117.76693430800003, 1.279896400000041], [117.76691633700011, 1.279914498000039], [117.76685344400005, 1.279995935000045], [117.76685344700002, 1.280004982000037], [117.7667815740001, 1.280113561000064], [117.76678157600008, 1.280122607000067], [117.76675463100003, 1.280185940000024], [117.76670973300008, 1.280330697000068], [117.76665586800004, 1.280547828000067], [117.76665588500009, 1.28060210700005], [117.76665589000004, 1.280620200000044], [117.76662000200008, 1.280837326000039], [117.76659307000011, 1.280945891000044], [117.76653021400011, 1.281153979000067], [117.76644938000004, 1.281353025000044], [117.76644040000008, 1.281380167000066], [117.76640725300001, 1.281509462000031], [117.76640799000006, 1.281526401000065], [117.76642559200002, 1.281657495000047], [117.76642251200008, 1.281678705000047], [117.76641365300009, 1.282112938000068], [117.76642265200007, 1.282149121000032], [117.76642265500004, 1.282158167000034], [117.7664226600001, 1.282176260000028], [117.76644074400008, 1.282538113000044], [117.76644074700005, 1.282547159000046], [117.76647676400012, 1.282764263000047], [117.76647677500011, 1.282800449000035], [117.76647682100008, 1.282954239000048], [117.76648582000007, 1.282990422000069], [117.76654878500005, 1.283153239000058], [117.7666027790001, 1.283370338000054], [117.76660278200006, 1.283379384000057], [117.76662977, 1.283460794000064], [117.76664776300004, 1.283515068000042], [117.7666927360001, 1.283623611000053], [117.7667467330001, 1.283849756000052], [117.76673781200009, 1.284075920000021], [117.76672884200002, 1.284139248000031], [117.76671985700011, 1.284148298000048], [117.76670190800007, 1.284238767000033], [117.76661206900008, 1.284383538000043], [117.76659409800004, 1.284401636000041], [117.766459316, 1.284537374000024], [117.76640540800008, 1.284609762000059], [117.76638743700005, 1.284627860000057], [117.76635149000003, 1.284645964000049], [117.76625265200005, 1.284754551000049], [117.76605495000001, 1.284881261000066], [117.76604596400011, 1.284890310000037], [117.7659650820001, 1.284926520000056], [117.76596508400007, 1.284935567000048], [117.76594792900005, 1.284951273000047]]], [[[117.76822998000011, 1.278407663000053], [117.768254382, 1.276739773000031], [117.76826399600009, 1.276690399000074], [117.76766143600003, 1.27670562000003], [117.76766138900007, 1.276714705000074], [117.76766153200003, 1.277146060000064], [117.76766153500012, 1.277155106000066], [117.767679541, 1.277254612000036], [117.76768854800002, 1.277317934000052], [117.76770654600011, 1.277390300000036], [117.76770655400003, 1.277417440000022], [117.7677155450001, 1.277426483000056], [117.76772454400009, 1.277462666000019], [117.76774253600001, 1.277516940000055], [117.76780549900002, 1.277670710000052], [117.76786845100003, 1.27778829500005], [117.76800334000006, 1.278014416000076], [117.768138227, 1.278231490000053], [117.76822998000011, 1.278407663000053]]], [[[117.76753918700001, 1.276716124000075], [117.76561359700008, 1.276746477000074], [117.76580994400001, 1.279839644000049], [117.7659599110001, 1.281765740000026], [117.76595449100012, 1.282791048000036], [117.76594825300003, 1.284844517000067], [117.76596505500004, 1.284836056000074], [117.76622566900005, 1.284691234000036], [117.76635146800004, 1.284573592000072], [117.76651321800011, 1.284446893000052], [117.76659407900001, 1.284338311000056], [117.76665696100008, 1.284220688000062], [117.76668389600002, 1.284121169000059], [117.76670180500003, 1.283895002000065], [117.76665682100008, 1.283750273000066], [117.76664783300009, 1.283750275000045], [117.76664782800003, 1.283732182000051], [117.76654885300002, 1.283379401000047], [117.76652184200009, 1.283225619000063], [117.76651284900004, 1.283207529000038], [117.76644088400008, 1.283008529000028], [117.7664498260001, 1.282854736000047], [117.76636870400012, 1.282085812000048], [117.76635066100005, 1.281859656000051], [117.76634156800003, 1.28150684700006], [117.76634153300006, 1.281389243000035], [117.766386441, 1.281280672000037], [117.76639542400005, 1.281262577000064], [117.76644033800005, 1.28117209800007], [117.76651219200005, 1.281000194000057], [117.766566065, 1.280810202000055], [117.76656606200004, 1.280801156000052], [117.76659298900006, 1.280674498000053], [117.7666109380001, 1.280584028000021], [117.76661985100009, 1.280330724000066], [117.76662883400002, 1.280312629000036], [117.76670967100006, 1.280122629000061], [117.7667725450001, 1.279977867000071], [117.76692529800005, 1.279824031000032], [117.76712301700002, 1.279751600000054], [117.76732073200003, 1.279670122000027], [117.76748248700005, 1.279561516000058], [117.76757234100012, 1.279471025000021], [117.76770713100007, 1.279362427000024], [117.76782395100008, 1.279271927000025], [117.76794076400006, 1.279163334000032], [117.76806655300004, 1.279009507000069], [117.76820133500007, 1.278873769000029], [117.76822464800011, 1.278836202000036], [117.7682239070001, 1.278822792000028], [117.76822911200009, 1.278467022000029], [117.76817421200008, 1.278340037000021], [117.76802134900004, 1.278122968000048], [117.76802134600007, 1.278113922000045], [117.76777856900003, 1.277788322000049], [117.76776058200005, 1.277752142000054], [117.76773360100003, 1.277697871000044], [117.7676706200001, 1.277480776000061], [117.76766162600006, 1.277462685000046], [117.7676526360001, 1.277453642000069], [117.76761664500009, 1.27732700200005], [117.76761664300011, 1.277317956000047], [117.76759865000008, 1.277263682000068], [117.7675626360001, 1.27705562500006], [117.76755358600008, 1.276847559000032], [117.76754456000003, 1.276720911000041], [117.76754309400008, 1.276715573000047], [117.76753918700001, 1.276716124000075]]]]}},
{"type": "Feature", "properties": {"ba_code": "4321", "blockid": "4321L32P07", "division": "03"}, "geometry": {"type": "MultiPolygon", "coordinates": [[[[117.80652147300009, 1.231163120000076], [117.80654111800004, 1.22952682500005], [117.80631085100003, 1.229628941000044], [117.80614338600003, 1.229919746000064], [117.80561822000004, 1.230313126000055], [117.80544524400011, 1.231165655000041], [117.80652147300009, 1.231163120000076]]]]}},
{"type": "Feature", "properties": {"ba_code": "4321", "blockid": "4321G17P06", "division": "01"}, "geometry": {"type": "MultiPolygon", "coordinates": [[[[117.76556704200004, 1.272615848000044], [117.76554534200011, 1.270387996000068], [117.76549338500001, 1.270361868000066], [117.7652596800001, 1.270316705000027], [117.76522372500006, 1.270307669000033], [117.76495408300002, 1.270316796000031], [117.76494509800011, 1.270325845000059], [117.76478331700002, 1.270343986000057], [117.76454962000003, 1.270325963000062], [117.76452265500006, 1.270325971000034], [117.76431591000005, 1.270262708000075], [117.76424398900008, 1.270208450000041], [117.7641091160001, 1.270036608000055], [117.76403712900003, 1.26975618900002], [117.76402812200001, 1.269692866000071], [117.76401009800009, 1.269530035000059], [117.76407298600009, 1.269430506000049], [117.76407297000003, 1.269376227000066], [117.76404593900008, 1.269150073000048], [117.76389306600004, 1.26889681800003], [117.76377616800005, 1.268715923000059], [117.7636592450001, 1.268453611000041], [117.76359624600002, 1.268173189000038], [117.76352425900006, 1.26789277000006], [117.7634432960001, 1.267657586000041], [117.76343218700003, 1.267627424000068], [117.76340657800006, 1.267625719000023], [117.76281965200008, 1.267715877000057], [117.7628113620001, 1.272221246000072], [117.76273637100007, 1.274556051000047], [117.7628093190001, 1.276651500000071], [117.76553527500005, 1.276697795000075], [117.76556704200004, 1.272615848000044]]], [[[117.76554476500007, 1.270328727000049], [117.76552535000008, 1.268335372000024], [117.76548797500004, 1.267651527000055], [117.76349330500011, 1.26762966900003], [117.76351521200002, 1.267693751000024], [117.76361416600002, 1.267983208000032], [117.7636771650001, 1.268263630000035], [117.763740159, 1.268525958000055], [117.7638390950001, 1.268752091000067], [117.76397397500011, 1.268951073000039], [117.76409087400009, 1.269131967000021], [117.76411792400006, 1.269421446000024], [117.76412699900004, 1.269719976000033], [117.76418101600007, 1.270018493000066], [117.76435185200012, 1.270226511000033], [117.7645855620001, 1.270289767000065], [117.76483722400008, 1.270271599000068], [117.76507091300005, 1.270262483000067], [117.76528663600004, 1.270289558000059], [117.76551134800002, 1.270316630000025], [117.76554476500007, 1.270328727000049]]]]}},
{"type": "Feature", "properties": {"ba_code": "4321", "blockid": "4321L43P13", "division": "06"}, "geometry": {"type": "MultiPolygon", "coordinates": [[[[117.83473125900002, 1.23075738600005], [117.83497718400008, 1.230755801000043], [117.83510935800007, 1.230785992000051], [117.83511357100008, 1.230787272000043], [117.83511756500002, 1.230789132000041], [117.83512126200003, 1.230791534000048], [117.83533475100012, 1.230952587000047], [117.83551014500006, 1.231040785000062], [117.83576739800003, 1.231129979000059], [117.83595465100007, 1.231174790000068], [117.8361435810001, 1.231220005000068], [117.83635947800008, 1.231274256000063], [117.83636260800006, 1.231275220000043], [117.83636376000004, 1.231275667000034], [117.83656151800005, 1.231357021000065], [117.83656432600003, 1.231358343000068], [117.83671528000002, 1.231438718000049], [117.83688249400006, 1.231500664000066], [117.83699525400004, 1.231528999000034], [117.83718022300002, 1.230886020000071], [117.83735438800011, 1.230165958000043], [117.83743136400005, 1.229729267000039], [117.83743245000005, 1.22972492100007], [117.8375713150001, 1.22929922000003], [117.837725223, 1.228409825000028], [117.83772589600005, 1.228406821000021], [117.83780149200004, 1.228132573000039], [117.83789594100006, 1.227584944000057], [117.83793843700005, 1.227079298000035], [117.83795497100004, 1.226794876000042], [117.83795521900004, 1.226792352000075], [117.83807859900003, 1.225901929000031], [117.83807966600011, 1.225897066000073], [117.83808147800005, 1.225892431000034], [117.8380839890001, 1.225888139000062], [117.83808713700012, 1.22588429700005], [117.83809084600011, 1.225880999000026], [117.83822583200003, 1.225778805000061], [117.83822510700008, 1.225775995000049], [117.83822457800011, 1.225773547000074], [117.83822415300006, 1.225769908000075], [117.83821511700012, 1.225616124000055], [117.83821517800004, 1.225611540000045], [117.83821589600007, 1.225607013000058], [117.83825055800003, 1.225458533000051], [117.83823336700004, 1.22530325200006], [117.83822488200008, 1.225269135000076], [117.83822442000007, 1.225266955000052], [117.83822394000003, 1.225261457000045], [117.83822392400009, 1.225207179000051], [117.83822391700005, 1.225186812000061], [117.83811030000004, 1.224931923000042], [117.83798382100008, 1.224702947000026], [117.83771594500001, 1.22466933000004], [117.83765865600003, 1.22467655600002], [117.8376393310001, 1.224696020000067], [117.83763557800012, 1.224699247000046], [117.83763137000005, 1.224701845000027], [117.83762681000007, 1.224703747000035], [117.837622011, 1.224704909000025], [117.8376170900001, 1.224705300000039], [117.83757655600004, 1.224705313000072], [117.83752069400009, 1.224721396000064], [117.83749574700005, 1.224733961000027], [117.83755629500001, 1.224878572000023], [117.83766426800003, 1.22514097100003], [117.83766569200009, 1.225145286000043], [117.83766648800008, 1.225149762000058], [117.83768451700007, 1.225321636000047], [117.83768469100005, 1.225324950000072], [117.83768422700007, 1.225330376000045], [117.83764842200003, 1.225537979000023], [117.83761330400012, 1.225785962000032], [117.837648521, 1.225998229000027], [117.83764868500009, 1.225999339000055], [117.83767571300007, 1.226207395000074], [117.8376759790001, 1.226211491000072], [117.8376760540001, 1.226455741000052], [117.83767573800003, 1.226460228000064], [117.83767479300002, 1.226464625000062], [117.83767323900008, 1.226468843000021], [117.83758624000006, 1.226661646000025], [117.83758624400002, 1.226672880000024], [117.83758576800005, 1.226678378000031], [117.83758522800008, 1.226680873000021], [117.83753136500002, 1.22688895400006], [117.83752963100005, 1.22689391900002], [117.83752710400006, 1.22689852700006], [117.83736744300006, 1.227139740000041], [117.83727901800012, 1.227380271000072], [117.83721661900006, 1.22755989500007], [117.8371899770001, 1.227658336000047], [117.83718813100006, 1.227663407000023], [117.83718545500005, 1.22766808800003], [117.83704171400007, 1.227876198000047], [117.8370407220001, 1.227877556000067], [117.8369778330001, 1.227958992000026], [117.8369751350001, 1.227962054000045], [117.83697206800002, 1.227964741000051], [117.83678336900005, 1.228109541000038], [117.83678003300008, 1.228111777000038], [117.83677535100003, 1.228114005000066], [117.83656410600008, 1.228193813000075], [117.83637017100011, 1.228344744000026], [117.83636666600012, 1.228347111000062], [117.83636500600005, 1.228348011000037], [117.83610109400001, 1.228480929000057], [117.83605170900012, 1.228538956000023], [117.83584544300004, 1.228800891000049], [117.83584243000007, 1.228804205000074], [117.83583898100005, 1.228807056000051], [117.83562332100007, 1.228960911000058], [117.835620188, 1.228962878000061], [117.83561684800009, 1.228964463000068], [117.83561334700005, 1.228965642000048], [117.83528438400003, 1.229055241000026], [117.83497310300004, 1.229225448000022], [117.83496885500006, 1.22922737500005], [117.83496572600006, 1.22922834000002], [117.83460624000008, 1.229318916000068], [117.83460177500001, 1.229319703000044], [117.83459724400007, 1.229319835000069], [117.8343912040001, 1.229310883000039], [117.83438296000008, 1.229310886000064], [117.83440565500007, 1.229417323000064], [117.834405876, 1.229418459000044], [117.83440635600004, 1.229423957000051], [117.834406381, 1.229504444000042], [117.83441536200007, 1.229657299000053], [117.83441780200008, 1.22969882600006], [117.83441937300006, 1.229725568000049], [117.83442439700002, 1.229811083000072], [117.83443331500007, 1.229962865000061], [117.83445998600007, 1.230105793000064], [117.83446049600002, 1.230111460000046], [117.83446053500006, 1.23023613700002], [117.83446930200012, 1.230306548000044], [117.83446954600004, 1.230310475000067], [117.83446957000001, 1.230388417000029], [117.83448682100004, 1.230466435000039], [117.83448750700006, 1.230471278000039], [117.83448744400005, 1.230476170000031], [117.83447861600007, 1.230574252000054], [117.83447863000004, 1.230618047000064], [117.83447857600004, 1.230619906000072], [117.83446968600003, 1.23077282600002], [117.83446952100007, 1.230821592000041], [117.8345222910001, 1.23082157500005], [117.83471535000001, 1.230759681000052], [117.83471942500012, 1.230758670000057], [117.83472175800011, 1.230758345000027], [117.83473125900002, 1.23075738600005]]]]}},
{"type": "Feature", "properties": {"ba_code": "4321", "blockid": "4321I22P07", "division": "05"}, "geometry": {"type": "MultiPolygon", "coordinates": [[[[117.77896289800003, 1.258721782000066], [117.7789343500001, 1.252663011000038], [117.77891630500005, 1.252427809000039], [117.77888918000008, 1.251885031000029], [117.77883495100002, 1.250862801000039], [117.77880769600006, 1.24987674800002], [117.7774055650001, 1.249886213000025], [117.77606634900008, 1.249895658000071], [117.77603041800012, 1.249968040000056], [117.7760935660001, 1.250755061000064], [117.77615700900003, 1.252546236000057], [117.77619296900002, 1.252573365000046], [117.77615768500004, 1.254844031000061], [117.77612173300008, 1.254844041000069], [117.77607713400005, 1.256001998000045], [117.77617612900008, 1.256427151000025], [117.77618542900007, 1.257485581000026], [117.77620349100005, 1.257775062000064], [117.77622120500007, 1.25880023000002], [117.77639673500005, 1.258786783000062], [117.77658450600006, 1.258762706000027], [117.77658960500003, 1.258762380000064], [117.77659003200006, 1.258762465000075], [117.77659043800008, 1.258762388000036], [117.77675525500001, 1.258765758000038], [117.7767557840001, 1.258765869000058], [117.77675623300001, 1.258765790000041], [117.77692460800006, 1.258773335000058], [117.77692504700008, 1.258773433000044], [117.77692538100007, 1.258773377000068], [117.77707707200011, 1.258783107000056], [117.777191076, 1.258777469000051], [117.77740515200003, 1.258756514000027], [117.77740546600012, 1.258756498000025], [117.77740555600008, 1.25875647600003], [117.7776153000001, 1.258738079000068], [117.77761880000003, 1.258737925000048], [117.77761944100007, 1.258738053000059], [117.77762003500004, 1.258737944000075], [117.777817593, 1.25874396200004], [117.77807882600007, 1.25873387300004], [117.77808010500007, 1.258734103000052], [117.7780814250001, 1.258733857000038], [117.77831265200007, 1.258739892000051], [117.7785553760001, 1.258737341000028], [117.77878140200005, 1.258729849000076], [117.77892697400011, 1.258719141000029], [117.77892829900009, 1.258719355000039], [117.7789299100001, 1.258719032000045], [117.77893344900008, 1.258719187000054], [117.77896289800003, 1.258721782000066]]]]}},
{"type": "Feature", "properties": {"ba_code": "4321", "blockid": "4321H25P06", "division": "02"}, "geometry": {"type": "MultiPolygon", "coordinates": [[[[117.78732604100003, 1.260519353000063], [117.78727982300006, 1.26051742900006], [117.78660352500003, 1.260643032000075], [117.78613197000004, 1.260840211000072], [117.78495631300007, 1.261500069000022], [117.78495303900002, 1.261501665000026], [117.78494832800004, 1.261503205000054], [117.78452861200003, 1.261604523000074], [117.78453452600002, 1.263891487000024], [117.78454762600006, 1.266599761000066], [117.78458185400007, 1.267034006000074], [117.784623323, 1.267536716000052], [117.7872712190001, 1.267470003000028], [117.78727013200012, 1.262980396000046], [117.78732604100003, 1.260519353000063]]], [[[117.78727188200003, 1.260454510000045], [117.78727758100001, 1.260453984000037], [117.7872782710001, 1.260454122000056], [117.78727889100003, 1.260454011000036], [117.78732748000004, 1.260456034000072], [117.7873657450001, 1.258771685000056], [117.78681713600008, 1.258732210000062], [117.78449950200002, 1.258687549000058], [117.78452839500005, 1.261539455000047], [117.78492944800007, 1.26144264200002], [117.78610290800009, 1.260784017000049], [117.78610615600007, 1.260782433000031], [117.78658247900012, 1.260583261000022], [117.78658882800005, 1.260581368000032], [117.78727188200003, 1.260454510000045]]]]}},
{"type": "Feature", "properties": {"ba_code": "4321", "blockid": "4321G34P08", "division": "02"}, "geometry": {"type": "MultiPolygon", "coordinates": [[[[117.81010444800006, 1.272744748000036], [117.81010118800009, 1.272763140000052], [117.81088740000007, 1.272746869000059], [117.81115362600008, 1.272621589000039], [117.81119768200006, 1.272588265000024], [117.81125242100006, 1.272573221000073], [117.8112524180001, 1.27256417500007], [117.8112973530001, 1.272546068000054], [117.81136924000009, 1.27249176700002], [117.81136923800011, 1.272482721000074], [117.8114860600001, 1.272410313000023], [117.81148605700002, 1.272401266000031], [117.81153098300001, 1.272356020000075], [117.81153098000004, 1.272346974000072], [117.81153996800003, 1.272346971000047], [117.81156691500007, 1.272292685000025], [117.8116028280001, 1.272166024000057], [117.81162077300007, 1.272066509000069], [117.81164770300006, 1.271957944000064], [117.81163871500007, 1.271957947000033], [117.81164769200007, 1.271921758000076], [117.81163870400007, 1.271921761000044], [117.81172855000011, 1.27181317700007], [117.81171955900004, 1.271804133000046], [117.81180036700005, 1.271532717000071], [117.81180036400008, 1.271523670000022], [117.81185424700004, 1.271378912000046], [117.81184525900005, 1.271378915000071], [117.81188116900012, 1.271243208000044], [117.81189015700011, 1.271243205000076], [117.81193507700004, 1.271179866000068], [117.81192608900005, 1.271179869000036], [117.81196201600005, 1.271098441000049], [117.8120159240001, 1.271035099000073], [117.81201592100001, 1.271026053000071], [117.81200691100003, 1.270953685000052], [117.81203383500008, 1.270827027000053], [117.81202484700009, 1.270827030000021], [117.81201582200003, 1.270709430000068], [117.81198883000002, 1.270618975000048], [117.811997818, 1.270618972000022], [117.81197084300004, 1.270582796000042], [117.81197084000007, 1.27057374900005], [117.81195282200008, 1.27043806000006], [117.811943831, 1.270429016000037], [117.81197974600002, 1.270311402000061], [117.8119707520001, 1.270293312000035], [117.81197075000011, 1.270284266000033], [117.81200666200004, 1.270157605000065], [117.81199766600002, 1.270130469000037], [117.81204256900003, 1.270012852000036], [117.8120964520001, 1.26986809400006], [117.81209644900002, 1.269859047000068], [117.81214133900005, 1.269696199000066], [117.81214133600008, 1.269687152000074], [117.81222219100005, 1.269569524000076], [117.81221320300006, 1.269569527000044], [117.81224014200006, 1.269488101000036], [117.8122401390001, 1.269479055000033], [117.81225810100011, 1.269433818000039], [117.81234792500004, 1.26925286200003], [117.81233893400008, 1.269243819000053], [117.81244674800007, 1.269108089000042], [117.81249163700011, 1.26894524100004], [117.81249163500001, 1.268936194000048], [117.81253652700002, 1.268782392000048], [117.81257244800008, 1.268682871000067], [117.81265329200005, 1.268529057000023], [117.8126622630001, 1.268474776000062], [117.81266224300009, 1.268411452000066], [117.81268918800004, 1.268348119000052], [117.81268018600008, 1.268302890000029], [117.81267119800009, 1.268302893000055], [117.81266219500003, 1.268257664000032], [117.81266217000007, 1.268176247000042], [117.8126621670001, 1.26816720000005], [117.81264416300007, 1.268076742000062], [117.812617154, 1.267932009000049], [117.81262610500005, 1.267814404000035], [117.81261711700006, 1.26781440700006], [117.81263506500011, 1.267723937000028], [117.81263502000002, 1.267579196000042], [117.81262603200003, 1.267579199000068], [117.81261701300002, 1.267479692000052], [117.81260802500003, 1.267479694000031], [117.81262597000011, 1.267380179000043], [117.812616982, 1.267380182000068], [117.81262383300009, 1.267331800000022], [117.8126892680001, 1.267062022000061], [117.8126328080001, 1.26706366600007], [117.80976757600001, 1.267147112000032], [117.81018786400011, 1.272274177000043], [117.81010444800006, 1.272744748000036]]]]}},
{"type": "Feature", "properties": {"ba_code": "4321", "blockid": "4321D21P13", "division": "06"}, "geometry": {"type": "MultiPolygon", "coordinates": [[[[117.77614364300007, 1.297941245000061], [117.77626947500005, 1.297932160000073], [117.77643126300006, 1.297932110000033], [117.77657506600008, 1.297904926000058], [117.77673683700004, 1.297850598000025], [117.77690759600011, 1.297796266000034], [117.77706038500003, 1.297760033000031], [117.77723116100003, 1.29775998100007], [117.77731202700011, 1.297669491000022], [117.7774307730001, 1.29760221600003], [117.77755630900003, 1.297737132000066], [117.77762900800008, 1.297722475000057], [117.77834706600004, 1.297527639000066], [117.77832007800009, 1.297439681000071], [117.77827344000002, 1.297313799000051], [117.7781835190001, 1.297187177000069], [117.77816609000001, 1.297115906000045], [117.77806017800003, 1.296838648000062], [117.77805464500011, 1.296630220000054], [117.77804178000008, 1.296554110000045], [117.7780267500001, 1.296399013000041], [117.77797583200004, 1.295906595000019], [117.77796493200003, 1.295767072000046], [117.77789408100011, 1.295508466000058], [117.7778551130001, 1.295356136000066], [117.77773820900006, 1.29509398700003], [117.77774390900004, 1.294918033000044], [117.7777779490001, 1.294814875000043], [117.77787310400004, 1.294520560000024], [117.77793368500011, 1.294318407000048], [117.77794689100006, 1.294266786000037], [117.77785588200004, 1.294193927000038], [117.77760560400009, 1.294182396000053], [117.77744538700006, 1.29430439600003], [117.77733082000009, 1.294497374000059], [117.77724715000011, 1.294632396000054], [117.77702362600007, 1.294698527000037], [117.77694240900007, 1.294684071000063], [117.77684073900002, 1.294667946000061], [117.77670407100004, 1.294522030000053], [117.77668800800006, 1.294489722000037], [117.77660106000008, 1.294383519000064], [117.77659428600009, 1.29442416400002], [117.77660915800004, 1.294464213000026], [117.77663563500005, 1.294521807000024], [117.7766972600001, 1.294621910000046], [117.77671299700012, 1.294757858000025], [117.77672823700004, 1.294824155000072], [117.77673199900005, 1.295074398000054], [117.7766666660001, 1.295289837000041], [117.776503251, 1.295559161000028], [117.77638144100001, 1.295786584000041], [117.77633934500011, 1.295899012000064], [117.77631811600008, 1.295955707000076], [117.77630864500009, 1.296091663000027], [117.77634864600009, 1.296250582000027], [117.7763641680001, 1.296275002000073], [117.7763774120001, 1.296442334000062], [117.77636421800003, 1.296460937000063], [117.77638281500003, 1.296505915000068], [117.776527256, 1.296725345000027], [117.77664854600005, 1.296820101000037], [117.77658426900007, 1.296893867000051], [117.77656334900007, 1.29694203400004], [117.77650652200009, 1.296925496000028], [117.77644222200001, 1.296924011000044], [117.77642290900008, 1.296923323000044], [117.77635848300008, 1.296921027000053], [117.77628226900003, 1.296941747000062], [117.77621196500002, 1.297003848000031], [117.7761502840001, 1.297006501000055], [117.77602691100003, 1.296981706000054], [117.77568560800012, 1.297002505000023], [117.77547177400004, 1.296994294000058], [117.77543344300011, 1.297011522000048], [117.77544231200011, 1.297118236000074], [117.77528053800006, 1.297163518000048], [117.77515473000005, 1.297254022000061], [117.77519073300004, 1.297416846000033], [117.77521773300009, 1.297534442000028], [117.77538851200006, 1.297543435000023], [117.77548739300005, 1.297579591000044], [117.77553235900007, 1.297660995000058], [117.77569415000005, 1.297669991000021], [117.77576608800007, 1.297778526000059], [117.77581107100002, 1.297914209000055], [117.7758650190001, 1.297977517000049], [117.7759009780001, 1.297995599000046], [117.77599084600001, 1.297950339000067], [117.77614364300007, 1.297941245000061]]], [[[117.77513712100006, 1.297635755000044], [117.77504026600002, 1.297477875000027], [117.775020175, 1.297272934000034], [117.77507895800011, 1.297170856000037], [117.77442715600012, 1.297463826000069], [117.7742654110001, 1.29738037900006], [117.77423683200004, 1.297413706000043], [117.77414482000006, 1.297429546000046], [117.77407877300004, 1.297425873000066], [117.77411358300003, 1.297537046000059], [117.77422003400011, 1.297507610000025], [117.7744627510001, 1.297625139000047], [117.77468750000003, 1.29776981200007], [117.77485834800007, 1.298004967000054], [117.77499321500011, 1.298149668000065], [117.77506513700007, 1.298203925000053], [117.77512726600003, 1.298159883000039], [117.77520399800005, 1.298012029000063], [117.77523734400006, 1.297894427000074], [117.775289713, 1.297778673000039], [117.77513712100006, 1.297635755000044]]]]}},
{"type": "Feature", "properties": {"ba_code": "4321", "blockid": "4321K41P08", "division": "03"}, "geometry": {"type": "MultiPolygon", "coordinates": [[[[117.8314114320001, 1.231011547000037], [117.83141138000008, 1.231011547000037], [117.82873413300001, 1.23101271500002], [117.82889960500006, 1.232651404000023], [117.8289003640001, 1.232650570000033], [117.83056285700002, 1.23122280900003], [117.83064898700002, 1.23121713300003], [117.83071923500006, 1.231186872000023], [117.83079463800004, 1.231194857000048], [117.83087613300006, 1.231196745000034], [117.8309647320001, 1.231204750000074], [117.83105683600002, 1.231196571000055], [117.83113412000012, 1.231188909000025], [117.83121736800001, 1.23120728300006], [117.8313009420001, 1.231183239000075], [117.83136347200002, 1.231132057000025], [117.83141225500003, 1.231011551000051], [117.8314114320001, 1.231011547000037]]]]}},
{"type": "Feature", "properties": {"ba_code": "4321", "blockid": "4321F22P07", "division": "04"}, "geometry": {"type": "MultiPolygon", "coordinates": [[[[117.7791528030001, 1.281203328000061], [117.77927236700009, 1.279794820000063], [117.77935080500004, 1.276760517000071], [117.77709362000007, 1.276777756000058], [117.77631929900008, 1.276767526000071], [117.77630985100006, 1.27809038700002], [117.77620405100004, 1.285813076000068], [117.77820981100001, 1.28580185900006], [117.77940986700003, 1.285784295000042], [117.779371319, 1.284261807000064], [117.77914821200011, 1.282340742000031], [117.7791528030001, 1.281203328000061]]]]}},
{"type": "Feature", "properties": {"ba_code": "4321", "blockid": "4321D23P07", "division": "04"}, "geometry": {"type": "MultiPolygon", "coordinates": [[[[117.77899909700011, 1.297451059000025], [117.78184748300009, 1.296480625000072], [117.78212214400003, 1.294099134000021], [117.78150639100011, 1.294071308000071], [117.78066114900003, 1.294106796000051], [117.77946061800003, 1.294149744000038], [117.77899909700011, 1.297451059000025]]]]}},
{"type": "Feature", "properties": {"ba_code": "4321", "blockid": "4321H16P06", "division": "01"}, "geometry": {"type": "MultiPolygon", "coordinates": [[[[117.75994784300008, 1.265434740000046], [117.76029433800011, 1.268012310000074], [117.76082472400003, 1.267934708000041], [117.7614765830001, 1.26787211900006], [117.76273207100007, 1.267681094000068], [117.76324649500009, 1.267604025000026], [117.7624134460001, 1.266803235000054], [117.76212682900007, 1.266285534000076], [117.76239580900005, 1.264202176000026], [117.76238072300009, 1.261773447000053], [117.7622584390001, 1.258973061000063], [117.7604170830001, 1.258997674000057], [117.7596831730001, 1.259067379000044], [117.75967379600002, 1.260400058000073], [117.759696372, 1.263472979000028], [117.75994784300008, 1.265434740000046]]]]}},
{"type": "Feature", "properties": {"ba_code": "4321", "blockid": "4321E22P07", "division": "04"}, "geometry": {"type": "MultiPolygon", "coordinates": [[[[117.77798478200009, 1.294143190000057], [117.77823473900003, 1.294133926000029], [117.77834336800004, 1.29412989900004], [117.77937880800005, 1.294095372000072], [117.779389691, 1.288018162000071], [117.77942884200002, 1.286264072000051], [117.779422941, 1.285882592000064], [117.77820728800009, 1.285888936000049], [117.77620469800002, 1.285893342000065], [117.77647611200007, 1.290815273000021], [117.77654143500001, 1.292710935000059], [117.77654565000012, 1.292833254000072], [117.77714749100005, 1.29295499400007], [117.7774341490001, 1.293098960000066], [117.77756975200009, 1.293248733000041], [117.77798478200009, 1.294143190000057]]]]}},
{"type": "Feature", "properties": {"ba_code": "4321", "blockid": "4321H24P06", "division": "01"}, "geometry": {"type": "MultiPolygon", "coordinates": [[[[117.78179551500011, 1.261127739000074], [117.78180081500011, 1.261363335000055], [117.78186824500006, 1.267572607000034], [117.78252159400006, 1.267566630000033], [117.78380693500003, 1.267548102000035], [117.78454107900006, 1.26751377100004], [117.78454620900004, 1.267031700000075], [117.78451343900008, 1.266596076000042], [117.78450042600002, 1.263897494000048], [117.78444451400003, 1.261624824000023], [117.78344743000002, 1.261865517000047], [117.7834401020001, 1.261866390000023], [117.78343645700011, 1.261866178000048], [117.78289715400001, 1.261803017000034], [117.78289353700006, 1.261802071000034], [117.78289106000011, 1.261801676000061], [117.78211801000009, 1.261548611000023], [117.78211706500008, 1.26154802700006], [117.78211571100007, 1.261547757000073], [117.78210795400003, 1.261543116000041], [117.78191915900004, 1.26138938400004], [117.78191670700005, 1.261387164000041], [117.78191038600005, 1.261378046000061], [117.78179551500011, 1.261127739000074]]], [[[117.78444337500002, 1.261559979000026], [117.78442650600005, 1.258702407000044], [117.78180560700002, 1.258771656000022], [117.78178806400001, 1.26079657300005], [117.78179194200004, 1.260968939000065], [117.78196443000002, 1.261344794000024], [117.7821430030001, 1.261490202000061], [117.782907539, 1.261740481000061], [117.78343818400003, 1.261802628000055], [117.78444337500002, 1.261559979000026]]]]}},
{"type": "Feature", "properties": {"ba_code": "4321", "blockid": "4321K39P08", "division": "03"}, "geometry": {"type": "MultiPolygon", "coordinates": [[[[117.82320794800012, 1.239948032000029], [117.82584294300011, 1.239981294000074], [117.82583554100006, 1.236919568000076], [117.82586835300003, 1.234697393000033], [117.82581565800001, 1.233404760000042], [117.82576125100002, 1.231049873000075], [117.82315874200003, 1.231066776000034], [117.82320794800012, 1.239948032000029]]]]}},
{"type": "Feature", "properties": {"ba_code": "4321", "blockid": "4321L33P07", "division": "03"}, "geometry": {"type": "MultiPolygon", "coordinates": [[[[117.80928332400003, 1.226959084000043], [117.80929913600005, 1.226847534000058], [117.80877138900007, 1.227191119000054], [117.80821193500003, 1.227636233000055], [117.80799828200009, 1.227973286000065], [117.80713920900007, 1.228196980000064], [117.80687829800002, 1.228354960000047], [117.80698033400006, 1.229056570000068], [117.80660378000005, 1.229546762000041], [117.806601021, 1.23115427800002], [117.80933366900001, 1.231139211000027], [117.80928332400003, 1.226959084000043]]]]}},
{"type": "Feature", "properties": {"ba_code": "4321", "blockid": "4321I14P16", "division": "06"}, "geometry": {"type": "MultiPolygon", "coordinates": [[[[117.75433346900002, 1.259818478000057], [117.75444739600005, 1.259813387000065], [117.75528988600001, 1.259775737000041], [117.75555923800005, 1.259763700000065], [117.75557585700005, 1.259762957000021], [117.7555811310001, 1.259763167000074], [117.75558629500006, 1.259764262000033], [117.75580869200007, 1.259831435000024], [117.75581352800009, 1.25983334700004], [117.75581798500002, 1.259836034000045], [117.75582194300011, 1.259839422000027], [117.75582529200005, 1.259843420000038], [117.75582794200011, 1.259847918000048], [117.75582982000003, 1.259852794000039], [117.75583020500005, 1.259854662000066], [117.7560264330001, 1.259809062000045], [117.75601692000009, 1.259768462000068], [117.7560257350001, 1.259536040000057], [117.75602572700006, 1.259508900000071], [117.75603469400005, 1.259436526000059], [117.75602570600006, 1.259436529000027], [117.7560436660001, 1.259382244000051], [117.75607961900005, 1.259382234000043], [117.75607062600011, 1.259364144000074], [117.75606161700011, 1.259291774000076], [117.75606159600011, 1.259219403000031], [117.75606158000005, 1.259165124000049], [117.75605257900008, 1.259119894000037], [117.75607054200009, 1.259074656000053], [117.75607952200005, 1.259047514000031], [117.75612444700005, 1.258993222000072], [117.75613342800011, 1.25896608000005], [117.75612442900001, 1.25892989700003], [117.75609865400008, 1.258826254000041], [117.75609743400003, 1.258821347000037], [117.75605248000011, 1.258776128000022], [117.75598054900001, 1.258685684000056], [117.75598053600004, 1.258640452000066], [117.75598950300002, 1.258568077000064], [117.75595352700009, 1.258486669000035], [117.75589060800007, 1.25847764100007], [117.75586364100002, 1.25846860300004], [117.75582766000002, 1.258369102000074], [117.7557377600001, 1.258305803000042], [117.75560293900003, 1.258305842000027], [117.75548609900011, 1.25832396900006], [117.7553782330001, 1.258296861000076], [117.75528835000011, 1.258287841000026], [117.7551804840001, 1.258260733000043], [117.75506363400007, 1.25824267400003], [117.75498273500011, 1.25822460400002], [117.75482094400002, 1.25820655900003], [117.75480296500007, 1.258197517000042], [117.75474004300008, 1.258179443000074], [117.75465914800009, 1.258170420000056], [117.75449736200005, 1.25817046700007], [117.75438951500007, 1.258206684000072], [117.75432660800004, 1.258242888000041], [117.75429065600008, 1.258242899000038], [117.75425470300002, 1.258242909000046], [117.75414684900011, 1.258251987000051], [117.75401734900004, 1.258280991000049], [117.75410217300009, 1.258426034000024], [117.75410396000007, 1.258429622000051], [117.75410528100008, 1.258433410000066], [117.75410611600012, 1.258437335000053], [117.75414173400009, 1.258678837000048], [117.75415885400002, 1.258730481000043], [117.75415999200004, 1.258734995000054], [117.75416047100009, 1.258740493000062], [117.75416048600005, 1.258792351000068], [117.754161855, 1.258801291000054], [117.75421415000005, 1.259142755000028], [117.75421451200009, 1.259147023000025], [117.75421527300011, 1.259190720000049], [117.75422365300005, 1.259671990000072], [117.75422357600007, 1.259674518000054], [117.75421464300007, 1.259800914000039], [117.75421339600007, 1.259823844000039], [117.75433346900002, 1.259818478000057]]]]}},
{"type": "Feature", "properties": {"ba_code": "4321", "blockid": "4321I13P16", "division": "06"}, "geometry": {"type": "MultiPolygon", "coordinates": [[[[117.75415232000012, 1.259790287000044], [117.75416071900008, 1.259671424000032], [117.75415236600008, 1.25919183000002], [117.75415164200001, 1.259150280000028], [117.75409806900007, 1.25880046900005], [117.7540979370001, 1.258799605000036], [117.75409757000011, 1.258794790000024], [117.75409755600003, 1.258745650000037], [117.75408118000007, 1.258696250000071], [117.75408004200006, 1.25869173600006], [117.75407990300005, 1.258690878000039], [117.7540642240001, 1.258584564000046], [117.75403139200012, 1.25842983900003], [117.75403078200009, 1.258426964000023], [117.75402841400012, 1.258424748000039], [117.75393140100005, 1.25833394600005], [117.7536697060001, 1.258334022000042], [117.75330236400009, 1.258352125000044], [117.75277243500011, 1.258216492000031], [117.75224094000009, 1.258288630000038], [117.751774468, 1.258380380000062], [117.75136000900011, 1.258470480000028], [117.75106255000003, 1.258454206000067], [117.75109836900003, 1.258660330000055], [117.7511007810001, 1.258691510000062], [117.75112773500007, 1.259039870000038], [117.75110995400007, 1.259385068000029], [117.7511100370001, 1.259673001000067], [117.75112958500006, 1.259825142000068], [117.75116697900012, 1.25985621500007], [117.75118079000003, 1.259863339000049], [117.75145129500004, 1.259881016000065], [117.75184676100002, 1.259900137000045], [117.75265532000003, 1.259891024000069], [117.75319337100007, 1.259853876000022], [117.75357267600009, 1.259845273000053], [117.75402102500004, 1.259790010000074], [117.75409489900005, 1.259790166000073], [117.75415232000012, 1.259790287000044]]]]}},
{"type": "Feature", "properties": {"ba_code": "4321", "blockid": "4321D14P16", "division": "06"}, "geometry": {"type": "MultiPolygon", "coordinates": [[[[117.75556180900003, 1.30202747800007], [117.75596621600005, 1.301810241000055], [117.7560740890001, 1.301855441000043], [117.75617293800008, 1.301783039000043], [117.7563616220001, 1.301547774000028], [117.756559336, 1.301457249000066], [117.7566581860001, 1.301384848000055], [117.75660421300006, 1.301240121000035], [117.756667074, 1.301050126000064], [117.756729962, 1.300950595000074], [117.75700854200011, 1.300760535000052], [117.75715234600011, 1.300733353000055], [117.75745407600004, 1.300674846000049], [117.75753882700008, 1.300688003000062], [117.75755740600005, 1.30070218100002], [117.75768265600004, 1.300742239000044], [117.75772079100011, 1.300729432000026], [117.7578983520001, 1.300669802000073], [117.75797021000005, 1.300506944000063], [117.75814090800009, 1.300244544000066], [117.75824871900011, 1.300081675000058], [117.7584284620001, 1.300009249000027], [117.75848234600005, 1.299855443000069], [117.75856319400009, 1.299701629000026], [117.75884177900002, 1.299529662000054], [117.75876086000005, 1.299448268000049], [117.75850020100006, 1.299448347000066], [117.75846419400011, 1.299267428000064], [117.75845515200001, 1.299086501000033], [117.75833832100011, 1.299140815000044], [117.75813156900006, 1.299068506000026], [117.75798771200004, 1.298914760000059], [117.75785294700006, 1.299113823000027], [117.757702042, 1.299156399000026], [117.75762826000005, 1.299177216000032], [117.75743947900003, 1.299086808000027], [117.75750233000008, 1.298860627000067], [117.75747531900004, 1.298706845000027], [117.75753817200007, 1.298489711000059], [117.75761004100002, 1.298363039000037], [117.75767296400011, 1.298381113000062], [117.75769261100004, 1.298365095000065], [117.75786167100011, 1.298227266000026], [117.75805043800005, 1.298272441000051], [117.75811334800005, 1.298245283000028], [117.75823019800009, 1.29825429400006], [117.75842792500009, 1.298209002000021], [117.75845487900006, 1.298172808000061], [117.75837394200005, 1.29802808900007], [117.75833796500001, 1.297946682000031], [117.75846373800005, 1.297738575000039], [117.75858954400007, 1.29763902600007], [117.75872429800006, 1.297403777000056], [117.75862536000011, 1.297177645000033], [117.75823891100003, 1.29733155100007], [117.75793327300005, 1.297204993000037], [117.75777147100007, 1.29715980900005], [117.75767858900008, 1.297188604000041], [117.75765463500011, 1.297196031000055], [117.75742007100007, 1.297313362000068], [117.75732778000008, 1.297383955000043], [117.7573491390001, 1.297548935000066], [117.75737614200011, 1.297675577000064], [117.75742115000003, 1.297901726000021], [117.75715151400004, 1.297937993000062], [117.75707524300003, 1.298005172000046], [117.75698072300008, 1.297892812000043], [117.75678294200009, 1.297757174000026], [117.75655819200006, 1.297612498000035], [117.75625253500004, 1.297422614000027], [117.75591095000004, 1.297314159000052], [117.75590018200012, 1.297314816000039], [117.75589951500001, 1.297314189000076], [117.75587495700006, 1.297178473000031], [117.75583350900001, 1.297065348000046], [117.75588134300006, 1.297070330000054], [117.75590064500011, 1.297107467000046], [117.75596439200001, 1.297119266000038], [117.75609020900004, 1.297143709000068], [117.75615112300011, 1.297146329000043], [117.75624914000002, 1.297110739000061], [117.75630701000011, 1.297102280000047], [117.75636363000001, 1.297118724000029], [117.75632338600008, 1.297170231000052], [117.75632716400003, 1.297182892000023], [117.75634395500003, 1.297239446000049], [117.75639471800002, 1.297304010000062], [117.75647315900005, 1.297370253000054], [117.75657046000003, 1.29739681500007], [117.75662328500005, 1.297344039000052], [117.75662366000006, 1.297194621000074], [117.75661776400011, 1.297111894000068], [117.75663998200002, 1.297082764000038], [117.75667353000006, 1.297078111000076], [117.75674233300003, 1.297167572000035], [117.75679183600005, 1.297226227000067], [117.75687822100008, 1.297211428000026], [117.7569340010001, 1.297224074000042], [117.75707952700009, 1.297243446000039], [117.75717177100012, 1.297188125000048], [117.75724134100005, 1.297034887000052], [117.75727778800001, 1.296907407000049], [117.757210256, 1.296861842000055], [117.75721399100007, 1.296728041000051], [117.75727312200002, 1.296730977000038], [117.75740272900009, 1.296805225000071], [117.75749496100002, 1.296708118000026], [117.75763712900005, 1.29671651700005], [117.75765346300011, 1.296643914000072], [117.757663879, 1.296635428000059], [117.75773186000004, 1.296580051000035], [117.75784386300006, 1.296646032000069], [117.75785828300002, 1.296720093000033], [117.75784690000012, 1.296770719000051], [117.75794632100008, 1.296892350000064], [117.7580231180001, 1.296921309000027], [117.7581079040001, 1.296918063000021], [117.75817188100007, 1.296874571000046], [117.75822142800007, 1.296719984000049], [117.75822299800006, 1.296620156000074], [117.75821816900009, 1.296520330000021], [117.75821014200005, 1.296425335000038], [117.758200525, 1.296362543000043], [117.75816670100005, 1.29630932200007], [117.75811888800001, 1.296271384000022], [117.7580048860001, 1.296218906000036], [117.75793653000005, 1.29621989900005], [117.7579297740001, 1.296219997000037], [117.75783095800011, 1.296286978000069], [117.75766105600007, 1.29636488500006], [117.75761661900003, 1.296385261000069], [117.75766040100007, 1.296198404000052], [117.75764198000002, 1.29598285700007], [117.75765205900007, 1.295963982000046], [117.75771084700011, 1.295853892000025], [117.75780681600008, 1.295799119000037], [117.7578548240001, 1.295847408000043], [117.7579884590001, 1.295865846000027], [117.75799876600001, 1.295726605000027], [117.75799235200009, 1.295675083000049], [117.75791232400002, 1.295541467000021], [117.75789471000007, 1.295486728000071], [117.75786210600006, 1.295453150000071], [117.75780190400008, 1.295417521000047], [117.75774430800004, 1.295403047000036], [117.7576579150001, 1.295383752000021], [117.75764444700008, 1.295387357000038], [117.7575133150001, 1.295422462000033], [117.757509174, 1.295504556000026], [117.7575411900001, 1.29557378100003], [117.75738281800011, 1.295588320000036], [117.7572564510001, 1.295635052000023], [117.75721807200011, 1.295686587000034], [117.7572196960001, 1.295730481000021], [117.7571891230001, 1.295804394000072], [117.75710872900004, 1.295822826000062], [117.75707625600012, 1.29589831100003], [117.75703376500007, 1.295905871000059], [117.7569512560001, 1.295835453000052], [117.7568709300001, 1.295786014000043], [117.75684374500008, 1.295742400000051], [117.75678922800012, 1.295681334000051], [117.75667123700009, 1.295629240000039], [117.75664870300011, 1.295503456000063], [117.75657617700006, 1.295377687000041], [117.75655259400003, 1.295281102000047], [117.75637364900001, 1.29525194100006], [117.75638115200002, 1.295194091000042], [117.75651581600005, 1.295065562000048], [117.75642127200001, 1.294732890000034], [117.75638600400009, 1.294698473000039], [117.75635349700008, 1.294655714000044], [117.75625350200005, 1.294623038000054], [117.75620850400003, 1.294605441000044], [117.75615596300008, 1.294441929000072], [117.7561409540001, 1.294404196000073], [117.75604183100006, 1.294305188000067], [117.75598342900003, 1.294238199000063], [117.75592843100003, 1.294218089000026], [117.75584847400012, 1.294323778000035], [117.75581597000007, 1.294293598000024], [117.7557976170001, 1.294227723000063], [117.75576592400012, 1.29411247400003], [117.75574839500007, 1.294004299000051], [117.75573835000012, 1.293845805000046], [117.75571832800006, 1.293762789000027], [117.75569079600007, 1.29364203800003], [117.75564328300004, 1.293571610000072], [117.75559828700011, 1.293564076000052], [117.75551801100005, 1.293674013000043], [117.75545836100002, 1.293742741000074], [117.75533590300006, 1.293820768000046], [117.75531094700011, 1.293956629000036], [117.75522850300001, 1.294102572000043], [117.75516355400009, 1.294243477000066], [117.75513608800009, 1.294344118000026], [117.75507607000009, 1.294251050000071], [117.75489609100009, 1.29423097800003], [117.75474113300004, 1.29429392000003], [117.75467616500009, 1.294369414000073], [117.75461262300007, 1.294419477000019], [117.75456987400003, 1.294702787000062], [117.75453130400001, 1.294764441000041], [117.75443381500008, 1.294754407000028], [117.75435049400005, 1.294816974000071], [117.7542722070001, 1.295035652000024], [117.75417485600008, 1.295307583000067], [117.75418881900009, 1.29532410500002], [117.75418964200003, 1.298105941000074], [117.75450002200012, 1.298083534000057], [117.75451807900004, 1.298354923000034], [117.75444622700002, 1.298535874000038], [117.75453610400007, 1.298517754000045], [117.75476082700004, 1.298571965000065], [117.7548237850001, 1.298707644000046], [117.75512939300006, 1.29873469100005], [117.75546195900006, 1.298734591000027], [117.75535108100007, 1.298741434000021], [117.75525214100003, 1.298762430000068], [117.7551879130001, 1.298765943000035], [117.75512021000009, 1.298755481000057], [117.75506292300008, 1.298746762000064], [117.755019521, 1.29873279800006], [117.75494513100011, 1.298723238000036], [117.75494516100002, 1.298825211000064], [117.7549450360001, 1.298825846000057], [117.75494513000001, 1.298826400000053], [117.75493619300005, 1.298998286000028], [117.75493539600006, 1.299001834000023], [117.75493487300002, 1.299004826000044], [117.7548643780001, 1.299200126000073], [117.75486444700005, 1.29943135000002], [117.75486437000006, 1.299433228000055], [117.75485541400008, 1.299541788000056], [117.75485378300004, 1.299548565000066], [117.75484891400004, 1.299555904000044], [117.7548484890001, 1.299556190000033], [117.75484822800001, 1.299556566000035], [117.7547634340001, 1.299635024000054], [117.75472257900003, 1.299735853000072], [117.75472254700003, 1.299735903000055], [117.75472253500004, 1.299735962000057], [117.75472028800004, 1.299740127000064], [117.75466286300002, 1.299824182000066], [117.75466024100001, 1.299827355000048], [117.75465357400003, 1.29983198900004], [117.75447840800007, 1.299911388000055], [117.75443062400007, 1.29996753100005], [117.75440507400003, 1.300044754000055], [117.7544046910001, 1.300045379000039], [117.75440451700001, 1.30004625700002], [117.75440102100004, 1.300052081000047], [117.75431427800004, 1.300156912000034], [117.75424373900012, 1.300414570000044], [117.75424283900009, 1.300417211000024], [117.75424025300003, 1.300421859000039], [117.75417300700008, 1.300514980000059], [117.75418142700005, 1.30070020900007], [117.75426824500005, 1.300841365000053], [117.75426989700009, 1.300844608000034], [117.75427124600003, 1.300849217000064], [117.75429133000011, 1.300960205000024], [117.75432808800008, 1.301061011000058], [117.75432816000011, 1.301061418000074], [117.75432886500005, 1.301063616000022], [117.75433949800004, 1.30110903700006], [117.75445903400009, 1.301083218000031], [117.75456570200004, 1.301047396000058], [117.75456689300006, 1.301047201000074], [117.75456939100002, 1.301046498000062], [117.75468623300003, 1.301028369000051], [117.75468965000005, 1.301028105000057], [117.75469824900006, 1.301029824000068], [117.75470403700001, 1.301033343000029], [117.75475691800011, 1.301077669000051], [117.7548147870001, 1.301115134000042], [117.75493481700005, 1.301118313000075], [117.75505802200007, 1.301035591000073], [117.75510031600004, 1.300933342000064], [117.75510516700001, 1.300926047000075], [117.7551070180001, 1.300924378000047], [117.7551968790001, 1.300851979000072], [117.75520231700011, 1.300848743000074], [117.755202456, 1.300848715000029], [117.75520257000005, 1.300848639000037], [117.75524750600005, 1.300830533000067], [117.755247617, 1.300830511000072], [117.755249939, 1.300829711000063], [117.75534880200007, 1.300802542000042], [117.75535471400008, 1.300801743000022], [117.75536260400008, 1.300803181000049], [117.7554294150001, 1.300828374000048], [117.75552617900007, 1.300816887000053], [117.75555638100002, 1.300796986000023], [117.75557680600002, 1.300741137000045], [117.75558825500002, 1.300665257000048], [117.75559673500004, 1.30059686900006], [117.75559827000006, 1.300591022000049], [117.75560313900007, 1.30058368300007], [117.75561042700008, 1.300578778000045], [117.75561902600009, 1.30057705400003], [117.75562762600009, 1.300578773000041], [117.75563491700007, 1.300583673000062], [117.75563979000003, 1.300591009000073], [117.7556415030001, 1.300599663000071], [117.75564133000012, 1.300602471000047], [117.75563281400002, 1.300671157000068], [117.75563276200012, 1.30067135500002], [117.7556327320001, 1.300671752000028], [117.7556208960001, 1.300750194000045], [117.75561993300005, 1.300753674000021], [117.7556197670001, 1.300754611000059], [117.75559599100006, 1.300819625000031], [117.75559575900002, 1.300819990000036], [117.75559566600009, 1.300820462000047], [117.75559079700008, 1.300827800000036], [117.75558721200002, 1.300830735000034], [117.75554637100004, 1.300857646000054], [117.75554266800009, 1.300859616000025], [117.75553669500005, 1.300861184000041], [117.75542926700007, 1.300873938000052], [117.75542664200009, 1.300874093000061], [117.7554187510001, 1.300872656000024], [117.75535363600011, 1.300848102000032], [117.75526301700006, 1.300873005000028], [117.755222365, 1.300889386000051], [117.75513959500006, 1.30095607200002], [117.75509689700004, 1.301059298000041], [117.75509204600007, 1.30106659300003], [117.75508862200002, 1.301069419000044], [117.75495382500003, 1.301159925000036], [117.75494996000009, 1.301162003000059], [117.75494136100008, 1.301163727000073], [117.75494105300004, 1.301163665000047], [117.75494076400003, 1.301163719000044], [117.75480732400001, 1.301160185000072], [117.75479932200005, 1.301158474000033], [117.7547957590001, 1.301156597000045], [117.75473144300008, 1.301114959000074], [117.75473001500006, 1.301113800000053], [117.75472921900007, 1.301113316000055], [117.754683064, 1.301074628000038], [117.75457812000002, 1.301090910000028], [117.75447207800005, 1.301126522000061], [117.75447145900011, 1.301126623000073], [117.75446968100005, 1.301127181000027], [117.75434385300002, 1.301154358000076], [117.75433914500002, 1.301154862000033], [117.75433467700009, 1.301153968000051], [117.75429414200005, 1.301264805000073], [117.7542939110001, 1.301265170000022], [117.75429381800006, 1.301265641000043], [117.7542912020001, 1.301270331000069], [117.75422663900008, 1.301359308000031], [117.75422438600003, 1.30136195700004], [117.75422096200009, 1.301364784000043], [117.75412978700001, 1.301426], [117.75403814000003, 1.301496348000057], [117.75403815400011, 1.301545307000026], [117.75407327900007, 1.301668901000028], [117.75407414600011, 1.301675114000034], [117.75407403300005, 1.301675685000021], [117.75407412100003, 1.301676190000023], [117.7540652990001, 1.301863825000055], [117.75414180700011, 1.301883051000061], [117.75430036500006, 1.301775913000029], [117.75451113000008, 1.301786456000059], [117.75456338900005, 1.301794168000072], [117.7545640410001, 1.301792571000021], [117.75493255200001, 1.301765320000072], [117.75519323300011, 1.301837613000032], [117.7553010790001, 1.301792349000038], [117.75556180900003, 1.30202747800007]], [[117.75551867100012, 1.30182006800004], [117.75543166000011, 1.301771450000047], [117.75541460300008, 1.301752461000035], [117.7554089250001, 1.301747084000056], [117.75541748900002, 1.301699209000049], [117.75545141000009, 1.301649650000059], [117.75552787600009, 1.301657491000071], [117.75557810700002, 1.301652421000028], [117.75566402700008, 1.301680047000048], [117.75572770000008, 1.301694507000036], [117.75575784500006, 1.301714159000028], [117.75576511000008, 1.30174673800002], [117.75575574400011, 1.301772826000047], [117.7556848480001, 1.301806432000035], [117.75566857600006, 1.301824289000024], [117.75551867100012, 1.30182006800004]], [[117.75446427800011, 1.301201830000025], [117.75448296400009, 1.301177435000056], [117.75450845900002, 1.301221043000055], [117.75452601200004, 1.301279547000036], [117.75449443200012, 1.30137499500006], [117.75448822500005, 1.301431341000068], [117.7544691810001, 1.301495892000048], [117.7544094640001, 1.301563548000047], [117.75438421100012, 1.301575509000031], [117.75437036300002, 1.301559821000069], [117.75433643400004, 1.301521382000033], [117.75428408800008, 1.30152032500007], [117.7542224010001, 1.301503186000048], [117.75427929500006, 1.301462647000051], [117.75432226800001, 1.301431391000051], [117.75440591400002, 1.30132412100005], [117.75446427800011, 1.301201830000025]], [[117.75657714300007, 1.300887316000058], [117.75640339300003, 1.300782699000024], [117.75628326600008, 1.300731835000022], [117.75622002900002, 1.300661866000041], [117.75612522000006, 1.300712795000038], [117.75601140200001, 1.30061739000007], [117.75594814700003, 1.300490158000059], [117.75612514800002, 1.300471017000064], [117.75642228600009, 1.300540915000056], [117.75651382300009, 1.300666338000042], [117.75657409400003, 1.300839911000025], [117.75657714300007, 1.300887316000058]], [[117.75717923200011, 1.300470997000048], [117.757152227, 1.300335308000058], [117.7571612050001, 1.300299119000044], [117.75724208600002, 1.300253862000034], [117.757287, 1.30016338400003], [117.75734990100011, 1.30010908600002], [117.75736785100003, 1.300018616000045], [117.75731391300008, 1.29999149300005], [117.75718805600002, 1.299919159000069], [117.7571340940001, 1.299810618000038], [117.75706454400006, 1.299679002000062], [117.75706214800005, 1.299674942000024], [117.75720589000002, 1.299439691000032], [117.7573407220001, 1.299466790000054], [117.75754749200007, 1.299602424000057], [117.75759249300006, 1.299801433000027], [117.757711663, 1.299963606000063], [117.75774535500011, 1.300009456000055], [117.7577126860001, 1.300049407000074], [117.75761956500003, 1.300163284000064], [117.75758370400001, 1.30047087500003], [117.75750802900006, 1.300590642000031], [117.75748532400007, 1.300593630000037], [117.75734104000003, 1.300534273000039], [117.75717923200011, 1.300470997000048]], [[117.75747726300006, 1.299473526000043], [117.75737456800005, 1.299409019000052], [117.75726265900005, 1.299398814000028], [117.7572594290001, 1.299304214000074], [117.7573056120001, 1.299261026000067], [117.75738809100005, 1.299207863000049], [117.75752201800003, 1.299199072000022], [117.75762236900005, 1.299194507000038], [117.75770233900005, 1.299181348000047], [117.75770849100002, 1.299180335000074], [117.75778144000003, 1.299209233000056], [117.75780689700002, 1.299291138000058], [117.75772047300006, 1.299454991000061], [117.757705686, 1.299462125000048], [117.75760476200003, 1.299510816000065], [117.75754754700006, 1.299521598000069], [117.7575017580001, 1.29949089400003], [117.75747726300006, 1.299473526000043]], [[117.75618805900001, 1.299202688000037], [117.75618077100012, 1.299207593000062], [117.756180147, 1.299207737000074], [117.75620117100004, 1.299266295000052], [117.75628008000001, 1.299372121000033], [117.75628286500012, 1.29937703500002], [117.75628422200009, 1.299381686000061], [117.75629615000003, 1.299448311000049], [117.75629650600001, 1.299452315000053], [117.75629479800011, 1.299460970000041], [117.7562946700001, 1.299461164000036], [117.75629462500001, 1.299461380000025], [117.7562592480001, 1.299542832000043], [117.75625455200009, 1.299549761000037], [117.75625390700009, 1.299550195000052], [117.75625352600002, 1.299550731000068], [117.75619614000004, 1.299601701000029], [117.75618987700011, 1.299605635000034], [117.7561897380001, 1.299605663000023], [117.75618962400006, 1.299605739000071], [117.75614468800006, 1.299623846000031], [117.7561363430001, 1.299625466000066], [117.75605063300009, 1.299625492000075], [117.75593963200004, 1.299668499000063], [117.755824576, 1.299739809000073], [117.7558232240001, 1.299740505000045], [117.75582284900008, 1.299740777000068], [117.75579298600007, 1.299755817000062], [117.7557630880001, 1.299808512000027], [117.75575442000002, 1.29998404600002], [117.75575439600004, 1.29998415700004], [117.75575436600002, 1.299984852000023], [117.75574536600004, 1.300090675000035], [117.755744176, 1.300095594000027], [117.75574393000011, 1.300096917000076], [117.75571003800007, 1.300184963000049], [117.75571844000001, 1.300260871000035], [117.75571857800003, 1.30026336800006], [117.75571838300004, 1.300266355000076], [117.75570921700012, 1.300335757000028], [117.75570885600007, 1.300337108000065], [117.75570867400006, 1.300338526000075], [117.75569169700009, 1.300403539000058], [117.75569072700011, 1.300406438000039], [117.75568892500007, 1.300409926000043], [117.755665141, 1.300447569000028], [117.75566207300005, 1.300451420000059], [117.75565478500005, 1.300456325000027], [117.75564618600004, 1.300458049000042], [117.75563758600003, 1.300456330000031], [117.75563029500006, 1.300451430000066], [117.7556254220001, 1.300444094000056], [117.75562370900002, 1.300435439000069], [117.75562541700003, 1.300426784000024], [117.75562721800009, 1.300423296000019], [117.75564912200002, 1.300388629000054], [117.75566485200011, 1.300328395000065], [117.75567347100002, 1.300263134000033], [117.75566476300003, 1.30018446400004], [117.755664625, 1.300181966000025], [117.75566614200011, 1.300173789000041], [117.75570086300002, 1.300083593000068], [117.75570955400008, 1.299981397000067], [117.75571846900004, 1.299800869000023], [117.75572014900001, 1.299793343000033], [117.7557213990001, 1.299790776000066], [117.75575733300002, 1.299727440000026], [117.75576095200006, 1.299722668000072], [117.75576679100004, 1.299718430000041], [117.75580185400008, 1.299700772000051], [117.75591783700008, 1.29962888700004], [117.75592101400002, 1.29962725200005], [117.75592131000008, 1.299627193000049], [117.75592154700007, 1.29962703800004], [117.75603838100005, 1.299581771000021], [117.75604644700002, 1.299580261000074], [117.75613200200007, 1.299580235000064], [117.75616931500008, 1.299565200000075], [117.75622006100002, 1.29952012800004], [117.75625070900003, 1.299449564000042], [117.75624093700003, 1.29939498400006], [117.75616320800009, 1.299290738000025], [117.7561604230001, 1.299285824000037], [117.756160313, 1.299285270000041], [117.7561600470001, 1.29928484900006], [117.75613376400008, 1.299211642000046], [117.75602069400009, 1.299218370000062], [117.75602008500005, 1.299218267000072], [117.75601937400006, 1.299218410000037], [117.75601077500005, 1.299216691000026], [117.75600664300009, 1.299214434000021], [117.75586280100003, 1.299114966000047], [117.75585964200002, 1.299112323000031], [117.75585476800006, 1.299104987000021], [117.75585471800002, 1.299104734000025], [117.75585458600005, 1.299104529000033], [117.75579264100008, 1.298944353000024], [117.7557043590001, 1.298820035000062], [117.75570395500006, 1.298819304000062], [117.75570346900008, 1.298818684000025], [117.75570282900003, 1.298817629000041], [117.75577658000009, 1.298843054000031], [117.75577969900007, 1.298844161000034], [117.755777652, 1.298845458000073], [117.75583084100003, 1.298920357000043], [117.75583331700011, 1.298924847000023], [117.75583336800003, 1.298925100000019], [117.75583350000011, 1.298925305000068], [117.75589395600002, 1.299081630000046], [117.75602573800006, 1.299172759000044], [117.75616158900004, 1.299164675000043], [117.75626811000006, 1.299044747000039], [117.75626858900011, 1.299044405000075], [117.75626896800009, 1.299043833000042], [117.75627344200007, 1.299040343000058], [117.75628628200002, 1.299032716000056], [117.75634101300011, 1.299052729000039], [117.75629928900003, 1.299077512000054], [117.75618891800002, 1.299201774000039], [117.75618843900008, 1.29920211600006], [117.75618805900001, 1.299202688000037]], [[117.75494153200009, 1.300287043000026], [117.75493939900002, 1.300308574000042], [117.75490944600006, 1.300293512000053], [117.75488381600007, 1.300292488000025], [117.7548452740001, 1.300310756000044], [117.75483324800007, 1.300308867000069], [117.7548217320001, 1.30027631300004], [117.75483241900008, 1.300246167000068], [117.75484524800004, 1.30022247900007], [117.75482384200006, 1.300177271000052], [117.75482810500012, 1.300123442000029], [117.75484734500003, 1.300082528000075], [117.75488574500002, 1.300098012000035], [117.75493292300007, 1.300110492000044], [117.75501208800006, 1.300157836000039], [117.75505275000012, 1.300211651000041], [117.75505489500006, 1.300233182000056], [117.75501425400012, 1.300246112000025], [117.75496719600005, 1.300263351000069], [117.75494153200009, 1.300287043000026]], [[117.75624237400007, 1.300076438000076], [117.75627123600009, 1.300051360000055], [117.75632879600005, 1.300051343000064], [117.7563699210001, 1.300084435000031], [117.75638639400006, 1.30017546800002], [117.7563535270001, 1.300258241000051], [117.75630416400008, 1.30017549300004], [117.7562465960001, 1.300150682000037], [117.75624237400007, 1.300076438000076]], [[117.75662160000002, 1.299258938000037], [117.75667551300012, 1.299204642000063], [117.75678337200009, 1.299204610000061], [117.75690922100011, 1.299249804000056], [117.7568823150001, 1.299358265000023], [117.75675401300009, 1.299460402000022], [117.7566726450001, 1.299521862000063], [117.75661669500005, 1.299532118000059], [117.75662168000008, 1.299530332000074], [117.75648576600008, 1.299476851000065], [117.75641492600005, 1.299448976000065], [117.75641320300008, 1.299445146000039], [117.75650141000006, 1.299335143000064], [117.75662160000002, 1.299258938000037]], [[117.75501059700002, 1.300552324000023], [117.75507256700007, 1.30060663200004], [117.7550706940001, 1.300635589000024], [117.75501485400002, 1.300659963000044], [117.7548665700001, 1.300724689000049], [117.75469688800001, 1.300751572000024], [117.75456377500007, 1.300719628000024], [117.75445631800005, 1.300757836000059], [117.754363011, 1.300739048000025], [117.75432081400004, 1.300691857000061], [117.75439155700008, 1.300603721000073], [117.75455831500005, 1.300538235000033], [117.75484228800008, 1.300480748000041], [117.75501059700002, 1.300552324000023]], [[117.75436499200009, 1.300755354000046], [117.754393187, 1.300784922000048], [117.75441238000008, 1.300790952000057], [117.75447116100008, 1.300819907000061], [117.75448795700004, 1.300859628000069], [117.75452591500004, 1.300955055000031], [117.75450697300005, 1.301031412000043], [117.75444376200005, 1.301050519000057], [117.75436156600006, 1.300999643000068], [117.75433626000006, 1.300936024000066], [117.75434944200003, 1.300899619000063], [117.7543320320001, 1.300839868000025], [117.75430742700007, 1.300783740000043], [117.75430801900006, 1.300758389000066], [117.75433618200009, 1.300755481000067], [117.75436499200009, 1.300755354000046]], [[117.75689689300009, 1.298547537000047], [117.75691676400004, 1.29849749400006], [117.75702098700003, 1.298476824000034], [117.75706454400006, 1.298466043000076], [117.7570699040001, 1.298465389000057], [117.75707850300012, 1.298467108000068], [117.75708579500008, 1.298472008000033], [117.75709066800005, 1.298479344000043], [117.757092381, 1.298487998000041], [117.7570906730001, 1.298496653000029], [117.7570858040001, 1.298503992000064], [117.75707851600009, 1.298508897000033], [117.75707527700001, 1.29850996700003], [117.75703121100003, 1.298520874000076], [117.7570307530001, 1.298520930000052], [117.75703018900003, 1.298521101000063], [117.75689689300009, 1.298547537000047]]]]}},
{"type": "Feature", "properties": {"ba_code": "4321", "blockid": "4321D19P13", "division": "06"}, "geometry": {"type": "MultiPolygon", "coordinates": [[[[117.7713154490001, 1.298175835000052], [117.77096848700012, 1.298074436000036], [117.77094313500004, 1.298080286000072], [117.77088327500007, 1.29810440600005], [117.77088314600007, 1.29810443100007], [117.77088076200005, 1.298105209000028], [117.77069202300004, 1.29815049900003], [117.77068786000007, 1.298150993000036], [117.77068118300008, 1.298149701000057], [117.77063623700008, 1.298131622000028], [117.77063614500003, 1.298131561000048], [117.77063603400006, 1.298131538000064], [117.77063020000003, 1.298127618000024], [117.7706263020001, 1.298121750000064], [117.77062546900004, 1.298119214000053], [117.77061647000005, 1.298083031000033], [117.77061593200006, 1.298078643000053], [117.77061592500002, 1.298053442000025], [117.77040086800002, 1.297940972000049], [117.77039833800006, 1.297939107000047], [117.77039701300009, 1.297938258000045], [117.77028912500009, 1.297838780000063], [117.77028869000003, 1.297838156000068], [117.77028806200008, 1.297837715000071], [117.77018690500006, 1.297727486000042], [117.7698101950001, 1.297798145000058], [117.76980690700009, 1.297798451000062], [117.76980002800008, 1.297797076000052], [117.7697997780001, 1.297796908000066], [117.769799508, 1.297796850000054], [117.7695208350001, 1.297670285000038], [117.76951552100002, 1.297666591000052], [117.7695124170001, 1.297662402000071], [117.76933255200004, 1.297327738000035], [117.76933175700003, 1.297326059000056], [117.7693312350001, 1.29732462100003], [117.76926825700002, 1.297125619000042], [117.76926799300008, 1.297123909000049], [117.76926749900008, 1.297121933000028], [117.76923159700004, 1.296761699000058], [117.76921413000002, 1.296700238000028], [117.76920104600003, 1.296659577000071], [117.76920435200009, 1.296658783000055], [117.76923102, 1.296635283000057], [117.76924843000006, 1.296689386000025], [117.76924845200006, 1.296689525000033], [117.76924861100008, 1.296689985000057], [117.76926660700008, 1.296753305000038], [117.76926684500006, 1.296755015000031], [117.76926721000007, 1.296756475000052], [117.76930308500005, 1.297116439000035], [117.7693649790001, 1.297312018000071], [117.76954115300009, 1.297639814000036], [117.76980915400009, 1.297761532000038], [117.77019008000002, 1.297690082000031], [117.77019336800004, 1.297689776000027], [117.77020024800004, 1.297691151000038], [117.77020608100008, 1.297695071000021], [117.7702062950001, 1.297695393000026], [117.77020657900005, 1.297695592000025], [117.77031396400002, 1.297812608000072], [117.77041955000004, 1.297909963000052], [117.77064218600003, 1.298026397000058], [117.77064660500002, 1.298029654000061], [117.77065050400006, 1.298035523000067], [117.770651874, 1.298042446000068], [117.77065188400002, 1.298076405000074], [117.77065811400007, 1.298101453000072], [117.770689231, 1.298113969000042], [117.77087113900006, 1.298070319000033], [117.77093107200005, 1.298046168000042], [117.77093121300004, 1.298046141000043], [117.77093373600007, 1.298045330000036], [117.77096500100004, 1.298038115000054], [117.77096901300001, 1.298037658000055], [117.77097403100004, 1.298038375000033], [117.771232972, 1.298114050000038], [117.77132692500004, 1.298141508000072], [117.77147416300011, 1.298102036000046], [117.77162249600008, 1.29816280600005], [117.77175984000007, 1.298218051000049], [117.77188069700003, 1.298245657000052], [117.77200014800007, 1.298177729000031], [117.7721798990001, 1.298132442000053], [117.77218278200007, 1.29812946200002], [117.77228523400004, 1.298056683000027], [117.77233264400002, 1.297952470000041], [117.77233261900005, 1.29787004800005], [117.77234156600002, 1.297734349000052], [117.7723145550001, 1.297580567000068], [117.77224042800003, 1.297469915000022], [117.77212316300006, 1.29738235800005], [117.7718299280001, 1.297230144000025], [117.77171168400002, 1.297158788000047], [117.77152251600012, 1.297111251000047], [117.7713285960001, 1.29699232300004], [117.77113464700005, 1.296773446000032], [117.77104383000005, 1.296723468000039], [117.77088397500006, 1.296635497000068], [117.77088394200007, 1.296526029000063], [117.77093115000002, 1.296259483000028], [117.77079454500006, 1.296222494000062], [117.77032749200009, 1.296031156000026], [117.77016160100004, 1.29601613400007], [117.7699403900001, 1.295918808000067], [117.7698016380001, 1.295787721000067], [117.76961363300006, 1.295610103000058], [117.76919929200005, 1.29523318400004], [117.76917571100012, 1.295268779000025], [117.76914413400004, 1.29512068300005], [117.76868626300006, 1.294897688000049], [117.76869649100001, 1.294240345000048], [117.768721346, 1.29423960400004], [117.76872319900008, 1.29422089000002], [117.76871651200008, 1.294221672000049], [117.76871693200007, 1.29413551600004], [117.76597079500004, 1.294135925000035], [117.76597090400003, 1.294497614000022], [117.76601290300005, 1.294560980000028], [117.76602191600011, 1.294642395000039], [117.76609384900007, 1.294732838000073], [117.76619273500012, 1.294787087000032], [117.76633660900006, 1.294821112000022], [117.76633618700009, 1.294822528000054], [117.76627874600001, 1.295060225000043], [117.76626446500006, 1.295119397000065], [117.76626360600005, 1.295122044000038], [117.76626269100007, 1.295123947000036], [117.76623251900003, 1.29517832800002], [117.76623230200005, 1.295178617000033], [117.76623199300002, 1.295179216000065], [117.76620975900005, 1.295214404000035], [117.76620971500006, 1.295214460000068], [117.76620967500003, 1.295214537000049], [117.76617157900012, 1.295273687000019], [117.76613772100006, 1.295326732000035], [117.76616698400005, 1.295349002000023], [117.76616790000003, 1.295349804000068], [117.76616812400005, 1.295349946000044], [117.766321779, 1.295488234000061], [117.76632224000002, 1.295488887000033], [117.76632293500006, 1.29548937200002], [117.76644791900003, 1.295624069000041], [117.76658175400007, 1.295731764000038], [117.76658206500008, 1.295732044000033], [117.76658216700002, 1.29573210600006], [117.76676197800009, 1.295885841000029], [117.76676304700004, 1.295886833000054], [117.76676339100004, 1.295887351000033], [117.7667638150001, 1.295887656000048], [117.76689868500011, 1.29604140400005], [117.7669018150001, 1.296046450000063], [117.76690318500005, 1.296053374000053], [117.76690290600004, 1.296056554000074], [117.76685804200008, 1.296309869000027], [117.7668569540001, 1.296313612000063], [117.76685305900003, 1.296319483000048], [117.76684722800007, 1.296323407000045], [117.7668458500001, 1.296323917000052], [117.76659420400006, 1.29640541200007], [117.76658870400001, 1.296406281000031], [117.76658397400001, 1.29640564500005], [117.76649710900006, 1.29638183000003], [117.76639071200009, 1.296530197000038], [117.76637326100001, 1.296883629000035], [117.76644369000007, 1.297122602000059], [117.76651348200005, 1.297236671000064], [117.76661096100008, 1.297343636000051], [117.76671773300006, 1.297451034000062], [117.7668597280001, 1.297560253000029], [117.76692106500002, 1.297521644000028], [117.76692371200011, 1.297520270000064], [117.76693059100012, 1.297518891000038], [117.76693119800007, 1.297519012000066], [117.76693171300008, 1.297518926000066], [117.7672193410001, 1.297536931000025], [117.76722510000002, 1.297538271000064], [117.76723093300006, 1.297542191000048], [117.76723318000006, 1.297544948000052], [117.76730511800008, 1.297653483000033], [117.76730677000012, 1.297656595000035], [117.7673080510001, 1.297661718000029], [117.76731583100002, 1.297739783000054], [117.767361531, 1.297585333000029], [117.76731542200002, 1.29754557900003], [117.76726719900012, 1.29751593900005], [117.76711125800011, 1.297485989000052], [117.76684783300004, 1.297452929000031], [117.7667094950001, 1.297300527000061], [117.7667686420001, 1.296896200000049], [117.76688059700007, 1.296909422000056], [117.76710437300005, 1.296491788000026], [117.767315058, 1.296339280000041], [117.76736772700008, 1.296292868000023], [117.76765745700004, 1.296206615000074], [117.76785368300011, 1.296372664000046], [117.76781526100001, 1.296472192000067], [117.76774942400004, 1.296737589000031], [117.76759566500004, 1.296897969000042], [117.76744184600011, 1.296859315000063], [117.76751330800005, 1.29703068200007], [117.76760588400009, 1.297147940000059], [117.76751342000011, 1.297401105000063], [117.7676123220001, 1.297489534000022], [117.76782108900011, 1.29758345800002], [117.76788153200005, 1.297644255000023], [117.76797518700005, 1.297779413000058], [117.76800792800009, 1.297826663000023], [117.76812334800002, 1.298042247000069], [117.76843181900006, 1.298160730000063], [117.76870151700007, 1.298332530000039], [117.76912398000002, 1.298386679000032], [117.76934858200002, 1.298042846000044], [117.76954629000011, 1.297934228000031], [117.76982498000007, 1.298115071000041], [117.769977831, 1.298286907000033], [117.76986102600006, 1.298422639000023], [117.769941936, 1.298476893000043], [117.77010372100005, 1.298467797000058], [117.77036437100003, 1.298440578000054], [117.7705890740001, 1.298431463000043], [117.77082274300005, 1.298349973000029], [117.77111036100007, 1.298331792000056], [117.77128112300011, 1.298286507000057], [117.7713154490001, 1.298175835000052]], [[117.76835592400005, 1.296273522000035], [117.76826720800011, 1.296199133000073], [117.76813673800007, 1.296190418000037], [117.76806271200007, 1.296206810000058], [117.76812560500002, 1.296125373000052], [117.76825144300005, 1.296134381000059], [117.76847619500006, 1.296288102000062], [117.7687009550001, 1.296468962000063], [117.7689167210001, 1.296631732000037], [117.76871959300001, 1.296531652000056], [117.76867627600006, 1.296505324000066], [117.76851669300004, 1.29640832900003], [117.76835592400005, 1.296273522000035]], [[117.76782405100005, 1.295288449000054], [117.76782761200002, 1.295287604000066], [117.76782723600002, 1.295291777000045], [117.76782405100005, 1.295288449000054]]], [[[117.76828843300007, 1.299572020000028], [117.76850793800008, 1.29942094300003], [117.76870181000004, 1.299300500000072], [117.76870543000007, 1.29919553000002], [117.76859882500003, 1.299223770000026], [117.76845907300003, 1.299119645000076], [117.76827075500012, 1.299056474000054], [117.76816536700005, 1.298983598000063], [117.76814499000011, 1.299090661000037], [117.76813552400006, 1.299210209000023], [117.76785691100008, 1.299282666000067], [117.7676771460001, 1.299282721000054], [117.76744346300006, 1.299318978000031], [117.76730862300008, 1.299264740000069], [117.76712886100006, 1.299273842000048], [117.76700297400009, 1.299101998000026], [117.76699316700001, 1.298964073000036], [117.76712480800006, 1.298745308000036], [117.76711819900004, 1.298665774000028], [117.766946963, 1.298612802000036], [117.766920604, 1.298553158000061], [117.76697326300007, 1.298473606000073], [117.76715101000002, 1.298281339000027], [117.76727572200002, 1.298390050000023], [117.76742107300004, 1.298493353000026], [117.76742584800002, 1.298457112000051], [117.76732859800006, 1.298219011000072], [117.76736219000009, 1.298061546000042], [117.76727226100002, 1.297907784000074], [117.76727277600003, 1.297905446000073], [117.76726199500001, 1.297932599000035], [117.76726180100002, 1.297932894000041], [117.76726173100008, 1.297933228000034], [117.76722606800001, 1.298014056000056], [117.76714546300002, 1.298239623000029], [117.76714524700003, 1.29823996600004], [117.76714515800006, 1.298240419000024], [117.76714224800003, 1.298245214000076], [117.7669895030001, 1.298426189000054], [117.76698851700007, 1.298427265000043], [117.76689621600008, 1.298520221000047], [117.76691108300008, 1.298609831000022], [117.76709082400009, 1.298687297000072], [117.7670964560001, 1.298691132000044], [117.76710035400004, 1.298697], [117.76710172500009, 1.298703924000051], [117.76710148100005, 1.298706898000034], [117.767092509, 1.298761180000042], [117.76709138600006, 1.29876512900006], [117.7670897370001, 1.298768242000051], [117.76703645200007, 1.29884873900005], [117.76699074500004, 1.298940816000027], [117.7669849670001, 1.298973763000049], [117.76698503700004, 1.29905013900003], [117.76698496000006, 1.299050523000062], [117.76698367100005, 1.299057069000071], [117.76698361600006, 1.299057152000046], [117.76698359600005, 1.299057247000064], [117.76683928800003, 1.299397833000057], [117.76684140000009, 1.299476856000069], [117.76687724800001, 1.299463894000041], [117.7670210760001, 1.299518129000035], [117.76720515400007, 1.299842124000065], [117.76728875700007, 1.299893393000048], [117.7675425000001, 1.299870781000038], [117.76790413800006, 1.299745152000071], [117.76828843300007, 1.299572020000028]]]]}},
{"type": "Feature", "properties": {"ba_code": "4321", "blockid": "4321J25P08", "division": "05"}, "geometry": {"type": "MultiPolygon", "coordinates": [[[[117.78705543300009, 1.23883765100004], [117.7870553350001, 1.238502933000063], [117.78703734500004, 1.238457707000066], [117.78700138300007, 1.238421532000075], [117.7869474470001, 1.238394409000023], [117.78681263200008, 1.238412542000049], [117.78664185600007, 1.238394500000027], [117.78648906500007, 1.238412638000057], [117.78629133800007, 1.238439837000044], [117.78599475800002, 1.238521343000059], [117.78560829600008, 1.23859383000007], [117.785311696, 1.238602964000052], [117.7850060930001, 1.238566870000056], [117.78491621100011, 1.238557850000063], [117.78450278500009, 1.238630345000047], [117.78439492100006, 1.238603238000053], [117.78425110500007, 1.238576141000067], [117.78398146800009, 1.238585268000065], [117.78398149800012, 1.238684779000039], [117.78405431200008, 1.241778632000035], [117.7840998260001, 1.24372359900002], [117.7842358150001, 1.247676843000022], [117.78433533200007, 1.249866046000022], [117.78535995800007, 1.249838599000043], [117.78591722100009, 1.249856524000052], [117.78730135700005, 1.249792782000043], [117.78723819000004, 1.248951485000021], [117.78721122400009, 1.248942446000058], [117.78718392600001, 1.247820699000044], [117.78712004800002, 1.244582103000027], [117.78708315900008, 1.241415870000026], [117.78705543300009, 1.23883765100004]]]]}},
{"type": "Feature", "properties": {"ba_code": "4321", "blockid": "4321K36P07", "division": "03"}, "geometry": {"type": "MultiPolygon", "coordinates": [[[[117.81485589400006, 1.240000586000065], [117.81761544900007, 1.240009723000071], [117.81753437500004, 1.235125345000029], [117.81746301400005, 1.231160643000067], [117.81483319400002, 1.231178413000066], [117.81484329300008, 1.237285917000065], [117.81485589400006, 1.240000586000065]]]]}},
{"type": "Feature", "properties": {"ba_code": "4321", "blockid": "4321E21P07", "division": "04"}, "geometry": {"type": "MultiPolygon", "coordinates": [[[[117.77393661300005, 1.291503342000055], [117.77396685500003, 1.294204057000059], [117.77638990600008, 1.294261661000064], [117.77646683000012, 1.294263490000048], [117.77612141800012, 1.294006101000036], [117.77562057400007, 1.29372085600005], [117.77533091600003, 1.293514486000049], [117.77510760700011, 1.293253445000062], [117.77505925700007, 1.29297413300003], [117.77514366500009, 1.292785866000031], [117.77528240700008, 1.29271295500007], [117.77557803900004, 1.292725009000037], [117.77644539100004, 1.292834066000069], [117.776443545, 1.292710965000026], [117.77641512100001, 1.290815723000037], [117.776145358, 1.285896457000035], [117.77472284400005, 1.285975511000061], [117.77400335100003, 1.286030634000042], [117.77410459000009, 1.287242433000074], [117.77417742000011, 1.287592249000056], [117.7740090100001, 1.290422020000051], [117.77393661300005, 1.291503342000055]]]]}},
{"type": "Feature", "properties": {"ba_code": "4321", "blockid": "4321E14P16", "division": "06"}, "geometry": {"type": "MultiPolygon", "coordinates": [[[[117.75430052900003, 1.292158150000034], [117.75456110800008, 1.291886678000026], [117.75489369600007, 1.291967997000029], [117.755064489, 1.292022225000039], [117.75514536900005, 1.291976968000029], [117.75517231000003, 1.29189554200002], [117.75520561400003, 1.291836842000066], [117.75521322400004, 1.291833569000062], [117.7552940170001, 1.291761815000029], [117.75528910900005, 1.291732670000044], [117.75533402100007, 1.291633146000038], [117.75548674800007, 1.291388845000029], [117.75562156100011, 1.291352619000065], [117.75566851700012, 1.291308620000052], [117.75562662400012, 1.29124494000007], [117.75563049300001, 1.291162640000039], [117.75552642200012, 1.290980254000033], [117.7555082670001, 1.290889035000021], [117.75554950300011, 1.290836991000049], [117.7555928590001, 1.290879887000074], [117.75565740700006, 1.290990749000059], [117.75585277200003, 1.291168687000038], [117.75590243900001, 1.291256108000027], [117.75601798900004, 1.291282471000045], [117.75607611800001, 1.291285764000065], [117.75615826, 1.291205430000048], [117.75619804700011, 1.291166519000058], [117.756061681, 1.291152156000066], [117.75597974000004, 1.291143525000052], [117.75596418000009, 1.291075415000023], [117.7559010330001, 1.29090412100004], [117.75589800800003, 1.290891959000021], [117.7558664820001, 1.290860002000045], [117.75584662900008, 1.29083115800006], [117.75574692700002, 1.290825106000057], [117.755693801, 1.290772903000061], [117.7556799570001, 1.290738933000057], [117.75563205900005, 1.290621405000024], [117.75539666100008, 1.290692293000063], [117.75538768600006, 1.290737528000022], [117.75521693300004, 1.29081899800002], [117.7550461300001, 1.290728584000021], [117.7549529580001, 1.290610693000076], [117.7548465540001, 1.29068245600007], [117.754843789, 1.290685809000024], [117.75476744700006, 1.290565831000038], [117.75476741300008, 1.290448226000024], [117.75456068300002, 1.29044828800005], [117.75447076600005, 1.290330711000024], [117.75434494700005, 1.29038502700007], [117.75437185300007, 1.290185996000048], [117.75457854800004, 1.290068331000043], [117.75454253900011, 1.28987836500005], [117.75452575400004, 1.289743539000028], [117.75466160700012, 1.289640588000054], [117.75482385400005, 1.289573727000061], [117.75490055500006, 1.289524912000047], [117.7548839640001, 1.289452987000061], [117.7547932440001, 1.289309986000035], [117.7547171760001, 1.289190081000072], [117.75455099300007, 1.289114113000039], [117.75446945600004, 1.289042789000064], [117.75452430400003, 1.289000862000023], [117.75443762100008, 1.288840485000037], [117.75441522200003, 1.288731527000039], [117.75439423600005, 1.288722847000031], [117.7543469850001, 1.288829110000052], [117.75429035900004, 1.288897542000029], [117.75413932000004, 1.28895079900002], [117.7541389050001, 1.288951050000037], [117.75414681200004, 1.289046207000069], [117.75419177700007, 1.289127612000073], [117.75429968700007, 1.28929946300002], [117.75435362100006, 1.28931754000007], [117.75438062300009, 1.289444183000057], [117.75437649500009, 1.289459782000051], [117.75438652200012, 1.289481572000057], [117.75437375100012, 1.289470149000067], [117.75434471000005, 1.289579890000027], [117.75432675200011, 1.289643221000063], [117.7542458580001, 1.289643245000036], [117.7541867000001, 1.289650268000059], [117.75418768100008, 1.292980800000066], [117.75435471500009, 1.293026596000061], [117.754507525, 1.293062736000024], [117.75462433000007, 1.292917958000032], [117.75473214800002, 1.292782228000021], [117.75473209000006, 1.292583206000074], [117.75430960200003, 1.29244763500003], [117.75431853200007, 1.292248610000058], [117.75430052900003, 1.292158150000034]]], [[[117.75587240900006, 1.288566229000025], [117.75587238800006, 1.288493857000049], [117.75577492000002, 1.28854534200002], [117.75567466100006, 1.28853914900003], [117.75567457500006, 1.288249662000055], [117.75562962300012, 1.288213489000043], [117.75556583200012, 1.288040700000067], [117.75561154800005, 1.287878775000024], [117.75560249900002, 1.287670709000054], [117.75551170200004, 1.287611051000056], [117.75546611800007, 1.287486039000044], [117.75549920200001, 1.287344334000068], [117.75559439400001, 1.287198442000033], [117.7556113490001, 1.287200289000054], [117.75572522800007, 1.287202272000059], [117.75588096800004, 1.28710974400002], [117.7560517180001, 1.28701922800002], [117.75614546100007, 1.287113523000073], [117.75625782700001, 1.287116619000074], [117.75634831800005, 1.286982954000052], [117.7563033240001, 1.286802038000076], [117.75619954100011, 1.28675809300006], [117.7561917810001, 1.286667912000041], [117.75638411900002, 1.286467294000033], [117.75674292300005, 1.286182827000061], [117.7568233610001, 1.28619310800002], [117.75704956000004, 1.286182289000067], [117.75714162400004, 1.286151504000031], [117.75721759400005, 1.286024397000062], [117.75717251100002, 1.285944227000073], [117.75697717600008, 1.285906236000073], [117.75699, 1.285876095000049], [117.75479397400011, 1.285885169000039], [117.75498120400005, 1.28593586900007], [117.75509873100009, 1.286056561000066], [117.75515701400002, 1.286245385000029], [117.75516996600004, 1.286284451000029], [117.75525463100007, 1.286423386000024], [117.75540441200008, 1.286494726000058], [117.75547635800001, 1.286630401000025], [117.75555734500006, 1.286947004000069], [117.75554047700007, 1.286898398000062], [117.7555446340001, 1.286952574000054], [117.75545773500005, 1.287140138000041], [117.7553566680001, 1.287278449000041], [117.75524699400012, 1.287341570000024], [117.75512351000009, 1.287412443000051], [117.75506033400006, 1.287490327000057], [117.7550002590001, 1.287571377000063], [117.75504911000007, 1.287658725000028], [117.7550811960001, 1.287716096000054], [117.75511423500006, 1.287736194000047], [117.755325448, 1.287869492000027], [117.75534193700003, 1.287996459000055], [117.755494784, 1.288159250000035], [117.75558473300009, 1.288385385000026], [117.75559379100002, 1.28862059100004], [117.7556028350001, 1.288810564000073], [117.75563880900006, 1.288882926000042], [117.75591748600004, 1.289027586000032], [117.75596241200003, 1.288973294000073], [117.75589943300008, 1.288765244000047], [117.75587240900006, 1.288566229000025]]]]}},
{"type": "Feature", "properties": {"ba_code": "4321", "blockid": "4321I31P06", "division": "02"}, "geometry": {"type": "MultiPolygon", "coordinates": [[[[117.80398760100002, 1.257295861000046], [117.80399469800011, 1.253445126000031], [117.8039590940001, 1.253444729000023], [117.80273340300005, 1.253394310000033], [117.80266919200005, 1.254321385000026], [117.80250143900003, 1.254302295000059], [117.80249245100003, 1.254302297000038], [117.80215090100012, 1.25428431000006], [117.80195316800007, 1.254293417000042], [117.8019262040001, 1.254293426000061], [117.80190822300005, 1.25427533800007], [117.8018542750001, 1.254212030000076], [117.8018452870001, 1.254212033000044], [117.80172841300009, 1.254112559000021], [117.80171942200002, 1.254103515000054], [117.8017013220001, 1.253696434000062], [117.80171928700008, 1.25366024300007], [117.80175520900002, 1.253560722000032], [117.80171025800007, 1.253524550000066], [117.80166530200006, 1.253470286000038], [117.80159338400006, 1.253425076000042], [117.80159338100009, 1.25341602900005], [117.80156639800009, 1.253352713000027], [117.80155740200007, 1.253325577000055], [117.80153040700009, 1.253226075000043], [117.8015303740001, 1.253117518000067], [117.80153037200012, 1.253108472000065], [117.80154833400002, 1.253063234000024], [117.80155731400009, 1.253036093000048], [117.80154831700008, 1.253008956000031], [117.8015483150001, 1.252999910000028], [117.8014763750001, 1.252882329000045], [117.80145839600004, 1.252873288000046], [117.80143140700011, 1.252791879000029], [117.801422408, 1.252755696000065], [117.80134145600005, 1.25255670100006], [117.80130548500006, 1.252493387000072], [117.80125154000007, 1.25243912600007], [117.80120658100009, 1.25237581500005], [117.80119759000002, 1.252366771000027], [117.80118860200002, 1.252366774000052], [117.80092794000007, 1.25233066900006], [117.8008426350001, 1.252350513000067], [117.80095696500007, 1.254815035000036], [117.80112878600005, 1.258618707000039], [117.80397292000009, 1.258542173000023], [117.80398760100002, 1.257295861000046]]], [[[117.80176369100002, 1.251896185000021], [117.8026443440001, 1.251335039000026], [117.8024823290001, 1.250575193000032], [117.80350695100003, 1.250547738000023], [117.80352492700001, 1.250547733000076], [117.80367772000011, 1.250538639000069], [117.8038484860001, 1.250520494000057], [117.80399226400004, 1.250420939000037], [117.80400027400003, 1.250420937000058], [117.80400041000007, 1.250347458000022], [117.8040021380001, 1.249410320000038], [117.80102354400003, 1.249547798000037], [117.8008478270001, 1.250912992000053], [117.80081674100006, 1.25179231900006], [117.800818993, 1.251840866000066], [117.80089183900009, 1.251842175000036], [117.80174569600001, 1.251832866000029], [117.80175469800008, 1.251878095000052], [117.80176368800005, 1.251887139000075], [117.80176369100002, 1.251896185000021]]]]}},
{"type": "Feature", "properties": {"ba_code": "4321", "blockid": "4321H32P06", "division": "02"}, "geometry": {"type": "MultiPolygon", "coordinates": [[[[117.80403924100005, 1.258633090000046], [117.80397194600005, 1.262475727000037], [117.80397879500003, 1.267173057000036], [117.80681410300008, 1.267114857000024], [117.80682813300007, 1.261679182000023], [117.80672298400009, 1.258510428000022], [117.80403924100005, 1.258633090000046]]]]}},
{"type": "Feature", "properties": {"ba_code": "4321", "blockid": "4321F25P06", "division": "04"}, "geometry": {"type": "MultiPolygon", "coordinates": [[[[117.78746878400011, 1.279686262000041], [117.78747314400005, 1.277970105000065], [117.7874707410001, 1.276672697000038], [117.78577984300011, 1.276691005000032], [117.78481400200008, 1.276729963000037], [117.78481467200004, 1.282025320000059], [117.78495021000003, 1.285804625000026], [117.78613684400011, 1.285805906000064], [117.78756681300001, 1.285802602000047], [117.78746878400011, 1.279686262000041]]]]}},
{"type": "Feature", "properties": {"ba_code": "4321", "blockid": "4321H14P07", "division": "01"}, "geometry": {"type": "MultiPolygon", "coordinates": [[[[117.75557725300007, 1.259794588000034], [117.7541604600001, 1.259857903000068], [117.75392710100004, 1.263481197000033], [117.7542686590001, 1.268032921000042], [117.75451939600009, 1.26823753900004], [117.75534746900007, 1.268287951000048], [117.75562362300002, 1.268214307000051], [117.75582706600005, 1.268177556000069], [117.75766186800001, 1.268083048000051], [117.75739641500002, 1.264437009000062], [117.75718845900008, 1.262587392000057], [117.75701548900008, 1.261463349000053], [117.75686422600006, 1.260768083000073], [117.75678887900006, 1.259754905000023], [117.75610020800002, 1.259791918000076], [117.75579965000009, 1.259861762000071], [117.75557725300007, 1.259794588000034]]]]}},
{"type": "Feature", "properties": {"ba_code": "4321", "blockid": "4321E23P07", "division": "04"}, "geometry": {"type": "MultiPolygon", "coordinates": [[[[117.78210323700011, 1.291565938000076], [117.78196003500011, 1.285935321000068], [117.78076464300011, 1.285914389000027], [117.77948485500008, 1.28587884500007], [117.77948125800003, 1.286258177000036], [117.77944569600004, 1.288019057000042], [117.77945093000005, 1.294077866000066], [117.78066334100004, 1.294043096000053], [117.781505433, 1.294007167000075], [117.78213790200004, 1.294024818000025], [117.78210323700011, 1.291565938000076]]]]}},
{"type": "Feature", "properties": {"ba_code": "4321", "blockid": "4321M36P08", "division": "03"}, "geometry": {"type": "MultiPolygon", "coordinates": [[[[117.81738816500001, 1.222041562000072], [117.81739235400005, 1.217838769000025], [117.81671091600003, 1.219447500000058], [117.81596361400011, 1.221167589000061], [117.8159002220001, 1.221532830000058], [117.81590815600009, 1.222080236000068], [117.81738816500001, 1.222041562000072]]]]}},
{"type": "Feature", "properties": {"ba_code": "4321", "blockid": "4321F29P08", "division": "04"}, "geometry": {"type": "MultiPolygon", "coordinates": [[[[117.79884340400008, 1.28576857500002], [117.7987988860001, 1.28562166200004], [117.79834401300002, 1.284526884000059], [117.79815721900002, 1.284117159000061], [117.79811436200009, 1.284002483000052], [117.79800702500006, 1.283004476000031], [117.79742933300008, 1.281825772000047], [117.7971300270001, 1.281234521000044], [117.79676880700003, 1.280776089000028], [117.79663551500005, 1.280594528000051], [117.79657718500005, 1.280401881000046], [117.79655213700005, 1.280385497000054], [117.7964543280001, 1.280301460000032], [117.79630020700006, 1.280173715000046], [117.79616986500002, 1.279888133000043], [117.79607802300006, 1.279069567000022], [117.7960955750001, 1.281423511000071], [117.796148259, 1.285766865000028], [117.79884340400008, 1.28576857500002]]]]}},
{"type": "Feature", "properties": {"ba_code": "4321", "blockid": "4321D22P07", "division": "04"}, "geometry": {"type": "MultiPolygon", "coordinates": [[[[117.77939096300008, 1.29414792700004], [117.77834465900003, 1.294180186000062], [117.77823155200008, 1.294193060000055], [117.77802212600011, 1.294216898000059], [117.77775658600001, 1.295032369000069], [117.7779125290001, 1.29537108300002], [117.7780160210001, 1.295752253000046], [117.77808138700004, 1.296572441000023], [117.77812731400002, 1.296944990000043], [117.77819560400008, 1.29707049700005], [117.77832105100003, 1.297301049000055], [117.77835824500005, 1.297332200000028], [117.77842288700003, 1.297370168000043], [117.77891503900003, 1.297447777000059], [117.77939096300008, 1.29414792700004]]]]}},
{"type": "Feature", "properties": {"ba_code": "4321", "blockid": "4321D19P08", "division": "04"}, "geometry": {"type": "MultiPolygon", "coordinates": [[[[117.76869649100001, 1.294240345000048], [117.76868626300006, 1.294897688000049], [117.76951054100005, 1.295299134000061], [117.76996365900004, 1.295889523000028], [117.7703563980001, 1.295984865000037], [117.77070868200008, 1.296149939000031], [117.77101100100003, 1.296157469000036], [117.77125618500008, 1.295918415000074], [117.77129789700007, 1.29422684900004], [117.77006013200003, 1.294199651000042], [117.76949758500007, 1.294216439000024], [117.76917092300005, 1.294226187000049], [117.76869649100001, 1.294240345000048]]]]}},
{"type": "Feature", "properties": {"ba_code": "4321", "blockid": "4321F21P07", "division": "04"}, "geometry": {"type": "MultiPolygon", "coordinates": [[[[117.77398333200006, 1.284082168000054], [117.77399162400002, 1.285954953000044], [117.77472511700012, 1.285903153000049], [117.7761353520001, 1.285821464000037], [117.77625747500008, 1.278093510000076], [117.7762317050001, 1.276711559000034], [117.77530644800004, 1.27666995900006], [117.7739420260001, 1.276725830000032], [117.77398333200006, 1.284082168000054]]]]}},
{"type": "Feature", "properties": {"ba_code": "4321", "blockid": "4321F26P08", "division": "04"}, "geometry": {"type": "MultiPolygon", "coordinates": [[[[117.78968672600001, 1.276675667000063], [117.78920906500002, 1.276647862000061], [117.78808214000003, 1.276652715000068], [117.7875284800001, 1.27666477300005], [117.78752051700008, 1.277973364000047], [117.78751273700004, 1.279693172000066], [117.7876662860001, 1.285804693000046], [117.78957157000002, 1.28579568300006], [117.79043383300007, 1.285781893000035], [117.79016211200008, 1.276683710000043], [117.78968672600001, 1.276675667000063]]]]}},
{"type": "Feature", "properties": {"ba_code": "4321", "blockid": "4321D12P16", "division": "06"}, "geometry": {"type": "MultiPolygon", "coordinates": [[[[117.74958366300007, 1.29882681700002], [117.74973644500005, 1.298763446000066], [117.74979939500008, 1.298871985000062], [117.7498084340001, 1.299043866000034], [117.75000615700003, 1.298980482000047], [117.750087054, 1.298989504000076], [117.75018591700007, 1.298962335000056], [117.75014095400002, 1.298889976000055], [117.750248768, 1.298736154000039], [117.75039253500006, 1.298582321000026], [117.75061721500003, 1.298491789000025], [117.75077900400004, 1.298491740000031], [117.75089580800011, 1.298346962000039], [117.75104856900009, 1.298211219000052], [117.75123729000006, 1.298102604000064], [117.75134513600005, 1.298057340000071], [117.75150692500006, 1.298057291000021], [117.75152289200003, 1.298047058000066], [117.75152173800006, 1.294131345000039], [117.75151852800002, 1.294131346000029], [117.748936662, 1.294132371000046], [117.74892647200011, 1.294257016000074], [117.74894376400005, 1.294391712000049], [117.748953346, 1.294476730000042], [117.74885438000001, 1.294629464000025], [117.74887239100008, 1.294747063000045], [117.7489443180001, 1.294819413000027], [117.74896232900005, 1.294937012000048], [117.74889047600004, 1.295117963000052], [117.74884556400002, 1.295217488000048], [117.74875570300003, 1.295289887000024], [117.74875118800003, 1.295295832000022], [117.74875205600006, 1.298249259000045], [117.748891404, 1.298275188000048], [117.74903519200006, 1.298193727000069], [117.74920592700005, 1.298048932000029], [117.74945757400008, 1.297967439000047], [117.74960147200011, 1.298256883000022], [117.74964649600008, 1.298537311000075], [117.74940387400011, 1.298745453000038], [117.74928702300008, 1.298736441000074], [117.74915219700006, 1.298727435000046], [117.74913427600006, 1.298917416000052], [117.74921520800001, 1.299044043000038], [117.74941295800011, 1.299071124000022], [117.74956572100007, 1.298944427000038], [117.74958366300007, 1.29882681700002]]], [[[117.7487761860001, 1.303802628000028], [117.7490095390001, 1.303743630000042], [117.74901885600002, 1.30375732300007], [117.74930649200007, 1.303793422000069], [117.74953116200004, 1.303666704000022], [117.74970191300008, 1.303576188000022], [117.74969492500009, 1.303563859000064], [117.74970034400008, 1.30356703800004], [117.74988173500003, 1.303766111000073], [117.75018735000003, 1.30381125100007], [117.75037605500006, 1.303648358000032], [117.75062771400007, 1.303603050000049], [117.75117592100003, 1.303340538000043], [117.75141857000006, 1.303222860000062], [117.75150818100008, 1.303211069000042], [117.75151250200008, 1.301324918000034], [117.75144675500007, 1.301361038000039], [117.75144459500007, 1.301362079000057], [117.75143599600005, 1.301363803000072], [117.75135510100006, 1.301363827000046], [117.75134650200005, 1.301362108000035], [117.75134017100004, 1.301358119000042], [117.75125925500004, 1.301285771000039], [117.75125889700007, 1.301285265000047], [117.75125829400008, 1.301284860000067], [117.75125663600011, 1.301282997000044], [117.75115347700012, 1.301153291000048], [117.75105723900003, 1.301129107000065], [117.7509384330001, 1.301146225000025], [117.75089599700004, 1.301163324000072], [117.75089585500007, 1.30116335200006], [117.75089310200008, 1.301164267000047], [117.7507511660001, 1.30120002600006], [117.75062309200007, 1.301256977000037], [117.7506228420001, 1.301257030000045], [117.75062261700009, 1.301257182000029], [117.75061486300001, 1.301258890000042], [117.75046608700006, 1.301264566000043], [117.75023240400003, 1.301273682000044], [117.75023199300006, 1.301273608000031], [117.75023154000007, 1.301273699000035], [117.75022836300002, 1.301273472000048], [117.75003960100003, 1.301246389000028], [117.75003634000007, 1.301245492000021], [117.75003519800009, 1.301245292000033], [117.74999203000004, 1.301229738000075], [117.74999159100003, 1.301229458000023], [117.74999101100002, 1.301229342000056], [117.7499891010001, 1.301228439000056], [117.74993338500008, 1.301198790000058], [117.74993024600008, 1.301196459000039], [117.74992871300003, 1.301195477000022], [117.74989024400008, 1.301160026000048], [117.74984434700002, 1.301131486000031], [117.74980905200005, 1.301116614000023], [117.74976996900011, 1.301111], [117.74972814900002, 1.301111012000035], [117.7497244870001, 1.301110711000035], [117.74962517900008, 1.301094232000025], [117.74962192200007, 1.301093297000023], [117.74962109300009, 1.301093148000064], [117.74953743700007, 1.301062247000061], [117.74946307100004, 1.301047329000028], [117.74945887100012, 1.301046046000067], [117.74945421900009, 1.301043419000052], [117.7494154100001, 1.301014921000046], [117.74941277000005, 1.30101264700005], [117.74940868100009, 1.30100701300006], [117.74940361100005, 1.30099711400004], [117.74941693100004, 1.300925607000067], [117.74941902100011, 1.300928487000022], [117.74944619200005, 1.300981533000027], [117.74947671000007, 1.301003943000069], [117.74954793300003, 1.301018230000068], [117.74955069500004, 1.301019074000067], [117.74955128300007, 1.301019179000036], [117.74963458400009, 1.30104994900006], [117.74972997900011, 1.301065779000055], [117.74977155500005, 1.301065767000068], [117.74977473700005, 1.301065994000055], [117.74981825100008, 1.301072245000057], [117.74982366900008, 1.301073737000024], [117.749823708, 1.301073763000034], [117.74982375400009, 1.301073773000041], [117.74986333200002, 1.301090450000061], [117.74986338300005, 1.301090484000042], [117.74986646500008, 1.301092071000028], [117.7499156660001, 1.301122666000026], [117.74991826900009, 1.301124738000055], [117.74991903000011, 1.301125225000021], [117.74995693700009, 1.301160158000073], [117.7500086880001, 1.301187696000056], [117.75004820000004, 1.301201933000073], [117.75023269400003, 1.301228404000028], [117.75046436500008, 1.301219367000044], [117.75060886400001, 1.301213854000025], [117.75073476300008, 1.301157870000054], [117.75073501300005, 1.301157817000046], [117.75073523900005, 1.301157665000062], [117.75073838800006, 1.30115661800005], [117.75088071000005, 1.301120762000039], [117.75092423000001, 1.301103226000066], [117.75092464600004, 1.30110314500007], [117.75092939700005, 1.301101834000065], [117.75105522800004, 1.301083703000074], [117.7510584050001, 1.301083475000041], [117.75106385600009, 1.301084148000029], [117.75117172300008, 1.30111125600007], [117.75117487200009, 1.301112301000046], [117.75118216400006, 1.301117201000068], [117.75118382200003, 1.301119065000023], [117.75129052900002, 1.301253230000043], [117.75136363100012, 1.30131859200003], [117.75143025300008, 1.301318572000071], [117.75151262000009, 1.301273321000053], [117.75151447700011, 1.300462956000047], [117.7513409610001, 1.300329261000059], [117.75132782500009, 1.300309920000075], [117.75101306700003, 1.299740085000053], [117.75107592600011, 1.299541044000023], [117.75100401200007, 1.299513926000031], [117.7508782220001, 1.299667754000041], [117.75058165200005, 1.29981258600003], [117.75028506000001, 1.299885047000032], [117.75014117, 1.299622742000054], [117.75013750000005, 1.299617710000064], [117.7501158990001, 1.29960565600004], [117.75008543400008, 1.299597410000047], [117.75000389600007, 1.299606891000053], [117.749980574, 1.29967861800003], [117.74979963500004, 1.29968616900004], [117.74958397500006, 1.299885256000039], [117.74946718100011, 1.300066221000066], [117.74937989200009, 1.300086553000028], [117.74935033500003, 1.30007099200003], [117.74935032300004, 1.300030070000048], [117.749278408, 1.300002952000057], [117.74891888800005, 1.30003924500005], [117.74892825100005, 1.299944732000029], [117.74883819600007, 1.29989527500004], [117.748756092, 1.299926052000046], [117.74875723800005, 1.303812170000072], [117.7487761860001, 1.303802628000028]], [[117.74952738600007, 1.301729772000044], [117.74954965400002, 1.301709589000041], [117.74956970100004, 1.301711825000041], [117.74957861700011, 1.301731999000026], [117.74960312100006, 1.301743201000022], [117.74962095100011, 1.301779065000062], [117.7496209630001, 1.301819418000036], [117.74960761300008, 1.301866500000074], [117.74962594400006, 1.301919373000032], [117.74968272600006, 1.301935946000071], [117.74973237300003, 1.301953894000064], [117.7497925130001, 1.301953876000027], [117.74981923000007, 1.301913515000024], [117.74986378000006, 1.301917986000035], [117.74991307900007, 1.301895203000072], [117.74994396800003, 1.301922445000059], [117.74997053700008, 1.301996336000059], [117.74997519600004, 1.302072639000073], [117.74997075500005, 1.302119718000029], [117.749944034, 1.30214662800006], [117.74992399300004, 1.302166811000063], [117.74991758700003, 1.302193718000069], [117.74991732600006, 1.302218375000052], [117.74993292500005, 1.302240789000052], [117.74997526300001, 1.302299064000067], [117.74997972200003, 1.302314755000054], [117.75004209400004, 1.302330429000051], [117.7500554940001, 1.302449242000023], [117.75005684700011, 1.302564680000046], [117.75006669000004, 1.30265100400004], [117.75004888700005, 1.302704813000048], [117.75006448800002, 1.302736194000033], [117.7500578160001, 1.302769824000052], [117.7500310900001, 1.30278104100006], [117.75000435900006, 1.302772082000047], [117.75001963700004, 1.302792371000066], [117.75007446400002, 1.302802092000036], [117.75012606000007, 1.302793962000067], [117.75020829200002, 1.302782578000063], [117.75025827500008, 1.302771202000031], [117.75034211600007, 1.30275007900002], [117.7503663010001, 1.30274195800007], [117.7503792010001, 1.302743577000058], [117.75038565600005, 1.302759804000061], [117.75036792500009, 1.302780907000056], [117.75027441500004, 1.302823130000036], [117.75012446400001, 1.302849142000071], [117.75001965500007, 1.30285079600003], [117.74983260400006, 1.302831377000075], [117.7497074370001, 1.302821570000049], [117.74949124800003, 1.302836835000051], [117.7493306020001, 1.302853800000037], [117.74920809600007, 1.302847240000062], [117.74917155800006, 1.302829948000067], [117.74917137400007, 1.302798349000057], [117.74915332500007, 1.30255409900002], [117.74912632300004, 1.302427457000022], [117.74926108600005, 1.302219347000062], [117.74935991900009, 1.302092667000068], [117.74936082500005, 1.302043148000052], [117.749360765, 1.301840502000061], [117.74939457900007, 1.301778064000075], [117.74944720500002, 1.301749973000028], [117.749498431, 1.30173426500005], [117.74952738600007, 1.301729772000044]], [[117.75036356500004, 1.301469857000029], [117.75040339800012, 1.301469054000052], [117.75043266500006, 1.301480050000066], [117.75044413700004, 1.301501204000033], [117.75043821800011, 1.301524979000021], [117.75042785200003, 1.301544782000065], [117.7504053780001, 1.301553641000055], [117.75036686100009, 1.301545643000054], [117.75035328800004, 1.301511912000024], [117.7503643120001, 1.301481852000052], [117.75036356500004, 1.301469857000029]], [[117.75033368700008, 1.300614142000029], [117.75035194000009, 1.300608803000046], [117.75037357100007, 1.300611733000039], [117.75042850300008, 1.300659748000044], [117.75045220200002, 1.300699788000031], [117.75048917400011, 1.300730255000076], [117.7504970110001, 1.300762887000076], [117.75052745800008, 1.300761654000041], [117.7505328530001, 1.300795936000043], [117.75054397100007, 1.300847584000053], [117.7505269080001, 1.300886099000024], [117.75051796200012, 1.30092817700006], [117.75046869300002, 1.300931197000068], [117.75042778900001, 1.300869483000042], [117.75038356200002, 1.30083204500005], [117.75035316800006, 1.300781264000022], [117.75031900400006, 1.300740381000026], [117.75030603800008, 1.300703641000041], [117.75031299900002, 1.300635201000034], [117.75033368700008, 1.300614142000029]], [[117.75106609000011, 1.300448646000063], [117.75102630900005, 1.300437492000071], [117.75091457000008, 1.300441649000049], [117.75090460400008, 1.300374286000022], [117.75090177800007, 1.300303681000059], [117.75095914700012, 1.300255535000076], [117.75102335400004, 1.30025723600005], [117.75108515000011, 1.300337132000038], [117.75108542400005, 1.300344448000033], [117.75109289000011, 1.300402076000069], [117.75109718400006, 1.300435223000022], [117.75108672600004, 1.300454432000038], [117.75106609000011, 1.300448646000063]], [[117.75142795300007, 1.301034014000038], [117.75144033000004, 1.301040804000024], [117.75145045400006, 1.301038536000021], [117.75146958000005, 1.301044192000063], [117.75147295400006, 1.301039095000021], [117.75149376700006, 1.301041354000063], [117.7514833670001, 1.301066469000034], [117.75148012200009, 1.301086980000036], [117.75147645000004, 1.301111588000026], [117.75144875900003, 1.301120525000044], [117.75142534200006, 1.301128083000037], [117.75138650800011, 1.301103395000041], [117.7513863470001, 1.301080300000024], [117.7513808860001, 1.301063384000031], [117.75137970300011, 1.301051511000026], [117.75141107900004, 1.301035717000047], [117.75142795300007, 1.301034014000038]]]]}},
{"type": "Feature", "properties": {"ba_code": "4321", "blockid": "4321F15P13", "division": "06"}, "geometry": {"type": "MultiPolygon", "coordinates": [[[[117.75942964500007, 1.281463686000052], [117.75953747400001, 1.281364143000076], [117.75964533500007, 1.281373157000075], [117.75964531900001, 1.281318879000025], [117.75953744200001, 1.281255585000054], [117.75936663700008, 1.281156125000052], [117.75919583500001, 1.281065712000043], [117.75915986300004, 1.281002397000066], [117.75901600200007, 1.280830557000058], [117.75915077400009, 1.280658634000019], [117.759393455, 1.280658561000052], [117.75956421400008, 1.28060423200003], [117.75966306300006, 1.280531831000076], [117.75977988800003, 1.280459424000071], [117.75975289200005, 1.280350874000021], [117.759698963, 1.280350890000022], [117.75964503600005, 1.280359953000072], [117.75952816300003, 1.280269523000072], [117.75938433100009, 1.280197194000039], [117.75930344800008, 1.280233404000057], [117.75928540000007, 1.279989155000067], [117.75932132600008, 1.279898680000031], [117.75940215600008, 1.27968154000007], [117.75947401100007, 1.279509636000057], [117.7597346440001, 1.27942814000005], [117.75977061300011, 1.279482408000035], [117.75991317300009, 1.279500301000041], [117.75993979300006, 1.279553847000045], [117.759996795, 1.279755020000039], [117.75999616700005, 1.27979126300005], [117.75992261100009, 1.279965143000027], [117.75987523000003, 1.280075869000029], [117.75988856600009, 1.280278202000034], [117.75990567000008, 1.280278457000065], [117.76002132300005, 1.280278162000059], [117.76006494500007, 1.280283876000055], [117.76011341300011, 1.280297164000046], [117.76012316200001, 1.280289813000024], [117.7601163490001, 1.280272328000024], [117.76010785300002, 1.280250529000057], [117.76008389200001, 1.280222787000071], [117.76007641300009, 1.280169848000071], [117.76012643700005, 1.280101148000028], [117.76017429100011, 1.280109523000021], [117.7602105520001, 1.279994379000073], [117.76029608300007, 1.279898109000044], [117.76030857800004, 1.279884044000028], [117.76033782900004, 1.279881082000031], [117.76037310000004, 1.27994880600005], [117.76037073600003, 1.279045114000041], [117.76037665000001, 1.279047757000058], [117.76039260400012, 1.278679986000043], [117.76039261900007, 1.278679854000075], [117.76038118800011, 1.27867229800006], [117.76037752700006, 1.278669720000039], [117.76036755200005, 1.278662793000024], [117.76036755200005, 1.278662697000073], [117.76033662000009, 1.278640918000065], [117.7602283650001, 1.278664592000041], [117.76008806900006, 1.278578819000074], [117.76006329100005, 1.278495779000025], [117.76011002300004, 1.278412717000037], [117.76012980400003, 1.278342446000067], [117.76011180100011, 1.278251987000033], [117.76010279500008, 1.278188664000027], [117.76007579500003, 1.278071068000031], [117.76007577400003, 1.277998696000054], [117.76006676700001, 1.277935374000037], [117.760066746, 1.277863002000061], [117.76006673000006, 1.277808723000021], [117.76007569700005, 1.277736349000065], [117.76009366500011, 1.277709204000075], [117.76012959900004, 1.277645868000036], [117.760192501, 1.277591571000073], [117.76016552300007, 1.277546346000065], [117.76004867100005, 1.277528288000042], [117.76003067900001, 1.277474015000053], [117.75994975600008, 1.277374528000053], [117.7598868020001, 1.277247896000063], [117.75977888800003, 1.277057952000064], [117.75972492200003, 1.276931318000038], [117.75968892700007, 1.276786585000025], [117.75973385700001, 1.27675038600006], [117.75980299500009, 1.276665284000046], [117.75762149700006, 1.276663388000031], [117.75763002200006, 1.27668482100006], [117.75762789700002, 1.276699826000026], [117.75762364400009, 1.27672126300007], [117.75762152000004, 1.276742700000057], [117.75760875300011, 1.276781288000052], [117.75760663000005, 1.276804867000067], [117.75759599000003, 1.276834880000024], [117.75759599800006, 1.276860603000046], [117.75758748500004, 1.276882041000022], [117.75758323200012, 1.276903478000065], [117.75756620400011, 1.276939924000033], [117.7575427920001, 1.276991376000069], [117.7575278920001, 1.277019247000055], [117.75752789900002, 1.27704282600007], [117.75751725500004, 1.277059978000068], [117.75750661300003, 1.277081417000034], [117.75750235500004, 1.277087848000065], [117.75749596700007, 1.277092137000068], [117.75748319500008, 1.277113577000023], [117.75747255300007, 1.277137159000063], [117.75746608400004, 1.277177810000069], [117.75744779600006, 1.277199429000063], [117.75741853400007, 1.278983129000039], [117.75746949800009, 1.279003630000034], [117.75750545800008, 1.279030759000022], [117.7575594110001, 1.279112161000057], [117.75754148800002, 1.27929309600006], [117.75740674200006, 1.279555483000024], [117.75735285600001, 1.279700243000036], [117.75740680100012, 1.279754506000074], [117.75743378900006, 1.279835916000025], [117.75746976800008, 1.279926370000055], [117.75755967400005, 1.280007762000025], [117.7576585920001, 1.280170569000063], [117.75772156000005, 1.280342433000044], [117.75767667200012, 1.280523376000076], [117.75766775500006, 1.280767633000039], [117.75767679400008, 1.280939513000021], [117.75751503600009, 1.281039073000045], [117.75738025800001, 1.281192903000033], [117.757317381, 1.281328619000021], [117.75739829800011, 1.281410013000027], [117.75742530000002, 1.281536655000025], [117.75748822500009, 1.281563776000041], [117.75759612900004, 1.281717534000052], [117.75765906800007, 1.281789887000059], [117.757730949, 1.281708447000028], [117.757793848, 1.281645103000074], [117.757991575, 1.281599812000024], [117.75806343800002, 1.281455047000065], [117.75812631200006, 1.281310285000075], [117.75828807300002, 1.281219772000043], [117.75845887500009, 1.281310186000042], [117.758539788, 1.281373487000053], [117.75857576200008, 1.281445848000033], [117.75855782300005, 1.281572504000053], [117.75855786800003, 1.281726294000066], [117.75864778700009, 1.281852918000027], [117.75867480200009, 1.282024793000062], [117.7587287450001, 1.282070009000051], [117.75891750500011, 1.282097092000072], [117.75909727100009, 1.282106085000066], [117.75919613600001, 1.282087962000048], [117.75940286100001, 1.282078854000019], [117.759537668, 1.282024535000062], [117.75951967900005, 1.281979308000075], [117.75942977300008, 1.281897917000038], [117.75936684500005, 1.281861750000076], [117.75936680200005, 1.281717006000065], [117.75940271500008, 1.281581299000038], [117.75942964500007, 1.281463686000052]]], [[[117.76025765300005, 1.285172491000026], [117.7602600780001, 1.284883191000063], [117.76029351200009, 1.284855854000057], [117.76038212700007, 1.284848966000027], [117.76038158100005, 1.284647276000044], [117.76034736600002, 1.284602536000023], [117.76038137300009, 1.284570192000047], [117.76038049200008, 1.28424499800002], [117.76017647000003, 1.284195497000042], [117.75997647300005, 1.284508663000054], [117.76002639800004, 1.284934689000067], [117.75981889000002, 1.284901336000075], [117.75959477000004, 1.28482622000007], [117.75956895400009, 1.284822399000063], [117.75956540900006, 1.284657049000032], [117.75954618600008, 1.284400092000055], [117.7596731640001, 1.284304205000069], [117.75978101700002, 1.284286080000072], [117.75969105200011, 1.284005666000041], [117.75966398900005, 1.283670955000048], [117.7598257410001, 1.28355330200003], [117.75996046300008, 1.28320949600004], [117.76004127400006, 1.282929032000027], [117.76037687500002, 1.282908664000047], [117.76037238800006, 1.281250750000027], [117.760251616, 1.281387065000047], [117.76021563000006, 1.281468806000021], [117.76005139100005, 1.281632889000036], [117.76006704600002, 1.281758640000021], [117.75998917900006, 1.281983181000044], [117.75988479300008, 1.282220290000055], [117.7598563790001, 1.282363903000032], [117.75976946700007, 1.282482247000075], [117.759715905, 1.282670475000032], [117.75963783000009, 1.282725517000074], [117.75960663600006, 1.282867001000056], [117.75966920100007, 1.283181372000058], [117.75975512700006, 1.283267804000047], [117.75945716100011, 1.283336297000062], [117.75923251800009, 1.283544433000031], [117.75904382400006, 1.283743512000058], [117.75914279100004, 1.284069155000054], [117.75935847300002, 1.283951487000024], [117.75937654800009, 1.284286201000043], [117.75949347700009, 1.284566606000055], [117.75913397900001, 1.284666225000024], [117.7592782910001, 1.284914188000073], [117.75914307900007, 1.285046174000058], [117.75905323400002, 1.285172851000027], [117.75904429200011, 1.285326644000065], [117.75926905300003, 1.285516553000036], [117.75900844000012, 1.285670420000031], [117.75902729200004, 1.28585958900004], [117.76036749400009, 1.285859187000028], [117.76035008400004, 1.285777534000033], [117.76033034300008, 1.285684944000025], [117.76038436600004, 1.28567586500003], [117.76038336400006, 1.285305967000056], [117.76025765300005, 1.285172491000026]], [[117.75957244100005, 1.284985071000051], [117.7596694990001, 1.284926442000028], [117.75975250300007, 1.284943125000041], [117.7597857180001, 1.284993237000037], [117.75981062700009, 1.285026645000073], [117.75980234200006, 1.285076770000046], [117.75968239200006, 1.285118384000043], [117.75957452300008, 1.285082231000047], [117.75957244100005, 1.284985071000051]]]]}},
{"type": "Feature", "properties": {"ba_code": "4321", "blockid": "4321H10P13", "division": "06"}, "geometry": {"type": "MultiPolygon", "coordinates": [[[[117.74415395900007, 1.26496738000003], [117.74435168500008, 1.264922090000027], [117.74466628100004, 1.264958185000069], [117.74490046500011, 1.264986319000059], [117.74492687600002, 1.264740994000022], [117.7449987220001, 1.264532904000021], [117.74481895300005, 1.264514863000045], [117.7447020950001, 1.264469664000046], [117.74467430700008, 1.264413768000054], [117.74466630100005, 1.264411958000039], [117.7446364220001, 1.264417337000054], [117.74459867000007, 1.264411172000052], [117.74457678500005, 1.264380299000038], [117.744550505, 1.264373459000069], [117.74454465100007, 1.26425273600006], [117.74453050500006, 1.264214800000047], [117.74451981400011, 1.264180341000042], [117.74450881100006, 1.264149359000044], [117.74449843100001, 1.264100356000029], [117.74449370700006, 1.264059571000075], [117.74452100600001, 1.264023121000037], [117.74454910000009, 1.263782174000028], [117.74443473100007, 1.263375304000022], [117.74442050100004, 1.263358360000041], [117.74441324500003, 1.263332430000048], [117.74441379200005, 1.263327325000034], [117.7443422, 1.263176118000047], [117.74428821700008, 1.262986157000057], [117.74428426100008, 1.262891246000038], [117.744263, 1.262897197000029], [117.74423714900001, 1.262891201000059], [117.74419050200004, 1.262813311000059], [117.74417646100005, 1.262698328000056], [117.7440184730001, 1.26254255200007], [117.74394481800005, 1.262426184000049], [117.74394920700001, 1.262136783000074], [117.74404971400008, 1.262022573000024], [117.74404252600004, 1.261695301000032], [117.7438527270001, 1.261465944000065], [117.74373792200004, 1.261102068000071], [117.74369830100011, 1.261088414000028], [117.74355752400004, 1.26112740700006], [117.7435306650001, 1.26092292900006], [117.74376502900009, 1.260624691000032], [117.74388676500007, 1.260388788000057], [117.74403714300001, 1.260430610000071], [117.74415322400012, 1.260427464000031], [117.74414366600001, 1.260380806000057], [117.74378412200008, 1.260317584000063], [117.7434246040001, 1.26034482700004], [117.74321788200007, 1.260362979000035], [117.7430291390001, 1.260390173000076], [117.7428583740001, 1.260426408000058], [117.74261566900009, 1.260336013000028], [117.74259764400006, 1.260164134000036], [117.74253471400004, 1.260118920000025], [117.74239989400007, 1.26012800500007], [117.74226505900003, 1.260082811000075], [117.74213924500009, 1.260155219000069], [117.74195050700007, 1.260200506000047], [117.74179775000005, 1.260345294000047], [117.74145624300002, 1.260499182000046], [117.7412405230001, 1.260481151000022], [117.741033764, 1.260372652000058], [117.740907923, 1.260345549000021], [117.74089898600005, 1.260526481000056], [117.7409708990001, 1.260553600000037], [117.74102486800007, 1.260698329000036], [117.74106084900006, 1.260797830000058], [117.74118669400002, 1.260833980000029], [117.74125856800003, 1.260725401000059], [117.74142039300011, 1.260861053000042], [117.74138447400003, 1.260978668000064], [117.74140248600008, 1.261105314000019], [117.74134863600011, 1.26138577100005], [117.74115092800002, 1.261494386000038], [117.74094413600005, 1.26126828200006], [117.7408092600001, 1.261078344000055], [117.74079121500006, 1.260834093000028], [117.74065639000003, 1.260825086000068], [117.74058451500002, 1.260933664000049], [117.74055761200009, 1.261150788000066], [117.74058462300002, 1.261313618000031], [117.74076446000004, 1.261575915000037], [117.7408094320001, 1.261684460000026], [117.74088135200009, 1.26173871900005], [117.740926349, 1.261937729000067], [117.74098034500003, 1.262172923000037], [117.74112419900007, 1.262326672000029], [117.74125004100006, 1.262353775000065], [117.741465736, 1.262281341000062], [117.74160054300012, 1.262227024000026], [117.74167241000009, 1.262091305000069], [117.74183416800008, 1.261991747000025], [117.74203190800006, 1.261991691000048], [117.7421128960001, 1.26232638800002], [117.742148885, 1.262453029000028], [117.74227481100002, 1.262778667000021], [117.74223889200005, 1.262896282000042], [117.74236483100003, 1.263267152000026], [117.74231092500008, 1.263348586000063], [117.74220306500001, 1.263339571000074], [117.74208620600007, 1.263294372000075], [117.74185253200005, 1.263357765000023], [117.74189753700011, 1.263583914000037], [117.74179873900005, 1.263837245000047], [117.74158303600007, 1.263882540000054], [117.7414841430001, 1.263801149000074], [117.74146614400001, 1.263719736000041], [117.74138523700003, 1.263674527000035], [117.74126839900009, 1.26370170000007], [117.74116946800007, 1.26348461200007], [117.7411873640001, 1.263204165000047], [117.74124125500009, 1.263068452000027], [117.7411603490001, 1.263023243000021], [117.74098963000006, 1.263222315000064], [117.740738, 1.26335808500005], [117.74090889800004, 1.263792268000032], [117.74102577800011, 1.263909839000064], [117.74116066700003, 1.26414501000005], [117.74134044300001, 1.264190191000068], [117.74144831400008, 1.264235392000046], [117.74152923300005, 1.264325834000033], [117.7415921810001, 1.264434374000075], [117.74151133900011, 1.264615327000058], [117.74150240200004, 1.264796260000026], [117.74169119200008, 1.264931903000047], [117.74184395700001, 1.264814255000033], [117.74206866600002, 1.264832283000032], [117.7421495960001, 1.264958911000065], [117.74237441800005, 1.265374985000051], [117.74248231500007, 1.265510652000046], [117.7426531110001, 1.265582975000029], [117.74271232700005, 1.26571059500003], [117.74272002200007, 1.265711405000047], [117.7429587260001, 1.265646212000036], [117.74311151200004, 1.265600936000055], [117.74335413800009, 1.265410889000066], [117.74361473300007, 1.265193698000076], [117.74378548800007, 1.265121277000048], [117.74406411300004, 1.265094057000056], [117.74415395900007, 1.26496738000003]]], [[[117.74451471700002, 1.269282457000031], [117.74482030700005, 1.269255229000066], [117.74525174200005, 1.269264150000026], [117.74550335700008, 1.269074101000058], [117.74549839800011, 1.268836002000057], [117.745557329, 1.268822966000073], [117.74554834000003, 1.268693814000073], [117.74553918000004, 1.268621765000034], [117.74552142700009, 1.268504594000035], [117.74546467300001, 1.268318386000033], [117.74542880700005, 1.268123162000052], [117.7454228250001, 1.268078110000033], [117.7454287600001, 1.267960967000022], [117.74541978900004, 1.267894890000036], [117.74542872300003, 1.267831812000054], [117.74547344200005, 1.267675611000072], [117.74545796000007, 1.267481930000031], [117.7454219870001, 1.267409568000062], [117.74535001200002, 1.267165334000026], [117.74546680300011, 1.266975323000054], [117.74550272500005, 1.266866755000024], [117.74558001900004, 1.266682101000072], [117.74562848700009, 1.26661341700003], [117.74562338600003, 1.26658885400002], [117.7455677050001, 1.266468853000049], [117.74542193000002, 1.266354212000067], [117.74532386500005, 1.266282230000058], [117.7453407370001, 1.266161175000036], [117.74534970900004, 1.266106893000028], [117.74540562600009, 1.265806135000048], [117.74540418800007, 1.26580536900002], [117.74536758200009, 1.265785877000042], [117.7453369320001, 1.265709037000022], [117.74533259500004, 1.265625242000056], [117.74532135100003, 1.265527556000052], [117.7453114220001, 1.265501943000061], [117.74530148000008, 1.265432043000033], [117.7452816760001, 1.265404293000074], [117.74526855500005, 1.265364712000064], [117.74524026000006, 1.265344581000022], [117.74513533000004, 1.265161274000036], [117.74514600300006, 1.265138180000065], [117.74512980300005, 1.265103685000042], [117.74511205300007, 1.265077895000047], [117.74510416100009, 1.26505557400003], [117.74511302100007, 1.26501737500007], [117.74511460300005, 1.264992519000032], [117.74495392500012, 1.265039521000062], [117.7447831500001, 1.265039570000056], [117.74455844600004, 1.265039635000051], [117.74434272500002, 1.265021604000026], [117.74415399500003, 1.265094031000046], [117.74390234400005, 1.265157429000055], [117.74369564500012, 1.265257], [117.74338111800012, 1.265465160000076], [117.74317443200005, 1.265609964000021], [117.74303063900004, 1.265673331000073], [117.74299469200002, 1.265691434000075], [117.74282396900003, 1.265707105000047], [117.74282362600002, 1.265706850000072], [117.74281963900012, 1.265707502000055], [117.74279695700011, 1.265709584000035], [117.74279875000002, 1.26571092000006], [117.74271938800007, 1.265723905000073], [117.74277901200003, 1.265818148000051], [117.74302183400005, 1.266315635000069], [117.74315669500004, 1.266451294000035], [117.74327362100007, 1.266731702000072], [117.74321974600002, 1.266921694000075], [117.74296814200011, 1.267147929000032], [117.74277043300003, 1.26725654400002], [117.74275255500004, 1.267600317000074], [117.74284252700011, 1.267916918000026], [117.74311221100004, 1.268052538000063], [117.743356059, 1.267990360000056], [117.74335629300003, 1.267989946000057], [117.7436425410001, 1.268151896000063], [117.74366060800003, 1.268468519000066], [117.743705642, 1.268794180000043], [117.74384953800006, 1.269092673000046], [117.74411022100003, 1.269183062000025], [117.74451471700002, 1.269282457000031]]]]}},
{"type": "Feature", "properties": {"ba_code": "4321", "blockid": "4321H31P06", "division": "02"}, "geometry": {"type": "MultiPolygon", "coordinates": [[[[117.80109532300003, 1.258712761000027], [117.80100724300007, 1.264594405000025], [117.80107370300004, 1.265348110000048], [117.801124006, 1.267388305000054], [117.80280642600007, 1.267283446000022], [117.80391441600011, 1.267186785000035], [117.80391555300002, 1.262476786000036], [117.80397356700007, 1.258627648000072], [117.80109532300003, 1.258712761000027]]]]}},
{"type": "Feature", "properties": {"ba_code": "4321", "blockid": "4321J35P07", "division": "03"}, "geometry": {"type": "MultiPolygon", "coordinates": [[[[117.8121487190001, 1.240473417000032], [117.8122204880001, 1.246644822000064], [117.8148261770001, 1.247344719000068], [117.81477674300004, 1.241188564000026], [117.81475701800002, 1.241190321000033], [117.81447839000009, 1.241181361000031], [117.81422670800009, 1.241118115000063], [117.81397502400011, 1.241045822000046], [117.81381321100002, 1.240946362000045], [117.81366936800009, 1.240828804000046], [117.81359744300005, 1.240756456000042], [117.81340863600008, 1.240557494000029], [117.81336368200004, 1.24051227700005], [117.81312996600002, 1.240412839000044], [117.81283334200009, 1.24034056000005], [117.81256369800008, 1.24032255000003], [117.81233902200006, 1.240394991000073], [117.8121487190001, 1.240473417000032]]], [[[117.8121450860001, 1.240160931000048], [117.81214834100001, 1.24044088900007], [117.81216826500008, 1.240440275000026], [117.81219522600009, 1.240431220000062], [117.81239293600004, 1.240349742000035], [117.81257267500007, 1.240286362000063], [117.81262660000004, 1.24027729900007], [117.81291422200002, 1.240304349000041], [117.81321084600006, 1.240376628000035], [117.81345356700001, 1.240530341000067], [117.81364237100001, 1.240720256000031], [117.81378622200009, 1.240864954000074], [117.81398399800003, 1.24100058800002], [117.8142356830001, 1.241072880000047], [117.81451433000007, 1.241145165000034], [117.8147659980001, 1.241163180000058], [117.81477653000002, 1.241162116000055], [117.81476783900007, 1.240079660000049], [117.8121450860001, 1.240160931000048]]]]}},
{"type": "Feature", "properties": {"ba_code": "4321", "blockid": "4321I28P07", "division": "05"}, "geometry": {"type": "MultiPolygon", "coordinates": [[[[117.79467941400003, 1.25876471700002], [117.79468751500008, 1.258559307000041], [117.79460738000012, 1.258192411000039], [117.79460664600003, 1.258185622000042], [117.79460806700001, 1.25817620600003], [117.794778672, 1.257624324000062], [117.79477964300008, 1.257621623000034], [117.79478542600009, 1.25761243900007], [117.7952277060001, 1.257122473000038], [117.79528797500006, 1.256522715000074], [117.79482992100009, 1.256017666000048], [117.79482949600003, 1.25601699300006], [117.79482720700003, 1.256014219000065], [117.79437925500008, 1.255356391000021], [117.79414755800008, 1.25512333100005], [117.79414073500004, 1.255113061000031], [117.79413843900011, 1.255103490000067], [117.79409333000001, 1.254542627000035], [117.79409322800007, 1.254540082000062], [117.79409561900002, 1.254527965000023], [117.79410164600006, 1.25451851400004], [117.794461049, 1.254129409000029], [117.7944615020001, 1.254129093000074], [117.79446183800007, 1.254128586000036], [117.7944639430001, 1.254126650000046], [117.79489525800011, 1.253764663000027], [117.79489874300009, 1.253762541000071], [117.79490132800004, 1.253760665000073], [117.7950271410001, 1.253697301000045], [117.79502813600004, 1.25369706500004], [117.79502917100001, 1.253696368000021], [117.79504012400002, 1.253693974000043], [117.79548879700008, 1.25367826400003], [117.79548157600004, 1.25354455400003], [117.7954005150001, 1.252983703000041], [117.79548126800012, 1.252522312000053], [117.79545370900007, 1.25055020700006], [117.79540853000003, 1.249754138000071], [117.79537254500008, 1.249645592000036], [117.79521076700007, 1.249663734000023], [117.79360192800004, 1.249709456000062], [117.79293682100001, 1.249727751000023], [117.79294583300009, 1.249809166000034], [117.79294599400009, 1.250342903000046], [117.79295556800002, 1.252296922000028], [117.7930455820001, 1.252740169000049], [117.79297403900011, 1.25394336100004], [117.79304717100001, 1.258014218000028], [117.79302929000005, 1.258330848000071], [117.7930204060001, 1.258674614000029], [117.79400012400004, 1.258746685000062], [117.79404239200005, 1.258750926000062], [117.79410504900011, 1.258754140000065], [117.79410510700006, 1.258754153000041], [117.79410515200004, 1.258754145000069], [117.79420221900011, 1.258759372000043], [117.79429671300011, 1.258764063000058], [117.79439057400009, 1.258768246000045], [117.794484968, 1.258771789000036], [117.7945756260001, 1.25877269800003], [117.794674869, 1.258765065000034], [117.79467489100011, 1.258765062000066], [117.79467941400003, 1.25876471700002]]], [[[117.7954072340001, 1.258770259000073], [117.79550507200008, 1.258767443000067], [117.79550590500003, 1.25876759700003], [117.7955067690001, 1.258767430000034], [117.79557340400004, 1.258768326000052], [117.79558192400009, 1.258438622000028], [117.7955635730001, 1.257199272000037], [117.79549965300009, 1.253879265000023], [117.7954922130001, 1.253741508000076], [117.79504916300004, 1.253757020000023], [117.79493274700008, 1.253815651000025], [117.79450576900001, 1.254173998000056], [117.79415715900006, 1.254551417000073], [117.79420021700003, 1.255086772000027], [117.79442579200008, 1.255313675000025], [117.79442950300006, 1.255318170000066], [117.7948778650001, 1.255976601000043], [117.79534392200003, 1.256490474000032], [117.79534974800004, 1.256499695000059], [117.79535214600003, 1.256511811000053], [117.79535198600001, 1.256515007000075], [117.79528925900001, 1.257139227000039], [117.79528702800008, 1.257148149000045], [117.79528124400008, 1.25715733200002], [117.79483667800002, 1.257649832000027], [117.79467061800005, 1.258187009000039], [117.79474983300008, 1.258549692000031], [117.79475056700005, 1.258556480000038], [117.79475043600007, 1.258557146000044], [117.79475054200009, 1.258557746000065], [117.79474256900005, 1.258759902000065], [117.79476464200002, 1.258758219000072], [117.79476731300008, 1.258758648000025], [117.79477010900007, 1.258758175000025], [117.79485457700002, 1.258763253000041], [117.79495081700009, 1.258761702000072], [117.79495105, 1.258761747000051], [117.79495129500003, 1.258761697000068], [117.7950342360001, 1.258761347000075], [117.79503466900007, 1.258761433000075], [117.79503508800008, 1.258761352000022], [117.79512324900008, 1.25876284900005], [117.79520747100003, 1.258762046000072], [117.79520753300005, 1.258762058000059], [117.79520759700006, 1.258762045000026], [117.79528761600011, 1.25876153300004], [117.79528773700008, 1.258761557000071], [117.79528786100002, 1.258761532000051], [117.79529383400006, 1.258761977000063], [117.79531550800004, 1.258765227000026], [117.7954072340001, 1.258770259000073]]]]}},
{"type": "Feature", "properties": {"ba_code": "4321", "blockid": "4321J37P07", "division": "03"}, "geometry": {"type": "MultiPolygon", "coordinates": [[[[117.8177191420001, 1.248174529000039], [117.82039533000011, 1.248957773000029], [117.82036546100005, 1.240112002000046], [117.81761860000006, 1.240102524000065], [117.81766439500007, 1.240103263000037], [117.8177191420001, 1.248174529000039]]]]}},
{"type": "Feature", "properties": {"ba_code": "4321", "blockid": "4321F17P07", "division": "04"}, "geometry": {"type": "MultiPolygon", "coordinates": [[[[117.762796782, 1.276711805000048], [117.7630536050001, 1.278826582000022], [117.7632160170001, 1.279678491000027], [117.7633992320001, 1.282282678000058], [117.7638774180001, 1.282754227000055], [117.7640286080001, 1.283109563000039], [117.76413262000005, 1.283245026000031], [117.76458648300002, 1.283735096000044], [117.76464702400006, 1.284343193000041], [117.76427841200007, 1.285502682000072], [117.76408410200008, 1.285808200000019], [117.76406603200007, 1.285853288000055], [117.76531226400004, 1.28591035900007], [117.76530451200006, 1.285909999000069], [117.76556530800008, 1.285452698000029], [117.76573144000008, 1.285098474000051], [117.76574042300001, 1.285080378000032], [117.76574940800003, 1.285071329000061], [117.765857234, 1.284962739000036], [117.76589314700004, 1.284908484000027], [117.7658926470001, 1.285000202000049], [117.76591092600006, 1.282789878000074], [117.76591093500008, 1.281765992000032], [117.76574819100006, 1.279838534000021], [117.76554164000004, 1.276757834000023], [117.762796782, 1.276711805000048]]], [[[117.76532820900002, 1.285911089000024], [117.76588490300003, 1.285936582000033], [117.76589263300002, 1.285001839000074], [117.76589223600001, 1.285002262000035], [117.7658920340001, 1.285002447000068], [117.7657673980001, 1.285116556000048], [117.76575841300007, 1.285125605000076], [117.76574942400009, 1.285125607000055], [117.7656988110001, 1.285285902000055], [117.76564844100005, 1.28537658700003], [117.76550688900011, 1.285614189000057], [117.7654979030001, 1.285623238000028], [117.76532820900002, 1.285911089000024]]]]}},
{"type": "Feature", "properties": {"ba_code": "4321", "blockid": "4321D24P07", "division": "04"}, "geometry": {"type": "MultiPolygon", "coordinates": [[[[117.78545902400003, 1.29686663800004], [117.78544036300002, 1.293951755000023], [117.78367585900003, 1.294012354000074], [117.78219082600003, 1.294088431000034], [117.78191135700001, 1.296499979000032], [117.78184868400001, 1.296879443000023], [117.78196299000001, 1.297140128000024], [117.78432498300003, 1.296858148000069], [117.78545902400003, 1.29686663800004]]]]}},
{"type": "Feature", "properties": {"ba_code": "4321", "blockid": "4321D25P07", "division": "04"}, "geometry": {"type": "MultiPolygon", "coordinates": [[[[117.78753533000008, 1.296901177000052], [117.78778585700002, 1.29392318400005], [117.7872802500001, 1.293928143000073], [117.78551674500011, 1.293949784000063], [117.7855486950001, 1.29686560500005], [117.78753533000008, 1.296901177000052]]]]}},
{"type": "Feature", "properties": {"ba_code": "4321", "blockid": "4321G15P13", "division": "06"}, "geometry": {"type": "MultiPolygon", "coordinates": [[[[117.75753085600002, 1.276082809000059], [117.75757084300005, 1.276173290000031], [117.75757911900007, 1.276192017000028], [117.75758128600012, 1.276219557000047], [117.75757160400008, 1.276233474000037], [117.75750812700005, 1.276291985000057], [117.75752262900005, 1.276280626000073], [117.75758722300009, 1.27628402800002], [117.75764341000001, 1.276399709000032], [117.7576614300001, 1.276490256000045], [117.75766145700004, 1.276580808000062], [117.75776170100005, 1.276627856000061], [117.75781294400008, 1.276598617000047], [117.75776245300005, 1.276632573000029], [117.75776246200007, 1.276664080000046], [117.7581023250001, 1.276663979000034], [117.75856740000006, 1.276663841000072], [117.75907719400004, 1.276663689000031], [117.75927395600002, 1.276659130000041], [117.75980163800011, 1.276663474000031], [117.75983180600008, 1.276631493000025], [117.75981472100011, 1.276650850000067], [117.75973385700001, 1.27675038600006], [117.75968892700007, 1.276786585000025], [117.75972492200003, 1.276931318000038], [117.75977888800003, 1.277057952000064], [117.7598868020001, 1.277247896000063], [117.75994975600008, 1.277374528000053], [117.76003067900001, 1.277474015000053], [117.76004867100005, 1.277528288000042], [117.76016552300007, 1.277546346000065], [117.76037220300009, 1.277383448000023], [117.76066871700004, 1.277057687000024], [117.76061477200005, 1.277003424000043], [117.7604169230001, 1.276632578000033], [117.7603359100001, 1.276225511000064], [117.76029085800008, 1.275845573000026], [117.76032677, 1.275709865000067], [117.76033137700006, 1.275705333000076], [117.76034472300012, 1.275628442000027], [117.76037161800002, 1.275393226000062], [117.7603805220001, 1.275103736000062], [117.76039839400005, 1.274750919000041], [117.76038618300004, 1.274652831000026], [117.75959841100007, 1.274717571000053], [117.75938941600009, 1.274734746000036], [117.75920942200003, 1.274693575000072], [117.75900680200004, 1.274366040000075], [117.75895270800004, 1.274357211000051], [117.7588845900001, 1.274328579000041], [117.7587851940001, 1.27430860100003], [117.75871375400004, 1.274315804000025], [117.75874855600011, 1.274276353000062], [117.75878728300006, 1.274250970000026], [117.75880510800005, 1.274231781000026], [117.75881448200005, 1.274200959000041], [117.75882112600004, 1.274170347000052], [117.7588268180001, 1.274133040000038], [117.75883726100005, 1.274095731000045], [117.75884865800003, 1.274069900000029], [117.75886005500001, 1.274041200000056], [117.75887240400004, 1.274020152000048], [117.75886479300004, 1.273994327000025], [117.75885052300009, 1.27394554600005], [117.75882563200003, 1.273868683000046], [117.75917593200006, 1.273655142000052], [117.75915937500008, 1.273368273000074], [117.75922952000008, 1.27334001600002], [117.759283417, 1.273231443000043], [117.75928339600011, 1.273159071000066], [117.75928339400002, 1.273150025000064], [117.7592474280001, 1.273104803000024], [117.75923842600002, 1.273059573000069], [117.75945230900004, 1.272884830000066], [117.75949364000007, 1.272686952000072], [117.75949283400007, 1.272613744000068], [117.75942899400002, 1.272627115000034], [117.75937759100009, 1.272637979000024], [117.7593547780001, 1.272640085000035], [117.75933539700009, 1.272574389000056], [117.75932376600008, 1.272529849000023], [117.75930438300009, 1.272459142000059], [117.75920499400002, 1.27244102100002], [117.7591434420001, 1.272434845000021], [117.7591577290001, 1.272178784000062], [117.75931979100005, 1.272114722000026], [117.75930981300007, 1.27210780300004], [117.75930427500009, 1.272089987000072], [117.75930261300005, 1.272079409000071], [117.75930482400008, 1.272073840000076], [117.75930260300004, 1.272047671000053], [117.75929872100005, 1.272012595000035], [117.75929126200003, 1.271942952000074], [117.75928302300008, 1.271883519000028], [117.75927599900001, 1.27187396000005], [117.75925552400008, 1.271853364000037], [117.75924224300002, 1.271838335000041], [117.75922287500009, 1.271818296000049], [117.759221496, 1.271780729000056], [117.75923468600001, 1.271753764000039], [117.75900732900004, 1.271728406000022], [117.75879891700004, 1.271703043000059], [117.75871680800003, 1.271664929000053], [117.7580872630001, 1.271251975000041], [117.75788067600001, 1.271214495000038], [117.75784472600003, 1.271223552000038], [117.75784475500006, 1.271323063000068], [117.75785249600005, 1.271676684000056], [117.75790162200008, 1.271680862000039], [117.75791818500011, 1.271680857000035], [117.75798868200002, 1.271721065000065], [117.75806958500004, 1.271757227000023], [117.75819543300008, 1.271802422000064], [117.75830331400005, 1.27188380900003], [117.75839323000002, 1.272001386000056], [117.75852807900003, 1.272091811000053], [117.75859100900004, 1.272137025000063], [117.75860000300008, 1.272155115000032], [117.75860001300009, 1.272191301000021], [117.75858206100008, 1.27227272500005], [117.758555107, 1.272308918000022], [117.75847427700012, 1.272526058000039], [117.75843837500008, 1.272697951000055], [117.758393479, 1.272851755000033], [117.7583485880001, 1.273023651000074], [117.75834860100008, 1.273068883000064], [117.7583755820001, 1.273123154000075], [117.75842054600002, 1.273204559000021], [117.75838464100002, 1.273367406000034], [117.75829479400011, 1.273485037000057], [117.75824088900004, 1.273566471000038], [117.75822292600003, 1.273611709000022], [117.758187, 1.273702184000058], [117.75817801900007, 1.273729326000023], [117.75816005600007, 1.273774564000064], [117.75813310500007, 1.273819804000027], [117.75808819300005, 1.273919329000023], [117.7580612370001, 1.273946476000049], [117.75798040900008, 1.274172662000069], [117.75796246200002, 1.274272178000047], [117.75792653300005, 1.274353607000023], [117.7578187040001, 1.274453150000056], [117.75784527600001, 1.274470883000049], [117.7578362800001, 1.274475413000062], [117.75775533800004, 1.274575045000063], [117.75766539800009, 1.274674679000043], [117.75757547500007, 1.274833172000058], [117.75750804000006, 1.274973549000038], [117.75746307700001, 1.275046004000046], [117.75743162200001, 1.275163731000021], [117.75742266000009, 1.275281452000058], [117.7573956980001, 1.275381068000058], [117.75739123800008, 1.275512370000058], [117.75739577200011, 1.275634614000069], [117.75741830800007, 1.275784019000071], [117.75744982200001, 1.275870034000036], [117.75748583900008, 1.275969631000066], [117.75753085600002, 1.276082809000059]], [[117.75952159300004, 1.274783309000043], [117.75957147800011, 1.274733071000071], [117.75959024400004, 1.27472227100003], [117.75952159300004, 1.274783309000043]], [[117.75849373500012, 1.27357765000005], [117.75849439800004, 1.273573540000029], [117.75862177800002, 1.273603086000037], [117.75866103800001, 1.273652449000053], [117.7586177500001, 1.273605256000053], [117.75856281600011, 1.27359103200007], [117.75849373500012, 1.27357765000005]], [[117.75985951300004, 1.276144235000061], [117.7599494110001, 1.276198487000045], [117.75996323900006, 1.276288775000069], [117.75994907400002, 1.276199839000071], [117.75985067700003, 1.276145858000064], [117.75978969500011, 1.276140122000072], [117.75985951300004, 1.276144235000061]], [[117.75785715400002, 1.276298247000057], [117.75791596800002, 1.27645362200002], [117.75790427100003, 1.276537199000074], [117.75790143800009, 1.276539104000051], [117.75791367600004, 1.276462342000059], [117.75785715400002, 1.276298247000057]], [[117.75989487600009, 1.276546491000033], [117.75996689800002, 1.276312669000049], [117.75996742200005, 1.276316086000065], [117.75992252600008, 1.276469889000055], [117.75989487600009, 1.276546491000033]], [[117.758521169, 1.27347293400004], [117.75864014900003, 1.273358977000044], [117.75874167600011, 1.273327953000035], [117.75886902800005, 1.273379850000026], [117.75888666900005, 1.273548695000045], [117.75886699700004, 1.273380825000061], [117.75873943500005, 1.273331488000053], [117.75864133000005, 1.273361142000056], [117.75852362600006, 1.273474739000051], [117.75849462200006, 1.273572151000053], [117.75849955000001, 1.273541629000022], [117.758521169, 1.27347293400004]]], [[[117.75744788300005, 1.276169080000045], [117.7574141120001, 1.276105726000026], [117.75741357100003, 1.276115695000044], [117.75746868200008, 1.276217316000043], [117.75746850900009, 1.27621810100004], [117.75750978300005, 1.276180055000054], [117.75744788300005, 1.276169080000045]]], [[[117.75739937300011, 1.276377172000025], [117.75742817300011, 1.276354613000024], [117.75739989500005, 1.27636756000004], [117.75739937300011, 1.276377172000025]]], [[[117.75755053500006, 1.276163995000047], [117.75755967700002, 1.276165822000053], [117.75753781800006, 1.27615120300004], [117.75754313700008, 1.276162971000076], [117.7575442750001, 1.276162743000043], [117.75755053500006, 1.276163995000047]]], [[[117.75755967700002, 1.276165822000053], [117.75757084300005, 1.276173290000031], [117.75755975400011, 1.276165837000065], [117.75755967700002, 1.276165822000053]]]]}},
{"type": "Feature", "properties": {"ba_code": "4321", "blockid": "4321J29P07", "division": "05"}, "geometry": {"type": "MultiPolygon", "coordinates": [[[[117.79824743600011, 1.245438144000047], [117.79784290100008, 1.245184969000036], [117.79765414000008, 1.245139794000067], [117.79751031800004, 1.245094606000066], [117.79724066500012, 1.245049456000061], [117.797015955, 1.245013339000025], [117.79689912200001, 1.245049560000041], [117.79656657200007, 1.245067754000047], [117.79614412600006, 1.245031697000059], [117.79581406400007, 1.244956839000054], [117.79557471700002, 1.244903381000029], [117.7953980530001, 1.244796717000042], [117.79538010200008, 1.244878140000026], [117.79539831400007, 1.245665171000041], [117.79544387500005, 1.247736781000071], [117.79548029500006, 1.249292750000052], [117.79548038500002, 1.24959128100005], [117.79557925300003, 1.249591251000027], [117.7969723760001, 1.249536547000048], [117.7983295470001, 1.249481854000067], [117.79840144000002, 1.249445647000073], [117.7983652040001, 1.248504834000073], [117.79830202900007, 1.247645446000035], [117.79829275200007, 1.246686532000069], [117.79825662300004, 1.246098528000061], [117.79823855100005, 1.245781910000062], [117.79824743600011, 1.245438144000047]]]]}},
{"type": "Feature", "properties": {"ba_code": "4321", "blockid": "4321D28P08", "division": "04"}, "geometry": {"type": "MultiPolygon", "coordinates": [[[[117.7934800480001, 1.293635876000053], [117.7937082740001, 1.296437497000056], [117.79453910400002, 1.295987259000071], [117.79630738600008, 1.294479367000065], [117.79624265100006, 1.293894647000059], [117.796175059, 1.293689140000026], [117.79609704400002, 1.293573664000064], [117.7934800480001, 1.293635876000053]]]]}},
{"type": "Feature", "properties": {"ba_code": "4321", "blockid": "4321E18P07", "division": "04"}, "geometry": {"type": "MultiPolygon", "coordinates": [[[[117.76625607400001, 1.289534760000038], [117.76626294900007, 1.289522583000064], [117.76642416100003, 1.289504368000053], [117.76667397400001, 1.289449852000075], [117.7667447450001, 1.289449795000053], [117.76681153700008, 1.289438182000026], [117.7668550620001, 1.289488338000069], [117.76692747800007, 1.289571787000057], [117.76749229600011, 1.290222657000072], [117.76869354500002, 1.289994995000029], [117.76865084600001, 1.288656117000073], [117.76866616000007, 1.288026522000052], [117.76862322900001, 1.286094626000022], [117.76785002100007, 1.286039968000068], [117.76746398700004, 1.286021644000073], [117.76594203400009, 1.286011234000057], [117.76594723100004, 1.286470447000056], [117.76599934300009, 1.286978777000058], [117.76596968400008, 1.288053903000048], [117.76600403100008, 1.289578583000036], [117.76625607400001, 1.289534760000038]]]]}},
{"type": "Feature", "properties": {"ba_code": "4321", "blockid": "4321E25P07", "division": "04"}, "geometry": {"type": "MultiPolygon", "coordinates": [[[[117.78613506300007, 1.285883632000036], [117.78495429600002, 1.285893025000064], [117.785325424, 1.290894644000048], [117.78551632000006, 1.293858304000025], [117.78728530600006, 1.293863353000063], [117.78778317900003, 1.293839027000047], [117.78780704400003, 1.289798943000051], [117.78758057100003, 1.285886404000053], [117.78613506300007, 1.285883632000036]]]]}},
{"type": "Feature", "properties": {"ba_code": "4321", "blockid": "4321E20P07", "division": "04"}, "geometry": {"type": "MultiPolygon", "coordinates": [[[[117.77394369100011, 1.286040162000063], [117.77328388600006, 1.286106306000022], [117.77237370800003, 1.286145655000041], [117.77116959700004, 1.286128623000025], [117.77124023700003, 1.287158174000069], [117.7712934650001, 1.288089362000051], [117.77137076200006, 1.289282793000041], [117.77133998500005, 1.290182442000059], [117.77126098500003, 1.290373249000027], [117.7713748750001, 1.290801460000068], [117.77135681900006, 1.294141713000045], [117.77390576300002, 1.294191144000024], [117.77391068200006, 1.291500093000025], [117.7741237670001, 1.287607957000034], [117.77403643800005, 1.287267894000024], [117.77394369100011, 1.286040162000063]]]]}},
{"type": "Feature", "properties": {"ba_code": "4321", "blockid": "4321G28P06", "division": "02"}, "geometry": {"type": "MultiPolygon", "coordinates": [[[[117.7932047170001, 1.267503206000072], [117.79331744300009, 1.273446666000041], [117.79331720200003, 1.273464168000032], [117.79330081900002, 1.274652541000023], [117.79327439100007, 1.27656973400002], [117.79408724100006, 1.276567657000044], [117.79551174300002, 1.276546584000073], [117.7957152670001, 1.274413013000071], [117.79581792600004, 1.273336820000054], [117.79581801900008, 1.273335853000049], [117.79573770200011, 1.267487223000046], [117.7932047170001, 1.267503206000072]]]]}},
{"type": "Feature", "properties": {"ba_code": "4321", "blockid": "4321H10P07", "division": "01"}, "geometry": {"type": "MultiPolygon", "coordinates": [[[[117.74546250100002, 1.264816952000047], [117.7456212410001, 1.264231293000023], [117.74561193800002, 1.263569596000025], [117.74562863100005, 1.26229085600005], [117.74560044800012, 1.260936368000046], [117.7456049650001, 1.260168273000033], [117.745156973, 1.260330330000045], [117.74493504800012, 1.260344806000035], [117.74477800800003, 1.260397515000022], [117.74431353600005, 1.260423119000052], [117.74403714300001, 1.260430610000071], [117.74388676500007, 1.260388788000057], [117.74376502900009, 1.260624691000032], [117.7435306650001, 1.26092292900006], [117.74355752400004, 1.26112740700006], [117.74369830100011, 1.261088414000028], [117.74373792200004, 1.261102068000071], [117.7438527270001, 1.261465944000065], [117.74404252600004, 1.261695301000032], [117.74404971400008, 1.262022573000024], [117.74394920700001, 1.262136783000074], [117.74394481800005, 1.262426184000049], [117.7440184730001, 1.26254255200007], [117.74417646100005, 1.262698328000056], [117.74419050200004, 1.262813311000059], [117.74423714900001, 1.262891201000059], [117.744263, 1.262897197000029], [117.7443166810001, 1.262882172000047], [117.74439621600004, 1.262884150000048], [117.74441710300005, 1.262916165000036], [117.74442109400002, 1.26296519400006], [117.744438005, 1.263001212000063], [117.7443754200001, 1.263170338000066], [117.74439431200005, 1.26318033900003], [117.74440724800002, 1.263220360000048], [117.74441123800011, 1.263266388000034], [117.74441721100004, 1.263295405000065], [117.74441324500003, 1.263332430000048], [117.74442050100004, 1.263358360000041], [117.74443861000009, 1.26337992200007], [117.7444848, 1.263380980000022], [117.7446262310001, 1.263388202000044], [117.74463712600004, 1.263387066000064], [117.74466793900001, 1.263397287000032], [117.74469462500008, 1.263412945000027], [117.7447378390001, 1.263470797000025], [117.74475088600002, 1.263556152000035], [117.74476518300003, 1.263568935000023], [117.7447690030001, 1.263596428000028], [117.74476138700004, 1.263622965000025], [117.74476457000003, 1.263644703000068], [117.74476489500012, 1.263672836000069], [117.74475505800001, 1.26370608700006], [117.74473569100007, 1.263736464000033], [117.74449370700006, 1.264059571000075], [117.74449843100001, 1.264100356000029], [117.74450881100006, 1.264149359000044], [117.74451981400011, 1.264180341000042], [117.74453050500006, 1.264214800000047], [117.74454465100007, 1.26425273600006], [117.744550505, 1.264373459000069], [117.74457678500005, 1.264380299000038], [117.74459867000007, 1.264411172000052], [117.7446364220001, 1.264417337000054], [117.74466630100005, 1.264411958000039], [117.7447896970001, 1.264439848000052], [117.74482344400008, 1.264436079000063], [117.74484945200004, 1.264423451000027], [117.744893337, 1.264420217000065], [117.74493349200009, 1.264432691000025], [117.74497231600003, 1.264456309000025], [117.74500380500001, 1.264483555000027], [117.74505007900007, 1.26457232100006], [117.74507410600006, 1.264602224000043], [117.74508714000001, 1.26462721300004], [117.74510708700006, 1.264627207000046], [117.74512083000002, 1.264660684000035], [117.74513255200009, 1.264698482000028], [117.74513081400005, 1.264817098000037], [117.74513546800006, 1.264870293000058], [117.74512116200003, 1.264908253000044], [117.7451080410001, 1.26495766000005], [117.74511496200012, 1.264986882000073], [117.74511302100007, 1.26501737500007], [117.74510416100009, 1.26505557400003], [117.74511205300007, 1.265077895000047], [117.74512980300005, 1.265103685000042], [117.74514600300006, 1.265138180000065], [117.74513533000004, 1.265161274000036], [117.74524026000006, 1.265344581000022], [117.74526855500005, 1.265364712000064], [117.7452816760001, 1.265404293000074], [117.74530148000008, 1.265432043000033], [117.7453114220001, 1.265501943000061], [117.74532135100003, 1.265527556000052], [117.74533259500004, 1.265625242000056], [117.7453369320001, 1.265709037000022], [117.74536758200009, 1.265785877000042], [117.74543359200004, 1.265821027000072], [117.74542882300011, 1.265735929000073], [117.74544195100009, 1.265659545000062], [117.7454536890001, 1.265562650000049], [117.74546424700009, 1.265500857000063], [117.74546755900008, 1.265438841000048], [117.74548944700007, 1.26530372600007], [117.74549156700004, 1.265235363000045], [117.74550917700003, 1.265099172000021], [117.74553100500009, 1.26493711300003], [117.74546234900004, 1.264817533000041], [117.74546234500008, 1.264817527000048], [117.74546250100002, 1.264816952000047]]]]}},
{"type": "Feature", "properties": {"ba_code": "4321", "blockid": "4321I29P07", "division": "05"}, "geometry": {"type": "MultiPolygon", "coordinates": [[[[117.79579746000002, 1.258763927000075], [117.79589801000009, 1.258759639000061], [117.7958987070001, 1.258759763000057], [117.79589949400008, 1.258759604000034], [117.7959889120001, 1.258759095000073], [117.79609669000001, 1.258756109000046], [117.79609686200001, 1.258756141000049], [117.79609705400003, 1.258756101000074], [117.79617554200001, 1.258754638000028], [117.79617574300005, 1.258754676000024], [117.79617595800005, 1.258754632000034], [117.79625228100008, 1.258754], [117.79632403300002, 1.258752941000068], [117.79642736500011, 1.258747025000048], [117.7964275600001, 1.25874705800004], [117.79642781100006, 1.258747002000064], [117.796526147, 1.258742468000037], [117.7965262460001, 1.258742485000028], [117.79652636900005, 1.258742458000029], [117.79662871500011, 1.258738308000034], [117.79672926900002, 1.258730438000043], [117.79680685900007, 1.258721798000067], [117.79680837300009, 1.258721714000046], [117.79680870800007, 1.258721636000075], [117.79690321900011, 1.258715510000059], [117.79690359300002, 1.258715573000075], [117.79690408200008, 1.258715464000034], [117.79700368700003, 1.258711156000061], [117.79700383000011, 1.258711181000024], [117.79700400400009, 1.258711143000028], [117.79710387800003, 1.25870761300007], [117.79710419900005, 1.258707672000071], [117.79710456500004, 1.258707595000033], [117.7972026440001, 1.258705809000048], [117.79729350500008, 1.258703582000066], [117.79729389800002, 1.258703656000023], [117.79729431900012, 1.258703570000023], [117.79738445700002, 1.258703188000027], [117.79747191800004, 1.258699522000029], [117.79747201600003, 1.258699540000066], [117.79747213500002, 1.258699514000057], [117.79755455800012, 1.258696507000025], [117.79755477700007, 1.258696547000056], [117.79755503100012, 1.258696493000059], [117.79763823400003, 1.258694439000067], [117.79772277900008, 1.258686242000067], [117.79780419000008, 1.258677753000029], [117.79780778200006, 1.258677565000028], [117.79780791300004, 1.258677538000029], [117.79789081000001, 1.258676620000074], [117.79789184700007, 1.258676821000051], [117.7978928120001, 1.258676647000073], [117.79797740000004, 1.25867992700006], [117.79806244500003, 1.258674522000035], [117.79806310400011, 1.258674632000066], [117.79806393100012, 1.258674455000062], [117.7981522450001, 1.25867211800005], [117.79815250500008, 1.258672167000043], [117.798152791, 1.258672108000042], [117.79824297000005, 1.258670948000031], [117.79832373300007, 1.258669442000041], [117.7984060870001, 1.25866626800007], [117.79846710600009, 1.25866393900003], [117.79850309000005, 1.258627698000055], [117.79851205300008, 1.25854627800004], [117.79852979800012, 1.25778637600007], [117.79853856400007, 1.257053616000064], [117.79855645700002, 1.256782219000058], [117.79852043400001, 1.256547024000042], [117.79849334900007, 1.256148991000032], [117.7985289080001, 1.254855347000046], [117.79844792900008, 1.254565888000059], [117.79842078600007, 1.253977881000026], [117.79842948400005, 1.253018961000066], [117.79843805300004, 1.25163486100007], [117.79845454000008, 1.251013898000053], [117.7982943180001, 1.251208267000038], [117.79810101300006, 1.25166852600006], [117.79810116200008, 1.252159655000071], [117.79810097900008, 1.252163068000073], [117.79802031500003, 1.252913943000067], [117.79801810600009, 1.252922647000048], [117.798017049, 1.252924952000058], [117.79781943000012, 1.253314008000075], [117.79781367100009, 1.253321977000041], [117.79781059600009, 1.25332469500006], [117.79695693500003, 1.253985343000068], [117.79694980700003, 1.253989491000027], [117.79693776900001, 1.253991905000021], [117.79675800900009, 1.253991960000064], [117.79675152800007, 1.253991283000062], [117.7955597890001, 1.253739142000029], [117.79554455100003, 1.25373967500002], [117.79554459000008, 1.253870205000055], [117.79560851000008, 1.257190212000069], [117.79562684500002, 1.258375284000067], [117.7956356310001, 1.258767822000038], [117.79579746000002, 1.258763927000075]]], [[[117.79692705900004, 1.25392858400005], [117.79776663300004, 1.253278838000028], [117.79795838700011, 1.252901328000064], [117.79803824500004, 1.252157963000059], [117.79803809500004, 1.251662123000074], [117.7980404860001, 1.251650006000034], [117.79804055400007, 1.251649903000043], [117.79804057800004, 1.251649785000041], [117.79823817200008, 1.251179313000023], [117.7982385580001, 1.251178735000053], [117.79824293700005, 1.251171424000063], [117.79845215800003, 1.25091761300007], [117.79841973300006, 1.250495022000052], [117.79842861100008, 1.250133164000033], [117.79834756100001, 1.249608498000043], [117.79766447100008, 1.249599661000047], [117.79702632800002, 1.249617948000036], [117.79554332000009, 1.24965458600002], [117.7954804420001, 1.249781255000073], [117.79549864700004, 1.250541147000035], [117.79553518700004, 1.252495156000066], [117.79549039500012, 1.252983675000053], [117.79554450800003, 1.253598814000043], [117.795544532, 1.253676313000028], [117.7955614230001, 1.253675721000036], [117.79556194200006, 1.253675816000055], [117.7955625080001, 1.253675702000066], [117.79556898800001, 1.253676380000059], [117.7967612650001, 1.253928634000033], [117.79692705900004, 1.25392858400005]]]]}},
{"type": "Feature", "properties": {"ba_code": "4321", "blockid": "4321H11P13", "division": "06"}, "geometry": {"type": "MultiPolygon", "coordinates": [[[[117.74633855200011, 1.268639860000064], [117.74657083700004, 1.268548979000059], [117.74692346200004, 1.268585411000061], [117.74693233100004, 1.268522462000021], [117.7469069870001, 1.268439645000058], [117.7470842140001, 1.268398182000055], [117.74724700500008, 1.268314709000038], [117.74722487400004, 1.268313982000052], [117.74718701600011, 1.268328693000058], [117.74718393100011, 1.268331800000055], [117.7471569700001, 1.26834085400003], [117.7471437270001, 1.268343524000045], [117.74713811400011, 1.268345432000046], [117.74713527600011, 1.268345228000044], [117.74711203100003, 1.268349914000055], [117.747081696, 1.268342290000021], [117.74703467400002, 1.268347210000059], [117.747011358, 1.268348137000032], [117.74699518800003, 1.268358994000039], [117.74686934800002, 1.268340938000051], [117.74686035800005, 1.268331894000028], [117.74682440200002, 1.268322858000033], [117.74681541100006, 1.268313814000066], [117.74677945600001, 1.268304778000072], [117.74674350100008, 1.268295742000021], [117.74673451300009, 1.268295744000056], [117.7467075510001, 1.26830479900002], [117.74668058600002, 1.26830480700005], [117.7466626050001, 1.268286719000059], [117.74618612100005, 1.267897858000026], [117.74614115600002, 1.267816452000034], [117.74612316700006, 1.267771225000047], [117.7461321400001, 1.267716943000039], [117.74612313400007, 1.267653621000022], [117.74611772500009, 1.267606095000076], [117.74605120500007, 1.267572223000059], [117.74600626200004, 1.267563189000043], [117.74597929200002, 1.267545104000021], [117.74593434600001, 1.26752702400006], [117.74589838500003, 1.267499895000071], [117.74570961100005, 1.267418531000033], [117.74559274600006, 1.267355240000029], [117.7455298110001, 1.267291933000024], [117.74540964500011, 1.267234213000052], [117.745418674, 1.26725521100002], [117.74542223900005, 1.267265025000029], [117.74543682, 1.267341217000023], [117.74550090900004, 1.267452561000027], [117.74553880200006, 1.267596150000031], [117.74554281000007, 1.267699099000026], [117.74548646700009, 1.267859920000035], [117.74549231900005, 1.267959559000076], [117.74548361900008, 1.268082647000028], [117.7455419260001, 1.268337592000023], [117.74557981400005, 1.268460667000056], [117.74560313600011, 1.268560301000036], [117.74559443900012, 1.268692180000073], [117.7456206820001, 1.268824050000035], [117.74586153200005, 1.268803880000064], [117.74633855200011, 1.268639860000064]]], [[[117.74854122200009, 1.268605879000063], [117.7485068950001, 1.268508242000053], [117.7478566960001, 1.268674997000062], [117.74801164400003, 1.268710094000028], [117.748317584, 1.268678149000039], [117.74853279900003, 1.268667468000046], [117.74854122200009, 1.268605879000063]]]]}},
{"type": "Feature", "properties": {"ba_code": "4321", "blockid": "4321H11P07", "division": "01"}, "geometry": {"type": "MultiPolygon", "coordinates": [[[[117.74834692800005, 1.259957754000027], [117.74722354100004, 1.259929542000066], [117.74580299900003, 1.260015736000071], [117.74570162500004, 1.260119433000057], [117.74563584600003, 1.260930719000044], [117.74568988500005, 1.262289060000057], [117.74566087900007, 1.263573618000066], [117.7456810650001, 1.264238608000028], [117.74551905700002, 1.264820128000054], [117.74574686100004, 1.265129887000057], [117.74597582100012, 1.266006977000075], [117.74637061800001, 1.266794241000071], [117.74650489700002, 1.266921013000058], [117.74669042000005, 1.267007801000034], [117.7473810140001, 1.26745353900003], [117.74868423700002, 1.267103306000024], [117.74868580100008, 1.266082585000049], [117.74844592600004, 1.262376872000061], [117.74839194600008, 1.261698867000064], [117.74835780800004, 1.260677964000024], [117.74841236200007, 1.260449339000047], [117.74835576200007, 1.26032123400006], [117.74834692800005, 1.259957754000027]]], [[[117.74860030100001, 1.268474661000027], [117.74860006900008, 1.268467504000057], [117.74868478700012, 1.268467479000037], [117.74864434800008, 1.267219020000027], [117.74864313, 1.267165059000035], [117.74737327300011, 1.267502528000023], [117.74666672, 1.267040204000068], [117.7464933660001, 1.266964337000047], [117.74633213700008, 1.266820425000049], [117.74593332500001, 1.266017346000069], [117.74570884000002, 1.265129054000056], [117.7455857220001, 1.264961052000046], [117.74555195300002, 1.265275793000058], [117.74551731600002, 1.265512916000034], [117.74541075600007, 1.266214255000023], [117.74536073700006, 1.266285659000062], [117.74536462200001, 1.266289732000075], [117.74538331100007, 1.266305916000022], [117.74540433900006, 1.266309119000027], [117.74542599100005, 1.266322641000045], [117.74544859500008, 1.266338567000048], [117.74546843500002, 1.266348742000048], [117.74548523200008, 1.266356393000024], [117.74548858700007, 1.266357180000057], [117.74550224500001, 1.26636770500005], [117.74560430800011, 1.266480161000061], [117.74561647200005, 1.266506486000026], [117.74563667500001, 1.266520655000022], [117.74564916400004, 1.266548059000058], [117.74567441400006, 1.266564911000046], [117.7457067150001, 1.266570342000023], [117.7457399320001, 1.266585225000028], [117.74575792900009, 1.266603367000073], [117.74578475400006, 1.266624906000061], [117.74580810900011, 1.266662776000032], [117.74583692400006, 1.266687913000055], [117.74586444700003, 1.266694656000027], [117.7458430050001, 1.266782374000059], [117.74583685900006, 1.266785517000073], [117.74581553000007, 1.266802105000068], [117.74579129300002, 1.266828241000042], [117.74575344200002, 1.266857747000074], [117.74573221300011, 1.266888554000047], [117.74571724200007, 1.266910403000054], [117.74569484500012, 1.266934066000033], [117.7456565980001, 1.266954838000061], [117.745647157, 1.266987405000066], [117.74566116300002, 1.267019933000029], [117.74566771500008, 1.26705854000005], [117.74575228200001, 1.267225415000041], [117.74575682300008, 1.267271440000059], [117.74577720600007, 1.267307917000039], [117.74580846800006, 1.267334955000024], [117.74585498400006, 1.267327470000055], [117.74589820300002, 1.267307318000064], [117.74676358500005, 1.267901197000072], [117.74676639100005, 1.267908814000066], [117.74678214700009, 1.267927078000071], [117.74677955200002, 1.267969385000072], [117.74678514300001, 1.268010153000034], [117.74676181200005, 1.268042081000033], [117.74673887400002, 1.268069267000044], [117.7467217840001, 1.268107001000033], [117.74669787900007, 1.26815364600003], [117.74668136800005, 1.268203178000022], [117.74669594500006, 1.26823500100005], [117.74672683300003, 1.268247108000025], [117.74676545800003, 1.26825690000004], [117.74679726300008, 1.268278266000038], [117.74684015900004, 1.268298579000032], [117.74688251200007, 1.268312476000062], [117.74692113000003, 1.26834006100006], [117.74697670400008, 1.268349514000022], [117.74703467400002, 1.268347210000059], [117.74708694500009, 1.268341741000029], [117.74713811400011, 1.268345432000046], [117.74718474800011, 1.268329575000053], [117.74722487400004, 1.268313982000052], [117.7472774690001, 1.268315711000071], [117.74732079800003, 1.268328332000067], [117.74736945400002, 1.268341251000038], [117.7473841320001, 1.26834843000006], [117.74742394400005, 1.26835430400007], [117.74743479900008, 1.268388765000054], [117.74746167400008, 1.26842526400003], [117.74750900300012, 1.268455811000024], [117.74753651000003, 1.268486053000061], [117.74756579100006, 1.268519753000021], [117.74759458100004, 1.268542426000067], [117.74761495000007, 1.268575447000046], [117.74764629600008, 1.268604069000048], [117.74771033900004, 1.268672508000066], [117.74775058400007, 1.268698626000059], [117.7477894430001, 1.268692245000068], [117.74855401600007, 1.268496157000072], [117.74860030100001, 1.268474661000027]]]]}},
{"type": "Feature", "properties": {"ba_code": "4321", "blockid": "4321G19P06", "division": "01"}, "geometry": {"type": "MultiPolygon", "coordinates": [[[[117.76827657600006, 1.271362667000062], [117.7682428820001, 1.274222633000022], [117.76829835500007, 1.276617422000072], [117.76978205900002, 1.276687352000067], [117.77107700300007, 1.27669703600003], [117.77109405700003, 1.273698812000021], [117.77108250000003, 1.267758118000074], [117.76829250600008, 1.267767954000021], [117.76827657600006, 1.271362667000062]]]]}},
{"type": "Feature", "properties": {"ba_code": "4321", "blockid": "4321E10P16", "division": "06"}, "geometry": {"type": "MultiPolygon", "coordinates": [[[[117.74551792000011, 1.293745528000045], [117.74548385500009, 1.293596877000027], [117.74544467900012, 1.293520966000074], [117.74543579600004, 1.293398276000062], [117.74531845100012, 1.293362524000031], [117.74534154300011, 1.293296313000042], [117.7453504240001, 1.293269470000041], [117.7453521860001, 1.293215790000033], [117.74533615900009, 1.293122750000066], [117.74536992100002, 1.29306906000005], [117.7454392410001, 1.293018939000035], [117.74545523400002, 1.292995673000064], [117.74541787300006, 1.292902639000033], [117.74546406500008, 1.292795266000041], [117.7454071630001, 1.29275233900006], [117.7453751160001, 1.292594888000053], [117.74534310600006, 1.292562690000068], [117.7453697310001, 1.29241595700006], [117.74539645700008, 1.292322930000068], [117.74542480000002, 1.292271006000021], [117.74544787500008, 1.292143957000064], [117.74541941700011, 1.292101022000054], [117.74538918100006, 1.292054508000035], [117.74542643300003, 1.291773573000057], [117.74542641800008, 1.291719894000039], [117.7454382950001, 1.291690297000059], [117.74537551900005, 1.291704788000061], [117.74529984700007, 1.291744417000075], [117.74516806200006, 1.291912528000069], [117.74516708200008, 1.29191363700005], [117.7451669620001, 1.29191382700003], [117.74496029800002, 1.292140050000057], [117.74495993000005, 1.292140310000036], [117.74495965100004, 1.292140730000028], [117.74495538400004, 1.292144096000072], [117.74473739300004, 1.292276766000043], [117.74473451100005, 1.292278233000047], [117.74473446200011, 1.292278266000039], [117.74456739400011, 1.292348839000056], [117.74456910000004, 1.292351408000059], [117.74457081300011, 1.292360062000057], [117.74457012700009, 1.292365614000062], [117.74450238600002, 1.292635193000024], [117.74445834100004, 1.292895301000044], [117.7444584100001, 1.293130603000066], [117.7444582500001, 1.293133298000043], [117.74443918700001, 1.293293586000061], [117.74443899000005, 1.293294346000039], [117.744438865, 1.293295554000053], [117.74438212300004, 1.29356703600007], [117.74436286000002, 1.29372326500004], [117.74436226000012, 1.293725555000037], [117.7443620040001, 1.293727238000031], [117.74430957200002, 1.293895762000034], [117.74430889100006, 1.293897652000055], [117.74430402200005, 1.293904991000034], [117.7443021040001, 1.293906714000059], [117.74420809600008, 1.293981863000056], [117.74420272500004, 1.293985045000056], [117.74419636300001, 1.293986656000072], [117.74406896500011, 1.293999517000032], [117.74406672900011, 1.29399963000003], [117.7440581300001, 1.293997911000019], [117.74405571200009, 1.293996728000025], [117.74395377400003, 1.293939057000046], [117.74395239700004, 1.29393800500003], [117.7439509080001, 1.293937129000028], [117.74377770700005, 1.293800244000067], [117.74358461400004, 1.293782082000064], [117.74354206100008, 1.293794181000067], [117.74356227500004, 1.293860235000068], [117.74364040800003, 1.293956292000075], [117.74364377800009, 1.293961958000068], [117.74364395200007, 1.293962835000059], [117.7436443360001, 1.293963460000043], [117.74367132400005, 1.29404487100004], [117.7436724800001, 1.294052022000074], [117.74367199900007, 1.294056682000075], [117.74363609600005, 1.294228576000023], [117.74363486900006, 1.294232572000055], [117.74363437500006, 1.294233316000032], [117.74363420700001, 1.29423403200002], [117.74357132600005, 1.294360701000073], [117.74356711900009, 1.29436658000003], [117.7435598300001, 1.294371485000056], [117.74355123200007, 1.294373209000071], [117.74354263200007, 1.29437149000006], [117.74353534000011, 1.294366590000038], [117.74353046700003, 1.294359254000028], [117.74352875400007, 1.29435059900004], [117.74353112400001, 1.294340484000031], [117.74359271100002, 1.294216420000055], [117.74362676600003, 1.294053374000043], [117.74360301400009, 1.293981725000037], [117.74352471000009, 1.293885457000044], [117.74352133900004, 1.293879792000041], [117.743520622, 1.293877788000032], [117.74349880000011, 1.293806482000036], [117.74344931400003, 1.293820552000057], [117.7434432120001, 1.293821404000028], [117.74344309000003, 1.293821380000054], [117.74344297100004, 1.293821403000038], [117.74334025100006, 1.293820326000059], [117.74334001000011, 1.293820276000019], [117.74333583100008, 1.293819836000068], [117.74321383600011, 1.293793841000024], [117.74320989800003, 1.293792612000061], [117.74320942100007, 1.293792292000035], [117.74320892900005, 1.293792181000072], [117.74305610700003, 1.293719854000074], [117.74304978500004, 1.293715385000041], [117.74304812700007, 1.293713521000029], [117.74297619400011, 1.293623077000063], [117.74297589300011, 1.293622565000021], [117.74271884900008, 1.293727754000031], [117.74263189800001, 1.293815801000051], [117.74260070900004, 1.293875136000054], [117.74260255800004, 1.293926446000057], [117.7426235150001, 1.293952796000042], [117.7426247840001, 1.293952542000056], [117.74263338300011, 1.293954261000067], [117.74263772900008, 1.293956667000032], [117.74269759800006, 1.293999103000033], [117.74269829800005, 1.293999695000025], [117.74269869200009, 1.293999929000051], [117.74276386500003, 1.294052374000046], [117.74281341800008, 1.294071539000072], [117.74285075800003, 1.294064197000068], [117.74295597500009, 1.294005324000068], [117.74295828800007, 1.294004199000028], [117.74296688600009, 1.29400247500007], [117.742970581, 1.294002781000074], [117.74302451300002, 1.294011812000065], [117.7430294180001, 1.294013224000025], [117.74303671000007, 1.294018125000036], [117.74303951800005, 1.29402157100003], [117.74307548700006, 1.294075839000072], [117.74307755200005, 1.294079729000032], [117.743079265, 1.29408838300003], [117.74307899300004, 1.294091898000033], [117.74303700200005, 1.294361045000073], [117.74303556600012, 1.294366185000058], [117.7430317080001, 1.294372001000056], [117.74297137600001, 1.294568901000048], [117.74297066600002, 1.294570884000052], [117.74296579700001, 1.29457822300003], [117.7429640470001, 1.294579810000073], [117.74279856700002, 1.294714719000069], [117.74269973900005, 1.294806118000054], [117.74264015800009, 1.295055464000029], [117.74262092800006, 1.295276842000021], [117.74262659100009, 1.295299611000075], [117.74264023400008, 1.295233147000033], [117.74270998200006, 1.295212325000023], [117.74277717600012, 1.295295512000052], [117.74290635800003, 1.295321476000026], [117.74304842900005, 1.295248628000024], [117.74314399900004, 1.295183594000036], [117.74317757300003, 1.295147181000061], [117.74320340400004, 1.295131572000059], [117.7432576650001, 1.295160159000034], [117.74332999500007, 1.295134135000069], [117.74334290600007, 1.295110729000044], [117.74339456300004, 1.295066510000026], [117.743453971, 1.295027489000063], [117.74352113600003, 1.295006668000042], [117.74352110300003, 1.294894858000021], [117.74357274300007, 1.294793434000042], [117.7436861330001, 1.294640041000036], [117.74381196900003, 1.29464000400003], [117.74391091900009, 1.294911370000023], [117.74388869100005, 1.294948681000051], [117.7438839670001, 1.294956610000042], [117.74393795000003, 1.29513752400004], [117.7438300980001, 1.29516469500004], [117.743884062, 1.295282284000052], [117.7440009390001, 1.295381761000044], [117.7439470280001, 1.295445102000031], [117.74425264700005, 1.295508338000047], [117.74436950800009, 1.295553536000057], [117.74418977900007, 1.295680240000024], [117.74397409800008, 1.295806954000057], [117.74390464900011, 1.295851116000051], [117.74382839500004, 1.29585740400006], [117.74373657500007, 1.295851166000034], [117.7436774900001, 1.29582513500003], [117.74355385900003, 1.295768726000063], [117.74360763200002, 1.295869838000044], [117.7437278970001, 1.29599416800005], [117.74373255500007, 1.296001284000056], [117.74373426800003, 1.296009938000054], [117.74373422800011, 1.296010138000042], [117.74373426400007, 1.296010330000058], [117.74373330300011, 1.296067053000058], [117.74373282800002, 1.296069352000075], [117.74373191500001, 1.296074501000021], [117.74371166200001, 1.29612970300002], [117.74371143500002, 1.296130058000074], [117.74371134500007, 1.296130517000051], [117.74370718900002, 1.296137104000024], [117.74359734600012, 1.296258391000038], [117.74357710800007, 1.296346772000049], [117.74358866200009, 1.296395337000035], [117.74362914900007, 1.29640777700007], [117.74368922600001, 1.296398801000066], [117.74383295200005, 1.296331408000071], [117.74419828700002, 1.296157350000044], [117.744204695, 1.296155900000031], [117.74424013300006, 1.296088977000068], [117.74424127400005, 1.296087426000042], [117.74424239500001, 1.296085513000037], [117.74444117000007, 1.295834650000074], [117.7444847480001, 1.295758419000038], [117.74447323000004, 1.295647442000075], [117.74441977800006, 1.295537481000054], [117.74436661800007, 1.295451466000031], [117.74423418800006, 1.295411046000027], [117.74405076700009, 1.295376843000042], [117.74404626700004, 1.295375503000059], [117.74403897600007, 1.295370602000048], [117.7440341030001, 1.295363267000027], [117.74403239000003, 1.29535461200004], [117.74403409800004, 1.295345957000052], [117.74403896700005, 1.295338618000073], [117.74404625500006, 1.295333713000048], [117.74405485400007, 1.295331989000033], [117.74405895400002, 1.295332368000061], [117.74424360500007, 1.295366800000068], [117.74424517000011, 1.295367266000028], [117.74424603200009, 1.295367395000028], [117.74438775300007, 1.295410650000065], [117.7443898250001, 1.29541139600002], [117.74439711600007, 1.295416296000042], [117.74440031200004, 1.295420347000061], [117.74445854100009, 1.295514565000076], [117.74445936200004, 1.295516173000067], [117.744459645, 1.295516571000064], [117.74451534900004, 1.295631165000032], [117.74451549600008, 1.295631800000024], [117.74451592300011, 1.295632443000045], [117.74451751400011, 1.295638754000038], [117.74453020200008, 1.295761001000074], [117.74453032400004, 1.295763344000022], [117.74452861600003, 1.295772], [117.7445273300001, 1.295774630000039], [117.74447927500012, 1.295858692000024], [117.74447816600002, 1.295860149000021], [117.74447736600007, 1.295861514000023], [117.74427882000009, 1.296112088000029], [117.74424754200004, 1.296171156000071], [117.74431986200011, 1.296237483000027], [117.744515438, 1.296383763000051], [117.74470993400007, 1.296499646000029], [117.74537665800005, 1.296593907000045], [117.7453771810001, 1.296594050000067], [117.7453779330001, 1.29659412500007], [117.745604307, 1.296639623000033], [117.745610166, 1.296503051000059], [117.74558655900012, 1.296267661000059], [117.74559203600006, 1.29597835900006], [117.74559196700011, 1.295743150000021], [117.74557391400003, 1.295480807000047], [117.74552887800007, 1.29515514700006], [117.74558875800005, 1.295155129000022], [117.74557309200009, 1.295131493000042], [117.74557204300004, 1.295129517000021], [117.74557162200006, 1.295128924000039], [117.74531080600002, 1.294595258000072], [117.74531065500003, 1.294594604000054], [117.74531021200005, 1.294593937000059], [117.74530851200007, 1.294586062000064], [117.74529944800008, 1.294323716000065], [117.74529963500004, 1.294322670000042], [117.7452994680001, 1.294321682000032], [117.74530840900002, 1.294158843000048], [117.74531008300005, 1.294151442000043], [117.74531200100012, 1.294147771000041], [117.74542763400007, 1.293968606000021], [117.74551792000011, 1.293745528000045]], [[117.7444952510001, 1.295236871000043], [117.7444522180001, 1.295301722000033], [117.74433347800004, 1.295291198000029], [117.7442525890001, 1.295309315000054], [117.74424357700002, 1.295227899000054], [117.74424356700001, 1.295191713000065], [117.74427048100006, 1.295019821000039], [117.7441536340001, 1.295019856000067], [117.74418955800002, 1.294920334000039], [117.74424344300007, 1.294766527000036], [117.74436923100006, 1.294603653000024], [117.74436919900006, 1.294495095000059], [117.7444141090001, 1.29438652400006], [117.74434216800012, 1.294268941000041], [117.74436734200003, 1.294104940000068], [117.74442031400008, 1.293980918000045], [117.74446471100009, 1.29392755300006], [117.74458472700007, 1.293843684000024], [117.74471056000004, 1.293834600000025], [117.74487234600008, 1.293825506000076], [117.74505211400003, 1.29383449900007], [117.74500719700006, 1.293915931000072], [117.7450342200001, 1.294114946000036], [117.74499342600006, 1.29415233900005], [117.7449289650001, 1.294181197000057], [117.74484588000007, 1.294214386000021], [117.7447914930001, 1.294397528000047], [117.74481299500007, 1.294440780000059], [117.74482877500009, 1.294511430000057], [117.74481940800001, 1.294546949000051], [117.74477008000008, 1.294661409000071], [117.74470182800007, 1.29471211300006], [117.744738589, 1.294755144000021], [117.74478274400008, 1.294784461000063], [117.74473717800004, 1.294827241000064], [117.74467273100004, 1.294905125000071], [117.744621, 1.294938299000023], [117.74454013400009, 1.295037835000073], [117.74450088000003, 1.29513732700002], [117.7444952510001, 1.295236871000043]]], [[[117.74542654100003, 1.291534905000049], [117.74542458100007, 1.291519490000042], [117.7454334570001, 1.291474754000035], [117.74540321300003, 1.29140140100003], [117.74542508500008, 1.291382763000058], [117.74537944700012, 1.291352018000055], [117.74537606100012, 1.291349220000029], [117.74537118800004, 1.291341884000076], [117.74536947500007, 1.291333230000021], [117.74537118300009, 1.291324574000043], [117.7453760520001, 1.291317236000054], [117.7453833400001, 1.291312331000029], [117.74539193900011, 1.291310607000071], [117.74540053800001, 1.291312326000025], [117.74540444400009, 1.291314428000021], [117.74545811200005, 1.291350582000064], [117.74547252700006, 1.291331597000067], [117.74548672600008, 1.29124928400006], [117.74549906100003, 1.291184847000068], [117.74549025300007, 1.291150870000024], [117.74550549000003, 1.291119744000071], [117.74553824100008, 1.291109701000039], [117.7455328960001, 1.291068548000055], [117.74550799500003, 1.291029191000064], [117.74566239100011, 1.290828434000048], [117.74554254600002, 1.290584193000029], [117.74553984200008, 1.29050133100003], [117.74562863000006, 1.290428358000042], [117.74561171100004, 1.290374752000048], [117.74501654100004, 1.290421227000024], [117.74500511200006, 1.290464675000067], [117.74500243300008, 1.290540800000031], [117.74498624300008, 1.290600616000063], [117.74498085700009, 1.290654992000043], [117.74497546900011, 1.290703930000063], [117.74495116800006, 1.290739281000072], [117.74491336100004, 1.29077191600004], [117.74489175600002, 1.290788235000036], [117.74484043200005, 1.29078553100004], [117.74482421400012, 1.290747474000057], [117.74480799700007, 1.290714855000033], [117.74479718100008, 1.290676796000071], [117.74478096400003, 1.290641458000039], [117.74477015500008, 1.290627867000069], [117.74473233000003, 1.290597973000047], [117.74468099500007, 1.290557207000063], [117.7446242420001, 1.290462069000057], [117.74460532400008, 1.290429450000033], [117.74457289400004, 1.290375085000051], [117.74455667600012, 1.290339747000075], [117.74452965900002, 1.290320724000026], [117.74449724100009, 1.290309859000047], [117.74448644200004, 1.290328893000037], [117.74448915300002, 1.290364235000027], [117.7444648500001, 1.290388711000048], [117.74443512300002, 1.290342502000044], [117.74441890000003, 1.290288132000057], [117.74440266600004, 1.290195701000073], [117.74438642400003, 1.290076083000031], [117.74437020800008, 1.290046182000026], [117.74436209400005, 1.290008122000074], [117.74434587000007, 1.28995375300002], [117.7443647770001, 1.289945591000048], [117.74439178900002, 1.289948302000028], [117.74442691600007, 1.289986353000074], [117.74447554400001, 1.290008089000025], [117.74449445000005, 1.289999927000054], [117.74452034400008, 1.289956462000021], [117.74440253400007, 1.289824386000021], [117.74418030400011, 1.289818996000065], [117.74401771300006, 1.289868142000046], [117.74396350800009, 1.289857247000043], [117.74396346800006, 1.289720865000049], [117.74408807700001, 1.289529892000076], [117.74415852700008, 1.289486229000033], [117.74410428100009, 1.28933349600004], [117.74393623800006, 1.289273537000042], [117.74387660400009, 1.28923536700006], [117.74380613300002, 1.289202656000043], [117.74369774800005, 1.289268151000044], [117.74367610200011, 1.289388175000056], [117.74361108800008, 1.289486390000036], [117.7435244300001, 1.289710083000045], [117.74355698000011, 1.289808269000048], [117.74344866500007, 1.290113799000039], [117.74350288700009, 1.290184702000033], [117.74349752100011, 1.290370184000039], [117.74341622700001, 1.290402940000035], [117.74322406700003, 1.290156338000031], [117.74315592500011, 1.289944770000034], [117.74313415900008, 1.289650189000042], [117.74310702000002, 1.289519270000028], [117.74299860400004, 1.289475659000061], [117.74292269300008, 1.289377485000045], [117.74278177600002, 1.289404803000025], [117.74270592100004, 1.28950302100003], [117.7426734600001, 1.289710333000073], [117.74269517000005, 1.289808522000044], [117.74257053200006, 1.289901299000064], [117.742532621, 1.290004962000069], [117.74258142100007, 1.290070411000045], [117.74272234800003, 1.290075825000031], [117.74279283900012, 1.290174], [117.742874185, 1.290321270000049], [117.74276040200004, 1.290463141000032], [117.742489438, 1.29062142500004], [117.74236480700006, 1.290736024000068], [117.74229982000008, 1.290926979000062], [117.74223751800002, 1.291032285000028], [117.74214810800004, 1.291112504000068], [117.742045114, 1.291074347000063], [117.74190954900007, 1.290867085000059], [117.7417993680001, 1.290347225000062], [117.74172995000004, 1.290211954000029], [117.74156491500003, 1.290142735000074], [117.74155424700007, 1.290150409000034], [117.74164265400009, 1.290257195000038], [117.7416429860001, 1.290257749000034], [117.74164392400007, 1.290258885000071], [117.74169903900008, 1.290339801000073], [117.7417012630001, 1.290343928000027], [117.74170239700004, 1.29034748600003], [117.7417470370001, 1.29054149500007], [117.74174733400002, 1.290544110000042], [117.74174756800005, 1.290545120000047], [117.74175869300007, 1.29071603400007], [117.7417585820001, 1.290716706000069], [117.74175874100001, 1.290717506000021], [117.7417578300001, 1.290723886000023], [117.7417112060001, 1.290883657000052], [117.74171064900008, 1.290885247000062], [117.74171062100004, 1.290885396000022], [117.74162086900003, 1.291120468000031], [117.74153604900005, 1.291353299000036], [117.74153581000007, 1.291353675000039], [117.74153571400007, 1.291354162000061], [117.74153277700009, 1.29135928300002], [117.74139666000008, 1.291537788000028], [117.74138964800011, 1.291587295000056], [117.74140889300008, 1.291619557000047], [117.7415740020001, 1.291694279000069], [117.74168927800008, 1.291652805000069], [117.74188513500008, 1.291536243000053], [117.74188796700003, 1.291534818000059], [117.74189408500001, 1.291533233000052], [117.74197497600005, 1.29152416300002], [117.74197745800006, 1.291524024000068], [117.74198580400002, 1.291525639000042], [117.74207569700002, 1.291561799000021], [117.74207581100006, 1.29156187500007], [117.74207595000007, 1.291561903000058], [117.74208064000004, 1.291564558000061], [117.74221549300012, 1.291664030000049], [117.74221809500011, 1.291666275000068], [117.74222296800008, 1.291673611000022], [117.7422241810001, 1.291677526000058], [117.7422770710001, 1.29192559300003], [117.74230972200007, 1.291966646000049], [117.74230991800005, 1.291966980000041], [117.74231043400005, 1.291967591000059], [117.74237480900001, 1.292057852000028], [117.74258351800006, 1.292107175000069], [117.74258454700009, 1.292107508000072], [117.74258498400002, 1.292107574000056], [117.742728972, 1.292152119000036], [117.74272949600004, 1.292152309000073], [117.74272961400004, 1.292152328000043], [117.7428804650001, 1.292204039000069], [117.7429510710001, 1.292081089000021], [117.74295463200008, 1.292076419000068], [117.74295471100004, 1.29207636600006], [117.74295476400005, 1.292076288000032], [117.74304941200012, 1.291982527000073], [117.74305656900003, 1.291977753000026], [117.74306057600006, 1.291976508000062], [117.74331623700004, 1.291922706000037], [117.74332082900003, 1.291922227000043], [117.74332884500006, 1.291923712000028], [117.74344450500007, 1.291968121000025], [117.74345197800005, 1.291963423000027], [117.74357872200005, 1.29191959000002], [117.7435790190001, 1.291919540000038], [117.74358021600005, 1.291919131000043], [117.7436727380001, 1.29189421600006], [117.74359229900006, 1.291834111000071], [117.74346177300004, 1.291784526000072], [117.74316821200011, 1.291677183000047], [117.74296848400002, 1.291662928000051], [117.74284793900006, 1.291663992000053], [117.74284784500003, 1.291663973000027], [117.74284774900002, 1.291663992000053], [117.7428449470001, 1.291663817000028], [117.7426561100001, 1.291639987000053], [117.74265031200002, 1.291638444000057], [117.74264302100005, 1.291633543000046], [117.74264159600011, 1.291631968000047], [117.74258224800008, 1.291559807000056], [117.74257880000005, 1.291554047000034], [117.74257872100009, 1.291553651000072], [117.74257852300002, 1.291553341000053], [117.74253164100003, 1.291427776000035], [117.74253152200004, 1.291427118000058], [117.74253055000008, 1.291423768000072], [117.7425173790001, 1.291348990000074], [117.74251703400012, 1.291345049000029], [117.74251753200008, 1.291340310000066], [117.74253387200008, 1.291263454000045], [117.74253508200002, 1.29125953800002], [117.74253825300002, 1.291254115000072], [117.74258457400003, 1.291195454000047], [117.74258627200004, 1.291193538000073], [117.74259048800002, 1.291190202000053], [117.74266957900011, 1.291141785000036], [117.742669782, 1.291141680000067], [117.74266988600004, 1.29114160000006], [117.74274770300008, 1.291095656000039], [117.7428556110001, 1.29101143500003], [117.74285939800006, 1.291009221000024], [117.74286019800002, 1.291008666000039], [117.7429638110001, 1.290961976000062], [117.7429641120001, 1.290961911000068], [117.74296438800002, 1.290961725000045], [117.74296988100002, 1.290960219000056], [117.74308713800008, 1.290943717000061], [117.7430902430001, 1.290943499000036], [117.74309268000002, 1.290943631000061], [117.74324267000009, 1.290960055000028], [117.74324271000012, 1.290960066000025], [117.743242817, 1.290960072000075], [117.74350189100005, 1.290990187000034], [117.74350334600001, 1.290990567000051], [117.7435050690001, 1.290990792000059], [117.7436387030001, 1.291026434000059], [117.74364154000011, 1.29102739800004], [117.74364205600011, 1.291027746000054], [117.74364258500009, 1.291027865000046], [117.74377515100002, 1.29109121800002], [117.74397889500005, 1.291176759000052], [117.74410908000004, 1.291183236000052], [117.74411250700007, 1.291184010000052], [117.74411562600005, 1.291184561000023], [117.74424370100007, 1.291231268000047], [117.7442441070001, 1.291231528000026], [117.74424463900004, 1.291231634000042], [117.744251931, 1.291236534000063], [117.74425485000006, 1.291240149000032], [117.74433844200007, 1.291368742000031], [117.7443403960001, 1.291372463000073], [117.74434210900006, 1.291381118000061], [117.74434200400003, 1.291383306000057], [117.74433007000005, 1.291507234000051], [117.74432846700006, 1.291513700000053], [117.74432731600007, 1.291516091000062], [117.74424722000003, 1.291660243000024], [117.74424350200002, 1.29166519100005], [117.74424304900003, 1.291665496000064], [117.744242772, 1.291665894000062], [117.744190408, 1.291714091000074], [117.74426234100008, 1.291714227000057], [117.74433902300007, 1.291709164000054], [117.74445581300006, 1.291647253000065], [117.74458675900007, 1.291560219000075], [117.74468400800004, 1.291459259000021], [117.744716519, 1.291367069000046], [117.74473949900005, 1.291257049000023], [117.74474072600003, 1.291253053000048], [117.74474559500004, 1.29124571400007], [117.74475288300005, 1.291240809000044], [117.74476148200006, 1.291239085000029], [117.74477008200006, 1.29124080400004], [117.74477737300003, 1.291245705000051], [117.74478224600011, 1.291253040000072], [117.74478395900007, 1.29126169500006], [117.74478347900003, 1.291266354000072], [117.74476018900009, 1.291377858000033], [117.74475947700012, 1.291380177000065], [117.74475937600005, 1.291380770000046], [117.7447247240001, 1.291479030000062], [117.7447244330001, 1.291479495000033], [117.74472431100003, 1.291480114000024], [117.7447196810001, 1.291487208000035], [117.74461732000009, 1.29159347500007], [117.74461717800011, 1.291593571000021], [117.74461708000001, 1.291593720000037], [117.74461356900008, 1.291596605000052], [117.744479651, 1.291685615000063], [117.7444782990001, 1.291686337000044], [117.7444777390001, 1.291686753000022], [117.7443557360001, 1.291751427000065], [117.74435387000005, 1.29175230900006], [117.74434673600001, 1.291753984000025], [117.74426452700004, 1.291759412000033], [117.7442638340001, 1.291759297000056], [117.74426301400001, 1.291759461000026], [117.74415641200005, 1.29175925900006], [117.7441478610001, 1.291757540000049], [117.74414516800005, 1.291755731000023], [117.74406000600004, 1.291834117000064], [117.74405344700006, 1.291838319000021], [117.74405065000008, 1.291839275000029], [117.74359258700008, 1.291962623000074], [117.74349145500003, 1.291997598000023], [117.74358353700006, 1.292090626000061], [117.74378078900008, 1.292245904000026], [117.74394338500008, 1.292297530000042], [117.74394521800002, 1.29229820200004], [117.743947251, 1.292299171000025], [117.7440680410001, 1.292364415000065], [117.7442227140001, 1.292355721000035], [117.74442353000006, 1.292329842000072], [117.74454783600004, 1.292308046000073], [117.74471555000002, 1.292237201000034], [117.74492938600008, 1.292107060000035], [117.74513330500008, 1.291883840000025], [117.74526755300008, 1.291712587000063], [117.745269301, 1.291710609000063], [117.74527482200006, 1.291706533000024], [117.74531908800009, 1.291683352000064], [117.7453194740001, 1.291681397000048], [117.74532289900003, 1.291675658000031], [117.74541106200002, 1.291568037000047], [117.74542654100003, 1.291534905000049]]], [[[117.74301434300003, 1.293581970000048], [117.74301448900007, 1.293582190000052], [117.74301620200004, 1.29359084400005], [117.74301530100001, 1.293595412000059], [117.74301564900009, 1.293600305000041], [117.74307995200002, 1.293681156000048], [117.7432256940001, 1.293750132000071], [117.74334295300002, 1.293775119000031], [117.74344020700005, 1.293776139000045], [117.7434855670001, 1.293763241000022], [117.74348463500007, 1.293760194000072], [117.74348363900003, 1.293753544000026], [117.74348534700005, 1.293744888000049], [117.74349021600005, 1.29373755000006], [117.74349750500005, 1.293732645000034], [117.74350610300007, 1.293730921000076], [117.74351470300007, 1.29373264000003], [117.74352199400005, 1.293737540000052], [117.74352686700001, 1.293744876000062], [117.74352758500004, 1.293746879000025], [117.74352882800008, 1.293750941000042], [117.74357642700011, 1.293737407000037], [117.74358252900004, 1.293736555000066], [117.74358462600003, 1.293736653000053], [117.7437884740001, 1.293755827000041], [117.74379497600012, 1.293757448000065], [117.74380026000006, 1.293760557000041], [117.74397730300007, 1.293900479000058], [117.74407154500011, 1.293953797000029], [117.74418531200001, 1.293942313000059], [117.74426874700009, 1.293875615000047], [117.74431851000008, 1.293715669000051], [117.74433764000003, 1.293560523000053], [117.74433783300003, 1.29355978600006], [117.74433795000004, 1.293558653000048], [117.744394682, 1.293287219000035], [117.74441346800006, 1.293129264000072], [117.74441339900011, 1.292893397000057], [117.74441371900002, 1.292889591000062], [117.74445823200006, 1.29262671400005], [117.74445849800009, 1.29262578700002], [117.74445859900004, 1.292624968000041], [117.74452572500002, 1.292357837000054], [117.74443074300007, 1.292374491000032], [117.74443010000005, 1.292374547000065], [117.7444297400001, 1.292374644000063], [117.74422762400002, 1.292400690000022], [117.74422629500009, 1.292400776000022], [117.74422602300001, 1.292400838000049], [117.74406423700009, 1.292409932000055], [117.74406365900006, 1.292409833000022], [117.74406299100008, 1.292409967000026], [117.74405439100008, 1.292408248000072], [117.74405235800009, 1.292407279000031], [117.74392785600003, 1.292340029000059], [117.74376338900004, 1.292287809000072], [117.7437615560001, 1.292287138000063], [117.74375630600002, 1.292284055000039], [117.7435547550001, 1.292125394000038], [117.74355271400009, 1.292123576000051], [117.74355270100011, 1.292123555000046], [117.7435526800001, 1.292123541000024], [117.74344814300002, 1.292017930000043], [117.7433189840001, 1.291968338000061], [117.74307623400011, 1.292019424000046], [117.74298845800001, 1.292106377000039], [117.74292102700008, 1.29222379700002], [117.74298811200003, 1.292321762000029], [117.74317153200002, 1.292516816000045], [117.74317161500005, 1.292516944000056], [117.74317171900009, 1.292517018000069], [117.74327961300003, 1.292634590000034], [117.74328083900002, 1.292636519000041], [117.74328320100005, 1.29263981500003], [117.74332816900005, 1.292730267000024], [117.7433283370001, 1.292730982000023], [117.7433288310001, 1.292731726000056], [117.74333054400006, 1.292740381000044], [117.7433304330001, 1.292742631000067], [117.74332147100006, 1.292833099000063], [117.743319874, 1.292839504000028], [117.74331568000002, 1.292846132000022], [117.74321684100005, 1.292954719000022], [117.743216458, 1.292954990000055], [117.74321616600002, 1.292955429000074], [117.74321205400008, 1.292958700000042], [117.74309687100003, 1.293030088000023], [117.74295036700005, 1.293160270000044], [117.74292731300011, 1.293237698000041], [117.74300602700009, 1.29347513700003], [117.74300647700011, 1.293477920000043], [117.74300712500008, 1.293480678000037], [117.74301434300003, 1.293581970000048]]], [[[117.74361139700011, 1.291793098000028], [117.74361176500008, 1.291793171000052], [117.74361656700012, 1.291795909000029], [117.74371203300007, 1.29186724300007], [117.74371452300011, 1.291869405000057], [117.74371939600007, 1.291876741000067], [117.74372031900009, 1.291881404000037], [117.74403373000007, 1.29179700800006], [117.74420976600004, 1.291634978000047], [117.74428579300002, 1.291498151000042], [117.74429651100002, 1.291386855000042], [117.74422134600002, 1.29127122500006], [117.74410349000004, 1.29122824500007], [117.74397275600006, 1.291221741000072], [117.74396527300007, 1.29122004900006], [117.74396524600002, 1.291220032000069], [117.74396521500012, 1.29122002500003], [117.74375735000001, 1.291132755000035], [117.74375686000008, 1.291132425000058], [117.7437563630001, 1.291132312000059], [117.74362518400005, 1.291069622000066], [117.7434951250001, 1.291034934000038], [117.7432377350001, 1.291005014000064], [117.74309059500001, 1.290988903000027], [117.74297926400004, 1.29100457100003], [117.742881022, 1.29104884100002], [117.74277409500007, 1.291132297000047], [117.74277289400004, 1.29113299900007], [117.7427716950001, 1.291133932000037], [117.74269278000008, 1.291180524000026], [117.74261726500004, 1.291226753000046], [117.74257671500004, 1.29127810500006], [117.74256239800002, 1.291345449000062], [117.74257444000011, 1.291413818000024], [117.742619267, 1.291533883000056], [117.7426705370001, 1.29159622100002], [117.74284904700005, 1.291618748000076], [117.74296898500006, 1.291617690000066], [117.74296995400005, 1.291617879000057], [117.74297077100005, 1.291617746000043], [117.7431745230001, 1.291632287000027], [117.74317826600009, 1.291633175000072], [117.74318060700011, 1.29163359000006], [117.74347725100006, 1.291742061000036], [117.74347735900005, 1.291742130000046], [117.74347751300002, 1.291742158000034], [117.7436111070001, 1.291792909000037], [117.74361139700011, 1.291793098000028]]], [[[117.745642771, 1.295155113000021], [117.74572662000003, 1.295155088000058], [117.74589739100009, 1.295136945000024], [117.74605017600004, 1.295082620000073], [117.74611846900007, 1.295166581000046], [117.74618902800012, 1.29516202700006], [117.746185018, 1.295145906000073], [117.7461939960001, 1.295109717000059], [117.74629286100003, 1.295091595000031], [117.74635577100003, 1.295064437000065], [117.74643665000008, 1.295010134000051], [117.74646357800009, 1.294883475000063], [117.74636469300003, 1.29483827200005], [117.74619385000005, 1.294612160000042], [117.74605900800009, 1.294548874000043], [117.74587031500005, 1.294515903000047], [117.7458156780001, 1.294491145000052], [117.74562905500011, 1.294437132000041], [117.74557297000001, 1.294366260000061], [117.74551024200002, 1.294223740000064], [117.74549602400009, 1.293944865000071], [117.74549231200001, 1.293928699000048], [117.74546845000009, 1.293987658000049], [117.74546841500012, 1.293987711000057], [117.74546840300002, 1.293987775000062], [117.74546648400008, 1.293991446000064], [117.74535295100009, 1.294167356000059], [117.74534439700005, 1.294323162000069], [117.74535325900001, 1.294579644000066], [117.7456112970001, 1.29510762700005], [117.745642771, 1.295155113000021]]], [[[117.74539991200004, 1.291652750000026], [117.74545882000007, 1.291639152000073], [117.7454601710001, 1.29163578500004], [117.7454376600001, 1.291606672000057], [117.74539991200004, 1.291652750000026]]], [[[117.74353706300008, 1.29637249700005], [117.74353217300006, 1.296352137000042], [117.74354254500008, 1.296395738000058], [117.74353706300008, 1.29637249700005]]]]}},
{"type": "Feature", "properties": {"ba_code": "4321", "blockid": "4321F23P06", "division": "04"}, "geometry": {"type": "MultiPolygon", "coordinates": [[[[117.78137727600006, 1.276754786000026], [117.77941923800006, 1.276763841000047], [117.77932626400002, 1.279798915000072], [117.77920578600003, 1.28119403200003], [117.77920318600002, 1.282338569000046], [117.77943281900002, 1.284246667000048], [117.77946904300006, 1.285808485000075], [117.78077332400005, 1.285845677000054], [117.78196929900002, 1.285823038000046], [117.78194765400008, 1.282747158000063], [117.78198562900002, 1.28166651500004], [117.78201780200004, 1.279760750000037], [117.78194124100003, 1.276771569000061], [117.78137727600006, 1.276754786000026]]]]}},
{"type": "Feature", "properties": {"ba_code": "4321", "blockid": "4321J34P07", "division": "03"}, "geometry": {"type": "MultiPolygon", "coordinates": [[[[117.80939924200004, 1.240838902000064], [117.80946714600009, 1.243374750000044], [117.80949239300003, 1.245501250000075], [117.80949930800011, 1.246522698000035], [117.81214209500001, 1.246848589000024], [117.81208657500008, 1.240482389000022], [117.81188965900003, 1.240503686000068], [117.81166495500008, 1.240485662000026], [117.811431233, 1.240368132000071], [117.8111975160001, 1.240268694000065], [117.81094583200002, 1.240196401000048], [117.81080264500008, 1.240182934000075], [117.81049302600002, 1.240188586000045], [117.81042453200007, 1.240196561000062], [117.81018186600011, 1.240223775000061], [117.8099751960001, 1.240395720000038], [117.80974157300011, 1.240603858000043], [117.8095798280001, 1.240730557000063], [117.8095708400001, 1.240730560000031], [117.80939924200004, 1.240838902000064]]], [[[117.81011991800005, 1.240195396000047], [117.80938237100008, 1.240208857000027], [117.80939584600003, 1.240712075000033], [117.80940904900001, 1.240703471000074], [117.80963370400002, 1.240558660000033], [117.80985834700004, 1.240377663000061], [117.81001109500005, 1.240223828000069], [117.81011991800005, 1.240195396000047]]], [[[117.81204924700012, 1.240160181000022], [117.81117289500003, 1.240176176000034], [117.81121546700001, 1.240187271000025], [117.8114132290001, 1.240277674000026], [117.81142222000005, 1.24028671700006], [117.81163796900012, 1.240413300000057], [117.81187166600012, 1.240449413000022], [117.81205019800007, 1.240443913000036], [117.81204924700012, 1.240160181000022]]]]}},
{"type": "Feature", "properties": {"ba_code": "4321", "blockid": "4321L36P08", "division": "03"}, "geometry": {"type": "MultiPolygon", "coordinates": [[[[117.81485171600002, 1.22438500800007], [117.81483138600004, 1.224416132000044], [117.81482176300005, 1.231114467000054], [117.81745090600009, 1.231099602000029], [117.81737585500002, 1.222162368000056], [117.81581433200006, 1.222157659000061], [117.81579492000003, 1.222209759000066], [117.81579492600008, 1.222211665000032], [117.8157794120001, 1.222249850000026], [117.81578465100006, 1.222306159000027], [117.81581747100006, 1.222353147000035], [117.81583389200011, 1.22240004300005], [117.815853779, 1.222439486000042], [117.81585827200001, 1.222486493000019], [117.81586471300011, 1.222527369000034], [117.81587073700007, 1.222569836000048], [117.81588168200005, 1.222607565000033], [117.81588793100002, 1.222640279000075], [117.81590748800011, 1.222685173000059], [117.8159361270001, 1.222716748000039], [117.81598201300005, 1.22281639800002], [117.81600385900003, 1.22285830800007], [117.81602596900007, 1.222895855000047], [117.81606297300004, 1.222929921000059], [117.81609829400008, 1.222956916000044], [117.81612235800003, 1.222986961000061], [117.81612869300011, 1.223027604000038], [117.81615295900008, 1.223060350000026], [117.81618754300007, 1.223098576000041], [117.81621699000004, 1.223142538000047], [117.81625010700009, 1.223186501000043], [117.81627846800006, 1.223231057000021], [117.81631043300001, 1.223255247000054], [117.81638289600005, 1.223311458000069], [117.8163402240001, 1.223314752000022], [117.8163101990001, 1.223323858000072], [117.81626446900009, 1.223316908000072], [117.81621626100002, 1.223313039000061], [117.81617075600002, 1.223324773000058], [117.81611571700012, 1.223325256000066], [117.81606171800001, 1.22332222700004], [117.81601655700001, 1.223320689000047], [117.81596991000004, 1.223325329000033], [117.81592525400004, 1.223322035000024], [117.81587355700003, 1.223318533000054], [117.81582969500005, 1.223323012000037], [117.81571093100001, 1.223326205000035], [117.81566764900003, 1.223327028000028], [117.81558072100006, 1.223323395000023], [117.81553153000004, 1.223326392000047], [117.81547761200011, 1.223329849000038], [117.81542552400003, 1.223337757000024], [117.81538127600004, 1.223327855000036], [117.81534318400008, 1.223323312000048], [117.81529236300003, 1.223333703000037], [117.81523447500001, 1.223332988000038], [117.8151708910001, 1.223336870000026], [117.81510878300003, 1.223340332000021], [117.81505019400004, 1.223342738000042], [117.81499700800009, 1.223339643000031], [117.81495659300003, 1.223334872000066], [117.81493835700007, 1.223391304000074], [117.81493852000006, 1.22345924800004], [117.81489368700011, 1.223506250000071], [117.81482859900007, 1.223508200000026], [117.81478219500002, 1.223523543000056], [117.81474950600011, 1.223571854000056], [117.8147619, 1.223651430000075], [117.81476966500009, 1.223690763000036], [117.81477746400003, 1.223753582000029], [117.81479175100003, 1.223800452000035], [117.81481414500001, 1.223843277000071], [117.81481532700002, 1.223888521000049], [117.81481294700006, 1.223989156000073], [117.81483816200011, 1.224051707000058], [117.81488929600005, 1.224058795000076], [117.81490467000003, 1.224085416000037], [117.8148831740001, 1.224116866000031], [117.81488252500003, 1.224161853000055], [117.81491393400006, 1.224187863000054], [117.81491645900007, 1.224221941000053], [117.81491955500007, 1.224238171000025], [117.8149145640001, 1.224266373000034], [117.81490087600002, 1.224307340000053], [117.81489603500006, 1.224353697000026], [117.81486247100008, 1.224379216000045], [117.81485171600002, 1.22438500800007]]]]}},
{"type": "Feature", "properties": {"ba_code": "4321", "blockid": "4321F20P07", "division": "04"}, "geometry": {"type": "MultiPolygon", "coordinates": [[[[117.77393314300002, 1.284091480000029], [117.77387134700007, 1.276761127000043], [117.77299243400012, 1.276796115000025], [117.77113296800007, 1.276786746000028], [117.77113154000006, 1.278946891000032], [117.77110234400004, 1.279915838000022], [117.77118064500007, 1.28211552800002], [117.77115967800012, 1.282772052000041], [117.77116580400002, 1.284497243000033], [117.7711477250001, 1.28605718600005], [117.77237452300005, 1.286060862000056], [117.77327351300005, 1.286032782000063], [117.77392436900004, 1.285960672000044], [117.77393314300002, 1.284091480000029]]]]}},
{"type": "Feature", "properties": {"ba_code": "4321", "blockid": "4321J31P06", "division": "03"}, "geometry": {"type": "MultiPolygon", "coordinates": [[[[117.80251718500006, 1.24215206100007], [117.8012489780001, 1.242153144000042], [117.80079573400008, 1.242154583000058], [117.80094747100009, 1.247262392000039], [117.80098931500004, 1.247246583000049], [117.80121400400003, 1.24721032900004], [117.80148364800004, 1.24722833900006], [117.80168137900012, 1.247210186000075], [117.80187910900008, 1.247192032000044], [117.80190607000009, 1.247182978000069], [117.80205885700002, 1.247155792000058], [117.80224758500003, 1.247092409000061], [117.80236436900009, 1.246893353000075], [117.80243621200009, 1.246694311000056], [117.80249907300004, 1.246513364000066], [117.80258888500009, 1.246287177000056], [117.802714648, 1.246060979000049], [117.80278650800005, 1.245916215000022], [117.80287632400007, 1.245708121000064], [117.802939175, 1.245490988000029], [117.80310990200007, 1.245346194000035], [117.80334356700007, 1.24527375100007], [117.80359521700007, 1.245228442000041], [117.80381989700004, 1.245165049000036], [117.80387972100004, 1.245110275000059], [117.80381690700005, 1.242152156000031], [117.80251718500006, 1.24215206100007]]], [[[117.80095022900002, 1.247355255000059], [117.80101276900007, 1.249460414000055], [117.8039594600001, 1.249337398000023], [117.80388465900012, 1.245342796000045], [117.8038816290001, 1.245200127000032], [117.80386485000008, 1.245210267000061], [117.80359523300001, 1.245282720000034], [117.8034154820001, 1.245309915000064], [117.80337953000003, 1.245309926000061], [117.8032267540001, 1.245373297000071], [117.80303804200003, 1.245490958000062], [117.80294824200007, 1.24575333000007], [117.80290334600011, 1.245898086000068], [117.80277758300008, 1.246124284000075], [117.8026697900001, 1.246332384000027], [117.80257099100004, 1.246558574000062], [117.80249016200003, 1.246766665000052], [117.80240036200007, 1.247029038000051], [117.80225659300004, 1.247155731000021], [117.80201393400012, 1.247210084000073], [117.80181620600001, 1.24723728400005], [117.80156455400004, 1.247273546000031], [117.80133086400008, 1.247264571000073], [117.80124098400006, 1.247264599000061], [117.80102528600003, 1.247309897000036], [117.80095022900002, 1.247355255000059]]]]}},
{"type": "Feature", "properties": {"ba_code": "4321", "blockid": "4321F19P07", "division": "04"}, "geometry": {"type": "MultiPolygon", "coordinates": [[[[117.77111221100006, 1.284497147000025], [117.77110461900008, 1.282775574000027], [117.77113932100008, 1.282112901000062], [117.77105079400008, 1.279923052000072], [117.77108702400005, 1.278955591000056], [117.7710733890001, 1.276788474000057], [117.76977752500011, 1.276734631000068], [117.76831252900001, 1.276695158000052], [117.76824799500002, 1.278821074000064], [117.76830216500002, 1.280022318000022], [117.76838735900003, 1.281663485000024], [117.76860056900011, 1.284827247000067], [117.76868502900004, 1.286020877000055], [117.76944447500011, 1.286037843000031], [117.77106628000001, 1.286053960000061], [117.77111221100006, 1.284497147000025]]]]}},
{"type": "Feature", "properties": {"ba_code": "4321", "blockid": "4321E27P07", "division": "04"}, "geometry": {"type": "MultiPolygon", "coordinates": [[[[117.79065900900002, 1.293689943000061], [117.79343413100003, 1.293562489000067], [117.79340553400004, 1.292998795000074], [117.79322764500012, 1.285862078000036], [117.79167410900004, 1.285868442000037], [117.79052137400004, 1.28587439000006], [117.79064271900006, 1.293183296000052], [117.79065900900002, 1.293689943000061]]]]}},
{"type": "Feature", "properties": {"ba_code": "4321", "blockid": "4321F11P16", "division": "06"}, "geometry": {"type": "MultiPolygon", "coordinates": [[[[117.74771409300001, 1.28593005700003], [117.74771584900009, 1.285911737000049], [117.74772438500008, 1.285908555000049], [117.74772135300009, 1.285914889000026], [117.74873715300009, 1.285909953000044], [117.74873491100004, 1.284811245000071], [117.74873310300006, 1.284811132000073], [117.74873204900007, 1.281185849000053], [117.74873673700006, 1.281185075000053], [117.74873621100005, 1.279369981000059], [117.74866274300007, 1.279269210000052], [117.74865904600006, 1.279262604000053], [117.74865739900008, 1.279257356000073], [117.74862139900006, 1.279094530000066], [117.74862064800004, 1.279087661000062], [117.74862303900011, 1.279075544000023], [117.7486296300001, 1.279065610000032], [117.74862961200006, 1.279006240000058], [117.7486298660001, 1.279004954000072], [117.74862969800006, 1.279003901000067], [117.74864737300004, 1.278762782000058], [117.74863875300002, 1.278693537000038], [117.7486385090001, 1.278689610000072], [117.74863944600008, 1.278681931000051], [117.74868411300008, 1.278501879000032], [117.74873587900004, 1.278226043000075], [117.74881913700005, 1.277848336000034], [117.74883513600003, 1.277778466000029], [117.74883503800004, 1.277439892000075], [117.74892042300007, 1.277273266000066], [117.74899506500003, 1.276886302000037], [117.74889889300005, 1.276682110000024], [117.74882947300011, 1.276660634000052], [117.748735452, 1.276750626000023], [117.74870968700009, 1.276783060000071], [117.7486737480001, 1.276828302000069], [117.7486310920001, 1.276882001000047], [117.74862877200007, 1.276884611000071], [117.7486185680001, 1.276891477000049], [117.74861000400006, 1.276893696000059], [117.74844991200007, 1.27691164700002], [117.74837068400007, 1.276929392000056], [117.74836385900005, 1.276930148000019], [117.74835182000004, 1.276927741000065], [117.74834809600009, 1.276925892000065], [117.74817729200004, 1.276826430000028], [117.74817493800003, 1.276824611000052], [117.74817059000009, 1.276823086000036], [117.74816767300001, 1.27683786800003], [117.74822004700002, 1.276925667000057], [117.74818414700007, 1.277106607000064], [117.74833696400003, 1.27716988800006], [117.74842383400005, 1.277315650000048], [117.74842391200002, 1.277583986000025], [117.74840075200007, 1.277665660000025], [117.7482472580001, 1.277776029000051], [117.7479323660001, 1.278040298000064], [117.74790303500004, 1.278089809000051], [117.74788550700009, 1.278119399000047], [117.74787497500006, 1.278147734000072], [117.74786262500004, 1.278168880000067], [117.74784842100007, 1.278188782000029], [117.74783388100002, 1.278211122000073], [117.74781554300012, 1.278237502000025], [117.74764745700008, 1.278208385000028], [117.74778887000002, 1.277812350000033], [117.74760903600009, 1.277568147000068], [117.74751014200001, 1.27748675700002], [117.74746516700009, 1.277369166000028], [117.74742017400001, 1.277188250000052], [117.74718641800007, 1.276971202000027], [117.74721332800004, 1.276781218000053], [117.74724923400004, 1.276700537000067], [117.74710544600009, 1.27669983100003], [117.7470875030001, 1.276817441000048], [117.7469796580001, 1.276862705000042], [117.74680888700004, 1.276880847000029], [117.74658423500011, 1.27706184300007], [117.74679518500011, 1.27719946000002], [117.74690535500008, 1.27737442900002], [117.74704449800004, 1.277526056000056], [117.74715464600001, 1.277625191000027], [117.7471417590001, 1.277948237000032], [117.74704290500006, 1.27800254400006], [117.74701571100002, 1.278191069000059], [117.74702155600005, 1.278360236000026], [117.74700421900002, 1.278535242000032], [117.74700426100003, 1.278681077000044], [117.74704317400005, 1.278934333000052], [117.74706360700009, 1.279091648000076], [117.74707019900006, 1.279142395000065], [117.74698111400005, 1.279189208000048], [117.746863501, 1.279251013000021], [117.74679460800007, 1.279302895000058], [117.74671920600008, 1.279354815000033], [117.74664960500002, 1.279396874000042], [117.7466062950001, 1.27941323500005], [117.74656219700012, 1.279376659000036], [117.74651797600006, 1.279337884000029], [117.74650399400002, 1.279323491000071], [117.74619848100008, 1.279622114000063], [117.7458389740001, 1.279694592000055], [117.74562837000008, 1.279603140000063], [117.74559624000005, 1.279513733000044], [117.74557445100004, 1.27942521500006], [117.74559617000011, 1.279269477000071], [117.745658993, 1.278943785000024], [117.74587468100003, 1.278844210000045], [117.74598250600002, 1.278726574000075], [117.74606338100011, 1.278663225000059], [117.74615841000002, 1.278538002000062], [117.7461797090001, 1.278411676000076], [117.74615836600003, 1.278385155000024], [117.74613898900009, 1.278331989000037], [117.74611493000009, 1.278266434000045], [117.74609921900003, 1.278265169000065], [117.74605056300004, 1.278257867000036], [117.74600480800007, 1.278252417000033], [117.74596680800005, 1.278246964000061], [117.74598540700003, 1.27820403100003], [117.74601020600005, 1.278147046000072], [117.74617998800011, 1.277830913000059], [117.74623383300002, 1.277541410000026], [117.74602707600002, 1.277441959000043], [117.7459461300001, 1.277261052000028], [117.74606293500005, 1.277116274000036], [117.74634408000009, 1.27669699300003], [117.74560299300003, 1.27668975000006], [117.74548745200002, 1.276918681000041], [117.74548736000008, 1.276966959000049], [117.7456494700001, 1.277089256000068], [117.74566751400005, 1.277324459000056], [117.74554174200011, 1.27754161200005], [117.74550348600008, 1.27761225200004], [117.74517966200006, 1.278022333000024], [117.74494940800002, 1.278114629000072], [117.74453631800009, 1.278390700000045], [117.7442542550001, 1.278346051000028], [117.74432356900002, 1.27846102500007], [117.74439774600012, 1.278575998000065], [117.7444702570001, 1.278698226000074], [117.7445913790001, 1.278883618000066], [117.74466650300008, 1.278998605000027], [117.74488210000004, 1.279272877000039], [117.74509131400009, 1.279394033000074], [117.74550472400006, 1.280024689000072], [117.74566836000008, 1.28025552400004], [117.74583921200008, 1.280517823000025], [117.74608193000006, 1.280644403000053], [117.74626173100012, 1.280771001000062], [117.74641458000008, 1.280942840000023], [117.74650456200004, 1.281286580000028], [117.74670235000008, 1.281449359000021], [117.74680862600007, 1.281461212000067], [117.74697257500009, 1.282219204000057], [117.74724187800007, 1.282263385000022], [117.74735874900011, 1.282344769000076], [117.74750260200005, 1.282489471000019], [117.74754756700008, 1.282570876000023], [117.74757458400006, 1.282751798000049], [117.74766451100004, 1.282905562000053], [117.7475926520001, 1.283068420000063], [117.74751182700004, 1.283303653000075], [117.74744897800008, 1.283538880000037], [117.7473052580001, 1.283855549000066], [117.74737588500011, 1.284053389000064], [117.74731627200003, 1.284026352000069], [117.74725813100008, 1.284024443000021], [117.74722688200006, 1.284037934000025], [117.74721383300005, 1.284043567000026], [117.74720817600007, 1.284163862000071], [117.74715129800006, 1.284284172000071], [117.74713993400007, 1.284350050000057], [117.74715132900008, 1.284393009000041], [117.74719686800006, 1.284421637000037], [117.74718551, 1.28450470000007], [117.74715991500011, 1.284562746000063], [117.74714286000005, 1.284627870000065], [117.74712865100003, 1.284693749000041], [117.74719299100002, 1.284747247000041], [117.74722240000006, 1.284804030000032], [117.7472453690001, 1.28484837700006], [117.74729945800004, 1.284922829000038], [117.7473785950001, 1.284984610000038], [117.74734501500006, 1.285011603000044], [117.747296774, 1.28502312300003], [117.74727101700012, 1.284977256000047], [117.74721978800005, 1.28495149400004], [117.74707745600006, 1.284788280000043], [117.74703759700003, 1.284719553000059], [117.74700758400002, 1.284606837000069], [117.74696928000003, 1.284647970000037], [117.74691523800004, 1.284736774000066], [117.74682133200008, 1.284742530000074], [117.74675872600005, 1.284736820000035], [117.74666482700002, 1.284768353000061], [117.74660218400004, 1.284760620000043], [117.74657111700003, 1.284865837000041], [117.74649669300004, 1.284899155000062], [117.74638917900006, 1.284903348000057], [117.74629406800011, 1.284899214000063], [117.74620722100008, 1.284870106000028], [117.74611623400006, 1.284828512000047], [117.74601818300005, 1.284779955000033], [117.74601282000003, 1.284761264000053], [117.7460074490001, 1.284734277000041], [117.74603961000003, 1.284680292000075], [117.74609808100001, 1.284613798000066], [117.74614596600009, 1.28450723800006], [117.74632572300004, 1.284480046000056], [117.74640974600004, 1.284528762000036], [117.74646058300004, 1.28460665700004], [117.74647858800006, 1.284706163000067], [117.74648873800004, 1.284702417000062], [117.7465421170001, 1.284682717000067], [117.74661236800011, 1.284520378000025], [117.74662473800004, 1.284395514000039], [117.74660815300001, 1.284245687000066], [117.74656263700001, 1.28414581200002], [117.74642447000008, 1.284054831000049], [117.74621767500003, 1.283828730000039], [117.74593909000009, 1.284000695000032], [117.74593406200006, 1.284058595000033], [117.74590098700003, 1.284079415000065], [117.74581328900001, 1.284118336000063], [117.74573239800009, 1.284127407000028], [117.74575214300012, 1.284158537000053], [117.74576042400008, 1.284195992000036], [117.74571445000004, 1.284226923000062], [117.7456984260001, 1.284300061000067], [117.74565707500005, 1.284304235000036], [117.7455909150001, 1.284312578000026], [117.74557022700003, 1.284270964000029], [117.74552885500009, 1.28420438400002], [117.74550770600001, 1.28417270500006], [117.7454448090001, 1.284245095000074], [117.74549168100009, 1.284350065000069], [117.74549173700007, 1.284545680000065], [117.74547189700002, 1.284670273000074], [117.74540002800006, 1.284796945000039], [117.7454339410001, 1.284878657000036], [117.74545051700011, 1.284999350000021], [117.74543606700001, 1.285095469000055], [117.74543608600004, 1.28515879400004], [117.74547207600006, 1.285189825000032], [117.745492764, 1.285215071000039], [117.74555797300002, 1.285212288000025], [117.74561489700011, 1.285198280000031], [117.74563766900008, 1.285221187000047], [117.74564283300003, 1.285222059000034], [117.74575071000004, 1.285285353000063], [117.74578667900005, 1.285339621000048], [117.74573274900001, 1.28533963700005], [117.7458226550001, 1.28542102900002], [117.7457777300001, 1.285475321000035], [117.7455440540001, 1.285538716000076], [117.74553240500006, 1.285545741000021], [117.74552907800012, 1.285633453000059], [117.74553915500007, 1.285707666000064], [117.74555928400002, 1.28577175700002], [117.74554413600003, 1.285819157000049], [117.7456129420001, 1.28587294600004], [117.745759872, 1.285882419000075], [117.74569250000002, 1.285927653000044], [117.74685059500007, 1.28592362400002], [117.74703531000011, 1.285760855000035], [117.7472449390001, 1.285807539000075], [117.74766744500005, 1.286027508000075], [117.74771409300001, 1.28593005700003]], [[117.7482521820001, 1.284767490000036], [117.74824694300003, 1.284761856000046], [117.74825506000002, 1.284762988000068], [117.7482521820001, 1.284767490000036]], [[117.74639474100002, 1.285641991000034], [117.74630082800002, 1.285621970000022], [117.74619270800008, 1.285628429000042], [117.74616992500012, 1.285616280000056], [117.746206873, 1.285572869000021], [117.74624130400002, 1.285493221000024], [117.74628082900006, 1.285349883000038], [117.74627798200004, 1.285344156000065], [117.74627557500003, 1.285326473000055], [117.74624845100004, 1.285302061000039], [117.74625234400003, 1.285252511000067], [117.74611919900008, 1.285185733000048], [117.74605028100007, 1.28518383200003], [117.74599336100005, 1.285176724000053], [117.74596053800008, 1.285131328000034], [117.74593604000006, 1.285097445000019], [117.74592442500011, 1.285077048000062], [117.74582787100007, 1.284996113000034], [117.74576892000005, 1.284974285000033], [117.74560678800003, 1.284905442000024], [117.74558691900006, 1.284795372000076], [117.7455977190001, 1.284625003000031], [117.74572249500011, 1.28465714500004], [117.74582259300007, 1.284682929000041], [117.7458824580001, 1.284708936000072], [117.74594070400008, 1.284784613000056], [117.74597953500006, 1.284833437000032], [117.74604506100002, 1.284982555000056], [117.74605310900006, 1.28499604700005], [117.74623600600012, 1.285050001000059], [117.74632592000012, 1.285158533000072], [117.74632725000004, 1.285244651000028], [117.74644280900009, 1.285303242000055], [117.74643733200003, 1.285315468000022], [117.74657765900008, 1.28539366800004], [117.74662266500002, 1.285619817000054], [117.74647157700008, 1.285650561000068], [117.74639474100002, 1.285641991000034]]], [[[117.74869253700001, 1.279031361000023], [117.74870811000005, 1.278794862000041], [117.74869253000008, 1.279007393000029], [117.74869253700001, 1.279031361000023]]], [[[117.74869253700001, 1.279031361000023], [117.74869016200012, 1.279099758000029], [117.74869255300007, 1.279087640000057], [117.74869253700001, 1.279031361000023]]], [[[117.74870811000005, 1.278794862000041], [117.74871035000001, 1.278764300000034], [117.74871029500002, 1.278763953000066], [117.74870811000005, 1.278794862000041]]], [[[117.74871018200008, 1.278763247000029], [117.74871029500002, 1.278763953000066], [117.74871043500002, 1.278761961000043], [117.74871018200008, 1.278763247000029]]]]}},
{"type": "Feature", "properties": {"ba_code": "4321", "blockid": "4321F24P06", "division": "04"}, "geometry": {"type": "MultiPolygon", "coordinates": [[[[117.78476011300006, 1.276894521000031], [117.78467560500007, 1.276735642000062], [117.78200121400005, 1.276767294000024], [117.78207578700005, 1.279755102000024], [117.78204546200004, 1.281665844000031], [117.78200523700002, 1.282746240000051], [117.78203162700004, 1.285828751000054], [117.7840447530001, 1.285819141000047], [117.7848791460001, 1.285808564000035], [117.78472036500011, 1.282027429000038], [117.78476011300006, 1.276894521000031]]]]}},
{"type": "Feature", "properties": {"ba_code": "4321", "blockid": "4321L34P08", "division": "03"}, "geometry": {"type": "MultiPolygon", "coordinates": [[[[117.81206032900002, 1.226768536000066], [117.81205626600001, 1.226771263000046], [117.81204997900011, 1.226774078000062], [117.81204668200007, 1.226831347000029], [117.81204221400003, 1.226887615000066], [117.81201188800003, 1.226925062000021], [117.81198536300008, 1.226924276000034], [117.81196791100001, 1.226915759000065], [117.81191421100004, 1.226905834000036], [117.81186724600002, 1.226917293000042], [117.811829482, 1.226917986000046], [117.81179229000008, 1.226925516000051], [117.81175255700009, 1.226944532000061], [117.81174023400001, 1.226953536000053], [117.811690859, 1.226979941000025], [117.8116685220001, 1.227006232000065], [117.8116504080001, 1.227051848000031], [117.8116338860001, 1.227075242000069], [117.81163663400002, 1.22708708600004], [117.81163752100008, 1.22710530400002], [117.81160658500005, 1.227104651000047], [117.81158201500011, 1.227116930000022], [117.81155252500002, 1.227117926000062], [117.81152693900003, 1.227128096000058], [117.81151539300004, 1.22713049400005], [117.81150273800006, 1.227129077000029], [117.8114871470001, 1.227124606000075], [117.8114613680001, 1.227119612000024], [117.81145509500004, 1.227106677000052], [117.81143474900011, 1.227088648000063], [117.81140063500004, 1.227080584000021], [117.81138510300002, 1.227057581000054], [117.81136997800002, 1.227024242000027], [117.81133826300004, 1.226987953000048], [117.81132630000002, 1.226944451000065], [117.8113003840001, 1.226910349000036], [117.81126677600002, 1.226884705000032], [117.81123087100002, 1.226855218000026], [117.81119154700002, 1.226825007000059], [117.81115767100005, 1.226792194000041], [117.81112796500008, 1.226755987000047], [117.81110031900005, 1.226721571000041], [117.81108574400002, 1.226681275000033], [117.81105355200009, 1.226653895000027], [117.81098691400007, 1.226598926000065], [117.81096399500007, 1.226588893000041], [117.81092631700005, 1.226587657000039], [117.81088288700005, 1.226587099000028], [117.81082797900001, 1.22658997800005], [117.81077688000005, 1.226583934000075], [117.81072191200008, 1.226570411000068], [117.81067121300009, 1.22656220500005], [117.81062554500011, 1.226559938000037], [117.81057720800004, 1.22655157500003], [117.81052473300008, 1.226550935000034], [117.81047083300007, 1.226546351000025], [117.81041513500008, 1.226532439000039], [117.81036128200003, 1.226525965000064], [117.81030790400007, 1.226519363000023], [117.81025658300007, 1.226521472000059], [117.81020509200005, 1.22652339800004], [117.81015699800002, 1.226522558000056], [117.81010324300007, 1.226526854000042], [117.81005589400002, 1.226534080000022], [117.81000626800005, 1.226550230000043], [117.80999347900001, 1.226567223000075], [117.80993697200006, 1.226582121000035], [117.80988255800003, 1.22659632500006], [117.80982610800004, 1.226608354000064], [117.80978681600004, 1.226617145000034], [117.80974205900009, 1.226633223000022], [117.809687359, 1.22664958200005], [117.80963626500011, 1.226671037000074], [117.80958520000001, 1.226694089000034], [117.80954345300006, 1.226722703000064], [117.80950199800009, 1.226753769000027], [117.80946302300003, 1.226777936000076], [117.80943168300007, 1.226794236000046], [117.80938704500011, 1.22680791800002], [117.80937832900008, 1.226812891000066], [117.80937786900006, 1.226977903000034], [117.8093974840001, 1.231134976000021], [117.81206043100008, 1.231132831000025], [117.81206194000004, 1.226911732000076], [117.81206032900002, 1.226768536000066]]]]}},
{"type": "Feature", "properties": {"ba_code": "4321", "blockid": "4321H28P06", "division": "02"}, "geometry": {"type": "MultiPolygon", "coordinates": [[[[117.79571354500001, 1.267402652000044], [117.7956452200001, 1.262654574000067], [117.79561977300011, 1.258845836000035], [117.79473947400004, 1.258838384000057], [117.79473270300002, 1.259010071000034], [117.79473033700003, 1.259020923000037], [117.79472569100005, 1.259028774000058], [117.79425848800008, 1.259607886000026], [117.79425631800007, 1.259610310000028], [117.79424611500008, 1.259617176000063], [117.79424586100004, 1.259617227000035], [117.79424565400006, 1.259617364000064], [117.79381769200006, 1.259788018000052], [117.79344243100002, 1.26005169900003], [117.79331112800003, 1.260413265000068], [117.79331011800002, 1.260414858000047], [117.7933097230001, 1.260416547000034], [117.79318396700012, 1.260669885000027], [117.7931780770001, 1.260678115000076], [117.79316787300002, 1.260684982000043], [117.7931610070001, 1.260686963000069], [117.79308792800009, 1.260699245000069], [117.79315772400003, 1.264792337000074], [117.793158661, 1.264847272000054], [117.79322900300008, 1.264853239000047], [117.7932379880001, 1.264844190000076], [117.79332786300006, 1.264826070000026], [117.79344470500007, 1.264816987000074], [117.7934986140001, 1.264753646000031], [117.79353455000012, 1.26469935700004], [117.7936064490001, 1.264681242000051], [117.79366935400003, 1.264645037000037], [117.79372327400006, 1.264617881000049], [117.79379517300003, 1.26459976600006], [117.79385809500002, 1.264617839000039], [117.79428950500005, 1.264563428000031], [117.79457712300007, 1.264563340000052], [117.79465802600009, 1.264599500000031], [117.79465802900006, 1.264608547000023], [117.79488273000004, 1.264608477000024], [117.79493669200008, 1.264717018000056], [117.7949277030001, 1.264717020000035], [117.79491874300004, 1.264807487000041], [117.79482886000005, 1.264798468000038], [117.7948108700001, 1.26475324200004], [117.7943524850001, 1.264771476000021], [117.79435248200002, 1.264762430000076], [117.79404689400008, 1.264780616000053], [117.79404689100011, 1.26477157000005], [117.79371433800009, 1.264789765000046], [117.7936065340001, 1.264961680000056], [117.79349869900011, 1.265034084000035], [117.79329203400005, 1.265233169000055], [117.79321114700008, 1.265251286000023], [117.79316560400002, 1.265254447000075], [117.79316636100009, 1.265298866000023], [117.79320253900005, 1.267420313000059], [117.79571354500001, 1.267402652000044]]], [[[117.79467652900007, 1.258837851000067], [117.79302983900004, 1.258823912000025], [117.79307512300011, 1.259948340000051], [117.79308683600004, 1.260635227000023], [117.79313484400006, 1.260627159000023], [117.79325264600004, 1.26038984500002], [117.79338674400003, 1.260020582000038], [117.79338708500006, 1.260020044000044], [117.79338722300008, 1.260019344000057], [117.79339403900008, 1.260009070000024], [117.79339828200011, 1.260005490000026], [117.7937846860001, 1.259733980000021], [117.79379064600005, 1.259730693000051], [117.7937908990001, 1.259730642000022], [117.79379110700006, 1.25973050500005], [117.79421483200008, 1.259561541000039], [117.79467025100007, 1.25899703400006], [117.79467652900007, 1.258837851000067]]]]}},
{"type": "Feature", "properties": {"ba_code": "4321", "blockid": "4321G20P06", "division": "01"}, "geometry": {"type": "MultiPolygon", "coordinates": [[[[117.77114836600003, 1.27370694800004], [117.77113246400006, 1.276695568000036], [117.77300222800011, 1.276743360000069], [117.77388010900006, 1.276657324000041], [117.77382983000007, 1.273427082000069], [117.77383213000007, 1.272763430000055], [117.77375846400003, 1.272535323000056], [117.7737920300001, 1.272215163000055], [117.77372416800006, 1.267734606000033], [117.77114293500006, 1.267752668000071], [117.77114836600003, 1.27370694800004]]]]}},
{"type": "Feature", "properties": {"ba_code": "4321", "blockid": "4321E17P13", "division": "06"}, "geometry": {"type": "MultiPolygon", "coordinates": [[[[117.76471847200003, 1.294136190000074], [117.76479935000009, 1.294081886000072], [117.76491620500008, 1.294108990000041], [117.7649881110001, 1.294108969000035], [117.76510496300011, 1.294127026000069], [117.76523080100003, 1.294136034000076], [117.76597079500004, 1.294135925000035], [117.76596949900011, 1.289808268000058], [117.76594828000009, 1.289756446000069], [117.76596599100003, 1.289666769000064], [117.7659563420001, 1.289364349000039], [117.76595742800009, 1.28933229200004], [117.76593955900012, 1.289250536000054], [117.76596653800004, 1.289177601000063], [117.76595637500009, 1.289023145000044], [117.76595712000005, 1.288949605000028], [117.7659313150001, 1.288938457000029], [117.76584019300003, 1.288762184000063], [117.76577122900005, 1.288781801000027], [117.7657027670001, 1.28878970300002], [117.76566668100008, 1.28880476300003], [117.76556003500002, 1.288844019000067], [117.7652914890001, 1.288871038000025], [117.76519162900001, 1.288756187000047], [117.76510437200011, 1.288648102000025], [117.76492373200006, 1.28868112300006], [117.76482443100008, 1.288591145000055], [117.7648109060001, 1.288552453000023], [117.76481539100007, 1.288541602000066], [117.76481046900005, 1.288543668000045], [117.76478932000009, 1.288552519000064], [117.76478624800006, 1.288555923000047], [117.76478699800009, 1.288552692000053], [117.76481581200005, 1.288541029000044], [117.76483363400007, 1.288500212000031], [117.76484363800012, 1.28849589400005], [117.76484539800003, 1.288492880000035], [117.76485967400004, 1.288460292000025], [117.76490397200007, 1.28845244300004], [117.76490425500003, 1.288452340000049], [117.76495043000011, 1.288328294000053], [117.764950397, 1.28821973700002], [117.76494216000003, 1.288128843000038], [117.76494198700004, 1.288128770000071], [117.76490779800008, 1.288126397000042], [117.76487484600011, 1.28812091900005], [117.76483040000005, 1.288118293000025], [117.76480965600001, 1.288086685000053], [117.764796251, 1.288057894000076], [117.76480350100007, 1.288032140000041], [117.76481753400003, 1.287965358000065], [117.7648032400001, 1.287935760000039], [117.76479174100007, 1.287900412000056], [117.7647954570001, 1.287862997000047], [117.76477958500004, 1.287840316000029], [117.76475289500002, 1.28782848000003], [117.7647454150001, 1.287814496000067], [117.76474378400007, 1.287809932000073], [117.76474935600004, 1.287794399000063], [117.76473454900008, 1.287776525000027], [117.76464465300012, 1.287731320000034], [117.76457274200004, 1.287713249000035], [117.76441993500009, 1.287686156000063], [117.76435699300009, 1.287604757000054], [117.76431107300004, 1.287523252000028], [117.76430924700003, 1.287522917000047], [117.76430758700008, 1.28752152200002], [117.76430799900004, 1.287518892000037], [117.7642039640001, 1.287332129000049], [117.76419402400006, 1.287270643000056], [117.76417706200004, 1.287043931000028], [117.76415500700011, 1.287029302000064], [117.76415006200011, 1.286998715000038], [117.76416577600003, 1.286987150000073], [117.76416431300004, 1.286979815000052], [117.76415422600007, 1.28695291300005], [117.76415763500006, 1.286952039000028], [117.76415006800005, 1.286944428000027], [117.76413208300005, 1.286917294000034], [117.76410508100003, 1.286790651000047], [117.76406010000005, 1.28665496800005], [117.76401514800011, 1.286618796000027], [117.76397021000002, 1.286627856000052], [117.76395223600002, 1.286636908000048], [117.76396123500001, 1.286673091000068], [117.76396123800009, 1.286682137000071], [117.76397024200003, 1.286736413000028], [117.76397924600008, 1.286790689000043], [117.76397026100005, 1.28679973900006], [117.76392533100011, 1.286835938000024], [117.7639163450001, 1.286844987000052], [117.76390540500006, 1.286847193000028], [117.7638712590001, 1.286761350000063], [117.76389242500011, 1.286590514000068], [117.76397915200005, 1.286474063000071], [117.7639431, 1.286139355000046], [117.76405986000009, 1.285849833000043], [117.76403404900009, 1.285828507000076], [117.76402899200002, 1.285846978000052], [117.76399715000002, 1.285913591000053], [117.76396940100005, 1.28600569300005], [117.7639236870001, 1.286129047000031], [117.76392287100009, 1.286131514000033], [117.76389815400012, 1.286121276000074], [117.76386219500012, 1.28610319400002], [117.76386217700008, 1.286039869000035], [117.7638711620001, 1.286030819000075], [117.76388912000004, 1.285967489000029], [117.76384416500002, 1.285922270000071], [117.7637812480001, 1.285922289000041], [117.76373630400008, 1.285913256000072], [117.76370036000003, 1.285940406000066], [117.76364641400005, 1.285886144000074], [117.76364641200007, 1.285877097000025], [117.76365538400012, 1.285822816000064], [117.76360144600005, 1.285795693000068], [117.76357447600003, 1.285777608000046], [117.76357447100008, 1.285759515000052], [117.76355648700007, 1.285732381000059], [117.76352950100011, 1.285660017000055], [117.763530005, 1.28565747600004], [117.76348456000005, 1.28566003100002], [117.7632777770001, 1.285479164000037], [117.7632784110001, 1.287793544000067], [117.76326218300005, 1.287804751000067], [117.7632694350001, 1.289495972000054], [117.76326498000003, 1.289497408000045], [117.7632797650001, 1.294137028000023], [117.76471847200003, 1.294136190000074]]]]}},
{"type": "Feature", "properties": {"ba_code": "4321", "blockid": "4321G24P06", "division": "01"}, "geometry": {"type": "MultiPolygon", "coordinates": [[[[117.78251870800011, 1.267621673000065], [117.78186416500012, 1.267636395000068], [117.78187445300011, 1.270855249000022], [117.78189829200005, 1.273178874000052], [117.78195927000002, 1.273730373000035], [117.781982276, 1.274533929000029], [117.78201755500004, 1.274838425000041], [117.78201292300002, 1.275473239000064], [117.78197438100005, 1.275733255000034], [117.78200388800008, 1.276685482000062], [117.78474404200006, 1.276656847000027], [117.7846239800001, 1.270771798000055], [117.78461001900007, 1.270544158000064], [117.78464126100005, 1.269776063000052], [117.78456869800004, 1.268455042000028], [117.78455859700011, 1.26759185700007], [117.78381803200011, 1.267594958000075], [117.78251870800011, 1.267621673000065]]]]}},
{"type": "Feature", "properties": {"ba_code": "4321", "blockid": "4321I20P07", "division": "05"}, "geometry": {"type": "MultiPolygon", "coordinates": [[[[117.77315068300004, 1.258809017000033], [117.7731748120001, 1.25879821500007], [117.7732197360001, 1.258743923000054], [117.7732196930001, 1.258599180000033], [117.773219616, 1.258336833000044], [117.77314658700004, 1.254510210000035], [117.77311000300006, 1.252357167000071], [117.77310959700003, 1.250973062000071], [117.77310018900005, 1.249534680000068], [117.773019309, 1.249579937000021], [117.77247115500006, 1.249978142000032], [117.77224649100003, 1.250104859000032], [117.77174321300004, 1.250285937000058], [117.77101527000002, 1.250593731000038], [117.77069176900011, 1.250829035000038], [117.77077318400006, 1.252620207000064], [117.77072824400011, 1.25262022000004], [117.7707464660001, 1.253461534000053], [117.77077385100006, 1.254899911000052], [117.77079202000004, 1.255560297000045], [117.77080117500009, 1.256130220000045], [117.77081964000001, 1.257794761000071], [117.77082890100007, 1.258726542000034], [117.77084433400012, 1.258780846000036], [117.77100526700008, 1.258789922000062], [117.77100565700005, 1.258790011000031], [117.77100593900002, 1.258789965000062], [117.77107601300008, 1.258795095000039], [117.77162886500003, 1.258807722000029], [117.77185426900007, 1.258814327000039], [117.77194168300002, 1.258810738000022], [117.7719427400001, 1.25881092700007], [117.77194387300005, 1.258810708000055], [117.77212218000011, 1.258813112000041], [117.77212338800007, 1.258813362000069], [117.7721243630001, 1.258813201000066], [117.77235825000002, 1.258829096000056], [117.7726566980001, 1.258837842000048], [117.77289920300007, 1.258832952000034], [117.77312758500011, 1.258810009000058], [117.77312972400011, 1.258809902000053], [117.77313000400011, 1.258809840000026], [117.77315068300004, 1.258809017000033]]]]}},
{"type": "Feature", "properties": {"ba_code": "4321", "blockid": "4321L35P08", "division": "03"}, "geometry": {"type": "MultiPolygon", "coordinates": [[[[117.81208076200005, 1.226607031000071], [117.81210847900002, 1.226867506000076], [117.81210983100004, 1.231133870000065], [117.81475846500007, 1.231113063000066], [117.81473802000005, 1.224400613000057], [117.81471825200003, 1.224402952000048], [117.81466751100004, 1.224410582000075], [117.81461094800011, 1.224430895000069], [117.81457782100006, 1.22448016200002], [117.81456306400003, 1.22453125100003], [117.81452738900009, 1.224556708000023], [117.81448522100004, 1.224580598000045], [117.81448051600012, 1.224599964000049], [117.81448244800004, 1.224605569000062], [117.81448973300007, 1.224641185000053], [117.8145108010001, 1.224684138000043], [117.81450754500008, 1.224742014000071], [117.81449324900007, 1.224787477000064], [117.81448442500005, 1.224842973000023], [117.81447468200008, 1.224897657000042], [117.8144615440001, 1.224946991000024], [117.8144638010001, 1.224993203000054], [117.81446953000011, 1.225044311000033], [117.8144608230001, 1.225096624000059], [117.81447780200006, 1.225136950000035], [117.81447841800002, 1.225187962000064], [117.81445189200008, 1.225235018000035], [117.814435838, 1.22527883600003], [117.8143949890001, 1.225326693000056], [117.81433730700007, 1.225324838000063], [117.81428123100011, 1.225316569000029], [117.8142300400001, 1.225304065000046], [117.81418675700002, 1.225307852000071], [117.81413729400003, 1.225314356000069], [117.81412355600003, 1.225302192000072], [117.81409582000003, 1.225314049000076], [117.81406030100004, 1.225295679000055], [117.81405251000001, 1.225256223000031], [117.81402383500006, 1.225231590000021], [117.814002576, 1.225193282000021], [117.81396152100001, 1.225178095000047], [117.81394540000008, 1.225204255000051], [117.81391591600004, 1.225243830000068], [117.81391531100007, 1.225290453000071], [117.81392767500006, 1.225332705000028], [117.81388463100006, 1.225345866000055], [117.813839959, 1.225329271000021], [117.81379578400004, 1.225319761000037], [117.8137827270001, 1.225314031000039], [117.81376744800002, 1.225311911000063], [117.81375804200002, 1.225349361000042], [117.81374944000004, 1.225401852000061], [117.81374662000007, 1.225457726000059], [117.81373654100003, 1.225506985000038], [117.81372847500006, 1.225547251000023], [117.81372354100006, 1.225597709000056], [117.81370670900003, 1.225634827000022], [117.8136763330001, 1.225661676000072], [117.81362750900007, 1.225665625000033], [117.81357824100007, 1.225665129000049], [117.8135303360001, 1.225667261000069], [117.8134786280001, 1.225668302000031], [117.81342031000008, 1.225666108000041], [117.8133701270001, 1.225663612000062], [117.81332164700007, 1.22565521000007], [117.81326865200003, 1.22565271700006], [117.81322047100002, 1.225655165000035], [117.813166281, 1.225654268000028], [117.81311118400004, 1.22565748300002], [117.81305877700004, 1.22566579100004], [117.81302192700002, 1.225658494000072], [117.81299989100012, 1.225623244000076], [117.81295380400002, 1.225618571000041], [117.81290924600012, 1.225607622000041], [117.81287989700002, 1.225615502000039], [117.81286343200009, 1.225653429000033], [117.812876802, 1.22569462000007], [117.81289485000002, 1.225746977000028], [117.81289798300008, 1.22579551900003], [117.812907117, 1.225842053000065], [117.8129359620001, 1.225866892000056], [117.81293245900008, 1.225911613000051], [117.8129252550001, 1.225961811000047], [117.81291511500001, 1.226020428000027], [117.81289784800003, 1.226068519000023], [117.812865912, 1.226107260000049], [117.81283267800006, 1.226125871000022], [117.81279609400008, 1.22616425700005], [117.81276507500002, 1.226190941000027], [117.8127427600001, 1.22622102400004], [117.81269997200002, 1.226245318000053], [117.81265077400008, 1.226246495000055], [117.8126243260001, 1.226221630000055], [117.8126140820001, 1.226181981000025], [117.81260286300005, 1.226142204000041], [117.81259540700012, 1.226102236000031], [117.81258800400008, 1.226067218000026], [117.81258248200004, 1.226023913000063], [117.81256349000012, 1.225977365000062], [117.81254789900004, 1.225940216000026], [117.8125078170001, 1.225974504000021], [117.81246674800002, 1.225998282000035], [117.8124277820001, 1.226013968000075], [117.81238338700007, 1.226017963000061], [117.81235199200012, 1.226034955000046], [117.81232072900002, 1.22607006000004], [117.81228915300005, 1.226096738000024], [117.81229806500005, 1.226113516000055], [117.81227865400001, 1.226111222000043], [117.812262314, 1.226105385000039], [117.81222260800007, 1.226088363000031], [117.8122040080001, 1.226079330000061], [117.81217522500003, 1.226066517000049], [117.81214447500008, 1.226064191000034], [117.81212531300002, 1.226068552000072], [117.81211717500003, 1.226107367000054], [117.81210471400004, 1.22615623300004], [117.81209513800002, 1.226208384000074], [117.81207872000004, 1.226254011000037], [117.81207757400011, 1.226309022000066], [117.81207692700002, 1.226362497000025], [117.81207224600007, 1.226419837000037], [117.81207122100011, 1.226478976000067], [117.81208155800005, 1.226536730000021], [117.81208201600009, 1.226592628000049], [117.81208076200005, 1.226607031000071]]]]}},
{"type": "Feature", "properties": {"ba_code": "4321", "blockid": "4321G13P13", "division": "06"}, "geometry": {"type": "MultiPolygon", "coordinates": [[[[117.75340092500005, 1.276605586000073], [117.75341512600005, 1.276602990000072], [117.7534195930001, 1.276603238000064], [117.75358138500007, 1.276621283000054], [117.75358261800011, 1.276621601000045], [117.75358485100003, 1.276621823000028], [117.75376462500003, 1.276657956000065], [117.75376702300002, 1.276658689000044], [117.7541807880001, 1.276658567000027], [117.75417983900002, 1.273400663000075], [117.754176389, 1.273403098000074], [117.75414601400007, 1.273425218000057], [117.75414559600006, 1.27342483700005], [117.75414529500006, 1.273425050000071], [117.75410353200004, 1.273386974000061], [117.754110996, 1.273373418000062], [117.75412301100005, 1.273364088000051], [117.75417790100005, 1.273323550000043], [117.75418726600003, 1.273316633000036], [117.75424640100005, 1.273260208000067], [117.75432319000004, 1.273200918000043], [117.75442045800003, 1.273128738000025], [117.75453991800009, 1.272863264000023], [117.75456372000008, 1.272747324000022], [117.75453555100012, 1.272724141000026], [117.75450325400004, 1.272682398000029], [117.75444133700012, 1.27262561200007], [117.7544030890001, 1.272574315000043], [117.75434191400007, 1.272479588000067], [117.75428198400004, 1.272366035000061], [117.75419908300012, 1.272235378000062], [117.75418632600008, 1.272189572000059], [117.75417354800004, 1.272075965000056], [117.75416626000003, 1.27205581100003], [117.75416204700002, 1.272031950000041], [117.75416022500008, 1.272010023000064], [117.75416203100008, 1.271978958000034], [117.75416152600008, 1.271925432000046], [117.75416408100011, 1.271907393000049], [117.75417515800007, 1.271908981000024], [117.75417175500002, 1.271886776000031], [117.75419715400005, 1.271861566000041], [117.75427608600012, 1.271724586000062], [117.75435189000007, 1.271476970000037], [117.75438509000003, 1.271384996000052], [117.75446617500006, 1.271265981000056], [117.75450135300002, 1.271098151000047], [117.7544805010001, 1.27099202900007], [117.7544680200001, 1.270920969000031], [117.75447628300003, 1.270770480000067], [117.75450683300005, 1.270584041000063], [117.75452102100007, 1.270402494000052], [117.75442009000005, 1.270001482000055], [117.754376309, 1.269750540000075], [117.75438821700004, 1.269679992000022], [117.75442576800003, 1.269597253000029], [117.75447589900011, 1.269445356000062], [117.75456311000005, 1.269420249000063], [117.75466290600002, 1.269419910000067], [117.7547263130001, 1.26941752700003], [117.75478266300001, 1.269377329000065], [117.75486014300009, 1.269315851000044], [117.75491694200002, 1.269281317000036], [117.75496788500004, 1.269259661000035], [117.75483380700007, 1.269180782000035], [117.75481607600011, 1.269094231000054], [117.75431767300006, 1.268676872000071], [117.75427713200008, 1.268429945000037], [117.75425686000005, 1.268300117000024], [117.75421387000006, 1.26833067900003], [117.75418098600005, 1.268323051000039], [117.75400647200001, 1.26836128900004], [117.7539255160001, 1.26830276000004], [117.75383699100007, 1.268310423000059], [117.75377882300006, 1.268335898000032], [117.75371560100007, 1.268376649000061], [117.75365996300002, 1.268402123000044], [117.75361699500002, 1.268509057000074], [117.75360942300006, 1.268565066000065], [117.75347791100012, 1.268613474000063], [117.75343490900002, 1.268603304000067], [117.75337420400001, 1.268600776000028], [117.753273035, 1.268618626000034], [117.75314656000012, 1.26859065900004], [117.75307321100001, 1.268600864000064], [117.7529619170001, 1.268590714000027], [117.75280004700005, 1.268621310000071], [117.75274946000002, 1.268618779000064], [117.75270899200007, 1.268626428000061], [117.75264322600003, 1.26861371900003], [117.75254205200008, 1.268616294000026], [117.75244828300004, 1.268595088000041], [117.75233716500009, 1.268583259000025], [117.75224864000006, 1.268588377000071], [117.75212218500008, 1.268631692000042], [117.7520513720001, 1.268662261000031], [117.75188697300007, 1.268692859000055], [117.75181363200011, 1.268728521000071], [117.75169726000001, 1.268652182000039], [117.75164412100003, 1.268575825000028], [117.75158088, 1.268550385000026], [117.7515227130001, 1.268578406000074], [117.75149306300011, 1.268592366000064], [117.75152252300006, 1.268844361000049], [117.75151526000002, 1.269207739000024], [117.75151529100003, 1.269315268000071], [117.75151530900007, 1.269378303000053], [117.75150795700006, 1.269433924000055], [117.75150060300007, 1.269482129000039], [117.75146010000003, 1.269556299000044], [117.75138488700009, 1.269601985000065], [117.75134646800007, 1.270062639000059], [117.75140959600003, 1.27015259500007], [117.75138081300008, 1.270634229000052], [117.75133618900009, 1.270885640000074], [117.75143627000011, 1.27147308900004], [117.7513338010001, 1.271719224000037], [117.7513396700001, 1.27191853000005], [117.7514903450001, 1.272084837000023], [117.75155303300005, 1.27243732300002], [117.7516267630001, 1.272607865000055], [117.75163413500002, 1.272622695000052], [117.7516378250001, 1.272641233000058], [117.75164721400006, 1.272729928000047], [117.75164782700006, 1.272736138000027], [117.7516454360001, 1.272748255000067], [117.75163884500012, 1.272758189000058], [117.75163884900007, 1.272772326000052], [117.75163723800006, 1.272782339000059], [117.75160474900008, 1.272919337000076], [117.75160843300011, 1.27291933500004], [117.75160475100006, 1.272926752000046], [117.75160475500002, 1.272937876000071], [117.75155688400002, 1.273012048000055], [117.75156688900006, 1.273248315000046], [117.75156708300005, 1.273251811000023], [117.75156469100011, 1.273263929000052], [117.75156280200008, 1.27326776600006], [117.75153011200007, 1.27332420800002], [117.75150403400005, 1.273495143000048], [117.751509843, 1.273508775000039], [117.75153515200009, 1.273551202000021], [117.75159746100007, 1.273640737000051], [117.75160075500003, 1.273646776000021], [117.75160315300002, 1.273658892000071], [117.75160318400003, 1.273766308000063], [117.7516124120001, 1.273778750000019], [117.75160924900001, 1.273812102000022], [117.75157077900008, 1.273835115000054], [117.75150661200007, 1.273858386000029], [117.7514048480001, 1.273887291000051], [117.75113579900005, 1.274065022000059], [117.75109243800011, 1.274210652000022], [117.75112428800003, 1.274283451000031], [117.7511908460001, 1.274303818000021], [117.75129794500003, 1.274434841000073], [117.75131535700007, 1.274609576000046], [117.75136749800004, 1.274804687000028], [117.75140803600004, 1.274900782000032], [117.75148333300001, 1.275125009000021], [117.75152039600005, 1.275159928000051], [117.75170067600004, 1.275317617000042], [117.75170126400008, 1.275318439000046], [117.75170227900003, 1.275319121000052], [117.7517081740001, 1.275327348000076], [117.75174414800006, 1.275399709000055], [117.75174438300007, 1.275400710000042], [117.75174507500003, 1.27540175200005], [117.75174747300002, 1.275413868000044], [117.75174620900009, 1.275422763000051], [117.75163845800012, 1.275793700000065], [117.7516373310001, 1.27579692300003], [117.75163397000006, 1.275803067000027], [117.751532773, 1.275947449000057], [117.75153050000006, 1.27604470600005], [117.751527871, 1.276157240000032], [117.7515844720001, 1.276336104000052], [117.7515859560001, 1.27634570400005], [117.75158452100004, 1.276352978000034], [117.75158631800002, 1.276401971000041], [117.75167218000001, 1.27651189300002], [117.75194345600005, 1.276496211000051], [117.75204289400006, 1.27631593600006], [117.75206652500003, 1.276273096000068], [117.75210172400011, 1.276193321000051], [117.75211008100007, 1.276181067000039], [117.75212320100002, 1.276172238000072], [117.75213427400001, 1.276170018000073], [117.75218197400011, 1.276135813000053], [117.75219509300007, 1.27612698400003], [117.7522105700001, 1.276123881000046], [117.7522260500001, 1.276126975000068], [117.75223633300004, 1.276133197000036], [117.75244311100005, 1.276305020000052], [117.75244595200002, 1.276307618000033], [117.7524463960001, 1.276308287000063], [117.75244699100006, 1.276308703000041], [117.75255737600003, 1.276428279000072], [117.75261588800004, 1.276450344000068], [117.7526830700001, 1.276458776000027], [117.75268488900008, 1.276459260000024], [117.7526873170001, 1.276459543000044], [117.75284012700001, 1.276495684000054], [117.75284634200011, 1.27649769900006], [117.75285946600002, 1.276506519000066], [117.752866616, 1.276516256000036], [117.752941716, 1.276658932000032], [117.75300618100005, 1.276745173000052], [117.75304031200005, 1.276767019000033], [117.7530837380001, 1.27674827200002], [117.75325996000004, 1.27665883800006], [117.75340092500005, 1.276605586000073]], [[117.75308492200008, 1.269940377000069], [117.75327747400001, 1.269876501000056], [117.75340748100007, 1.269980561000068], [117.75352271000008, 1.270106797000039], [117.75363364600003, 1.270212301000072], [117.75366592000012, 1.270248823000031], [117.75375467300012, 1.270350274000066], [117.75387883400003, 1.270448329000033], [117.75384601100006, 1.270639795000022], [117.75380724100012, 1.270831260000023], [117.75364395000008, 1.27097743500002], [117.75352098100007, 1.271099244000027], [117.75342019100003, 1.271212928000068], [117.75337786700004, 1.271286004000046], [117.75330732100008, 1.271389531000068], [117.75316818400006, 1.27138754300006], [117.7530783740001, 1.271317616000033], [117.75300971700005, 1.27123761100006], [117.7529362040001, 1.271085209000034], [117.75283128700005, 1.270874167000045], [117.75272841500009, 1.270760543000051], [117.75266789700004, 1.270677349000039], [117.75261820800006, 1.270593847000043], [117.75257911900007, 1.270490657000039], [117.75256498100009, 1.27041353900006], [117.75256709900009, 1.270364394000069], [117.75262946600003, 1.270269422000069], [117.752761, 1.270158844000036], [117.75291351400006, 1.270030246000033], [117.75308492200008, 1.269940377000069]]], [[[117.75360204000003, 1.270274921000066], [117.75326038800006, 1.269922208000025], [117.75295483000002, 1.270057995000059], [117.75260438100008, 1.270365678000076], [117.75270333100002, 1.270646090000071], [117.75287415600008, 1.270817923000038], [117.75310798700002, 1.271297318000052], [117.75326978700002, 1.271342503000028], [117.75343149800005, 1.271080108000035], [117.75374600300006, 1.270799574000023], [117.7538088230001, 1.270464836000031], [117.75360204000003, 1.270274921000066]]], [[[117.75156850100007, 1.272656836000067], [117.75153794500011, 1.272602200000051], [117.75154444400005, 1.272672843000066], [117.75154447900002, 1.272790447000034], [117.75153840200005, 1.272845638000035], [117.75153551400001, 1.272871868000038], [117.75153551900007, 1.272889346000056], [117.75157593000006, 1.272767207000072], [117.751575924, 1.272745205000035], [117.75157831500007, 1.272733088000052], [117.75158243900012, 1.272726872000021], [117.75156850100007, 1.272656836000067]]], [[[117.75154023900006, 1.273668892000046], [117.75149448000002, 1.273603138000055], [117.75149080100005, 1.273658925000063], [117.75149981000004, 1.273731295000061], [117.75150307800004, 1.273792357000048], [117.75154027100007, 1.273778868000022], [117.75154023900006, 1.273668892000046]]], [[[117.75165469800004, 1.275361298000064], [117.75152190600011, 1.275245146000032], [117.75152730200011, 1.275549630000057], [117.75153156500005, 1.275613706000058], [117.75153632900003, 1.27568532500004], [117.75153130000001, 1.275720832000047], [117.75152736000007, 1.275748653000051], [117.7515311840001, 1.275767869000049], [117.75153636100003, 1.275793883000063], [117.75153542800001, 1.275833805000048], [117.75157953900009, 1.27577087100002], [117.75168235300009, 1.275416926000048], [117.75165469800004, 1.275361298000064]]]]}},
{"type": "Feature", "properties": {"ba_code": "4321", "blockid": "4321I16P07", "division": "05"}, "geometry": {"type": "MultiPolygon", "coordinates": [[[[117.75971070100002, 1.258983127000022], [117.7603708480001, 1.258924160000049], [117.7604316930001, 1.25891320900007], [117.76043776300003, 1.258912666000072], [117.76043818500011, 1.258912578000036], [117.76045719400008, 1.25891228100005], [117.76057383700004, 1.258896501000038], [117.76057441600005, 1.258896462000052], [117.76057466100008, 1.258896398000047], [117.76072115500006, 1.258879652000076], [117.76072531000011, 1.258879415000024], [117.76072541600001, 1.258879393000029], [117.760855364, 1.258878411000069], [117.76101531400002, 1.25887631400002], [117.76101572300001, 1.258876393000037], [117.76101613800006, 1.258876312000041], [117.76120488600009, 1.258877707000067], [117.76120587700007, 1.258877909000034], [117.76120672400009, 1.258877763000044], [117.76139300000011, 1.25888767400005], [117.76158041200006, 1.258887231000074], [117.76158084000008, 1.258887316000028], [117.76158125100005, 1.258887237000067], [117.76178537700002, 1.258891015000074], [117.7617867240001, 1.258891298000037], [117.7617877670001, 1.258891131000041], [117.76197632000003, 1.258905878000064], [117.7621151300001, 1.258907458000067], [117.76223636700001, 1.258907294000039], [117.76224549300002, 1.258907227000066], [117.76228935300003, 1.255761828000061], [117.76223541900004, 1.255743751000068], [117.76175011200007, 1.255915776000052], [117.76117491100001, 1.256042595000054], [117.76093225600005, 1.256124084000021], [117.7607255480001, 1.256187470000043], [117.76050087700003, 1.256296094000049], [117.76006946100006, 1.256341452000072], [117.75967398000012, 1.256323475000045], [117.75968297800011, 1.256359658000065], [117.7596835270001, 1.258259417000033], [117.75971070100002, 1.258983127000022]]]]}},
{"type": "Feature", "properties": {"ba_code": "4321", "blockid": "4321K35P07", "division": "03"}, "geometry": {"type": "MultiPolygon", "coordinates": [[[[117.81214751300001, 1.240054231000045], [117.81478154000001, 1.23999576600005], [117.81475961700005, 1.237297807000061], [117.81478967800001, 1.231191583000054], [117.8121148240001, 1.231209630000023], [117.81217411600005, 1.236843430000022], [117.81214751300001, 1.240054231000045]]]]}},
{"type": "Feature", "properties": {"ba_code": "4321", "blockid": "4321E19P13", "division": "06"}, "geometry": {"type": "MultiPolygon", "coordinates": [[[[117.76933835400007, 1.293935762000046], [117.76929337000001, 1.293791032000058], [117.76950904600005, 1.293655270000045], [117.76961689300003, 1.293619051000064], [117.76963486200009, 1.293591906000074], [117.76981462000003, 1.293573759000026], [117.76998537700001, 1.293510381000033], [117.7700483000001, 1.293528455000057], [117.77006621900011, 1.293338474000052], [117.77015609300008, 1.293311307000067], [117.77051561000007, 1.293275012000038], [117.770542556, 1.293211679000024], [117.77058748900004, 1.293184525000072], [117.77060397200012, 1.293180191000033], [117.7705873220001, 1.292632692000041], [117.77062319100003, 1.29235224200005], [117.77058715300006, 1.292071813000064], [117.77060504000008, 1.291773275000025], [117.77066787800004, 1.291510909000067], [117.7706048760001, 1.291230488000053], [117.77038910800002, 1.29105867200002], [117.77012843900002, 1.291022565000048], [117.769849797, 1.290995511000062], [117.7696161230001, 1.291058907000036], [117.76901401100008, 1.291384763000053], [117.76893306600005, 1.291212905000066], [117.76879819700002, 1.291059156000074], [117.76876729900005, 1.29405870100004], [117.76911856700008, 1.294037941000056], [117.76933835400007, 1.293935762000046]]]]}},
{"type": "Feature", "properties": {"ba_code": "4321", "blockid": "4321E09P13", "division": "06"}, "geometry": {"type": "MultiPolygon", "coordinates": [[[[117.74307711900008, 1.297331882000037], [117.7431480460001, 1.297300129000064], [117.74321426000006, 1.297323908000067], [117.74326732600002, 1.297339298000054], [117.74329151400002, 1.297365136000053], [117.74330052100004, 1.297387463000064], [117.74330602600003, 1.297383606000039], [117.74342892600009, 1.297280163000039], [117.74353364800004, 1.297186436000061], [117.74353381600008, 1.297186331000034], [117.74353452100002, 1.297185694000063], [117.74361331400007, 1.297122089000027], [117.74361572600003, 1.297120652000046], [117.74361725800009, 1.297119537000071], [117.743695806, 1.297079679000035], [117.74382145400011, 1.297010527000054], [117.7439701730001, 1.296901396000067], [117.74397187500006, 1.296900435000055], [117.743972847, 1.296899710000048], [117.74403093, 1.296868570000072], [117.74400409400005, 1.296864486000061], [117.74391908000007, 1.296852435000062], [117.74391875900005, 1.296852346000037], [117.74391825100008, 1.296852301000058], [117.74379372500005, 1.296829844000058], [117.74379212500003, 1.296829372000047], [117.74379120100002, 1.296829235000075], [117.74362196700008, 1.296777869000039], [117.7436205140001, 1.296777347000045], [117.74362038400011, 1.296777323000072], [117.7434373970001, 1.296706444000051], [117.74343637700008, 1.296705777000057], [117.74343535100002, 1.296705531000043], [117.74329449100003, 1.296634047000055], [117.743293848, 1.296633579000058], [117.74329204900005, 1.296632607000049], [117.7432369710001, 1.296595244000059], [117.74318765200007, 1.296565481000073], [117.74317971700009, 1.296562590000065], [117.74317950800003, 1.296565680000072], [117.74310678600011, 1.296540500000049], [117.74296041700006, 1.296540543000049], [117.74287284700006, 1.296565480000027], [117.74290003200008, 1.296528975000058], [117.74301056600007, 1.296454761000064], [117.74319017300002, 1.296351900000047], [117.74316875900001, 1.296420218000037], [117.74316342100008, 1.296470055000043], [117.743179456, 1.296514390000027], [117.74320499200007, 1.29652369300004], [117.74320540100007, 1.296523955000055], [117.74320593700008, 1.29652406200006], [117.74320889900002, 1.296525563000046], [117.74326059200007, 1.296556759000055], [117.74326100100006, 1.296557080000071], [117.74326159600002, 1.29655740100003], [117.74331599100003, 1.296594301000027], [117.74345458500011, 1.29666463500007], [117.74363574400002, 1.296734806000075], [117.74380293100012, 1.296785551000028], [117.7439257640001, 1.29680770300007], [117.7440104740001, 1.296819712000058], [117.74401055600003, 1.296819734000053], [117.7440107000001, 1.29681974500005], [117.74409267600004, 1.296832221000045], [117.74409665300004, 1.296833334000041], [117.74410359100011, 1.296829614000046], [117.74410551800008, 1.296828697000024], [117.74426236300008, 1.296763008000028], [117.74426297200012, 1.296762886000067], [117.74426343200003, 1.29676259200005], [117.74451507700007, 1.296672053000066], [117.74451534000002, 1.296672007000041], [117.744516696, 1.296671539000045], [117.74461202700002, 1.296645214000023], [117.74476951500003, 1.296595629000024], [117.7448229040001, 1.296572582000067], [117.74482264500011, 1.296569465000061], [117.74464666500012, 1.296531438000045], [117.744583293, 1.296500614000024], [117.74449093300007, 1.296422521000068], [117.7444109920001, 1.296379644000069], [117.74429596100003, 1.296287605000032], [117.74424598100006, 1.296231334000026], [117.74421252500008, 1.296231344000034], [117.7441643520001, 1.296242133000021], [117.74392221800008, 1.296358743000042], [117.74375757500002, 1.296435081000027], [117.74367462400005, 1.296465863000037], [117.743590315, 1.296463194000069], [117.74352607600008, 1.296449744000029], [117.7435155710001, 1.296410325000068], [117.7435033060001, 1.296381059000055], [117.74350051400006, 1.29634776000006], [117.74350199500009, 1.29634943700006], [117.74353193900004, 1.296343480000075], [117.74353212900007, 1.296341792000021], [117.74355487500009, 1.296242457000062], [117.74355600900003, 1.296238887000072], [117.74356016500008, 1.296232300000042], [117.74367102200006, 1.29610989400004], [117.7436884330001, 1.296062438000035], [117.74368917000004, 1.296018974000049], [117.74365650100003, 1.295985201000065], [117.74364874500009, 1.295986756000048], [117.74364414200011, 1.295986278000044], [117.74358098100004, 1.295972992000031], [117.74352745800002, 1.295975702000021], [117.74347142200008, 1.296005507000075], [117.7432598260001, 1.296168881000028], [117.74325766400011, 1.296170137000047], [117.74325641400003, 1.296171055000059], [117.742810458, 1.29640155200002], [117.74280879800006, 1.29640232600002], [117.7428030750001, 1.296403863000023], [117.74272778700004, 1.296413665000046], [117.7427249110001, 1.296413851000068], [117.74272089200008, 1.296413488000042], [117.74249616700001, 1.296372432000055], [117.74249158700002, 1.29637107700006], [117.74248901400006, 1.29636980600003], [117.74236389500004, 1.296297697000057], [117.7423612340001, 1.296295650000047], [117.74236004800002, 1.296294898000042], [117.74225412800001, 1.296199164000029], [117.74225380100006, 1.296198699000058], [117.74225325700002, 1.296198333000063], [117.74224877100005, 1.296191883000063], [117.74213813600011, 1.295952734000025], [117.74213603600003, 1.295943195000063], [117.74213774400005, 1.295934539000029], [117.74214261300006, 1.29592720100004], [117.74214990200005, 1.295922296000072], [117.74215850000007, 1.295920572000057], [117.74216710000007, 1.295922291000068], [117.74217439200004, 1.295927191000033], [117.74217887800012, 1.295933642000023], [117.7422875740001, 1.296168599000055], [117.74238829900003, 1.296259638000038], [117.7425079940001, 1.296328622000033], [117.74272548400006, 1.296368355000027], [117.742793419, 1.296359511000048], [117.7432340800001, 1.296131750000029], [117.74344557100005, 1.295968457000072], [117.74344748600004, 1.295967344000076], [117.7434487490001, 1.295966406000048], [117.74351086000001, 1.295933370000057], [117.74351275400011, 1.29593247300005], [117.74352023000006, 1.29593077800007], [117.74358161600003, 1.295927671000072], [117.74358214000006, 1.295927762000076], [117.7435827380001, 1.295927642000038], [117.74358734100008, 1.295928120000042], [117.74360484800002, 1.29593180300003], [117.74357321700006, 1.295899103000067], [117.74357279500009, 1.295898458000067], [117.74356950700007, 1.295893999000043], [117.74351127300008, 1.295784500000025], [117.74351032700008, 1.295782488000043], [117.7435102820001, 1.295782261000056], [117.743510162, 1.295782077000069], [117.74346518700008, 1.295666531000052], [117.74341835500002, 1.295614037000064], [117.74330811300001, 1.295595577000029], [117.74318727800005, 1.29561330000007], [117.74318597000001, 1.295613396000022], [117.74318561100006, 1.295613481000032], [117.743082178, 1.295620786000029], [117.74308140200003, 1.295620659000065], [117.74308048000012, 1.295620841000073], [117.74297398100009, 1.295620247000045], [117.74297393200004, 1.295620237000037], [117.7429715610001, 1.295620102000044], [117.74274908000007, 1.295594577000031], [117.74274303200002, 1.295593004000068], [117.74273574000006, 1.295588103000057], [117.74273551300007, 1.295587760000046], [117.74273520500003, 1.295587545000046], [117.74262533800004, 1.295469178000076], [117.74262100100009, 1.295462400000019], [117.74261996000007, 1.295459230000063], [117.742576417, 1.29528414400005], [117.74257574400008, 1.295278659000076], [117.74257582900009, 1.295276683000054], [117.7425955330001, 1.295049845000051], [117.74259581800004, 1.295048670000028], [117.7425960700001, 1.295046526000021], [117.742657645, 1.294788840000024], [117.74265873000002, 1.29478548000003], [117.74266359800004, 1.294778141000052], [117.74266402600006, 1.294777854000074], [117.74266428800001, 1.294777475000046], [117.7427686750001, 1.294680935000031], [117.74276882800007, 1.294680837000044], [117.74276973500002, 1.294680014000051], [117.74293044600006, 1.294548994000024], [117.74299045900011, 1.294353133000072], [117.7429911690001, 1.294351150000068], [117.74299363300008, 1.29434743500002], [117.7430332350001, 1.294093600000053], [117.74300753500006, 1.294054823000067], [117.74297095000009, 1.294048697000051], [117.74286948100007, 1.294105473000059], [117.74286716800009, 1.294106598000042], [117.74286287100006, 1.294107903000054], [117.7428156960001, 1.294117179000068], [117.74281139400011, 1.29411759900006], [117.74280332700005, 1.29411609400006], [117.74274449300003, 1.294093339000028], [117.74274425600004, 1.294093184000076], [117.7427439600001, 1.294093125000074], [117.74273852100009, 1.294089892000045], [117.74267116200008, 1.294035688000065], [117.74262266200003, 1.294001311000045], [117.74261634400011, 1.294002578000061], [117.74260774400011, 1.29400085900005], [117.74260045300002, 1.293995959000029], [117.74259879500005, 1.293994095000073], [117.742562829, 1.293948873000033], [117.74255961400002, 1.293943401000035], [117.74255791500002, 1.293935559000033], [117.74255557900005, 1.293870729000048], [117.74255564900011, 1.293870341000058], [117.74255556500009, 1.293869916000062], [117.7425572730001, 1.293861260000028], [117.74255817300002, 1.293859333000057], [117.7425937380001, 1.293791671000065], [117.74259756000004, 1.293786460000035], [117.74259766400007, 1.293786303000047], [117.74269020400004, 1.293692597000074], [117.74269023000011, 1.293692579000037], [117.74269024700004, 1.293692553000028], [117.74269234100007, 1.293691154000044], [117.74269753600004, 1.293687648000059], [117.74269761300002, 1.293687633000047], [117.74269767800001, 1.293687590000047], [117.74296890300002, 1.293576597000026], [117.74296250100008, 1.293486753000025], [117.74288243100011, 1.293245222000053], [117.74288127600005, 1.293238070000029], [117.74288222100006, 1.293231571000035], [117.74288816700005, 1.293211602000042], [117.74288727800001, 1.293212200000028], [117.74288125500004, 1.293213775000027], [117.7426611300001, 1.293239404000076], [117.74245803500003, 1.293307608000021], [117.74217877500007, 1.29340165800005], [117.74203205800006, 1.293467071000066], [117.7420291300001, 1.293467695000061], [117.74202618000004, 1.293469680000044], [117.74202430900004, 1.293470365000076], [117.74188447300003, 1.29351457100006], [117.74188318600011, 1.293514770000058], [117.74188107900011, 1.293515359000025], [117.74171530400008, 1.293540436000058], [117.74163631600004, 1.293597212000066], [117.74159008000004, 1.293695008000043], [117.74155779900002, 1.293892873000061], [117.74155748900012, 1.293893969000067], [117.74155736800003, 1.293894920000071], [117.74150559000009, 1.294094565000023], [117.7415046100001, 1.294097502000056], [117.7414997410001, 1.294104841000035], [117.74149498300005, 1.294108497000025], [117.74145271300006, 1.294132770000033], [117.7414501830001, 1.294134018000022], [117.74144158400009, 1.294135743000027], [117.74133891500003, 1.29413577300005], [117.74133409500007, 1.294135248000032], [117.74110151900004, 1.294083916000034], [117.74109773900011, 1.294082722000041], [117.7410946440001, 1.29408114000006], [117.74096784200003, 1.294003410000073], [117.74096712500011, 1.294002843000044], [117.74096631900011, 1.29400238900007], [117.74087218600005, 1.293933527000036], [117.74087160300007, 1.293933026000047], [117.74087130300006, 1.293932847000065], [117.7407955650001, 1.293871457000023], [117.74079377500004, 1.293869839000024], [117.74079211700007, 1.293867976000058], [117.74075615100003, 1.293822754000075], [117.74075293500005, 1.293817281000031], [117.74075122200009, 1.293808627000033], [117.74075120900011, 1.293763394000052], [117.740752917, 1.293754739000065], [117.74075685300011, 1.293748399000037], [117.74085391800008, 1.29363801300002], [117.74085443500007, 1.293637642000022], [117.7408548520001, 1.293637015000058], [117.74085695300005, 1.293635147000032], [117.74107183500007, 1.293467003000046], [117.74111336500005, 1.293408845000044], [117.74119410100002, 1.293295786000044], [117.74119645400003, 1.293292998000027], [117.7411999200001, 1.293290143000036], [117.74132937400009, 1.293203657000049], [117.74140427200007, 1.293112886000074], [117.74148753000009, 1.29300581900003], [117.74150904800001, 1.292958957000053], [117.74150419800003, 1.292959929000062], [117.74150085600002, 1.292959679000035], [117.74141467600009, 1.292946659000052], [117.74141426400001, 1.292946544000074], [117.74141369600011, 1.292946488000041], [117.74124158900008, 1.29291259300004], [117.7409972480001, 1.292915253000047], [117.74092189600003, 1.292930444000035], [117.74074103600003, 1.292986814000074], [117.74074097400012, 1.292986824000025], [117.74074079000002, 1.292986890000066], [117.74057322700003, 1.293037011000024], [117.74057016900008, 1.293037459000061], [117.74056829100005, 1.293037900000058], [117.7404074430001, 1.29304847700007], [117.74027168600003, 1.29305961700004], [117.74027144200011, 1.293059627000048], [117.74027139000009, 1.293059639000035], [117.74018345900004, 1.293065680000041], [117.74018276600009, 1.293065566000053], [117.74018193500001, 1.293065732000059], [117.740178205, 1.293065420000062], [117.74004596900011, 1.293043058000023], [117.74004109900011, 1.293041651000067], [117.74003511500007, 1.293037966000043], [117.73990154300009, 1.292923366000025], [117.73990023600004, 1.292922151000027], [117.7398976930001, 1.292919097000038], [117.73982895900008, 1.292819958000052], [117.73974467000005, 1.292722326000046], [117.73966101500002, 1.292655504000038], [117.73941952100006, 1.292593521000072], [117.73941686800003, 1.292592634000073], [117.73941673400009, 1.292592608000064], [117.73923342400008, 1.292518871000027], [117.73923331000003, 1.292518795000035], [117.73923317000003, 1.292518767000047], [117.73922903900007, 1.292516510000041], [117.73916618400006, 1.292473045000065], [117.73916302500004, 1.29247040100006], [117.73915815200007, 1.292463066000039], [117.73915809400012, 1.292462776000036], [117.73915794400011, 1.292462544000045], [117.739109847, 1.292337051000061], [117.73910834100002, 1.292328918000067], [117.73910960100011, 1.292321446000074], [117.73916108700007, 1.292173250000076], [117.73916140200004, 1.292172746000062], [117.7391615360001, 1.292172067000024], [117.7391664050001, 1.292164728000046], [117.73916982800006, 1.292161901000043], [117.73925070700011, 1.292107599000076], [117.73925457200005, 1.292105521000053], [117.73926317100006, 1.292103797000038], [117.73926787900007, 1.292104297000037], [117.73939372300003, 1.292131400000073], [117.73939761400004, 1.292132618000039], [117.7394028980001, 1.292135728000062], [117.73952723900004, 1.292233998000029], [117.739640312, 1.29229523500004], [117.73984703400004, 1.29235585400005], [117.73991482400004, 1.292333089000067], [117.739937112, 1.292304314000035], [117.7399383820001, 1.292302867000046], [117.73993849300007, 1.292302694000057], [117.73995848700008, 1.292281375000073], [117.73993864900001, 1.292274121000048], [117.73993825000002, 1.292273865000027], [117.73993772900008, 1.292273761000047], [117.73993043700011, 1.292268861000025], [117.73992736800005, 1.29226501100004], [117.7398644210001, 1.292165518000047], [117.73986261700009, 1.292162032000022], [117.73986144100002, 1.292158283000049], [117.73982544100011, 1.291995457000041], [117.7398249040001, 1.291990551000026], [117.73982512900011, 1.291987352000035], [117.73983409900006, 1.291924024000025], [117.73983558200007, 1.291918567000039], [117.73983566100003, 1.291918448000047], [117.73983568900007, 1.291918313000053], [117.73986246800007, 1.291855372000043], [117.73995016800006, 1.291625676000024], [117.73993104400006, 1.291452906000075], [117.7398398260001, 1.291528068000048], [117.73982642300007, 1.291676929000062], [117.73971889800009, 1.291807775000052], [117.73961344500003, 1.291974978000042], [117.73953599100003, 1.291946131000032], [117.73942984900009, 1.291899971000021], [117.73934379700006, 1.291894222000053], [117.73926349300007, 1.291928889000076], [117.73921761800011, 1.291992415000038], [117.73911437600009, 1.292055958000049], [117.73904843200012, 1.292154133000054], [117.738999723, 1.292338911000058], [117.7389739570001, 1.292506361000051], [117.73895104300004, 1.292621845000042], [117.73911169900009, 1.292719954000063], [117.73910024500003, 1.292786357000068], [117.73916424800007, 1.292833973000029], [117.73927811700003, 1.292904669000052], [117.7393182940001, 1.292973944000039], [117.73930400300003, 1.293150051000055], [117.7392265850001, 1.293245343000024], [117.73931551200008, 1.293274186000076], [117.73934421100012, 1.293326142000069], [117.73938993200011, 1.293364917000019], [117.739490509, 1.293369404000032], [117.7396969990001, 1.293259640000031], [117.73980620900011, 1.293385898000054], [117.73993797900005, 1.29339236800007], [117.74009286400008, 1.293372114000022], [117.74023340000008, 1.293328769000027], [117.74039400800007, 1.293259435000039], [117.74053454300008, 1.293210316000057], [117.74058903800005, 1.293198752000023], [117.74071525300008, 1.293224697000028], [117.7407583260001, 1.293389240000067], [117.74073252700009, 1.293446986000049], [117.74074403100008, 1.293550913000047], [117.74072683500003, 1.293599996000069], [117.7404888420001, 1.293877211000051], [117.74044873900004, 1.294061987000021], [117.7404688690001, 1.294240971000022], [117.74057964600001, 1.294370309000044], [117.740772332, 1.294512698000062], [117.74095944200008, 1.29453240700002], [117.74104263400011, 1.294567026000038], [117.74113156300007, 1.294601643000021], [117.7411516740001, 1.294714228000032], [117.74125783300008, 1.294815239000059], [117.74111443900006, 1.294896116000075], [117.741056522, 1.29489919100007], [117.74093087200004, 1.29492503900002], [117.74085055600005, 1.294916402000069], [117.74073580400011, 1.294855810000058], [117.74057517900007, 1.294864518000054], [117.74071577100005, 1.29501171000004], [117.74080473900005, 1.29517912600005], [117.74083870000004, 1.295266881000032], [117.740926822, 1.29528695800002], [117.74095392100003, 1.295274351000046], [117.74098834000006, 1.295271454000044], [117.7410543090001, 1.295259887000043], [117.74111168200011, 1.295280079000065], [117.7411203040001, 1.295337815000039], [117.74109451200002, 1.295418657000027], [117.74104574800003, 1.295412897000062], [117.74096830400003, 1.29541580700004], [117.740885735, 1.295401671000036], [117.74090102500008, 1.295460791000039], [117.74086931500005, 1.295499823000057], [117.74085522900009, 1.295543579000025], [117.74084466800002, 1.295588517000056], [117.74083411100003, 1.295647644000042], [117.74084822200007, 1.295689027000037], [117.74083571500012, 1.295802550000076], [117.74087229200006, 1.295923381000023], [117.74098017800009, 1.295932106000066], [117.74093845900006, 1.296080981000046], [117.74098894200006, 1.296152771000038], [117.7410533640001, 1.296291107000059], [117.74105738500009, 1.296287009000025], [117.74107305500002, 1.296307697000032], [117.74105032700004, 1.296383130000038], [117.74094862700008, 1.296400669000036], [117.74088172800009, 1.296446484000057], [117.74087063700006, 1.296478527000033], [117.740909869, 1.296577125000056], [117.74098347100005, 1.296574410000062], [117.74107167500006, 1.296594273000039], [117.74119224000003, 1.296589164000068], [117.74126852200004, 1.296599917000037], [117.74131136400001, 1.296663208000041], [117.74140239200005, 1.29676015900003], [117.74143853600003, 1.296801902000027], [117.74140899800011, 1.296819412000048], [117.74139036600002, 1.296822120000058], [117.74138369900004, 1.296905629000037], [117.74144528000011, 1.296983732000058], [117.74147472200002, 1.296983723000039], [117.74148277800009, 1.297075310000025], [117.74150687800011, 1.297115710000071], [117.74148951200004, 1.297223467000038], [117.7414627600001, 1.297266576000027], [117.74141325200003, 1.297289488000047], [117.74136642700012, 1.297336643000051], [117.74131157600004, 1.297390535000034], [117.74127010400002, 1.297439036000071], [117.74130625300006, 1.297495595000044], [117.74135041600005, 1.297500970000044], [117.74145881900006, 1.297519795000028], [117.74154045600005, 1.297537280000029], [117.7415632200001, 1.297584415000074], [117.74160269800007, 1.29755294000006], [117.741638136, 1.297498191000045], [117.74169166000001, 1.297482013000035], [117.74179871700005, 1.297475247000023], [117.74185774600005, 1.29751625800003], [117.74178201600012, 1.297423154000057], [117.74177864500007, 1.297417489000054], [117.74177735500007, 1.297413193000068], [117.74175793600011, 1.297313847000055], [117.74175775000003, 1.297311934000049], [117.74175757900002, 1.297311214000047], [117.741750152, 1.297213919000058], [117.74173679800003, 1.297167496000043], [117.74170759900005, 1.297117781000054], [117.74164232600003, 1.29707084100005], [117.74163950500008, 1.297068436000075], [117.74163598300004, 1.297063841000067], [117.74159126100005, 1.296986730000071], [117.74158991000002, 1.296983990000058], [117.74158819700006, 1.29697533600006], [117.74158871400005, 1.296970505000047], [117.7416065220001, 1.296888404000072], [117.741607713, 1.296884578000061], [117.74160820600002, 1.296883834000027], [117.74160837400007, 1.296883119000029], [117.74164430600001, 1.296810736000054], [117.74164851400008, 1.296804857000041], [117.74165580200008, 1.296799952000072], [117.74165594100009, 1.296799925000073], [117.74165605600001, 1.296799848000035], [117.74174592800011, 1.296763636000037], [117.74175427300008, 1.296762016000059], [117.74176160900004, 1.296763253000051], [117.74181227800011, 1.296780849000072], [117.7418629980001, 1.296815409000033], [117.74207357500006, 1.296891998000035], [117.74193992100004, 1.296872602000064], [117.74193703600008, 1.296871805000023], [117.74193579900009, 1.296871596000074], [117.74175486100012, 1.296808759000044], [117.74168069000007, 1.296838645000037], [117.74164983100002, 1.296900810000068], [117.74163448900003, 1.296971540000072], [117.74167236900007, 1.297036854000055], [117.74173759000007, 1.297083756000063], [117.74174041100002, 1.297086161000038], [117.74174387000005, 1.29709064900004], [117.74177693400009, 1.297146946000055], [117.74177834800003, 1.297149793000074], [117.74177917400004, 1.297152164000067], [117.74179396400007, 1.297203576000072], [117.7417943480001, 1.29720629600007], [117.74179478500002, 1.297208133000026], [117.74180228700004, 1.29730642200002], [117.74182036200011, 1.297398893000036], [117.74189391800007, 1.297489323000036], [117.74207500000011, 1.297558692000052], [117.74223416100006, 1.297585343000037], [117.74233917400011, 1.297598787000027], [117.74234493200004, 1.297600326000065], [117.74234556600004, 1.297600752000051], [117.7423461940001, 1.297600898000042], [117.74244750300011, 1.29765066300007], [117.74244761600005, 1.297650744000066], [117.74244821600007, 1.297651029000065], [117.74258306100012, 1.297723361000067], [117.74258419000012, 1.29772420300003], [117.74258596900006, 1.297725223000043], [117.74265789100002, 1.29777948100002], [117.74266029900002, 1.297781581000038], [117.74266191000004, 1.297783386000049], [117.74269662100005, 1.297826733000022], [117.742773198, 1.297782207000068], [117.74277382500009, 1.297781895000071], [117.74277401800009, 1.297781753000038], [117.74287937000008, 1.29772624900005], [117.74291997500006, 1.297689588000026], [117.74291816800007, 1.297688749000031], [117.74288411100008, 1.29766210400004], [117.74289292500009, 1.297615139000072], [117.74291423200009, 1.297598760000028], [117.74290693800003, 1.29756039800003], [117.7429152200001, 1.297525650000068], [117.74286436500006, 1.297519160000036], [117.74282967900001, 1.297498545000053], [117.74279813400005, 1.29743826400005], [117.74284226800012, 1.297425559000033], [117.74288482500003, 1.297409681000033], [117.74292738300005, 1.297396975000026], [117.74301880500002, 1.297369977000074], [117.74307711900008, 1.297331882000037]], [[117.74264119200006, 1.296902678000038], [117.74265189000005, 1.296862640000029], [117.74271765900005, 1.296805647000042], [117.74275277600009, 1.296769669000071], [117.742817983, 1.296735267000031], [117.7428490320001, 1.296710252000025], [117.74288008500002, 1.296700866000037], [117.74291115200003, 1.296738365000067], [117.74294221500008, 1.296763361000046], [117.74292266600003, 1.296800967000024], [117.74291808800001, 1.296842543000025], [117.74288291100004, 1.296879510000053], [117.74286609100011, 1.296908771000062], [117.74282787100003, 1.297004251000033], [117.7427942270001, 1.29705507500006], [117.74273763300005, 1.297096667000062], [117.74265319900007, 1.297100994000061], [117.74264429700008, 1.29705665900002], [117.7426504010001, 1.297004304000041], [117.74264120500004, 1.296947333000048], [117.74264119200006, 1.296902678000038]], [[117.74165450700002, 1.296603750000031], [117.74158701300007, 1.296570191000058], [117.74152544600008, 1.296541924000053], [117.74145582400001, 1.296427458000039], [117.7413822100001, 1.29638572600004], [117.74132867100002, 1.296354763000068], [117.74124703000007, 1.296323808000068], [117.74116137200008, 1.296284773000025], [117.74110995300009, 1.296233431000076], [117.74119774600001, 1.296143952000023], [117.74131080600012, 1.295995056000038], [117.74148648900007, 1.295777840000028], [117.74159613000006, 1.295837353000024], [117.74181014600003, 1.295802263000041], [117.74194407200002, 1.29560082100005], [117.74199104200011, 1.295560526000031], [117.74202757800003, 1.295543002000045], [117.74205542400011, 1.295562259000064], [117.7420623920001, 1.295586775000061], [117.74201716000005, 1.295621815000061], [117.74199840100005, 1.295636771000034], [117.74197540900002, 1.295655103000058], [117.7420537160001, 1.29567084200005], [117.74206069500008, 1.295737390000056], [117.74202768100008, 1.295896771000059], [117.74197376300003, 1.295979099000022], [117.74192158000005, 1.296043913000062], [117.74183634100007, 1.296126251000032], [117.74176327200007, 1.296170056000051], [117.74169715700009, 1.296196345000055], [117.74165017000007, 1.296175343000073], [117.74162057300009, 1.296121061000065], [117.74150052200002, 1.296166631000062], [117.74147446000006, 1.296297988000049], [117.7415891070001, 1.296354506000057], [117.7416682810001, 1.296363811000049], [117.74174704500001, 1.296359758000051], [117.74173552100001, 1.296480049000024], [117.74174708800001, 1.296508121000045], [117.74184185000001, 1.296508093000057], [117.74179448500001, 1.296561093000037], [117.74171026600004, 1.296608806000052], [117.74170550000008, 1.296652093000034], [117.74170491500001, 1.296651818000043], [117.74165450700002, 1.296603750000031]], [[117.74155973200004, 1.295451911000043], [117.74150154400002, 1.29540865000007], [117.741705367, 1.295279416000028], [117.74177213100006, 1.295225278000032], [117.74171141900001, 1.295197292000069], [117.74170128600008, 1.295143835000033], [117.74174174400002, 1.295105637000063], [117.74182903600001, 1.295068834000062], [117.74189094500002, 1.295001218000039], [117.74191621600005, 1.294922292000024], [117.74191550300009, 1.294839586000023], [117.74201776500001, 1.294998405000058], [117.74209031800001, 1.295111083000052], [117.74218439100002, 1.295143693000057], [117.74224257800006, 1.29518186100006], [117.74226282100005, 1.29521240400004], [117.74229024300007, 1.295263952000028], [117.74235390800004, 1.295314207000047], [117.74235983200003, 1.295403250000049], [117.742265416, 1.295436428000073], [117.74208075000001, 1.295357565000074], [117.74203521900006, 1.295347395000022], [117.741837959, 1.29544673700002], [117.74177725700008, 1.295456938000029], [117.74155973200004, 1.295451911000043]], [[117.74168776300007, 1.29418518500006], [117.74165069700007, 1.294135474000029], [117.74162597300005, 1.294054684000059], [117.74159506800004, 1.293955250000067], [117.74163208900006, 1.293849582000064], [117.74173702500002, 1.293706602000043], [117.74193461800007, 1.293663037000044], [117.74214455700007, 1.293607039000051], [117.7422618820001, 1.293594574000053], [117.74234835900006, 1.293681561000028], [117.74234838300004, 1.293762358000038], [117.7422743080001, 1.293855608000058], [117.7422042610001, 1.29398788900005], [117.74214839500007, 1.294093391000047], [117.74212003000002, 1.294203703000051], [117.7420582850001, 1.294228582000073], [117.74205212600009, 1.294284520000076], [117.74205831100005, 1.294315594000068], [117.74195953700007, 1.294415066000056], [117.7419039890001, 1.294514526000057], [117.74181137800008, 1.294570489000023], [117.74176811000007, 1.294427553000048], [117.74168776300007, 1.29418518500006]]], [[[117.74082154300004, 1.292174545000023], [117.74069927300002, 1.291937379000046], [117.74069846000009, 1.291935624000075], [117.74069676300007, 1.291927807000036], [117.74068770400004, 1.291683553000041], [117.74068777500008, 1.291683155000044], [117.7406876880001, 1.291682716000025], [117.74068837900006, 1.29167977000003], [117.7406893960001, 1.291674061000037], [117.74068989000011, 1.291673317000061], [117.74069005800004, 1.291672601000073], [117.7407259900001, 1.291600219000031], [117.74073019700006, 1.291594340000074], [117.74073748600006, 1.291589435000049], [117.74074608500007, 1.291587711000034], [117.74075023000012, 1.291588098000034], [117.74083067400011, 1.291603271000042], [117.74083512800007, 1.291604603000053], [117.74083567200012, 1.291604968000058], [117.74083622400008, 1.291605094000033], [117.74090168400005, 1.291636581000034], [117.7409955820001, 1.291656009000064], [117.7410898060001, 1.29164243300005], [117.74123012300004, 1.291544378000026], [117.74123433300008, 1.291542064000055], [117.74123497900007, 1.291541934000065], [117.74123546100009, 1.291541628000061], [117.74133181500008, 1.29150740700004], [117.74133928600008, 1.291506118000029], [117.74134788600009, 1.29150783700004], [117.74135517700006, 1.291512738000051], [117.741357063, 1.291515577000041], [117.7413574200001, 1.291514954000036], [117.74149503600006, 1.29133448400006], [117.74157873400009, 1.291104733000054], [117.74157882100008, 1.291104596000025], [117.74157885600005, 1.291104406000045], [117.74166834300001, 1.290870028000029], [117.74171358700005, 1.290714988000047], [117.74170284200011, 1.290549910000038], [117.74165957200012, 1.290361853000036], [117.74160745300003, 1.290285336000068], [117.74151758300002, 1.290176783000049], [117.74143945100002, 1.29023298900006], [117.74134085800006, 1.290255572000035], [117.74128262600004, 1.290363849000073], [117.74130059200002, 1.290499169000043], [117.74134994500002, 1.290684099000032], [117.7413544530001, 1.290774314000032], [117.74136795400011, 1.290963765000072], [117.74120212700007, 1.290963814000065], [117.74104079500012, 1.291004459000021], [117.74100049900005, 1.291144306000035], [117.74087949700004, 1.29116689600005], [117.7408301690001, 1.291067672000054], [117.74073603800002, 1.291022591000058], [117.74072702900003, 1.290864715000055], [117.7407673140001, 1.290688780000039], [117.74086585200007, 1.290476742000067], [117.74090615000011, 1.290345916000035], [117.74095933900003, 1.29022913700004], [117.74089265000009, 1.290156465000052], [117.74083887800009, 1.290188056000034], [117.74075818800009, 1.290129439000054], [117.74053409800001, 1.290124994000053], [117.74040413400007, 1.290152097000032], [117.74037278600008, 1.290237812000044], [117.74041763000002, 1.290328016000046], [117.74065068000004, 1.290318926000054], [117.74075826900003, 1.290409111000031], [117.74067761000003, 1.290454243000056], [117.74060142000008, 1.290454265000051], [117.7404445740001, 1.290512952000029], [117.74035049000008, 1.290630262000036], [117.74025191700002, 1.29072050700006], [117.74016227600009, 1.290702490000058], [117.74010852800006, 1.290819788000022], [117.73991579400001, 1.290761203000045], [117.73988597100004, 1.290628534000064], [117.73983983800008, 1.290588754000055], [117.73977680700011, 1.290580810000051], [117.73973647800005, 1.290607887000021], [117.7394855550001, 1.290806437000072], [117.73927898600004, 1.290902573000039], [117.73929737000003, 1.290977904000044], [117.73930763700002, 1.291066538000052], [117.73936463600012, 1.291113210000049], [117.73945318000005, 1.291114972000059], [117.73953495500007, 1.291153757000075], [117.73983072100009, 1.291040900000041], [117.73989795700004, 1.291072456000052], [117.73990241100012, 1.291088574000071], [117.73990553500005, 1.291012563000038], [117.73990722400004, 1.291004849000046], [117.73991209300004, 1.290997510000068], [117.73991620400011, 1.290994240000032], [117.74003303100005, 1.290921833000027], [117.7400362080001, 1.290920199000027], [117.74004340500005, 1.290918519000058], [117.74018404700007, 1.290909631000034], [117.74030688100004, 1.290865437000036], [117.74031443900003, 1.290864117000069], [117.74032303800004, 1.290865836000023], [117.74033033, 1.290870736000045], [117.74033520300009, 1.290878072000055], [117.74033691600005, 1.290886727000043], [117.74033520800003, 1.290895382000031], [117.74033033900002, 1.290902721000066], [117.74032200900001, 1.290908030000026], [117.74019618700004, 1.290953299000023], [117.74019344100009, 1.290953778000073], [117.74019003100011, 1.290954574000068], [117.74005181900009, 1.290963309000063], [117.73994994400005, 1.291026449000071], [117.73994161400003, 1.291229098000031], [117.73994227000003, 1.291232835000073], [117.7399428220001, 1.291234833000033], [117.7399428010001, 1.291235857000061], [117.73996819800004, 1.291380462000063], [117.73996828200006, 1.29138142100004], [117.73996840300003, 1.291381895000029], [117.73999543800005, 1.29162614300003], [117.73999557700006, 1.291628640000056], [117.73999408100008, 1.291636759000028], [117.73990426700004, 1.291871995000065], [117.7399040360001, 1.291872353000031], [117.739903948, 1.291872785000066], [117.7398781710001, 1.291933369000049], [117.73987019900005, 1.291989655000066], [117.73990445100003, 1.292144577000045], [117.73996117400009, 1.292234232000055], [117.74004257800004, 1.292263998000067], [117.74010180100004, 1.292226720000031], [117.74016224900004, 1.29214845000007], [117.74016409700005, 1.29214634300007], [117.7401684240001, 1.292142940000076], [117.74021335700002, 1.292115788000046], [117.74021631900007, 1.292114285000025], [117.74022491700009, 1.292112561000067], [117.74023344700004, 1.292114251000044], [117.74058403100003, 1.292258892000063], [117.74058406300003, 1.292258914000058], [117.74058410100008, 1.29225892200003], [117.74059061900005, 1.292263080000055], [117.7406830860001, 1.292347636000045], [117.74072679200003, 1.292347623000069], [117.74080625600004, 1.292251591000024], [117.74082154300004, 1.292174545000023]]], [[[117.74140711100006, 1.292628304000061], [117.74141151700007, 1.292627864000053], [117.7415694870001, 1.292627817000039], [117.74191802500002, 1.29250492400007], [117.74197448200005, 1.292415574000074], [117.74199161000001, 1.292329247000055], [117.74199288300008, 1.292325027000061], [117.74199715500004, 1.29231831200002], [117.74206277300004, 1.29224696600005], [117.74206311400008, 1.29224672700002], [117.7420633700001, 1.292246342000055], [117.74206867600003, 1.292242381000051], [117.74227136400009, 1.292133411000066], [117.74232502500001, 1.292094809000048], [117.74233608100008, 1.292081117000066], [117.74227426800007, 1.291994450000061], [117.74223867100011, 1.29194969100007], [117.74223545500001, 1.291944219000072], [117.7422342430001, 1.291940303000047], [117.74218203300006, 1.291695428000025], [117.74205637200009, 1.291602737000062], [117.74197435500002, 1.291569745000061], [117.74190385600002, 1.291577650000022], [117.74171030200012, 1.291692841000042], [117.74170747000005, 1.291694265000046], [117.74170687600008, 1.291694384000039], [117.74170642900003, 1.291694670000027], [117.74158060600007, 1.291739939000024], [117.74157304900007, 1.291741259000048], [117.74156444900007, 1.291739540000037], [117.74156415100003, 1.29173933900006], [117.74156382700005, 1.291739270000051], [117.74138403900008, 1.291657904000033], [117.74137736900002, 1.291653274000055], [117.74137398900007, 1.291648918000021], [117.74134701100002, 1.291603694000059], [117.74134551800012, 1.291600713000037], [117.74134380500004, 1.291592059000038], [117.74134403000005, 1.291588860000047], [117.7413497980001, 1.291548141000021], [117.74134677000006, 1.291550062000056], [117.74125326800004, 1.291583270000046], [117.74112480600002, 1.291673040000035], [117.74113186700004, 1.291677785000047], [117.74113692300011, 1.291685581000024], [117.74121481500003, 1.291887049000024], [117.74130138100008, 1.291974125000024], [117.74130625500004, 1.291981461000034], [117.74130692300002, 1.291983305000031], [117.74136090200011, 1.292155173000026], [117.74136194700009, 1.292161983000028], [117.74136127800011, 1.292167469000049], [117.74131638900008, 1.292348412000024], [117.74131535000004, 1.292351582000038], [117.7413142800001, 1.292353827000056], [117.74122092700009, 1.29252477700004], [117.74126626100008, 1.292623562000074], [117.741323523, 1.292645156000049], [117.74140711100006, 1.292628304000061]]], [[[117.74099465600011, 1.292870046000075], [117.7412434040001, 1.292867338000065], [117.74124352000001, 1.292867361000049], [117.7412436400001, 1.292867337000075], [117.7412479620001, 1.292867757000067], [117.74142183900005, 1.292902002000062], [117.74150752700007, 1.292914947000043], [117.74151278500005, 1.292916416000025], [117.74152007600003, 1.292921316000047], [117.74152377500002, 1.292926884000053], [117.74153484500005, 1.292902774000027], [117.74153583600003, 1.292901345000075], [117.74153791900005, 1.29289785800006], [117.74174752200008, 1.292642497000031], [117.74174895200008, 1.29264091400006], [117.74175076600011, 1.292639274000067], [117.74181089000001, 1.292590627000038], [117.74158074200011, 1.292671777000066], [117.74157331900005, 1.29267304900003], [117.74141375600004, 1.292673096000044], [117.74132606, 1.29269077500004], [117.74132165300011, 1.292691216000037], [117.74131376300011, 1.292689778000067], [117.74124184900006, 1.292662660000076], [117.74124153700006, 1.292662458000052], [117.74124114000006, 1.292662378000045], [117.74123384800009, 1.292657478000024], [117.74122933300009, 1.292650965000064], [117.74117536900008, 1.292533376000051], [117.74117527700002, 1.292532953000034], [117.74117501100011, 1.292532553000058], [117.74117329800004, 1.292523899000059], [117.74117500600005, 1.292515244000072], [117.74117607700009, 1.292512999000053], [117.74127349200012, 1.292334610000069], [117.74131613700001, 1.292162712000049], [117.74126572700004, 1.292002211000067], [117.74117970400005, 1.291915680000045], [117.74117483000009, 1.291908344000035], [117.74117478000005, 1.291908090000049], [117.7411746470001, 1.291907885000057], [117.74109504100011, 1.291701984000042], [117.74109351200002, 1.291693789000021], [117.74109477000002, 1.291687411000055], [117.7409980750001, 1.291701343000057], [117.74099489800005, 1.291701572000022], [117.740990366, 1.291701108000041], [117.74088994700003, 1.29168033000002], [117.74088587800009, 1.291679075000047], [117.74088533400004, 1.291678709000053], [117.74088478200008, 1.291678583000021], [117.74081950200002, 1.291647184000055], [117.74075861500012, 1.291635699000039], [117.74073282800009, 1.291687645000025], [117.74074148500006, 1.291921049000052], [117.74086507000004, 1.292160765000062], [117.7408658820001, 1.292162521000023], [117.74086759500005, 1.292171175000021], [117.74086716000011, 1.292175611000062], [117.74084921000008, 1.292266081000037], [117.74084793700001, 1.29227030100003], [117.74084444100004, 1.292276125000058], [117.74075459000005, 1.292384710000022], [117.74075321700002, 1.29238622400004], [117.74074592800002, 1.292391129000066], [117.74073733000012, 1.292392853000024], [117.74067441200009, 1.292392871000061], [117.74066581200009, 1.29239115200005], [117.74065929500011, 1.292386994000026], [117.74056332500004, 1.29229923500003], [117.74022682900011, 1.29216040600005], [117.74019515600003, 1.292179546000057], [117.74013483700003, 1.292257647000042], [117.74013299, 1.292259755000032], [117.74012901100002, 1.292262942000036], [117.7400571180001, 1.292308196000022], [117.74005380800008, 1.292309913000054], [117.74004521000006, 1.292311637000068], [117.74003753000011, 1.292310278000059], [117.74000450500012, 1.29229820200004], [117.73997190300008, 1.29233296600006], [117.73994609600004, 1.292366285000071], [117.73994426800004, 1.292368368000041], [117.73993697900005, 1.292373273000067], [117.73993610700006, 1.292373448000035], [117.73993548600004, 1.292373834000045], [117.73985460000006, 1.292400997000072], [117.73984749400006, 1.292402160000051], [117.7398412020001, 1.292401257000051], [117.73962546500002, 1.292337995000025], [117.73962315800009, 1.292337179000072], [117.7396211030001, 1.292336198000044], [117.73950423800011, 1.292272906000051], [117.73950281400005, 1.292271841000058], [117.73950100700006, 1.292270778000045], [117.73937923300002, 1.292174536000061], [117.73926775400002, 1.292150527000047], [117.73920102700004, 1.292195328000048], [117.73915475000001, 1.292328528000041], [117.73919737000006, 1.292439730000069], [117.739252426, 1.292477803000054], [117.73943204900002, 1.292550057000028], [117.73967677400003, 1.292612868000049], [117.73967981500004, 1.292613886000026], [117.73968519000005, 1.292617068000027], [117.739774237, 1.292688197000075], [117.7397761520001, 1.292689915000039], [117.73977664200004, 1.292690652000033], [117.73977723000007, 1.292691078000075], [117.73986366600002, 1.292791197000042], [117.73986397500005, 1.29279169900002], [117.73986513200009, 1.292793089000043], [117.73993289600003, 1.292890829000044], [117.74005954200004, 1.292999486000042], [117.74018304000003, 1.293020371000068], [117.74026818200002, 1.293014522000021], [117.74040397100009, 1.293003379000027], [117.7404042710001, 1.29300336700004], [117.74040433200003, 1.293003352000028], [117.74056284300002, 1.292992929000036], [117.74072786500005, 1.292943568000055], [117.74090970500004, 1.29288689200007], [117.74091043500005, 1.29288678100005], [117.74091193800007, 1.292886321000026], [117.7409904860001, 1.292870485000037], [117.74099444600006, 1.292870090000065], [117.74099465600011, 1.292870046000075]], [[117.74091223100004, 1.291794906000064], [117.74098606300004, 1.29178894000006], [117.74108355100009, 1.291887003000056], [117.74111901300012, 1.29196130400004], [117.74106882800004, 1.292035631000033], [117.741054555, 1.292076372000054], [117.74104817300008, 1.292101032000062], [117.74100978100012, 1.292104016000053], [117.7409684370001, 1.292112945000042], [117.74091822900004, 1.29210998700006], [117.74087391700004, 1.292068386000039], [117.74083547900011, 1.291916800000024], [117.74086385200007, 1.291847681000036], [117.74091223100004, 1.291794906000064]]], [[[117.7428760900001, 1.293168842000057], [117.74287866600002, 1.293168692000052], [117.74288726500004, 1.293170411000062], [117.74289455700011, 1.293175312000074], [117.74289760600004, 1.29317990200002], [117.74290916000007, 1.293141099000024], [117.74290992200008, 1.293138942000041], [117.74291479100009, 1.293131603000063], [117.74291543400011, 1.293131171000027], [117.74291581300008, 1.293130637000047], [117.74306857400006, 1.29299489400006], [117.7430694950001, 1.292994315000044], [117.74307166300002, 1.292992591000029], [117.74318582100011, 1.292921838000041], [117.74327749300005, 1.292821125000046], [117.74328506800009, 1.292744655000035], [117.74324443600005, 1.292662924000069], [117.74313879800002, 1.292547809000041], [117.74295427700008, 1.292351584000073], [117.74295405600003, 1.292351241000063], [117.74295209500008, 1.292348872000048], [117.74288567000008, 1.29225187000003], [117.74288482600002, 1.292252039000061], [117.74287757500008, 1.292250832000036], [117.74271544500004, 1.292195255000024], [117.7425725060001, 1.292151035000074], [117.74237518900009, 1.292104404000042], [117.74235799200005, 1.292125702000021], [117.74235644800001, 1.292127425000047], [117.74235362000002, 1.292129837000061], [117.74229630700006, 1.292171066000037], [117.7422947010001, 1.292171963000044], [117.74229382800002, 1.292172615000027], [117.74209318500004, 1.292280486000038], [117.74203444000011, 1.292344359000026], [117.74201773100003, 1.292428575000031], [117.74201645800008, 1.292432795000025], [117.74201465700003, 1.29243628200004], [117.74195176800004, 1.29253581200004], [117.74194870000008, 1.292539663000071], [117.74194141200007, 1.292544568000039], [117.74194073600006, 1.292544703000033], [117.741940236, 1.292545020000034], [117.74192946100004, 1.292548819000046], [117.74192938200008, 1.292549220000069], [117.74192451300007, 1.292556558000058], [117.74192269900004, 1.292558198000052], [117.74178071000006, 1.292673083000068], [117.74157442, 1.292924408000033], [117.74152723100008, 1.293027179000035], [117.7415264870001, 1.293028253000045], [117.74152452900012, 1.29303163000003], [117.74143946200002, 1.293141023000032], [117.74143913900002, 1.293141390000073], [117.74143905300002, 1.293141533000039], [117.7413618380001, 1.293235111000058], [117.74136044500005, 1.29323664900005], [117.74135697800011, 1.293239505000031], [117.74122819700005, 1.293325542000048], [117.74114985900007, 1.293435244000023], [117.741106435, 1.293496053000069], [117.7411040820001, 1.29349884100003], [117.74110198000005, 1.293500709000057], [117.74088618700011, 1.293669566000062], [117.74079615300002, 1.293771956000057], [117.74079616100005, 1.293800680000061], [117.74082566700008, 1.293837779000057], [117.74089905800008, 1.293897268000023], [117.74099200100011, 1.293965258000071], [117.74111481400007, 1.294040543000051], [117.74134134000008, 1.294090539000024], [117.74143561500011, 1.294090512000025], [117.74146449500006, 1.294073928000046], [117.74151362000009, 1.293884510000055], [117.74154624800008, 1.29368451800002], [117.74154765900005, 1.293679534000034], [117.74154801000009, 1.293679005000058], [117.74154813100006, 1.293678465000028], [117.7415982340001, 1.293572492000067], [117.74160263100009, 1.293566222000038], [117.74160546500002, 1.293563805000076], [117.74169357300002, 1.293500473000051], [117.7416980270001, 1.293497985000045], [117.74170329300011, 1.293496513000036], [117.74187267200011, 1.293470890000037], [117.74201084200001, 1.293427211000051], [117.74201193400006, 1.293427042000076], [117.74201385600009, 1.293425715000069], [117.7421615400001, 1.293359870000074], [117.74216265900009, 1.293359631000044], [117.74216351100006, 1.293359101000021], [117.742443793, 1.293264707000048], [117.74264911900002, 1.293195754000067], [117.74265087000003, 1.293195467000032], [117.74265364900009, 1.293194741000036], [117.7428760900001, 1.293168842000057]]], [[[117.742663934, 1.295444500000031], [117.742662117, 1.295442457000036], [117.74266214600004, 1.295442573000059], [117.742663934, 1.295444500000031]]], [[[117.74206110800003, 1.297601769000039], [117.74188215200002, 1.297533214000055], [117.7419285520001, 1.297565451000025], [117.74203429300007, 1.297635458000059], [117.74204882800007, 1.297656064000023], [117.742060938, 1.297702120000054], [117.742077676, 1.297765775000073], [117.74219091200007, 1.297794346000046], [117.74224846400011, 1.297819921000041], [117.74240108000004, 1.298019217000046], [117.74264335600003, 1.298209058000054], [117.74268787300002, 1.298226796000051], [117.742660494, 1.298188196000069], [117.74266012800001, 1.298187531000053], [117.74265792900007, 1.298186053000052], [117.74265403100003, 1.298180785000056], [117.74263663400006, 1.29814828800005], [117.74263565800004, 1.298146221000025], [117.74263560800011, 1.298145968000028], [117.74263547500004, 1.298145764000026], [117.74261824300004, 1.298101204000034], [117.74260103000006, 1.298061638000036], [117.74260098500008, 1.298061421000057], [117.74260085700007, 1.298061228000051], [117.74259917000006, 1.298053649000053], [117.74259667000001, 1.298001148000026], [117.7425967580001, 1.298000643000023], [117.74259664500005, 1.298000072000036], [117.74259753400008, 1.297993766000047], [117.74261986700003, 1.297916256000065], [117.742620686, 1.297913907000066], [117.7426239880001, 1.297908320000033], [117.74266427600003, 1.297858260000055], [117.74266301400007, 1.297856846000059], [117.74262868500011, 1.297813976000043], [117.74256039800002, 1.297762460000058], [117.74242743100001, 1.297691136000026], [117.74232982, 1.297643187000062], [117.74222806300008, 1.29763015900005], [117.74222776300007, 1.297630079000044], [117.74222721000001, 1.297630033000075], [117.74206541300009, 1.297602941000036], [117.74206175900008, 1.29760188900002], [117.74206110800003, 1.297601769000039]]], [[[117.74565894800003, 1.299106272000074], [117.74565989400003, 1.299102617000074], [117.74565841800006, 1.299105672000053], [117.74565894800003, 1.299106272000074]]]]}},
{"type": "Feature", "properties": {"ba_code": "4321", "blockid": "4321G31P07", "division": "02"}, "geometry": {"type": "MultiPolygon", "coordinates": [[[[117.801189238, 1.270479373000057], [117.80407330700007, 1.270835789000046], [117.80390092100004, 1.267260237000073], [117.80280855700005, 1.267340693000051], [117.80109862000006, 1.26745184300006], [117.801189238, 1.270479373000057]]]]}},
{"type": "Feature", "properties": {"ba_code": "4321", "blockid": "4321J33P07", "division": "03"}, "geometry": {"type": "MultiPolygon", "coordinates": [[[[117.80666129000008, 1.247650458000066], [117.80666135500007, 1.247650344000022], [117.80670073700003, 1.247581528000069], [117.80674484700012, 1.24752667100006], [117.80680753800004, 1.247468043000026], [117.80685941400009, 1.247394675000066], [117.80689009800005, 1.247308318000023], [117.8069375020001, 1.247236624000038], [117.80698746000007, 1.247156952000068], [117.8070485180001, 1.247097333000056], [117.80712028100004, 1.247056601000054], [117.80719405600007, 1.24700858500006], [117.80726728200011, 1.246986350000043], [117.80736247700008, 1.246978339000066], [117.80745153700002, 1.246984196000028], [117.8075395840001, 1.246990251000057], [117.80763290700008, 1.247003487000029], [117.8077260980001, 1.246999377000066], [117.8077928140001, 1.247041849000027], [117.807873072, 1.247012408000046], [117.80794524400005, 1.246957966000025], [117.80801314700011, 1.246906807000073], [117.80810042000007, 1.246871717000033], [117.808179257, 1.246838514000046], [117.8082619700001, 1.246825785000055], [117.80833068400011, 1.246791683000026], [117.8084120640001, 1.24675879800003], [117.80849544500006, 1.246728408000024], [117.80858314900001, 1.246701870000038], [117.808614884, 1.246632673000022], [117.80867072, 1.246568551000053], [117.8087450380001, 1.246598423000023], [117.80882707900003, 1.246597786000052], [117.80891033700004, 1.246587150000039], [117.8089952680001, 1.246584115000076], [117.80907298300008, 1.246589912000047], [117.80914994800003, 1.246581332000062], [117.80923417400004, 1.246550884000044], [117.80939391400011, 1.246568296000021], [117.80945196400012, 1.246533452000051], [117.80945209600009, 1.246528127000033], [117.80944567400002, 1.245506917000057], [117.80942410800003, 1.243365094000069], [117.80932848400005, 1.240883576000044], [117.80896876400004, 1.241110692000063], [117.80895079400011, 1.241128791000051], [117.80876209100006, 1.241273591000038], [117.80861831700008, 1.241382191000071], [117.808456567, 1.24149079700004], [117.80831279300003, 1.241599398000062], [117.8081151020001, 1.241744201000074], [117.80788147300007, 1.241934246000028], [117.8076658120001, 1.242097147000038], [117.80741420400011, 1.24227815200004], [117.80718954400004, 1.24240487000003], [117.80697388300007, 1.24256777100004], [117.8068660570001, 1.242667314000073], [117.80669532700006, 1.242803062000064], [117.80669533000003, 1.242812109000056], [117.8066953330001, 1.242821155000058], [117.80667759000005, 1.243590102000041], [117.80666862400005, 1.243662476000054], [117.80665965000003, 1.243707710000024], [117.80664806100003, 1.243736898000066], [117.80666129000008, 1.247650458000066]]], [[[117.80932368700007, 1.240759101000037], [117.80930192800008, 1.240194425000027], [117.80663635600001, 1.24027353300005], [117.80664478000006, 1.242766295000024], [117.80666834200008, 1.242730700000038], [117.80683906600007, 1.242576859000053], [117.80704574200001, 1.24242300700007], [117.80727039400006, 1.242269150000027], [117.80747707900002, 1.242142437000041], [117.80762984400008, 1.242042880000042], [117.80786348100003, 1.241879974000028], [117.80802522200008, 1.241744228000073], [117.80822290800006, 1.241581333000056], [117.80838465200009, 1.241454634000036], [117.80859133400008, 1.241318875000047], [117.80860930400002, 1.241300777000049], [117.80869017600003, 1.241237427000044], [117.80869916400002, 1.241237425000065], [117.80870815000003, 1.241228375000048], [117.80924729900005, 1.240812077000044], [117.80925628500006, 1.240803028000073], [117.80932368700007, 1.240759101000037]]]]}},
{"type": "Feature", "properties": {"ba_code": "4321", "blockid": "4321G29P06", "division": "02"}, "geometry": {"type": "MultiPolygon", "coordinates": [[[[117.79849584600004, 1.27146060900003], [117.79855195200003, 1.271455458000048], [117.79856093700005, 1.271446409000021], [117.7986148660001, 1.27144639200003], [117.79862385400008, 1.271446389000062], [117.7986250030001, 1.271375370000044], [117.7986250890001, 1.27137007500005], [117.79859014200008, 1.267451551000022], [117.79803814500008, 1.267457698000044], [117.79579492100004, 1.26748486200006], [117.79589319900003, 1.273178251000047], [117.7959189720001, 1.27316604400005], [117.79670091500009, 1.27310247600002], [117.79670090900004, 1.273084383000025], [117.79674584200006, 1.273057230000063], [117.79680875300005, 1.273039118000042], [117.796898639, 1.273057183000049], [117.79697953200002, 1.273057158000029], [117.7970694070001, 1.273039037000046], [117.7971413030001, 1.273011875000066], [117.79720421400009, 1.272993763000045], [117.79726712500008, 1.272975651000024], [117.79731205400003, 1.27293945100007], [117.79742889400006, 1.272921322000059], [117.79754573600007, 1.27291223900005], [117.79756370900009, 1.272903187000054], [117.797617607, 1.272803660000022], [117.7976086000001, 1.272740338000062], [117.79760858800012, 1.272704153000063], [117.79760856300004, 1.272622735000027], [117.79759956400005, 1.272586553000053], [117.79757258900008, 1.272550375000037], [117.79758154600006, 1.272450862000028], [117.7975995060001, 1.272396578000041], [117.79759950300001, 1.272387532000039], [117.79759051500002, 1.272387535000064], [117.79759049600011, 1.272324210000022], [117.79759048200003, 1.272278978000031], [117.79762640100012, 1.272170410000058], [117.79770727700009, 1.272116107000045], [117.7977971570001, 1.272116079000057], [117.7978690650001, 1.272125103000064], [117.79798590400003, 1.272106974000053], [117.79806678300008, 1.272061717000042], [117.79812069400009, 1.272007422000058], [117.7981656070001, 1.271916944000054], [117.79824647200007, 1.271826455000053], [117.79825545400001, 1.271808359000033], [117.79827339700012, 1.271699797000053], [117.79825541000002, 1.271663617000058], [117.79827337800009, 1.271636472000068], [117.79826933800007, 1.271610095000028], [117.79825536500005, 1.271518875000027], [117.79824636300009, 1.271473646000061], [117.79832724800008, 1.271446481000055], [117.79835421500002, 1.271455519000028], [117.79839914900003, 1.271437413000058], [117.79845308600011, 1.271464535000064], [117.79849584600004, 1.27146060900003]]]]}},
{"type": "Feature", "properties": {"ba_code": "4321", "blockid": "4321J28P07", "division": "05"}, "geometry": {"type": "MultiPolygon", "coordinates": [[[[117.79532617400002, 1.244878157000073], [117.79533510200008, 1.244679133000034], [117.7952721480001, 1.244552503000023], [117.795218212, 1.244525380000027], [117.79511934200002, 1.244516364000049], [117.7950474380001, 1.244516385000054], [117.79492160900008, 1.244525470000042], [117.79478677300006, 1.244471232000024], [117.7946968440001, 1.244308425000042], [117.79465187500011, 1.244208928000035], [117.79461587700007, 1.244055150000065], [117.7945169520001, 1.243865206000066], [117.79439104500011, 1.243611945000055], [117.7943550440001, 1.243449121000026], [117.79421113900003, 1.243123494000031], [117.79415708700003, 1.242707376000055], [117.79413902400006, 1.242417897000053], [117.79417491400011, 1.242209819000038], [117.79413894100003, 1.242137458000059], [117.7939860780001, 1.241911345000062], [117.79390507800008, 1.241549513000052], [117.79379708200008, 1.241079133000028], [117.79376108100007, 1.240916309000056], [117.79371607100006, 1.240681116000076], [117.7936800870001, 1.24057257000004], [117.79363512300006, 1.240491166000027], [117.79352721600003, 1.240319317000058], [117.79341031100012, 1.240111285000069], [117.793329373, 1.239957521000065], [117.79324844900009, 1.239848989000052], [117.793077616, 1.239640973000064], [117.79291576800006, 1.239423908000049], [117.7929067980001, 1.239487236000059], [117.79289051100011, 1.245150287000058], [117.79289136300008, 1.247999902000061], [117.79292752700007, 1.248705511000026], [117.7929367370001, 1.249447312000029], [117.79292780000003, 1.249619197000072], [117.79317048200005, 1.249637216000053], [117.79361089100007, 1.249628036000047], [117.79461754500005, 1.249618683000051], [117.79536353800006, 1.249582270000076], [117.79544443300006, 1.249591292000048], [117.79542636400004, 1.249283720000051], [117.79538994200004, 1.247718705000068], [117.7953443780001, 1.245638048000046], [117.79532617400002, 1.244878157000073]]]]}},
{"type": "Feature", "properties": {"ba_code": "4321", "blockid": "4321H33P06", "division": "02"}, "geometry": {"type": "MultiPolygon", "coordinates": [[[[117.80681428900004, 1.258510302000047], [117.80687955500002, 1.261689642000022], [117.80690149000009, 1.26711502400002], [117.80966930800003, 1.267059242000073], [117.80951461100005, 1.262669146000064], [117.80937241600009, 1.258412957000075], [117.80681428900004, 1.258510302000047]]]]}},
{"type": "Feature", "properties": {"ba_code": "4321", "blockid": "4321E24P07", "division": "04"}, "geometry": {"type": "MultiPolygon", "coordinates": [[[[117.7840377340001, 1.285892173000036], [117.78203877100009, 1.285906944000033], [117.78215634800006, 1.29155783300007], [117.78220068300004, 1.294012406000036], [117.78367590200003, 1.293932075000043], [117.78545021600007, 1.293870202000051], [117.78526983300003, 1.290915856000026], [117.78506822100007, 1.289728727000067], [117.78491244600002, 1.288544461000072], [117.78488247700011, 1.287345258000073], [117.78487543000006, 1.28589366500006], [117.7840377340001, 1.285892173000036]]]]}},
{"type": "Feature", "properties": {"ba_code": "4321", "blockid": "4321D26P07", "division": "04"}, "geometry": {"type": "MultiPolygon", "coordinates": [[[[117.78758577000008, 1.296907172000033], [117.79065287100002, 1.296933573000047], [117.79059937500006, 1.293773786000031], [117.78967475200011, 1.293783074000032], [117.78899151400003, 1.293829756000036], [117.78785141700007, 1.293914129000029], [117.78758577000008, 1.296907172000033]]]]}},
{"type": "Feature", "properties": {"ba_code": "4321", "blockid": "4321I18P07", "division": "05"}, "geometry": {"type": "MultiPolygon", "coordinates": [[[[117.767744493, 1.253607165000062], [117.767735334, 1.253019148000021], [117.76716916700002, 1.253299755000057], [117.76689055500003, 1.253363163000074], [117.7658660620001, 1.253870066000047], [117.7652729460001, 1.254204960000038], [117.76506624900003, 1.254304531000059], [117.7650393450001, 1.254512608000027], [117.76510316400004, 1.257615524000073], [117.76514836000001, 1.258493018000024], [117.76513946700004, 1.258818693000023], [117.76519114100006, 1.258915213000023], [117.76531393100004, 1.258910811000021], [117.76531476700006, 1.258910962000073], [117.76531566400001, 1.258910786000058], [117.76552140600006, 1.258912291000058], [117.76573441700009, 1.258913654000025], [117.76573453800006, 1.258913679000045], [117.76573465400008, 1.258913656000061], [117.76591109900005, 1.258915829000046], [117.76591128200005, 1.258915866000052], [117.76591145000009, 1.258915835000039], [117.76605703700011, 1.258918900000026], [117.76620859500008, 1.258922019000067], [117.76638329800005, 1.258915500000057], [117.76638398700004, 1.258915624000053], [117.7663847450001, 1.258915472000069], [117.76663974100006, 1.258915146000049], [117.76664002000007, 1.258915201000036], [117.76664029200003, 1.258915149000075], [117.76688959700004, 1.258918245000075], [117.76708390800002, 1.258918728000026], [117.76708451900004, 1.258918851000033], [117.76708507800004, 1.258918748000042], [117.76720352200005, 1.258922492000067], [117.767344, 1.258925152000074], [117.76752399500003, 1.25892312700006], [117.76777855000012, 1.258914029000039], [117.76777878300004, 1.258914072000039], [117.76777905200004, 1.258914015000073], [117.76786261000007, 1.258912075000069], [117.76784447300008, 1.257415692000052], [117.76781718400002, 1.256302987000026], [117.76778994000006, 1.255344071000025], [117.76774499700002, 1.255335038000055], [117.767744493, 1.253607165000062]]]]}},
{"type": "Feature", "properties": {"ba_code": "4321", "blockid": "4321I24P07", "division": "05"}, "geometry": {"type": "MultiPolygon", "coordinates": [[[[117.7831543740001, 1.258650394000028], [117.7836011600001, 1.258637592000071], [117.78365107600007, 1.258634156000028], [117.7836518040001, 1.25863427500002], [117.78365273400004, 1.258634076000021], [117.78383649900002, 1.258629037000048], [117.784035119, 1.25861623000003], [117.7840354220001, 1.258616281000059], [117.7840358200001, 1.258616191000044], [117.78421845900004, 1.258607618000042], [117.78434565200007, 1.258601016000057], [117.78434661800009, 1.258601183000053], [117.78434772300011, 1.25860096200006], [117.78435168600004, 1.258601157000044], [117.78441361700004, 1.258607275000031], [117.78441422800006, 1.258607429000051], [117.78441576500006, 1.258607546000064], [117.78442771400012, 1.258609381000042], [117.78440049300002, 1.257410739000022], [117.78439150000008, 1.257392649000053], [117.78432774700002, 1.254588279000075], [117.78437268500011, 1.25457921900005], [117.78434554300009, 1.253982163000046], [117.784318288, 1.253005158000065], [117.78430907400002, 1.252245262000031], [117.78429108700004, 1.252209082000036], [117.78420952300007, 1.249947502000055], [117.7818546630001, 1.249957255000027], [117.78164802900005, 1.250264895000043], [117.7816933790001, 1.251648984000042], [117.78174812000009, 1.254390034000039], [117.78179341500004, 1.255584148000025], [117.78182062600001, 1.256416411000032], [117.78184826100005, 1.258668962000058], [117.78313880900009, 1.258650656000043], [117.7831543740001, 1.258650394000028]]]]}},
{"type": "Feature", "properties": {"ba_code": "4321", "blockid": "4321K38P08", "division": "03"}, "geometry": {"type": "MultiPolygon", "coordinates": [[[[117.82037197900002, 1.234736134000059], [117.82037007100007, 1.235125929000048], [117.82037662300002, 1.236835453000026], [117.82037403800007, 1.237851028000023], [117.82044560100007, 1.23999258200007], [117.82310941900005, 1.239952928000037], [117.8230566420001, 1.231075008000062], [117.82089848100009, 1.231085423000025], [117.82039426200004, 1.231120744000066], [117.82037518900006, 1.232420537000053], [117.82037197900002, 1.234736134000059]]]]}},
{"type": "Feature", "properties": {"ba_code": "4321", "blockid": "4321E12P16", "division": "06"}, "geometry": {"type": "MultiPolygon", "coordinates": [[[[117.75151852800002, 1.294131346000029], [117.75151754, 1.29077004200002], [117.75096533500005, 1.290259383000034], [117.75074964900011, 1.290368004000072], [117.750309205, 1.290295763000074], [117.74994065800001, 1.290196361000028], [117.74944633400003, 1.290296019000039], [117.74914970600003, 1.290241828000035], [117.74935636400005, 1.28999751200007], [117.74932034800008, 1.289780407000023], [117.74928430000011, 1.289454744000068], [117.74927981500002, 1.289451617000054], [117.749286761, 1.289446832000067], [117.74928427900011, 1.289382372000034], [117.7491763380001, 1.289101963000064], [117.74913131200003, 1.288812488000076], [117.7492481060001, 1.288631524000039], [117.74942786000008, 1.288595285000042], [117.74940084500008, 1.288423409000075], [117.74939176700002, 1.288115832000074], [117.74950855600002, 1.287916774000053], [117.74974216500004, 1.287627217000022], [117.75005682500012, 1.287871379000023], [117.75028158900011, 1.288070336000033], [117.75056025800006, 1.288187857000025], [117.75086589200009, 1.288305371000035], [117.75085696200006, 1.288504396000064], [117.75095588300007, 1.288676250000037], [117.75116144100002, 1.288762383000062], [117.75118022100003, 1.288770252000063], [117.7514587610001, 1.28856711800006], [117.75151870200011, 1.288538439000035], [117.75151847400002, 1.287758551000024], [117.75129381400006, 1.287821978000068], [117.75102527500007, 1.287796832000026], [117.7510152210001, 1.287699176000046], [117.75092070000005, 1.28770497000005], [117.75082304700004, 1.287447706000023], [117.7509027960001, 1.287335263000045], [117.7510351630001, 1.287218623000058], [117.75117256500005, 1.286997148000069], [117.75115850100008, 1.286729696000066], [117.7508297600001, 1.286490490000062], [117.75114366900004, 1.286122971000054], [117.75106036200009, 1.285920316000045], [117.75106478100008, 1.285898640000028], [117.74873715300009, 1.285909953000044], [117.74874452200004, 1.289520336000066], [117.74874629100009, 1.289519098000028], [117.74875351900005, 1.293059061000065], [117.74880895800004, 1.292992062000053], [117.74908767400007, 1.293263374000048], [117.749285471, 1.293453292000038], [117.74929453300001, 1.293706591000046], [117.74922270400009, 1.293968960000029], [117.74894102600001, 1.294078987000034], [117.748936662, 1.294132371000046], [117.75151852800002, 1.294131346000029]]]]}},
{"type": "Feature", "properties": {"ba_code": "4321", "blockid": "4321L37P08", "division": "03"}, "geometry": {"type": "MultiPolygon", "coordinates": [[[[117.82032696400006, 1.228820325000072], [117.82035799100004, 1.225760928000057], [117.82032193900011, 1.222112161000041], [117.81745051100006, 1.22215402300003], [117.81752020300007, 1.231093107000049], [117.81944243700002, 1.231052884000064], [117.8203162960001, 1.231052102000035], [117.82032696400006, 1.228820325000072]]]]}},
{"type": "Feature", "properties": {"ba_code": "4321", "blockid": "4321M39P08", "division": "03"}, "geometry": {"type": "MultiPolygon", "coordinates": [[[[117.82306177900011, 1.221939561000056], [117.82469100300011, 1.22193573200002], [117.82508026800008, 1.219830830000035], [117.82448994300012, 1.21827019400007], [117.82304563200012, 1.218088397000031], [117.82306177900011, 1.221939561000056]]]]}},
{"type": "Feature", "properties": {"ba_code": "4321", "blockid": "4321D21P08", "division": "04"}, "geometry": {"type": "MultiPolygon", "coordinates": [[[[117.77442715600012, 1.297463826000069], [117.77547177400004, 1.296994294000058], [117.77568560800012, 1.297002505000023], [117.77602691100003, 1.296981706000054], [117.7761502840001, 1.297006501000055], [117.77621196500002, 1.297003848000031], [117.77628226900003, 1.296941747000062], [117.77635848300008, 1.296921027000053], [117.77642290900008, 1.296923323000044], [117.77644222200001, 1.296924011000044], [117.77650652200009, 1.296925496000028], [117.77656334900007, 1.29694203400004], [117.77658426900007, 1.296893867000051], [117.77664854600005, 1.296820101000037], [117.776527256, 1.296725345000027], [117.77638281500003, 1.296505915000068], [117.77629850700009, 1.296302012000069], [117.77625173100012, 1.295992899000055], [117.77627638000001, 1.295819993000066], [117.77649647700002, 1.295462414000042], [117.7766255570001, 1.295215660000054], [117.77665883000009, 1.294767340000021], [117.77653276, 1.29437230000002], [117.77651533900007, 1.294371933000036], [117.774015802, 1.294319311000038], [117.77414203500007, 1.29731672600002], [117.77442715600012, 1.297463826000069]]]]}},
{"type": "Feature", "properties": {"ba_code": "4321", "blockid": "4321F16P07", "division": "04"}, "geometry": {"type": "MultiPolygon", "coordinates": [[[[117.76333200200008, 1.282252909000022], [117.7631630410001, 1.279669050000052], [117.76299414300001, 1.278837475000046], [117.76273037700003, 1.276703664000024], [117.7618723490001, 1.276737886000035], [117.76126012100008, 1.276854542000024], [117.76070820900009, 1.277000169000075], [117.76117893500009, 1.278627045000064], [117.76141040400012, 1.279121227000076], [117.76142576300003, 1.279850844000066], [117.7616144210001, 1.280118375000029], [117.7621833610001, 1.280468624000036], [117.76225692300011, 1.280635170000039], [117.76224145900005, 1.281200756000032], [117.76256747100001, 1.281981794000046], [117.76333200200008, 1.282252909000022]]]]}},
{"type": "Feature", "properties": {"ba_code": "4321", "blockid": "4321I30P07", "division": "05"}, "geometry": {"type": "MultiPolygon", "coordinates": [[[[117.7988565070001, 1.258672660000059], [117.79893230200003, 1.258669685000029], [117.79893253300008, 1.25866972700004], [117.79893280500005, 1.258669669000028], [117.79901182900005, 1.25866755900006], [117.79909809300011, 1.258665008000037], [117.799098146, 1.258665018000045], [117.79909820700004, 1.258665005000069], [117.79918936600006, 1.258662571000059], [117.79918963600005, 1.258662621000042], [117.7991899330001, 1.258662560000062], [117.79926616300008, 1.25866159900005], [117.79926665300002, 1.258661694000068], [117.79926714300007, 1.25866159900005], [117.79937186200004, 1.258662834000063], [117.79947693000008, 1.258657971000048], [117.79947783300008, 1.258658130000072], [117.79947884600006, 1.258657928000048], [117.79958139900009, 1.258658076000074], [117.79965604000006, 1.258655993000048], [117.79965696600004, 1.258656165000048], [117.79965791200004, 1.258655984000029], [117.79973541400011, 1.258657432000064], [117.79982110200001, 1.258657018000065], [117.7999092980001, 1.258654292000074], [117.7999094270001, 1.258654315000058], [117.79990957500002, 1.258654284000045], [117.79999586300005, 1.258652211000026], [117.79999598100005, 1.258652234000067], [117.79999611200003, 1.258652206000022], [117.80007265200004, 1.258650843000055], [117.80016946600006, 1.258643002000042], [117.80017235500009, 1.258642885000029], [117.80017241700011, 1.258642872000053], [117.80027862200006, 1.258642100000031], [117.80035077500008, 1.258638828000073], [117.80042578000007, 1.258635439000045], [117.8004261210001, 1.258635499000036], [117.80042652800012, 1.258635412000046], [117.80051670600005, 1.258633021000037], [117.80051702900005, 1.258633082000074], [117.80051738200007, 1.25863300900005], [117.80061742600003, 1.258632040000066], [117.80071534700005, 1.258630305000054], [117.800715652, 1.258630364000055], [117.80071597200003, 1.25863029900006], [117.80080478000002, 1.258630108000034], [117.80088636800008, 1.258628108000039], [117.80096170500008, 1.258624113000053], [117.80096184400008, 1.258624137000027], [117.80096201900005, 1.258624097000052], [117.80103794000001, 1.25862066600007], [117.80103879, 1.258620816000075], [117.80103917200006, 1.258620739000037], [117.80088343200009, 1.25523514200006], [117.80072483000004, 1.251787257000046], [117.80072517500003, 1.251785275000032], [117.80072483900005, 1.251783319000026], [117.80076886800009, 1.250906573000066], [117.800768951, 1.250906205000035], [117.80076906500005, 1.250904125000034], [117.8009213790001, 1.249526486000036], [117.79942609800003, 1.249535797000021], [117.79926062600009, 1.249542253000072], [117.79917870300005, 1.250065501000051], [117.79917669600002, 1.250072680000073], [117.79917547100001, 1.250075311000046], [117.79908564300001, 1.250247220000062], [117.79908370900012, 1.250249864000068], [117.79908201100011, 1.250252699000043], [117.79851279200011, 1.250943230000075], [117.79851880800004, 1.251182517000075], [117.79850100200008, 1.25174339900002], [117.79848341200011, 1.253018945000065], [117.79847471200003, 1.253968818000033], [117.79850185400005, 1.254556825000066], [117.79856486900007, 1.254882475000045], [117.79854728300006, 1.256167067000035], [117.79856537100011, 1.256537964000074], [117.79860137300011, 1.256700788000046], [117.79860146600004, 1.257008365000047], [117.79858372900003, 1.257795406000071], [117.7986377840001, 1.258211523000057], [117.79864603900012, 1.258660947000067], [117.79878575500004, 1.258669972000064], [117.7988565070001, 1.258672660000059]]], [[[117.79911736400004, 1.250050470000076], [117.79919654200012, 1.249544754000055], [117.79849135800009, 1.249572269000055], [117.79848241600007, 1.249726060000057], [117.79852747400002, 1.250115041000072], [117.79849162300002, 1.250449768000067], [117.79850971100007, 1.250820664000059], [117.79851037300011, 1.25084699100006], [117.79903149000006, 1.250214813000071], [117.79911736400004, 1.250050470000076]]]]}},
{"type": "Feature", "properties": {"ba_code": "4321", "blockid": "4321L42P13", "division": "06"}, "geometry": {"type": "MultiPolygon", "coordinates": [[[[117.83272828600002, 1.230921471000045], [117.83289549000006, 1.230894845000023], [117.83289726600003, 1.230894614000022], [117.83307701800004, 1.230876465000051], [117.83308014800002, 1.230876307000074], [117.83309277700005, 1.230876303000059], [117.83326746900002, 1.230814701000043], [117.83327197500012, 1.230813481000041], [117.8334609200001, 1.230777198000055], [117.83346659400001, 1.230776676000062], [117.83346796100011, 1.230776705000039], [117.83367468400002, 1.230785687000036], [117.83367573100008, 1.230785750000052], [117.83390821600005, 1.23080367600005], [117.83410474000004, 1.230803614000024], [117.8341074650001, 1.230803732000027], [117.83431283200002, 1.230821641000034], [117.83440660500003, 1.230821612000057], [117.83440677500005, 1.230771739000033], [117.83440682800006, 1.230769998000028], [117.8344157140001, 1.230617136000035], [117.83441570100001, 1.230572835000032], [117.83441582900002, 1.230569969000044], [117.83442434300002, 1.230475373000047], [117.83440740800006, 1.23039878000003], [117.8344071360001, 1.230397410000023], [117.83440665600006, 1.230391912000073], [117.83440663200008, 1.230312466000044], [117.83439786500003, 1.230242055000076], [117.83439762100011, 1.230238128000053], [117.83439758200007, 1.230114422000042], [117.83437108300006, 1.229972413000041], [117.8343706280001, 1.229968606000057], [117.83436159200005, 1.229814822000037], [117.83435656800009, 1.229729307000071], [117.8343549970001, 1.229702564000036], [117.8343525570001, 1.229661037000028], [117.83434352100005, 1.229507253000065], [117.83434346600006, 1.229505394000057], [117.83434344200009, 1.229427331000068], [117.834318617, 1.229310906000023], [117.83424866500002, 1.229310928000075], [117.83400827300011, 1.229319965000059], [117.83357855600002, 1.229383178000035], [117.83357387700005, 1.229383510000048], [117.83356920200004, 1.229383139000049], [117.83356463300004, 1.229382072000021], [117.83327699400002, 1.229291699000044], [117.83327556000006, 1.229291210000042], [117.83318576300007, 1.22925794400004], [117.83308394100004, 1.229203076000033], [117.833012961, 1.229173582000044], [117.83293038700003, 1.229156063000062], [117.83284644000003, 1.229135161000045], [117.83278991800012, 1.229122909000068], [117.83253157900003, 1.229047880000053], [117.83252699700006, 1.229046151000034], [117.83252273700009, 1.229043727000033], [117.83251890200006, 1.229040668000039], [117.8321410740001, 1.22868776200005], [117.83187227400003, 1.228426398000067], [117.83186117700006, 1.228417604000072], [117.83183969700008, 1.228389040000025], [117.8317917920001, 1.228314970000042], [117.83172353100008, 1.228269966000028], [117.83165340100004, 1.22822800900002], [117.83160164900005, 1.228211929000054], [117.8315889800001, 1.228201889000047], [117.8315783590001, 1.228204565000055], [117.8315539030001, 1.228210727000032], [117.83154692000005, 1.228295383000045], [117.8315470010001, 1.228556409000021], [117.83154711800012, 1.228935646000025], [117.83157421600004, 1.229540544000031], [117.83158677600011, 1.229706737000072], [117.83160669600011, 1.229970293000065], [117.83162842400009, 1.230364326000029], [117.8316498910001, 1.230885699000055], [117.83164834200011, 1.230915800000048], [117.8325235960001, 1.230912667000041], [117.8326038030001, 1.230912642000021], [117.83260604400004, 1.230912721000038], [117.83272828600002, 1.230921471000045]]]]}},
{"type": "Feature", "properties": {"ba_code": "4321", "blockid": "4321F12P16", "division": "06"}, "geometry": {"type": "MultiPolygon", "coordinates": [[[[117.75106478100008, 1.285898640000028], [117.75105930000007, 1.285716282000067], [117.75106814100002, 1.285504478000064], [117.75087423100001, 1.285700441000074], [117.75056078900002, 1.285825809000073], [117.75040908100004, 1.28569228300006], [117.75045875400008, 1.285202583000057], [117.75035202700008, 1.285081690000027], [117.74991234000004, 1.284686711000063], [117.74948388400003, 1.284481092000021], [117.74948469100002, 1.284480906000056], [117.74958054600006, 1.28442056800003], [117.74964124500002, 1.284376380000026], [117.74966441400011, 1.284348173000069], [117.74971234200007, 1.284319210000035], [117.74976985900003, 1.284295070000042], [117.74983216500004, 1.284258866000073], [117.74985628500008, 1.28421983000004], [117.74992091100012, 1.284135220000053], [117.7499183860001, 1.284034491000057], [117.74994577100006, 1.283942950000039], [117.74997105400007, 1.283822187000055], [117.74996620500008, 1.283631612000022], [117.74999972500007, 1.283510984000031], [117.75010757900009, 1.283498890000033], [117.75017762700008, 1.283445035000057], [117.75020342500011, 1.283409605000031], [117.75028021500009, 1.28336616200005], [117.75031367400004, 1.28339268600007], [117.75033765500007, 1.283436101000063], [117.75037122000003, 1.283467452000025], [117.75042874700011, 1.28347949700003], [117.75044792400001, 1.283486728000071], [117.75050064700008, 1.283462589000067], [117.75051261800002, 1.283419163000076], [117.75049916800003, 1.283387788000027], [117.75050780600009, 1.283356443000059], [117.75050624700009, 1.283326076000037], [117.75051470200003, 1.283311883000067], [117.75052632800009, 1.283292368000048], [117.75053174800007, 1.283264766000059], [117.75052694400006, 1.283230994000064], [117.75052692800011, 1.283175510000035], [117.75061797900003, 1.283076576000042], [117.75062168000011, 1.283067527000071], [117.75076554700001, 1.283257461000062], [117.75076558900003, 1.283402205000073], [117.75082854100003, 1.28351979100006], [117.7509364230001, 1.283601177000037], [117.75107124400006, 1.28359209100006], [117.75130491900006, 1.283528696000076], [117.75149365000004, 1.283456269000055], [117.75152204900007, 1.283474446000071], [117.75152193800011, 1.283094468000058], [117.75148512300007, 1.283073951000063], [117.75136783300002, 1.282982377000053], [117.75130475500009, 1.282967814000074], [117.75119620800001, 1.282972007000069], [117.75107239400006, 1.283013586000038], [117.75102156100002, 1.282901755000069], [117.75100563300009, 1.282719611000061], [117.75103099500006, 1.282588583000063], [117.75104650500009, 1.282471354000052], [117.75104495300002, 1.282469597000045], [117.75124168500008, 1.28244313700003], [117.75132252800006, 1.282271230000049], [117.75150226300002, 1.282171665000021], [117.75152916700006, 1.282157075000043], [117.75152860900005, 1.28024326000002], [117.75152012900003, 1.280245001000026], [117.75152029500009, 1.280177558000048], [117.7514208, 1.280217648000075], [117.75122306800006, 1.280244846000073], [117.75096242600011, 1.280299202000037], [117.75076465600011, 1.280199749000076], [117.75068371500004, 1.280036936000045], [117.75066567800002, 1.279828872000053], [117.75045370200007, 1.279662815000052], [117.75042576800001, 1.279531797000061], [117.75033289700002, 1.279078111000047], [117.75025183500009, 1.278499160000024], [117.74995515900002, 1.278273085000023], [117.74991914600002, 1.278065026000036], [117.7500269520001, 1.277884065000023], [117.74982915400005, 1.277685100000042], [117.74980065700004, 1.277686120000055], [117.74956750100012, 1.277794511000025], [117.74956674500004, 1.277794679000067], [117.7495660300001, 1.277795160000039], [117.74955885300005, 1.277797394000061], [117.74901727100007, 1.277911854000024], [117.74901288300009, 1.277915036000024], [117.74899844200002, 1.277915495000059], [117.74899331800009, 1.277916031000075], [117.74898143900009, 1.277916035000032], [117.7489274510001, 1.277917749000039], [117.74889149600006, 1.277915749000044], [117.74887868500002, 1.277920051000024], [117.74886234100006, 1.277944741000056], [117.748851478, 1.277963639000063], [117.74880855800006, 1.278179958000067], [117.74874576800005, 1.278514535000056], [117.74874547600007, 1.278515521000031], [117.74874537800008, 1.278516328000023], [117.74873597400006, 1.278554232000033], [117.74870446800003, 1.278696647000061], [117.74871442800008, 1.278768340000056], [117.74869956400005, 1.278925075000075], [117.748689678, 1.27910848700003], [117.74872119100007, 1.279238532000022], [117.74873618000004, 1.279262897000024], [117.74880939700006, 1.27936332400003], [117.74883165200004, 1.279379314000039], [117.74883561200011, 1.279382689000045], [117.74884243500003, 1.279392959000063], [117.74884483300002, 1.279405075000057], [117.74884244200007, 1.279417192000039], [117.74883562500008, 1.279427467000062], [117.7488254210001, 1.27943433300004], [117.74881338300008, 1.279436747000034], [117.74880134400007, 1.279434340000023], [117.74879509700008, 1.279430855000044], [117.74876873800008, 1.279411917000061], [117.748764778, 1.279408542000056], [117.74876165300009, 1.279404878000037], [117.74873621100005, 1.279369981000059], [117.74873673700006, 1.281185075000053], [117.74873204900007, 1.281185849000053], [117.74873310300006, 1.284811132000073], [117.74873491100004, 1.284811245000071], [117.74873715300009, 1.285909953000044], [117.75106478100008, 1.285898640000028]], [[117.74908744900006, 1.284476901000062], [117.74908491300005, 1.284474154000065], [117.74909477500012, 1.284474498000066], [117.74908744900006, 1.284476901000062]]], [[[117.751366447, 1.27876118000006], [117.75152436000008, 1.278531462000046], [117.7515256800001, 1.277996863000055], [117.75151901800007, 1.277974091000033], [117.75144707000004, 1.277829368000027], [117.75146501800009, 1.27772985200005], [117.75141103800001, 1.277557984000055], [117.75152727300008, 1.277351722000049], [117.75152760100002, 1.277218516000062], [117.75128518000008, 1.277476603000025], [117.75097062000009, 1.277567160000046], [117.7507098860001, 1.27730488900005], [117.75051204600004, 1.276961181000047], [117.75060190500005, 1.276879736000069], [117.75076366300004, 1.276780177000035], [117.75044878500012, 1.276877497000044], [117.7503684400001, 1.277006967000034], [117.75027095300004, 1.277248005000047], [117.75020178400007, 1.277419027000064], [117.75020550200009, 1.277434724000045], [117.75024252900005, 1.277404538000042], [117.75040430600006, 1.277368304000049], [117.75067402800005, 1.277630573000067], [117.7505214150001, 1.278272919000074], [117.75037771400002, 1.27865291300003], [117.75051259500003, 1.278851896000049], [117.75062352300006, 1.278703324000048], [117.75070171000004, 1.278625334000026], [117.75083409800004, 1.278616588000034], [117.75096474700001, 1.278659483000069], [117.75105054000005, 1.278696035000053], [117.75116514100011, 1.278860832000021], [117.75124965900011, 1.278960237000035], [117.751366447, 1.27876118000006]]]]}},
{"type": "Feature", "properties": {"ba_code": "4321", "blockid": "4321L38P08", "division": "03"}, "geometry": {"type": "MultiPolygon", "coordinates": [[[[117.82039304600005, 1.222106110000027], [117.82042347400011, 1.225751797000044], [117.82038932700004, 1.228823408000039], [117.82038542600003, 1.231060065000065], [117.82088869000006, 1.231005926000023], [117.82304988800001, 1.230974389000039], [117.82299067800011, 1.22207301100002], [117.82039304600005, 1.222106110000027]]]]}},
{"type": "Feature", "properties": {"ba_code": "4321", "blockid": "4321H27P06", "division": "02"}, "geometry": {"type": "MultiPolygon", "coordinates": [[[[117.79313677700009, 1.267420127000037], [117.79303941900002, 1.260707398000022], [117.79262175200006, 1.260777593000057], [117.79261658000007, 1.260778025000036], [117.79260496100005, 1.260775790000025], [117.7919107570001, 1.260498343000052], [117.79120816800003, 1.260561219000067], [117.79120539200005, 1.260561343000063], [117.79119493900009, 1.26055954800006], [117.790408049, 1.260280818000069], [117.79009459400004, 1.260261559000071], [117.79010292400005, 1.26293393800006], [117.79010164700003, 1.26740254200007], [117.79313677700009, 1.267420127000037]]], [[[117.79303849000007, 1.260643352000045], [117.79302837400007, 1.259945836000043], [117.79298641500009, 1.259196726000027], [117.79288028000008, 1.259198697000045], [117.79284079600006, 1.259172220000039], [117.79275089900011, 1.259117970000034], [117.79272393200006, 1.259108931000071], [117.79268797200007, 1.259081803000072], [117.7926609970001, 1.259045626000045], [117.79257110500009, 1.259009468000045], [117.79254414700006, 1.259027569000068], [117.79245425800002, 1.25900045700007], [117.79240932100004, 1.259009517000038], [117.79241831200011, 1.259018561000062], [117.79231046300004, 1.25904573300005], [117.79227452200007, 1.259081930000036], [117.79229250600008, 1.259109063000039], [117.79232848000004, 1.259181424000076], [117.7924183660001, 1.259199489000025], [117.79244534700001, 1.259253759000046], [117.79246333600008, 1.259298986000033], [117.79249929700006, 1.259326114000032], [117.79249929900004, 1.259335160000035], [117.79252629100006, 1.259425616000044], [117.79251730600004, 1.259434665000072], [117.79250832600007, 1.259461807000037], [117.79249934600011, 1.259488949000058], [117.79249935100006, 1.259507042000052], [117.79248139200001, 1.259561326000039], [117.79247241200005, 1.259588468000061], [117.7922566960001, 1.259579487000053], [117.79222073900007, 1.259561405000056], [117.79219379400001, 1.25962473800007], [117.79213089400002, 1.259679036000023], [117.79204999600006, 1.259660968000048], [117.79204100200002, 1.259642878000022], [117.792041, 1.25963383200002], [117.79196907900007, 1.259579575000032], [117.79197805900003, 1.259552433000067], [117.79198704400005, 1.25954338400004], [117.79200499600006, 1.259461961000056], [117.79200497600004, 1.259398636000071], [117.79196001200012, 1.259317232000058], [117.79195999, 1.25924486100007], [117.79195997600004, 1.259199629000022], [117.79193299600001, 1.259145359000058], [117.7919150030001, 1.259091086000069], [117.79187904300011, 1.25906395800007], [117.791870044, 1.25902777500005], [117.7918610480001, 1.259000639000021], [117.79187002200001, 1.258955404000062], [117.79187000800005, 1.258910172000071], [117.79187899100009, 1.258892076000052], [117.79188397700011, 1.258856871000035], [117.79189542600011, 1.258780598000044], [117.79150474100004, 1.258764066000026], [117.79009015200006, 1.258836200000076], [117.79009439600009, 1.26019810400004], [117.79041626600008, 1.260217881000074], [117.79042077400004, 1.260218927000039], [117.79042479300006, 1.260219617000075], [117.79120939100005, 1.26049753500007], [117.79191263200005, 1.260434601000043], [117.79191540900001, 1.260434476000057], [117.79192702800003, 1.260436712000057], [117.79262003400004, 1.260713680000038], [117.79303849000007, 1.260643352000045]], [[117.79123213900004, 1.25984214600004], [117.79122314800009, 1.259833102000073], [117.79114225800004, 1.259842174000028], [117.79110629800005, 1.259815045000039], [117.79109730200003, 1.259787909000067], [117.79107931500005, 1.259751729000072], [117.79107930100008, 1.259706497000025], [117.79105231800008, 1.259643180000069], [117.79098937100002, 1.259543689000054], [117.79090846800011, 1.259507528000029], [117.79089946900001, 1.259471345000065], [117.7908994610001, 1.259444206000069], [117.79089045100011, 1.25937183800005], [117.79093537000006, 1.25929945300004], [117.79095331300005, 1.25919089000007], [117.79099825000003, 1.259181830000045], [117.79105218100005, 1.259190860000047], [117.79107913200005, 1.259145620000027], [117.79106113700004, 1.259082301000035], [117.79107909400011, 1.259018970000056], [117.79108805700002, 1.258937550000041], [117.79107005900005, 1.258865184000058], [117.79106106300003, 1.25883804800003], [117.79115094100007, 1.258828974000039], [117.79115994200004, 1.258874203000062], [117.79116058700004, 1.258876581000038], [117.79116616300007, 1.258887002000051], [117.79120489400009, 1.258910375000028], [117.79123186600009, 1.258937506000052], [117.79126782100002, 1.258946541000057], [117.79129479300002, 1.258973672000025], [117.79130378100001, 1.258973670000046], [117.7913487290001, 1.25900079500002], [117.7913936860001, 1.259055060000037], [117.79144763900001, 1.259136461000026], [117.79147462200001, 1.259199777000049], [117.79146566400004, 1.259299291000048], [117.79147466300003, 1.259335474000068], [117.79150164600003, 1.259398790000034], [117.7915106590001, 1.259480205000045], [117.79151066400004, 1.25949829800004], [117.79153765300009, 1.259579707000057], [117.79157362100011, 1.259633975000042], [117.79155566200006, 1.25968825800004], [117.7915466820001, 1.259715400000061], [117.79152872500003, 1.25977873100004], [117.7914658090001, 1.259778750000066], [117.79140290300006, 1.259814955000024], [117.79140290600003, 1.259824001000027], [117.79134898600012, 1.259851157000071], [117.79123213900004, 1.25984214600004]]]]}},
{"type": "Feature", "properties": {"ba_code": "4321", "blockid": "4321H26P06", "division": "02"}, "geometry": {"type": "MultiPolygon", "coordinates": [[[[117.79005185300002, 1.262939068000037], [117.79003431800004, 1.260257856000067], [117.78895471400006, 1.26019152300006], [117.78838634500005, 1.26043306400004], [117.7883862440001, 1.260433085000045], [117.78838615600012, 1.260433144000046], [117.78837874300007, 1.260435212000061], [117.78771365700004, 1.260534925000059], [117.78770903200007, 1.260535271000037], [117.78770834200009, 1.260535133000076], [117.78770772300004, 1.260535244000039], [117.787401455, 1.260522493000053], [117.78736613400008, 1.263046936000023], [117.78734065000003, 1.267480907000049], [117.79002572500008, 1.267408234000072], [117.79005185300002, 1.262939068000037]]], [[[117.78893838800002, 1.260130022000055], [117.78894926100008, 1.260127805000025], [117.7889503020001, 1.260128013000042], [117.78895118700007, 1.260127863000037], [117.79003390300011, 1.260194388000059], [117.79002503100003, 1.258837653000057], [117.7894533870001, 1.258808829000031], [117.78742578800006, 1.258783397000059], [117.78740234100007, 1.26045915100002], [117.78770734000011, 1.260471849000055], [117.78836553800011, 1.260373169000047], [117.78893703400001, 1.260130298000036], [117.78893713500008, 1.26013027700003], [117.78893722300006, 1.260130218000029], [117.78893838800002, 1.260130022000055]]]]}},
{"type": "Feature", "properties": {"ba_code": "4321", "blockid": "4321D10P13", "division": "06"}, "geometry": {"type": "MultiPolygon", "coordinates": [[[[117.74293111300005, 1.297740297000075], [117.74294066700008, 1.297757727000032], [117.74294283900008, 1.297759187000054], [117.74294593600007, 1.297763079000049], [117.74300545900007, 1.297857628000031], [117.74313709400008, 1.298016921000055], [117.74325352000005, 1.298122199000034], [117.74325392800006, 1.298122778000049], [117.74325458200008, 1.298123224000051], [117.7433707020001, 1.298242941000069], [117.743370894, 1.29824323400004], [117.7433711440001, 1.298243410000055], [117.7434598430001, 1.29834024500002], [117.74351400700004, 1.29838434900006], [117.74351486500007, 1.298385127000074], [117.74351502000002, 1.298385225000061], [117.74363555700006, 1.298495929000069], [117.74377102000005, 1.298595500000033], [117.74386189200004, 1.298650340000052], [117.74396945, 1.298705748000032], [117.74396983200006, 1.298706027000037], [117.74397103400008, 1.298706647000074], [117.7440810390001, 1.298775142000068], [117.74421405300006, 1.29884203000006], [117.744302618, 1.298854049000056], [117.74437673600005, 1.29882755400007], [117.74447443200006, 1.298762822000072], [117.74456385000008, 1.298699255000031], [117.74456754200003, 1.298697206000043], [117.74456787300005, 1.298696979000056], [117.7446470430001, 1.298662422000064], [117.74464722100004, 1.298662385000057], [117.74464737800008, 1.298662279000041], [117.74465108400011, 1.298661099000071], [117.74472139800002, 1.298645288000046], [117.744726291, 1.298644744000057], [117.74473235200003, 1.298645580000027], [117.74480720400004, 1.298666661000027], [117.74480974200003, 1.298667543000022], [117.74481033200004, 1.29866794000003], [117.74481092300005, 1.29866807600007], [117.74487193100003, 1.298697739000033], [117.7448780410001, 1.298702106000064], [117.74487940300003, 1.298703605000071], [117.74493063800003, 1.298765347000028], [117.74496654400002, 1.298795678000033], [117.74505378000003, 1.298825405000059], [117.74515407700005, 1.298832718000028], [117.7451542020001, 1.298832748000052], [117.7451547170001, 1.298832775000051], [117.745259443, 1.298843451000039], [117.7454356830001, 1.298809486000039], [117.74543757200001, 1.29880930500002], [117.74543824300008, 1.298809144000074], [117.74550950300011, 1.298803810000038], [117.74551025100004, 1.298803931000066], [117.74551116300006, 1.298803748000068], [117.74551976300006, 1.298805467000022], [117.74552218000008, 1.298806649000028], [117.74556441700008, 1.298830545000044], [117.74556929000005, 1.29883426300006], [117.745573325, 1.298839792000024], [117.74560501500002, 1.298900881000066], [117.74560585400002, 1.298902687000066], [117.74560734500005, 1.298908178000033], [117.74561804400003, 1.298984258000075], [117.74561826600006, 1.298987421000049], [117.74561655800005, 1.298996076000037], [117.74561448400004, 1.298999202000061], [117.74564370500002, 1.299028059000022], [117.7457030270001, 1.299074524000048], [117.74575721800011, 1.299102368000035], [117.7458437890001, 1.299078578000035], [117.74591474400006, 1.299027300000034], [117.74591480900006, 1.299027264000074], [117.74591488600004, 1.299027198000033], [117.74595896100004, 1.298995865000052], [117.7459633200001, 1.298993446000054], [117.74596917200006, 1.29899189200006], [117.74604781200003, 1.298982119000073], [117.74605055900008, 1.298981949000051], [117.74605915900008, 1.298983668000062], [117.74605956500011, 1.298983940000028], [117.74605999200003, 1.298984035000046], [117.7461706680001, 1.299035512000046], [117.74617136800009, 1.299036003000026], [117.74617435100004, 1.299037673000043], [117.74633197800006, 1.299151631000029], [117.74652729000002, 1.299231981000048], [117.74652733100004, 1.299232008000047], [117.74652738100008, 1.299232018000055], [117.74652840400006, 1.299232726000071], [117.74653467200005, 1.299236919000066], [117.74653484700002, 1.29923718200007], [117.74653508800009, 1.299237349000066], [117.7465917400001, 1.299297443000057], [117.74659619700003, 1.299304349000067], [117.74659698700009, 1.299306595000076], [117.74662102400009, 1.299388389000057], [117.74673457000006, 1.29946996700005], [117.74676610600011, 1.29960380700004], [117.74683712400008, 1.299628545000076], [117.74688808500002, 1.299715682000055], [117.74706128100001, 1.299763479000035], [117.74713013600001, 1.299750291000066], [117.74721099900012, 1.29964170900007], [117.74735525400001, 1.299433118000024], [117.74735983000005, 1.29939285200004], [117.74735499700012, 1.299388626000052], [117.74731877300007, 1.299352189000047], [117.74719294500005, 1.299379366000039], [117.74709402600001, 1.299216558000069], [117.74700414100005, 1.299207539000065], [117.7467164950001, 1.299135252000042], [117.74626702800003, 1.298954456000047], [117.74608719900004, 1.298737394000057], [117.74607045200003, 1.298606887000062], [117.74604219900004, 1.29853838400004], [117.74603923100005, 1.298538215000065], [117.74598977800008, 1.298544451000055], [117.74594238600002, 1.298550687000045], [117.74583935500004, 1.29855382900007], [117.7457693020001, 1.298579774000075], [117.74569167000004, 1.298583721000057], [117.74555706100011, 1.298588133000067], [117.74524179700006, 1.298627632000034], [117.74521174100005, 1.298635193000052], [117.74509650100003, 1.298635228000023], [117.7450574930001, 1.298622748000071], [117.74502379900002, 1.298594208000054], [117.74500340600002, 1.298579046000043], [117.7449519920001, 1.298579954000047], [117.74490549500001, 1.298552610000058], [117.74485446100005, 1.298513067000044], [117.74481633800008, 1.298494342000026], [117.7447897400001, 1.298482752000041], [117.74476729900005, 1.298470793000035], [117.74470907200009, 1.298480991000019], [117.74468070900002, 1.298494383000047], [117.74461422400009, 1.298494402000074], [117.74457698600008, 1.298473], [117.74464788000012, 1.298393573000055], [117.74469217500007, 1.298297202000072], [117.74471146500002, 1.298283515000037], [117.7447488900001, 1.298233838000044], [117.74477902300009, 1.298208848000058], [117.74479498100004, 1.298215088000063], [117.74482601700004, 1.298248091000062], [117.7448739030001, 1.298306962000026], [117.74494483400008, 1.298353336000048], [117.74507289200005, 1.298457428000063], [117.74509645800003, 1.298486229000048], [117.74516736700002, 1.298459442000024], [117.745350991, 1.298417223000058], [117.7455295640001, 1.298348814000065], [117.74567042900003, 1.298353836000047], [117.74574084800008, 1.298313308000047], [117.74588421700003, 1.298282885000049], [117.74600494300012, 1.298234747000038], [117.74607790100004, 1.29827270100003], [117.74614078400009, 1.298267619000057], [117.74618355300004, 1.29829292300002], [117.74619615400002, 1.29837393400004], [117.74621629500007, 1.298432157000036], [117.7462641080001, 1.298503030000063], [117.7463521730001, 1.298591613000042], [117.74639741900012, 1.298639862000073], [117.74662383300006, 1.298578874000043], [117.746667505, 1.298375135000072], [117.74651852700003, 1.298366359000056], [117.74638366400006, 1.298230702000069], [117.74630273200012, 1.298104075000026], [117.74617681100005, 1.297814624000068], [117.74609590600005, 1.297778463000043], [117.74605103400006, 1.298013685000058], [117.74588027300001, 1.298068014000023], [117.74571849200004, 1.29809520200007], [117.74569143100007, 1.297769536000033], [117.74568782200004, 1.297726094000041], [117.74564178600008, 1.297756564000053], [117.74558273600007, 1.297820432000037], [117.74552095700005, 1.297900424000034], [117.74548677300004, 1.29795206600005], [117.74546967800006, 1.297995117000028], [117.74546947800002, 1.297995422000042], [117.7454694060001, 1.297995772000036], [117.74542927900006, 1.298088291000056], [117.74542923000001, 1.298088363000033], [117.74542864700004, 1.298089627000024], [117.74539140800005, 1.298162141000034], [117.7453873400001, 1.298167744000068], [117.74538342400001, 1.29817089200003], [117.74531636900008, 1.298213414000031], [117.74531299600005, 1.298215171000038], [117.7453096800001, 1.298216259000071], [117.74512160900008, 1.298262105000049], [117.74511632600002, 1.29826274100003], [117.74510772700012, 1.29826102200002], [117.74510739000004, 1.298260795000033], [117.74510702700002, 1.298260716000073], [117.74500814300006, 1.298215513000059], [117.74500155100009, 1.298210918000052], [117.7450010120001, 1.298210107000045], [117.74500037900009, 1.298209645000043], [117.74491586500005, 1.298110473000065], [117.7448251510001, 1.298033058000044], [117.74477846900004, 1.298009583000066], [117.74473891100001, 1.298021779000067], [117.74472527500006, 1.298054782000065], [117.7447252930001, 1.298113589000025], [117.74472462300002, 1.298119075000045], [117.74470666800005, 1.298191452000026], [117.744705629, 1.29819462200004], [117.74470076000011, 1.298201961000075], [117.74467380400006, 1.298229108000044], [117.74466651500006, 1.298234013000069], [117.74466584000004, 1.298234148000063], [117.74466533900011, 1.298234465000064], [117.74448559200005, 1.298297844000047], [117.7444781690001, 1.298299116000067], [117.74447637700007, 1.298299044000032], [117.74425166500009, 1.298281018000068], [117.74424887200007, 1.298280342000055], [117.74424635100002, 1.298279931000025], [117.74416544900009, 1.298252815000069], [117.74416482700008, 1.298252429000058], [117.74416395500009, 1.298252255000023], [117.74415666400012, 1.298247355000058], [117.74407574500003, 1.298165960000063], [117.74407097900007, 1.298158878000038], [117.74404399500008, 1.298095561000025], [117.74404396800003, 1.298095425000042], [117.74404388900007, 1.29809530700004], [117.74404293600003, 1.298092479000047], [117.74400694300004, 1.297956793000026], [117.74400618300001, 1.297950965000041], [117.74400614400008, 1.297818297000049], [117.74398028200005, 1.297722963000069], [117.74396276900006, 1.297678936000068], [117.74396262800008, 1.297678198000028], [117.74396231500009, 1.297677689000068], [117.74391733400012, 1.297542005000025], [117.74391617900005, 1.297534853000059], [117.74391656800003, 1.297530657000038], [117.74392831000011, 1.297467960000063], [117.74392962900004, 1.297463501000038], [117.74393222300012, 1.297458843000072], [117.74396539000008, 1.29741296800006], [117.74396766500001, 1.297410288000037], [117.743974954, 1.297405383000068], [117.74397749600007, 1.297404498000049], [117.74408092800002, 1.297375329000033], [117.74408097100002, 1.29737532300004], [117.74408106200008, 1.297375291000037], [117.7440857790001, 1.297373993000065], [117.74408605600001, 1.297364698000024], [117.74411834900002, 1.297308631000021], [117.74417508300007, 1.29730865800002], [117.7442193710001, 1.297337214000038], [117.74423700900002, 1.297332358000062], [117.7444437040001, 1.297248516000025], [117.74444421900012, 1.29724841500007], [117.74444459500012, 1.297248176000039], [117.7445638160001, 1.297205639000026], [117.74456492400009, 1.297205447000067], [117.74456799600011, 1.297204589000046], [117.74462732600011, 1.297195647000024], [117.74462887000004, 1.297195531000057], [117.74462925400007, 1.297195442000032], [117.7447235630001, 1.29718951600006], [117.74482587600005, 1.297155955000051], [117.74495091900008, 1.297090291000075], [117.74508723500003, 1.296981911000046], [117.74508887400009, 1.296980942000062], [117.7450903130001, 1.296979853000039], [117.74515407500007, 1.296944464000035], [117.74515632000009, 1.296943377000048], [117.7451649190001, 1.296941653000033], [117.7451735190001, 1.296943372000044], [117.7451743790001, 1.29694395000007], [117.74520647700001, 1.296904890000064], [117.74520789900009, 1.296903317000044], [117.74520816400002, 1.296903138000062], [117.74520833300005, 1.296902891000059], [117.74531585200009, 1.296800301000076], [117.74532270600002, 1.296795822000036], [117.74532919400008, 1.296794198000043], [117.74546084300005, 1.296781659000033], [117.74546295400012, 1.296781558000021], [117.74546319400008, 1.296781606000025], [117.74546342200006, 1.296781563000025], [117.74558176000005, 1.296784009000021], [117.74562835300003, 1.296781237000062], [117.74560123900005, 1.296711123000023], [117.74560170300003, 1.296700308000027], [117.74558836200003, 1.296694270000046], [117.74535951200005, 1.296653931000037], [117.74511728200002, 1.296617636000065], [117.74490908400003, 1.296584293000024], [117.74490787700006, 1.296585116000074], [117.74478617600005, 1.29663765500004], [117.74478604100011, 1.296637682000039], [117.7447859240001, 1.296637762000046], [117.74478402700004, 1.29663845400006], [117.74462506500004, 1.296688503000041], [117.7446248660001, 1.296688534000054], [117.74462430200003, 1.296688729000039], [117.74452940600008, 1.296714933000032], [117.74427910000009, 1.296804991000045], [117.74412377500005, 1.296870042000023], [117.7439953710001, 1.296938884000042], [117.74384675200008, 1.297047941000073], [117.74384524800007, 1.297048791000066], [117.74384429500003, 1.297049509000033], [117.7437170390001, 1.297119547000023], [117.7437165, 1.297119807000058], [117.74371637400009, 1.297119899000052], [117.74363959400011, 1.297158858000046], [117.743563085, 1.297220620000076], [117.74345853500006, 1.297314193000034], [117.74345844000004, 1.297314253000025], [117.74345801800007, 1.29731464200006], [117.74333409400003, 1.29741894600005], [117.74333359500008, 1.297419251000065], [117.74333251700011, 1.297420159000069], [117.74323240700005, 1.297490296000035], [117.74323207900011, 1.297490476000064], [117.74323178200007, 1.297490718000063], [117.74308125300001, 1.297588813000061], [117.74298059600005, 1.297695522000026], [117.74297981200004, 1.297696064000036], [117.74297930500006, 1.297696785000028], [117.74293111300005, 1.297740297000075]]], [[[117.7454058300001, 1.30058348600005], [117.74541010000007, 1.300582838000025], [117.74541562600007, 1.300579120000066], [117.74541884500002, 1.300578055000074], [117.74550630100009, 1.300556323000023], [117.74555723300011, 1.299904549000075], [117.74588482900003, 1.299829994000049], [117.74583973800009, 1.299817946000076], [117.74571078300005, 1.29979202800007], [117.74564181500011, 1.299805484000046], [117.74561037300009, 1.299815126000055], [117.74554474800004, 1.299817897000025], [117.74547364900002, 1.299800030000029], [117.74543536400006, 1.299784905000024], [117.74538341400012, 1.299798680000038], [117.745342402, 1.299809701000072], [117.74523850500009, 1.299841381000022], [117.74516194900002, 1.299864796000065], [117.7451113730001, 1.299897836000071], [117.74506215200006, 1.299889595000025], [117.74502386600011, 1.29987309400002], [117.74494320200006, 1.299875870000051], [117.74487620600007, 1.299860753000075], [117.74485705900008, 1.29983874200002], [117.74487482400002, 1.299812592000023], [117.74491583000008, 1.299779555000043], [117.7449805440001, 1.299754608000057], [117.74504031100003, 1.299731567000038], [117.74512909000009, 1.29970380900005], [117.74518923700009, 1.29967351800002], [117.74523571400005, 1.299648736000051], [117.74530953400006, 1.299621193000064], [117.74540522900008, 1.299590891000037], [117.7454498830001, 1.299576971000022], [117.74544103900007, 1.299566295000034], [117.74540402000002, 1.299522091000028], [117.7453552180001, 1.299500753000075], [117.74526113500008, 1.299484421000045], [117.7451499550001, 1.29951027900006], [117.74500578100003, 1.299561727000025], [117.74500553100006, 1.299561770000025], [117.74500429200009, 1.299562200000025], [117.74487313500003, 1.299598911000032], [117.74478798500002, 1.299627506000036], [117.74468860800005, 1.299684700000057], [117.74460673300007, 1.299745329000075], [117.74460446300009, 1.299746618000029], [117.74460347200011, 1.299747338000032], [117.74455469500003, 1.299771902000032], [117.74455398400005, 1.299772071000064], [117.74455324500002, 1.299772569000027], [117.74454905300001, 1.299773852000044], [117.7445002720001, 1.299783687000058], [117.74449586500009, 1.299784127000066], [117.74442024900009, 1.29978415000005], [117.74441715800003, 1.29978393600004], [117.7442777650001, 1.299764493000055], [117.74427727200009, 1.299764358000061], [117.74427653700002, 1.299764287000073], [117.74421353700006, 1.29975188800006], [117.74413092900011, 1.299736184000039], [117.74415335300012, 1.299818158000051], [117.74413881300006, 1.299882636000063], [117.7441051940001, 1.300045290000071], [117.7441039570001, 1.300049333000061], [117.74410387900002, 1.300049451000064], [117.74410385100009, 1.300049587000046], [117.74405095800012, 1.300173905000065], [117.74403365800003, 1.300269830000047], [117.74402517300007, 1.300372674000073], [117.74405919300011, 1.300475293000034], [117.74416640200002, 1.300690940000038], [117.74416677300007, 1.300692520000041], [117.74416762200008, 1.300693902000035], [117.74419461000002, 1.300775312000042], [117.74419484100008, 1.30077674100005], [117.7441955590001, 1.300779408000039], [117.74422188300002, 1.300973274000057], [117.74423554600003, 1.301010994000023], [117.744293276, 1.301163383000073], [117.744293416, 1.30116414400004], [117.74429449600007, 1.301168046000043], [117.74430339800006, 1.301227065000035], [117.7443416320001, 1.301452950000055], [117.7444177750001, 1.301533572000039], [117.74451260100011, 1.301568491000069], [117.74461544000008, 1.301603406000027], [117.74466486100005, 1.301635650000037], [117.744660715, 1.301641152000059], [117.74473571900012, 1.301676353000062], [117.74481884300008, 1.301710293000042], [117.74488065300011, 1.301718573000073], [117.74497299500001, 1.301718545000028], [117.74509219900006, 1.301712828000063], [117.745092698, 1.301712915000053], [117.74509326200007, 1.301712802000054], [117.74509813700001, 1.301713339000059], [117.74518315400007, 1.301732328000071], [117.74518687900002, 1.30173350900003], [117.74519194200002, 1.301736446000064], [117.74525685700007, 1.301786446000051], [117.74525908500004, 1.301788410000029], [117.74536697600001, 1.301896936000048], [117.74537185000008, 1.301904272000058], [117.74537198000007, 1.301904930000035], [117.745372287, 1.301905421000072], [117.74546048700006, 1.302157507000061], [117.74551353400011, 1.30226579400005], [117.74558332900006, 1.30234067300006], [117.74559487500005, 1.30234464800003], [117.74559794000004, 1.302338547000033], [117.74560448400007, 1.302229814000043], [117.74560347800002, 1.301873363000027], [117.74560623900004, 1.301807181000072], [117.74561466500006, 1.301712630000054], [117.74559115800002, 1.301636998000049], [117.74556533300006, 1.301602363000029], [117.74556483700007, 1.301577440000074], [117.74558361700008, 1.301548124000021], [117.74559111500002, 1.30153926600002], [117.74562955100009, 1.301306735000026], [117.74576433000004, 1.301152904000048], [117.74550830400005, 1.300602416000061], [117.74542961700001, 1.300621969000076], [117.74542645200006, 1.300622357000066], [117.74542105000012, 1.30062599200005], [117.74541905900003, 1.300626714000032], [117.7453533900001, 1.300647072000061], [117.74535302200002, 1.300647128000037], [117.74535212100011, 1.300647425000022], [117.74523023300003, 1.300677474000054], [117.74522937100005, 1.300677579000023], [117.74522849300001, 1.300677830000041], [117.74517357500008, 1.300686816000052], [117.74516997600006, 1.300687109000023], [117.74516700600009, 1.30068691200006], [117.74511648500004, 1.300680147000037], [117.74511091600004, 1.300678642000037], [117.74511087500002, 1.300678634000064], [117.74501856100005, 1.300640285000043], [117.74501855200003, 1.300640279000049], [117.74501854100004, 1.30064027700007], [117.7450183850001, 1.30064016700004], [117.74501125000006, 1.300635377000049], [117.74501095800008, 1.300634937000041], [117.74501057400005, 1.300634667000054], [117.74491167100007, 1.300526139000056], [117.74491124800011, 1.300525471000071], [117.74490927700003, 1.300522999000066], [117.74484633000009, 1.300423506000072], [117.74484570900006, 1.300422307000076], [117.74484538200011, 1.30042185800005], [117.74474645500004, 1.300231911000026], [117.74474633800003, 1.300231660000065], [117.74474629800011, 1.300231604000032], [117.74471866600004, 1.300176518000058], [117.74471625400008, 1.30016633200006], [117.7447179620001, 1.300157676000026], [117.7447228310001, 1.300150338000037], [117.7447301200001, 1.300145433000068], [117.74473871900011, 1.300143709000054], [117.744747318, 1.300145428000064], [117.74475461000009, 1.300150328000029], [117.74475878400006, 1.300156132000041], [117.74478633900003, 1.300211064000052], [117.74488474700001, 1.300400014000047], [117.74494612500007, 1.300497028000052], [117.74504032000004, 1.300600391000046], [117.745125314, 1.300635698000065], [117.74516964100007, 1.300641633000055], [117.74522040400007, 1.300633327000071], [117.74534079000011, 1.300603649000038], [117.7454058300001, 1.30058348600005]]], [[[117.74432513200009, 1.29748950000004], [117.74420377000001, 1.297532701000023], [117.74417833100006, 1.297539110000059], [117.7441560630001, 1.297515111000052], [117.7441094080001, 1.297471470000062], [117.74408603100005, 1.29742086400006], [117.74399713700006, 1.297445933000063], [117.7439715370001, 1.297481341000037], [117.74396181300006, 1.297533262000059], [117.74400473700007, 1.297662742000057], [117.74402248100012, 1.297707352000032], [117.74402250300011, 1.297707464000041], [117.74402329700001, 1.297709801000053], [117.744050291, 1.297809304000054], [117.74405108500002, 1.297815255000046], [117.74405112400007, 1.297947988000033], [117.74408593800001, 1.298079233000067], [117.74411057500004, 1.298137045000033], [117.74418468100009, 1.298211587000026], [117.74425795900004, 1.298236147000068], [117.74447521500008, 1.298253575000047], [117.74464564100003, 1.298193483000034], [117.74466457300002, 1.298174417000041], [117.74468035100006, 1.298110819000044], [117.74468033300002, 1.298050277000073], [117.74468204100003, 1.298041622000028], [117.74468205100004, 1.298041606000027], [117.74468205500011, 1.298041587000057], [117.74470147300008, 1.297994588000051], [117.744706328, 1.297987284000044], [117.74471361600001, 1.297982379000075], [117.7447156400001, 1.297981647000029], [117.74476865300005, 1.297965302000023], [117.7447752280001, 1.297964311000044], [117.74477944300008, 1.297965153000064], [117.74478367300003, 1.29796430500005], [117.74479372300004, 1.297966690000067], [117.74484766, 1.297993813000062], [117.74484968800004, 1.297995283000034], [117.74485214900005, 1.297996795000074], [117.74494629100002, 1.298077135000028], [117.74494764400004, 1.298078388000022], [117.74494818200003, 1.298079199000028], [117.74494881500004, 1.298079661000031], [117.74503125500007, 1.298176399000056], [117.74511855900005, 1.298216308000065], [117.74529552500007, 1.298173169000052], [117.7453542930001, 1.298135903000059], [117.74538838500007, 1.298069516000055], [117.74542807700004, 1.297978001000047], [117.74544590900007, 1.29793309300004], [117.74544598500006, 1.297932977000073], [117.74544601200012, 1.297932837000076], [117.74544807500001, 1.29792894600007], [117.74548401200002, 1.297874657000023], [117.7454846490001, 1.297873874000061], [117.74548497100011, 1.29787331700004], [117.74554786500005, 1.297791880000034], [117.74554902900002, 1.297790551000048], [117.74554915600004, 1.29779035200005], [117.74561072900008, 1.297723757000028], [117.74561104800011, 1.297723534000056], [117.74561128500011, 1.297723177000023], [117.74561483200011, 1.297720268000035], [117.74568355800011, 1.297674779000033], [117.74568241100008, 1.297660981000035], [117.74566790800009, 1.297534800000051], [117.74562056500008, 1.297530049000045], [117.74553398400008, 1.297547504000022], [117.74552957800006, 1.297547945000076], [117.74552705200006, 1.297547802000054], [117.7454730710001, 1.297541674000058], [117.74546699600012, 1.297540097000024], [117.74546334900003, 1.297538166000038], [117.74541365900006, 1.297505679000039], [117.74541147500008, 1.297503900000038], [117.7454108290001, 1.297503488000075], [117.74536006000005, 1.297457285000064], [117.74530985500007, 1.297425150000038], [117.74521601300012, 1.297399206000023], [117.74513271100011, 1.297394232000045], [117.74513213400007, 1.29739409900003], [117.74513002900005, 1.29739390800006], [117.74503115300001, 1.297375844000044], [117.74502657300002, 1.297374489000049], [117.74502312800007, 1.297372689000042], [117.74498905100006, 1.29735093000005], [117.74498520400005, 1.297347830000035], [117.74498033100008, 1.297340494000025], [117.74498029100005, 1.297340296000073], [117.74498018600002, 1.297340134000024], [117.74496170300006, 1.297292991000063], [117.74496013400005, 1.29728469600002], [117.74496048700007, 1.297280701000034], [117.74496900600002, 1.297232843000074], [117.7449695250001, 1.297231059000069], [117.74496966700008, 1.297230117000026], [117.7449866930001, 1.297175002000074], [117.74498738800003, 1.297173068000063], [117.74499083500007, 1.297167302000048], [117.74511198700009, 1.297019874000057], [117.74497711700008, 1.297127105000072], [117.7449750400001, 1.297128332000057], [117.74497358300005, 1.297129409000036], [117.74484500900007, 1.297196927000073], [117.74484322, 1.297197768000046], [117.74484225200001, 1.297197962000041], [117.7448415770001, 1.297198379000065], [117.7447347750001, 1.297233412000026], [117.74473165900008, 1.297233910000045], [117.74472921200004, 1.297234481000032], [117.74463302200002, 1.297240526000053], [117.74457679200009, 1.297249], [117.74446006100004, 1.297290649000047], [117.74426157100004, 1.297371163000037], [117.74431186000004, 1.297417443000029], [117.74432513200009, 1.29748950000004], [117.7443420830001, 1.297457443000042], [117.74439932200005, 1.297444623000047], [117.74453447500002, 1.297436581000056], [117.74469348200012, 1.297439735000069], [117.74483746400006, 1.297489348000056], [117.74467443500009, 1.297554967000053], [117.7445758560001, 1.297570999000072], [117.74436111400007, 1.297589], [117.74432513200009, 1.29748950000004]]], [[[117.74388623300001, 1.299375474000044], [117.74389746200006, 1.299376008000024], [117.7439011570001, 1.299376315000075], [117.74396339700002, 1.29938673700002], [117.74396379400002, 1.299386851000065], [117.74396426200008, 1.299386899000069], [117.74402576600005, 1.29939970700002], [117.74402607200011, 1.29939980100005], [117.74402632600004, 1.299399831000073], [117.74410441400005, 1.299418196000033], [117.744167564, 1.299430314000062], [117.74418861200002, 1.299433245000046], [117.74423111200008, 1.299389318000067], [117.74429567300001, 1.299370345000057], [117.74425262300008, 1.299352758000055], [117.74419343600005, 1.29934736000007], [117.74414231600008, 1.299329775000047], [117.7440656340001, 1.29930001300005], [117.74401451200004, 1.299277013000051], [117.7439822230001, 1.29925671500007], [117.74397138900008, 1.299216964000038], [117.74392569300005, 1.299138947000074], [117.74385976400004, 1.299079397000071], [117.7438341940001, 1.299036081000054], [117.74379920500007, 1.298984646000065], [117.74383551400001, 1.298949435000054], [117.74387855000009, 1.298920991000045], [117.74394516000007, 1.298907125000028], [117.74398479400008, 1.298846498000046], [117.74405474100001, 1.298847831000046], [117.74414084500006, 1.298901960000023], [117.74417986000003, 1.29892090200002], [117.74420944500002, 1.298895170000037], [117.74421622200009, 1.298887966000052], [117.74420434700005, 1.298886354000047], [117.74419875700005, 1.298884838000049], [117.74419801700003, 1.298884341000075], [117.74419730700004, 1.298884173000033], [117.74406004100001, 1.298815146000038], [117.74405965200003, 1.298814864000065], [117.74405826200007, 1.298814148000019], [117.74394816400002, 1.298745595000071], [117.74384074500006, 1.298690260000058], [117.74384044200008, 1.298690038000075], [117.74383942800011, 1.298689524000054], [117.74374703500007, 1.298633766000023], [117.7437462470001, 1.298633148000022], [117.74374533700006, 1.298632634000057], [117.74360806300001, 1.298531730000036], [117.74360650000006, 1.29853038400006], [117.74360616900003, 1.298530172000028], [117.74348522100001, 1.298419091000028], [117.7434303010001, 1.298374371000023], [117.74342855000009, 1.298372786000073], [117.74342827600003, 1.298372373000063], [117.743427913, 1.298372119000021], [117.74333831900003, 1.298274307000042], [117.74322293800003, 1.298155351000048], [117.74310584400007, 1.298049470000024], [117.7431055180001, 1.298049007000031], [117.74310497700003, 1.298048643000072], [117.74310358500009, 1.298047108000048], [117.742969979, 1.297885429000075], [117.7429694550001, 1.297884557000032], [117.74296827400008, 1.297883072000047], [117.7429079740001, 1.297787288000052], [117.74290619700002, 1.297783845000026], [117.74290542000006, 1.297779916000025], [117.7428977720001, 1.297767609000061], [117.74279527400006, 1.297821609000039], [117.74271320200012, 1.297869330000026], [117.74266176600008, 1.297933242000056], [117.74264173900008, 1.298002746000066], [117.74264386100003, 1.298047317000055], [117.74265959800005, 1.298083492000046], [117.74265969600003, 1.298083961000032], [117.74265995500002, 1.298084360000075], [117.74267685400002, 1.298128058000032], [117.74269276600012, 1.298157781000043], [117.74269466700002, 1.298159058000067], [117.74269707100007, 1.298161915000037], [117.74274322600002, 1.298226985000042], [117.7427704050001, 1.298259681000047], [117.74278522500003, 1.29826558600007], [117.74295225600008, 1.29847451400002], [117.74298871300005, 1.298529519000056], [117.74301053800002, 1.298563437000041], [117.74311792000003, 1.298722273000067], [117.74311826000007, 1.298722909000048], [117.74311860700004, 1.29872335500005], [117.743210083, 1.298876710000059], [117.7432256840001, 1.298883684000032], [117.743303, 1.298964764000061], [117.74334953400012, 1.299008646000061], [117.74344504800001, 1.299052309000047], [117.74344591600004, 1.299052914000072], [117.7434494360001, 1.299054959000046], [117.7435287510001, 1.299116222000066], [117.7435309550001, 1.299118166000028], [117.7435315030001, 1.299118992000047], [117.74353214500002, 1.299119461000032], [117.74358712100002, 1.299184139000033], [117.74363145600012, 1.299228734000053], [117.74363470500009, 1.299232872000061], [117.74366444500004, 1.299281480000047], [117.74367143500001, 1.29929166300002], [117.74371298100004, 1.299356803000023], [117.74371808600006, 1.299362405000068], [117.74371816300004, 1.299362393000024], [117.74388623300001, 1.299375474000044]]], [[[117.74463841600004, 1.30168059500005], [117.74462364100009, 1.301756209000075], [117.744579498, 1.301820873000054], [117.7446946120001, 1.301908388000072], [117.744786954, 1.301923176000059], [117.74482711200005, 1.301958184000057], [117.74484050700005, 1.302002627000036], [117.74484052800005, 1.302072666000072], [117.74475624400009, 1.302157546000046], [117.74477555900012, 1.302269091000028], [117.74480447200006, 1.302335322000033], [117.74483197400002, 1.302367569000069], [117.74485534000007, 1.302385143000038], [117.7449477020001, 1.302467276000073], [117.74500072700005, 1.302519152000059], [117.7451265840001, 1.302591487000029], [117.74523449700007, 1.302772385000026], [117.74533730100006, 1.302876021000031], [117.74538300200004, 1.302905658000043], [117.74538840900004, 1.302891134000049], [117.74538900200002, 1.302865719000067], [117.74539021400005, 1.302806690000068], [117.74539703200003, 1.302760294000052], [117.74541017100012, 1.302718689000073], [117.74545148000004, 1.302635474000056], [117.74550031500007, 1.302588185000047], [117.7455482150001, 1.302553188000047], [117.74556136100011, 1.302534274000038], [117.74555383600011, 1.30250213000005], [117.74555100700002, 1.302465257000051], [117.74555850800004, 1.30241703400003], [117.74557212500008, 1.302385070000071], [117.74555834800003, 1.302377044000025], [117.74555055300004, 1.30237162100002], [117.74547847100007, 1.302294288000041], [117.74547728300001, 1.302292435000027], [117.7454747050001, 1.302288815000054], [117.74541958500004, 1.302176296000027], [117.74541928000008, 1.302174984000033], [117.74541854400002, 1.302173807000031], [117.74533159400005, 1.301925295000046], [117.7452283660001, 1.301821459000053], [117.74516857200001, 1.301775403000022], [117.74509133600009, 1.301758153000037], [117.74497460300006, 1.301763752000056], [117.74497410400011, 1.301763665000067], [117.74497354000005, 1.301763778000065], [117.74487917400006, 1.301763806000054], [117.7448762030001, 1.301763608000044], [117.7448100800001, 1.301754751000033], [117.74480487700009, 1.301753345000066], [117.7448045970001, 1.301753290000022], [117.74471829400011, 1.301718052000069], [117.74471778500003, 1.301717712000027], [117.74471724500006, 1.301717591000056], [117.74463841600004, 1.30168059500005]], [[117.74522008500003, 1.302355612000042], [117.74521876600011, 1.302347664000024], [117.74522270900002, 1.302329117000056], [117.74522533600009, 1.30230924600005], [117.74523980800006, 1.302290696000057], [117.745254283, 1.302278769000054], [117.74526033000006, 1.302258868000024], [117.74526216400011, 1.302224453000065], [117.74528207100002, 1.302218375000052], [117.74530954400007, 1.302215166000053], [117.74533586900009, 1.302220457000033], [117.74535561900007, 1.302244296000026], [117.74534455900005, 1.302320664000035], [117.74537802200007, 1.30233834400002], [117.74538592600004, 1.302360862000057], [117.74538593200009, 1.302380732000074], [117.74535829800004, 1.302400611000053], [117.74533197900007, 1.30241916500006], [117.74531355500005, 1.302427119000072], [117.745280653, 1.302437726000051], [117.74527801200009, 1.302405934000035], [117.74525730500011, 1.302373380000063], [117.74522008500003, 1.302355612000042]]], [[[117.74565894800003, 1.299106272000074], [117.7456877090001, 1.29913883100005], [117.74571976900006, 1.299195261000023], [117.74574916300003, 1.299267817000043], [117.74577279000005, 1.29935264900007], [117.74582664700006, 1.299423674000025], [117.74588967200009, 1.299470218000067], [117.74586672800001, 1.299515040000074], [117.74584475200004, 1.299542604000067], [117.74588544400001, 1.299595662000058], [117.74591670000007, 1.299687326000026], [117.74579987400011, 1.29975973300003], [117.74579307700003, 1.299762442000031], [117.74584922600002, 1.299773727000058], [117.74585003100003, 1.299773973000072], [117.74585059200001, 1.299774047000028], [117.74594077800009, 1.299798145000068], [117.74594155400007, 1.299798409000061], [117.74594181900011, 1.299798450000026], [117.74597574400002, 1.299809304000064], [117.74639308700011, 1.299714324000036], [117.74651885700007, 1.29948812400005], [117.74658129300008, 1.299412670000038], [117.74655542200003, 1.299324635000062], [117.74650581300011, 1.299272010000038], [117.74631252000006, 1.299192491000042], [117.74631247800005, 1.299192463000054], [117.74631242900011, 1.299192453000046], [117.74630791200002, 1.299189925000064], [117.74614987200005, 1.299075668000057], [117.74604695800008, 1.299027801000022], [117.74598028000003, 1.299036088000037], [117.7459408850001, 1.299064093000027], [117.74586671600002, 1.299117694000074], [117.7458622150001, 1.299120215000073], [117.74585952900009, 1.299121140000068], [117.74576066600002, 1.299148309000032], [117.74575475400002, 1.299149108000051], [117.74574615400002, 1.299147389000041], [117.74574453000002, 1.299146635000056], [117.74568069300005, 1.299113834000025], [117.74567934600009, 1.299112849000039], [117.7456771090001, 1.299111539000023], [117.74566149300006, 1.299099308000052], [117.74565989400003, 1.299102617000074], [117.74565894800003, 1.299106272000074]]], [[[117.74376256800008, 1.299411216000067], [117.74380097200003, 1.299453358000051], [117.74382762200003, 1.29947041600002], [117.743897661, 1.299512488000062], [117.74392566900008, 1.299521433000052], [117.74400591100004, 1.299542660000043], [117.74400879100006, 1.299543636000067], [117.74401345800004, 1.299546275000068], [117.74404567800002, 1.299569977000033], [117.7440877140001, 1.299595939000028], [117.74410914400005, 1.299656543000026], [117.74411876800002, 1.299691728000028], [117.74411891700004, 1.299691628000062], [117.74412751600005, 1.299689904000047], [117.7441316930001, 1.299690297000041], [117.744221949, 1.299707455000032], [117.7442220160001, 1.299707475000048], [117.7442220910001, 1.29970748300002], [117.74428455100008, 1.299719775000028], [117.74442178900006, 1.29973891700007], [117.74449362700011, 1.299738896000065], [117.74453727600007, 1.299730096000076], [117.74458164600003, 1.299707751000028], [117.74466301500001, 1.299647495000045], [117.74466424200011, 1.299646798000026], [117.7446651780001, 1.29964607900007], [117.74476760700009, 1.299587128000042], [117.74477015700006, 1.299585869000055], [117.74477102900005, 1.299585694000029], [117.74477165000008, 1.299585308000076], [117.74485945300012, 1.299555822000059], [117.74485968800002, 1.299555783000073], [117.74486054400006, 1.299555486000031], [117.7449914990001, 1.299518832000047], [117.7451361410001, 1.299467217000029], [117.7451366140001, 1.299467135000043], [117.74513859100011, 1.299466497000026], [117.74525543100003, 1.299439323000058], [117.74526048300004, 1.299438743000053], [117.74526430900005, 1.299439072000041], [117.7453655160001, 1.299456640000074], [117.7453702900001, 1.299458030000039], [117.74537045900001, 1.299458144000027], [117.74537065000004, 1.299458184000059], [117.74542675900011, 1.299482718000036], [117.74543369000003, 1.299487464000038], [117.74543498700007, 1.299488885000073], [117.74547544000006, 1.299537189000034], [117.74547545400003, 1.299537212000075], [117.74547551700005, 1.299537281000028], [117.7454963880001, 1.299562474000027], [117.74564700200006, 1.299515523000025], [117.7456130270001, 1.299431800000036], [117.7455836370001, 1.299375369000074], [117.74554089600008, 1.299321630000065], [117.7454671590001, 1.299253228000055], [117.74517954800001, 1.299298546000045], [117.74516896600005, 1.299289835000025], [117.74515636700005, 1.299268117000054], [117.745160295, 1.299243364000063], [117.74514368200005, 1.299213248000058], [117.74514111500002, 1.299198288000071], [117.74513439800012, 1.299195393000048], [117.74513120600011, 1.299198143000069], [117.74513064100006, 1.299198492000073], [117.74512928600006, 1.299199624000039], [117.74504029500008, 1.299260918000073], [117.74503621000008, 1.299263146000044], [117.74503606200005, 1.299263176000068], [117.7450359400001, 1.299263256000074], [117.74491823300002, 1.299310582000032], [117.74491171700004, 1.299311844000044], [117.74490998100009, 1.299312196000074], [117.7448264840001, 1.299312511000039], [117.74474386400004, 1.299321276000057], [117.74468590600009, 1.299349298000038], [117.7446200710001, 1.299414365000075], [117.74461983900005, 1.299414520000028], [117.7446161250001, 1.299417476000031], [117.74456535900003, 1.299448998000059], [117.74456216600004, 1.299450642000068], [117.74456193900005, 1.299450688000036], [117.74456175500006, 1.299450809000064], [117.74450211800001, 1.299474317000033], [117.74450144500008, 1.299474445000044], [117.74449694100008, 1.29947566900006], [117.74436733900006, 1.29949334500003], [117.74436432900006, 1.299493550000022], [117.74436351500003, 1.299493387000041], [117.74436283400007, 1.29949350000004], [117.744230162, 1.299484638000024], [117.74422983800002, 1.299484562000032], [117.74422857000002, 1.299484474000053], [117.7441608370001, 1.299475040000061], [117.74416039000005, 1.299474918000044], [117.74415970900009, 1.299474854000039], [117.74409554300007, 1.299462541000025], [117.74409506600011, 1.29946239700007], [117.74409463900008, 1.29946234800002], [117.74401638000006, 1.299443943000028], [117.74395558700007, 1.299431283000047], [117.74389378100011, 1.299420934000068], [117.74388276800005, 1.299420571000041], [117.74376256800008, 1.299411216000067]]], [[[117.74562167800002, 1.297484704000055], [117.74566262300004, 1.297488813000029], [117.74565537800004, 1.297425780000026], [117.74564634700005, 1.29728103900004], [117.74568225200005, 1.297118191000038], [117.7457271510001, 1.296973434000051], [117.74566420400004, 1.296873941000058], [117.7456454820001, 1.296825529000046], [117.74558352000008, 1.296829216000049], [117.74558267200007, 1.296829072000037], [117.745581732, 1.29682925000003], [117.74546379100002, 1.296826812000063], [117.74534114500011, 1.296838494000042], [117.74524024000004, 1.296934774000022], [117.74517292200005, 1.297016693000046], [117.74502829200003, 1.297192692000067], [117.74501299700012, 1.297242204000042], [117.745005848, 1.297282359000064], [117.74501930500003, 1.297316681000041], [117.7450434970001, 1.29733212800005], [117.74513672400008, 1.297349160000067], [117.74522102500009, 1.297354193000047], [117.74522250500002, 1.297354536000057], [117.74522564600011, 1.297354961000053], [117.74532501500005, 1.297382433000053], [117.74532765600009, 1.297383344000025], [117.74533112100005, 1.297385158000054], [117.7453857800001, 1.297420143000068], [117.74538807700003, 1.297421996000026], [117.74538879300007, 1.297422452000035], [117.74543964200006, 1.297468729000059], [117.7454833810001, 1.297497325000052], [117.74552860100005, 1.297502459000043], [117.74561503500001, 1.297485033000044], [117.74561944200002, 1.297484593000036], [117.74562167800002, 1.297484704000055]]], [[[117.744711015, 1.298689698000032], [117.74471543100003, 1.298695991000045], [117.74477577200003, 1.298718930000064], [117.74484567800005, 1.298745939000071], [117.74486084000011, 1.298762640000064], [117.74486739200006, 1.298775184000021], [117.74486719400011, 1.29881916000005], [117.74485242000003, 1.298897687000022], [117.7448726130001, 1.29895048100002], [117.74491028000011, 1.298964009000031], [117.7449546680001, 1.298957226000027], [117.74499098100011, 1.29893690800003], [117.74505553800009, 1.298905750000074], [117.74510664900004, 1.298892196000054], [117.7451456550001, 1.298881354000059], [117.74519273500005, 1.298884048000048], [117.74522502000002, 1.298888100000056], [117.7452102310001, 1.298915181000041], [117.745164971, 1.298968148000029], [117.74519403700003, 1.299049986000057], [117.74521493400005, 1.299069514000053], [117.74527426200007, 1.299026815000047], [117.74527872700003, 1.299024320000058], [117.74527923900007, 1.299024217000067], [117.74527963100002, 1.29902396600005], [117.74537362100011, 1.298989452000058], [117.74537407900004, 1.298989371000062], [117.74537635900003, 1.298988641000051], [117.74547424400009, 1.298966327000073], [117.74547920100008, 1.298965768000073], [117.7455466240001, 1.298965748000057], [117.7455552240001, 1.298967467000068], [117.745555609, 1.298967726000058], [117.74555601700001, 1.298967816000072], [117.74557134000008, 1.298974905000023], [117.74556338900004, 1.298918368000045], [117.74553657600006, 1.298866683000028], [117.74550607200001, 1.298849425000071], [117.74544286500009, 1.298854156000061], [117.74526467100009, 1.298888498000053], [117.74526045100004, 1.298888901000055], [117.74525818000006, 1.29888878600002], [117.74523644700002, 1.298880567000026], [117.74522872300008, 1.298877646000051], [117.74518285700003, 1.298873315000037], [117.74514166800009, 1.298869706000062], [117.74504766900009, 1.298870310000041], [117.74504476300001, 1.298869618000026], [117.74504208700012, 1.29886917500005], [117.74494812900002, 1.298837158000026], [117.74494754800003, 1.298836794000067], [117.74494674300001, 1.298836633000064], [117.74494089000007, 1.29883305900006], [117.74490022100008, 1.298798705000024], [117.74489878300005, 1.298797379000064], [117.74489742100002, 1.298795880000057], [117.74486996000007, 1.298751856000024], [117.74485634500002, 1.298738160000028], [117.74479317100008, 1.298709679000069], [117.74472094700002, 1.29868599200006], [117.74471469200012, 1.298684884000068], [117.744711015, 1.298689698000032]]], [[[117.7448229040001, 1.296572582000067], [117.74482762800005, 1.29657054200004], [117.74482264500011, 1.296569465000061], [117.7448229040001, 1.296572582000067]]]]}},
{"type": "Feature", "properties": {"ba_code": "4321", "blockid": "4321E11P16", "division": "06"}, "geometry": {"type": "MultiPolygon", "coordinates": [[[[117.7468591380001, 1.295145706000028], [117.74705685600009, 1.295064229000047], [117.74719170300011, 1.295145607000052], [117.74727255500011, 1.295000839000068], [117.74723653900003, 1.294783734000021], [117.74713764100011, 1.294693299000073], [117.7470567260001, 1.29462095100007], [117.74683202200004, 1.294630064000046], [117.74675114600007, 1.294693413000061], [117.7464814540001, 1.294539703000055], [117.7464634480001, 1.294440197000029], [117.74638251700003, 1.294313570000043], [117.74617576000003, 1.294223166000052], [117.74607686000002, 1.294123684000056], [117.7460139000001, 1.293978959000071], [117.74594757000011, 1.293845537000038], [117.7457447810001, 1.293762666000021], [117.7457645610001, 1.293725666000057], [117.7458352330001, 1.29368011400004], [117.74597375500002, 1.293614622000064], [117.7462536590001, 1.29358892800002], [117.74634978100005, 1.293557597000074], [117.74646005300008, 1.293571792000023], [117.7465872680001, 1.293514841000047], [117.7466362130001, 1.293488009000043], [117.74670798200009, 1.293391095000061], [117.74644858400006, 1.292957326000021], [117.746503888, 1.292895918000056], [117.7465393540001, 1.292904474000068], [117.74661315500009, 1.29303580100003], [117.74665216300002, 1.293053818000033], [117.74677937700005, 1.292991175000054], [117.74692925200009, 1.293070810000074], [117.74718771900007, 1.292986235000058], [117.74729396700002, 1.293010942000024], [117.74749637700006, 1.292909006000059], [117.74759368200012, 1.293053539000027], [117.7477294470001, 1.293227086000059], [117.74780018600006, 1.293414882000036], [117.74785951500007, 1.293255505000047], [117.74787080600004, 1.29319289600005], [117.7479966630001, 1.293307546000051], [117.747980503, 1.293400649000034], [117.74800826400008, 1.293437880000056], [117.74801987300009, 1.293598472000042], [117.7480337720001, 1.293679929000064], [117.74821487000008, 1.293742043000066], [117.74824135300003, 1.293739161000076], [117.74822474700011, 1.293562149000024], [117.74816440200004, 1.293304092000028], [117.74842254000009, 1.293254525000066], [117.74850345100003, 1.293308780000075], [117.74862925700006, 1.293209231000048], [117.74875351900005, 1.293059061000065], [117.74874629100009, 1.289519098000028], [117.74874452200004, 1.289520336000066], [117.74873715300009, 1.285909953000044], [117.74772135300009, 1.285914889000026], [117.74766744500005, 1.286027508000075], [117.7472449390001, 1.285807539000075], [117.74703531000011, 1.285760855000035], [117.74685059500007, 1.28592362400002], [117.74569250000002, 1.285927653000044], [117.74554419600008, 1.286027226000044], [117.74535817100002, 1.286012303000064], [117.7453451560001, 1.286070514000073], [117.74539144100004, 1.286181062000026], [117.74551732300006, 1.286343862000024], [117.74558924000007, 1.286380027000064], [117.74574385500011, 1.28654423200004], [117.7458947020001, 1.286604910000051], [117.74600858600002, 1.286619665000046], [117.74605638500009, 1.286571981000066], [117.74607871400008, 1.286543141000038], [117.74609576800003, 1.28646653800007], [117.74622646500006, 1.286392283000055], [117.74637981300009, 1.286341225000058], [117.74633541500009, 1.286381550000044], [117.74619163900002, 1.286908316000051], [117.74631648900004, 1.28692578600004], [117.74647897300008, 1.286995448000027], [117.74624703200004, 1.287349464000044], [117.74623419900001, 1.287479004000033], [117.74611801800006, 1.28754772800005], [117.74586857000008, 1.287584655000046], [117.74581469100008, 1.287840009000035], [117.74598277400003, 1.287831869000058], [117.7460305090001, 1.287911889000043], [117.74595931200008, 1.288013849000038], [117.74588553800004, 1.28811950000005], [117.74598626500006, 1.288211774000047], [117.74596167700008, 1.288272495000058], [117.74587870200003, 1.288477408000062], [117.74582665900004, 1.288617214000055], [117.74583015500002, 1.288701088000039], [117.74587878800003, 1.288774464000028], [117.74595866400011, 1.288819872000033], [117.74594827900012, 1.288931708000064], [117.74598653500004, 1.289141383000072], [117.74587197900007, 1.289239271000042], [117.7456577260001, 1.289322562000052], [117.7456223690001, 1.28939695300005], [117.74556266800005, 1.289522564000038], [117.74566585600007, 1.289780196000038], [117.7456355160001, 1.290070464000053], [117.74569447400006, 1.290374243000031], [117.74553984200008, 1.29050133100003], [117.74554254600002, 1.290584193000029], [117.74566239100011, 1.290828434000048], [117.74550799500003, 1.291029191000064], [117.7455328960001, 1.291068548000055], [117.74553824100008, 1.291109701000039], [117.74550549000003, 1.291119744000071], [117.74549025300007, 1.291150870000024], [117.74549906100003, 1.291184847000068], [117.74548672600008, 1.29124928400006], [117.74547252700006, 1.291331597000067], [117.74544942500006, 1.291362022000044], [117.74540321300003, 1.29140140100003], [117.7454334570001, 1.291474754000035], [117.74542458100007, 1.291519490000042], [117.74543527300011, 1.291603585000075], [117.7454601710001, 1.29163578500004], [117.74542641800008, 1.291719894000039], [117.74542643300003, 1.291773573000057], [117.74538918100006, 1.292054508000035], [117.74541941700011, 1.292101022000054], [117.74544787500008, 1.292143957000064], [117.74542480000002, 1.292271006000021], [117.74539645700008, 1.292322930000068], [117.7453697310001, 1.29241595700006], [117.74534310600006, 1.292562690000068], [117.7453751160001, 1.292594888000053], [117.7454071630001, 1.29275233900006], [117.74546406500008, 1.292795266000041], [117.74541787300006, 1.292902639000033], [117.74545523400002, 1.292995673000064], [117.7454392410001, 1.293018939000035], [117.74536992100002, 1.29306906000005], [117.74533615900009, 1.293122750000066], [117.7453521860001, 1.293215790000033], [117.7453504240001, 1.293269470000041], [117.74534154300011, 1.293296313000042], [117.74531845100012, 1.293362524000031], [117.74543579600004, 1.293398276000062], [117.74544467900012, 1.293520966000074], [117.74548385500009, 1.293596877000027], [117.74552707900011, 1.293785496000055], [117.7454790380001, 1.293870882000022], [117.74549602400009, 1.293944865000071], [117.74551024200002, 1.294223740000064], [117.74557297000001, 1.294366260000061], [117.74562905500011, 1.294437132000041], [117.7458156780001, 1.294491145000052], [117.74587031500005, 1.294515903000047], [117.74605900800009, 1.294548874000043], [117.74619385000005, 1.294612160000042], [117.74636469300003, 1.29483827200005], [117.74646357800009, 1.294883475000063], [117.74643665000008, 1.295010134000051], [117.74635577100003, 1.295064437000065], [117.74629286100003, 1.295091595000031], [117.7461939960001, 1.295109717000059], [117.746185018, 1.295145906000073], [117.74619675600002, 1.295193101000052], [117.7462389640001, 1.295200169000054], [117.74641874200006, 1.295245348000037], [117.74641875300006, 1.295281534000026], [117.74663448900003, 1.295344796000052], [117.74674235400005, 1.295362857000043], [117.74681423600009, 1.295281417000069], [117.7468591380001, 1.295145706000028]]]]}},
{"type": "Feature", "properties": {"ba_code": "4321", "blockid": "4321J24P07", "division": "05"}, "geometry": {"type": "MultiPolygon", "coordinates": [[[[117.78387363900003, 1.23867576400005], [117.78385563400002, 1.23857625900007], [117.78357698800005, 1.238513017000059], [117.78349611400006, 1.238576366000075], [117.78341526800011, 1.238730179000072], [117.7833793420001, 1.238820654000051], [117.78330750700002, 1.239055882000059], [117.78317283900003, 1.23957156900002], [117.78310104900004, 1.239960586000052], [117.78310111100006, 1.240168654000058], [117.7830832410001, 1.240530516000035], [117.78302038400011, 1.240729556000076], [117.78285872200001, 1.241145739000046], [117.78292173400007, 1.241471392000051], [117.78290389100005, 1.241923718000066], [117.78284106300009, 1.242222269000024], [117.78264342200009, 1.242547999000067], [117.78262557200003, 1.242973186000029], [117.78253579800003, 1.243335070000057], [117.78247295400001, 1.243579342000032], [117.78236515700007, 1.243778395000049], [117.78218556200011, 1.244339327000034], [117.78194297300001, 1.244637931000057], [117.78174527200008, 1.244755594000026], [117.78172739700005, 1.245099363000065], [117.78170100300008, 1.247035306000043], [117.78168332100006, 1.248030418000042], [117.78170175200012, 1.249568304000036], [117.78171082500012, 1.249857787000053], [117.78249278100009, 1.249848506000035], [117.78421848200003, 1.249847988000056], [117.78411901900006, 1.247839713000076], [117.78400100600004, 1.24388646400007], [117.78394646700008, 1.241814850000026], [117.78387363900003, 1.23867576400005]]]]}},
{"type": "Feature", "properties": {"ba_code": "4321", "blockid": "4321G12P16", "division": "06"}, "geometry": {"type": "MultiPolygon", "coordinates": [[[[117.75060608800004, 1.274151943000049], [117.75075265500004, 1.274020757000073], [117.750875672, 1.274042569000073], [117.75092465900002, 1.274048090000065], [117.7510415370001, 1.274158964000037], [117.75106637700003, 1.274072118000049], [117.75106706800011, 1.274071076000041], [117.75106730300001, 1.274070075000054], [117.7510957390001, 1.274021840000046], [117.75134735800009, 1.273849883000025], [117.75135298200007, 1.273846829000036], [117.75135376900005, 1.273846671000058], [117.75135436500011, 1.273846290000051], [117.75150307800004, 1.273792357000048], [117.75149981000004, 1.273731295000061], [117.75149080100005, 1.273658925000063], [117.75149448000002, 1.273603138000055], [117.75148298400006, 1.27358662000006], [117.75148240600004, 1.273585560000072], [117.75148178000006, 1.273584753000023], [117.75145480300012, 1.273539529000061], [117.75145297600011, 1.273535881000043], [117.75145286200006, 1.273535712000069], [117.75142587900007, 1.273472394000066], [117.75142584000002, 1.273472205000076], [117.75142573000005, 1.273472039000069], [117.75142333200006, 1.273459922000029], [117.75142383800005, 1.273454258000072], [117.75144178500011, 1.273354742000038], [117.75144367100006, 1.273348288000022], [117.75144556000009, 1.273344451000071], [117.75150320700004, 1.273244920000025], [117.75149847700004, 1.273202187000038], [117.75147617700009, 1.27301273300003], [117.75153704500008, 1.272889274000022], [117.75153901800002, 1.272763898000051], [117.75152893000006, 1.272616280000022], [117.75151083000003, 1.272557641000049], [117.75146258400002, 1.272468679000042], [117.75137618200006, 1.272440393000068], [117.75137622000011, 1.272571836000054], [117.75138028000003, 1.272713389000046], [117.75138839300007, 1.27297829500003], [117.75136009700009, 1.273002475000055], [117.7513845420001, 1.272978627000043], [117.75137145000008, 1.272393375000036], [117.75134550100006, 1.272029223000061], [117.7513368330001, 1.271720531000028], [117.75143579200005, 1.271469952000075], [117.75133224900003, 1.270884727000066], [117.75138386100002, 1.27062459800004], [117.75140956900009, 1.270156386000053], [117.75134493400003, 1.27006536500005], [117.75140881300001, 1.269323963000033], [117.75140866100003, 1.268796008000038], [117.75137637600005, 1.268638083000042], [117.75120699700005, 1.268604039000024], [117.750936, 1.268582809000065], [117.7506438150001, 1.268501922000041], [117.75039822200006, 1.268472162000023], [117.75019922000001, 1.268497790000026], [117.74994095600005, 1.268578838000053], [117.7495768550001, 1.268728104000047], [117.74922543700006, 1.268804917000068], [117.74892481600011, 1.268839098000058], [117.74878508300003, 1.268826354000055], [117.74870886300005, 1.268813591000026], [117.74872268600006, 1.268841839000061], [117.74886364400004, 1.269056551000062], [117.74889600800009, 1.269371370000044], [117.74892939600011, 1.269673020000027], [117.7489434040001, 1.269877810000025], [117.74895059900007, 1.27004325200005], [117.74894288900009, 1.270269633000055], [117.74898494700005, 1.270548806000022], [117.74897411600011, 1.270628391000059], [117.74896186500007, 1.270712844000059], [117.74890453700004, 1.270921687000055], [117.74886759800006, 1.271049161000064], [117.74878661500009, 1.271268141000064], [117.74895364600002, 1.27171247900003], [117.74892612200006, 1.272071393000033], [117.7488283780001, 1.272234750000052], [117.74878578900007, 1.27254978000002], [117.7488356450001, 1.272768130000031], [117.7488535120001, 1.27305808400007], [117.74894053900005, 1.273358762000043], [117.74894121400007, 1.273361002000058], [117.74894256900006, 1.273370184000044], [117.74894017800011, 1.273382302000073], [117.74893506400008, 1.27339071900002], [117.74873502300011, 1.273627212000065], [117.74873524100008, 1.275270008000064], [117.74886671800004, 1.275269970000068], [117.74902600900009, 1.275306418000071], [117.7492222840001, 1.27535834300005], [117.74948061500004, 1.275680559000023], [117.74961436800004, 1.275715492000074], [117.74967951300005, 1.27550035400003], [117.74969930800012, 1.275294514000052], [117.74972106500002, 1.27513026400004], [117.74979028300004, 1.274931920000029], [117.74988942700008, 1.274822120000067], [117.74995549800008, 1.27473433800003], [117.75011037400009, 1.274505570000031], [117.75030659600009, 1.274370358000056], [117.75049248100004, 1.274214356000073], [117.75060608800004, 1.274151943000049]], [[117.7494475740001, 1.27339798600002], [117.74932247400011, 1.273388484000066], [117.74944638400007, 1.273395376000053], [117.74961333500005, 1.273311298000067], [117.7494475740001, 1.27339798600002]], [[117.74891950200004, 1.272420801000067], [117.74921309400008, 1.273380176000046], [117.74921282900004, 1.27338015600003], [117.74891950200004, 1.272420801000067]], [[117.74890310600006, 1.272367179000071], [117.74891861900005, 1.272169232000067], [117.74890337200009, 1.272368048000033], [117.74890310600006, 1.272367179000071]]], [[[117.75107308400004, 1.274281729000052], [117.75102043000004, 1.274183328000049], [117.75095051800008, 1.27430472900005], [117.75087578400007, 1.274430987000073], [117.75092166700006, 1.274622754000063], [117.75105195600008, 1.274770800000056], [117.75114837000001, 1.27454743200002], [117.75122792900004, 1.27442602800005], [117.75115916300001, 1.274356431000058], [117.75110145600001, 1.274339639000061], [117.75107308400004, 1.274281729000052]]], [[[117.750290199, 1.276963512000066], [117.75039047200005, 1.27681203100002], [117.750835918, 1.276659552000069], [117.75090021400001, 1.276637632000075], [117.75120715000003, 1.276521468000055], [117.75152642900002, 1.276394530000061], [117.75152915400008, 1.276389652000034], [117.75152452200007, 1.276355322000029], [117.75146154700008, 1.276156318000062], [117.75146006400007, 1.276146718000064], [117.75146020700004, 1.276145992000068], [117.7514600930001, 1.276145343000053], [117.75146902100005, 1.275937271000032], [117.75147138300008, 1.27592652900006], [117.751474744, 1.275920385000063], [117.75153100500006, 1.275840115000051], [117.7515311840001, 1.275767869000049], [117.75152736000007, 1.275748653000051], [117.75153130000001, 1.275720832000047], [117.75153156500005, 1.275613706000058], [117.75152730200011, 1.275549630000057], [117.75152190600011, 1.275245146000032], [117.75140175100012, 1.275160171000039], [117.75130252100007, 1.275287348000063], [117.751158744, 1.275404995000031], [117.75101495700005, 1.275486455000021], [117.75075438100009, 1.275766973000032], [117.75055678000001, 1.276246495000066], [117.75035005400002, 1.276255602000049], [117.75011090700002, 1.276345751000065], [117.74996856700011, 1.276584763000074], [117.7499535390001, 1.276599056000066], [117.74988964200008, 1.276659830000028], [117.74974955700009, 1.276812219000021], [117.7495739420001, 1.276928113000054], [117.74938732100009, 1.276879637000036], [117.74925352500009, 1.276745052000024], [117.74909870300007, 1.276647547000039], [117.74895254800003, 1.276655392000066], [117.74906753900007, 1.276863511000045], [117.74899729900005, 1.277227529000072], [117.74889147500005, 1.277457543000025], [117.7489027260001, 1.277816536000046], [117.74898075300007, 1.277827732000048], [117.74954918800006, 1.277726597000026], [117.7498278060001, 1.277586282000073], [117.75002285300002, 1.277535741000065], [117.75009528100009, 1.277457189000074], [117.750290199, 1.276963512000066]]]]}},
{"type": "Feature", "properties": {"ba_code": "4321", "blockid": "4321J23P07", "division": "05"}, "geometry": {"type": "MultiPolygon", "coordinates": [[[[117.7815566380001, 1.245144646000028], [117.7815835350001, 1.244918478000045], [117.781601453, 1.244719451000037], [117.78137678400003, 1.244828075000044], [117.78128689400012, 1.244791916000054], [117.7811970030001, 1.244755757000064], [117.78108914100005, 1.244737697000062], [117.78101723700001, 1.244737718000067], [117.7809003960001, 1.24474679900004], [117.7805588330001, 1.244683576000057], [117.7804060200001, 1.244629343000042], [117.78003748800006, 1.244548035000037], [117.77970492600002, 1.244530041000075], [117.7795251660001, 1.244530095000073], [117.77929144500001, 1.244421607000049], [117.7791835810001, 1.244394500000055], [117.77903977500011, 1.244403589000058], [117.77884202900009, 1.244367462000071], [117.77884218500003, 1.244901201000062], [117.77890601800004, 1.248022201000026], [117.77889747800009, 1.249542003000045], [117.77887951000002, 1.249569148000035], [117.77887957400003, 1.249786262000043], [117.77962557500007, 1.249767947000066], [117.77963455500003, 1.249740805000044], [117.78154899800006, 1.249713093000025], [117.78155762200004, 1.248482777000049], [117.78158423100001, 1.24727959400002], [117.7815566380001, 1.245144646000028]]]]}},
{"type": "Feature", "properties": {"ba_code": "4321", "blockid": "4321G11P13", "division": "06"}, "geometry": {"type": "MultiPolygon", "coordinates": [[[[117.74733009800002, 1.276518835000047], [117.74737248100007, 1.276468790000024], [117.74759974400001, 1.27651875600003], [117.74805633900007, 1.276537542000028], [117.74798314500003, 1.276293058000022], [117.74793853300002, 1.276167447000034], [117.74793846500006, 1.27616705600002], [117.74793831400007, 1.276166810000063], [117.74787769200009, 1.275983943000028], [117.74780202800002, 1.27590783200003], [117.74779849900006, 1.275903601000039], [117.74773555600007, 1.275813155000037], [117.74773504000007, 1.275812209000037], [117.74773445500011, 1.275811460000057], [117.74760860000004, 1.275603494000052], [117.7475377180001, 1.275487637000026], [117.74746699700006, 1.275398716000041], [117.74746249600003, 1.275391055000057], [117.74746235100008, 1.275390321000032], [117.7474619950001, 1.275389759000063], [117.7474260140001, 1.275290258000041], [117.7474259820001, 1.275290076000033], [117.7474255510001, 1.275288882000041], [117.74738056900003, 1.275144151000063], [117.74738049500002, 1.275143663000051], [117.74738007500002, 1.275142386000027], [117.74734408100005, 1.274997653000071], [117.747343139, 1.27498997400005], [117.74734325200006, 1.274989404000053], [117.74734315800004, 1.274988883000049], [117.74735207000003, 1.274726532000045], [117.74735444300006, 1.274715505000074], [117.74735608800006, 1.274712099000055], [117.74741989000006, 1.27459785800005], [117.74743333200001, 1.274573791000023], [117.74744176800004, 1.274411574000055], [117.74743529900002, 1.274340192000068], [117.74742675900006, 1.27433927800007], [117.74718142100005, 1.274313034000045], [117.74717271500003, 1.274310804000038], [117.7471625070001, 1.274303944000053], [117.747157775, 1.274297847000071], [117.74711317200001, 1.274223075000066], [117.74702029800005, 1.274135681000075], [117.74702000700006, 1.274135259000047], [117.74701954400007, 1.27413494700005], [117.74701272200002, 1.274124677000032], [117.74701171700008, 1.274121872000023], [117.74697573100002, 1.274004278000064], [117.7469743370001, 1.273994967000021], [117.74697499600006, 1.273988509000048], [117.74701987500009, 1.273771380000028], [117.74702160700008, 1.273765721000075], [117.74702593200004, 1.273758274000045], [117.74712187800003, 1.27363529500002], [117.74718021900003, 1.273484174000032], [117.74716376000003, 1.27334372100006], [117.74714823700003, 1.273312496000074], [117.74714787300002, 1.273310946000038], [117.74714691800011, 1.273309454000071], [117.74712145700005, 1.273241176000056], [117.74702511300006, 1.273109027000032], [117.74702141600005, 1.273102421000033], [117.74701901700007, 1.27309030400005], [117.74702140900001, 1.273078187000067], [117.74702329800004, 1.273074349000069], [117.74708618400007, 1.272965773000067], [117.74709111100003, 1.272959337000032], [117.7470992850001, 1.272953403000031], [117.74723369800006, 1.272885712000061], [117.7472698570001, 1.272812871000042], [117.74726791400008, 1.272793375000049], [117.74726775700003, 1.272790225000051], [117.74727014900009, 1.272778107000022], [117.74727696500008, 1.272767833000046], [117.74728716900006, 1.272760966000021], [117.74729920700008, 1.272758553000074], [117.7473112460001, 1.272760959000038], [117.7473140410001, 1.272762837000073], [117.74731575800001, 1.272760248000054], [117.7473259620001, 1.272753382000076], [117.747338, 1.272750968000025], [117.74735004000001, 1.272753375000036], [117.74736024800006, 1.272760235000021], [117.7473653190001, 1.272766914000044], [117.74739565200002, 1.272820306000028], [117.74751779700011, 1.272866367000063], [117.74765054800002, 1.27281621800006], [117.74766159300009, 1.272814199000038], [117.74767234400008, 1.272816102000036], [117.74777122500006, 1.272852259000047], [117.74777178300008, 1.272852617000069], [117.74777251300009, 1.27285276300006], [117.74778272100002, 1.272859623000045], [117.74778954300007, 1.272869894000053], [117.74779072800004, 1.272873312000058], [117.74782519500002, 1.272994594000068], [117.74801077300003, 1.273252375000027], [117.74801121400003, 1.273253168000053], [117.74801183500006, 1.273253946000068], [117.74807478100001, 1.273353439000061], [117.74807730600003, 1.273358320000057], [117.74807731200008, 1.273358353000049], [117.7480773310001, 1.273358381000037], [117.74813868600006, 1.273508230000061], [117.74837555800002, 1.273817094000037], [117.74847550900006, 1.273881723000045], [117.74856863600007, 1.273787938000055], [117.74860231500008, 1.273669166000047], [117.74860349800008, 1.273665747000052], [117.74861031400008, 1.273655473000076], [117.74861128000009, 1.273654823000072], [117.74861184300005, 1.273654033000071], [117.74868199500008, 1.273592216000054], [117.74873501000002, 1.273529539000037], [117.74887674800004, 1.273361445000035], [117.74879877400008, 1.273052033000056], [117.7487863980001, 1.27277973300005], [117.74873478900008, 1.272594027000025], [117.74872748900009, 1.272563452000043], [117.74872661800009, 1.272556063000025], [117.74873473700006, 1.272415513000055], [117.74877393000008, 1.272189746000038], [117.74888456200006, 1.272028808000073], [117.74888864400009, 1.271966919000022], [117.74883943200007, 1.271892669000067], [117.74882706000005, 1.271636873000034], [117.74876960100005, 1.271393467000053], [117.74873439500004, 1.271229349000066], [117.74879935700005, 1.271079234000069], [117.7488973500001, 1.270679933000054], [117.74891864400001, 1.270559715000047], [117.74887590900005, 1.270284959000037], [117.7488684110001, 1.270046873000069], [117.74887552300004, 1.269924586000059], [117.74885402400002, 1.269723183000053], [117.74882534000005, 1.26938511000003], [117.74877879500002, 1.269072219000066], [117.74864608100006, 1.268844885000021], [117.74859659200001, 1.268785323000031], [117.74821682600009, 1.268767655000033], [117.74792095700002, 1.268736630000035], [117.74773328700007, 1.268743351000069], [117.74766059400008, 1.26864871500004], [117.74750862000008, 1.268504579000023], [117.74724667600003, 1.268359019000059], [117.74694139500002, 1.268467607000048], [117.7469175220001, 1.268473439000047], [117.74693200600007, 1.268524408000076], [117.74692334200006, 1.268585578000057], [117.74670863500012, 1.268563499000038], [117.7466353960001, 1.268593671000076], [117.74615939000012, 1.268766389000064], [117.74567325800001, 1.268947119000075], [117.74566883500006, 1.269284780000021], [117.74575405700011, 1.269544590000066], [117.74597881000011, 1.269923793000032], [117.74609666600008, 1.27026838200004], [117.74601609700005, 1.270439805000024], [117.74578155300003, 1.270665975000043], [117.74574631700011, 1.270983258000058], [117.74588041800007, 1.271117239000034], [117.74607067000011, 1.271217471000057], [117.74610515100005, 1.271426241000029], [117.7458987340001, 1.271814686000027], [117.74574570700008, 1.272014393000063], [117.74554903500007, 1.272394225000028], [117.74547714500011, 1.27276536100004], [117.7454778660001, 1.272765154000069], [117.74546289300008, 1.272841991000064], [117.74546296900007, 1.273439800000062], [117.745393336, 1.273625482000057], [117.74528679800005, 1.273769916000049], [117.7452541030001, 1.274116494000054], [117.74536074600007, 1.274335131000043], [117.74537312400003, 1.274615682000046], [117.74531992800007, 1.27494163700004], [117.74532002400008, 1.27527582700003], [117.74520533500004, 1.275585296000031], [117.74520133600004, 1.275931866000064], [117.7452588540001, 1.27638156200004], [117.74546939100003, 1.27647509600007], [117.74564932900012, 1.276600745000053], [117.74567708900008, 1.276644975000067], [117.74638111200011, 1.276622393000025], [117.74647621500003, 1.276500992000024], [117.74652807100006, 1.276239725000039], [117.74676373200009, 1.276139048000061], [117.74688063100007, 1.276319944000022], [117.74710534600001, 1.276356064000026], [117.74706044700008, 1.27650082100007], [117.74709658600011, 1.276660648000075], [117.74726700800011, 1.276660598000035], [117.74733009800002, 1.276518835000047]], [[117.74648071900003, 1.27518576600005], [117.74649146800004, 1.275088144000051], [117.7465777000001, 1.275153198000055], [117.74673937200009, 1.275229077000063], [117.746712462, 1.275337551000064], [117.74662087900003, 1.275402657000029], [117.746469982, 1.275521415000071], [117.74637740000003, 1.275574395000035], [117.74619528700009, 1.275706486000047], [117.74602809300006, 1.275695230000053], [117.7458504220001, 1.275668624000048], [117.74579652000011, 1.275603560000036], [117.74581267200006, 1.275560169000073], [117.74609116400006, 1.275474927000062], [117.74625528400009, 1.275377445000061], [117.74637100300004, 1.275284214000067], [117.74650567800006, 1.275243930000045], [117.74648071900003, 1.27518576600005]]], [[[117.74873524100008, 1.275270008000064], [117.74873502300011, 1.273627212000065], [117.74872840600005, 1.273635034000051], [117.74872670400009, 1.273636891000024], [117.74872573800008, 1.273637541000028], [117.74872517500012, 1.273638332000075], [117.74866027000007, 1.27369552600004], [117.74862690000009, 1.273813206000057], [117.7486257170001, 1.273816625000052], [117.74861890000011, 1.273826899000028], [117.748502088, 1.273944538000023], [117.74849188400003, 1.273951404000059], [117.748479846, 1.273953818000052], [117.74846780700011, 1.273951412000031], [117.74846283300008, 1.273948794000034], [117.74833697500003, 1.273867413000062], [117.74833174100002, 1.273863169000037], [117.74832907600012, 1.273860121000041], [117.74808630400003, 1.273543564000022], [117.74808214600012, 1.273536343000046], [117.74808214000007, 1.273536310000054], [117.74808212100004, 1.273536282000066], [117.74802021800008, 1.273385094000048], [117.74795927100001, 1.27328876100006], [117.74777099700009, 1.273027237000065], [117.74776741100004, 1.273020785000028], [117.74776622600007, 1.273017366000033], [117.74773465200008, 1.27290626100006], [117.74766177900005, 1.272879614000033], [117.74752886100009, 1.272929826000052], [117.74751781600003, 1.272931845000073], [117.74750677000009, 1.272929833000035], [117.7473629430001, 1.272875596000063], [117.74736250700005, 1.272875313000043], [117.74736195000003, 1.272875202000023], [117.74735174200009, 1.272868341000049], [117.74734667100006, 1.272861663000072], [117.74734481100006, 1.272858388000031], [117.74731822400008, 1.272857122000062], [117.74728529400011, 1.272923457000047], [117.7472794030001, 1.272931688000028], [117.74727122900003, 1.27293762100004], [117.74713582000004, 1.273005814000044], [117.74708804300008, 1.273088304000055], [117.74717474800002, 1.273207232000061], [117.74717844600002, 1.27321383900005], [117.7471785570001, 1.27321439900004], [117.74717883800008, 1.273214838000058], [117.74720524300005, 1.273285646000033], [117.74722249100012, 1.273320341000044], [117.74722272600002, 1.273321342000031], [117.74722341800009, 1.27332238300005], [117.7472255990001, 1.273330800000053], [117.74724362000006, 1.273484585000062], [117.74724383700004, 1.273488285000042], [117.747241701, 1.273499761000039], [117.74717883100004, 1.27366261700007], [117.74717864500008, 1.273662903000059], [117.74717857500002, 1.273663257000067], [117.74717425000006, 1.27367070400004], [117.74707997100006, 1.273791545000051], [117.747038244, 1.27399342700005], [117.74706938300005, 1.274095178000039], [117.74715935900008, 1.274179846000038], [117.74715965000007, 1.274180268000066], [117.74716011300006, 1.274180579000074], [117.74716484500004, 1.274186676000056], [117.74720365100006, 1.27425173000006], [117.74746760900007, 1.274279966000051], [117.74747631500009, 1.274282195000069], [117.74748652300002, 1.274289056000043], [117.74749334500007, 1.274299326000062], [117.74749561300007, 1.274308576000067], [117.7475046300001, 1.274408084000072], [117.74750476000008, 1.27441095100005], [117.74750458400001, 1.274411840000027], [117.74750471700008, 1.274412615000074], [117.74749577800003, 1.274584501000049], [117.74749343000008, 1.274594955000055], [117.74749178600007, 1.274598361000074], [117.74741468900004, 1.274736405000056], [117.7474061900001, 1.274986596000076], [117.74744088900002, 1.275126120000039], [117.74748538400002, 1.275269282000068], [117.74751934900007, 1.275363208000044], [117.74758804800001, 1.275449587000026], [117.74758885800009, 1.275450966000051], [117.7475902760001, 1.275452771000062], [117.7476622150001, 1.27557035500007], [117.74766225700012, 1.275570438000045], [117.74766229500005, 1.275570486000049], [117.74778766600002, 1.275777654000024], [117.74784845200008, 1.275865], [117.7479274210001, 1.275944435000042], [117.74793424400002, 1.27595470600005], [117.74793448700007, 1.27595593500007], [117.74793502500006, 1.275956810000025], [117.74799789100007, 1.27614644800002], [117.74804275600002, 1.276272769000059], [117.7480428130001, 1.276273099000036], [117.74804341400011, 1.276274845000046], [117.74812379200011, 1.276562167000066], [117.74816674200008, 1.276660335000031], [117.74822048800002, 1.276782749000063], [117.74837619900006, 1.276868513000068], [117.74859859600008, 1.276831139000024], [117.74873542600005, 1.276660168000035], [117.7487911070001, 1.276606504000029], [117.74892857500004, 1.276596215000041], [117.74892517700005, 1.276582550000057], [117.74887140600003, 1.276481269000044], [117.7489023490001, 1.27632531200004], [117.74880934200007, 1.276179788000036], [117.74869568100007, 1.276055064000047], [117.74859229600008, 1.275743199000033], [117.74853025000004, 1.275504097000066], [117.74858184600009, 1.275327341000036], [117.74873524100008, 1.275270008000064]]]]}},
{"type": "Feature", "properties": {"ba_code": "4321", "blockid": "4321K37P08", "division": "03"}, "geometry": {"type": "MultiPolygon", "coordinates": [[[[117.81944459700003, 1.231146395000053], [117.81752340900005, 1.231161053000051], [117.81760204700004, 1.235128403000033], [117.81766597800004, 1.240010706000021], [117.82037240900002, 1.240026900000032], [117.82030679200011, 1.237853813000072], [117.82030766200012, 1.236836822000043], [117.82032441900003, 1.235124463000034], [117.82032933900007, 1.234747150000032], [117.82032303800008, 1.232413548000068], [117.8203142970001, 1.231138267000063], [117.81944459700003, 1.231146395000053]]]]}},
{"type": "Feature", "properties": {"ba_code": "4321", "blockid": "4321G18P06", "division": "01"}, "geometry": {"type": "MultiPolygon", "coordinates": [[[[117.76819044500007, 1.274231618000044], [117.7682177370001, 1.271359673000063], [117.76823330900004, 1.267748184000027], [117.76554837000003, 1.267661147000069], [117.7655979430001, 1.268308527000045], [117.76561130900006, 1.27035281600007], [117.76573607500006, 1.270397981000031], [117.7659877850001, 1.270542649000049], [117.766140629, 1.270696394000026], [117.76626653000005, 1.270922517000031], [117.76635647800003, 1.271148652000022], [117.76641049200009, 1.271438122000063], [117.76638361000005, 1.271718570000075], [117.76635667800008, 1.27182713600007], [117.7662130220001, 1.272351873000048], [117.7662130760001, 1.272532802000057], [117.76624909200007, 1.272749907000048], [117.766392988, 1.273039350000033], [117.76646493900012, 1.273193118000052], [117.76654587700011, 1.273346884000034], [117.76657285500005, 1.273392108000053], [117.76678868500005, 1.273781041000063], [117.76678868800002, 1.273790087000066], [117.76697758600005, 1.274287586000071], [117.76705853600004, 1.274477537000053], [117.76707652300001, 1.274513717000048], [117.76716645500005, 1.274685573000056], [117.76720243400007, 1.27477602700003], [117.76727440400009, 1.274993120000033], [117.76725649500008, 1.275219287000027], [117.76721162600006, 1.275463555000044], [117.76720271300007, 1.275716858000067], [117.76731064, 1.275952033000067], [117.76743654200004, 1.276178157000061], [117.7675354700001, 1.276377149000041], [117.76760744500007, 1.276612335000038], [117.76761537800007, 1.276652196000043], [117.76823996200005, 1.27663936700003], [117.76819044500007, 1.274231618000044]]], [[[117.76561174400001, 1.270419342000025], [117.765626042, 1.272605896000073], [117.76560659800009, 1.276691464000066], [117.7675182270001, 1.27666371600003], [117.76751756400006, 1.276612362000037], [117.76747256700003, 1.276422400000058], [117.76737364100006, 1.276232454000024], [117.76726572700011, 1.276042511000071], [117.767166803, 1.275861612000028], [117.76709483600007, 1.275653565000027], [117.76712175800003, 1.275508814000034], [117.76715764100004, 1.275273595000044], [117.76716656200006, 1.275047431000075], [117.76712156000008, 1.274839376000045], [117.76702261800006, 1.274595152000074], [117.76696865200006, 1.274468518000049], [117.76687871400009, 1.274278569000046], [117.76682474200004, 1.274133842000026], [117.76674379300005, 1.273943891000044], [117.76672580600007, 1.27390771000006], [117.76670782200006, 1.273880576000067], [117.76657291100003, 1.273582084000054], [117.76645599800008, 1.273355957000035], [117.76635707800006, 1.273184104000052], [117.76626713500002, 1.272976063000044], [117.76615920000006, 1.272713748000058], [117.76612320200002, 1.272559969000042], [117.76614110100002, 1.27229761600006], [117.76615007100008, 1.27223428800005], [117.76621290700007, 1.271962876000032], [117.76627579, 1.271845253000038], [117.7662937450001, 1.271772876000057], [117.76632066400009, 1.271619078000072], [117.76632960600011, 1.271465286000023], [117.76627559500002, 1.271184862000041], [117.76624859600008, 1.271067266000045], [117.766167644, 1.270868268000072], [117.76612268200006, 1.270795910000061], [117.766023775, 1.270669289000068], [117.76583497900003, 1.270515556000021], [117.76561174400001, 1.270419342000025]]]]}},
{"type": "Feature", "properties": {"ba_code": "4321", "blockid": "4321G14P13", "division": "06"}, "geometry": {"type": "MultiPolygon", "coordinates": [[[[117.756218966, 1.274987366000062], [117.75633276600001, 1.27479433000002], [117.75634251400004, 1.27479887100003], [117.75635373600005, 1.274806396000031], [117.75681219300009, 1.275014330000033], [117.75689309800009, 1.275050492000048], [117.75702011500005, 1.275187721000066], [117.75701897400006, 1.275195198000063], [117.75698304500008, 1.275276627000039], [117.75696508700003, 1.275339957000028], [117.75712689800002, 1.27542132800005], [117.75722578900002, 1.27549367000006], [117.75726177600006, 1.27561126400002], [117.75727079900003, 1.275728865000076], [117.75734178900007, 1.275970050000069], [117.75744788300005, 1.276169080000045], [117.75754694800003, 1.276186645000053], [117.75755133400003, 1.276181106000024], [117.75750612700006, 1.276081090000048], [117.75749446300006, 1.276045905000046], [117.75746530700007, 1.275975536000033], [117.75741282700005, 1.27584652500002], [117.75738948800006, 1.275740965000068], [117.75737197400008, 1.275629539000022], [117.7573661130001, 1.275512244000026], [117.757378549, 1.275357928000062], [117.7573965040001, 1.275285551000024], [117.7574068020001, 1.275172073000022], [117.75745035300008, 1.275014141000042], [117.75749527000005, 1.274932709000041], [117.7575581530001, 1.274815086000046], [117.75763900200002, 1.27466127200006], [117.7577288540001, 1.27456173500002], [117.7578187040001, 1.274453150000056], [117.75792653300005, 1.274353607000023], [117.75796246200002, 1.274272178000047], [117.75798040900008, 1.274172662000069], [117.7580612370001, 1.273946476000049], [117.75808819300005, 1.273919329000023], [117.75813310500007, 1.273819804000027], [117.75816005600007, 1.273774564000064], [117.75817801900007, 1.273729326000023], [117.758187, 1.273702184000058], [117.75822292600003, 1.273611709000022], [117.75824088900004, 1.273566471000038], [117.75829479400011, 1.273485037000057], [117.75838464100002, 1.273367406000034], [117.75842054600002, 1.273204559000021], [117.7583755820001, 1.273123154000075], [117.75834860100008, 1.273068883000064], [117.7583485880001, 1.273023651000074], [117.758393479, 1.272851755000033], [117.75843837500008, 1.272697951000055], [117.75847427700012, 1.272526058000039], [117.758555107, 1.272308918000022], [117.75858206100008, 1.27227272500005], [117.75860001300009, 1.272191301000021], [117.75860000300008, 1.272155115000032], [117.75859100900004, 1.272137025000063], [117.75852807900003, 1.272091811000053], [117.75839323000002, 1.272001386000056], [117.75830331400005, 1.27188380900003], [117.75819543300008, 1.271802422000064], [117.75806958500004, 1.271757227000023], [117.75798868200002, 1.271721065000065], [117.75791818500011, 1.271680857000035], [117.75790162200008, 1.271680862000039], [117.75782340300009, 1.271674209000025], [117.75781165600006, 1.271763915000065], [117.75777937600003, 1.27182450600003], [117.75760312400007, 1.271811395000043], [117.757494715, 1.271803264000027], [117.75738455600003, 1.271848470000066], [117.75725722800007, 1.271839888000045], [117.75718097800006, 1.271739526000033], [117.7570515650001, 1.271465677000037], [117.75685232700005, 1.271429606000027], [117.75682108300009, 1.271545566000043], [117.75660337900001, 1.27156373300005], [117.75656288700009, 1.271573143000069], [117.75654891300007, 1.271607428000038], [117.75640010300003, 1.271632948000047], [117.7563540000001, 1.27162368200004], [117.75628022300009, 1.271568024000032], [117.75626176700007, 1.271512350000023], [117.75596890300005, 1.271552179000025], [117.75586236400011, 1.271624864000046], [117.75574895500006, 1.27171485100007], [117.75567335700009, 1.271801366000034], [117.75564281200002, 1.271857455000031], [117.75558889600006, 1.271902703000023], [117.75552600800006, 1.272002233000023], [117.75543987000003, 1.272129559000064], [117.75527817900002, 1.272230488000048], [117.75520944200002, 1.272268565000047], [117.75510936300009, 1.272347831000047], [117.754951688, 1.272448546000021], [117.75471800800005, 1.272673497000028], [117.75467334300004, 1.272746164000068], [117.7546424410001, 1.272863804000053], [117.75452831700011, 1.273088852000058], [117.75449441300009, 1.27316447100003], [117.75448799000003, 1.273173830000076], [117.7542866020001, 1.273321814000042], [117.75420122500009, 1.27338486900004], [117.75418725300005, 1.273658133000026], [117.75418729000012, 1.273784783000053], [117.75419890700005, 1.273804966000057], [117.7541807880001, 1.276658567000027], [117.75599479800007, 1.276658031000068], [117.75584193600002, 1.276606796000067], [117.7556891160001, 1.276534470000058], [117.75550932800002, 1.27645310500003], [117.75539302400011, 1.276403252000023], [117.75533169700009, 1.27637545500005], [117.75533254100003, 1.27630765400005], [117.7553342440001, 1.276223337000033], [117.75533336, 1.276154668000061], [117.75533420500005, 1.276092082000048], [117.75554517000012, 1.27607314200003], [117.7556166820001, 1.275971874000049], [117.75568495800007, 1.275867832000074], [117.7557725910001, 1.275708960000031], [117.75593151400005, 1.275566425000022], [117.75616515400009, 1.275385426000071], [117.756218966, 1.274987366000062]], [[117.75702109400004, 1.275181304000057], [117.75702094100006, 1.275181317000033], [117.75702421100004, 1.275160868000057], [117.75702109400004, 1.275181304000057]]], [[[117.75613433900003, 1.270627255000022], [117.75504114000012, 1.269286717000057], [117.75498122200008, 1.269328931000075], [117.75494528000002, 1.269365128000061], [117.75494048700011, 1.269369085000051], [117.75483713300002, 1.26943847900003], [117.75478645700002, 1.269506527000033], [117.75478353500012, 1.269509919000029], [117.75477333100002, 1.269516786000054], [117.75476129300012, 1.269519199000058], [117.75465343500002, 1.269519231000061], [117.75465220800004, 1.269518985000047], [117.75465119400008, 1.269519151000054], [117.75454918900004, 1.269511848000036], [117.75446992700006, 1.269735429000036], [117.75449567300006, 1.269942246000028], [117.75453981500004, 1.27008427200002], [117.75453992200005, 1.270084973000053], [117.75454045700008, 1.270086660000061], [117.75461245400004, 1.270403266000073], [117.75461324700007, 1.270410321000043], [117.75461305600004, 1.270413818000065], [117.7545773170001, 1.270738415000039], [117.75456867600008, 1.270948629000031], [117.75461182700008, 1.271078795000051], [117.75461344400003, 1.271088807000069], [117.75461293800004, 1.271094471000026], [117.75457704400003, 1.271293504000027], [117.75457515800008, 1.271299958000043], [117.7545705120001, 1.271307808000074], [117.7544576890001, 1.271447652000063], [117.75436967700011, 1.271749159000024], [117.75436856200008, 1.27175234200007], [117.7543652710001, 1.271758384000066], [117.75424517400006, 1.271931172000052], [117.75424519900002, 1.272018341000035], [117.75426911300008, 1.272178481000026], [117.7543752570001, 1.272347523000064], [117.75437686500004, 1.272350645000074], [117.754377223, 1.272351162000064], [117.75442988700001, 1.272465918000023], [117.75449898700003, 1.272561489000054], [117.7545872390001, 1.272659139000041], [117.75461368200001, 1.272685738000064], [117.75462050500005, 1.272696008000025], [117.75478327700012, 1.272528169000054], [117.75494823500003, 1.272396651000065], [117.75509945100009, 1.272292815000071], [117.75540875400009, 1.27206784200007], [117.75550152500011, 1.271932886000059], [117.7556080490001, 1.271811764000063], [117.7557661190001, 1.271635272000026], [117.75594826500003, 1.271507209000049], [117.75616584800002, 1.271463915000027], [117.75625255300008, 1.271458435000056], [117.7563013240001, 1.271452966000027], [117.75638257700007, 1.27133294600003], [117.75635606700007, 1.271200927000052], [117.75620232300002, 1.270801540000036], [117.75613433900003, 1.270627255000022]]]]}},
{"type": "Feature", "properties": {"ba_code": "4321", "blockid": "4321H20P06", "division": "01"}, "geometry": {"type": "MultiPolygon", "coordinates": [[[[117.77096028900007, 1.261833394000064], [117.77117069700012, 1.267011048000029], [117.77111873100012, 1.267682748000027], [117.77372019000006, 1.26767770500004], [117.77369647800003, 1.266656100000034], [117.77342403300008, 1.261712440000053], [117.773356895, 1.261715603000027], [117.77335620800011, 1.261715483000046], [117.77335543400011, 1.261715638000055], [117.77334863700003, 1.261714152000025], [117.77334339400011, 1.261713231000044], [117.77334289900011, 1.261712898000042], [117.77334236900003, 1.261712782000075], [117.77293446300007, 1.26152550300003], [117.77251307800009, 1.261507957000049], [117.77096028900007, 1.261833394000064]]], [[[117.77325055400001, 1.259570112000063], [117.7732522660001, 1.258889254000053], [117.77200464400005, 1.258881236000036], [117.7712933460001, 1.258886463000067], [117.77084176800008, 1.258916768000063], [117.770957683, 1.261769257000026], [117.77250407000008, 1.26144516200003], [117.77251047300001, 1.26144449700007], [117.7725111630001, 1.261444635000032], [117.77251178300003, 1.261444524000069], [117.77294321700003, 1.261462488000063], [117.77295394600003, 1.261464868000076], [117.77295444200001, 1.261465201000021], [117.7729549720001, 1.261465317000045], [117.77336155600005, 1.261651989000029], [117.7734205480001, 1.26164921000003], [117.77334223600008, 1.260228176000055], [117.77325055400001, 1.259570112000063]]]]}},
{"type": "Feature", "properties": {"ba_code": "4321", "blockid": "4321G26P06", "division": "02"}, "geometry": {"type": "MultiPolygon", "coordinates": [[[[117.78735254000003, 1.26754250800002], [117.78743787200005, 1.271108971000046], [117.787518051, 1.276607637000041], [117.78808703100003, 1.276594292000027], [117.78921780500002, 1.276589963000049], [117.78969470200002, 1.276623132000054], [117.79015689700009, 1.276624279000032], [117.79012105800007, 1.271152154000049], [117.79004190400008, 1.267479211000023], [117.78735254000003, 1.26754250800002]]]]}},
{"type": "Feature", "properties": {"ba_code": "4321", "blockid": "4321I19P07", "division": "05"}, "geometry": {"type": "MultiPolygon", "coordinates": [[[[117.76842977600006, 1.258910162000063], [117.76897678500006, 1.25889311100002], [117.76903482700004, 1.258888366000065], [117.76924387400004, 1.258868460000031], [117.76924526100004, 1.258868394000046], [117.76924550500007, 1.25886833800007], [117.76947492200009, 1.258855882000034], [117.76947537300009, 1.258855959000073], [117.76947592800002, 1.258855840000024], [117.76968325900009, 1.258849783000073], [117.769683783, 1.258849880000071], [117.76968434900004, 1.258849766000026], [117.76985821100004, 1.258849406000024], [117.76985824600001, 1.258849413000064], [117.76985828200009, 1.258849406000024], [117.76986334000003, 1.258849724000072], [117.76992199800009, 1.258857147000072], [117.77008061000004, 1.258851423000067], [117.77032996300011, 1.258834955000054], [117.77055536600005, 1.258815042000037], [117.77071312500004, 1.258796506000067], [117.770739036, 1.258780847000025], [117.77074799000002, 1.258663241000022], [117.77077491400007, 1.258527536000031], [117.77077489600003, 1.258464211000046], [117.77076570600002, 1.257776684000021], [117.77074725000011, 1.256139283000039], [117.77073809500007, 1.255569359000049], [117.77071093400002, 1.254899930000022], [117.77069254800006, 1.253497736000043], [117.77056593600003, 1.250829072000045], [117.77047605000007, 1.25081100500006], [117.77037721600004, 1.250928638000062], [117.77015259300003, 1.251200098000027], [117.77004477100002, 1.251317734000054], [117.76986507000004, 1.251525855000068], [117.7693708270001, 1.251869766000027], [117.76905632900002, 1.252159346000042], [117.76789048900002, 1.252849525000045], [117.76786112500008, 1.25287436800005], [117.7678888800001, 1.255588296000042], [117.76786192600002, 1.255624490000059], [117.76786211400008, 1.256266788000062], [117.76788036700009, 1.25721666000004], [117.76790758400011, 1.258911030000036], [117.76802115600003, 1.258908394000059], [117.76802135000003, 1.25890843000002], [117.76802156100007, 1.25890838600003], [117.76825157100006, 1.258905368000057], [117.76825239400011, 1.258905526000035], [117.76825318700003, 1.258905379000055], [117.76842977600006, 1.258910162000063]]]]}},
{"type": "Feature", "properties": {"ba_code": "4321", "blockid": "4321K33P08", "division": "03"}, "geometry": {"type": "MultiPolygon", "coordinates": [[[[117.80662497600008, 1.240179462000071], [117.80933311500007, 1.240090015000021], [117.80933835000008, 1.238947974000041], [117.80931125000006, 1.234562080000046], [117.80932803200005, 1.23121592800004], [117.80659630900004, 1.231244152000045], [117.80658288900008, 1.236121823000076], [117.80660388700005, 1.239215226000056], [117.80662497600008, 1.240179462000071]]]]}},
{"type": "Feature", "properties": {"ba_code": "4321", "blockid": "4321I32P06", "division": "02"}, "geometry": {"type": "MultiPolygon", "coordinates": [[[[117.80562626200003, 1.249527420000049], [117.80569292000007, 1.249435042000073], [117.8040102110001, 1.24941168700002], [117.8040355710001, 1.257295031000069], [117.80402643800005, 1.258543562000057], [117.80673227900002, 1.258430492000059], [117.80665743400004, 1.254339668000057], [117.80664391200003, 1.253297510000039], [117.80556434800008, 1.251034588000039], [117.80554820700002, 1.250962581000067], [117.80552290800006, 1.250884969000026], [117.80550447000007, 1.250807756000029], [117.80550591200006, 1.250731123000037], [117.80549924200011, 1.250642484000025], [117.80549577300008, 1.250563486000033], [117.805496177, 1.250493512000048], [117.80549400100006, 1.250366335000024], [117.80551326000011, 1.250288216000058], [117.80549250400009, 1.25020789000007], [117.80547203100002, 1.250117006000039], [117.80546330300001, 1.250006893000034], [117.80545777600003, 1.24986397400005], [117.80546643200012, 1.249792162000062], [117.80553581700008, 1.249678756000037], [117.80555534500002, 1.249605335000069], [117.80562626200003, 1.249527420000049]]]]}},
{"type": "Feature", "properties": {"ba_code": "4321", "blockid": "4321G27P06", "division": "02"}, "geometry": {"type": "MultiPolygon", "coordinates": [[[[117.7901785140001, 1.271150574000046], [117.79020156400009, 1.27486381500006], [117.7902019920001, 1.274932822000039], [117.79020850800009, 1.275982388000045], [117.79020912100009, 1.276081144000045], [117.79021250100004, 1.276625513000056], [117.79121424900006, 1.276614144000064], [117.79321413100001, 1.276571331000071], [117.7932297100001, 1.275496277000059], [117.79323112800012, 1.275398463000045], [117.79324901500001, 1.274164137000071], [117.79325289400003, 1.273896517000026], [117.7932594770001, 1.273442285000044], [117.79314120400011, 1.267496992000019], [117.79010394700003, 1.267481742000029], [117.7901785140001, 1.271150574000046]]]]}},
{"type": "Feature", "properties": {"ba_code": "4321", "blockid": "4321M37P08", "division": "03"}, "geometry": {"type": "MultiPolygon", "coordinates": [[[[117.81746296000006, 1.22203668700007], [117.82031436800003, 1.221995401000072], [117.82031132800012, 1.220347457000059], [117.82027456300011, 1.216927810000072], [117.82009107800002, 1.216806158000054], [117.81952462400011, 1.216705565000041], [117.81915287600009, 1.216754961000049], [117.81882387300004, 1.216824769000027], [117.81868964000012, 1.216892057000052], [117.8182026930001, 1.217264772000021], [117.81769293400009, 1.217494851000026], [117.81746991700004, 1.21755373700006], [117.81746296000006, 1.22203668700007]]]]}},
{"type": "Feature", "properties": {"ba_code": "4321", "blockid": "4321E29P08", "division": "04"}, "geometry": {"type": "MultiPolygon", "coordinates": [[[[117.79868503500006, 1.285842614000046], [117.79883504000009, 1.285834513000054], [117.79614818000005, 1.285854723000057], [117.7962440870001, 1.293682820000072], [117.79625486200007, 1.293838497000024], [117.79631148900012, 1.293723355000054], [117.796463592, 1.293578529000058], [117.79683298000009, 1.293479794000064], [117.79759892100003, 1.293485912000051], [117.79868170600002, 1.293474395000032], [117.79874646700011, 1.293466161000026], [117.798906697, 1.293351782000059], [117.79910962000008, 1.293083024000055], [117.79929494600003, 1.29289506300006], [117.79965171200001, 1.29283171000003], [117.79979807000007, 1.292551606000075], [117.79995314000007, 1.29237157700004], [117.8000126930001, 1.292209251000031], [117.79998519600008, 1.291876904000048], [117.80001892000007, 1.290828998000052], [117.80059502000006, 1.290736733000074], [117.80064032100006, 1.290637826000022], [117.80064238300008, 1.290606808000064], [117.80029435800009, 1.289840138000045], [117.80015458200012, 1.289393418000031], [117.80003241100007, 1.288463204000038], [117.79955656400011, 1.28770260500005], [117.79920045400002, 1.28664601600002], [117.798886433, 1.286193705000073], [117.79868503500006, 1.285842614000046]]]]}},
{"type": "Feature", "properties": {"ba_code": "4321", "blockid": "4321I15P07", "division": "05"}, "geometry": {"type": "MultiPolygon", "coordinates": [[[[117.75962972800005, 1.258988634000048], [117.75961160700001, 1.258205159000056], [117.75961106800003, 1.256341587000065], [117.75820002800003, 1.256658626000046], [117.75805623600002, 1.256721993000042], [117.75726541400002, 1.257174548000023], [117.75762518600004, 1.258033858000033], [117.75754745200004, 1.258643778000021], [117.75755013500009, 1.25864391600004], [117.75801959400007, 1.258692499000063], [117.75821859400003, 1.258703123000032], [117.7583498790001, 1.258726679000063], [117.75876985000002, 1.25877014100007], [117.75877444200012, 1.258771308000064], [117.75877811700002, 1.258771889000059], [117.75884411200002, 1.258793291000075], [117.7589084120001, 1.258812145000036], [117.75897722700006, 1.258830807000038], [117.75897807000001, 1.258831096000051], [117.75897840200003, 1.258831145000045], [117.75904564200005, 1.258851594000021], [117.75911079800005, 1.258869993000076], [117.75911281200001, 1.258870694000052], [117.75911324000003, 1.258870767000076], [117.75911755400011, 1.25887228800002], [117.75932220600009, 1.258920193000051], [117.75935396300008, 1.258923872000025], [117.75935518900008, 1.258924192000052], [117.75935731400011, 1.258924405000073], [117.75942162700005, 1.258937427000035], [117.75942475600004, 1.258938386000068], [117.75942606500007, 1.258938593000039], [117.75948718600011, 1.258958432000043], [117.7594985610001, 1.258961474000046], [117.75961766800003, 1.25898935400005], [117.75962972800005, 1.258988634000048]]]]}},
{"type": "Feature", "properties": {"ba_code": "4321", "blockid": "4321I17P07", "division": "05"}, "geometry": {"type": "MultiPolygon", "coordinates": [[[[117.76320166900007, 1.258918485000038], [117.7635077860001, 1.258017008000024], [117.76351580000005, 1.25796852600007], [117.763451411, 1.25739487200002], [117.76345139700004, 1.257346393000034], [117.7634754500001, 1.257241347000047], [117.76364393200004, 1.256893861000037], [117.76367599800005, 1.256740334000028], [117.76377220300003, 1.256295911000052], [117.76388454900007, 1.256150440000056], [117.76419750000002, 1.255697873000031], [117.76455059500006, 1.255261454000049], [117.76460676200008, 1.25516447900003], [117.76483142200004, 1.254760418000046], [117.7649196750001, 1.25458263400003], [117.76498884000011, 1.254331740000055], [117.76477866200003, 1.254413174000035], [117.76450907500009, 1.254603229000054], [117.7639878550001, 1.254910961000064], [117.76357448200008, 1.255182477000062], [117.76250502800008, 1.255626068000026], [117.76235224100003, 1.255662298000061], [117.76231726600008, 1.258906728000056], [117.76238421500011, 1.25890636500003], [117.76254560100006, 1.258903935000035], [117.76254605100007, 1.258904021000035], [117.76254650800001, 1.25890393100002], [117.76271977200008, 1.258905235000043], [117.76272027200002, 1.258905337000044], [117.762720725, 1.258905253000023], [117.76289214200006, 1.258910611000033], [117.76289249600006, 1.258910688000071], [117.76289278700006, 1.258910637000042], [117.7630221170001, 1.258916760000034], [117.7630455740001, 1.258916985000042], [117.76311102600005, 1.258911111000032], [117.76311460700003, 1.258910950000029], [117.76311941600011, 1.258911238000053], [117.76317779200008, 1.258918255000026], [117.76320166900007, 1.258918485000038]]], [[[117.76498543800005, 1.254584995000073], [117.76499004800007, 1.254540009000038], [117.76493576100006, 1.254687668000031], [117.76463889100012, 1.255229109000027], [117.76459876900003, 1.255285680000043], [117.76439815200001, 1.255552376000026], [117.76398889600011, 1.256101929000067], [117.7638284090001, 1.25633629400005], [117.76371618200005, 1.256893840000032], [117.76365199500003, 1.257015058000036], [117.76352363700005, 1.257314052000027], [117.7635236540001, 1.257370611000056], [117.7635800270001, 1.257984667000073], [117.76357201100006, 1.258025069000041], [117.76326064800003, 1.258919051000021], [117.76492702200005, 1.258935057000031], [117.76500009600011, 1.258925413000043], [117.76500250800007, 1.258925254000076], [117.76500302400007, 1.258925135000027], [117.76505914900008, 1.258921875000055], [117.76508536500012, 1.258221642000024], [117.76500389000012, 1.256222399000023], [117.76498543800005, 1.254584995000073]]]]}},
{"type": "Feature", "properties": {"ba_code": "4321", "blockid": "4321K40P08", "division": "03"}, "geometry": {"type": "MultiPolygon", "coordinates": [[[[117.82882849700002, 1.232712289000062], [117.82867165900007, 1.231026517000032], [117.82587152700012, 1.231027113000039], [117.82588234700006, 1.233409637000022], [117.82591355900001, 1.23469131500002], [117.82590256000003, 1.236926719000053], [117.82595949400002, 1.237422167000034], [117.82597965600007, 1.237356931000022], [117.8259922090001, 1.237256901000023], [117.82603762300005, 1.237181593000059], [117.82606804400007, 1.237113751000038], [117.82611800100005, 1.23699724100004], [117.82616513100004, 1.236927774000037], [117.82620100100007, 1.236842668000065], [117.82624250700007, 1.236783228000036], [117.82631043300012, 1.236661233000063], [117.82636537000008, 1.236576988000024], [117.826434446, 1.236464629000068], [117.82646468000007, 1.236405877000038], [117.82649881400005, 1.236320169000066], [117.82653775800009, 1.236259765000057], [117.82670244500002, 1.235958149000055], [117.826653082, 1.23589499000002], [117.82663874200011, 1.235823158000073], [117.82695046000003, 1.235306750000063], [117.82698071800007, 1.235229763000063], [117.827034851, 1.235187621000023], [117.82708032200003, 1.235112536000031], [117.82712054700005, 1.235037651000027], [117.82726244100002, 1.234472724000057], [117.8272287100001, 1.234396884000034], [117.82727230500006, 1.234322851000059], [117.82786652200002, 1.233571484000038], [117.82779514600008, 1.233514287000048], [117.82777393700007, 1.23342739800006], [117.82780601000002, 1.233367533000035], [117.82788305100007, 1.23336295200005], [117.82797287200003, 1.233360117000075], [117.82805770800007, 1.233374247000029], [117.82882849700002, 1.232712289000062]]]]}},
{"type": "Feature", "properties": {"ba_code": "4321", "blockid": "4321G25P06", "division": "02"}, "geometry": {"type": "MultiPolygon", "coordinates": [[[[117.784639276, 1.267608665000068], [117.78462082500005, 1.268467801000043], [117.78469822000011, 1.269777778000048], [117.7846606810001, 1.270518744000071], [117.78468382100004, 1.270760418000066], [117.78480592000005, 1.276647746000037], [117.78578174600011, 1.276633169000036], [117.78746156400007, 1.276619263000043], [117.78738147600006, 1.271096606000071], [117.78728644000012, 1.267541987000072], [117.784639276, 1.267608665000068]], [[117.78667349300008, 1.27038251700003], [117.78666938700007, 1.270391653000047], [117.7866873690001, 1.270409740000048], [117.78669636500001, 1.270436876000076], [117.78666042100008, 1.27046402700006], [117.78650762900008, 1.270482166000022], [117.7864447180001, 1.270500278000043], [117.78640879000011, 1.270581707000076], [117.7863638660001, 1.270635999000035], [117.78632792200005, 1.270663150000075], [117.78622905600002, 1.270672226000045], [117.78617512700009, 1.270672243000035], [117.78606727600004, 1.270690369000022], [117.78597739500003, 1.27069039600002], [117.78591448400005, 1.270708508000041], [117.78581561400006, 1.270708539000054], [117.78575269200007, 1.27069046500003], [117.785662795, 1.270636214000035], [117.78564482200011, 1.270645266000031], [117.78559986500011, 1.270591001000071], [117.78558187200008, 1.270536728000025], [117.7855638850001, 1.27050054800003], [117.78556387100002, 1.270455316000039], [117.78552790800006, 1.270419141000048], [117.78551891200004, 1.270392005000076], [117.78552789200012, 1.270364863000054], [117.78553687200008, 1.270337721000033], [117.78553686300006, 1.270310582000036], [117.78558179600009, 1.270283429000074], [117.78559976400004, 1.270256284000027], [117.78564468500008, 1.270192945000076], [117.78569859400011, 1.270129604000033], [117.78577048500006, 1.270084350000047], [117.78582439200011, 1.270011962000069], [117.78584236300003, 1.269993864000071], [117.78594123500011, 1.27000288000005], [117.78601312300009, 1.269948579000072], [117.7860310960001, 1.269939528000066], [117.786111989, 1.269939503000046], [117.78618389100006, 1.269930434000059], [117.78622880700004, 1.269849003000047], [117.78628267500005, 1.269649965000042], [117.78627368700006, 1.269649968000067], [117.7862646860001, 1.269604739000044], [117.78627366300009, 1.269568550000031], [117.78628265100008, 1.269568548000052], [117.78628264800011, 1.26955950100006], [117.78631860300004, 1.269568537000055], [117.78637254500006, 1.269613752000055], [117.78636356000004, 1.269622801000025], [117.78638154200007, 1.269640889000073], [117.7864534570001, 1.26967705200002], [117.786489404, 1.269658948000028], [117.78649838900003, 1.269649899000058], [117.7865073800001, 1.269658943000024], [117.78653437500009, 1.269758445000036], [117.7865793420001, 1.269848896000042], [117.7866153220001, 1.269939349000026], [117.7866602900001, 1.270029799000042], [117.78666029300007, 1.270038845000045], [117.7866693410001, 1.270237864000023], [117.78666937100002, 1.270337374000064], [117.78667349300008, 1.27038251700003]]]]}},
{"type": "Feature", "properties": {"ba_code": "4321", "blockid": "4321H21P06", "division": "01"}, "geometry": {"type": "MultiPolygon", "coordinates": [[[[117.77348320400006, 1.261709652000036], [117.77376877600011, 1.267680325000072], [117.77527788000009, 1.267649909000056], [117.77615889100002, 1.267630746000066], [117.77621573400006, 1.261580748000029], [117.7758715540001, 1.261677533000068], [117.77587009000001, 1.261677735000035], [117.7758681790001, 1.261678284000027], [117.77537385800008, 1.261759850000033], [117.77536877800003, 1.261760267000057], [117.77536796400011, 1.261760104000075], [117.77536724600009, 1.26176023000005], [117.77499872900012, 1.261742247000029], [117.77499697700011, 1.261741852000057], [117.77499215600005, 1.261741218000054], [117.774591643, 1.261633850000067], [117.77413092900008, 1.261633988000028], [117.77374697100004, 1.261697016000028], [117.77374396900007, 1.261697262000041], [117.77374337800006, 1.261697395000056], [117.77348320400006, 1.261709652000036]]], [[[117.77333238100005, 1.258874978000051], [117.77331226500007, 1.259561021000025], [117.77341103800006, 1.260200802000043], [117.77348017800011, 1.261646401000064], [117.77373862900004, 1.261634224000034], [117.77412331200003, 1.261571076000052], [117.77412836600001, 1.261570664000033], [117.77459574700003, 1.261570524000035], [117.77460385300003, 1.261571590000074], [117.77500511700009, 1.261679160000028], [117.77536696600009, 1.261696817000029], [117.77585629200007, 1.261616075000063], [117.77621635300011, 1.261514824000074], [117.7762166770001, 1.261480420000055], [117.77620189400011, 1.258861447000072], [117.77333238100005, 1.258874978000051]]]]}},
{"type": "Feature", "properties": {"ba_code": "4321", "blockid": "4321H18P06", "division": "01"}, "geometry": {"type": "MultiPolygon", "coordinates": [[[[117.76728636000007, 1.259000016000073], [117.7651384830001, 1.259008386000062], [117.76519967900003, 1.260853533000045], [117.76552012700006, 1.264264999000034], [117.76570732500011, 1.264318771000035], [117.76598597000009, 1.264363920000051], [117.7662196770001, 1.264418130000024], [117.7664084380001, 1.264454260000036], [117.76641742600009, 1.264454257000068], [117.76683984300007, 1.264372713000057], [117.76684882900008, 1.26436366400003], [117.7670195820001, 1.26429124200007], [117.76718134600003, 1.264218822000032], [117.76719033200004, 1.264209773000061], [117.76726222600007, 1.264173566000068], [117.76731614700009, 1.264146410000023], [117.767316144, 1.264137364000021], [117.7675677630001, 1.26397445300006], [117.767567761, 1.263965406000068], [117.76768459000004, 1.263911093000047], [117.76769357600006, 1.263902044000019], [117.76771155200004, 1.263902038000026], [117.76774749900005, 1.263883935000024], [117.76794522400007, 1.263838644000032], [117.76795421200006, 1.263838641000063], [117.76802611200003, 1.263820527000064], [117.7680864560001, 1.263800261000029], [117.76788089600007, 1.259036460000061], [117.76728636000007, 1.259000016000073]]], [[[117.7655221120001, 1.264343239000027], [117.76554228400005, 1.267593352000063], [117.76822892000007, 1.267689713000038], [117.76809011300008, 1.263893741000061], [117.7680710730001, 1.263892885000075], [117.76800815900003, 1.263901950000047], [117.7679092950001, 1.263920073000065], [117.76775651100002, 1.263965350000035], [117.76772954900002, 1.263974405000056], [117.76753184300003, 1.264083021000033], [117.76735211800008, 1.264209725000057], [117.76734313000009, 1.264209727000036], [117.76734313200006, 1.264218774000028], [117.76719936500001, 1.264363560000049], [117.76687582200009, 1.264463167000031], [117.76674999400007, 1.264481297000032], [117.76674100900004, 1.264490347000049], [117.76663315600001, 1.264508472000045], [117.76649834000011, 1.264526605000071], [117.76649834300008, 1.264535651000074], [117.76640846200007, 1.264535678000072], [117.76639947600006, 1.264544727000043], [117.76632757100003, 1.264544748000048], [117.76631858300004, 1.264544751000074], [117.76621970600002, 1.264517641000054], [117.76621071800002, 1.264517644000023], [117.76614779300007, 1.264490523000063], [117.76613880800005, 1.264499572000034], [117.7660039750001, 1.26446342600002], [117.76592307400006, 1.264436311000054], [117.76591408600007, 1.264436313000033], [117.76582419700003, 1.264409201000035], [117.76581520900004, 1.264409203000071], [117.76580622100005, 1.264409206000039], [117.76578824500007, 1.264409211000043], [117.76575229200012, 1.26440922200004], [117.76562644800003, 1.264373074000048], [117.76553655900011, 1.26434596100006], [117.7655221120001, 1.264343239000027]]]]}},
{"type": "Feature", "properties": {"ba_code": "4321", "blockid": "4321E19P07", "division": "04"}, "geometry": {"type": "MultiPolygon", "coordinates": [[[[117.7712888420001, 1.294088955000063], [117.77133344700007, 1.292976229000033], [117.77133279200007, 1.290805083000066], [117.77126330400006, 1.290525692000074], [117.77125180000007, 1.290479436000055], [117.77121209800009, 1.290367709000066], [117.77131310700008, 1.290164228000037], [117.7713218880001, 1.289709452000068], [117.77133662000006, 1.28927262600007], [117.77130379000005, 1.288838806000058], [117.77128290600001, 1.288587490000054], [117.77124117500011, 1.288208782000027], [117.77125111700002, 1.288208779000058], [117.77124830700006, 1.28813973900003], [117.7712058410001, 1.287096080000026], [117.7711156690001, 1.286128138000038], [117.77002810500005, 1.286146561000066], [117.76871581700004, 1.286101727000073], [117.7687586180001, 1.287779097000055], [117.76876129100003, 1.287883864000037], [117.7687901490001, 1.288978475000022], [117.76876161900009, 1.28897848400004], [117.76875984000003, 1.289030277000052], [117.76873488800004, 1.289756487000034], [117.76879796600008, 1.290290208000044], [117.76876213500009, 1.290697309000052], [117.76878608200002, 1.29093759400007], [117.76879819700002, 1.291059156000074], [117.76893306600005, 1.291212905000066], [117.76901401100008, 1.291384763000053], [117.7696161230001, 1.291058907000036], [117.769849797, 1.290995511000062], [117.77012843900002, 1.291022565000048], [117.77038910800002, 1.29105867200002], [117.7706048760001, 1.291230488000053], [117.77066787800004, 1.291510909000067], [117.77060504000008, 1.291773275000025], [117.77058715300006, 1.292071813000064], [117.77062319100003, 1.29235224200005], [117.7705873220001, 1.292632692000041], [117.77060397200012, 1.293180191000033], [117.77058748900004, 1.293184525000072], [117.770542556, 1.293211679000024], [117.77051561000007, 1.293275012000038], [117.77015609300008, 1.293311307000067], [117.77006621900011, 1.293338474000052], [117.7700483000001, 1.293528455000057], [117.76998537700001, 1.293510381000033], [117.76981462000003, 1.293573759000026], [117.76963486200009, 1.293591906000074], [117.76961689300003, 1.293619051000064], [117.76950904600005, 1.293655270000045], [117.76929337000001, 1.293791032000058], [117.76933835400007, 1.293935762000046], [117.76910469400002, 1.294044391000057], [117.76950460300009, 1.294074305000038], [117.769706917, 1.294089439000061], [117.77065067400008, 1.294071058000043], [117.7712888420001, 1.294088955000063]]]]}},
{"type": "Feature", "properties": {"ba_code": "4321", "blockid": "4321L40P08", "division": "03"}, "geometry": {"type": "MultiPolygon", "coordinates": [[[[117.82575625800007, 1.225376907000054], [117.8257975900001, 1.228319984000052], [117.8258667450001, 1.230935657000032], [117.82866823000006, 1.230920522000019], [117.82827669500011, 1.22652019100002], [117.82789579000007, 1.226546197000062], [117.82755637100001, 1.226455091000048], [117.8273626670001, 1.226388977000056], [117.82709966700008, 1.22633182800007], [117.82649535300004, 1.225800839000044], [117.82618613200009, 1.225677530000041], [117.82607060900011, 1.225598873000024], [117.82590799500008, 1.225404267000044], [117.82575625800007, 1.225376907000054]]]]}},
{"type": "Feature", "properties": {"ba_code": "4321", "blockid": "4321E15P13", "division": "06"}, "geometry": {"type": "MultiPolygon", "coordinates": [[[[117.7598283000001, 1.292192678000049], [117.76007096, 1.292120233000048], [117.76019680900004, 1.292165428000033], [117.76026867200005, 1.292020663000073], [117.76039491800009, 1.292016087000036], [117.76039021800011, 1.289740087000041], [117.76021404100004, 1.289659551000057], [117.760043289, 1.289741021000054], [117.7598186240001, 1.289876785000047], [117.75973775700004, 1.289967274000048], [117.7597108540001, 1.290175351000073], [117.75969296900007, 1.290482937000036], [117.75976493100006, 1.290672891000042], [117.75963912300006, 1.29076339300002], [117.75947736700004, 1.290871999000046], [117.75954931600006, 1.291016721000062], [117.7596661980001, 1.291134290000059], [117.75977409400002, 1.291260908000027], [117.75967531200001, 1.291559472000074], [117.75945062300002, 1.29161381800003], [117.75944167500006, 1.291749518000074], [117.75942376300009, 1.291966638000019], [117.75968445600006, 1.292084164000073], [117.7598283000001, 1.292192678000049]]], [[[117.76030286200012, 1.28607712400003], [117.76051846500002, 1.285980602000052], [117.76051240600009, 1.285980756000072], [117.7604278550001, 1.285947022000073], [117.7603723960001, 1.28588217600003], [117.76036749400009, 1.285859187000028], [117.75902729200004, 1.28585958900004], [117.75904450000007, 1.286032268000042], [117.75955689700004, 1.286267323000061], [117.76015923800003, 1.28671042000002], [117.7603479610001, 1.286610852000024], [117.76051557500011, 1.286571800000047], [117.76051869600008, 1.286475104000033], [117.76047369900004, 1.286285141000064], [117.76030286200012, 1.28607712400003]]], [[[117.76025881800001, 1.28910770300007], [117.76034593200006, 1.288935608000031], [117.76038347600002, 1.28889306800005], [117.76037534300008, 1.287568570000076], [117.76031231900004, 1.28766025300007], [117.76021344600008, 1.287651236000045], [117.76012358000003, 1.287705542000026], [117.75982700100008, 1.287814188000027], [117.75962030700009, 1.287931854000021], [117.75956641000005, 1.288040428000045], [117.75912584900004, 1.288473368000041], [117.75905421900006, 1.288501952000047], [117.75903626900003, 1.288592422000022], [117.75895541000011, 1.28871005000002], [117.75873071, 1.288728210000045], [117.75856893500008, 1.288773491000029], [117.7584431140001, 1.288818761000073], [117.75847010300004, 1.288900171000023], [117.75856000600004, 1.288972516000058], [117.75867694400006, 1.289280061000056], [117.75872189300003, 1.28930718700002], [117.75885668100011, 1.28918954300002], [117.75917124500006, 1.289108030000023], [117.75923416800003, 1.289126104000047], [117.75927013400008, 1.28917132600003], [117.75933305100011, 1.289171307000061], [117.7594498950001, 1.289162225000041], [117.75952177200008, 1.289062692000073], [117.75962427900004, 1.288953118000052], [117.75997652100011, 1.288965983000026], [117.759998171, 1.289143968000076], [117.7600341750001, 1.289315840000029], [117.76019594700006, 1.289261512000053], [117.76025881800001, 1.28910770300007]]], [[[117.75936012600005, 1.289542204000043], [117.75950390300011, 1.289424557000075], [117.75964773300007, 1.28948783900006], [117.75976456300009, 1.289433525000049], [117.75968363200002, 1.289306899000053], [117.75956673400003, 1.289135051000073], [117.75949198900003, 1.289114558000051], [117.75948292700002, 1.289143616000047], [117.75943025600009, 1.28918340000007], [117.75930513600008, 1.28919006600006], [117.75917132500001, 1.28937942400006], [117.7590365740001, 1.289623719000076], [117.7589107770001, 1.289750408000032], [117.758919805, 1.289886102000025], [117.75867720100007, 1.290148522000038], [117.7588300540001, 1.290329406000069], [117.75893790200007, 1.290293188000021], [117.75912661500001, 1.290157434000037], [117.75923444400007, 1.290057890000071], [117.75919845600004, 1.289940297000044], [117.759108523, 1.289768441000035], [117.75923431500007, 1.289623660000075], [117.75936012600005, 1.289542204000043]]]]}},
{"type": "Feature", "properties": {"ba_code": "4321", "blockid": "4321G33P07", "division": "02"}, "geometry": {"type": "MultiPolygon", "coordinates": [[[[117.8068541130001, 1.271622163000075], [117.81008974300005, 1.27229987100003], [117.80967679700007, 1.267146506000074], [117.80689986800007, 1.267190026000037], [117.8068541130001, 1.271622163000075]]]]}},
{"type": "Feature", "properties": {"ba_code": "4321", "blockid": "4321J39P08", "division": "03"}, "geometry": {"type": "MultiPolygon", "coordinates": [[[[117.82344992500009, 1.248224272000073], [117.82345162500008, 1.248223556000028], [117.8235178860001, 1.248175444000026], [117.82358195000006, 1.24811554300004], [117.82365194600004, 1.248058140000069], [117.82372918300007, 1.248013858000036], [117.8237949490001, 1.247952807000047], [117.8238605250001, 1.247891580000044], [117.82392758000003, 1.247839302000045], [117.8239983200001, 1.247796337000068], [117.82406937400003, 1.247738815000048], [117.8241232040001, 1.247665889000075], [117.8241661730001, 1.247589545000039], [117.82421934000001, 1.24750747500002], [117.82426210000006, 1.247435107000058], [117.82429521100005, 1.247354845000075], [117.82434127500005, 1.247291339000071], [117.82438525400005, 1.24720979500006], [117.82444430100009, 1.247147839000036], [117.82451297400007, 1.24709778600004], [117.82458036100002, 1.247040395000056], [117.82464546200003, 1.246987774000047], [117.8247075810001, 1.246927184000072], [117.82478871700005, 1.246891530000028], [117.82484556200006, 1.246830018000026], [117.82490523500007, 1.246788696000067], [117.82496367100009, 1.246730575000072], [117.82502466100004, 1.246679822000033], [117.82505770500006, 1.246604157000036], [117.82510621300003, 1.246529532000068], [117.82513665200008, 1.246450295000045], [117.82517412700008, 1.246378309000022], [117.82515314800003, 1.246297928000047], [117.82515170600004, 1.246212204000074], [117.8251592360001, 1.246138071000075], [117.82516740900007, 1.246052127000041], [117.82515691600008, 1.245964830000048], [117.8251435520001, 1.245879769000055], [117.82514782500004, 1.245794568000065], [117.82514997500004, 1.245709006000027], [117.8251601720001, 1.245609629000057], [117.82516378000003, 1.245519134000062], [117.82516127500003, 1.245435868000072], [117.82516117600005, 1.245347657000025], [117.82518404000007, 1.245269147000045], [117.82520288700005, 1.24518641100002], [117.82522930500011, 1.245112541000026], [117.82523976300001, 1.245026911000025], [117.8252622980001, 1.24495113100005], [117.82527794500004, 1.24486545000002], [117.82530414100006, 1.244791202000044], [117.82532512500006, 1.24470683100003], [117.82532674200002, 1.24460825400007], [117.82533630400007, 1.244526313000051], [117.82531947700011, 1.244440629000053], [117.8253078240001, 1.244357961000048], [117.82528790200001, 1.244281640000054], [117.8252706720001, 1.244202870000038], [117.82527304700011, 1.244119478000073], [117.82528308500002, 1.244042216000025], [117.82528662400011, 1.243958659000043], [117.82531095400009, 1.243875736000064], [117.82531225500009, 1.243796751000048], [117.82531576800011, 1.24371248500006], [117.82533360000002, 1.243626972000072], [117.82533745500007, 1.243547498000055], [117.82536852400006, 1.243471628000066], [117.82539375500005, 1.243384482000067], [117.82543506200011, 1.243309917000033], [117.82547387300008, 1.243237618000023], [117.82552455500002, 1.243087092000053], [117.82556638300002, 1.24301532000004], [117.82560166000007, 1.242934580000053], [117.82565400900012, 1.242865819000031], [117.82567768400008, 1.242771726000058], [117.82569301, 1.242690981000067], [117.82571004500005, 1.242543839000064], [117.82573171900003, 1.242457387000059], [117.82573068700003, 1.242378913000039], [117.82575730000008, 1.242309371000033], [117.8257699830001, 1.242216488000054], [117.82578052200006, 1.242127374000063], [117.82579364700007, 1.242035294000061], [117.82580921100009, 1.24195363900003], [117.82583117400009, 1.241834605000065], [117.82583201500006, 1.241737440000065], [117.82582979900008, 1.241662629000075], [117.82582649100004, 1.241568554000025], [117.82581849500002, 1.241475588000071], [117.8258105330001, 1.241388333000032], [117.82580090500005, 1.241300570000021], [117.82580730300003, 1.241222165000067], [117.82579277500008, 1.241149617000076], [117.825806811, 1.241063969000038], [117.82583771400004, 1.240978544000029], [117.82585298100003, 1.240881171000069], [117.82587009800011, 1.240794222000034], [117.82588227400004, 1.240723363000029], [117.82589848400005, 1.24064389800003], [117.82591221200005, 1.24056839900004], [117.82590500600008, 1.240487325000061], [117.82592129800003, 1.240405236000072], [117.82590485100002, 1.240326992000064], [117.82588423300001, 1.240247495000062], [117.82588313100007, 1.240161832000069], [117.82585059900009, 1.240067887000066], [117.82585036300009, 1.240059993000045], [117.82585033600003, 1.240059970000061], [117.82321711100008, 1.240044470000043], [117.82322665800007, 1.248420987000031], [117.82344992500009, 1.248224272000073]]]]}},
{"type": "Feature", "properties": {"ba_code": "4321", "blockid": "4321F28P08", "division": "04"}, "geometry": {"type": "MultiPolygon", "coordinates": [[[[117.79603387500003, 1.281436213000063], [117.79603103000011, 1.279054962000032], [117.79596434000007, 1.278541595000036], [117.79556495800011, 1.277927887000033], [117.79551087700008, 1.276609883000049], [117.794080054, 1.276629249000052], [117.79305135000004, 1.276650589000042], [117.79315139900007, 1.281723155000066], [117.7932788380001, 1.285778281000034], [117.79506209500005, 1.285773902000074], [117.79608550000012, 1.285765739000055], [117.79603387500003, 1.281436213000063]]]]}},
{"type": "Feature", "properties": {"ba_code": "4321", "blockid": "4321H30P06", "division": "02"}, "geometry": {"type": "MultiPolygon", "coordinates": [[[[117.79862135400003, 1.258759435000059], [117.79867537500002, 1.262918547000027], [117.79862929600006, 1.263241653000023], [117.79867286500007, 1.26366726200007], [117.79863814200007, 1.266049611000028], [117.79867047300002, 1.267386438000074], [117.80106266300004, 1.26739307400004], [117.80101501600006, 1.265351788000032], [117.80095212600008, 1.26461134300007], [117.80105145200002, 1.258701900000062], [117.79862135400003, 1.258759435000059]]]]}},
{"type": "Feature", "properties": {"ba_code": "4321", "blockid": "4321I11P16", "division": "06"}, "geometry": {"type": "MultiPolygon", "coordinates": [[[[117.746820866, 1.25995397600002], [117.74700088600002, 1.259938022000028], [117.74720669400006, 1.259930565000047], [117.74722354100004, 1.259929542000066], [117.74723025300011, 1.259929711000041], [117.7475130040001, 1.259919465000053], [117.74786394300008, 1.259909009000069], [117.74827661200004, 1.259900836000043], [117.7483406240001, 1.259890462000044], [117.74839317300007, 1.259765037000022], [117.74843085200007, 1.259610851000048], [117.74835879300008, 1.259465902000045], [117.74833128300008, 1.259203584000034], [117.7483140380001, 1.258859573000052], [117.74831777800011, 1.258692315000076], [117.74832232200004, 1.258489074000067], [117.74832296700004, 1.258100204000073], [117.74849323900003, 1.257910313000025], [117.74849320600003, 1.257791806000057], [117.74854684000002, 1.257467334000069], [117.74872625000012, 1.257249827000066], [117.74899595200009, 1.256978218000029], [117.74912165, 1.256814803000054], [117.74914903600006, 1.256643363000023], [117.74917642700007, 1.256489180000074], [117.74900487800005, 1.256208495000067], [117.74889742300002, 1.256208526000023], [117.74869968000007, 1.256273014000044], [117.74856387300008, 1.256289624000033], [117.748474514, 1.256381231000034], [117.74839340100004, 1.25655383700007], [117.74837630700006, 1.256742533000022], [117.7481157200001, 1.256905987000039], [117.747972849, 1.256978513000035], [117.74773059800009, 1.25730419000007], [117.7474818500001, 1.257477393000045], [117.74744250200001, 1.257468880000033], [117.74730499900011, 1.257476417000021], [117.747234724, 1.257413077000024], [117.74708171100008, 1.257476246000067], [117.7468938070001, 1.257367114000033], [117.74675852400003, 1.257593772000064], [117.74666811500003, 1.257711564000033], [117.746596726, 1.257991676000074], [117.74638871700006, 1.25824572800002], [117.7462015100001, 1.258253421000063], [117.74588714200002, 1.25858882700004], [117.74571296400006, 1.258693066000035], [117.74559920700005, 1.25876114600004], [117.74574255100003, 1.258941384000025], [117.74594026600005, 1.259186257000067], [117.74610807800002, 1.259448847000044], [117.74611024800004, 1.259457347000023], [117.74619261900011, 1.259685133000062], [117.74634586000002, 1.259901393000064], [117.74649030600006, 1.259974033000049], [117.746820866, 1.25995397600002]], [[117.74668694500008, 1.259095471000023], [117.74668694700006, 1.259104517000026], [117.74665997300008, 1.259068339000066], [117.74662401500007, 1.259050257000069], [117.74659705300007, 1.259059311000044], [117.7465611, 1.259059321000052], [117.74649817300008, 1.259023153000044], [117.74645322000003, 1.258977934000029], [117.7464352180001, 1.258887474000062], [117.74644419300012, 1.258842239000046], [117.7464801430001, 1.258833182000046], [117.74651608500005, 1.25879698600005], [117.74655202500003, 1.258751743000062], [117.74655201200005, 1.258706510000025], [117.7465520080001, 1.258692824000036], [117.74655200400002, 1.258679371000028], [117.74657895100006, 1.258616038000071], [117.74659691900001, 1.258588893000024], [117.7466598210001, 1.258534596000061], [117.74668678300009, 1.258525542000029], [117.74675867700012, 1.258489335000036], [117.74678564200008, 1.258489327000063], [117.74681261900002, 1.258534552000071], [117.74683959400011, 1.258570730000031], [117.74687555600008, 1.258606906000068], [117.74689353500003, 1.258615947000067], [117.74691151900004, 1.258643081000059], [117.74695647300007, 1.258688301000063], [117.74696348000009, 1.258692706000033], [117.74702839100007, 1.258733513000038], [117.74708231700004, 1.258724451000035], [117.7471182700001, 1.258724440000037], [117.74719917000004, 1.25875155600005], [117.74723514400011, 1.258823918000076], [117.74725313500005, 1.258878192000054], [117.74724417000004, 1.258959613000059], [117.74718127400001, 1.259032003000073], [117.74714532100006, 1.259032013000024], [117.74712735500009, 1.259068205000062], [117.74711839100007, 1.259149626000067], [117.74705547600001, 1.259158690000049], [117.74693862800007, 1.259149677000039], [117.74688469900002, 1.25914969300004], [117.74681276800004, 1.259059249000074], [117.74671390600008, 1.259086417000049], [117.74668694500008, 1.259095471000023]], [[117.74713589300006, 1.257485065000026], [117.74717184300005, 1.257476008000026], [117.74723476000008, 1.257475990000046], [117.747270705, 1.257448840000052], [117.74729768700001, 1.257512158000054], [117.74734266100006, 1.257629750000035], [117.74736066100002, 1.257711163000067], [117.74736067100002, 1.257747349000056], [117.7473517090001, 1.257837816000063], [117.74734274900004, 1.257937330000061], [117.74739668300003, 1.257955408000043], [117.74746859800007, 1.257991573000027], [117.74739671400005, 1.258063966000066], [117.74736076600004, 1.258082069000068], [117.74725291400011, 1.258100193000075], [117.74720798600003, 1.258145439000032], [117.7471720310001, 1.258136403000037], [117.74712706500009, 1.258045951000042], [117.74711805800007, 1.257982628000036], [117.7470820850001, 1.257910266000067], [117.74708208000004, 1.257892173000073], [117.74711801500007, 1.257828837000034], [117.74718091900002, 1.257783587000063], [117.74718090300007, 1.257729308000023], [117.74712695100004, 1.257647905000056], [117.74710897000011, 1.257629817000065], [117.74707299700003, 1.25755745500004], [117.747090963, 1.257521264000047], [117.74713589300006, 1.257485065000026]], [[117.74828666200006, 1.25849794100003], [117.74827768700004, 1.258543176000046], [117.74822377400005, 1.258597470000041], [117.74815186600006, 1.258588445000044], [117.74812489900012, 1.258579406000024], [117.74809793700001, 1.258588460000055], [117.74807996100003, 1.258588465000059], [117.74803500700011, 1.258543246000045], [117.74798106800006, 1.258507075000068], [117.74794511100004, 1.258488993000071], [117.74793610400002, 1.258425670000065], [117.74792710100007, 1.258371394000051], [117.74798102400007, 1.258353285000055], [117.7480799120001, 1.258416582000052], [117.74813383000003, 1.258380380000062], [117.74818775900007, 1.25838036500005], [117.7482147290001, 1.258398450000072], [117.74825966900005, 1.258398437000039], [117.74826866500007, 1.258425574000057], [117.74827766600004, 1.258470804000069], [117.74828666000008, 1.258488894000038], [117.74828666200006, 1.25849794100003]]]]}},
{"type": "Feature", "properties": {"ba_code": "4321", "blockid": "4321J36P07", "division": "03"}, "geometry": {"type": "MultiPolygon", "coordinates": [[[[117.81485078800006, 1.241181965000067], [117.81488794200004, 1.247339689000057], [117.81766230100004, 1.248146038000073], [117.81762049000008, 1.24045039400005], [117.81755203800003, 1.240456699000049], [117.8172734100001, 1.240447740000036], [117.81697680500008, 1.240438786000027], [117.81668920000004, 1.240466014000049], [117.81642856200006, 1.240502280000044], [117.8162668010001, 1.240574701000071], [117.81599719400003, 1.240674295000076], [117.81576352700006, 1.240737692000039], [117.81554787300001, 1.240918686000043], [117.81532322700002, 1.241090636000024], [117.81506260000003, 1.241163088000064], [117.81485078800006, 1.241181965000067]]], [[[117.81484430900002, 1.240108030000044], [117.8148506230001, 1.241154636000033], [117.81503562700004, 1.24113595700004], [117.81529626100007, 1.241081598000051], [117.81551191800008, 1.240909650000049], [117.81575453100004, 1.240710555000021], [117.81592528500005, 1.24065622400002], [117.81594326100003, 1.240656219000073], [117.81618591000006, 1.240574726000034], [117.81639260400004, 1.240484199000036], [117.81664425200006, 1.240438889000075], [117.81690489400012, 1.240411669000025], [117.81717452900011, 1.240402539000058], [117.81740840000009, 1.240424060000066], [117.81745770400005, 1.240422848000037], [117.81762005900009, 1.240370993000056], [117.81761860000006, 1.240102524000065], [117.81484430900002, 1.240108030000044]]]]}},
{"type": "Feature", "properties": {"ba_code": "4321", "blockid": "4321J27P07", "division": "05"}, "geometry": {"type": "MultiPolygon", "coordinates": [[[[117.79278991400008, 1.239351575000057], [117.79264608800008, 1.239288293000072], [117.79240338600005, 1.239197902000058], [117.79220562400008, 1.239107498000067], [117.79205280400004, 1.239026126000056], [117.79183705500009, 1.23889954200007], [117.79171120700005, 1.238845301000026], [117.79158535200008, 1.238763921000043], [117.79149546400004, 1.238736809000045], [117.79140559200005, 1.23876397500004], [117.79137863400001, 1.238782076000064], [117.79132471700007, 1.238818278000053], [117.79126180100002, 1.238818297000023], [117.791216856, 1.238800218000051], [117.7910550690001, 1.238791220000053], [117.79083036500003, 1.238773195000022], [117.790659591, 1.238764199000059], [117.79032703300004, 1.238755253000022], [117.7901382770001, 1.238728170000059], [117.78996749500004, 1.238692036000032], [117.78998551100005, 1.238827727000057], [117.789976711, 1.239460978000068], [117.78998638900009, 1.241785901000071], [117.78998679200004, 1.24314286200007], [117.79001480000011, 1.246652859000051], [117.79005087400003, 1.247059936000028], [117.79007785400006, 1.247114207000038], [117.79007844000012, 1.249077276000037], [117.79010559300002, 1.24971051700004], [117.79099540300001, 1.24970120100005], [117.79193914100006, 1.24969186800007], [117.79286487400009, 1.249583030000053], [117.7928917910001, 1.249429233000058], [117.79288257300004, 1.248660292000068], [117.79283762800003, 1.248642213000039], [117.79279249000001, 1.247981840000023], [117.79279155900008, 1.244869878000031], [117.79280829100003, 1.240699483000071], [117.79279014000008, 1.240111472000024], [117.79278991400008, 1.239351575000057]]]]}},
{"type": "Feature", "properties": {"ba_code": "4321", "blockid": "4321E18P13", "division": "06"}, "geometry": {"type": "MultiPolygon", "coordinates": [[[[117.76869346, 1.28999501100003], [117.76749229600011, 1.290222657000072], [117.7668550620001, 1.289488338000069], [117.76679375600008, 1.289449755000021], [117.7667447450001, 1.289449795000053], [117.76667397400001, 1.289449852000075], [117.76642416100003, 1.289504368000053], [117.76626294900007, 1.289522583000064], [117.76622727900008, 1.289585765000027], [117.76621798200006, 1.289739399000041], [117.76606641, 1.289801957000066], [117.766021023, 1.289875257000062], [117.76599267300003, 1.289864864000037], [117.76596949900011, 1.289808268000058], [117.76597079500004, 1.294135925000035], [117.76871693200007, 1.29413551600004], [117.76873482300005, 1.290467331000059], [117.76873513100008, 1.290162487000032], [117.76871610100011, 1.290071819000048], [117.76869346, 1.28999501100003]]]]}},
{"type": "Feature", "properties": {"ba_code": "4321", "blockid": "4321J21P08", "division": "05"}, "geometry": {"type": "MultiPolygon", "coordinates": [[[[117.77594863600007, 1.249705103000053], [117.77579622500002, 1.248249287000021], [117.77574210900002, 1.247607006000067], [117.77571514200008, 1.247597967000047], [117.7753817250001, 1.244657974000063], [117.77520198000002, 1.244712306000054], [117.7749503550001, 1.244848077000029], [117.77507623000008, 1.244992783000043], [117.77501338800005, 1.245246101000021], [117.77498654200008, 1.24565319900006], [117.77491473900011, 1.245996985000033], [117.77491483400001, 1.246322657000064], [117.77486098200006, 1.246585019000065], [117.77478015100007, 1.246793111000045], [117.77455554500011, 1.247118850000049], [117.77451962200007, 1.247218371000031], [117.77433088700002, 1.247263659000055], [117.77419632500005, 1.248150250000037], [117.77398064700003, 1.248267918000067], [117.77394472100002, 1.248358393000046], [117.77422342700004, 1.24862065700006], [117.77414157200008, 1.248928097000032], [117.77432739100004, 1.249002164000046], [117.7744883580001, 1.249125099000025], [117.77461611800004, 1.249222971000052], [117.77472839200004, 1.249431882000067], [117.7749503020001, 1.249701858000037], [117.7751114890001, 1.249820779000061], [117.77525275700009, 1.249801259000037], [117.77542817400001, 1.249777020000067], [117.77594863600007, 1.249705103000053]]]]}},
{"type": "Feature", "properties": {"ba_code": "4321", "blockid": "4321J22P08", "division": "05"}, "geometry": {"type": "MultiPolygon", "coordinates": [[[[117.77871622300006, 1.244457964000048], [117.77870720800001, 1.244367502000046], [117.77867124300008, 1.244322281000052], [117.77859930700004, 1.244213745000025], [117.77857233200007, 1.244177567000065], [117.77843748600003, 1.244087143000058], [117.77825768000002, 1.243933407000043], [117.77807789300005, 1.243842996000069], [117.77786216200002, 1.243779735000032], [117.77756555000008, 1.243752684000071], [117.77693637300001, 1.243698591000054], [117.77679255900011, 1.24368054100006], [117.77669369300008, 1.24368961700003], [117.77632519500003, 1.243725912000059], [117.77611846500008, 1.243707880000045], [117.7760195950001, 1.24369886300002], [117.77584886700004, 1.243852703000073], [117.77582192400007, 1.243925082000032], [117.77581297300003, 1.244051735000028], [117.77578607800001, 1.24428695000006], [117.77560638900002, 1.244531257000062], [117.77552550400003, 1.244558421000022], [117.7755525340001, 1.24478457400005], [117.77562458900002, 1.245300199000042], [117.77566068200008, 1.245779650000031], [117.77580498300006, 1.247462244000076], [117.77579601100001, 1.247516525000037], [117.77591302200005, 1.248086416000035], [117.77592215300001, 1.248574921000056], [117.77596710700004, 1.248620140000071], [117.77612922800006, 1.249768989000074], [117.77732464600001, 1.249795772000027], [117.7788166570001, 1.24978628100007], [117.77882559200009, 1.249605350000024], [117.77879861500003, 1.249560126000063], [117.77874361400006, 1.245914431000074], [117.77872537000007, 1.245000747000063], [117.77871622300006, 1.244457964000048]]]]}},
{"type": "Feature", "properties": {"ba_code": "4321", "blockid": "4321F14P13", "division": "06"}, "geometry": {"type": "MultiPolygon", "coordinates": [[[[117.75550994100001, 1.278551887000049], [117.75548283900002, 1.278081478000047], [117.75564099200005, 1.278063132000057], [117.75584796300006, 1.27788447100005], [117.7560225740001, 1.277583901000071], [117.75596352800005, 1.277536386000065], [117.75586839900006, 1.277484197000035], [117.75580695200006, 1.277453297000022], [117.75568415600003, 1.277461573000039], [117.75546052100003, 1.277488651000056], [117.75545737100003, 1.277488841000036], [117.75545700600003, 1.277488921000042], [117.755181364, 1.277497952000033], [117.755085441, 1.277515534000031], [117.755078206, 1.277516193000054], [117.75507725700004, 1.277516003000073], [117.75507641000002, 1.277516154000068], [117.75481539000009, 1.277504555000064], [117.7546108250001, 1.277529901000037], [117.7542693580001, 1.277819489000024], [117.75420658100006, 1.278298971000027], [117.7541812710001, 1.278315193000026], [117.75416227500011, 1.278327367000031], [117.75416233900012, 1.278545152000049], [117.75417967700002, 1.278507048000051], [117.75426962200004, 1.27872413700004], [117.75426971500008, 1.279040764000058], [117.75429673200006, 1.279221686000028], [117.75447652700007, 1.279330190000053], [117.75449456500007, 1.279538254000045], [117.75462047600001, 1.279800565000073], [117.75477330700005, 1.27990907700007], [117.7549171390001, 1.279981406000047], [117.75510591500006, 1.28006276900004], [117.75529473800009, 1.280306968000048], [117.75539369100011, 1.280587379000053], [117.75550161000001, 1.280795416000046], [117.75568137900007, 1.280813456000033], [117.75578921300007, 1.280732005000061], [117.75584309700002, 1.280578199000047], [117.75597788300001, 1.280451509000045], [117.7560137910001, 1.280297708000035], [117.75598676300001, 1.280080600000076], [117.75586089400008, 1.279963034000048], [117.75575300900005, 1.279872601000022], [117.75562714000012, 1.279755034000061], [117.75566305000007, 1.279610280000043], [117.75566301300012, 1.279483629000026], [117.755968585, 1.279393074000041], [117.756112303, 1.279076404000023], [117.75613022400012, 1.278886423000074], [117.75584253900001, 1.27866939300003], [117.75550994100001, 1.278551887000049]]], [[[117.75419368000007, 1.276989560000061], [117.75419319800005, 1.276979916000073], [117.75418611100008, 1.276981337000052], [117.75419368000007, 1.276989560000061]]], [[[117.75466208700004, 1.277418522000062], [117.75467370900003, 1.277416802000062], [117.75467465800011, 1.277416991000052], [117.75467550500002, 1.277416841000047], [117.75507542800005, 1.277434612000036], [117.75516981200008, 1.277417312000068], [117.75517497400006, 1.277416842000036], [117.75517574300011, 1.277416674000051], [117.75545261100001, 1.277407603000029], [117.75567555600003, 1.277380609000033], [117.75567727400005, 1.277380505000053], [117.75567768400003, 1.277380409000045], [117.755812504, 1.277371323000068], [117.75581373000011, 1.277371525000035], [117.75581519500008, 1.277371232000064], [117.75582263500007, 1.277372997000043], [117.7558306740001, 1.277374326000029], [117.75583200500012, 1.277375220000067], [117.75583328400012, 1.277375524000036], [117.75590520000003, 1.277411689000076], [117.75590543400006, 1.27741185800005], [117.75590648000002, 1.277412361000074], [117.75599518600006, 1.277461026000026], [117.75600536600007, 1.277466611000023], [117.75600815500002, 1.277468710000051], [117.75601126600009, 1.277470559000051], [117.75608296300004, 1.27752825400006], [117.75618503700002, 1.277488266000034], [117.75622300900011, 1.277473390000068], [117.75622355900009, 1.277473286000031], [117.75622889400006, 1.277471590000061], [117.75639067100008, 1.277435356000069], [117.75639944500006, 1.27743438400006], [117.75640010100005, 1.277434515000039], [117.75640070800011, 1.277434403000029], [117.75662967100004, 1.277441537000072], [117.75667718000011, 1.277443017000053], [117.75681736600006, 1.277364576000025], [117.75687901200001, 1.277224862000025], [117.75686264700005, 1.277109807000045], [117.75686234500006, 1.277105543000062], [117.75686223900004, 1.277104050000048], [117.75686333600004, 1.27709462100006], [117.7569082220001, 1.276904632000026], [117.75691019900012, 1.276898482000036], [117.7569103410001, 1.276898268000025], [117.75691039000003, 1.276898024000047], [117.75693733600008, 1.276834691000033], [117.75693761800005, 1.276834271000041], [117.756941202, 1.27682763100006], [117.75702409000007, 1.276706454000021], [117.75671382900009, 1.276742235000029], [117.756354299, 1.276733295000042], [117.75603070600005, 1.276670066000065], [117.75599479800007, 1.276658031000068], [117.7541807880001, 1.276658567000027], [117.75418085600006, 1.276894679000065], [117.754201082, 1.27690775700006], [117.75420781200012, 1.276913213000057], [117.754216584, 1.276926418000073], [117.75421760300003, 1.276931569000055], [117.75421766800002, 1.276931525000066], [117.75423314600005, 1.276928422000026], [117.75424862500006, 1.276931516000047], [117.75426174900008, 1.276940337000042], [117.75427052100008, 1.276953541000069], [117.75427355300008, 1.27696708600007], [117.75429160100009, 1.277328265000051], [117.7543095850001, 1.277544702000057], [117.75430972600009, 1.277548083000056], [117.75430974800008, 1.27762403600002], [117.75446690700005, 1.277481592000072], [117.75447848400006, 1.277474237000035], [117.7544823390001, 1.277472854000052], [117.75466208700004, 1.277418522000062]]], [[[117.75727176600003, 1.279030828000032], [117.7573796050001, 1.278967471000044], [117.75741853400007, 1.278983129000039], [117.75744779600006, 1.277199429000063], [117.75742403700008, 1.277230534000068], [117.75722633400005, 1.277357244000029], [117.75709152500008, 1.277402516000052], [117.75700162700002, 1.277348264000068], [117.75701055500008, 1.277140192000047], [117.75708238900006, 1.276895916000058], [117.75719018300003, 1.276678769000057], [117.757202806, 1.276666056000067], [117.75714992200005, 1.276666072000069], [117.75701011400008, 1.276870464000069], [117.7569861180001, 1.276926864000075], [117.75694381400001, 1.277105929000072], [117.75696073800009, 1.277224915000033], [117.7569611460001, 1.27723067200003], [117.75695807200009, 1.277246251000065], [117.7569577700001, 1.277246706000028], [117.75695766500007, 1.277247206000027], [117.75688580700012, 1.277410064000037], [117.75687745000005, 1.277422319000038], [117.75686849500005, 1.277429122000058], [117.75670673400009, 1.277519635000033], [117.75670257000002, 1.277521660000048], [117.7566870930001, 1.277524763000031], [117.75668643600011, 1.277524632000052], [117.75668583000004, 1.277524744000061], [117.75640328300005, 1.277515941000047], [117.7562494770001, 1.277550390000044], [117.75609058200007, 1.277612637000061], [117.75607592300003, 1.27761540900002], [117.75607162200004, 1.27761454900002], [117.7560759270001, 1.277628979000042], [117.75604508800006, 1.277745501000027], [117.75601308900002, 1.277900392000049], [117.75608501800002, 1.277981789000023], [117.75607607800009, 1.278144628000064], [117.75604915300005, 1.278280333000055], [117.75597728500009, 1.27840700500002], [117.75603122400003, 1.278443175000064], [117.75618406800004, 1.278596920000041], [117.7562919400001, 1.278642120000029], [117.7564626730001, 1.278497326000036], [117.75656150100008, 1.278352553000047], [117.75671426000008, 1.27821681100005], [117.75681309800007, 1.27810822400005], [117.75696590000007, 1.278117225000074], [117.75695695700006, 1.278271018000055], [117.7570198950001, 1.278343371000062], [117.75713680500007, 1.278560451000033], [117.7571907790001, 1.278714225000044], [117.75721778400009, 1.278849914000034], [117.75718184900006, 1.278913250000073], [117.75711895300003, 1.27898564100002], [117.75719987900004, 1.279094175000068], [117.75727176600003, 1.279030828000032]]], [[[117.75705801400011, 1.285716236000042], [117.75678834300004, 1.285634898000069], [117.7566085850001, 1.285653044000071], [117.7563658900001, 1.285607884000058], [117.75614121400008, 1.285707463000051], [117.755997395, 1.285680366000065], [117.75602432700009, 1.285571800000071], [117.75589940900011, 1.285574910000037], [117.75582626500011, 1.285522358000037], [117.75573666700006, 1.285445235000054], [117.75570072800008, 1.285490478000042], [117.75534114100003, 1.285291563000044], [117.75517030100002, 1.285074498000029], [117.75498197600007, 1.285040765000076], [117.75483967700006, 1.285164530000031], [117.75459153600002, 1.285234432000038], [117.75444592500003, 1.285387117000028], [117.75449605300003, 1.285599578000074], [117.75454222500002, 1.285705093000047], [117.75455516800002, 1.28571811300003], [117.75463930100011, 1.285802740000065], [117.75472236900009, 1.285865780000051], [117.75479397400011, 1.285885169000039], [117.75699, 1.285876095000049], [117.75705801400011, 1.285716236000042]]]]}},
{"type": "Feature", "properties": {"ba_code": "4321", "blockid": "4321F16P13", "division": "06"}, "geometry": {"type": "MultiPolygon", "coordinates": [[[[117.76399715000002, 1.285913591000053], [117.76402899200002, 1.285846978000052], [117.7640355210001, 1.285823131000029], [117.76407715200003, 1.285707179000042], [117.76424863400007, 1.28543413500006], [117.7643382650001, 1.285197982000057], [117.76433822500007, 1.285151300000052], [117.76433837700006, 1.285071552000034], [117.76435626000011, 1.284945116000074], [117.7643690750001, 1.284911515000033], [117.76440084900003, 1.284827867000047], [117.76442824000003, 1.284772866000026], [117.76443649300006, 1.284759072000043], [117.76446581800008, 1.284709857000053], [117.76450884000008, 1.284637924000037], [117.76453359300001, 1.284573022000075], [117.76457168800005, 1.284475580000048], [117.76459871100008, 1.284365940000043], [117.76458671600005, 1.284203794000064], [117.76458071800005, 1.284121926000068], [117.76457297700006, 1.28408514900002], [117.76456206900002, 1.284033342000043], [117.76454430000001, 1.283948471000031], [117.76453111, 1.283903561000045], [117.76449945400009, 1.283795707000024], [117.76446816200007, 1.283727285000055], [117.76442139900007, 1.283625802000074], [117.76439186400012, 1.28356109200007], [117.76431524100008, 1.283479776000036], [117.76429098800008, 1.283453790000067], [117.76422895200005, 1.283388206000041], [117.76416674500001, 1.283340659000032], [117.76415813400001, 1.283334295000031], [117.76404145200001, 1.283245034000061], [117.76401298000008, 1.283210561000033], [117.76399628400009, 1.283190408000053], [117.76395813600004, 1.283110141000066], [117.76391735200002, 1.283024216000058], [117.76389766200009, 1.282982668000045], [117.76388289500005, 1.282951374000049], [117.76387923700008, 1.282955021000021], [117.76384629800009, 1.282988193000051], [117.76382096300006, 1.282698556000071], [117.76342539000007, 1.282308473000057], [117.76335132800011, 1.28228116400004], [117.76324441600002, 1.282241744000032], [117.76322577600001, 1.282215240000028], [117.76256747100001, 1.281981794000046], [117.76239805400007, 1.281575916000065], [117.76231785800007, 1.28159899000002], [117.7620940700001, 1.280932268000072], [117.76225028500005, 1.280877962000034], [117.76225692300011, 1.280635170000039], [117.7621833610001, 1.280468624000036], [117.76200148400005, 1.280356657000027], [117.76194236100002, 1.280373065000049], [117.76193607200003, 1.280334604000075], [117.76188315000002, 1.280283946000054], [117.76161429900003, 1.280118836000042], [117.76151594200007, 1.279979124000022], [117.76142506300005, 1.279850352000039], [117.76142483800004, 1.27980691700003], [117.76142210400008, 1.279677045000028], [117.76142130700009, 1.279654816000061], [117.76141813200002, 1.279497357000025], [117.76134329700005, 1.279409487000066], [117.76135006800007, 1.279325865000033], [117.76134632700007, 1.279411149000055], [117.7614167480001, 1.27949463300007], [117.7614116100001, 1.279122658000063], [117.76117764700007, 1.278624228000069], [117.76106942900003, 1.278249754000058], [117.76105210000003, 1.278194996000025], [117.76105219800002, 1.278191340000035], [117.76102367500005, 1.278091378000056], [117.76097098000002, 1.277909437000062], [117.760951642, 1.277843174000054], [117.76092569800005, 1.277753580000024], [117.76089620800008, 1.277651674000026], [117.76083513300011, 1.277441219000025], [117.76069534300007, 1.277247639000052], [117.76066843300009, 1.277157398000043], [117.76066826200008, 1.277125316000024], [117.76064177900003, 1.277148160000024], [117.7606238080001, 1.277166258000022], [117.76057887800005, 1.277202457000044], [117.76054293300001, 1.277229608000027], [117.76051597900005, 1.277265801000055], [117.76051599000004, 1.277301987000044], [117.76048903100002, 1.277320088000067], [117.76047106700003, 1.277365326000051], [117.76044411600003, 1.277410566000071], [117.76042614800008, 1.277437711000061], [117.76039020600001, 1.277473908000047], [117.76037739900005, 1.277485193000075], [117.76036755200005, 1.277494169000022], [117.76036755200005, 1.277493871000047], [117.76031831900002, 1.277537254000038], [117.76023743600001, 1.277573464000056], [117.760192501, 1.277591571000073], [117.76012959900004, 1.277645868000036], [117.76009366500011, 1.277709204000075], [117.76007569700005, 1.277736349000065], [117.76006673000006, 1.277808723000021], [117.760066746, 1.277863002000061], [117.76006676700001, 1.277935374000037], [117.76007577400003, 1.277998696000054], [117.76007579500003, 1.278071068000031], [117.76010279500008, 1.278188664000027], [117.76011180100011, 1.278251987000033], [117.76012980400003, 1.278342446000067], [117.76011002300004, 1.278412717000037], [117.76006329100005, 1.278495779000025], [117.76008806900006, 1.278578819000074], [117.7602283650001, 1.278664592000041], [117.76033662000009, 1.278640918000065], [117.76036755200005, 1.278662697000073], [117.76036755200005, 1.278662793000024], [117.76037752700006, 1.278669720000039], [117.76039258900005, 1.278680325000039], [117.76037665000001, 1.279047757000058], [117.76037734800002, 1.279048089000071], [117.76037627300002, 1.279048337000063], [117.76037582000004, 1.279047386000059], [117.76037073600003, 1.279045114000041], [117.76037310000004, 1.27994880600005], [117.76041976400006, 1.280038404000038], [117.760529528, 1.280050859000028], [117.76053089900006, 1.280050697000036], [117.76054378200001, 1.280115430000023], [117.76052583300009, 1.280205900000055], [117.76051685800007, 1.280251135000071], [117.76050788300006, 1.28029637000003], [117.76049891600007, 1.280368745000033], [117.760480948, 1.280395889000033], [117.76046297700009, 1.280413988000021], [117.76040006700009, 1.280441146000044], [117.76043603300002, 1.280486368000027], [117.76047199400011, 1.280513496000026], [117.76051694300008, 1.280540622000046], [117.76053494100006, 1.280612989000076], [117.76051699100003, 1.280703459000051], [117.76048107300005, 1.280821073000027], [117.76045412200006, 1.280866314000036], [117.76041818500005, 1.280920603000027], [117.76039125000011, 1.281020122000029], [117.7603822750001, 1.281065357000045], [117.76040926100006, 1.28113772100005], [117.76048118800009, 1.281210071000032], [117.7603799960001, 1.281242163000059], [117.76037238800006, 1.281250750000027], [117.76037687500002, 1.282908664000047], [117.7604237700001, 1.282905818000074], [117.76055706600005, 1.283146830000021], [117.76057164400004, 1.28315503500005], [117.76054476500008, 1.283444530000054], [117.76067964900005, 1.283652558000028], [117.76046396700008, 1.283770227000048], [117.76038312700007, 1.283951180000031], [117.76043714700006, 1.284258744000056], [117.76038049200008, 1.28424499800002], [117.76038137300009, 1.284570192000047], [117.76050910800006, 1.284448698000062], [117.76074277700002, 1.284367210000028], [117.76075273600009, 1.284373988000027], [117.76089416600007, 1.284488329000055], [117.76098553400004, 1.284620438000047], [117.76094063500011, 1.284765195000034], [117.7608418320001, 1.284991386000058], [117.76077895800006, 1.285136149000039], [117.76068912100004, 1.28528996600005], [117.7604194910001, 1.28534432500004], [117.76038336400006, 1.285305967000056], [117.76038436600004, 1.28567586500003], [117.7604983120001, 1.285656716000062], [117.7606942650001, 1.285586213000045], [117.7607932410001, 1.28561518600003], [117.76082027300004, 1.285670708000055], [117.76084224500005, 1.28579909900003], [117.76084817100002, 1.285947122000039], [117.76100389300007, 1.285914077000029], [117.76114770900006, 1.285932127000024], [117.76132746300004, 1.285895887000038], [117.76136339700008, 1.285832551000055], [117.76166900900012, 1.285877692000042], [117.76177686200003, 1.285859566000056], [117.76194762700004, 1.285823329000038], [117.76204648100008, 1.285769021000021], [117.76207340300004, 1.285624269000039], [117.76204642200003, 1.285569999000074], [117.76204638200011, 1.285434302000056], [117.76227108100011, 1.285416141000042], [117.76242387500008, 1.285398002000022], [117.76248675700003, 1.285280380000074], [117.76257662900002, 1.28524416700003], [117.76261258700004, 1.285262249000027], [117.76285528900007, 1.285334548000037], [117.76299009900004, 1.285289275000025], [117.76311596000005, 1.285379702000057], [117.76326907400005, 1.285473814000056], [117.7632777770001, 1.285479164000037], [117.76348456000005, 1.28566003100002], [117.763530005, 1.28565747600004], [117.76352950100011, 1.285660017000055], [117.76355648700007, 1.285732381000059], [117.76357447100008, 1.285759515000052], [117.76357447600003, 1.285777608000046], [117.76360144600005, 1.285795693000068], [117.76365538400012, 1.285822816000064], [117.76364641200007, 1.285877097000025], [117.76364641400005, 1.285886144000074], [117.76370036000003, 1.285940406000066], [117.76373630400008, 1.285913256000072], [117.7637812480001, 1.285922289000041], [117.76384416500002, 1.285922270000071], [117.76388912000004, 1.285967489000029], [117.7638711620001, 1.286030819000075], [117.76386217700008, 1.286039869000035], [117.76386219500012, 1.28610319400002], [117.76389815400012, 1.286121276000074], [117.76392287100009, 1.286131514000033], [117.7639236870001, 1.286129047000031], [117.76396940100005, 1.28600569300005], [117.76399715000002, 1.285913591000053]], [[117.76078556200002, 1.279260045000058], [117.76078555000004, 1.279218886000024], [117.76078619900011, 1.279219758000067], [117.7607862100001, 1.279255944000056], [117.76080421300003, 1.279346403000034], [117.76084550900009, 1.279340453000032], [117.76080415400008, 1.279348133000042], [117.76078556200002, 1.279260045000058]], [[117.76093902000002, 1.279292084000076], [117.76096034800003, 1.279277764000028], [117.76094073000002, 1.279292033000047], [117.7609049350001, 1.279329416000053], [117.76088071600009, 1.279333914000063], [117.76090307700008, 1.279328280000072], [117.76093902000002, 1.279292084000076]], [[117.76135124500001, 1.27929903100005], [117.76130063700009, 1.279181314000027], [117.76135132200011, 1.279297277000069], [117.76135124500001, 1.27929903100005]], [[117.76075922400003, 1.279183580000051], [117.76077744600002, 1.27920801800002], [117.7607576910001, 1.279185308000024], [117.76069630300003, 1.279174557000033], [117.76075922400003, 1.279183580000051]], [[117.76111952800011, 1.279214804000048], [117.76115936100007, 1.279223701000035], [117.76112636800008, 1.279217232000065], [117.76111952800011, 1.279214804000048]], [[117.76118020800004, 1.279228357000022], [117.76117923800007, 1.279228544000034], [117.76117820600007, 1.279228345000035], [117.76117929100008, 1.27922815200003], [117.76118020800004, 1.279228357000022]], [[117.76053355600004, 1.279129315000034], [117.76051370800008, 1.279094507000025], [117.76053450400002, 1.279129368000042], [117.76053952400002, 1.279132398000058], [117.76053355600004, 1.279129315000034]], [[117.76122296500012, 1.278984972000046], [117.76121130900003, 1.278953185000034], [117.7612027990001, 1.27892995600007], [117.76119727500009, 1.278914727000029], [117.761187059, 1.278885775000049], [117.76124062000008, 1.279029082000022], [117.7612445850001, 1.279044027000054], [117.76124432100005, 1.279043309000031], [117.76123795100011, 1.279025901000068], [117.76122944100007, 1.279002672000047], [117.76122296500012, 1.278984972000046]], [[117.76055242900009, 1.278957480000031], [117.76050873500003, 1.27898388400007], [117.76050873500003, 1.278982598000027], [117.76055243500002, 1.278957447000039], [117.76055242900009, 1.278957480000031]], [[117.76056998100012, 1.278832384000054], [117.76056310700005, 1.278812568000035], [117.7605703690001, 1.278830824000067], [117.76056998100012, 1.278832384000054]], [[117.76050750200011, 1.278740456000037], [117.76050462900002, 1.278739128000041], [117.76050742500001, 1.278740378000066], [117.76050750200011, 1.278740456000037]], [[117.76104646600004, 1.278405055000064], [117.76105046700002, 1.278255879000028], [117.76104693800005, 1.278417891000061], [117.76104614700012, 1.278414615000031], [117.76104646600004, 1.278405055000064]]], [[[117.76048877800008, 1.284787449000021], [117.76038158100005, 1.284647276000044], [117.76038212700007, 1.284848966000027], [117.76046529900009, 1.28484250200006], [117.76048877800008, 1.284787449000021]]]]}},
{"type": "Feature", "properties": {"ba_code": "4321", "blockid": "4321F13P16", "division": "06"}, "geometry": {"type": "MultiPolygon", "coordinates": [[[[117.75442412100006, 1.28453193100006], [117.75463978200003, 1.284341891000054], [117.7545588700001, 1.284278590000042], [117.75440605900008, 1.284242449000033], [117.75431620900008, 1.284351034000053], [117.754154459, 1.284477733000074], [117.75396569300005, 1.28443255600007], [117.75383982900007, 1.284333082000046], [117.75375889800011, 1.284206456000049], [117.75381276400003, 1.283989324000061], [117.75397449000002, 1.283781207000061], [117.75404638500004, 1.283745], [117.7541722310001, 1.28378114800006], [117.75434302300005, 1.283835377000059], [117.75437893800006, 1.283708715000046], [117.75453170600008, 1.283600112000045], [117.75454063300003, 1.283392040000024], [117.75445070600006, 1.283238277000066], [117.75434277600004, 1.282994054000028], [117.7542797530001, 1.282632214000046], [117.75401910000005, 1.282650384000021], [117.75385734400004, 1.282758990000048], [117.75356077300012, 1.282894775000045], [117.75348882800006, 1.282759099000032], [117.753371947, 1.282641529000045], [117.75313822200008, 1.282533041000022], [117.75296740100009, 1.282379301000049], [117.75285951100011, 1.282270775000029], [117.75293132700006, 1.281963174000055], [117.75296724300006, 1.281836512000041], [117.752823336, 1.281510881000031], [117.75276936500006, 1.281366154000068], [117.75281422400008, 1.281085699000073], [117.75302087600005, 1.280823290000058], [117.75328154200008, 1.280850353000062], [117.75352420400009, 1.280786955000053], [117.7536140420001, 1.280633139000031], [117.7537487830001, 1.280352658000027], [117.75372177600002, 1.280207922000045], [117.75364978000005, 1.279900363000024], [117.75368564300004, 1.279592772000058], [117.75416233900012, 1.278545152000049], [117.75416227500011, 1.278327367000031], [117.7541812710001, 1.278315193000026], [117.75418088200001, 1.276982386000043], [117.75417923200007, 1.276982717000067], [117.75416375300006, 1.276979622000056], [117.75415735800004, 1.276976258000047], [117.75403202600012, 1.27689521700006], [117.75394369800006, 1.27684191100002], [117.75374312400004, 1.276736661000029], [117.75357073100008, 1.276702011000054], [117.75342029600006, 1.276685233000023], [117.75328836900007, 1.276735070000029], [117.75312923500007, 1.276824113000032], [117.75312507100011, 1.276826139000036], [117.75302792500008, 1.27684196000007], [117.75293232700005, 1.276826195000069], [117.75291920300003, 1.276817375000064], [117.75290978700002, 1.276802504000045], [117.75287476200003, 1.276705649000064], [117.75285018600005, 1.276658959000031], [117.75281347300006, 1.276567728000032], [117.75265824700011, 1.276532144000043], [117.75252752900008, 1.276496552000026], [117.75239133600007, 1.276362296000059], [117.75218978200007, 1.27620339200007], [117.75215712800002, 1.276285624000025], [117.75198293400001, 1.276570713000069], [117.75168752200011, 1.276594503000069], [117.75164526900005, 1.276562590000026], [117.75155265700005, 1.276469432000056], [117.75152815400008, 1.276483143000064], [117.75152898200008, 1.276659348000067], [117.75152798700003, 1.277062227000044], [117.75159967000002, 1.27714179000003], [117.75152760100002, 1.277218516000062], [117.75152727300008, 1.277351722000049], [117.75159969300012, 1.277223209000056], [117.75206710500004, 1.277313536000065], [117.75220187000002, 1.27711447400003], [117.75254342400001, 1.277123420000066], [117.75254363400006, 1.277847138000027], [117.75246275600011, 1.27790144100004], [117.7522920020001, 1.277973863000057], [117.7521661940001, 1.278064365000034], [117.75203142900011, 1.27826342700007], [117.7519865270001, 1.278399138000054], [117.75202252200006, 1.278543871000068], [117.752022796, 1.278544128000021], [117.75215738200006, 1.278670482000052], [117.75222032300007, 1.278751882000051], [117.7523462150001, 1.278950867000049], [117.75247207100006, 1.279023202000076], [117.75255297800004, 1.279068411000026], [117.75261552100005, 1.278859581000063], [117.75266799500002, 1.278709449000075], [117.75285489800001, 1.278504303000034], [117.75302291000003, 1.278354136000075], [117.75310065400004, 1.278413315000023], [117.7531999570001, 1.278480198000068], [117.75323595700002, 1.278643024000075], [117.753193183, 1.278751580000062], [117.75304729200002, 1.278941614000075], [117.75295748600001, 1.279203989000052], [117.75292157000001, 1.27933065000002], [117.75286766800002, 1.279421131000049], [117.7526789310001, 1.279475465000075], [117.75249018700003, 1.279502660000048], [117.752364413, 1.27971076700004], [117.7523267470001, 1.279873457000065], [117.75220384700003, 1.279979567000055], [117.7521373410001, 1.280011605000027], [117.7520303550001, 1.280072762000032], [117.75194650100002, 1.280119358000036], [117.7518597510001, 1.280148491000034], [117.751773, 1.280177624000032], [117.75169492000009, 1.280189290000067], [117.7516349870001, 1.280196155000056], [117.75152860900005, 1.28024326000002], [117.75152916700006, 1.282157075000043], [117.75161909200006, 1.282108305000065], [117.75170900500007, 1.282216837000021], [117.75178093500006, 1.282298234000052], [117.75179893500001, 1.282379647000027], [117.75180796000006, 1.282506295000076], [117.75183216100004, 1.282567138000047], [117.75180945400007, 1.282582597000044], [117.75181277200011, 1.282615889000056], [117.7517797050001, 1.282655850000026], [117.75175176000005, 1.282712999000069], [117.75173612000003, 1.282732478000071], [117.75178110900004, 1.282895302000043], [117.75167245700004, 1.28296227900006], [117.75161037500004, 1.283040096000036], [117.75154196100004, 1.283105627000054], [117.75152193800011, 1.283094468000058], [117.75152204900007, 1.283474446000071], [117.75159253900006, 1.283519565000063], [117.75171760300009, 1.283543128000076], [117.7518718020001, 1.283596952000039], [117.75199514200006, 1.283640004000063], [117.75199715300005, 1.283639727000036], [117.75200604100007, 1.283673233000059], [117.75206898300007, 1.283754632000068], [117.75191621200008, 1.283854189000067], [117.75179940500004, 1.283989921000057], [117.75173657500011, 1.284288473000061], [117.75186247300007, 1.284505552000041], [117.75197037400005, 1.284650264000049], [117.75208726800008, 1.284813066000027], [117.75217726200003, 1.285192991000031], [117.7524649610001, 1.285455254000055], [117.75259085700009, 1.285663286000045], [117.75265752700011, 1.28589788000005], [117.75427393200005, 1.285897400000067], [117.75428068100007, 1.285798481000029], [117.75415482000005, 1.285708054000054], [117.75412779900012, 1.285518086000025], [117.75415473700002, 1.285427613000024], [117.75410076600008, 1.285282885000072], [117.7539568850001, 1.285047720000023], [117.75404671400008, 1.284866763000025], [117.75410961000011, 1.284794373000068], [117.75437022900007, 1.284658598000021], [117.75442412100006, 1.28453193100006]], [[117.75186365500008, 1.283174219000045], [117.75184534300001, 1.283092417000034], [117.75184938200005, 1.283008563000067], [117.75186200500002, 1.282904324000071], [117.75209571200003, 1.282949487000053], [117.75221718000012, 1.283022771000049], [117.75226652800006, 1.283085134000032], [117.75226654900007, 1.283157506000066], [117.75210480100009, 1.283293251000032], [117.75197547200003, 1.283366433000026], [117.75190840300002, 1.28332554900004], [117.7518799400001, 1.283272383000053], [117.75185351000005, 1.283225351000056], [117.75186365500008, 1.283174219000045]]], [[[117.75380335200009, 1.276676445000021], [117.75380624200011, 1.276668680000057], [117.75379045400007, 1.276669677000029], [117.75380335200009, 1.276676445000021]]], [[[117.75160898900003, 1.27828164500005], [117.7515256800001, 1.277996863000055], [117.75152436000008, 1.278531462000046], [117.7516090260001, 1.278408296000066], [117.7516090260001, 1.278407964000053], [117.75160898900003, 1.27828164500005]]]]}},
{"type": "Feature", "properties": {"ba_code": "4321", "blockid": "4321J30P07", "division": "05"}, "geometry": {"type": "MultiPolygon", "coordinates": [[[[117.80083024800001, 1.246035308000046], [117.80078132500012, 1.24422936000002], [117.800754546, 1.243664288000048], [117.80070916800003, 1.242207834000055], [117.80066420100002, 1.242117384000039], [117.8005023710001, 1.241963645000055], [117.8003945160001, 1.241963678000047], [117.8003945700001, 1.242144605000021], [117.80028676400002, 1.242307473000039], [117.80015199000002, 1.242461303000027], [117.79955001700012, 1.243194243000062], [117.79901983000002, 1.243538168000043], [117.79892997800005, 1.243628659000024], [117.79887605300007, 1.243637722000074], [117.79884911300007, 1.243719147000036], [117.79892105200008, 1.243836728000076], [117.79893908600002, 1.244026697000038], [117.79876831400009, 1.244026749000056], [117.79838190200007, 1.244262073000073], [117.79829202200006, 1.244262100000071], [117.79827409000006, 1.24440684800004], [117.79819039200004, 1.244541725000033], [117.79836076900006, 1.244746061000058], [117.79858877100003, 1.244745992000048], [117.79859640100005, 1.244746935000023], [117.79884808300005, 1.244810183000027], [117.79885249200004, 1.244811646000073], [117.79886270000009, 1.244818506000058], [117.798866771, 1.244823542000063], [117.79903762100002, 1.245085835000054], [117.79904037300003, 1.245091069000068], [117.79904226200006, 1.245097522000037], [117.79915029800009, 1.245694550000053], [117.79915080700005, 1.245700214000067], [117.799150671, 1.245700902000067], [117.7991507800001, 1.245701521000058], [117.79910627900006, 1.246793487000048], [117.79936721800004, 1.248853341000029], [117.7993674710001, 1.248857336000071], [117.79936708700006, 1.248862274000032], [117.79927033100012, 1.24948026800007], [117.80063944900007, 1.249444961000052], [117.80081919500003, 1.249399674000074], [117.800873109, 1.249354426000025], [117.80090005700004, 1.24930013900007], [117.80091625900002, 1.249210290000065], [117.80091449300005, 1.249145076000048], [117.80087284600006, 1.248485973000072], [117.80084558700003, 1.247508972000048], [117.80085440000005, 1.246930001000067], [117.80081826700007, 1.246332951000056], [117.80083024800001, 1.246035308000046]]], [[[117.79832200800001, 1.244798082000045], [117.79820753000001, 1.244660786000054], [117.79821125500007, 1.244678259000068], [117.79830119200005, 1.244868205000046], [117.79827445400008, 1.245619064000039], [117.79830156000003, 1.246089468000037], [117.79837362700005, 1.246632229000056], [117.79837374200008, 1.247012177000045], [117.79843698500008, 1.248097724000047], [117.79848214600008, 1.248830468000051], [117.79846437200001, 1.24949990600004], [117.79920638300007, 1.249481897000067], [117.79930424100007, 1.248856874000069], [117.79904353400002, 1.246798854000076], [117.79904328100008, 1.246794859000033], [117.799043417, 1.246794171000033], [117.79904330700003, 1.246793552000042], [117.7990877740001, 1.245702438000023], [117.79898150800011, 1.245115185000031], [117.7988209020001, 1.244868621000023], [117.79858491700008, 1.244809317000033], [117.79834611500007, 1.244809390000057], [117.79833407500007, 1.244806984000036], [117.79832386800001, 1.244800123000061], [117.79832200800001, 1.244798082000045]]]]}},
{"type": "Feature", "properties": {"ba_code": "4321", "blockid": "4321H15P07", "division": "01"}, "geometry": {"type": "MultiPolygon", "coordinates": [[[[117.75962792700011, 1.263485666000065], [117.75961252800005, 1.260390448000066], [117.75962316000005, 1.259059075000039], [117.75851307700009, 1.258759730000065], [117.75814315800005, 1.258716434000064], [117.7575413830001, 1.258698368000069], [117.756935397, 1.258707725000022], [117.75686605400006, 1.259730373000025], [117.75693445600007, 1.260759729000029], [117.75709075500004, 1.261415875000068], [117.75724991900006, 1.262602297000058], [117.75747133400012, 1.264429922000033], [117.75772777000009, 1.26809647400006], [117.75944728500008, 1.268071721000069], [117.76022208900008, 1.26801865300007], [117.7598972620001, 1.265445599000032], [117.75962792700011, 1.263485666000065]]]]}},
{"type": "Feature", "properties": {"ba_code": "4321", "division": "03"}, "geometry": {"type": "MultiLineString", "coordinates": [[[117.83160706300811, 1.228213533004014], [117.83157835844669, 1.228204565335948], [117.83149879201144, 1.228170560732112], [117.83142626898716, 1.22813537428013], [117.83135251337478, 1.228099038424162], [117.83128508517153, 1.228045131737506], [117.83123149091293, 1.227982007046682], [117.83117831930242, 1.227913763816041], [117.83114367855428, 1.227844605629837], [117.83115099990084, 1.227765536740725], [117.83119681011317, 1.227701706991744], [117.83125180758884, 1.227643339247442], [117.83128821124257, 1.227582820679925], [117.8313368846779, 1.227535482372298], [117.83138238232452, 1.227481088933664], [117.83140465430104, 1.22741156285133], [117.83140574459438, 1.22736812934753], [117.8314083229696, 1.227265498108737], [117.83141505978988, 1.227185399032658], [117.83141350718994, 1.227117158648839], [117.83140011375019, 1.227021887963747], [117.83138616996229, 1.226922749246098], [117.83137121494866, 1.22685532450715], [117.8313513652691, 1.226782436419759], [117.83130006313785, 1.226699519470505], [117.83116913176086, 1.226600211967651], [117.83108574464983, 1.22656328745418], [117.83108318110338, 1.226562594403044], [117.831015950929, 1.226544416942432], [117.83093425391594, 1.226523302138361], [117.8308359145799, 1.226474553323198], [117.83076358756584, 1.226451084446678], [117.8306750162834, 1.226422948219203], [117.83062648451396, 1.226387593187305], [117.83060292388436, 1.226370429733497], [117.83053270211296, 1.226344981760565], [117.83052879286325, 1.226343564518966], [117.83044348651413, 1.226311371796531], [117.83038046561745, 1.226273655668741], [117.83031812093803, 1.22623409478318], [117.83025351210635, 1.22620582621414], [117.83017467095763, 1.226162749645236], [117.8300912913986, 1.226135719941111], [117.83001817065013, 1.226108970181968], [117.82993433981704, 1.226105013244168], [117.82984763941192, 1.226107699005149], [117.82976165835004, 1.226114335970672], [117.82969082529348, 1.226149825058892], [117.82962118258251, 1.226259457398918], [117.82957121837691, 1.226321157113289], [117.82954637890948, 1.226345289582531], [117.82951162252287, 1.226379055855505], [117.829446297305, 1.226406109343408], [117.82936996005262, 1.226432760989781], [117.82928873632086, 1.226448432832233], [117.82921213333337, 1.226461493369022], [117.82911867043718, 1.226467075140709], [117.82904693961656, 1.226473838820897], [117.82896599289785, 1.226501834370533], [117.82889045444263, 1.226519052256884], [117.82881402916244, 1.226534252184166], [117.82876630827013, 1.226534523972761], [117.82872995878196, 1.226534730701703], [117.82864554949327, 1.226523311601626], [117.82856121371081, 1.226525876277836], [117.82838416139185, 1.226506066621695], [117.82838708785519, 1.22652659181238], [117.82827669533513, 1.226520191550733], [117.82789579019789, 1.226546197120045], [117.8275563711124, 1.226455090507047], [117.82736266713137, 1.226388976922432], [117.82709966687963, 1.226331828063624], [117.82649535325281, 1.225800839221095], [117.82633978690164, 1.225738803509688], [117.82618613250182, 1.225677529795951], [117.82607060822784, 1.225598873476838], [117.82590799524627, 1.225404266898994], [117.82581029731057, 1.225386650542723], [117.82573523521724, 1.225327753292312], [117.82542414795121, 1.224958461072118], [117.82499305839434, 1.224015121374099], [117.82491542255173, 1.223651300242988], [117.824917042904, 1.223589003100626], [117.82492358032157, 1.223337771852912], [117.82484435640517, 1.22234080221633], [117.8248084404102, 1.222229920698141], [117.82474372722139, 1.222030139844558], [117.82474991783116, 1.222029433222524], [117.82469100271149, 1.221935731451046], [117.82493176929832, 1.220633818807052], [117.82496415931872, 1.220458673682739], [117.8250802688255, 1.21983083074818], [117.8244899432091, 1.218270193372763], [117.82304563252322, 1.218088396670598], [117.82295161254049, 1.218100034729036], [117.82252688861816, 1.218030961674749], [117.82212259717046, 1.217907034331086], [117.82041359496195, 1.216963571965019], [117.82027456302568, 1.216927810011083], [117.8200910782795, 1.216806158503709], [117.8195246237443, 1.216705565454447], [117.81915287567404, 1.216754961743738], [117.81882387267693, 1.216824768862884], [117.81868963983202, 1.216892056766506], [117.81820269308497, 1.217264771936165], [117.81769293339946, 1.217494850383444], [117.81746991691976, 1.21755373688568], [117.81739235410619, 1.21783876841873], [117.81671091649342, 1.21944749932819], [117.81617865572402, 1.220672621619973], [117.81596361409788, 1.22116758956759], [117.81590022233154, 1.221532829975857], [117.81590058305228, 1.221557687425525], [117.81590815569238, 1.22208023574358], [117.81590666288874, 1.222157937106926], [117.8158143322946, 1.222157658662199], [117.81579491985296, 1.222209758907312], [117.81579492582085, 1.222211664971422], [117.81577941170985, 1.222249849834209], [117.81578465065063, 1.222306159047372], [117.81581747053072, 1.222353147515141], [117.81583389202797, 1.222400042390544], [117.81585377879493, 1.22243948653676], [117.81585827163573, 1.22248649271042], [117.81586471299327, 1.2225273693861], [117.81587073689593, 1.22256983653757], [117.81588168202165, 1.222607565515101], [117.81588793127287, 1.222640279727668], [117.81590748803734, 1.222685172589025], [117.8159361266135, 1.222716748254477], [117.81598201368436, 1.222816398755279], [117.81600385876095, 1.222858307427848], [117.81602596856216, 1.222895854773723], [117.81606297290023, 1.222929921049532], [117.81609829347364, 1.222956915403615], [117.81612235766929, 1.222986960916422], [117.81612869290936, 1.223027604224485], [117.81615295835148, 1.223060350009976], [117.81618754261953, 1.22309857562874], [117.81621699025987, 1.223142538203889], [117.81625010674775, 1.223186500559597], [117.81627846793711, 1.22323105690576], [117.81631043339812, 1.223255247007258], [117.81638289617227, 1.223311458733382], [117.81634022458289, 1.223314752004937], [117.81631019887827, 1.223323858206337], [117.81626446921693, 1.22331690832775], [117.81621626163289, 1.223313038583966], [117.81617075602189, 1.223324772964208], [117.81611571717652, 1.223325255699098], [117.81606171806436, 1.223322227226466], [117.8160165571703, 1.223320689599934], [117.81596990975137, 1.223325329274965], [117.81592525434236, 1.223322034691079], [117.81587355687725, 1.223318532386003], [117.81582969564658, 1.223323011990369], [117.8157109309469, 1.223326205504866], [117.81566764832691, 1.223327027490441], [117.81558072107862, 1.223323394834084], [117.81553152959145, 1.223326391558319], [117.81547761152358, 1.223329849282022], [117.81542552382929, 1.223337757249484], [117.8153812762667, 1.223327855076797], [117.81534318431427, 1.223323311888291], [117.81529236285914, 1.223333702689452], [117.81523447538461, 1.22333298763593], [117.81517089098874, 1.223336869869422], [117.81510878317157, 1.223340331899374], [117.81505019378463, 1.223342737143153], [117.81499700894001, 1.223339643265732], [117.81495659355168, 1.223334871908909], [117.8149383571175, 1.223391304102603], [117.81493852052607, 1.223459247582626], [117.8148936870419, 1.223506249848563], [117.81482859928137, 1.223508199331087], [117.81478219504925, 1.223523543463066], [117.81474950636397, 1.223571853737971], [117.81476190037849, 1.223651429805448], [117.81476966518342, 1.223690763685153], [117.81477746403922, 1.223753581884463], [117.81479175092083, 1.223800452095051], [117.8148141454387, 1.223843276107003], [117.81481532751701, 1.223888521075453], [117.81481294734421, 1.223989156137497], [117.81483816192302, 1.224051707570021], [117.8148892951601, 1.224058795128419], [117.81490466975924, 1.224085416553897], [117.81488317397537, 1.224116866437897], [117.81488252515074, 1.224161853239677], [117.81491393392827, 1.224187862750374], [117.81491645902358, 1.224221940489955], [117.81491955485286, 1.224238170507447], [117.81491456341556, 1.224266373131371], [117.81490087647178, 1.224307340103731], [117.8148960343223, 1.224353696901069], [117.81486247052956, 1.224379216071125], [117.8148517155935, 1.224385008121575], [117.81473802012943, 1.224400612574201], [117.81471825201082, 1.224402951674466], [117.81466751058514, 1.224410581507718], [117.81461094794726, 1.224430895201957], [117.81457782183661, 1.224480161817136], [117.81457144710856, 1.2245022296298], [117.81456306479129, 1.224531251083056], [117.8145273888227, 1.224556708478605], [117.81448522133772, 1.224580597412395], [117.81448051574066, 1.224599964378747], [117.81448244802768, 1.224605568908021], [117.81448973356386, 1.224641184884745], [117.81451080152324, 1.224684137761421], [117.81450754561249, 1.224742013703275], [117.81449324884557, 1.224787476903009], [117.81448442512787, 1.22484297264347], [117.81447468260485, 1.224897657207317], [117.8144615437463, 1.224946990987942], [117.81446380017455, 1.224993202686321], [117.81446953009808, 1.225044311017434], [117.81446082316262, 1.225096624215967], [117.81447780175239, 1.225136950376265], [117.81447841754792, 1.225187961666353], [117.81445189146169, 1.225235017148873], [117.81443583796907, 1.225278836261087], [117.81439498904487, 1.225326693110092], [117.81433730699266, 1.225324838162387], [117.8142812318326, 1.225316568857423], [117.81423003940556, 1.225304065268777], [117.8141867567343, 1.225307852646594], [117.81413729392001, 1.2253143567247], [117.8141235558735, 1.225302192676365], [117.81409582016929, 1.225314048263711], [117.81406030082691, 1.225295678745224], [117.81405250990906, 1.225256222742277], [117.81402383474239, 1.225231589243542], [117.81400257583968, 1.225193281721906], [117.8139615209281, 1.225178095495854], [117.81394540007908, 1.225204255243331], [117.81391591560967, 1.225243830296678], [117.81391531131523, 1.22529045267608], [117.81392767520894, 1.225332705319672], [117.81388463084518, 1.225345866452386], [117.81383995878306, 1.225329271004966], [117.81379578409152, 1.225319761413659], [117.81378272747038, 1.22531403092139], [117.81376744833813, 1.225311911508485], [117.81375804214181, 1.225349361767927], [117.81374944040562, 1.22540185225033], [117.81374661979484, 1.225457725206573], [117.81373654127475, 1.225506984783032], [117.81372847512272, 1.225547250763458], [117.81372354072766, 1.22559770921859], [117.81370670864669, 1.225634827034393], [117.81367633322677, 1.22566167595138], [117.8136275095649, 1.225665625139214], [117.81357824145832, 1.225665129083395], [117.81353033670682, 1.225667261480575], [117.81347862795481, 1.225668302240147], [117.81342030943811, 1.225666107328672], [117.81337012665858, 1.225663612304076], [117.8133216470969, 1.225655209487881], [117.81326865200971, 1.225652717129968], [117.81322047142183, 1.225655165323695], [117.81316628052777, 1.225654268201617], [117.81311118399611, 1.225657482923848], [117.81305877637583, 1.225665790826476], [117.81302192746192, 1.225658494438498], [117.81299989113224, 1.2256232439029], [117.81295380436772, 1.225618571065008], [117.81290924634622, 1.225607621397276], [117.81287989700165, 1.225615501596931], [117.81286343185518, 1.225653428952085], [117.81287680206363, 1.225694620165412], [117.81289485023663, 1.2257469767715], [117.81289798277096, 1.225795518562255], [117.81290711770632, 1.225842052941874], [117.81293596281385, 1.225866891755396], [117.81293245844529, 1.225911612583254], [117.81292525451978, 1.225961811205656], [117.81291511499514, 1.226020427455035], [117.81289784850098, 1.226068518637726], [117.81286591186162, 1.226107259466529], [117.8128326775911, 1.226125870739824], [117.8127960941079, 1.226164256562366], [117.81276507508757, 1.226190941031909], [117.81274276005817, 1.226221023367414], [117.81269997158199, 1.226245317767277], [117.81265077406373, 1.226246495255723], [117.81262432601089, 1.226221630378025], [117.81261408224798, 1.226181980611477], [117.81260286326234, 1.226142204493606], [117.81259540654685, 1.226102235443418], [117.81258800345456, 1.226067217447839], [117.81258248172453, 1.226023913319093], [117.81256349067569, 1.225977365661982], [117.81254789898192, 1.225940216131046], [117.81250781617362, 1.225974504115042], [117.81246674782034, 1.225998282342283], [117.81242778198869, 1.226013967960673], [117.81238338664737, 1.226017962819884], [117.81235199170187, 1.226034955133648], [117.81232072894444, 1.226070060024022], [117.8122891526653, 1.226096737423539], [117.81229806471498, 1.226113515695542], [117.8122786537908, 1.226111222038697], [117.81226231385708, 1.226105384890311], [117.81222260744816, 1.226088362722525], [117.81220400789637, 1.226079330185312], [117.81217522483202, 1.226066516665465], [117.81214447568316, 1.226064191188122], [117.81212531303208, 1.226068551954974], [117.8121171745163, 1.22610736693391], [117.8121047140599, 1.226156232831574], [117.81209513790675, 1.226208383486106], [117.81207872000803, 1.226254011091644], [117.81207757355514, 1.226309021440524], [117.81207692636684, 1.226362497374632], [117.81207224568243, 1.226419837335284], [117.81207122091377, 1.226478976404896], [117.81208155821265, 1.226536729721206], [117.812082016369, 1.226592628836972], [117.812080761508, 1.226607031022225], [117.81208283369217, 1.226626499961164], [117.812095438965, 1.226744960883473], [117.81206032860491, 1.226768535560957], [117.81205626600408, 1.226771263374145], [117.81204997892755, 1.226774077807168], [117.81197538594532, 1.226807473509528], [117.81192146681327, 1.226834629051741], [117.81182260824971, 1.226861798317048], [117.81176869184013, 1.226898000215814], [117.81166983326936, 1.226925169478018], [117.81164677644988, 1.226948390379622], [117.81169085896478, 1.226979941475302], [117.81166852210184, 1.227006232491673], [117.81165040818013, 1.227051847955394], [117.81163388650542, 1.227075241456881], [117.81163663317895, 1.227087085920678], [117.81163752038213, 1.227105304112194], [117.81160658477329, 1.227104651365004], [117.81158201468915, 1.227116930253478], [117.8115525257276, 1.227117925310678], [117.81152693937597, 1.227128095802837], [117.81151539335848, 1.227130493899396], [117.81150273798465, 1.227129077484891], [117.81148714714425, 1.227124605201702], [117.8114613683753, 1.227119612244551], [117.81145509542489, 1.227106676961045], [117.8114347495015, 1.227088648350155], [117.81140063533815, 1.227080583983739], [117.81138510272821, 1.227057581118899], [117.81136997775064, 1.227024241758874], [117.8113382629395, 1.226987952920981], [117.81132630043581, 1.226944450818932], [117.81130038347314, 1.226910348524511], [117.81126677632588, 1.226884705113369], [117.81123087071705, 1.22685521769975], [117.8111915467974, 1.22682500761933], [117.81115767145097, 1.22679219414217], [117.8111279645646, 1.226755987007248], [117.81110031914105, 1.226721570421914], [117.81108574483089, 1.226681274237513], [117.81105355185915, 1.226653895297051], [117.81098691438802, 1.226598926415471], [117.81096399494973, 1.226588892849957], [117.81092631735154, 1.226587656847378], [117.81088288680986, 1.226587098361733], [117.81082797887073, 1.226589978278382], [117.81077688000808, 1.226583933702077], [117.81072191230481, 1.22657041077282], [117.81067121365086, 1.22656220489636], [117.81062554460837, 1.226559937326347], [117.81057720792381, 1.226551575130334], [117.81052473284213, 1.226550935264211], [117.8104708328914, 1.226546350712981], [117.81041513435407, 1.226532439005025], [117.81036128236858, 1.226525964651568], [117.81030790400631, 1.226519363503473], [117.81025658289448, 1.226521471564787], [117.81020509275491, 1.226523397844787], [117.8101569983061, 1.226522557616332], [117.81010324303091, 1.226526853826837], [117.81005589340607, 1.226534080011204], [117.81000626803363, 1.226550230220297], [117.80999347888182, 1.226567223185169], [117.80993697200248, 1.226582120759276], [117.80988255819288, 1.226596324743683], [117.80982610797123, 1.226608354601868], [117.8097868155565, 1.226617145159115], [117.80974205889642, 1.226633222416333], [117.80968735901662, 1.226649582233649], [117.80963626481139, 1.226671037673571], [117.80958520074451, 1.226694088882442], [117.80954345339903, 1.226722703481812], [117.80950199799693, 1.226753769556839], [117.80946302297555, 1.226777935214902], [117.80943168350007, 1.226794235448605], [117.80938704565105, 1.226807918094466], [117.80937832978884, 1.22681289082034], [117.80929913619583, 1.226847533555458], [117.80877138941814, 1.227191118615401], [117.80821193488957, 1.227636233440564], [117.80799828140962, 1.227973285552667], [117.80713920863195, 1.228196979398347], [117.80687829767378, 1.228354959449025], [117.80698033396519, 1.229056570275634], [117.80672000482532, 1.229395462213597], [117.80654111839041, 1.229526824667226], [117.80631085097048, 1.229628941348883], [117.80614338652944, 1.229919746236716], [117.80561822047575, 1.230313126302859], [117.80544524411864, 1.23116565474279], [117.80544503539706, 1.231224876884607], [117.80527462018487, 1.231524925418918], [117.8046168275223, 1.232491865240083], [117.80458154155762, 1.232919108189781], [117.80427837216907, 1.233498535666206], [117.80386356378035, 1.234084393841945], [117.80382558292179, 1.234190273323156], [117.80383923044425, 1.234825558162426], [117.80386216765277, 1.235893207176403], [117.80387734257252, 1.236277724184921], [117.80396863749993, 1.238591092500156], [117.80397742109211, 1.238813666838637], [117.80392125355864, 1.240294591935738], [117.8039049029644, 1.240378926341384], [117.80386756515892, 1.242146635707355], [117.80381690711208, 1.242152155934851], [117.80257501674255, 1.242152064495582], [117.80251718551776, 1.242152060459728], [117.80124897745486, 1.242153144324136], [117.80079573472717, 1.242154582554787], [117.80089525462365, 1.245504709667675], [117.80089782523808, 1.245591223049022], [117.80094652120951, 1.24723043783307], [117.80095022963889, 1.247355255051285], [117.80100232703514, 1.249108933494634], [117.80100370727673, 1.24915538985777], [117.80101252813533, 1.249452321047462], [117.8010215910044, 1.249500727261845], [117.804007664301, 1.249373361732925], [117.80572061490071, 1.249382689647418], [117.80580668824362, 1.249382652225306], [117.80579887210028, 1.24932594927297], [117.8060754833375, 1.248995602625023], [117.80649184588884, 1.248019548152837], [117.80652235017176, 1.247936971624011], [117.80654042736498, 1.247868088800955], [117.80658765518771, 1.247787236779024], [117.8066223244058, 1.247719125920606], [117.80666128970218, 1.247650458290216], [117.80666135527962, 1.247650344285726], [117.80670073667244, 1.247581528167204], [117.8067448472904, 1.247526670946182], [117.80680753848208, 1.24746804289357], [117.80685941355546, 1.247394675312371], [117.80689009823466, 1.247308317353467], [117.80693750230108, 1.247236623827172], [117.80698746011285, 1.247156951521645], [117.807048517877, 1.247097333399025], [117.80712028066509, 1.247056600789326], [117.80719405633317, 1.247008585231939], [117.8072672816994, 1.246986350182094], [117.80736247708359, 1.246978339190135], [117.80745153701255, 1.246984196360541], [117.80753958405664, 1.246990251051171], [117.8076329065265, 1.247003486924792], [117.80772609877492, 1.246999377331647], [117.8077928140982, 1.247041849320187], [117.80787307213104, 1.247012407558103], [117.80794524415664, 1.246957965946164], [117.80801314699873, 1.246906807674423], [117.80810041930256, 1.246871717001546], [117.80817925697572, 1.246838514195667], [117.80826197020751, 1.246825784829796], [117.8083306835603, 1.246791683227001], [117.80841206401551, 1.246758798063925], [117.8084954450499, 1.246728408173404], [117.8085831486675, 1.246701869792181], [117.80861488381919, 1.246632672483494], [117.80867071993667, 1.246568551783604], [117.80874503791023, 1.246598423428573], [117.80882707891642, 1.246597786534079], [117.80891033743423, 1.2465871503147], [117.80899526823251, 1.246584115235401], [117.8090729825956, 1.246589911635727], [117.80914994836586, 1.246581331784482], [117.80923417422292, 1.246550884626246], [117.80939391444056, 1.246568295602197], [117.80945196421484, 1.246533452766767], [117.80957830044345, 1.246532439387684], [117.81214209559697, 1.246848589414422], [117.81222048809396, 1.24664482213217], [117.81482617689777, 1.247344718709571], [117.81497312155098, 1.24736444552319], [117.8176623010111, 1.24814603785903], [117.81781517468345, 1.248202635510768], [117.82039533023067, 1.248957772179618], [117.8205031343288, 1.249012918255775], [117.82315456455326, 1.248489714267381], [117.82322665786499, 1.24842098737825], [117.82344992434514, 1.248224272401864], [117.82345162553773, 1.248223555396365], [117.8235178857874, 1.24817544422085], [117.82358195020983, 1.248115543654686], [117.82365194654204, 1.248058139815776], [117.82372918313689, 1.248013858110859], [117.82379494860704, 1.247952807220549], [117.82386052527255, 1.247891579986641], [117.82392758053764, 1.247839301821059], [117.82399831925515, 1.247796337499962], [117.82406937430821, 1.247738814820758], [117.82412320369197, 1.247665888959424], [117.82416617279412, 1.247589545200902], [117.82421933961389, 1.247507474616049], [117.82426210053148, 1.247435107691301], [117.82429521134878, 1.247354844555021], [117.82434127538801, 1.247291338374483], [117.82438525400617, 1.24720979447241], [117.82444430068597, 1.247147839264601], [117.82451297443961, 1.247097785990618], [117.82458036063332, 1.247040395645579], [117.82464546267849, 1.246987774340448], [117.82470758094543, 1.246927183256509], [117.82478871733159, 1.246891530521044], [117.82484556209009, 1.246830018374771], [117.82490523443984, 1.246788695835973], [117.8249636711117, 1.246730575561211], [117.82502466084684, 1.246679821810752], [117.82505770566226, 1.246604156955116], [117.8251062136236, 1.246529532074996], [117.82513665172617, 1.246450294743839], [117.82517412693214, 1.246378308539523], [117.82515314837002, 1.246297927682946], [117.82515170609271, 1.246212204237694], [117.82515923557266, 1.246138071736707], [117.82516740940693, 1.246052127243557], [117.82515691580834, 1.245964829876693], [117.82514355216615, 1.245879768761313], [117.82514782458088, 1.245794568201303], [117.8251499748368, 1.245709006457135], [117.82516017217553, 1.245609629340301], [117.82516377963938, 1.245519133270405], [117.82516127487257, 1.245435868046441], [117.82516117643277, 1.245347656437154], [117.82518404065043, 1.24526914701644], [117.8252028868529, 1.245186410608963], [117.82522930543792, 1.245112541740208], [117.82523976321619, 1.245026911342544], [117.8252622984264, 1.244951130400202], [117.82527794491519, 1.244865449518945], [117.82530414138095, 1.244791201681656], [117.82532512440426, 1.244706831742805], [117.82532674124182, 1.24460825341061], [117.82533630407718, 1.244526312389589], [117.82531947723041, 1.244440629071808], [117.82530782386861, 1.244357960169576], [117.82528790180288, 1.244281639868372], [117.82527067265644, 1.244202869877733], [117.8252730474145, 1.244119478279136], [117.82528308447795, 1.24404221586908], [117.8252866240212, 1.243958659260966], [117.82530988258296, 1.243879389833283], [117.82531576814517, 1.243712484154759], [117.82533359966513, 1.243626971757154], [117.82533745506018, 1.243547498562684], [117.8253685242773, 1.243471628098889], [117.82539375503903, 1.243384481417483], [117.82543506189226, 1.24330991764214], [117.82547387350445, 1.243237618043677], [117.8255245545217, 1.243087092031352], [117.8255663826378, 1.243015319791658], [117.8256016602749, 1.242934579276593], [117.82565400877331, 1.24286581977384], [117.82567768426314, 1.242771726010296], [117.8256930096375, 1.242690980919312], [117.82571004546614, 1.242543838876112], [117.82573171902773, 1.242457387176366], [117.82573068711811, 1.242378913336721], [117.82575730029185, 1.242309370381574], [117.82576998305252, 1.242216487764256], [117.82578052157125, 1.242127374521093], [117.82579364768719, 1.242035294174357], [117.82580921096522, 1.241953638952284], [117.82583117371526, 1.24183460501413], [117.82583201538522, 1.24173743997311], [117.82582979911925, 1.241662629364553], [117.8258264911378, 1.241568554043545], [117.82581849541218, 1.241475588370724], [117.8258105329185, 1.241388332727906], [117.82580090571018, 1.241300570108961], [117.82580730324392, 1.24122216449629], [117.82579277426332, 1.241149617528056], [117.82580681106842, 1.24106396883569], [117.8258377137434, 1.240978544621054], [117.8258529809523, 1.240881171505035], [117.82587009840891, 1.240794221889543], [117.8258822739154, 1.240723363622238], [117.82589848411837, 1.240643897413445], [117.82591221219515, 1.240568398798714], [117.82590500572283, 1.24048732517738], [117.82592129780356, 1.240405235509551], [117.82590485085329, 1.240326992671663], [117.8258842331307, 1.240247494608134], [117.82588313072429, 1.240161831676721], [117.8258505986633, 1.240067886751667], [117.82585036343008, 1.240059993001549], [117.8258503364591, 1.240059969489559], [117.8258429428964, 1.23998129410528], [117.82583737244902, 1.237677299748438], [117.82595949379208, 1.237422166847815], [117.82597965592093, 1.237356931093095], [117.82599220892581, 1.237256901031078], [117.82603762301024, 1.237181592423387], [117.82606804400834, 1.237113750828282], [117.82610191380522, 1.237034758557047], [117.82611800040895, 1.236997240214308], [117.82616513118462, 1.236927773188762], [117.82620100069109, 1.236842667691181], [117.82624250724845, 1.236783228471705], [117.82631043322655, 1.236661232874529], [117.82636536989806, 1.236576988044635], [117.826434445704, 1.236464629141031], [117.82646467985968, 1.236405877358945], [117.82649881361087, 1.236320169022083], [117.82653775741352, 1.236259764463078], [117.82659946114708, 1.236146759253204], [117.82670244531812, 1.235958148218521], [117.8266530814079, 1.235894989580966], [117.82663874149982, 1.235823158115509], [117.82695046045569, 1.235306750585461], [117.82698071772347, 1.235229763227105], [117.82703485128205, 1.235187620257713], [117.8270803220219, 1.235112536005683], [117.82712054659648, 1.235037651512104], [117.82726244156687, 1.23447272390088], [117.82722870999248, 1.23439688375682], [117.82727230528091, 1.23432285037907], [117.82732595362575, 1.234255015109217], [117.82786652213292, 1.233571483961413], [117.82779514613637, 1.233514286513616], [117.8277739366673, 1.233427397803553], [117.82780601026714, 1.233367532774636], [117.82788305109668, 1.233362952025071], [117.82797287142058, 1.233360116830874], [117.82805770871715, 1.233374246855733], [117.8288284970396, 1.232712288824794], [117.8289003638203, 1.232650569508512], [117.83056285750584, 1.23122280916321], [117.83064898640129, 1.23121713273393], [117.83071923422733, 1.231186871587949], [117.83079463764173, 1.231194856644779], [117.83087613293536, 1.231196744381493], [117.83096473232703, 1.231204749719182], [117.83105683646407, 1.231196571001993], [117.8311341197812, 1.231188908953239], [117.8312173683121, 1.231207282132285], [117.83130094164696, 1.231183238849073], [117.83136347229025, 1.231132056893918], [117.8314122552023, 1.23101155101868], [117.83148897653281, 1.230916093762596], [117.83165327174521, 1.230915790714151], [117.83173346673854, 1.230915643417563], [117.8316782255404, 1.23046868785265], [117.83166466574117, 1.230358974802296], [117.8316523737126, 1.230259517158621], [117.83160465857286, 1.229761682745154], [117.83157111695299, 1.228957474185258], [117.83158532298106, 1.22875641541716], [117.8315662119722, 1.228473987354215], [117.8316070531447, 1.228213608091512], [117.83160706300811, 1.228213533004014]]]}},
{"type": "Feature", "properties": {"ba_code": "4321", "division": "02"}, "geometry": {"type": "MultiLineString", "coordinates": [[[117.79553170243068, 1.276609995312036], [117.79551174375695, 1.276546583607559], [117.79571526728998, 1.274413013000483], [117.79581792615984, 1.27333682058869], [117.7958180184402, 1.27333585259618], [117.79581771045238, 1.273313395930537], [117.79591897170847, 1.273166043993381], [117.7967009150419, 1.273102476217511], [117.79670090948798, 1.273084383440856], [117.79674584154007, 1.273057230300982], [117.79680875252072, 1.273039117958632], [117.79689863883797, 1.273057182780474], [117.79697953152277, 1.27305715761887], [117.7970694067255, 1.273039036883505], [117.79714130299574, 1.273011875351211], [117.79720421396664, 1.27299376300159], [117.79726712493579, 1.27297565065098], [117.7973120541958, 1.272939451119114], [117.79742889360907, 1.272921321984807], [117.79754573579694, 1.272912239232676], [117.79756370916584, 1.272903187251094], [117.79761760703462, 1.272803660215517], [117.79760859950493, 1.272740338308658], [117.79760858838766, 1.272704152763272], [117.797608563375, 1.272622735286116], [117.79759956418577, 1.272586552537729], [117.79757258885124, 1.272550375382888], [117.79758154635807, 1.27245086233539], [117.7975995058314, 1.272396578423691], [117.79759950305284, 1.272387532037301], [117.79759051498051, 1.272387534833864], [117.79759049553135, 1.272324210128978], [117.79759048163967, 1.272278978196898], [117.79762640058792, 1.272170410375306], [117.79770727656035, 1.272116106891253], [117.7977971572708, 1.272116078926076], [117.79786906461663, 1.272125102937478], [117.79798590397702, 1.272106973803397], [117.79806678271312, 1.272061716699384], [117.79812069445617, 1.272007421602245], [117.7981656070093, 1.271916943762331], [117.79824647183672, 1.271826454733354], [117.7982554543465, 1.271808359165769], [117.79827339713003, 1.271699796951182], [117.79825540987589, 1.271663617006026], [117.79827337767475, 1.27163647225654], [117.79826933752342, 1.271610095157498], [117.79825536541036, 1.271518874846119], [117.7982463634482, 1.271473645717967], [117.79832724771984, 1.271446481390627], [117.79835421470129, 1.271455519384089], [117.79839914947966, 1.271437412628449], [117.79845308622137, 1.271464534997826], [117.7984958457489, 1.271460609126892], [117.79855195218008, 1.271455457838623], [117.79856093746723, 1.271446408656412], [117.79861486586857, 1.271446391868571], [117.79862385393537, 1.271446389070487], [117.7986242770853, 1.27127905614506], [117.79862250565074, 1.271080501208986], [117.79867104107436, 1.271080062732397], [117.79927731627124, 1.270868308902541], [117.80036334671655, 1.270488989500342], [117.80057706071203, 1.270414345406173], [117.80107522990181, 1.270463025089673], [117.80118923767766, 1.270479373411427], [117.80154115783148, 1.270522864392839], [117.80248523283055, 1.27063953367798], [117.80407330660384, 1.270835789003835], [117.80417079740913, 1.270827349855899], [117.80463232768666, 1.27089724221652], [117.80676129865361, 1.271219646762764], [117.8068541128775, 1.271622163709567], [117.80695404671985, 1.271643094512408], [117.8089548752906, 1.272062172028132], [117.81008974322509, 1.27229987049202], [117.81016413147829, 1.272408055010956], [117.81010444805024, 1.272744747707123], [117.81010118843216, 1.272763139986129], [117.81080828692366, 1.272748505516799], [117.81088739918518, 1.272746868424595], [117.81115362637323, 1.272621588923344], [117.81119768254348, 1.272588265388821], [117.81125242132062, 1.272573221160208], [117.81125241849409, 1.272564174804302], [117.81129735305385, 1.272546067868089], [117.8113692404323, 1.272491766973533], [117.81136923760558, 1.272482720617884], [117.81148605953491, 1.272410312786216], [117.81148605670793, 1.272401266430824], [117.81153098278024, 1.272356020427485], [117.81153097995325, 1.27234697407219], [117.81153996799452, 1.272346971226843], [117.81156691515586, 1.272292684559313], [117.81160282774205, 1.272166024205732], [117.8116207727283, 1.272066508609109], [117.81164770292871, 1.271957943813238], [117.81163871488901, 1.271957946658094], [117.81164769162274, 1.271921758392994], [117.81163870358318, 1.271921761237769], [117.81172855005852, 1.271813176529997], [117.81171955919307, 1.271804133019904], [117.81180036675046, 1.271532716773531], [117.81180036392438, 1.271523670418785], [117.81185424693298, 1.271378911677525], [117.81184525889577, 1.271378914521809], [117.81188116865592, 1.271243207825793], [117.81189015669258, 1.271243204981687], [117.81193507709453, 1.271179866279426], [117.81192608905819, 1.271179869123549], [117.8119620157712, 1.271098440557187], [117.81201592420601, 1.271035099012268], [117.81201592138025, 1.271026052657972], [117.81200691073956, 1.270953684667484], [117.81203383528864, 1.270827027175982], [117.81202484725372, 1.270827030019661], [117.8120158224916, 1.270709430257224], [117.81198883013948, 1.270618975243365], [117.81199781817374, 1.270618972400277], [117.81197084277231, 1.270582795511735], [117.81197083994773, 1.270573749157307], [117.81195282151384, 1.270438059525941], [117.81194383065592, 1.270429016013966], [117.81197974607662, 1.270311402036254], [117.81197075239542, 1.270293312169693], [117.81197074957147, 1.270284265815244], [117.81200666216908, 1.270157605484728], [117.81199766566529, 1.270130469263617], [117.81204256911964, 1.270012852447239], [117.81209645213396, 1.269868093728201], [117.81209644931052, 1.269859047374005], [117.81214133864609, 1.269696198791054], [117.8121413358229, 1.269687152436947], [117.812222191395, 1.269569524260909], [117.81234792499923, 1.269252862098128], [117.81233893414755, 1.26924381858569], [117.8124467481442, 1.269108089186969], [117.81249163747107, 1.268945240619556], [117.81249163464831, 1.268936194266186], [117.81253652679833, 1.268782392054797], [117.8125724478567, 1.268682870805805], [117.81265329210872, 1.268529057236011], [117.81266226320005, 1.268474776277178], [117.81266224344435, 1.268411451806034], [117.81268918776435, 1.268348118813683], [117.81268018562925, 1.268302889889164], [117.8126711976045, 1.268302892729455], [117.81266219547032, 1.268257663804554], [117.81266217007469, 1.268176246627224], [117.81266216725305, 1.268167200274184], [117.81264416298974, 1.268076742423161], [117.81261715377978, 1.267932009291594], [117.81262610513232, 1.267814403861476], [117.81261711710916, 1.267814406700484], [117.812635064949, 1.267723937491146], [117.81263501982284, 1.267579195840946], [117.81262603180049, 1.267579198679459], [117.81261701275753, 1.267479691632887], [117.81260802473548, 1.267479694471113], [117.81262596976107, 1.267380178909721], [117.81261698173938, 1.267380181747756], [117.81262383350825, 1.267331799682681], [117.81268926851169, 1.267062022174374], [117.81260208354212, 1.266715008031705], [117.81254471965488, 1.266231317569111], [117.8124366438099, 1.265525735999916], [117.81243664099493, 1.265516689646182], [117.81241862555711, 1.265390046359646], [117.81236466087933, 1.265272460755492], [117.81238260876812, 1.265181991551824], [117.81237360386993, 1.26512771626068], [117.81234661450326, 1.265046307571217], [117.81234658636838, 1.264955844031484], [117.81231959419449, 1.264865388985886], [117.8123195857553, 1.264838249923752], [117.81231058367692, 1.264793020984691], [117.81225664434503, 1.264756852554315], [117.8122566302821, 1.264711620783342], [117.8122566274696, 1.264702574429145], [117.81223863738099, 1.264657348319425], [117.812184692429, 1.264603087176306], [117.81214871506998, 1.264521681307188], [117.8121127489604, 1.264476460854212], [117.81202283228725, 1.264358886538594], [117.81197787817021, 1.264313668909876], [117.81191495084003, 1.264277503291619], [117.81191441578382, 1.26427374288987], [117.81190594315545, 1.264214181635098], [117.8119059206744, 1.264141810794908], [117.81189691580249, 1.264087535492893], [117.81189690175324, 1.264042303717633], [117.81189490322542, 1.264026248873926], [117.8118946695688, 1.263954003844227], [117.81191483563116, 1.263906602736224], [117.81189681465912, 1.263761866710663], [117.81190578300603, 1.263698539397848], [117.81190577738792, 1.263680446687732], [117.81190576334305, 1.263635214912429], [117.81191474573558, 1.26361711937517], [117.81190089032326, 1.263575326854864], [117.81190729499869, 1.263548689654575], [117.81192370565742, 1.263526652997744], [117.81193268243244, 1.263490464750709], [117.81197757473382, 1.263336662582107], [117.81197755788314, 1.263282384452567], [117.81205840783578, 1.263146663690514], [117.81206031998757, 1.263142168859693], [117.8120895183156, 1.263112835010893], [117.8120813383895, 1.263092764624958], [117.81208535220208, 1.263083330727724], [117.81210330294363, 1.263001907882637], [117.81205832920942, 1.262893365757195], [117.81197740064493, 1.262775788575762], [117.81197739783768, 1.262766742220801], [117.81195038609722, 1.262612962661586], [117.8118874167277, 1.262441101687573], [117.81184245144212, 1.262359698611681], [117.81181547058928, 1.262305428951657], [117.81177049128382, 1.262178794094117], [117.81177048567342, 1.262160701383179], [117.8116985535794, 1.262070260412947], [117.81168954313698, 1.261997892390581], [117.81166697827956, 1.261935496804687], [117.81165356026847, 1.261898393768079], [117.81159959018031, 1.261762715363729], [117.81155463333587, 1.261708451336953], [117.81151863366419, 1.261554674569958], [117.81150963725136, 1.261527538322799], [117.81148266202818, 1.261491361361206], [117.81145567279354, 1.261409952617687], [117.81142869477077, 1.261364729297928], [117.81139271753783, 1.261283323371955], [117.81135672910207, 1.261165732018095], [117.81131176667567, 1.26109337526374], [117.8112398066356, 1.260912470683101], [117.81117683181432, 1.260722516918714], [117.81117682621452, 1.260704424204899], [117.81114983981077, 1.2606320618032], [117.81114983701114, 1.260623015446226], [117.8110778826111, 1.260460203559028], [117.81103288383265, 1.260270244142177], [117.81101489943599, 1.260243110703403], [117.81096992585562, 1.260134568496484], [117.81095193306787, 1.260080295983844], [117.81092494948383, 1.260016979928744], [117.81089796869918, 1.259962710230071], [117.81088897510466, 1.259944620330284], [117.81083501074464, 1.259827034571415], [117.81071811921133, 1.259673283076665], [117.81066417164388, 1.259609975454197], [117.81062819728237, 1.259537615843559], [117.81059223410445, 1.25950144166432], [117.8105472857234, 1.259474316655468], [117.81041241264145, 1.259302478033339], [117.81036745867718, 1.259257260300233], [117.8102595691692, 1.25914873773341], [117.81020561045398, 1.259049244650068], [117.81013368971027, 1.258994988980855], [117.81010672013008, 1.258976904693739], [117.810043781804, 1.258904553489823], [117.81005276980233, 1.25890455067969], [117.80993588674193, 1.258777938171389], [117.80984597605946, 1.258678456304013], [117.80974708017663, 1.25858802359765], [117.80972909860043, 1.258569936493729], [117.80967513434473, 1.258452350657159], [117.80967512876535, 1.258434257936274], [117.80967512318605, 1.258416165215388], [117.80964331376867, 1.258392871725166], [117.80959689044644, 1.258386034511836], [117.80946211180641, 1.25841516880148], [117.80919455935162, 1.258419724867552], [117.80885969287465, 1.258432468066577], [117.80884159167304, 1.258303215659721], [117.80873084380951, 1.257770586764992], [117.8087221836354, 1.257728939103594], [117.80870419928662, 1.257701805621342], [117.80868619266228, 1.25760230123697], [117.80869512775813, 1.257430417543022], [117.8086591117472, 1.257222362406976], [117.8086501014845, 1.257149994305881], [117.80864109400666, 1.257086672567251], [117.80862307905518, 1.256960029088955], [117.80861408549485, 1.256941939163941], [117.8085331629352, 1.256842454375501], [117.80849718870039, 1.256770094670786], [117.80849718313655, 1.256752001944379], [117.80842524858372, 1.256652514345988], [117.80834433438626, 1.25658016863166], [117.80824543864374, 1.256489735781442], [117.80821846354014, 1.256453558721413], [117.8081465456875, 1.256408349286976], [117.80812855580035, 1.25636312306259], [117.80811057425315, 1.256345035929961], [117.80806562038617, 1.256299818097128], [117.80800267108003, 1.256191281306384], [117.80793073656606, 1.256091793671681], [117.80791274946566, 1.256055613806425], [117.80786776505033, 1.255910885953256], [117.80784077884987, 1.25583852342294], [117.80777781568723, 1.255684754788682], [117.80772384330527, 1.255540029718398], [117.80768786635011, 1.25545862361053], [117.80768786079764, 1.255440530880312], [117.80764287642445, 1.255295803007661], [117.8076338884331, 1.255295805801404], [117.80757992440455, 1.255178219813459], [117.8075529437806, 1.255123950000566], [117.80749899086159, 1.255042549468381], [117.80746300837936, 1.254943050616834], [117.80744501020472, 1.25487068527595], [117.8073820554393, 1.254744055698349], [117.80734608961178, 1.254698835034991], [117.80730114411527, 1.254680756259569], [117.80721123094101, 1.254572227775297], [117.80713930484312, 1.254499879168345], [117.8070853602723, 1.25444561771011], [117.80704939999805, 1.254418489769792], [117.80702242494246, 1.254382312672229], [117.8070134175525, 1.254318990894923], [117.8069594729887, 1.254264729429897], [117.80688754136573, 1.254174288071856], [117.80685157278593, 1.254120021023785], [117.8068335829562, 1.254074794764958], [117.80673472615604, 1.254111010903127], [117.80671665389752, 1.254125339623726], [117.80664940784325, 1.253721112654116], [117.80664484670623, 1.253369547765756], [117.80664391238372, 1.253297510014124], [117.80598833286506, 1.251923322567323], [117.80556434742246, 1.251034588042322], [117.80554820731243, 1.250962581201714], [117.80552290764047, 1.250884969344612], [117.80550446951779, 1.250807755216317], [117.80550591209104, 1.250731122960547], [117.80549924204841, 1.250642484152714], [117.80549577287107, 1.25056348688304], [117.80549617667009, 1.250493511267767], [117.80549400145969, 1.250366334434392], [117.80551325956193, 1.250288215786391], [117.80549250340549, 1.250207890418766], [117.80547203075051, 1.250117006038023], [117.80546330312353, 1.250006893586879], [117.80545777511148, 1.249863973481909], [117.80546643202464, 1.249792162523654], [117.80553581702087, 1.249678756605657], [117.80555534530143, 1.249605335658157], [117.80562626187032, 1.249527419088659], [117.80569292002042, 1.249435042305787], [117.80572061490071, 1.249382689647418], [117.804007664301, 1.249373361732925], [117.80101845873146, 1.249500861204814], [117.80102354397174, 1.249547797698014], [117.80084782725788, 1.250912991303312], [117.80084096178955, 1.25110718303805], [117.80083909125975, 1.251160111277088], [117.80081674113038, 1.251792319090373], [117.80081801949441, 1.251819874880264], [117.80084005977564, 1.252349758091139], [117.8008934271451, 1.252338696953632], [117.80084263506588, 1.252350512672107], [117.8008918926674, 1.25341231291151], [117.8008946683639, 1.25347214391818], [117.80095696529897, 1.25481503468272], [117.80101141296785, 1.256020385734058], [117.80101291871976, 1.256053710327244], [117.80110275872077, 1.258042546564063], [117.80110426087317, 1.258075796071342], [117.80112878583637, 1.258618707917324], [117.8011306768997, 1.258618656672991], [117.80113296576518, 1.2587116482324], [117.80110211017663, 1.258712560600453], [117.80105145135033, 1.258701899722992], [117.8008294569814, 1.258707156438399], [117.8007656128469, 1.25870866791669], [117.79862135421297, 1.258759434871638], [117.7985516054931, 1.258742183198168], [117.79650148977278, 1.258813471018071], [117.79645572500999, 1.258815061871764], [117.79567194471558, 1.258842316108079], [117.79567195312347, 1.258843367296299], [117.79561977296001, 1.258845835796769], [117.79537627578586, 1.258843774702581], [117.7953605934284, 1.258843642011454], [117.79474466897267, 1.258838428501378], [117.7946765296221, 1.258837851434206], [117.79420056888952, 1.258833822457884], [117.79417755856484, 1.258833627776268], [117.79303625942394, 1.258823966600493], [117.79295662592268, 1.258825630179891], [117.79189542617185, 1.258780597884905], [117.79180528847307, 1.258776783424425], [117.79178909901077, 1.258776099035799], [117.79150474078224, 1.258764066448535], [117.79063959135328, 1.258808183015116], [117.79062810930634, 1.258808768202457], [117.79009135345983, 1.25883613899156], [117.7900250311462, 1.258837652776044], [117.78945338649312, 1.258808828757464], [117.78940058153378, 1.25880816636512], [117.78938309792404, 1.258807947340739], [117.78810883720627, 1.258791963948814], [117.78808325982435, 1.258791643343597], [117.78742776262364, 1.258783421325109], [117.78736574516319, 1.258771685265001], [117.78681713606238, 1.258732210533767], [117.78679233249706, 1.258731732272799], [117.78676749837224, 1.258731254020866], [117.78568886401956, 1.258710468775321], [117.78567521917907, 1.25871020604323], [117.78449950222719, 1.258687549072335], [117.7844995152095, 1.258688884319532], [117.7844995828126, 1.25869554427121], [117.7845079485864, 1.259521317668008], [117.78450824032018, 1.25955010870586], [117.78452839553782, 1.261539454870456], [117.78452861276587, 1.26160452296564], [117.78453229202343, 1.263027440857752], [117.78453452590962, 1.26389148694118], [117.7845351765604, 1.264025972580053], [117.78453821722441, 1.264654708454349], [117.78453879508517, 1.264774191537372], [117.78454264945309, 1.265571002338139], [117.78454278936255, 1.265599899263298], [117.78454694484745, 1.266459006302282], [117.78454705217912, 1.266481170894126], [117.78454762532994, 1.266599761095115], [117.78457934577636, 1.267002176731915], [117.78458058998133, 1.267017959635011], [117.78458185403939, 1.267034005782762], [117.78462287519568, 1.267531278389534], [117.78463927567896, 1.267608665477683], [117.78462082477844, 1.268467801091006], [117.7846692750041, 1.269287863805499], [117.78469822055455, 1.269777778085472], [117.78468580014047, 1.270022929795271], [117.78466068058222, 1.270518744379349], [117.78468382055514, 1.27076041772979], [117.78468889537685, 1.271005088250455], [117.78470515975428, 1.271789353231062], [117.78472708115227, 1.272846373132018], [117.78474268734031, 1.27359885461291], [117.78475095658425, 1.273997581881252], [117.78478170436831, 1.275480162304359], [117.78480062214629, 1.276392309244805], [117.78480143942322, 1.276431698894185], [117.78480590528468, 1.276647000390885], [117.78481105375684, 1.276700615101845], [117.78481111307757, 1.276700612369685], [117.7848138336948, 1.27672996986452], [117.78481400446705, 1.276729963479579], [117.78577984289872, 1.276691004937405], [117.78642626497259, 1.276684005849388], [117.7864518666277, 1.276683728385517], [117.78747074118583, 1.276672696357315], [117.78753087820375, 1.276664721504065], [117.78808213956468, 1.276652715199807], [117.78864586667557, 1.276650286885825], [117.78866937593864, 1.276650185546256], [117.78920906520881, 1.276647861325277], [117.78968672680008, 1.276675667120466], [117.79016211191757, 1.276683709846643], [117.79022120930361, 1.27668862004868], [117.79120986543971, 1.27667340649583], [117.79192219376948, 1.276663726880726], [117.7919541418395, 1.276663292701579], [117.792988021512, 1.276649241390604], [117.79306602234354, 1.276650284654394], [117.79408005386757, 1.276629248920147], [117.79412804830103, 1.276628599850656], [117.7941509660517, 1.276628289673013], [117.79551087698593, 1.276609882383914], [117.79553170243068, 1.276609995312036]]]}},
{"type": "Feature", "properties": {"ba_code": "4321", "division": "05"}, "geometry": {"type": "MultiLineString", "coordinates": [[[117.80079573472717, 1.242154582554787], [117.80069324688262, 1.242175809482873], [117.80066420087265, 1.242117384136655], [117.80050237127625, 1.24196364496644], [117.80039451573214, 1.241963677840094], [117.80039457016804, 1.242144605486171], [117.80028676360624, 1.242307473245751], [117.80015199041988, 1.242461302845366], [117.79955001713428, 1.243194243440564], [117.79922612873779, 1.243404344922672], [117.79917477340425, 1.2434376585058], [117.79901983033865, 1.243538167634353], [117.79892997783445, 1.243628658867778], [117.79887605272826, 1.243637721680426], [117.79884911329562, 1.243719147364198], [117.79892105243397, 1.243836728471226], [117.79893908551739, 1.244026697087912], [117.79876831403989, 1.244026749120447], [117.7983819019036, 1.244262072889448], [117.79829202215925, 1.244262100262456], [117.79827408972326, 1.244406847926281], [117.79819039199526, 1.244541725205983], [117.79820753011425, 1.244660785828666], [117.79821125549167, 1.244678258696585], [117.79830119238494, 1.244868205439139], [117.7982817600528, 1.245413892174155], [117.79824743596514, 1.245438144241351], [117.79784290074092, 1.245184968634614], [117.79765413958866, 1.245139794177338], [117.79751031833023, 1.245094606021179], [117.7974514396052, 1.245084748002163], [117.79724066536092, 1.245049456150754], [117.79701595499976, 1.245013338964567], [117.79689912212527, 1.245049560068817], [117.79656657227277, 1.245067753990575], [117.79654728356957, 1.245066107984585], [117.79614412628595, 1.245031696841439], [117.7958140642032, 1.244956838714399], [117.79557471705576, 1.24490338118231], [117.79539805323684, 1.244796717224963], [117.79533510212178, 1.244679133209837], [117.79527214830482, 1.244552502796015], [117.79521821228276, 1.244525379979265], [117.79511934176843, 1.244516363582626], [117.7950474379089, 1.244516385396248], [117.79492160886026, 1.244525469959589], [117.7947867728674, 1.244471232481373], [117.79469684430195, 1.24430842463019], [117.79465187461108, 1.244208927910968], [117.79461587666817, 1.244055150094825], [117.79451695204098, 1.243865205759238], [117.79439104455706, 1.243611944809764], [117.79435504395285, 1.243449120578777], [117.79432214816094, 1.243374683220862], [117.79430448381962, 1.243334714352751], [117.79421113893936, 1.243123493872452], [117.79415708674806, 1.242707375977966], [117.79413902433913, 1.242417896741658], [117.79417491412077, 1.242209818756913], [117.79413894060782, 1.242137458461767], [117.79398607750662, 1.241911344755735], [117.79390507776051, 1.24154951334253], [117.79388884415837, 1.241478807081875], [117.79379708177606, 1.241079133293266], [117.79376108133638, 1.240916309005293], [117.79371607136503, 1.240681116250263], [117.79368008712463, 1.240572570337529], [117.79363512300395, 1.240491166327282], [117.7935272161361, 1.240319317325862], [117.79341031053964, 1.240111285430689], [117.79332937301038, 1.23995752106441], [117.79324844895783, 1.239848988680682], [117.79307761559754, 1.23964097300049], [117.79291576754657, 1.239423908184438], [117.79278991444373, 1.239351574901102], [117.79264608809443, 1.239288293420777], [117.792403386009, 1.239197902495091], [117.79220562378025, 1.239107498011544], [117.79205280409694, 1.239026126384168], [117.7918370551948, 1.238899541659388], [117.79171120749267, 1.23884530109261], [117.79163610576768, 1.238796739969771], [117.79158535173832, 1.238763921310532], [117.7914954639776, 1.238736809124065], [117.79140559232117, 1.238763975347623], [117.79137863377595, 1.238782076257003], [117.79132471668417, 1.238818278075638], [117.79127679731431, 1.238818292477664], [117.7912618008838, 1.238818296984618], [117.7912168556587, 1.238800217684532], [117.79105506948395, 1.238791219894104], [117.79083036481568, 1.238773194587507], [117.79065959065612, 1.238764199470439], [117.79032703297307, 1.23875525290777], [117.79013827748858, 1.238728170340318], [117.78996749526841, 1.23869203595837], [117.78985906216893, 1.238708987981386], [117.78985065160545, 1.23869207101005], [117.78977873977604, 1.23866495335988], [117.78963492147392, 1.238628810863342], [117.78931129014552, 1.238411794103316], [117.78924776194681, 1.238377388845391], [117.78919442774587, 1.238348504267184], [117.78905062015181, 1.238348547352809], [117.78866412652255, 1.238312477472861], [117.78852640147284, 1.238298656894045], [117.78848436166219, 1.238294438473285], [117.78802598021255, 1.23831266847142], [117.78787317124711, 1.238267482129784], [117.78774733422503, 1.2382494269437], [117.78764847448456, 1.238276595741158], [117.78755860538783, 1.23831280825963], [117.78746873361722, 1.238339974365566], [117.78733392995873, 1.238394293137903], [117.78722608488997, 1.23843051102409], [117.78720749310523, 1.238460470157289], [117.78701943146562, 1.238439687046773], [117.78700138273983, 1.238421531766418], [117.78694744685795, 1.238394408644005], [117.78681263249865, 1.23841254174841], [117.78664185554344, 1.238394499934272], [117.78648906521103, 1.238412638392442], [117.78629133763201, 1.238439836673904], [117.78599475823191, 1.238521342937175], [117.78560829629986, 1.238593829579208], [117.78531169551063, 1.238602964464133], [117.78500609340368, 1.238566869914416], [117.7849162108981, 1.238557850289075], [117.78450278487503, 1.23863034482823], [117.78439492106645, 1.238603237705244], [117.78433156393575, 1.238591300829927], [117.78425110531376, 1.238576141283556], [117.78398146838478, 1.238585267989997], [117.78385563391276, 1.238576259029587], [117.78357698771268, 1.238513017014879], [117.78349611442471, 1.238576366019909], [117.78341526770056, 1.238730179223284], [117.78337934231631, 1.238820654118959], [117.78330750748859, 1.239055882433641], [117.78317283911157, 1.239571568506682], [117.7831010494754, 1.239960585986504], [117.78310111062605, 1.240168653656349], [117.78308324100938, 1.240530515826646], [117.78302038355599, 1.240729555816977], [117.78285872197664, 1.24114573936215], [117.78292173374773, 1.241471391765184], [117.78290389082831, 1.241923718159203], [117.78284106267755, 1.242222268802075], [117.78271660505646, 1.242427387386037], [117.78264342248134, 1.242547998915096], [117.78263747546936, 1.242689659515783], [117.78263528784551, 1.242741760321972], [117.7826255716314, 1.242973186074595], [117.7825357981244, 1.243335069737347], [117.7824729540081, 1.243579341886581], [117.78236515653379, 1.243778395340741], [117.78220791125413, 1.244269521887601], [117.78218556155674, 1.244339327137331], [117.78194297320375, 1.244637931489639], [117.78174527158048, 1.244755593983735], [117.78172078951029, 1.244769087696339], [117.78160145272766, 1.244719451189998], [117.78137678436639, 1.244828075289208], [117.78128689358176, 1.244791916395218], [117.78119700279798, 1.244755757496576], [117.78108914131175, 1.244737696800593], [117.7810172372024, 1.244737718233122], [117.78090039568335, 1.244746799481657], [117.7805588325161, 1.244683576265387], [117.78040602030966, 1.244629343218508], [117.78003748776909, 1.244548035092916], [117.77970492587957, 1.244530041198324], [117.77952516555844, 1.244530094672075], [117.77929144526692, 1.244421607028941], [117.7791835811048, 1.244394499809003], [117.7790397754921, 1.24440358898466], [117.77884202850245, 1.244367462031519], [117.778682222226, 1.244336085830307], [117.77867124290871, 1.244322280620368], [117.77859930694021, 1.244213744820721], [117.77857233227998, 1.244177567109339], [117.77843748550562, 1.2440871428437], [117.77825768009826, 1.243933406890521], [117.77807789325716, 1.243842995928988], [117.77786216230037, 1.243779734906152], [117.77756554977617, 1.243752683573163], [117.77693637260765, 1.243698591446169], [117.7767925590113, 1.243680541178115], [117.77669369344319, 1.243689616894388], [117.77632519520222, 1.243725911744552], [117.77611846544255, 1.243707880061616], [117.77601959457046, 1.243698862883584], [117.77584886708269, 1.243852702819619], [117.7758219241542, 1.243925082284708], [117.7758129731245, 1.24405173504695], [117.77578607776454, 1.244286950360777], [117.77560638863959, 1.244531257336406], [117.77552550434447, 1.244558420584146], [117.77538172500714, 1.244657973940635], [117.77520198034233, 1.244712305746457], [117.77495035521903, 1.24484807675059], [117.77507622986558, 1.244992782529433], [117.77501338764955, 1.245246101394181], [117.77498654248167, 1.245653199064202], [117.77491473868282, 1.245996984978479], [117.77491478637799, 1.246160192665797], [117.77491483386207, 1.246322656735748], [117.77486098235346, 1.246585019399696], [117.77478015087809, 1.246793111427353], [117.77455554521592, 1.247118849749254], [117.77451962216433, 1.247218371219753], [117.77433088662323, 1.247263659308316], [117.77426272589541, 1.247712754712628], [117.77422923446915, 1.24793341815558], [117.77419632525182, 1.248150250261483], [117.77398064667317, 1.248267917874816], [117.77394472096105, 1.248358392920291], [117.77422342697541, 1.248620657102642], [117.77414157204433, 1.248928097484946], [117.77412676703183, 1.248983704007594], [117.77412466703613, 1.248991590411843], [117.77342370543458, 1.249353655766901], [117.77317209304586, 1.249534659135692], [117.77310018867065, 1.249534680432732], [117.77301930947006, 1.249579936597223], [117.77247115484933, 1.249978142389622], [117.77224649059941, 1.250104859103806], [117.77174321255998, 1.250285936915512], [117.77101526999782, 1.250593731343546], [117.77069176862075, 1.250829034585764], [117.77056593582783, 1.2508290717732], [117.7704760499821, 1.250811005438146], [117.77037721565328, 1.250928638461106], [117.7701525933486, 1.251200098268271], [117.77004477093439, 1.251317733951968], [117.76995312366904, 1.251423875868854], [117.76986507040773, 1.251525855358828], [117.76937082723602, 1.251869766411406], [117.76905632938349, 1.252159345681511], [117.76789048863948, 1.252849525094314], [117.76786112465705, 1.252874368078309], [117.76773533382095, 1.253019148431282], [117.76716916695548, 1.253299755444146], [117.7668905551234, 1.25336316274566], [117.76586606186031, 1.253870066063049], [117.7652729459486, 1.25420495958474], [117.76506624901523, 1.254304531449302], [117.76498883987757, 1.254331739737119], [117.76477866195505, 1.254413173559584], [117.76460561297247, 1.25453517073181], [117.76447312232258, 1.254603239073056], [117.76403278762223, 1.254883808812225], [117.76402900356884, 1.254886666796962], [117.76398785507459, 1.254910961403342], [117.76357448187623, 1.255182476738786], [117.76250502788294, 1.255626067521376], [117.76235224083085, 1.255662298223721], [117.76235206401441, 1.255678669662599], [117.76223541923628, 1.255743750690119], [117.76175011205163, 1.255915775914031], [117.76117491072279, 1.256042595102985], [117.76093225571957, 1.256124084426957], [117.76072554783995, 1.25618747026968], [117.7605008768272, 1.256296093705999], [117.76006946123819, 1.256341452387277], [117.75967397969468, 1.256323475199641], [117.75961106823056, 1.256341586547944], [117.75820002779867, 1.256658625583093], [117.7580562364105, 1.256721992898243], [117.75757953472869, 1.256994789213258], [117.7572654135558, 1.257174547520513], [117.75762518561727, 1.25803385755692], [117.75757746520547, 1.258408282463932], [117.75754745174636, 1.258643778205375], [117.75754582990416, 1.258698501708518], [117.75773784729276, 1.258704266068633], [117.75814315798802, 1.258716433533475], [117.75851307707448, 1.258759730253349], [117.75866209087667, 1.25879991267189], [117.75962316009876, 1.259059075720384], [117.75968767452841, 1.259066951656704], [117.76041708344727, 1.258997673294845], [117.76124050131529, 1.258986667086002], [117.76126968198413, 1.258986277655371], [117.76225843968909, 1.258973060433345], [117.76231837815791, 1.258980648160072], [117.76318849086555, 1.258985908518698], [117.76327084088946, 1.258986406239258], [117.76470641544684, 1.25899508363624], [117.76472489243841, 1.258995629111643], [117.76479483488914, 1.25899792707261], [117.76480791551651, 1.258995696877469], [117.76492916965918, 1.258996430028006], [117.76515073332023, 1.25900833849234], [117.76694544802668, 1.259001344115257], [117.76699488967265, 1.259001151263014], [117.76728635970477, 1.259000015566162], [117.76788089668578, 1.259036460359197], [117.76796136841253, 1.259044133227268], [117.76852362399451, 1.258986453676932], [117.76989603750602, 1.258924637999188], [117.77027827154167, 1.258901466801132], [117.77030506904238, 1.258899842233896], [117.77077204568175, 1.258871533624686], [117.77084176785347, 1.25891676773031], [117.77129334545941, 1.258886462536525], [117.7720046446129, 1.258881236248738], [117.77263855271651, 1.258885309973828], [117.77269526761243, 1.25888567482022], [117.77325226537329, 1.258889253873268], [117.77325226302227, 1.258890426292744], [117.77334088900952, 1.258874937664163], [117.77427189621578, 1.258870548005966], [117.77431114979036, 1.25887036348833], [117.77620189389359, 1.258861446984428], [117.77628947789616, 1.258863561131123], [117.77662244233859, 1.258843650563653], [117.77699336640839, 1.258846134779323], [117.77701504118514, 1.258846280259467], [117.7770985477216, 1.258846839615031], [117.77769468605436, 1.258813713648042], [117.77783508162503, 1.258820212075316], [117.778975378858, 1.258804755639697], [117.77904877729279, 1.258808067181474], [117.77937083712594, 1.258775909788576], [117.78174296035141, 1.258769340368023], [117.78180957512289, 1.258771551117666], [117.78395886266037, 1.25871476328824], [117.78399228987482, 1.258713880195706], [117.78442650658633, 1.258702407293961], [117.7844995152095, 1.258688884319532], [117.78449950222719, 1.258687549072335], [117.78567521917907, 1.25871020604323], [117.78568886401956, 1.258710468775321], [117.78676749837224, 1.258731254020866], [117.78679233249706, 1.258731732272799], [117.78681713606238, 1.258732210533767], [117.78736574516319, 1.258771685265001], [117.78742776262364, 1.258783421325109], [117.78808325982435, 1.258791643343597], [117.78810883720627, 1.258791963948814], [117.78938309792404, 1.258807947340739], [117.78940058153378, 1.25880816636512], [117.78945338649312, 1.258808828757464], [117.7900250311462, 1.258837652776044], [117.79009135345983, 1.25883613899156], [117.79062810930634, 1.258808768202457], [117.79063959135328, 1.258808183015116], [117.79150474078224, 1.258764066448535], [117.79178909901077, 1.258776099035799], [117.79180528847307, 1.258776783424425], [117.79189542617185, 1.258780597884905], [117.79295662592268, 1.258825630179891], [117.79303625942394, 1.258823966600493], [117.79417755856484, 1.258833627776268], [117.79420056888952, 1.258833822457884], [117.7946765296221, 1.258837851434206], [117.79474466897267, 1.258838428501378], [117.7953605934284, 1.258843642011454], [117.79537627578586, 1.258843774702581], [117.79561977296001, 1.258845835796769], [117.79567195312347, 1.258843367296299], [117.79567194471558, 1.258842316108079], [117.79645572500999, 1.258815061871764], [117.79650148977278, 1.258813471018071], [117.7985516054931, 1.258742183198168], [117.79862135421297, 1.258759434871638], [117.8007656128469, 1.25870866791669], [117.8008294569814, 1.258707156438399], [117.80105145135033, 1.258701899722992], [117.80110211017663, 1.258712560600453], [117.80113296576518, 1.2587116482324], [117.8011306768997, 1.258618656672991], [117.80112878583637, 1.258618707917324], [117.80110426087317, 1.258075796071342], [117.80110275872077, 1.258042546564063], [117.80101291871976, 1.256053710327244], [117.80101141296785, 1.256020385734058], [117.80095696529897, 1.25481503468272], [117.8008946683639, 1.25347214391818], [117.8008918926674, 1.25341231291151], [117.80084263506588, 1.252350512672107], [117.8008934271451, 1.252338696953632], [117.80084005977564, 1.252349758091139], [117.80081801949441, 1.251819874880264], [117.80081674113038, 1.251792319090373], [117.80083909125975, 1.251160111277088], [117.80084096178955, 1.25110718303805], [117.80084782725788, 1.250912991303312], [117.80102354397174, 1.249547797698014], [117.80101845873146, 1.249500861204814], [117.8010215910044, 1.249500727261845], [117.80101252813533, 1.249452321047462], [117.80100370727673, 1.24915538985777], [117.80100232703514, 1.249108933494634], [117.80095022963889, 1.247355255051285], [117.80094652120951, 1.24723043783307], [117.80089782523808, 1.245591223049022], [117.80089525462365, 1.245504709667675], [117.80079573472717, 1.242154582554787]]]}},
{"type": "Feature", "properties": {"ba_code": "4321", "division": "01"}, "geometry": {"type": "MultiLineString", "coordinates": [[[117.76087066128196, 1.276957304473479], [117.76126012070259, 1.276854541807174], [117.76187234854424, 1.276737886059234], [117.76263860030858, 1.276707324643833], [117.76273037646511, 1.276703664186551], [117.76280252687746, 1.276711902065179], [117.76339042660784, 1.276721760798086], [117.76340609394991, 1.27672202298707], [117.76356981681874, 1.276724768510379], [117.76554163999816, 1.276757833939933], [117.76561656459982, 1.276746430140242], [117.76753918760305, 1.276716123874567], [117.76754309369088, 1.276715572676762], [117.76766142490446, 1.276707776172129], [117.76766143594962, 1.276705620399328], [117.76826399624512, 1.276690398642971], [117.7683124241418, 1.276698597352133], [117.76831252828237, 1.276695158764969], [117.76940835434466, 1.276724684069284], [117.76943629512864, 1.276725437365223], [117.76977752483651, 1.27673463070084], [117.77107338898593, 1.276788474250456], [117.77113296571818, 1.276790508905739], [117.77113296819203, 1.276786745584092], [117.77299243365057, 1.276796114797438], [117.773060955731, 1.276793387367668], [117.773081204874, 1.276792580629957], [117.77387134740633, 1.276761127562272], [117.77394203155971, 1.276726815624402], [117.77394202587223, 1.276725830468963], [117.77515069272096, 1.276676337356908], [117.77517071984134, 1.276675517101306], [117.77530644802539, 1.276669959399856], [117.77623170544449, 1.276711559819762], [117.77632394230787, 1.276767588017616], [117.77709361991859, 1.276777755595749], [117.77719860646124, 1.276776953806594], [117.77723071918783, 1.276776708829543], [117.77935080482567, 1.276760516646957], [117.7794192378375, 1.276763841137916], [117.78095587091245, 1.276756735399953], [117.78098807262099, 1.276756586240922], [117.78137727582386, 1.276754786403524], [117.78194124157035, 1.276771568649502], [117.78201369798242, 1.276767146291469], [117.78310286470924, 1.276754256223268], [117.78313740862627, 1.276753846687034], [117.78467560537717, 1.27673564190865], [117.7848138336948, 1.27672996986452], [117.78481111307757, 1.276700612369685], [117.78481105375684, 1.276700615101845], [117.78480590528468, 1.276647000390885], [117.78480143942322, 1.276431698894185], [117.78480062214629, 1.276392309244805], [117.78478170436831, 1.275480162304359], [117.78475095658425, 1.273997581881252], [117.78474268734031, 1.27359885461291], [117.78472708115227, 1.272846373132018], [117.78470515975428, 1.271789353231062], [117.78468889537685, 1.271005088250455], [117.78468382055514, 1.27076041772979], [117.78466068058222, 1.270518744379349], [117.78468580014047, 1.270022929795271], [117.78469822055455, 1.269777778085472], [117.7846692750041, 1.269287863805499], [117.78462082477844, 1.268467801091006], [117.78463927567896, 1.267608665477683], [117.78462287519568, 1.267531278389534], [117.78458185403939, 1.267034005782762], [117.78458058998133, 1.267017959635011], [117.78457934577636, 1.267002176731915], [117.78454762532994, 1.266599761095115], [117.78454705217912, 1.266481170894126], [117.78454694484745, 1.266459006302282], [117.78454278936255, 1.265599899263298], [117.78454264945309, 1.265571002338139], [117.78453879508517, 1.264774191537372], [117.78453821722441, 1.264654708454349], [117.7845351765604, 1.264025972580053], [117.78453452590962, 1.26389148694118], [117.78453229202343, 1.263027440857752], [117.78452861276587, 1.26160452296564], [117.78452839553782, 1.261539454870456], [117.78450824032018, 1.25955010870586], [117.7845079485864, 1.259521317668008], [117.7844995152095, 1.258688884319532], [117.78442650658633, 1.258702407293961], [117.78399228987482, 1.258713880195706], [117.78395886266037, 1.25871476328824], [117.78180957512289, 1.258771551117666], [117.78174296035141, 1.258769340368023], [117.77937083712594, 1.258775909788576], [117.77904877729279, 1.258808067181474], [117.778975378858, 1.258804755639697], [117.77783508162503, 1.258820212075316], [117.77769468605436, 1.258813713648042], [117.7770985477216, 1.258846839615031], [117.77701504118514, 1.258846280259467], [117.77699336640839, 1.258846134779323], [117.77662244233859, 1.258843650563653], [117.77628947789616, 1.258863561131123], [117.77620189389359, 1.258861446984428], [117.77431114979036, 1.25887036348833], [117.77427189621578, 1.258870548005966], [117.77334088900952, 1.258874937664163], [117.77325226302227, 1.258890426292744], [117.77325226537329, 1.258889253873268], [117.77269526761243, 1.25888567482022], [117.77263855271651, 1.258885309973828], [117.7720046446129, 1.258881236248738], [117.77129334545941, 1.258886462536525], [117.77084176785347, 1.25891676773031], [117.77077204568175, 1.258871533624686], [117.77030506904238, 1.258899842233896], [117.77027827154167, 1.258901466801132], [117.76989603750602, 1.258924637999188], [117.76852362399451, 1.258986453676932], [117.76796136841253, 1.259044133227268], [117.76788089668578, 1.259036460359197], [117.76728635970477, 1.259000015566162], [117.76699488967265, 1.259001151263014], [117.76694544802668, 1.259001344115257], [117.76515073332023, 1.25900833849234], [117.76492916965918, 1.258996430028006], [117.76480791551651, 1.258995696877469], [117.76479483488914, 1.25899792707261], [117.76472489243841, 1.258995629111643], [117.76470641544684, 1.25899508363624], [117.76327084088946, 1.258986406239258], [117.76318849086555, 1.258985908518698], [117.76231837815791, 1.258980648160072], [117.76225843968909, 1.258973060433345], [117.76126968198413, 1.258986277655371], [117.76124050131529, 1.258986667086002], [117.76041708344727, 1.258997673294845], [117.75968767452841, 1.259066951656704], [117.75962316009876, 1.259059075720384], [117.75866209087667, 1.25879991267189], [117.75851307707448, 1.258759730253349], [117.75814315798802, 1.258716433533475], [117.75773784729276, 1.258704266068633], [117.75754138254793, 1.25869836821619], [117.75693539681765, 1.258707724756691], [117.75690906040616, 1.259096132034122], [117.75686816878611, 1.259762198911165], [117.75678948164914, 1.259763001718363], [117.75660279810494, 1.259764906282584], [117.75624130879899, 1.259784334263279], [117.75610020831229, 1.25979191842602], [117.75602643338334, 1.259809062238014], [117.75590202547711, 1.259837972206879], [117.75583020442848, 1.259854661311166], [117.75579964956522, 1.259861761765508], [117.75557725244846, 1.25979458872942], [117.75519034042956, 1.259811879069356], [117.75516847710763, 1.259812856133756], [117.75416046053596, 1.259857902899527], [117.75406660592635, 1.259852585576319], [117.7540666648461, 1.259851187877729], [117.75358727867818, 1.259857071072591], [117.75333062079731, 1.259875169076194], [117.75329548513197, 1.259877646275883], [117.75239221385668, 1.259941338375201], [117.75237741969941, 1.259942382116026], [117.75236029946177, 1.259943589369554], [117.75152534242801, 1.259923321698846], [117.75119311513096, 1.259907670901165], [117.75118320109057, 1.259907203360506], [117.75106258505983, 1.259901520975456], [117.75100474506081, 1.259899819826891], [117.75003316116609, 1.259902116145842], [117.74999712956848, 1.259902200765763], [117.7491633747857, 1.259904171861573], [117.74885959828488, 1.259926016565487], [117.74840524932117, 1.259958690905548], [117.7483469277414, 1.259957754265258], [117.74722354107615, 1.259929542500685], [117.74640541711095, 1.2599791841501], [117.74637988584331, 1.259980733034688], [117.74580299922819, 1.260015736462702], [117.74570162541185, 1.260119432214482], [117.74560217052408, 1.260169283555056], [117.74515697339994, 1.260330330003935], [117.74493504857145, 1.260344805873533], [117.74477800741921, 1.260397515278239], [117.74431353614214, 1.260423119337275], [117.74422082503678, 1.260425631980477], [117.74419469220521, 1.26042633969517], [117.74403714291114, 1.260430609715138], [117.74388676475708, 1.260388788446435], [117.74388606137217, 1.26039015195661], [117.7437650288312, 1.260624691102144], [117.74372844410486, 1.260671246781789], [117.74368017990213, 1.260732665605148], [117.74362876648851, 1.260798091125851], [117.74353066481592, 1.26092292940888], [117.74355752460069, 1.261127406138548], [117.74369830030211, 1.261088414133884], [117.74371514663913, 1.261094218954143], [117.74373792213906, 1.261102067483641], [117.74379316087433, 1.261277148472899], [117.74379683584067, 1.261288797502415], [117.74380792572865, 1.261315212815173], [117.74385510474228, 1.261464746982642], [117.74387569826749, 1.26148963251049], [117.74387454764687, 1.261492313320291], [117.74391967555717, 1.261546846224532], [117.7440425264157, 1.261695301069187], [117.74404971375675, 1.262022573412875], [117.74396634321809, 1.262117310675991], [117.7439643794698, 1.262121046542219], [117.74395158447336, 1.26213558524126], [117.74394719601615, 1.262424986835817], [117.74402085015636, 1.26254135430814], [117.74417883876933, 1.262697130278235], [117.74418807403471, 1.262772761802604], [117.74418717180595, 1.262786042327549], [117.74419050158286, 1.26281331023927], [117.74423714888584, 1.262891200750103], [117.74426299962262, 1.262897196559498], [117.74431668069118, 1.262882172038573], [117.74439621652495, 1.262884150202267], [117.74441710331631, 1.262916164274488], [117.74442109362612, 1.262965194258089], [117.74443800519916, 1.263001212552332], [117.74437541937445, 1.263170337752354], [117.7443943117257, 1.263180338641484], [117.74440724808136, 1.263220360253587], [117.74441123754056, 1.263266388607948], [117.74441721123726, 1.263295405348634], [117.74441324451666, 1.263332430204512], [117.74442050084383, 1.26335835990893], [117.74443861002395, 1.263379921546864], [117.74448479955468, 1.26338098023819], [117.7446262311245, 1.263388201981271], [117.74463712534333, 1.263387066217174], [117.74466793874856, 1.263397287112912], [117.74469462454363, 1.263412944336539], [117.74473783898772, 1.26347079690887], [117.74474458188094, 1.263514911129644], [117.74475130648622, 1.263542149108241], [117.74475326415788, 1.263554953865354], [117.74476756166163, 1.263567737873872], [117.74477138046971, 1.263595230897236], [117.74476376517345, 1.263621767385925], [117.74476694777918, 1.263643506113696], [117.74476727307407, 1.263671638827978], [117.74475743602103, 1.26370489027077], [117.7447380689065, 1.26373526677163], [117.74452338305333, 1.264021923678966], [117.74449608471717, 1.264058373576412], [117.74450080882441, 1.264099158364528], [117.7445043630267, 1.264115936789604], [117.74450918446563, 1.264138697300304], [117.74451118882425, 1.264148162076234], [117.74452219196341, 1.264179143168047], [117.7445328824072, 1.264213602729598], [117.74454702888974, 1.264251538768626], [117.74455288221637, 1.26437226173304], [117.74457916284307, 1.264379101444532], [117.74460104791778, 1.264409974454513], [117.74463879993876, 1.264416139603479], [117.74466867863886, 1.264410760975502], [117.74467668490692, 1.264412570678439], [117.7447920742222, 1.264438650994571], [117.74482582188294, 1.264434881524841], [117.74485183001231, 1.264422254146872], [117.7448957146688, 1.264419019111498], [117.74493587012236, 1.26443149349563], [117.74497469401152, 1.264455111742526], [117.74500618190224, 1.26448235703984], [117.74502908996486, 1.264526299225999], [117.74505245757491, 1.264571123312501], [117.74507648335826, 1.264601025910919], [117.74508951702175, 1.264626015816137], [117.74510946443897, 1.264626010053551], [117.74512320699264, 1.264659487179839], [117.74513492934204, 1.264697283688581], [117.74513319250656, 1.264815900993136], [117.74513413935051, 1.264826724856734], [117.74513350451902, 1.264847844998944], [117.74513546854317, 1.264870293321039], [117.74513089523401, 1.264882427808262], [117.74512116213288, 1.264908252950226], [117.74511146443814, 1.264944767426423], [117.74510804093066, 1.264957659678195], [117.74511496205955, 1.264986881491727], [117.74511349994695, 1.265009851882344], [117.74511584297638, 1.2650092079991], [117.74511539915189, 1.265016177550927], [117.74510653873591, 1.265054377148343], [117.74511443041555, 1.265076697106412], [117.7451321803999, 1.265102487166552], [117.74514838151197, 1.265136982216224], [117.74513770836971, 1.265160076492044], [117.74522622474869, 1.265314710771054], [117.74524263812117, 1.265343383429988], [117.74527093230282, 1.265363514567224], [117.74528405373016, 1.265403095541762], [117.74530385807364, 1.265430845380805], [117.74530495863502, 1.265438581628994], [117.74531380005627, 1.265500744807931], [117.74532372849963, 1.265526358909538], [117.74533497271253, 1.26562404518719], [117.74533931005439, 1.265707839848051], [117.74536996005246, 1.265784680090728], [117.74540656541132, 1.26580417194531], [117.74540800373579, 1.265804937767723], [117.74542609695919, 1.265814571578678], [117.74542467190477, 1.265816210311944], [117.74542464046041, 1.265816260076787], [117.7454335922327, 1.265821026801555], [117.7454288230819, 1.26573592957186], [117.74544195095014, 1.26565954527648], [117.74545368878587, 1.265562650255819], [117.74546424661226, 1.265500856898435], [117.74546755901976, 1.265438841283617], [117.74548944706142, 1.265303725487942], [117.74549156762679, 1.265235363194336], [117.74550917700111, 1.265099172103805], [117.74553100522664, 1.264937113139366], [117.74559508601138, 1.264923508578886], [117.74574686144273, 1.265129886790668], [117.74582903930191, 1.265444690212616], [117.74583829195106, 1.265480136239425], [117.7459758211225, 1.266006976251297], [117.74606708950101, 1.2661889735037], [117.74607816383696, 1.266211058225578], [117.74637061848395, 1.266794240989157], [117.74637948770265, 1.26680261456994], [117.74639887051933, 1.266820913633559], [117.7465048965724, 1.266921013142087], [117.74669042002223, 1.267007801185218], [117.74732751635074, 1.267419009306136], [117.74735921447835, 1.267439468701021], [117.74738101390834, 1.267453538716577], [117.7483499798707, 1.267193136072276], [117.74836122858422, 1.267190113082416], [117.74868423722107, 1.267103305806159], [117.74876804420589, 1.267155100642122], [117.7489663850002, 1.267277106348684], [117.74934263364338, 1.26720769618931], [117.74937538295725, 1.267201654454683], [117.74995222307878, 1.267095239950337], [117.75017773576498, 1.26690723342392], [117.7502463344636, 1.266817310329399], [117.75026519169272, 1.266792591635426], [117.7502995170959, 1.266747596156732], [117.75053937032493, 1.266359634533367], [117.75066578099114, 1.266261013587499], [117.75082475905633, 1.266261459381626], [117.75085649483182, 1.266278500046832], [117.75092884193604, 1.266321091532825], [117.75095475826951, 1.266336348115894], [117.75096271417614, 1.266369292200072], [117.7509536943227, 1.266396553706877], [117.75095074709392, 1.266430857038561], [117.75094760927928, 1.266465031061057], [117.75095098899446, 1.266506216020481], [117.75095144269133, 1.266511749624759], [117.75096771339031, 1.266553542367574], [117.75097493522685, 1.266562409438176], [117.75099276683339, 1.266584303070925], [117.7510172780144, 1.266623467214169], [117.75104976893742, 1.266653471269981], [117.75105037310217, 1.266654030166693], [117.75105297770764, 1.266653470334101], [117.7510981979019, 1.266643757500753], [117.75114675909556, 1.266646891513597], [117.75118631097635, 1.266673302956081], [117.7512323087114, 1.266682549521479], [117.75128864754205, 1.266670737370088], [117.75134469681419, 1.266677166638507], [117.75138082566146, 1.266717978368463], [117.75141937031704, 1.266751827215972], [117.7514631963593, 1.26676053523906], [117.75146402732986, 1.266759030565818], [117.75148146603674, 1.266727464998327], [117.75148105970648, 1.266720996878957], [117.75150027748244, 1.266584441791955], [117.75156626442278, 1.266614001831544], [117.75186063007662, 1.266932433623478], [117.75229433516824, 1.267193520560794], [117.75230209508868, 1.267198191706888], [117.75250877040195, 1.267322608205063], [117.75338125089573, 1.267968656293251], [117.75339175849761, 1.267976436809451], [117.75342917340018, 1.26800414155965], [117.75385022149554, 1.26795724698615], [117.75417227572207, 1.267984466627479], [117.75423843053107, 1.267982129522777], [117.75419666132038, 1.268052256519712], [117.75420584770694, 1.268094339864497], [117.75427250864993, 1.268399697843736], [117.75427481006832, 1.268398152934426], [117.75427641738887, 1.268417603301131], [117.75427854411018, 1.26842734573702], [117.75428501778676, 1.268469112344074], [117.7543168125542, 1.26867421929994], [117.7548228304691, 1.269102881152019], [117.75484868857535, 1.269118685898948], [117.7549591914387, 1.269186227926824], [117.75497766686597, 1.269208883025001], [117.75498781630257, 1.269221327998612], [117.75516953152166, 1.269444158132146], [117.75518234750092, 1.269455760092961], [117.75520707192288, 1.269486078431775], [117.75523762303702, 1.269527654304523], [117.75539517223929, 1.269720849809965], [117.7554106316793, 1.269735693248649], [117.75544426294384, 1.269776934394274], [117.75545003809127, 1.269784016088233], [117.75564043814992, 1.270017494908263], [117.75565259386136, 1.270036513360401], [117.75588885978365, 1.270326235064412], [117.75589439187054, 1.270328905765154], [117.75598954203784, 1.270445584541862], [117.75600036224061, 1.270458851632774], [117.75613671713106, 1.270626057309795], [117.75613840840617, 1.270628131168709], [117.7562047002973, 1.270800342079271], [117.75626778280231, 1.270964212172528], [117.75631870504033, 1.271096494643788], [117.75635844475697, 1.271199729458357], [117.75636403242385, 1.271214243786854], [117.75637339887281, 1.271238576046516], [117.75641878473158, 1.271356476244408], [117.75641714080223, 1.271359580575023], [117.75641769759041, 1.271361027847025], [117.75641191705937, 1.271369444583337], [117.75640811176741, 1.271376631321205], [117.75640663965238, 1.271377130216066], [117.75628848825245, 1.271549170225607], [117.75637290999792, 1.271594001381083], [117.75637379834794, 1.271592012703693], [117.75640579394829, 1.27160900431119], [117.75656526454796, 1.271571945433731], [117.75660575615676, 1.271562535107117], [117.75682135794806, 1.271544544104662], [117.75685232642593, 1.271429606738653], [117.75685428594754, 1.271429961687021], [117.75705156482356, 1.271465676856791], [117.75718097790532, 1.271739526102753], [117.75725722853005, 1.271839887791863], [117.75738455547376, 1.271848469672388], [117.75749471552996, 1.271803263570074], [117.75760312406175, 1.271811395085819], [117.7576443167792, 1.271814459622553], [117.75766957634322, 1.271814964190598], [117.75775039151144, 1.271820975216205], [117.75775039910302, 1.271822350277893], [117.75777937575073, 1.27182450563251], [117.7578116561187, 1.271763914578044], [117.75781483982385, 1.271739605764239], [117.7578300462716, 1.271623480743316], [117.75783275376706, 1.271602809657157], [117.75781048936105, 1.271233454166613], [117.7578214319788, 1.271228792905689], [117.75784710386553, 1.271222354185555], [117.75788305384165, 1.271213297094041], [117.75789275362173, 1.270950445339088], [117.75860896004778, 1.271036261150549], [117.75861202960888, 1.271036628434534], [117.75872343445751, 1.271049977038976], [117.75882641546023, 1.2711890541732], [117.75882974598485, 1.271193551998255], [117.7589548906383, 1.271362560050274], [117.75895643271497, 1.271364643900928], [117.75899759041826, 1.271420227714655], [117.75896106761907, 1.271437529943993], [117.7589556404247, 1.271440101651929], [117.75885202225578, 1.271489190411917], [117.75885200070799, 1.271489271836525], [117.75884964434016, 1.271490387963433], [117.7588234936122, 1.271586844649189], [117.758822639759, 1.271589995787604], [117.75879289674013, 1.271699702093747], [117.75883733226202, 1.271705468737689], [117.75894630247755, 1.271719610505515], [117.7589688950582, 1.271722542113758], [117.75899600705381, 1.271726060404951], [117.75900904756148, 1.271727752759088], [117.75901420246294, 1.27172842157703], [117.7594087389302, 1.271779621793162], [117.75937786032003, 1.271967839121004], [117.75937579761826, 1.271980409801583], [117.75935581211884, 1.272102231863621], [117.75925922520139, 1.272138405637493], [117.75924445128136, 1.272144245890215], [117.75915862200216, 1.272176389892584], [117.75914885936724, 1.272318859310205], [117.75914074084277, 1.272437325241925], [117.75929754074846, 1.272451782101314], [117.75930654981985, 1.272452613517198], [117.75935580092577, 1.272635680478045], [117.7595947955986, 1.272579049322389], [117.75954578735286, 1.272780696982857], [117.7595102630866, 1.27292686589007], [117.7594644761489, 1.272968614443707], [117.75936202141207, 1.273062034230104], [117.75934864406726, 1.273140984926997], [117.75932304505571, 1.273292056799292], [117.7592787568881, 1.273553427869075], [117.7592723907831, 1.273590994317864], [117.75926786766469, 1.273617689982133], [117.75926227531066, 1.273621030692158], [117.75900408790429, 1.273775258176124], [117.75884331061197, 1.273871297927929], [117.75889458959169, 1.273993222821657], [117.7589430416329, 1.274108427021801], [117.75895324580327, 1.274132689344453], [117.75894615108852, 1.27417446081148], [117.7589336862116, 1.274247846762062], [117.75893496853034, 1.274249919832911], [117.75897975076875, 1.274322310885722], [117.75901216303957, 1.274374704763302], [117.75911167404558, 1.274535564008889], [117.7592094216545, 1.274693575032776], [117.75931055605433, 1.27471670760506], [117.75938941539411, 1.274734746383653], [117.7594805945181, 1.274727252365929], [117.75952469118148, 1.274723628831082], [117.75974931703352, 1.274705168864699], [117.75982660887325, 1.274698817004926], [117.7598991344039, 1.274692857365954], [117.76018954659423, 1.274668990655299], [117.76039836620377, 1.274651829882735], [117.76041389557358, 1.2746505533347], [117.76041389977364, 1.274649550984866], [117.76041627348961, 1.274649355780447], [117.76045244475722, 1.274647015566082], [117.7604524351765, 1.274648059531252], [117.76046708177967, 1.274793398435707], [117.76047980922152, 1.274919693286576], [117.76049831761186, 1.275103353684905], [117.7605044735574, 1.275164444456781], [117.76054554596607, 1.275572008153284], [117.76054704055744, 1.275586836677527], [117.76057357273312, 1.275850118970064], [117.76061126120344, 1.276224099553717], [117.7606183772061, 1.276294708728249], [117.7606444271647, 1.276553202858568], [117.76067950963653, 1.276901332115065], [117.76067954569211, 1.276901682202583], [117.76069423641587, 1.276952172490624], [117.76070711825737, 1.276952168654267], [117.76071372886459, 1.276994322315203], [117.76087066128196, 1.276957304473479]]]}},
{"type": "Feature", "properties": {"ba_code": "4321", "division": "04"}, "geometry": {"type": "MultiLineString", "coordinates": [[[117.79551087698593, 1.276609882383914], [117.7941509660517, 1.276628289673013], [117.79412804830103, 1.276628599850656], [117.79408005386757, 1.276629248920147], [117.79306602234354, 1.276650284654394], [117.792988021512, 1.276649241390604], [117.7919541418395, 1.276663292701579], [117.79192219376948, 1.276663726880726], [117.79120986543971, 1.27667340649583], [117.79022120930361, 1.27668862004868], [117.79016211191757, 1.276683709846643], [117.78968672680008, 1.276675667120466], [117.78920906520881, 1.276647861325277], [117.78866937593864, 1.276650185546256], [117.78864586667557, 1.276650286885825], [117.78808213956468, 1.276652715199807], [117.78753087820375, 1.276664721504065], [117.78747074118583, 1.276672696357315], [117.7864518666277, 1.276683728385517], [117.78642626497259, 1.276684005849388], [117.78577984289872, 1.276691004937405], [117.78481400536587, 1.276729963479303], [117.78467560537717, 1.27673564190865], [117.78313740862627, 1.276753846687034], [117.78310286470924, 1.276754256223268], [117.78201369798242, 1.276767146291469], [117.78194124157035, 1.276771568649502], [117.78137727582386, 1.276754786403524], [117.78098807262099, 1.276756586240922], [117.78095587091245, 1.276756735399953], [117.7794192378375, 1.276763841137916], [117.77935080482567, 1.276760516646957], [117.77723071918783, 1.276776708829543], [117.77719860646124, 1.276776953806594], [117.77709361991859, 1.276777755595749], [117.77632394230787, 1.276767588017616], [117.77623170544449, 1.276711559819762], [117.77530644802539, 1.276669959399856], [117.77517071984134, 1.276675517101306], [117.77515069272096, 1.276676337356908], [117.77394202587223, 1.276725830468963], [117.77394203155971, 1.276726815624402], [117.77387134740633, 1.276761127562272], [117.773081204874, 1.276792580629957], [117.773060955731, 1.276793387367668], [117.77299243365057, 1.276796114797438], [117.77113296819203, 1.276786745584092], [117.77113296571818, 1.276790508905739], [117.77107338898593, 1.276788474250456], [117.76977752483651, 1.27673463070084], [117.76943629512864, 1.276725437365223], [117.76940835434466, 1.276724684069284], [117.76831252828237, 1.276695158764969], [117.7683124241418, 1.276698597352133], [117.76826399624512, 1.276690398642971], [117.76766143594962, 1.276705620399328], [117.76766142490446, 1.276707776172129], [117.76754309369088, 1.276715572676762], [117.76753918760305, 1.276716123874567], [117.76561656459982, 1.276746430140242], [117.76554163999816, 1.276757833939933], [117.76356981681874, 1.276724768510379], [117.76340609394991, 1.27672202298707], [117.76339042660784, 1.276721760798086], [117.76280252687746, 1.276711902065179], [117.76273037646511, 1.276703664186551], [117.76187234854424, 1.276737886059234], [117.76126012070259, 1.276854541807174], [117.76087066128196, 1.276957304473479], [117.76071372886459, 1.276994322315203], [117.76071024571272, 1.27699963181919], [117.76070820915196, 1.277000169785843], [117.76077741647597, 1.277239356743748], [117.76077921323981, 1.277245567512331], [117.76087741444537, 1.277584959858549], [117.76091689918142, 1.277721424887872], [117.76091954259338, 1.277730558316767], [117.76117887972947, 1.278626855465781], [117.76128552572429, 1.278854050946825], [117.76128994168955, 1.27886345885724], [117.76141161009411, 1.279122658038359], [117.7614138528779, 1.279285055889114], [117.76142576276118, 1.279850843578149], [117.76146213784672, 1.279902425603538], [117.76147130153085, 1.279915420826043], [117.76161442082764, 1.280118375292507], [117.76185029457976, 1.280263582846686], [117.76185131698988, 1.280262077209342], [117.76185150562061, 1.280261667348123], [117.76200386224355, 1.280355459846412], [117.76205408472438, 1.280386377396312], [117.76218573872005, 1.280467426887526], [117.76225930042465, 1.280633972877348], [117.76225453070666, 1.280808417252473], [117.76225386380598, 1.280832827523397], [117.76225266248562, 1.280876763840223], [117.76224609480546, 1.281116982872882], [117.76224554741015, 1.281116931471913], [117.76224374801528, 1.281117062279714], [117.7622418602321, 1.281186110878996], [117.76224145919353, 1.281200755413492], [117.7623726860863, 1.281515141313114], [117.7623789561887, 1.281530162895732], [117.76256747126358, 1.281981793572547], [117.76306131671579, 1.28215691979335], [117.76333200175185, 1.282252909285075], [117.76340452336859, 1.282287895514676], [117.76345971793866, 1.282342324166618], [117.76387741836373, 1.282754226994721], [117.76402860791725, 1.283109562673214], [117.7640663369115, 1.283158700745471], [117.76406880422209, 1.283161913306105], [117.7641326198164, 1.283245025653142], [117.76414075043581, 1.283253805511145], [117.76414267182622, 1.283255880191198], [117.76425979842416, 1.283382350654069], [117.76426226197592, 1.283385010476737], [117.76458648252436, 1.283735095918448], [117.76458968468208, 1.28376726054067], [117.76459069437115, 1.283777401316154], [117.76462307476271, 1.284102635251999], [117.76462398979488, 1.284111827082363], [117.76463860867405, 1.284258668403219], [117.76463914597332, 1.284264063548868], [117.76464702426685, 1.284343193257032], [117.76456421802729, 1.284603662092979], [117.76456137323, 1.284612611705775], [117.76435585185828, 1.285259090073713], [117.76434886288672, 1.285281074167803], [117.7642784119336, 1.285502682053799], [117.76408410168393, 1.285808200591609], [117.76406603174682, 1.285853288157617], [117.76404582928336, 1.285899626586854], [117.76404702330443, 1.285900935249804], [117.76404094754311, 1.285913889799831], [117.76403602912507, 1.285913623506152], [117.76401630781474, 1.285912556536394], [117.76399688995782, 1.285913343999175], [117.76397458917121, 1.285988305152762], [117.76397002413667, 1.286003650227043], [117.76393665875246, 1.286093282642996], [117.76391613802159, 1.286148409804626], [117.76393414130862, 1.286238868973053], [117.7639587495857, 1.28626137095918], [117.76399244200529, 1.286292181189814], [117.76399757504318, 1.286370350095562], [117.76400550077553, 1.28642152804918], [117.76404962153866, 1.286592115589778], [117.7640926209871, 1.286606967771362], [117.76410019585875, 1.286581526846221], [117.76415746047735, 1.286496715319988], [117.76427194234115, 1.28648508506226], [117.76429374976684, 1.286510154366443], [117.76433870419395, 1.286555373105595], [117.76442859151068, 1.286573438920519], [117.76450051590608, 1.286636742437996], [117.76450923428199, 1.286654279081374], [117.76451608738965, 1.286668063816455], [117.76453649022496, 1.286709103251773], [117.76454005815117, 1.286783274988063], [117.76444115277489, 1.286843043103313], [117.76436658835317, 1.286872717166265], [117.76426611656298, 1.286924229048977], [117.76415422566022, 1.286952912920836], [117.76416696665389, 1.286986890291765], [117.76415008404715, 1.286998706438514], [117.76416465201252, 1.287088950421676], [117.76419727551566, 1.28729105294187], [117.76419948169237, 1.287304717856697], [117.76420411286453, 1.287333409112334], [117.76435080407825, 1.287593772590532], [117.76435699302762, 1.287604756741908], [117.76441993465947, 1.287686155871443], [117.7644316891467, 1.287688240246626], [117.76457274209275, 1.287713249125467], [117.76464465305823, 1.287731320333334], [117.76473454850559, 1.287776525480759], [117.7647493564955, 1.287794399523363], [117.76474378394859, 1.287809932163848], [117.76474541486903, 1.287814495609125], [117.76475289452128, 1.287828480078339], [117.764779584907, 1.287840316545604], [117.76479545673531, 1.287862996649002], [117.76479174048318, 1.287900412108947], [117.76480324063381, 1.287935759476876], [117.76481753440066, 1.287965357881985], [117.76480350036407, 1.288032140353247], [117.7647962509707, 1.288057893283054], [117.76480771736732, 1.288082520608906], [117.76480965646451, 1.288086685012124], [117.76483039986502, 1.288118293400627], [117.76486917743372, 1.288120584011084], [117.76487484549148, 1.288120918827183], [117.76490779786008, 1.288126396454064], [117.76494198697777, 1.288128769867463], [117.7649421604718, 1.288128843091347], [117.76494321826806, 1.288140514510461], [117.76494448528037, 1.288154499045383], [117.76495039739902, 1.288219736687599], [117.76495041497495, 1.288278668016158], [117.76495042368455, 1.288307869976235], [117.76495042617874, 1.28831623252019], [117.76495042977625, 1.288328294160017], [117.7649464916064, 1.288338873371891], [117.7649042548475, 1.288452339558823], [117.76490397175002, 1.288452442773964], [117.76485967395206, 1.288460292199328], [117.76484539782709, 1.28849288004166], [117.76484363793769, 1.288495893948241], [117.76483363446042, 1.288500212130683], [117.76482593503493, 1.288517846001816], [117.76482516257705, 1.288519613912934], [117.76481581134954, 1.288541029702251], [117.76478699775971, 1.288552692053906], [117.7647782428193, 1.288590415711582], [117.7648192026003, 1.288598295465063], [117.76483532918213, 1.288625258080836], [117.7648377185389, 1.288629254083586], [117.76486770700167, 1.288630030254339], [117.76492357042292, 1.288681114093935], [117.76500502157434, 1.288666324755013], [117.76500966462676, 1.288665481126562], [117.76510447241573, 1.288648266916309], [117.76518784257985, 1.288751061022605], [117.76519075223244, 1.288754649776763], [117.7652067301435, 1.288774349937071], [117.76529214329176, 1.288870978257332], [117.76556178115874, 1.288843757336979], [117.76570557612358, 1.288789435103119], [117.76577747900626, 1.288780366892978], [117.76584039098715, 1.288762254946805], [117.76584102406379, 1.288763284241813], [117.76593212266008, 1.288939473470446], [117.76593241247622, 1.288934782795952], [117.76593369313571, 1.288937259327639], [117.76593405630567, 1.288937415721371], [117.76593428563746, 1.288937859832889], [117.76593450057972, 1.288938275904749], [117.76593454083226, 1.288937625452464], [117.76595517680578, 1.288946540820034], [117.76595519165342, 1.288996231181741], [117.7659552015109, 1.289029219980349], [117.7659552549848, 1.289208159741956], [117.76595525652992, 1.289213329790335], [117.7659542865874, 1.289215949937247], [117.76594193689213, 1.289249338712378], [117.76594308535718, 1.28925459435485], [117.76595977859317, 1.28933095042451], [117.76595978600547, 1.289331692231533], [117.76595980558099, 1.289397184938569], [117.7659606421353, 1.289423421212977], [117.76596424056305, 1.289536183275507], [117.76596670595083, 1.289605082136472], [117.76596704494276, 1.289614559099642], [117.76596887404048, 1.289665664681642], [117.7659618145586, 1.289701244716326], [117.76595924727386, 1.289703400359345], [117.76594854676537, 1.289757332230098], [117.76596164933414, 1.289788955571595], [117.76596369535031, 1.289786957494721], [117.76599555545297, 1.289863851754518], [117.76599589815069, 1.289864678496646], [117.76601821180137, 1.289872157678493], [117.76602151170094, 1.289873263060256], [117.76606540690346, 1.28980252910575], [117.76606760784094, 1.289801615651778], [117.76621818737718, 1.289739157641298], [117.76621819989599, 1.28973894142725], [117.76622712958373, 1.28958536521329], [117.76625581468707, 1.289534805842992], [117.76626609665367, 1.289533017862781], [117.76627955488519, 1.289530677991239], [117.76657388155554, 1.289479502581715], [117.76665407058162, 1.289458157598141], [117.76666644365038, 1.289454864557721], [117.76667907037483, 1.289461214054753], [117.7667463768005, 1.289449511064581], [117.76679334552925, 1.289449496827258], [117.76685497662066, 1.289488240384739], [117.76685506203779, 1.289488338060535], [117.76693736090655, 1.289540132998422], [117.76700126349577, 1.289552443936278], [117.76712566374697, 1.289576409161663], [117.76722370441247, 1.28956770840043], [117.76735785708985, 1.289493416238408], [117.767358025177, 1.289493442422132], [117.76742149559536, 1.289458293081359], [117.76748045366678, 1.289458256196236], [117.7674923621273, 1.289458248059886], [117.76759574255706, 1.289458182314474], [117.76768352470536, 1.289439576074293], [117.76768358651225, 1.289438869527719], [117.76769135985931, 1.289350043685331], [117.76765639888559, 1.289267413155054], [117.76766537817605, 1.28911464391672], [117.76765552162539, 1.289078313645824], [117.76785816086903, 1.28896253720056], [117.76786992170702, 1.288955817546909], [117.7680512068324, 1.288852241287054], [117.7680517155254, 1.288852111768433], [117.76805358474981, 1.288851043720027], [117.7681148148445, 1.288835441721633], [117.76823253970551, 1.288806091872071], [117.76830924207842, 1.288775515108743], [117.76835313047262, 1.288757335609607], [117.7683674864788, 1.288751550570006], [117.76858491260124, 1.288778321747977], [117.76865613166856, 1.288746087523558], [117.76865612985246, 1.28874602600826], [117.76867249425042, 1.288738681654281], [117.76867431591089, 1.288737860588107], [117.76867665791741, 1.288736805060883], [117.7686773930495, 1.288736464691142], [117.76870760256764, 1.288740140134639], [117.76873617098526, 1.288768275864369], [117.76873618047914, 1.2892105413621], [117.76873368331526, 1.289218719205861], [117.76873472805251, 1.289222746367401], [117.76871682764815, 1.28947605237187], [117.76871688735896, 1.289675074226304], [117.76872591084229, 1.289792675317035], [117.76871700680826, 1.290073117934226], [117.76873501035419, 1.29016357694713], [117.76873510812203, 1.290489249069242], [117.76874095299607, 1.290710254745516], [117.76874159940056, 1.290734708908803], [117.76874419954713, 1.290833011351646], [117.76874425117113, 1.291004893859363], [117.76875327741422, 1.291131541392929], [117.76878028549848, 1.291276276350192], [117.76879308164435, 1.291302015029437], [117.76879795824487, 1.291306675180084], [117.76881729397964, 1.291346615697205], [117.7688677403167, 1.291385690044992], [117.76886580284504, 1.291386969802566], [117.7689186145165, 1.291427831911151], [117.76893313383808, 1.291439065893413], [117.768939271777, 1.291441711015456], [117.76899605939933, 1.291466186079183], [117.76917579893086, 1.291384713317103], [117.76928363013032, 1.291294216002665], [117.7693734822037, 1.29119467771682], [117.7695172743408, 1.291131308790233], [117.76974196024628, 1.29106791521429], [117.76986779228984, 1.291058830426426], [117.76999362432882, 1.291049745632834], [117.7701104844996, 1.291094942242392], [117.77018023727827, 1.291109445046804], [117.77037115854219, 1.29114914143773], [117.77037250156859, 1.291149771565407], [117.77050600055553, 1.29121242542804], [117.77061389977862, 1.291348089183471], [117.77063598445963, 1.291436886868283], [117.77063908550679, 1.291440265673747], [117.77064603006308, 1.291468033425501], [117.77064561439295, 1.291475606331024], [117.77064989616306, 1.291492821313033], [117.7706425902808, 1.291530699196207], [117.77064180006056, 1.2915450950445], [117.77061127182068, 1.291703816088137], [117.7706002106023, 1.291750421318349], [117.77058707688661, 1.291818512487183], [117.77056015862513, 1.29197231026148], [117.77058808517211, 1.292217592464014], [117.77059620683669, 1.292288924818466], [117.77057830132998, 1.292524137844266], [117.77058731134717, 1.29259650664943], [117.77058845210632, 1.292623859130814], [117.77058732225576, 1.292632692424301], [117.77059436603325, 1.292864310011005], [117.77058744499838, 1.293039782390878], [117.77049681055703, 1.293197457040368], [117.77048862659647, 1.293211695025815], [117.77046602209177, 1.29328001796791], [117.7701560930479, 1.293311307486544], [117.77015434679873, 1.293311835427567], [117.77011704195438, 1.293323111453131], [117.77006621918102, 1.29333847426688], [117.77005918681337, 1.293413035409721], [117.77005768608358, 1.293428941328671], [117.77004827003974, 1.293428944203957], [117.76994941068712, 1.293465160172979], [117.76985953953563, 1.293501373395713], [117.76966385491657, 1.293588979211718], [117.7696348616388, 1.293591906445211], [117.76962540495619, 1.293606192766118], [117.7696168906769, 1.293610004823582], [117.76958723531827, 1.293629011413003], [117.76955529715589, 1.293639737581807], [117.76950904582095, 1.293655269972674], [117.76947702331306, 1.293675427087446], [117.76944560559639, 1.293695204066775], [117.76929336971583, 1.293791032495875], [117.76930415973231, 1.29382574765842], [117.76930646654463, 1.293833168659758], [117.76930237154959, 1.293836261985041], [117.76914961560242, 1.293981051755654], [117.76902374323788, 1.294119415774734], [117.76869640550504, 1.294245893609629], [117.7686892474043, 1.294705894127885], [117.76868708799857, 1.294844689017506], [117.76868626266723, 1.294897687887586], [117.76877083529602, 1.29493887679127], [117.76882108052065, 1.294951502962193], [117.76882260409693, 1.294951748560544], [117.76882426163822, 1.29495212891007], [117.76907708226334, 1.29498840216426], [117.76910080327563, 1.295004033515034], [117.76912079253925, 1.295017205371254], [117.76913004266838, 1.29504224763645], [117.76914651168805, 1.295119485698741], [117.76951291881042, 1.295297936154406], [117.76954333070154, 1.295337562057193], [117.76955179683, 1.295352888673564], [117.76958791308753, 1.295399945392084], [117.76996365947419, 1.295889522766536], [117.77035639865412, 1.295984864299085], [117.77070868228715, 1.29614993908652], [117.77101100134375, 1.296157469012464], [117.77103737600027, 1.296233547852499], [117.77100933263091, 1.296280623280888], [117.77098391794843, 1.296323520256527], [117.77094798972139, 1.296404949256803], [117.770907694013, 1.296566251551299], [117.77093905623923, 1.296585880864694], [117.77094160199222, 1.296586840816831], [117.7709393685828, 1.296593318754838], [117.77094104696965, 1.296623977542195], [117.77094307649838, 1.296623943448359], [117.77103587665545, 1.296622389776038], [117.77108288409289, 1.296640115442732], [117.77128068778627, 1.296848122986606], [117.77137958279765, 1.296929510641003], [117.7714413938883, 1.297012724380052], [117.77152944119219, 1.297047155267738], [117.77174815439885, 1.297110326403201], [117.77192781086663, 1.297196407855771], [117.77209221733143, 1.297316079788011], [117.77213130492035, 1.297344532410709], [117.77227587863241, 1.297401068969157], [117.77243114202774, 1.297398326335715], [117.77258414883036, 1.297408602213432], [117.77288074340673, 1.297354232414731], [117.7729796137495, 1.297354202018925], [117.77307847859797, 1.297336078743145], [117.77310485226025, 1.297293133520838], [117.7731318683479, 1.297293842596231], [117.77313922527489, 1.297300010005224], [117.77321330178478, 1.297336037283333], [117.77359081218052, 1.297354014031296], [117.77369860960424, 1.297362877127093], [117.77374636446771, 1.29736153893681], [117.7738625010652, 1.297358286279168], [117.77394970364205, 1.297337072680954], [117.77404921369504, 1.29736291937905], [117.77415708047076, 1.297390025476631], [117.77418135040733, 1.297386964830804], [117.77420545856201, 1.297383924136757], [117.77420333984887, 1.297383293347949], [117.77422982259773, 1.297379953390063], [117.77424029994131, 1.29736742265838], [117.7742412618308, 1.297367919011517], [117.77436323301085, 1.297430847356228], [117.774445857422, 1.297455420068957], [117.77482390019543, 1.297285498375257], [117.7754334438567, 1.297011521948401], [117.77545363310209, 1.29700244757779], [117.77546995032465, 1.2969966446869], [117.77547177331628, 1.296994293861272], [117.77568560885398, 1.297002505401082], [117.77602691167742, 1.296981706390759], [117.77615028415319, 1.297006500774885], [117.77621196580513, 1.29700384832095], [117.77628226880435, 1.296941747290173], [117.77635848246953, 1.296921026432933], [117.7764229097232, 1.296923322430483], [117.77644222199, 1.296924011234321], [117.7765065213627, 1.296925495804186], [117.77656334893456, 1.296942034132105], [117.77658426957822, 1.296893866280751], [117.77662483802767, 1.296847308055551], [117.77664854600964, 1.296820100830028], [117.77661242010696, 1.296791878072619], [117.77652725637101, 1.296725345246563], [117.77638281469198, 1.296505915254989], [117.7763253539187, 1.296366942701281], [117.77634013546135, 1.296332985072024], [117.77627790073969, 1.296086685306318], [117.77626887948408, 1.295978130903437], [117.776269203495, 1.295870331708853], [117.77627613118726, 1.295821736662135], [117.77628768838414, 1.295801621070032], [117.77649647718364, 1.295462414089971], [117.77660207470464, 1.295260549303132], [117.77662003345915, 1.295226217080634], [117.77662555618959, 1.29521566000128], [117.7766325804181, 1.295121020402148], [117.77665447843782, 1.294825973336422], [117.77665882975543, 1.294767340263806], [117.77662713771244, 1.294668032881885], [117.77661900617792, 1.294621058174509], [117.77658155105667, 1.294525186591592], [117.77653275976066, 1.294372299745575], [117.77660779913435, 1.294391749969209], [117.77668800814226, 1.29448972162055], [117.77670407089103, 1.294522029617207], [117.77684073857385, 1.294667945316271], [117.7769424089667, 1.294684070889806], [117.77702362621066, 1.294698526463243], [117.77724715058153, 1.294632395956406], [117.77733081921548, 1.294497374792325], [117.77744538688209, 1.294304396287914], [117.77760560381466, 1.294182395559918], [117.7778558817472, 1.294193926705428], [117.77794689051849, 1.29426678659531], [117.77801340239185, 1.294243685005161], [117.77775658583113, 1.295032369536391], [117.77791252914106, 1.295371082990275], [117.7780055599274, 1.295713723909891], [117.77801743251571, 1.295769954648676], [117.77808138670011, 1.296572440814294], [117.77812731332723, 1.296944990179745], [117.77819560357199, 1.297070497283465], [117.77832105134087, 1.297301049185868], [117.7783582450528, 1.297332199900739], [117.77842288722348, 1.297370168550237], [117.77891503926654, 1.297447777393525], [117.77892031736094, 1.297566046021885], [117.77919513172901, 1.297384270628198], [117.78184748277026, 1.296480625322657], [117.78189479197556, 1.2966002757584], [117.78184868372196, 1.296879442709272], [117.7819629901895, 1.2971401277044], [117.78310854810837, 1.297003369326278], [117.78432498383704, 1.296858148094336], [117.78545902413585, 1.296866637966912], [117.78554869534496, 1.296865604904846], [117.78753532934526, 1.296901177401326], [117.7877040171938, 1.296908189818283], [117.79065287077199, 1.296933573250613], [117.79072014407392, 1.29693490725122], [117.79319339987906, 1.296705449125488], [117.79354630077192, 1.296559121849376], [117.79362526592026, 1.296514582346858], [117.79370827459192, 1.296437497164932], [117.79453910447538, 1.295987258321166], [117.7963073869041, 1.29447936759269], [117.79625322991633, 1.293990200333311], [117.79625486159954, 1.293838497306771], [117.79631148879875, 1.293723355078873], [117.79646359145036, 1.293578528635137], [117.79683297987609, 1.293479794545112], [117.7975989202709, 1.293485912005725], [117.798024170533, 1.2934813890624], [117.79868170599264, 1.293474395196584], [117.79874646749188, 1.293466160568143], [117.79890669662227, 1.293351781623517], [117.79910961966675, 1.293083024394408], [117.79929494579626, 1.292895063274434], [117.79965171201383, 1.292831710583045], [117.79979806992726, 1.292551606328037], [117.79995313987699, 1.292371577622801], [117.80001269302205, 1.292209251300669], [117.79998519591045, 1.29187690413382], [117.800018919814, 1.290828997812013], [117.80059501940323, 1.29073673315823], [117.80064032100513, 1.29063782650167], [117.80064238306836, 1.290606807623232], [117.80029435766207, 1.289840138539065], [117.80026368561181, 1.28974211081488], [117.80015458218489, 1.289393418228083], [117.80003241107654, 1.288463203970085], [117.80002683116327, 1.288454285097449], [117.79955656380349, 1.287702605161005], [117.79920045439302, 1.286646015915972], [117.79888643239201, 1.286193705259374], [117.798685035234, 1.285842613403035], [117.79883503990217, 1.285834513077571], [117.79884340351991, 1.2857685749724], [117.79879888644977, 1.285621661245462], [117.79876476990354, 1.285539550724323], [117.79834401384647, 1.284526884292243], [117.79815721888424, 1.284117158953143], [117.798114362149, 1.284002483251348], [117.79810229767168, 1.283890312768191], [117.79800702503131, 1.283004476292575], [117.79742933325487, 1.281825772221925], [117.7971300271658, 1.281234520828601], [117.79676880639867, 1.280776089664155], [117.79663551517325, 1.280594528726296], [117.79657718492521, 1.280401880596256], [117.79655213721476, 1.280385497276316], [117.79645432790478, 1.280301459762939], [117.79630020633394, 1.280173715023178], [117.79616986535437, 1.279888132279035], [117.79607802335407, 1.279069567602118], [117.79599530833016, 1.27877998861468], [117.79596433920732, 1.278541595133629], [117.79556495830971, 1.277927886778181], [117.79551087698593, 1.276609882383914]]]}},
{"type": "Feature", "properties": {"ba_code": "4321", "division": "06"}, "geometry": {"type": "MultiLineString", "coordinates": [[[117.81162839063136, 1.226953705301325], [117.81163388990213, 1.226952319529351], [117.81164287778884, 1.226952316785155], [117.81166983326936, 1.226925169478018], [117.81176869184013, 1.226898000215814], [117.81182260824971, 1.226861798317048], [117.81192146681327, 1.226834629051741], [117.81197538594532, 1.226807473509528], [117.81204997892755, 1.226774077807168], [117.81205626600408, 1.226771263374145], [117.81206032860491, 1.226768535560957], [117.812095438965, 1.226744960883473], [117.81208283369217, 1.226626499961164], [117.812080761508, 1.226607031022225], [117.812082016369, 1.226592628836972], [117.81208155821265, 1.226536729721206], [117.81207122091377, 1.226478976404896], [117.81207224568243, 1.226419837335284], [117.81207692636684, 1.226362497374632], [117.81207757355514, 1.226309021440524], [117.81207872000803, 1.226254011091644], [117.81209513790675, 1.226208383486106], [117.8121047140599, 1.226156232831574], [117.8121171745163, 1.22610736693391], [117.81212531303208, 1.226068551954974], [117.81214447568316, 1.226064191188122], [117.81217522483202, 1.226066516665465], [117.81220400789637, 1.226079330185312], [117.81222260744816, 1.226088362722525], [117.81226231385708, 1.226105384890311], [117.8122786537908, 1.226111222038697], [117.81229806471498, 1.226113515695542], [117.8122891526653, 1.226096737423539], [117.81232072894444, 1.226070060024022], [117.81235199170187, 1.226034955133648], [117.81238338664737, 1.226017962819884], [117.81242778198869, 1.226013967960673], [117.81246674782034, 1.225998282342283], [117.81250781617362, 1.225974504115042], [117.81254789898192, 1.225940216131046], [117.81256349067569, 1.225977365661982], [117.81258248172453, 1.226023913319093], [117.81258800345456, 1.226067217447839], [117.81259540654685, 1.226102235443418], [117.81260286326234, 1.226142204493606], [117.81261408224798, 1.226181980611477], [117.81262432601089, 1.226221630378025], [117.81265077406373, 1.226246495255723], [117.81269997158199, 1.226245317767277], [117.81274276005817, 1.226221023367414], [117.81276507508757, 1.226190941031909], [117.8127960941079, 1.226164256562366], [117.8128326775911, 1.226125870739824], [117.81286591186162, 1.226107259466529], [117.81289784850098, 1.226068518637726], [117.81291511499514, 1.226020427455035], [117.81292525451978, 1.225961811205656], [117.81293245844529, 1.225911612583254], [117.81293596281385, 1.225866891755396], [117.81290711770632, 1.225842052941874], [117.81289798277096, 1.225795518562255], [117.81289485023663, 1.2257469767715], [117.81287680206363, 1.225694620165412], [117.81286343185518, 1.225653428952085], [117.81287989700165, 1.225615501596931], [117.81290924634622, 1.225607621397276], [117.81295380436772, 1.225618571065008], [117.81299989113224, 1.2256232439029], [117.81302192746192, 1.225658494438498], [117.81305877637583, 1.225665790826476], [117.81311118399611, 1.225657482923848], [117.81316628052777, 1.225654268201617], [117.81322047142183, 1.225655165323695], [117.81326865200971, 1.225652717129968], [117.8133216470969, 1.225655209487881], [117.81337012665858, 1.225663612304076], [117.81342030943811, 1.225666107328672], [117.81347862795481, 1.225668302240147], [117.81353033670682, 1.225667261480575], [117.81357824145832, 1.225665129083395], [117.8136275095649, 1.225665625139214], [117.81367633322677, 1.22566167595138], [117.81370670864669, 1.225634827034393], [117.81372354072766, 1.22559770921859], [117.81372847512272, 1.225547250763458], [117.81373654127475, 1.225506984783032], [117.81374661979484, 1.225457725206573], [117.81374944040562, 1.22540185225033], [117.81375804214181, 1.225349361767927], [117.81376744833813, 1.225311911508485], [117.81378272747038, 1.22531403092139], [117.81379578409152, 1.225319761413659], [117.81383995878306, 1.225329271004966], [117.81388463084518, 1.225345866452386], [117.81392767520894, 1.225332705319672], [117.81391531131523, 1.22529045267608], [117.81391591560967, 1.225243830296678], [117.81394540007908, 1.225204255243331], [117.8139615209281, 1.225178095495854], [117.81400257583968, 1.225193281721906], [117.81402383474239, 1.225231589243542], [117.81405250990906, 1.225256222742277], [117.81406030082691, 1.225295678745224], [117.81409582016929, 1.225314048263711], [117.8141235558735, 1.225302192676365], [117.81413729392001, 1.2253143567247], [117.8141867567343, 1.225307852646594], [117.81423003940556, 1.225304065268777], [117.8142812318326, 1.225316568857423], [117.81433730699266, 1.225324838162387], [117.81439498904487, 1.225326693110092], [117.81443583796907, 1.225278836261087], [117.81445189146169, 1.225235017148873], [117.81447841754792, 1.225187961666353], [117.81447780175239, 1.225136950376265], [117.81446082316262, 1.225096624215967], [117.81446953009808, 1.225044311017434], [117.81446380017455, 1.224993202686321], [117.8144615437463, 1.224946990987942], [117.81447468260485, 1.224897657207317], [117.81448442512787, 1.22484297264347], [117.81449324884557, 1.224787476903009], [117.81450754561249, 1.224742013703275], [117.81451080152324, 1.224684137761421], [117.81448973356386, 1.224641184884745], [117.81448244802768, 1.224605568908021], [117.81448051574066, 1.224599964378747], [117.81448522133772, 1.224580597412395], [117.8145273888227, 1.224556708478605], [117.81456306479129, 1.224531251083056], [117.81457144710856, 1.2245022296298], [117.8145391713741, 1.224504269501505], [117.81446802428204, 1.224513241718945], [117.8143060341342, 1.224531409283102], [117.81414425788147, 1.224549551443709], [117.81414252865834, 1.224549696713935], [117.81398247351306, 1.22455869609484], [117.81387632760266, 1.224576535375119], [117.81387115610993, 1.224576967561824], [117.8137846100744, 1.224576994006234], [117.81366204681146, 1.224603467613119], [117.81366091800125, 1.22460368959365], [117.81365695178651, 1.224604135885965], [117.81347534002427, 1.224612896668847], [117.81336544615777, 1.224672498671721], [117.81323297461198, 1.224752553236161], [117.81314081333447, 1.224825482340891], [117.81310872887299, 1.224850871689266], [117.81310733336991, 1.224851914255578], [117.81301747368977, 1.2249152661852], [117.81301516335326, 1.224916748683737], [117.81301350266463, 1.224917648398598], [117.81294211290061, 1.224953603226791], [117.81284375596003, 1.225007640002698], [117.81284108425768, 1.225008947112218], [117.8127152703246, 1.225063263659361], [117.81259236717878, 1.22511632368114], [117.81247815162757, 1.225195961960599], [117.81247338977408, 1.225198697223086], [117.81246822769671, 1.225200558729606], [117.81246282266642, 1.22520149034472], [117.81245733915239, 1.225201462165282], [117.81245194433004, 1.22520047685417], [117.81244680088868, 1.225198563310057], [117.81244206613367, 1.225195779381623], [117.81243788299815, 1.225192210965649], [117.81243437914218, 1.225187964770196], [117.81243166156104, 1.225183171934793], [117.81243138360041, 1.225182391318976], [117.81233442417438, 1.22522425126465], [117.81223557657236, 1.225287605931046], [117.81209178683814, 1.225341927950693], [117.81194799164567, 1.225378157251238], [117.81178620434113, 1.225360113881384], [117.81166037128075, 1.225351105896053], [117.81154354515729, 1.225405419673531], [117.81143570418625, 1.225450684350108], [117.81134584169658, 1.225504989903833], [117.81129192528927, 1.225541191779393], [117.81124699676316, 1.225577390915037], [117.81114813821394, 1.225604560129165], [117.81110115534682, 1.225608873279652], [117.81104927421745, 1.225613636621736], [117.81104029177682, 1.225631732080189], [117.81075573423394, 1.225738617414301], [117.81088016916208, 1.225930998305732], [117.81093677918133, 1.22600508069625], [117.81097559427144, 1.226055876843794], [117.81108562074861, 1.226203439191812], [117.81116661188878, 1.226312244920436], [117.81130860513491, 1.226503005622494], [117.81140650644014, 1.22663977118327], [117.81148488414216, 1.226749267919173], [117.8115055991559, 1.226778207232554], [117.81160708007226, 1.226919978839307], [117.81162346469927, 1.226942868362505], [117.81162626945058, 1.226947610512222], [117.81162821418712, 1.226952770866294], [117.81162839063136, 1.226953705301325]], [[117.83920569437115, 1.23075645268513], [117.83921454941708, 1.230693926408396], [117.8392181552952, 1.230662161913178], [117.83922327350858, 1.230551739398319], [117.83922360322047, 1.230548410257128], [117.8392415421374, 1.230430802733949], [117.83924168477768, 1.230429950527739], [117.83926840026461, 1.230286285991036], [117.83928584460563, 1.230118982801838], [117.83926816230326, 1.229950423345203], [117.83926798870135, 1.229947108837439], [117.83926804920166, 1.229945134011962], [117.83927679150386, 1.229803629994119], [117.83926824147584, 1.229743521874675], [117.83926792370539, 1.229739044058904], [117.8392679180541, 1.22972095146945], [117.83926797140043, 1.229719092438827], [117.8392769112004, 1.229565302584708], [117.83927733428946, 1.22956166312612], [117.8392775541365, 1.229560526841826], [117.83927938317022, 1.229551924140647], [117.83930450321026, 1.229433753480306], [117.83934010750843, 1.229272250463008], [117.83934864689326, 1.22920331589481], [117.8393486107892, 1.229087685252882], [117.83934865341111, 1.22908602072103], [117.83935715427698, 1.228922486339917], [117.83930840063334, 1.228824422726064], [117.83923882279737, 1.228736940812421], [117.83916502600285, 1.228649215072838], [117.83914015823657, 1.228619653306076], [117.83913696972587, 1.228615083220584], [117.83913607581395, 1.228613411747636], [117.83906412801976, 1.228468693750167], [117.83906270330876, 1.228465364258805], [117.83906155342868, 1.228461404153717], [117.8390442526136, 1.228383159158829], [117.83896462965467, 1.228205216529023], [117.8389637553629, 1.22820305293113], [117.83896255507838, 1.228198858542671], [117.83890910988883, 1.227948207071982], [117.83880216349623, 1.22767934872053], [117.83880181088358, 1.22767841887254], [117.83880152751242, 1.227677602081393], [117.83878394877155, 1.227624579143724], [117.83875748183502, 1.227562473815284], [117.8387560757821, 1.227558445038488], [117.83875522153384, 1.227554262300439], [117.83875493439352, 1.227550002489853], [117.83875487253655, 1.227351478808583], [117.83874587623637, 1.227064616333051], [117.83869262947228, 1.226743673225614], [117.83860476202202, 1.226487460045508], [117.83844550291028, 1.226238283854939], [117.83829325481769, 1.22603109743609], [117.83829107960752, 1.226027703950468], [117.83828935101451, 1.226024060646282], [117.83828809781768, 1.226020225410758], [117.83824292986806, 1.225845098785797], [117.8382241524936, 1.225769908251424], [117.83821511685298, 1.225616124026095], [117.83821517834257, 1.225611540247359], [117.83821589596087, 1.225607013253643], [117.83822857257937, 1.225552710664425], [117.8382505580717, 1.225458533583942], [117.83823336732682, 1.225303252050504], [117.83822488210511, 1.225269135703693], [117.83822442035195, 1.225266954786563], [117.83822394049083, 1.225261456597538], [117.83822392361995, 1.22520717881277], [117.83822391728962, 1.225186811978664], [117.8381103003306, 1.224931923055703], [117.83798382089621, 1.224702946759894], [117.83771594464537, 1.224669329950948], [117.83765865582279, 1.224676556061941], [117.83763933086048, 1.224696019826218], [117.83763557764986, 1.224699247821809], [117.83763137035824, 1.224701844528508], [117.83762681052866, 1.224703747494894], [117.83762201049396, 1.22470490874024], [117.83761708978346, 1.224705300183418], [117.8375765565117, 1.224705312931594], [117.83752069410662, 1.224721396728777], [117.83749574691593, 1.224733960838728], [117.83755629513047, 1.224878572230727], [117.8376642682302, 1.225140971419805], [117.83766569234258, 1.225145286056642], [117.83766648825626, 1.225149761915269], [117.83768451728953, 1.225321635934735], [117.83768469088538, 1.225324950444272], [117.83768422700147, 1.225330375656126], [117.83764842199318, 1.225537979599454], [117.83764630999444, 1.225552893993833], [117.83761330362361, 1.225785961488505], [117.83764852097397, 1.225998229060115], [117.83764868489737, 1.225999338989467], [117.83767571304593, 1.226207395369102], [117.83767597856107, 1.226211490545295], [117.83767605449857, 1.226455740609132], [117.83767573862374, 1.226460228577823], [117.83767479357267, 1.226464625377095], [117.83767323909133, 1.226468843251589], [117.83758624025057, 1.226661645492351], [117.83758624374398, 1.226672880090895], [117.83758576730132, 1.226678378581953], [117.83758522790849, 1.226680872816715], [117.83753136564708, 1.226888954680143], [117.83752963074244, 1.22689391893144], [117.83752710389929, 1.22689852700804], [117.83736744271974, 1.227139739907782], [117.83727901795638, 1.227380270897883], [117.83721661828486, 1.227559894904161], [117.8371899775142, 1.227658336095286], [117.83718813029455, 1.227663407128853], [117.83718545517411, 1.227668087623129], [117.83704171458858, 1.227876197835567], [117.83704072185549, 1.227877555998163], [117.8369778323543, 1.227958992524472], [117.8369751351592, 1.227962054642662], [117.8369720684471, 1.227964740551186], [117.83678336897324, 1.228109540830159], [117.8367800333847, 1.228111777222227], [117.8367753505171, 1.228114004992505], [117.8365641054947, 1.228193812885445], [117.83654767970698, 1.228206595961438], [117.83637017156433, 1.228344743680073], [117.83636666614561, 1.228347111296931], [117.83636500547325, 1.228348011022483], [117.8361010938073, 1.228480929146409], [117.83605170929874, 1.228538955926299], [117.83584544254047, 1.228800891462852], [117.83584242994816, 1.228804205167898], [117.83583898130173, 1.228807055839543], [117.83562332097863, 1.22896091091293], [117.83562018842919, 1.228962878565758], [117.83561684814146, 1.228964462720709], [117.83561334684573, 1.228965642556536], [117.83528438377667, 1.229055240302479], [117.83497310321324, 1.22922544770661], [117.83496885525886, 1.22922737500183], [117.83496572599202, 1.229228340322744], [117.83460624040835, 1.229318916486151], [117.83460177549172, 1.229319702205438], [117.83459724476104, 1.229319834802091], [117.83439120375495, 1.229310883153231], [117.83438296010534, 1.229310885745722], [117.83424866465135, 1.229310927975817], [117.83400827317409, 1.229319964824081], [117.8335785560337, 1.229383177970131], [117.83357387706421, 1.229383510535144], [117.83356920147159, 1.229383139296258], [117.83356463261856, 1.229382072362693], [117.83346122995712, 1.229349584272314], [117.833289445594, 1.229295611862218], [117.83328955924472, 1.229296914495088], [117.83328908279591, 1.229302412991638], [117.83328766526783, 1.229307744427042], [117.8332869944036, 1.229309447153178], [117.83327226965658, 1.229292186895954], [117.83323582348405, 1.229284919681199], [117.83308394125943, 1.229203076557859], [117.83301296048762, 1.229173582541594], [117.83293038730686, 1.229156063143643], [117.83290735597036, 1.229150328679747], [117.83287798771312, 1.229143016718771], [117.83284644063352, 1.229135161757934], [117.83276047329518, 1.229116527103631], [117.83267198869243, 1.229095740213608], [117.83258948728978, 1.229072021342308], [117.83251734588484, 1.22904735387788], [117.83246170631347, 1.228991227209395], [117.83239225194811, 1.228942274977553], [117.83233266482324, 1.228882936291146], [117.83226570309193, 1.228826241437028], [117.83220146654966, 1.22876396867348], [117.83213971279018, 1.228691165220593], [117.83207485659672, 1.228636331426593], [117.83200440986735, 1.228592803653382], [117.8319439748869, 1.228532439360756], [117.83189176851114, 1.228458283192037], [117.83183969667843, 1.228389040030681], [117.83179179191967, 1.228314970257709], [117.83172353148842, 1.228269966329505], [117.83165340162998, 1.228228009781761], [117.8316070531447, 1.228213608091512], [117.8315662119722, 1.228473987354215], [117.83158532298106, 1.22875641541716], [117.83157111695299, 1.228957474185258], [117.83160465857286, 1.229761682745154], [117.8316523737126, 1.230259517158621], [117.83166466574117, 1.230358974802296], [117.8316782255404, 1.23046868785265], [117.83173346673854, 1.230915643417563], [117.8325441563632, 1.230914148575191], [117.83256610745842, 1.230914344315476], [117.83260108585844, 1.230912642569302], [117.83260380288625, 1.230912641715559], [117.83260604448164, 1.23091272152337], [117.83272828559475, 1.230921471600696], [117.83289549004462, 1.230894844607057], [117.83289726597282, 1.230894614272558], [117.83307701738853, 1.230876465146121], [117.83308014780827, 1.230876306756155], [117.83309277753683, 1.230876302785459], [117.83326746967357, 1.23081470129095], [117.83327197490485, 1.230813481336411], [117.83337937692104, 1.230792856353014], [117.83346092063005, 1.230777197781123], [117.83346659449828, 1.230776675833875], [117.83346796066076, 1.230776705257021], [117.83367468401521, 1.230785686540636], [117.83367573022058, 1.230785749535661], [117.83390821552213, 1.230803675826422], [117.83410474023066, 1.230803613975875], [117.83410746538347, 1.230803732529367], [117.83431283162133, 1.230821641083244], [117.83440660543603, 1.230821611557678], [117.83446952037168, 1.230821591746459], [117.83452229072256, 1.230821575128507], [117.83471535023519, 1.230759681011486], [117.83471942501117, 1.230758670160271], [117.8347217572568, 1.230758345567897], [117.83490150856784, 1.230740196332393], [117.83490658487348, 1.230740097937658], [117.83491161110321, 1.230740822772506], [117.83510935779326, 1.230785991991635], [117.83511357079558, 1.230787272525433], [117.83511756467426, 1.230789131187156], [117.83512126212314, 1.230791533625229], [117.83533475113401, 1.230952586451917], [117.835510144965, 1.231040785086376], [117.83576739772481, 1.231129979206204], [117.83595465099683, 1.231174790695465], [117.83614358152403, 1.231220004198237], [117.83635947840372, 1.231274256376148], [117.83636260827194, 1.231275219723787], [117.83636375975443, 1.231275667152187], [117.8365615177218, 1.231357021422473], [117.83656432593658, 1.231358342200247], [117.8367152802953, 1.231438717949232], [117.8368824933156, 1.231500663944466], [117.83699525377625, 1.231528999319884], [117.83705633726507, 1.231544348774794], [117.83713252331532, 1.23156349380481], [117.83713565318358, 1.23156445715111], [117.83713896205614, 1.231565889039164], [117.83724683312403, 1.231620132740161], [117.8372482929944, 1.231620915688213], [117.83735442509871, 1.231681502292444], [117.83737175149017, 1.23169181502328], [117.83741765452031, 1.231707199118944], [117.83753837923973, 1.231707160938116], [117.83772581532436, 1.23170710164801], [117.83793964488987, 1.231689098801316], [117.83816399364545, 1.231661931423828], [117.83833214251197, 1.231644060609639], [117.83848188137618, 1.231599681822559], [117.83864785772494, 1.231546869453729], [117.83878538327195, 1.231451641672282], [117.83890874927904, 1.231327396046966], [117.83903145301572, 1.231194989065103], [117.83913628147646, 1.231001408553246], [117.83918831420897, 1.230861617758258], [117.83920569437115, 1.23075645268513]], [[117.74704094302632, 1.259940621973237], [117.74722354107615, 1.259929542500685], [117.7483469277414, 1.259957754265258], [117.74840524932117, 1.259958690905548], [117.74885959828488, 1.259926016565487], [117.7491633747857, 1.259904171861573], [117.74999712956848, 1.259902200765763], [117.75003316116609, 1.259902116145842], [117.75100474506081, 1.259899819826891], [117.75106258505983, 1.259901520975456], [117.75118320109057, 1.259907203360506], [117.75119311513096, 1.259907670901165], [117.75152534242801, 1.259923321698846], [117.75236029946177, 1.259943589369554], [117.75237741969941, 1.259942382116026], [117.75239221385668, 1.259941338375201], [117.75329548513197, 1.259877646275883], [117.75333062079731, 1.259875169076194], [117.75358727867818, 1.259857071072591], [117.7540666648461, 1.259851187877729], [117.75406660592635, 1.259852585576319], [117.75416046053596, 1.259857902899527], [117.75516847710763, 1.259812856133756], [117.75519034042956, 1.259811879069356], [117.75557725244846, 1.25979458872942], [117.75579964956522, 1.259861761765508], [117.75583020442848, 1.259854661311166], [117.75590202547711, 1.259837972206879], [117.75598488499173, 1.259818717010829], [117.75602643338334, 1.259809062238014], [117.7560177998832, 1.259745268094031], [117.75602573451171, 1.259536039746853], [117.75602572669042, 1.259508900316179], [117.75603469395122, 1.259436525877162], [117.7560257058345, 1.259436528501021], [117.75604366642644, 1.259382244392103], [117.75607961889237, 1.259382233896686], [117.75607062556205, 1.259364143566972], [117.75606161659111, 1.259291774376167], [117.75606159573779, 1.25921940256149], [117.75606158009857, 1.259165123700455], [117.75605257895084, 1.259119893939534], [117.75607054215016, 1.259074656308784], [117.75607952244658, 1.259047514255092], [117.7561244473845, 1.258993222278291], [117.7561334276805, 1.258966080224904], [117.75612442914061, 1.258929896941228], [117.75609743352408, 1.258821347089045], [117.75605247992294, 1.258776127818278], [117.7559805489539, 1.258685684027349], [117.7559805359281, 1.258640451642119], [117.75598950320169, 1.258568077203825], [117.75595352730308, 1.258486669397201], [117.75589060790261, 1.258477641270487], [117.75586364095693, 1.258468602657173], [117.7558276598563, 1.258369101890763], [117.75573776049477, 1.258305802755486], [117.75560293879053, 1.258305842059317], [117.75548609851556, 1.25832396907318], [117.75537823333842, 1.258296861071789], [117.75531030909133, 1.258290044440331], [117.75528834959351, 1.258287840783947], [117.75518048441518, 1.258260732772175], [117.75506363372303, 1.258242673851569], [117.75498273548862, 1.258224604454156], [117.75482094421923, 1.258206558608735], [117.75480296538896, 1.258197517363334], [117.75474004338335, 1.258179442722373], [117.75465914774689, 1.258170419792164], [117.75449736166922, 1.258170466883537], [117.75438951467554, 1.258206684193828], [117.75432660825768, 1.25824288842449], [117.75429065579274, 1.258242898886102], [117.75425470332752, 1.258242909347216], [117.75414684852798, 1.258251987208485], [117.75401734886894, 1.258280991715015], [117.75396647710309, 1.258318841614], [117.75383135643844, 1.258310881108728], [117.75366150708064, 1.258310930498098], [117.75366007885938, 1.258310898346021], [117.75346233766716, 1.258301909348645], [117.75345986407629, 1.25830169837993], [117.75328218323604, 1.258279396159795], [117.75321009810317, 1.258274812446352], [117.75320641643873, 1.258274356668701], [117.75301744343611, 1.25823818673505], [117.75301285913828, 1.258236942365858], [117.75286183706778, 1.258183343292543], [117.7527052665783, 1.258148371624938], [117.7526964483345, 1.258148374185249], [117.75262974842443, 1.25817356991742], [117.75262809746813, 1.258174133088089], [117.75251126228211, 1.258210352945453], [117.75250747405296, 1.258211273167986], [117.7525020112116, 1.258211756026763], [117.75244876648792, 1.258211771482115], [117.7522441257347, 1.258220785989177], [117.75211069951666, 1.258238731317994], [117.75210654169155, 1.258239010251442], [117.7520382876993, 1.258239030053354], [117.75188926666782, 1.258274367243204], [117.75185496866995, 1.258283007539476], [117.75170358634769, 1.258336833711549], [117.75170139344328, 1.258337523689793], [117.7516022083207, 1.258364776949521], [117.75150248779197, 1.258389903532797], [117.75149067630825, 1.258401798564775], [117.75148692289298, 1.258405026534998], [117.75148271539678, 1.258407623192077], [117.75147815536758, 1.258409526085793], [117.75147335514318, 1.258410687237188], [117.75146843425757, 1.258411078567488], [117.75139652927534, 1.258411099413724], [117.75137855302958, 1.258411104624971], [117.75137698189432, 1.258411065275887], [117.75119721684455, 1.258402070894331], [117.75119531401486, 1.258401917655509], [117.751038101315, 1.258384382269072], [117.75096955662994, 1.258361158986991], [117.75085532793743, 1.258318839133855], [117.75085381146712, 1.258318231649105], [117.75077960984976, 1.258286250283562], [117.7493422475297, 1.258178818442043], [117.74931307512244, 1.258161168122383], [117.7491253553315, 1.258135760117051], [117.74911294330731, 1.258144094618242], [117.74911122238787, 1.258145170743425], [117.74910956163858, 1.258146070444638], [117.74909158796552, 1.258155122130395], [117.74892308573467, 1.258107829613687], [117.74884111000036, 1.25807485440166], [117.74884025063224, 1.258074492790159], [117.74858487054779, 1.257902777251939], [117.748546732002, 1.257870807098869], [117.7484976615357, 1.25787787662413], [117.74849517459414, 1.257878134262423], [117.7482532347219, 1.257893423910473], [117.74815998877779, 1.25786360552772], [117.74815175537161, 1.257859464608931], [117.74807180188601, 1.257851440819248], [117.74796808204671, 1.257868870766822], [117.74796408064853, 1.257869280822584], [117.74796006022792, 1.25786917342434], [117.74795608550019, 1.257868551267366], [117.74788011749735, 1.257851582052637], [117.74779526390827, 1.257860147320127], [117.74779213338796, 1.257860305631932], [117.74772022836004, 1.257860326367108], [117.74761979680791, 1.25786035532511], [117.7475904907178, 1.257875114085027], [117.74758599268348, 1.257876957248303], [117.74758126614626, 1.257878082185712], [117.74757642344977, 1.25787846082074], [117.74754047093391, 1.257878471185736], [117.74753699696696, 1.257878278592233], [117.74745783329858, 1.257869448512397], [117.74742362268132, 1.257869458373586], [117.74711364416473, 1.257836540657598], [117.74706338107431, 1.257850353759726], [117.7470605670712, 1.257850988729822], [117.74705955325645, 1.257851151858846], [117.74699663891927, 1.257860216480162], [117.74699218988547, 1.257860536198496], [117.7469742136253, 1.257860541376932], [117.74696875050294, 1.257860061677045], [117.74696401071209, 1.257858832718867], [117.74664911663156, 1.25775026683473], [117.74664801725388, 1.257749812112443], [117.74658205386002, 1.257982433740848], [117.74658041389931, 1.257986909515339], [117.74657812401131, 1.257991085133265], [117.7465752371998, 1.257994868305078], [117.74657181815437, 1.257998171261139], [117.74619596399202, 1.258304592078848], [117.74608968708493, 1.258420539073281], [117.74608679369551, 1.258423318990465], [117.74608544757844, 1.258424394101973], [117.74573030908299, 1.258692637254136], [117.7456460068793, 1.258819990990798], [117.74563773505133, 1.258832486586756], [117.74577745573842, 1.259022633637939], [117.74577940251937, 1.259025622040784], [117.74578029641522, 1.259027293576481], [117.74579828297169, 1.259063474394454], [117.7457987425979, 1.259064643974434], [117.74579933974925, 1.259065837035746], [117.74579978237821, 1.259067288871396], [117.7458002995704, 1.259068605892754], [117.74580053448831, 1.259069758349089], [117.7458008970488, 1.259070949668623], [117.74580110243235, 1.259072547221211], [117.74580140035616, 1.259074012668277], [117.7458014312269, 1.259075107285758], [117.74580157805902, 1.259076252530264], [117.7458015093347, 1.259077956910457], [117.74580155202604, 1.259079530084326], [117.74580140490521, 1.259080531574117], [117.74580136206448, 1.259081595454725], [117.74580098955737, 1.259083356915323], [117.74580074913936, 1.259084989877607], [117.74580045727534, 1.259085871090619], [117.74580025621232, 1.259086825554158], [117.74579955833516, 1.259088588917709], [117.74579901681585, 1.259090226489939], [117.74579861705509, 1.259090970227226], [117.74579829101968, 1.259091793552497], [117.74578930802483, 1.259109889136616], [117.74578669191678, 1.259114243969746], [117.7457834177411, 1.259118120432542], [117.74577716917831, 1.259124412262228], [117.74569815709451, 1.25925703587904], [117.74565425935683, 1.259327777666329], [117.74558391495405, 1.259487204473542], [117.74557945347814, 1.259500686851405], [117.74557255457762, 1.259584302917659], [117.74559054628311, 1.25963857673359], [117.74559954727927, 1.259683806638532], [117.74562652712645, 1.259738077865134], [117.74564451626392, 1.259783305180827], [117.74564452655139, 1.259819491174817], [117.74565831179547, 1.259921122813866], [117.74566370776601, 1.259931977058693], [117.74566494533788, 1.259934803733225], [117.74570802977613, 1.260047841803545], [117.74573542447219, 1.260084858518166], [117.74580299922819, 1.260015736462702], [117.74608697821496, 1.259998505183622], [117.74617910685612, 1.25999291593753], [117.74637988584331, 1.259980733034688], [117.74640541711095, 1.2599791841501], [117.74649030592276, 1.25997403302238], [117.7468208659772, 1.259953975679791], [117.74704094302632, 1.259940621973237]], [[117.74993653797465, 1.298671724898427], [117.74997248837144, 1.298662667676287], [117.75000844143443, 1.298662656940475], [117.75008932249018, 1.298617400350384], [117.75016409483752, 1.298592538175142], [117.75020616460394, 1.298599272480324], [117.75030610966921, 1.298520169999134], [117.75032298803954, 1.298517819203474], [117.75034994749784, 1.298499718176811], [117.75037688828232, 1.298418291748491], [117.75038587121128, 1.298400196091793], [117.75040384507165, 1.298391144236189], [117.75041283066794, 1.29838209506543], [117.75115876305868, 1.298065245157766], [117.75134747381821, 1.297920444982597], [117.7515272470328, 1.297947530681464], [117.7515901514984, 1.297902279447618], [117.75159913708731, 1.297893230276065], [117.75160810398083, 1.297820855720582], [117.75193788805942, 1.297490213040491], [117.75208214316966, 1.297453208671324], [117.75208248567328, 1.297453381356701], [117.75219880949078, 1.29734241224717], [117.75221678600377, 1.297342406868867], [117.75225273368557, 1.297324303147653], [117.75236058207105, 1.297288084946491], [117.75239652440538, 1.29725188826063], [117.75244145499428, 1.297215688885137], [117.7524863935993, 1.297206628954483], [117.75250436743755, 1.297197577093091], [117.75254031511345, 1.297179473370146], [117.75257625744311, 1.297143276684085], [117.75263018697298, 1.297143260543172], [117.75263018430003, 1.297134214061835], [117.75263018162715, 1.297125167580497], [117.7526301682629, 1.297079935173796], [117.75266611058996, 1.297043738487998], [117.75272002675156, 1.296998489940605], [117.75273800058694, 1.296989438078879], [117.75278293383809, 1.296962285183813], [117.7528458409222, 1.296926080426488], [117.75287278429707, 1.296853700507847], [117.75289974103735, 1.296826552993769], [117.75308846226577, 1.296717938720155], [117.75314238643249, 1.296699829612956], [117.75316036026317, 1.296690777750312], [117.75317833676756, 1.296690772367839], [117.75322327000602, 1.296663619470699], [117.75323225558391, 1.296654570299195], [117.75325922301384, 1.29666360870495], [117.75326821661419, 1.296681698973509], [117.75327720486615, 1.296681696281922], [117.75329518671874, 1.296699783858613], [117.75332216217262, 1.296735961703042], [117.75338507993648, 1.29673594285912], [117.75343001852089, 1.296726882918517], [117.7535198956874, 1.296708763035464], [117.75357384124896, 1.296763025756096], [117.75362776273133, 1.296735870160684], [117.7540142628787, 1.296753847290312], [117.75403224205712, 1.29676288837991], [117.75407719134216, 1.296790014342178], [117.75412213259526, 1.296790000868344], [117.75413112084581, 1.296789998173481], [117.75421201777787, 1.296799020396324], [117.75428393181498, 1.296826138267511], [117.75432888377996, 1.296862310700839], [117.75434686831615, 1.296889444742606], [117.75435585924514, 1.296898488524481], [117.75438283203249, 1.296925619869682], [117.75438283471121, 1.296934666347371], [117.75438283738995, 1.296943712825059], [117.75438284006871, 1.296952759302746], [117.75438285078393, 1.296988945213489], [117.75439184439242, 1.29700703547261], [117.75440084068009, 1.297034172209265], [117.7544188225399, 1.29705225977171], [117.75441882521902, 1.297061306249315], [117.75442781614909, 1.297070350030411], [117.75443681243767, 1.297097486766567], [117.75445478626035, 1.297088434895755], [117.75446377451127, 1.297088432199083], [117.75447276008283, 1.29707938302489], [117.75450871308612, 1.297079372237827], [117.7545626452702, 1.29708840253357], [117.7545806217716, 1.297088397139422], [117.75459859559308, 1.297079345267921], [117.7546255603448, 1.297079337176323], [117.75463454591545, 1.297070288001908], [117.75466151334686, 1.297079326387076], [117.75467950324838, 1.297124553377536], [117.7547154589309, 1.297133589064119], [117.75475140389173, 1.297106438842426], [117.75474239955952, 1.297052162678612], [117.7547783364783, 1.296997873026798], [117.75483225793634, 1.296970717410244], [117.75484860118414, 1.296973453587561], [117.75484956881985, 1.296969073897369], [117.75485144507056, 1.296964366451956], [117.75485405487156, 1.296960026978021], [117.75485732814849, 1.296956170386833], [117.7548752992867, 1.296938072037817], [117.75487916684315, 1.29693474267791], [117.75488354244663, 1.296932125123273], [117.75488829668888, 1.296930295403177], [117.75501226632159, 1.296827479353362], [117.7550661114202, 1.296782289606229], [117.75506926380856, 1.296779962810658], [117.75507267787692, 1.29677804755123], [117.75507630150203, 1.296776572792317], [117.75512810461524, 1.29675917624459], [117.75516881620595, 1.296738672847423], [117.75529958789646, 1.296771554616281], [117.75532653655046, 1.296717267664734], [117.7553445076827, 1.296699169315291], [117.75538046067338, 1.29669915851893], [117.7554253965475, 1.296681052071712], [117.7554164029363, 1.296662961819889], [117.7554343606583, 1.296599631092856], [117.75549727838803, 1.296599612198091], [117.75553323405816, 1.296608647875678], [117.75555121323433, 1.296617688951854], [117.75555121055213, 1.29660864247659], [117.75552423240089, 1.296563418198562], [117.75553321260168, 1.296536276073241], [117.75558713939962, 1.296527213401302], [117.75559611959972, 1.29650007127622], [117.75559611691759, 1.296491024801042], [117.75560508370745, 1.296418650300235], [117.7556230414258, 1.296355319575517], [117.75561404781611, 1.296337229324504], [117.75564998202597, 1.296273893201752], [117.75569489911622, 1.29619246143028], [117.75565893272693, 1.296147239851566], [117.75559601501071, 1.296147258743781], [117.75559599624134, 1.296083933417341], [117.75558699995268, 1.296056796690285], [117.75556005398585, 1.296120130112788], [117.7555240849186, 1.296065862054745], [117.75550608430088, 1.295984449172773], [117.75549706656928, 1.295884940641185], [117.75552401789994, 1.295839700170538], [117.75552400181721, 1.295785421318267], [117.75556893499596, 1.295758268403178], [117.75557791787884, 1.295740172754753], [117.75555094778646, 1.295722087897544], [117.7555239589332, 1.295640677712097], [117.75545203690506, 1.29558642043752], [117.75545202886593, 1.29555928101088], [117.75552392141365, 1.295514027056561], [117.75554190057984, 1.295523068137459], [117.75557785623234, 1.295532103823356], [117.75561381456505, 1.295550185983798], [117.75564977289804, 1.295568268143422], [117.75566775742566, 1.295595402173115], [117.75570371039807, 1.295595391381326], [117.75573966337019, 1.295595380589025], [117.75573965532797, 1.295568241164196], [117.75574864625162, 1.295577284941021], [117.75580258643272, 1.29561345465088], [117.75584753837205, 1.295649627057322], [117.755856526615, 1.295649624358669], [117.75585652929631, 1.295658670833361], [117.75586551485794, 1.295649621659983], [117.75588348866236, 1.295640569787878], [117.75589247690522, 1.295640567089115], [117.75591944163362, 1.295640558992633], [117.7559284298764, 1.295640556293741], [117.75595538924138, 1.295622455247901], [117.7559643721208, 1.295604359599979], [117.75596436943921, 1.295595313125509], [117.75600032240918, 1.295595302329486], [117.75602727640943, 1.295559108334771], [117.7560452475304, 1.295541009987917], [117.75605423040905, 1.29552291434021], [117.75605422772733, 1.295513867865923], [117.7560721934844, 1.295477676570667], [117.75609915820998, 1.295477668473278], [117.7561261202535, 1.29546861390146], [117.75613510313146, 1.295450518253944], [117.75613510044958, 1.295441471779821], [117.75610813304286, 1.295432433403188], [117.75610813036113, 1.295423386929007], [117.75609749679614, 1.295412690856159], [117.75589419098722, 1.295322203915732], [117.75562723812395, 1.295069476645749], [117.75558008679121, 1.295033350119499], [117.7554362642133, 1.294997207355315], [117.7552564913458, 1.294970121837135], [117.7551126955385, 1.295024443812641], [117.75498685746771, 1.295015435058926], [117.75484304023226, 1.294997385209028], [117.75475315245174, 1.294979319190269], [117.75461829135102, 1.294852708903952], [117.7546003095152, 1.294834621334306], [117.75457044792758, 1.294819604983665], [117.75454637203393, 1.294807498056179], [117.75449243722798, 1.294789421253828], [117.75445648158228, 1.29478038554393], [117.75442951150495, 1.294762300663888], [117.75439355051091, 1.294735171997087], [117.7544204938452, 1.294662792100147], [117.75441148955827, 1.294608515924865], [117.75443842219697, 1.29449995011777], [117.75445637461577, 1.294418526435867], [117.75444736231121, 1.294337110827335], [117.75448329121339, 1.294255681764433], [117.75448328051935, 1.294219495853748], [117.7544742789116, 1.294174266156061], [117.75448325111229, 1.29411998459931], [117.75448324576578, 1.294101891643949], [117.75454614206076, 1.294029500988901], [117.7545910805869, 1.294020441057922], [117.75466297046314, 1.293966140666903], [117.75467195870264, 1.293966137975979], [117.75468991379272, 1.293893760775948], [117.75474384590125, 1.293902791107399], [117.75477081061847, 1.29390278303406], [117.75484270316005, 1.293857529119025], [117.75487863739647, 1.293794193015365], [117.75488761226501, 1.293748957939739], [117.75500443529253, 1.293667504661124], [117.75506734225877, 1.293631299913846], [117.75510329253409, 1.293622242670559], [117.75513023585047, 1.293549862784222], [117.75511224600498, 1.29350463578555], [117.75507628770893, 1.293486553598528], [117.75499539624938, 1.293495624296342], [117.75490550318322, 1.293459465298522], [117.7548785357982, 1.293450426893636], [117.75484260156165, 1.293513762994608], [117.75483361332412, 1.2935137656852], [117.75478867748238, 1.293531872091845], [117.75469878975875, 1.293513806040235], [117.75468979617546, 1.293495715775731], [117.75469876303191, 1.293423341267483], [117.75468076784962, 1.293360021306005], [117.75473465718656, 1.293224308008971], [117.75474364275097, 1.293215258842134], [117.75475165638895, 1.293199115718111], [117.75478855721033, 1.293124780622476], [117.75482448075982, 1.293025258616354], [117.75485141874516, 1.292934785777723], [117.75485141607304, 1.292925739300729], [117.75486039896424, 1.292907643657344], [117.7548705049483, 1.292881983917911], [117.75486929635805, 1.292600060750967], [117.75476145090133, 1.292645325400319], [117.75470754286182, 1.292717713349324], [117.7546446465844, 1.292790103987356], [117.75457275405503, 1.292835357881444], [117.75452782355949, 1.292871557232931], [117.75431206050314, 1.292717831611075], [117.75431205783337, 1.292708785132936], [117.75429989578781, 1.292598921995661], [117.75429403421202, 1.292545962945886], [117.75429093828045, 1.292532480094344], [117.75427632440125, 1.292468825294153], [117.75426703390596, 1.292428357742217], [117.75427601146487, 1.292392169142957], [117.75428499169273, 1.292365027022025], [117.7542849596668, 1.292256469283335], [117.75426695117577, 1.292147916916051], [117.75426783467641, 1.292141677295443], [117.75427592073095, 1.292084588882518], [117.75441969510564, 1.291957895217052], [117.75443224064371, 1.291950992623482], [117.75444665713573, 1.291948840681397], [117.7545545159286, 1.291948808447767], [117.75458148062641, 1.29194880038864], [117.75464615657779, 1.291934314833884], [117.75466236938001, 1.29193068325461], [117.75474501418938, 1.291875194592732], [117.7547702068093, 1.291858279194314], [117.75481513195011, 1.291803986896485], [117.75486905065999, 1.291767784866028], [117.7549069235534, 1.291728459360433], [117.75491397846706, 1.291722539045535], [117.75496789984324, 1.291695383491627], [117.75498587630494, 1.291695378117018], [117.75499486453579, 1.291695375429666], [117.75505616132236, 1.291688417549109], [117.75506676771145, 1.291686307453065], [117.75511170619396, 1.291677247538101], [117.7552195596172, 1.291659122330216], [117.75523051580528, 1.29165145668746], [117.75532739700984, 1.291586718262081], [117.75534536812717, 1.291568619933254], [117.75536333924424, 1.291550521604447], [117.7551743835232, 1.290863045843861], [117.75511144191202, 1.290781646357605], [117.75508445321414, 1.290700236125147], [117.75502150894361, 1.290609790155678], [117.75497654646716, 1.2905374317661], [117.75494956844938, 1.290492207435834], [117.75493042650089, 1.290468768301435], [117.75459008202753, 1.290637058441809], [117.75456310134584, 1.290582787626266], [117.7545720815749, 1.290555645509488], [117.75459003936678, 1.290492314798444], [117.75456302669848, 1.290329486248577], [117.75456302136708, 1.290311393293008], [117.75456300270778, 1.290248067948497], [117.75455399049225, 1.290166652331002], [117.75457196427956, 1.290157600487919], [117.75458094450968, 1.290130458371958], [117.75463607756957, 1.290027331964251], [117.75464382744144, 1.290012835383457], [117.75467077346067, 1.289949501992371], [117.75469772747519, 1.289913308034353], [117.75472468415447, 1.289886160553966], [117.75480555152336, 1.289795671635765], [117.75485046332508, 1.289696146972189], [117.75487742000085, 1.289668999492441], [117.75489537512512, 1.289596622309806], [117.7548953617985, 1.289551389924098], [117.75489535646797, 1.28953329696981], [117.75485937159401, 1.289424749972937], [117.75479642472139, 1.289325257496306], [117.75454470120467, 1.289144403014312], [117.75433790818126, 1.28892734917618], [117.7543019473056, 1.28890022045774], [117.75427497465303, 1.288873089059407], [117.75424799135497, 1.288809771746241], [117.75418506847633, 1.288791697539085], [117.75416708404833, 1.288764563459756], [117.75416708393976, 1.288764194363428], [117.7541670787262, 1.288746470502307], [117.75417606162628, 1.288728374866582], [117.7542119985479, 1.288674085281364], [117.75429285794792, 1.28855645695521], [117.75436473178256, 1.28844787778747], [117.75439168579996, 1.288411683839088], [117.75447255583204, 1.288330241429214], [117.75454445360776, 1.288303080566182], [117.75455340722979, 1.28818547367407], [117.75450843686154, 1.288085975807574], [117.75450840493224, 1.287977418070831], [117.75449040721044, 1.287905051601735], [117.75447239352968, 1.287778406262946], [117.75449034336505, 1.28768793612694], [117.7545172893982, 1.28762460274858], [117.75451726811906, 1.287552230923981], [117.7545262403776, 1.287497949378546], [117.75452623771787, 1.287488902900482], [117.75455316779295, 1.287371290655328], [117.75456215069036, 1.287353195022512], [117.75456558681829, 1.287346850608274], [117.7547059116139, 1.287181269113262], [117.7547688105035, 1.287117925030751], [117.75476880784369, 1.287108878553168], [117.75470585842339, 1.287000339558952], [117.75459796261896, 1.286873720984248], [117.7545709926575, 1.28685563605587], [117.75447755654562, 1.286672039343901], [117.75445406878583, 1.286593322968759], [117.75442707225476, 1.286484773253068], [117.75440905065709, 1.286330988469484], [117.75437307123708, 1.286240534381067], [117.75434608003397, 1.286150077617053], [117.75431908617841, 1.286050574372959], [117.75431007140706, 1.285960112259962], [117.75425612354512, 1.285896802946281], [117.75425611557877, 1.285869663510051], [117.75423812322308, 1.285815389982552], [117.75426505865074, 1.285715870698983], [117.75425603061497, 1.285580176189915], [117.7542380435742, 1.285543995618698], [117.75421105505109, 1.285462585324452], [117.75420206418609, 1.285453541517176], [117.75413012665271, 1.285345005140276], [117.75407618146832, 1.285290742291322], [117.75404634620467, 1.285257730599814], [117.75395927106212, 1.285073661502999], [117.75390532058344, 1.285001305685693], [117.75387833473671, 1.284928941857519], [117.7538872990773, 1.284847520871896], [117.75389628198236, 1.284829425243537], [117.75397715994964, 1.284775122343057], [117.75395012902729, 1.284548968364279], [117.75395011842097, 1.284512782446361], [117.75393977060983, 1.28450771858516], [117.75391527271876, 1.284496715387469], [117.75390113566885, 1.28448923271752], [117.75386022308588, 1.284467576733716], [117.75385122692481, 1.284440439962943], [117.75385122162277, 1.284422347003557], [117.75383322400036, 1.284349980502004], [117.75376128918492, 1.284250490566012], [117.75375229302679, 1.284223353793771], [117.75372530985442, 1.284160036436098], [117.75375225062524, 1.28407861011505], [117.75377021113893, 1.284024325901394], [117.7537611990844, 1.283942910249237], [117.7537881398556, 1.283861483929697], [117.75377914105148, 1.283825300676942], [117.7537162077151, 1.283771040462917], [117.75368921660787, 1.283680583661037], [117.75366223345017, 1.28361726629812], [117.75368018867142, 1.283544889125465], [117.75368916363352, 1.283499654059201], [117.75369815183835, 1.283499651393483], [117.75406168571838, 1.283633391651096], [117.7541295935982, 1.283526662839166], [117.75410260513647, 1.283445252527861], [117.75400371634753, 1.283381956507378], [117.7538868485057, 1.283309619332538], [117.75385988124562, 1.28330058085066], [117.75381491639018, 1.283219175861055], [117.75380589375946, 1.283101574288186], [117.75367108924333, 1.283164939625071], [117.75357221635406, 1.283155922457157], [117.75353626089115, 1.28314688663476], [117.7534823131382, 1.283083577256856], [117.75345533264594, 1.283029306365322], [117.75343733506574, 1.28295693984777], [117.75338340319833, 1.282947909348532], [117.7533294581003, 1.282893646443465], [117.75332944222454, 1.282839367558093], [117.7532934708913, 1.282776052843255], [117.75324850077617, 1.282676554865045], [117.75315860287701, 1.282622302600207], [117.75307768789445, 1.282549954705438], [117.75305970884449, 1.28254091354703], [117.75303251632472, 1.282505351734984], [117.7530237428123, 1.28249569178493], [117.75294283576821, 1.282450483326382], [117.75289788153667, 1.282405264221275], [117.7528619155093, 1.282360042454024], [117.75283492182766, 1.282260539133471], [117.75282591248242, 1.282188169937624], [117.75286182564878, 1.282052462068775], [117.75289776788372, 1.282016265501999], [117.75294269567597, 1.281971019793645], [117.75291569143494, 1.281835330545754], [117.75290669794964, 1.281817240241548], [117.75289770182228, 1.281790103455359], [117.7529066847383, 1.281772007832275], [117.7529156597277, 1.281726772763712], [117.7527224299608, 1.28135863263864], [117.75271780839266, 1.281346879005161], [117.75270880699031, 1.281301649251441], [117.7527536978159, 1.281129752800573], [117.75287049686415, 1.280966881574974], [117.7529154246497, 1.280921635877329], [117.75300530398243, 1.280912562817853], [117.75322095731877, 1.280695383468291], [117.75322992966835, 1.280641101922493], [117.75356238986977, 1.280288190806832], [117.75368512465649, 1.280230024526868], [117.75376002445995, 1.27992627310264], [117.75376899944523, 1.279881038043161], [117.75377797178938, 1.279826756503649], [117.75377795065988, 1.279754384662244], [117.75379591647848, 1.279718193425138], [117.75379589006846, 1.279627728623673], [117.75378688339163, 1.279564405920501], [117.7537868701881, 1.279519173519629], [117.7538048333662, 1.279473935803302], [117.75379583461343, 1.279437752540389], [117.75375089102056, 1.279428719347954], [117.75374513833299, 1.279418640554968], [117.75374189226895, 1.279392536084293], [117.75375985280827, 1.279338251888049], [117.75383172400497, 1.279220626387265], [117.75400085157199, 1.279200398205005], [117.75401147987127, 1.279193433795361], [117.75407438663109, 1.279157229270914], [117.75414627893603, 1.2791119756083], [117.75419121195515, 1.279084822878814], [117.75422715942604, 1.279066719286771], [117.75427208980159, 1.279030520077631], [117.75435297821001, 1.279012403192008], [117.75441591137549, 1.27906666345353], [117.75447883133226, 1.279075691318105], [117.75453276838572, 1.27910281479768], [117.75456872377912, 1.279111850637815], [117.75462265290504, 1.279111834679099], [117.75468555964608, 1.279075630145854], [117.75470353337778, 1.279066578347447], [117.75474847167084, 1.279057518568495], [117.75480237171867, 1.278957991347698], [117.75481135990535, 1.278957988687488], [117.75489226415826, 1.278994150655775], [117.7549731684122, 1.279030312620131], [117.75505408588825, 1.279111706968328], [117.75511702699569, 1.279193106634504], [117.75512367317461, 1.279206475361029], [117.75532373412605, 1.279120673589024], [117.75533025601658, 1.279139329112907], [117.75533273024801, 1.27914781035754], [117.75538667788406, 1.279211119720175], [117.75546364192026, 1.279168054682995], [117.75560233348942, 1.279002986847031], [117.75565625201578, 1.278966784962619], [117.75566520844893, 1.27885822458395], [117.75567418340421, 1.278812989539544], [117.75541036688759, 1.278656901963378], [117.75521570665937, 1.278541730992233], [117.755205278465, 1.278535230566219], [117.7551887368191, 1.278523646019823], [117.75514378532371, 1.278487473413058], [117.75511680226879, 1.278424156051898], [117.7552156458606, 1.278333662015213], [117.75517967991064, 1.278288440269637], [117.75521561942945, 1.278243197242489], [117.75525156423333, 1.278216047169979], [117.75522458382608, 1.278161776286973], [117.75514366903772, 1.278089428406444], [117.75511667542395, 1.277989925132603], [117.75510291678563, 1.277954613561232], [117.75509868320638, 1.277935651585873], [117.75509868056442, 1.27792660510833], [117.75511663051009, 1.277836135014996], [117.75512561605035, 1.277827085878519], [117.7551345989487, 1.277808990264571], [117.7551345883815, 1.277772804354662], [117.75512558699117, 1.27772757462605], [117.75513456460637, 1.277691386057328], [117.75517050940749, 1.277664235989925], [117.75521544503079, 1.277646129740895], [117.75533232309338, 1.277754652897088], [117.75539524300538, 1.277763680756342], [117.75546715109812, 1.277772705953726], [117.75552107225565, 1.277745550562728], [117.7556109514211, 1.277736477482629], [117.75569185297819, 1.277763592965775], [117.75575477817434, 1.27779071376764], [117.75579074147332, 1.277826889027309], [117.75583569559848, 1.277872108100321], [117.75585830732071, 1.277844961974234], [117.75590759311002, 1.277844947379154], [117.7559420917029, 1.277836256163554], [117.7561422886794, 1.278056262349992], [117.75639307128675, 1.278242848489483], [117.75639307393389, 1.278251894964289], [117.75639309246449, 1.278315220287916], [117.7564560229698, 1.278360434009253], [117.75652792047505, 1.278333273266478], [117.75658864552375, 1.278333255260929], [117.75667424065904, 1.278274180822458], [117.75675258526556, 1.278197509521497], [117.75677054838387, 1.278152271820375], [117.75681546544745, 1.278070840227363], [117.75688737088213, 1.278070818902838], [117.75692332359903, 1.278070808239816], [117.75701318684771, 1.278007456265412], [117.7570761120459, 1.27803457702278], [117.75708511082132, 1.278070760249951], [117.75707613588855, 1.278115995283239], [117.75706715300805, 1.278134090896474], [117.7570491978441, 1.278206468016799], [117.75704920049346, 1.278215514490231], [117.75708517175802, 1.278278829137194], [117.75711216014501, 1.278360239396207], [117.75716611307502, 1.278441641651662], [117.75720207639642, 1.27847781687399], [117.75723697447319, 1.278513493046032], [117.75726502016386, 1.278568262929227], [117.75728300182612, 1.278586350538872], [117.75737292074724, 1.278712974473761], [117.75738191688252, 1.278740111223091], [117.75745383823802, 1.278794368706685], [117.75753472921032, 1.278785298210258], [117.75776250675224, 1.278837260433799], [117.75786738209939, 1.279092779454901], [117.75776852803246, 1.279147087668169], [117.75770561872477, 1.279174245780644], [117.75766968457432, 1.2792375817683], [117.75766071496858, 1.279300909743668], [117.7577146732545, 1.279400404908673], [117.7578135565299, 1.279445607880258], [117.75784053169512, 1.279481785751361], [117.75787650035343, 1.279536053892733], [117.75789451920168, 1.279680792093096], [117.75785859036854, 1.279762221027858], [117.75786760510714, 1.279852683071183], [117.75794851734904, 1.279915984314076], [117.75799346889114, 1.279952156832566], [117.75810135100251, 1.28003354298793], [117.75816427360108, 1.280051617210601], [117.75817325912743, 1.280042568065319], [117.75820919060376, 1.27997018560078], [117.75817321661611, 1.279897824530212], [117.75813723731835, 1.279807370515825], [117.75813723466187, 1.279798324044793], [117.75811922642093, 1.279689771739249], [117.75812820663467, 1.279662629652642], [117.75822706601191, 1.279626414360051], [117.75829896083974, 1.279590207086937], [117.75837985978717, 1.279608275962185], [117.7583798810432, 1.279680647726446], [117.75834393628702, 1.279707797835254], [117.7583439655153, 1.279807309011855], [117.75838893300104, 1.279897760344196], [117.75845187154081, 1.279970113382721], [117.75846984790599, 1.279970108032316], [117.75854175336589, 1.279970086629429], [117.75864961952944, 1.279997193931116], [117.75864065793462, 1.280087661306581], [117.75861371199838, 1.280150994624733], [117.75862270815806, 1.280178131358551], [117.75867664523308, 1.28020525471034], [117.75869464553314, 1.280286667585814], [117.75874858527068, 1.28032283740395], [117.75876658025591, 1.280386157337656], [117.75881791781629, 1.280452550375667], [117.7588987762836, 1.280559049378555], [117.75908792331099, 1.280386846838234], [117.75926861166717, 1.280242597696098], [117.75921193019266, 1.279960793540419], [117.75931148074794, 1.279872689263319], [117.75934795401602, 1.279772277061367], [117.75935655929958, 1.279772274497514], [117.75936566881903, 1.279763100472875], [117.75937471660026, 1.279537885925661], [117.75950070358614, 1.279310597472441], [117.75960906671845, 1.279401771687841], [117.75961716701474, 1.279402279495143], [117.75971733768048, 1.279173469885259], [117.7597244211124, 1.279163788053478], [117.7598596001548, 1.279201961865283], [117.75986061522121, 1.279212151504606], [117.75996883752157, 1.27930123962608], [117.7599872747638, 1.279474636828221], [117.75995121337861, 1.279978794575764], [117.75994101355191, 1.280088569269695], [117.76000346787521, 1.280378370524027], [117.76022056542973, 1.280441488084334], [117.76033766548836, 1.280631405423917], [117.76027454162322, 1.280820969467874], [117.76027454462631, 1.280831159407704], [117.76010365956493, 1.280910696302356], [117.76011897950615, 1.280936732890872], [117.7602746537219, 1.281201281107904], [117.76027465660589, 1.281211063956697], [117.76028403048613, 1.281409575024236], [117.76027430862595, 1.28140876193665], [117.76026650542565, 1.281422114139009], [117.76015566781781, 1.281611783815882], [117.76040004660898, 1.281666365946972], [117.76069615675179, 1.281720462169037], [117.76098388004574, 1.281774671224116], [117.76098909452206, 1.281776129764297], [117.76099398298665, 1.281778466813783], [117.76099840160798, 1.281781612757783], [117.76100221823228, 1.281785474457248], [117.76109216718639, 1.28189404675511], [117.76109497627004, 1.281898025455013], [117.76112111876228, 1.281941849569286], [117.76122607042515, 1.282082604690711], [117.7612861810576, 1.282135510333806], [117.7614979792897, 1.282128570726763], [117.76160756483243, 1.282228258003192], [117.76164719294995, 1.282414118411489], [117.76164776662101, 1.282417919563972], [117.76164787741314, 1.282421763373444], [117.76164752441068, 1.282425592847467], [117.76161198710513, 1.282657276203084], [117.76161187136401, 1.282657974624786], [117.7616025194535, 1.282710661319952], [117.76170650455478, 1.282679845056106], [117.76171180996059, 1.282678761509806], [117.7617172217025, 1.282678609717446], [117.76172257799426, 1.282679393346065], [117.761727722435, 1.282681090730999], [117.76173250221012, 1.282683649448536], [117.76205815400482, 1.282896114817895], [117.76235545871107, 1.282913626487095], [117.76235998713686, 1.282914227623656], [117.7623643818323, 1.282915482859545], [117.76236854931223, 1.282917365083434], [117.76237240237947, 1.282919834517017], [117.76237585922634, 1.282922839619991], [117.76239384095147, 1.282940927153165], [117.7623969753218, 1.282944605409602], [117.76239951660129, 1.282948720788027], [117.76240140274359, 1.282953179223848], [117.76240259237179, 1.28295787488584], [117.76244762087464, 1.283220267597069], [117.76244807996633, 1.283225647390603], [117.76244793436192, 1.283228696996797], [117.76242119890928, 1.283507624644832], [117.76242123840454, 1.283640974013945], [117.76263814379634, 1.283758442367243], [117.76298845534158, 1.28393912077177], [117.76298989098918, 1.283939910096665], [117.76313755215568, 1.284026544409627], [117.76307965873691, 1.284203672512086], [117.76306170382563, 1.284276049595411], [117.76307970435062, 1.28435746233692], [117.7630797097173, 1.284375555257476], [117.76307074836325, 1.284466022561149], [117.76307974996979, 1.284511252161567], [117.76310673600643, 1.284583615739968], [117.76310673869031, 1.284592662200173], [117.76313371667736, 1.28463788639684], [117.76322361198936, 1.284683091680036], [117.76325957279931, 1.28471022025176], [117.76328654810567, 1.284746397984589], [117.76328655347541, 1.284764490904214], [117.76328658569558, 1.284873048421911], [117.7632955899964, 1.284927324478061], [117.7632955980523, 1.284954463857402], [117.76327763241382, 1.284990655102076], [117.76325966140438, 1.285008753427214], [117.76318777199373, 1.285063053807994], [117.76312486808524, 1.285108305025953], [117.76305297061329, 1.285135466025421], [117.76300803771235, 1.285162618917436], [117.76299905757544, 1.28518976100075], [117.76297210105567, 1.28521690848849], [117.7629541354116, 1.285253099734641], [117.76293616439781, 1.285271198059925], [117.7629271788908, 1.285280247222575], [117.76291819875318, 1.285307389306338], [117.76290022773883, 1.28532548763174], [117.76286429376341, 1.285388823664598], [117.76284632543292, 1.285415968450875], [117.76282835173275, 1.285425020315778], [117.76278342150842, 1.28546121966905], [117.76273849933624, 1.285524558405035], [117.76269687528406, 1.285549711939429], [117.76259470971895, 1.28559697332211], [117.76254078055733, 1.285596989531166], [117.7624688750074, 1.285597011141457], [117.76240596033381, 1.285606076510407], [117.76235203385298, 1.285615139177295], [117.76224418893742, 1.285660403894181], [117.76218128767303, 1.285714701569387], [117.76212736655222, 1.285741857157728], [117.76212736386937, 1.285732810695532], [117.76209141377193, 1.285741867958487], [117.76207344542975, 1.285769012745601], [117.76203253093844, 1.285834943899656], [117.76202852591445, 1.285841397944999], [117.76201954844976, 1.285877586494755], [117.76199258386245, 1.285877594595082], [117.76197461015343, 1.285886646457648], [117.76197461551872, 1.285904739382663], [117.7619746182014, 1.285913785845169], [117.7619836117628, 1.285931876070054], [117.76203755435344, 1.285977092180473], [117.76201959674259, 1.286040422818097], [117.7620196208913, 1.286121840979689], [117.76201962625788, 1.28613993390448], [117.76197471747359, 1.286248504957452], [117.76196573195982, 1.286257554120713], [117.76196573464318, 1.286266600583213], [117.76201966919331, 1.286284677302715], [117.76205563808459, 1.286338945272254], [117.76207361716305, 1.28634798633195], [117.7620826080443, 1.286357030092845], [117.76210058443881, 1.286357024690008], [117.7621185635174, 1.286366065749214], [117.76212755439882, 1.286375109509815], [117.76216351255631, 1.286393191627372], [117.76225340526659, 1.286429350455812], [117.76228037254289, 1.28643838881106], [117.76231632264638, 1.286429331540025], [117.76236244226448, 1.286433290879725], [117.7623891985636, 1.286443157048298], [117.76240763117048, 1.286450930558724], [117.76242235072695, 1.286458616530172], [117.76244280711717, 1.286474264377067], [117.76246022405395, 1.286497162972541], [117.76246843828216, 1.286533205226347], [117.76248729769756, 1.286579891964398], [117.76253063241509, 1.286612916610223], [117.76253658362265, 1.286616353380425], [117.76256290302689, 1.286629009605918], [117.76258679083077, 1.286634625701069], [117.76262886810981, 1.286685839538413], [117.76262450929934, 1.286723725622787], [117.76263356224098, 1.286748032551536], [117.76266004886712, 1.28677292768276], [117.7626768961779, 1.286823805342658], [117.762688630898, 1.286880382906689], [117.76270195797696, 1.28690854686423], [117.76269785148799, 1.286915335660176], [117.76273255206989, 1.286987420089169], [117.76275543520136, 1.2870512061355], [117.76275845256691, 1.287081548868759], [117.76276448748608, 1.287091439358067], [117.76278887862728, 1.287139383690353], [117.76284285795923, 1.287208283384333], [117.76284252275973, 1.287229657559567], [117.76279105805128, 1.287265699680844], [117.76276188905493, 1.287288246816022], [117.76275501607094, 1.287298304931693], [117.76276716926508, 1.287335436997769], [117.76279089037487, 1.287369886018992], [117.76283313541515, 1.287407856677639], [117.76283523070819, 1.287417411823926], [117.76285886775084, 1.287459321485479], [117.76287429019197, 1.287479102357053], [117.76290379104866, 1.287493499058391], [117.76302735596228, 1.287709902042592], [117.76319191512604, 1.289064654018876], [117.76322490273229, 1.289025392381731], [117.76339561395406, 1.288808225843239], [117.76344949199118, 1.288636326850971], [117.7634584047802, 1.288383023282851], [117.76344941388568, 1.28837397953415], [117.76340444595043, 1.288283528493034], [117.76340440825489, 1.288156878062605], [117.76360213789579, 1.28812063260241], [117.76387175695636, 1.288030086690204], [117.76397063253668, 1.288048149780791], [117.76414139753976, 1.288011912422834], [117.76418641130138, 1.288256153218564], [117.76419539950088, 1.288256150505706], [117.76424934487137, 1.288310412973016], [117.76444706368662, 1.288237981618521], [117.76444706638286, 1.288247028075626], [117.76452798444222, 1.288328421762972], [117.76451901781735, 1.288400796132713], [117.76451002961804, 1.288400798847024], [117.76433930775534, 1.288581779559196], [117.76426746686971, 1.288798916249635], [117.76420457103374, 1.288871306909378], [117.764168645194, 1.288961782342403], [117.76416864789078, 1.288970828800047], [117.76378222257705, 1.289197106946099], [117.76377323437337, 1.28919710965947], [117.76341379514372, 1.289495751322289], [117.76341379783898, 1.289504797781494], [117.76331498686976, 1.289703849726504], [117.76327360700672, 1.289737188470414], [117.76328326335434, 1.289816684944274], [117.76331663088703, 1.289879058357596], [117.76329084102449, 1.289879066142356], [117.76332884112617, 1.29019190568962], [117.76336848731664, 1.290192241102739], [117.76336689510292, 1.290296427854792], [117.76337611482329, 1.290358453933194], [117.76338709487743, 1.290388796062742], [117.76343210575075, 1.290451157809915], [117.76347829066681, 1.290450822710555], [117.76352397207745, 1.290480075113629], [117.76356687415513, 1.290490642892538], [117.76355787609826, 1.290400353801737], [117.7635936859765, 1.289920880625816], [117.76378235739644, 1.289649429867604], [117.76387226642066, 1.289739867304812], [117.76396213768285, 1.289703654322609], [117.76397112588789, 1.289703651607501], [117.7640160426334, 1.289622219910221], [117.76408794287433, 1.289604105272758], [117.7642137750364, 1.289595020797503], [117.76428569416179, 1.289640231357162], [117.76434860889157, 1.289631165886402], [117.76441151282403, 1.289585914586011], [117.76476203925306, 1.289540576338787], [117.76477102745584, 1.289540573621179], [117.76477998595806, 1.289441059884133], [117.76478897416044, 1.289441057166671], [117.76489682988745, 1.289431978098574], [117.76503165831899, 1.289450030238913], [117.76513951674056, 1.289449997616307], [117.76532825005893, 1.289386615329625], [117.7653731397308, 1.289214719086611], [117.76548098462436, 1.289169454181186], [117.76555297940341, 1.289467965429732], [117.76551251396188, 1.289712785619495], [117.76550811948454, 1.28973937267326], [117.76544521558546, 1.289784623991503], [117.76528343875248, 1.289820858776815], [117.76504974277465, 1.289811883031226], [117.76504974547633, 1.28982092948694], [117.76497789388294, 1.290001880356753], [117.76479811899533, 1.28996574891204], [117.76476219589028, 1.290065270805659], [117.76466333644164, 1.290101486535462], [117.76465434823665, 1.290101489253868], [117.76451953056048, 1.290119622939772], [117.76440269468974, 1.290155844098674], [117.76442968360942, 1.290237254058721], [117.7642050108513, 1.290345879485354], [117.76416910662132, 1.290508726590026], [117.76408828565341, 1.290753005404217], [117.76407929744494, 1.290753008121951], [117.76399023006141, 1.290769334960526], [117.7640024107756, 1.29079909050834], [117.76403233409685, 1.290837480059236], [117.76403283731152, 1.290837061056051], [117.76403359127382, 1.290839574838936], [117.76403417835428, 1.290840078549153], [117.76404281123811, 1.290932446613576], [117.76405010351745, 1.290963040435958], [117.76408270891822, 1.290992377287175], [117.76411648874083, 1.291002519006819], [117.76416108022707, 1.291005788479997], [117.7641817833154, 1.290998580332689], [117.76418578821878, 1.291003787167382], [117.76422615736084, 1.29105628060012], [117.76434488469391, 1.291210663196726], [117.76464826563841, 1.290868020944312], [117.76481244809494, 1.290586054706715], [117.76499090778566, 1.290503962903966], [117.76521857523866, 1.290310751243176], [117.76538456390965, 1.290274298957509], [117.76545019941075, 1.290271406834576], [117.76549430599714, 1.290276311132206], [117.76550025718777, 1.290276646762893], [117.76556882102602, 1.290291733580284], [117.76558767997662, 1.290291398577881], [117.76560695802465, 1.290288884157322], [117.76563939618046, 1.29026692401386], [117.76567585756047, 1.290227276831905], [117.76568138989025, 1.29021855980141], [117.76568993894041, 1.290213782493078], [117.76571013956435, 1.290200538696974], [117.76572346721294, 1.290191319036468], [117.76574668501804, 1.290192575793825], [117.76581499708205, 1.290186289526982], [117.76586562416016, 1.290141614557293], [117.7659216149801, 1.29012560436828], [117.76595363408248, 1.290127029435682], [117.76596411162728, 1.290124011982738], [117.76598774865717, 1.290126526972994], [117.76600920604672, 1.290108002379579], [117.76605497091367, 1.290094758978563], [117.76611557215088, 1.29007698966361], [117.76617952610354, 1.290053604197638], [117.76623182895635, 1.290037259498187], [117.76630751815267, 1.290014711794102], [117.76632796986266, 1.289999541025133], [117.76632277276167, 1.289963079963493], [117.76630433312397, 1.289949920247579], [117.76630315967533, 1.289939274736299], [117.76631087017894, 1.28991966149694], [117.76632235399694, 1.289894264620831], [117.76632780183833, 1.289888564608602], [117.76632671248181, 1.289879596284406], [117.766325623208, 1.289876913436314], [117.76632495185692, 1.289871130241839], [117.76632637757059, 1.289859730373328], [117.76632838845882, 1.28984246370218], [117.76632847272428, 1.28982368866639], [117.7663712206846, 1.289706761153111], [117.76637406981897, 1.289706342343587], [117.76657464912927, 1.289668707110834], [117.76662955099943, 1.289684213278614], [117.76666995144981, 1.28973023029001], [117.76670490421645, 1.28978546728708], [117.76673574966104, 1.289829639906863], [117.76668814011909, 1.289904909070569], [117.7666112781673, 1.289922091686251], [117.76655528687549, 1.289963498898522], [117.7665142994357, 1.289986381662775], [117.76651086261505, 1.290017310719583], [117.7665244419065, 1.290029045280849], [117.7665142158796, 1.290064584659241], [117.76651890921784, 1.290081599615217], [117.7665176520529, 1.290088556719011], [117.76651371229451, 1.290102806077563], [117.76647331210458, 1.290159802840744], [117.76646803167014, 1.29018427781228], [117.76639385139705, 1.290245214596561], [117.7663495946616, 1.290282178253441], [117.76633216052878, 1.290307156274227], [117.76631941980989, 1.290349401647953], [117.7663193366504, 1.290371864922581], [117.76627927119539, 1.290433136940332], [117.76626812319768, 1.290448391736581], [117.76623945699875, 1.290487032403836], [117.76617868827455, 1.290503795812104], [117.76611984696237, 1.290533719416744], [117.76605044532333, 1.290557356221985], [117.76603988351819, 1.290564146073307], [117.76602756214828, 1.290572024746401], [117.76596922457985, 1.290609324675862], [117.76591004824716, 1.290637068184486], [117.76585003361237, 1.290683839354854], [117.765813237354, 1.290688701214761], [117.7657964727882, 1.290716528666973], [117.76577526700704, 1.290749888467663], [117.765768393599, 1.290767491333282], [117.7657602634736, 1.290811579885924], [117.76576210728328, 1.290872767739154], [117.76574425389228, 1.290917442735128], [117.76573763250094, 1.29093320095247], [117.76573495016407, 1.290947366704624], [117.76574886418211, 1.290966309383008], [117.76575439639186, 1.290999250372058], [117.76571500138031, 1.291036298498714], [117.76571592301924, 1.291091534969164], [117.7657362070592, 1.291149789800531], [117.76574718742378, 1.291202092170119], [117.76574752276765, 1.291208379354662], [117.76573402828659, 1.291218772394146], [117.76573369277553, 1.291217933889464], [117.76573075897453, 1.291217766514719], [117.76572824479746, 1.291217180161907], [117.76568155752123, 1.291250791038538], [117.7656761927939, 1.291275937286621], [117.76569329215229, 1.291288593521913], [117.76570501580917, 1.29130774312271], [117.7657134086055, 1.291321450481095], [117.76574031481836, 1.291330503253768], [117.7657849903686, 1.291392445260414], [117.7657941272143, 1.291417579874261], [117.76581793050939, 1.291483053610683], [117.76582296054458, 1.291573913772522], [117.7658196076859, 1.29163610735654], [117.76581974930099, 1.291637778193783], [117.76582212158254, 1.291665778965793], [117.7658325992589, 1.291729230335692], [117.76583201206653, 1.291737360562659], [117.76581181201615, 1.291770553608402], [117.76579362333023, 1.291806092694633], [117.76576639541457, 1.291836338727849], [117.76575657546624, 1.291847247207469], [117.76573059175931, 1.291902316335824], [117.76571986237249, 1.291976831620813], [117.76566244632724, 1.292021004781764], [117.76566521232638, 1.292055119029576], [117.76564199466809, 1.292096441231853], [117.7655535658894, 1.292120245753728], [117.76547804470869, 1.29213080777645], [117.7654684892999, 1.292136674586469], [117.7653973269008, 1.292130556335252], [117.76532063287998, 1.292141536655706], [117.76527486767787, 1.292123767007468], [117.76525835487408, 1.292115888027082], [117.76524016645442, 1.292116306963897], [117.76521091389307, 1.292114881968174], [117.76518811470035, 1.292118905505735], [117.76515986769326, 1.292134747175445], [117.76509884706938, 1.29213290300571], [117.76504302442011, 1.292125358896239], [117.76500731732781, 1.292108595778093], [117.76498426722353, 1.292082108406136], [117.76497705829378, 1.292074816432788], [117.76497102334058, 1.292040869624081], [117.76494679982848, 1.292015891555693], [117.76492777244042, 1.292042126617378], [117.7648784036407, 1.292065679551563], [117.76484311561137, 1.292058639434748], [117.76480707331311, 1.292045060766798], [117.76475586040549, 1.292069536091948], [117.76470112575619, 1.29212954968092], [117.76473280938606, 1.292196270368385], [117.76475795508394, 1.292236251708531], [117.76479257243538, 1.292254775600796], [117.7648291178792, 1.292249663230298], [117.76488695258337, 1.292267851699122], [117.76488686910108, 1.292274222239244], [117.7649013702431, 1.292338846635862], [117.76497278334547, 1.292377738324972], [117.76498175554683, 1.292405331821026], [117.76503154072279, 1.292508663447931], [117.76509784204598, 1.292537916775345], [117.76514000215964, 1.292537916657657], [117.76519758665636, 1.292527941763054], [117.76525114643887, 1.292557697408319], [117.76528836268511, 1.292607570088899], [117.76531007172912, 1.292697004908583], [117.76534418622849, 1.292735142560203], [117.76539514748579, 1.292740758520212], [117.76547410500275, 1.292775627650302], [117.76551132047402, 1.292789876286731], [117.76555339769055, 1.292756180852919], [117.76560410840587, 1.292735561259615], [117.76567208609455, 1.292711003027437], [117.76576210695715, 1.292721060696428], [117.76581223104672, 1.292734472231712], [117.76591289749925, 1.292801360109039], [117.76595036535404, 1.29282399110535], [117.76597190681944, 1.292846035297966], [117.76600811662416, 1.292881658287645], [117.7660127266646, 1.292887609454832], [117.76601557614595, 1.292897332623325], [117.76603829126175, 1.292939661322573], [117.7660746681836, 1.293032029952019], [117.7660905101145, 1.293086679293362], [117.76609109702927, 1.293155578718751], [117.76612529498742, 1.293220203436373], [117.76619017115904, 1.293217688717177], [117.7662529518165, 1.293148035471931], [117.76629963900959, 1.293132109481204], [117.76634037490034, 1.293076537406034], [117.76634984688226, 1.293029263190016], [117.76639661751175, 1.29301283509564], [117.76643567734806, 1.29298207342883], [117.76649334454189, 1.292957179065892], [117.76651589214413, 1.292944438427448], [117.7664801011951, 1.292839916629764], [117.76648118688571, 1.292833638061347], [117.76648327698676, 1.292825786914201], [117.76648612815949, 1.292817169301275], [117.76648802837948, 1.292808551977239], [117.76648669351272, 1.292799169401438], [117.76648478938783, 1.292794766166451], [117.7664837057409, 1.292789876887661], [117.76649191955896, 1.292773196351104], [117.76650046893445, 1.292730532489617], [117.7664764970065, 1.292633386291287], [117.7664634209712, 1.292564487046678], [117.76652318457435, 1.292522828974267], [117.7665654292848, 1.29249625846973], [117.76659484915494, 1.292426185658685], [117.76656844650381, 1.292357957187151], [117.76657598977388, 1.292263241245837], [117.76656920085352, 1.292223846908925], [117.76658621628715, 1.29214840970143], [117.76664078267439, 1.292094011282349], [117.76671077134445, 1.292061657099143], [117.76678729771815, 1.292046234079477], [117.7668197361504, 1.292028212739241], [117.76684806707655, 1.292025530906852], [117.76687270941787, 1.292023435500154], [117.76691034460153, 1.292040617754951], [117.76694881699612, 1.292062159239922], [117.76699433117435, 1.292082108218111], [117.76705769781908, 1.292084371384441], [117.7671117614485, 1.29210088372871], [117.76711771283034, 1.292107841355701], [117.767156269414, 1.292140362488908], [117.76715685567142, 1.292141116784826], [117.76717697235017, 1.29216265841478], [117.76721209305423, 1.292223175740099], [117.76721326619912, 1.292238766038485], [117.76725232574819, 1.292314957856258], [117.76726615591896, 1.292332978706925], [117.76729943269491, 1.292391987640729], [117.76734687379594, 1.292420402595417], [117.76738635257787, 1.292452924344703], [117.76739406440588, 1.292461725101548], [117.76740202709436, 1.292476812161101], [117.76740294874494, 1.292481003101757], [117.7674121692726, 1.292491396479766], [117.76742817838088, 1.292528026120609], [117.76748542638649, 1.292553004054986], [117.76751206485145, 1.292553375904067], [117.76767748662571, 1.292514778659463], [117.76773141043427, 1.292496669353796], [117.76776733337678, 1.292397147468735], [117.7677673279434, 1.292379054569231], [117.76782123816402, 1.292315713015528], [117.76788415017226, 1.292297600975398], [117.767902123867, 1.292288549056825], [117.76795604495021, 1.292261393300796], [117.76805491521071, 1.292261363217185], [117.76806152570788, 1.29226326186479], [117.76806152006158, 1.292244465152777], [117.76803454729361, 1.292217334010165], [117.76808845750315, 1.29215399245671], [117.76810643119563, 1.292144940537715], [117.7681154166831, 1.292135891353685], [117.76813338222303, 1.292099700087656], [117.7681423677103, 1.29209065090368], [117.7681513504801, 1.292072555270753], [117.76816931873684, 1.292045410453945], [117.76821424888853, 1.292009210983244], [117.76826814278517, 1.29189159073886], [117.76826814006779, 1.291882544290139], [117.76830408744708, 1.291864440452565], [117.76834004297844, 1.29187347596049], [117.76836701030635, 1.291882514203125], [117.76842093952642, 1.291882497790394], [117.76845689233946, 1.291882486847934], [117.76849285874334, 1.291927708146163], [117.76847489864642, 1.291981992307554], [117.76843895126862, 1.292000096147811], [117.76842997121967, 1.292027238228759], [117.76842998752966, 1.29208151691894], [117.76840302835431, 1.292099618023646], [117.768367078256, 1.292108675415673], [117.76838506553767, 1.292144855737749], [117.76846595121962, 1.2921176917678], [117.76849291583159, 1.292117683559029], [117.76851088952073, 1.292108631638167], [117.76857379879074, 1.292081473138771], [117.76861873165173, 1.292054320111909], [117.76864569082392, 1.292036219006099], [117.7686726472765, 1.29200907145238], [117.76869061008732, 1.291963833739823], [117.76872654930348, 1.291918590554138], [117.7687714794402, 1.291882391079576], [117.7687808037183, 1.291876130812029], [117.76884337146305, 1.291837136946684], [117.76887931611353, 1.291809986656328], [117.76889729251762, 1.291809981182206], [117.7689242516845, 1.291791880076127], [117.76894222264913, 1.291773781707181], [117.76895120813136, 1.291764732522716], [117.76899612738266, 1.291692347258936], [117.76899610562671, 1.291619975681459], [117.76900508838898, 1.291601880050064], [117.76910393412244, 1.291520431918082], [117.769112922323, 1.291520429180851], [117.76913988420488, 1.291511374522078], [117.76918482248708, 1.291502314388267], [117.76924772900885, 1.291466109438592], [117.76929266728885, 1.291457049303568], [117.76929266456874, 1.291448002857001], [117.76930165276863, 1.291448000119252], [117.76935557652706, 1.291429890799219], [117.76938253296504, 1.291402743246187], [117.76943645400063, 1.291375587479078], [117.7695173314699, 1.291321284158395], [117.76958024069992, 1.291294125651875], [117.76967910816403, 1.291285049081454], [117.76973304007615, 1.291294079093939], [117.76978696654491, 1.291285016213998], [117.76984334874315, 1.29125256661654], [117.76985886396544, 1.291257854963691], [117.76985036639284, 1.291206635670344], [117.7698498594377, 1.291203579030665], [117.76988580406405, 1.291176428737663], [117.76992174324616, 1.291131185554114], [117.76995769875766, 1.291140221041828], [117.77000265063258, 1.291176393124479], [117.77004758345308, 1.291149240090737], [117.77008353896426, 1.291158275576237], [117.77009252716148, 1.291158272836288], [117.7701104981111, 1.291140174466611], [117.7701913918842, 1.291140149805402], [117.77023634375992, 1.2911763218819], [117.77024534012567, 1.29120345847502], [117.77024534104574, 1.291206515268631], [117.77024535918684, 1.291266783586851], [117.77029929381663, 1.291284860030701], [117.77037121301179, 1.291330070323289], [117.77038919757747, 1.29135720417328], [117.77041618396089, 1.291429567502175], [117.77042519667576, 1.291510982757781], [117.77038925205711, 1.29153813305777], [117.77037128928205, 1.291583370762635], [117.77036230653233, 1.291601466393021], [117.77035333467954, 1.291655747800601], [117.77034435192971, 1.291673843431143], [117.77032639460283, 1.291737174025372], [117.77029044453201, 1.291746231437633], [117.77025448901233, 1.291737195960553], [117.77023651806266, 1.291755294333087], [117.77021855528503, 1.29180053203934], [117.77020956980992, 1.291809581225683], [117.77021856073331, 1.291818624928467], [117.77023654802883, 1.291854805222866], [117.77025452715183, 1.291863846183374], [117.77029048267356, 1.29187288165937], [117.77029048812265, 1.291890974548179], [117.77029050174573, 1.29193620677019], [117.7702994981194, 1.291963343360995], [117.77024556892154, 1.291963359814878], [117.7702455825446, 1.292008592037344], [117.77024558799393, 1.292026684926325], [117.77028156259269, 1.292099045511946], [117.7702725825675, 1.292126187587843], [117.77028157894287, 1.292153324178383], [117.77029057259345, 1.292171414324386], [117.77023665974123, 1.29222570944771], [117.77019075062542, 1.292264238697818], [117.77018274416174, 1.292270958126634], [117.77013782223118, 1.292334296952374], [117.77014682133255, 1.292370479988448], [117.77018277958821, 1.29238856190647], [117.77021875147139, 1.292451876046263], [117.770281671607, 1.292460903287748], [117.77029067343744, 1.292506132766136], [117.77028169341354, 1.292533274842783], [117.77032665350427, 1.292596586234553], [117.77035362901474, 1.292632763779726], [117.77033567169555, 1.292696094377473], [117.77029073068489, 1.292696108097542], [117.77028175066148, 1.292723250174552], [117.77026377698307, 1.292732302106808], [117.77020984776851, 1.292732318569719], [117.77014694670603, 1.292786616442882], [117.77017392494484, 1.292831840434835], [117.77013798848948, 1.292886130077765], [117.7701110266059, 1.292895184753715], [117.77009304474741, 1.292877097351574], [117.77003010006796, 1.292786652107155], [117.77002110913939, 1.29277760840542], [117.76994022076165, 1.292795725982616], [117.76994464361138, 1.292806845428862], [117.77000566046307, 1.292850033537252], [117.7700094517399, 1.292853190494344], [117.77001270748747, 1.292856903971302], [117.77001534858232, 1.29286108352779], [117.77001730937947, 1.292865626054386], [117.77001854220819, 1.29287042119901], [117.77006027863179, 1.293108035971183], [117.76999872962743, 1.293121380175192], [117.76998525990446, 1.293121384287008], [117.7699583061955, 1.293157578298205], [117.76995830892156, 1.293166624743228], [117.7699223588292, 1.293175682163062], [117.76990438241988, 1.293175687650276], [117.76989539421517, 1.293175690393835], [117.76985046682023, 1.293220936337401], [117.769778582985, 1.293293329847405], [117.76976060384858, 1.293284288888656], [117.76969769731227, 1.293320493873199], [117.76965277263615, 1.293374786262498], [117.76964378443022, 1.293374789005583], [117.7695988515761, 1.293401942057847], [117.76949100127597, 1.293429114309139], [117.7694820130695, 1.293429117051763], [117.76945505662462, 1.293456264617672], [117.76942809472949, 1.293465319291367], [117.76938317004407, 1.293519611680789], [117.76934723901378, 1.293591994220715], [117.76929331521872, 1.293610103567792], [117.76922143135387, 1.293682497077805], [117.7691675102792, 1.29370965287054], [117.76913155744653, 1.293709663838606], [117.76911358103007, 1.293709669322447], [117.76910460644308, 1.293754904298343], [117.76910460916739, 1.293763950745145], [117.76906867812755, 1.293836333287786], [117.76903273618927, 1.293872530043314], [117.76901476249549, 1.293881581974127], [117.76896983507064, 1.293926827918628], [117.76893389040548, 1.293953978227178], [117.76890692577693, 1.293953986452331], [117.76888894935782, 1.293953991935605], [117.76885301286265, 1.294008281585711], [117.76882606457644, 1.294062568494607], [117.76868414138987, 1.293787092239736], [117.76874671253503, 1.293161940054547], [117.76867586436998, 1.293220319381821], [117.7686337081819, 1.293364741593962], [117.76863176374762, 1.293369770202763], [117.76862900036541, 1.293374392875621], [117.7686254961926, 1.29337847660591], [117.76862135455795, 1.29338190285369], [117.76847995274284, 1.293479809526893], [117.76847300965704, 1.293486802738551], [117.76846889410655, 1.29349029139885], [117.76846424892302, 1.293493023937403], [117.76838912188215, 1.293528918715829], [117.76825685486772, 1.293639123060147], [117.76825456429546, 1.293640860676371], [117.76812595346958, 1.293729470935733], [117.76807786341557, 1.293850582268637], [117.76807788404925, 1.293919184205212], [117.76811114779423, 1.293994451387328], [117.7681116101192, 1.293995551294735], [117.76814518941067, 1.294079971576768], [117.76818304303816, 1.294118047402309], [117.76825192375057, 1.294161347140206], [117.76825412631975, 1.294162866272319], [117.76827142716321, 1.294175917739008], [117.768272565864, 1.294175566389668], [117.76830851598818, 1.294166508981435], [117.76831389157752, 1.294165643406817], [117.76831933486294, 1.294165723165498], [117.76832468315723, 1.294166746497782], [117.76832977556221, 1.294168682694788], [117.76833446015965, 1.294171473905569], [117.76833859670788, 1.294175035136231], [117.76834206203681, 1.294179261485524], [117.76834475004718, 1.294184025430877], [117.76834658339762, 1.294189184966591], [117.76834750451677, 1.294194584511307], [117.76834949362271, 1.294218525332743], [117.76834963296938, 1.294218622991914], [117.76835351165843, 1.29422252444759], [117.76835490986879, 1.294224329692573], [117.76836865320915, 1.294243456028609], [117.7683704022337, 1.294246171239401], [117.7683727209001, 1.294251172314208], [117.76837414174324, 1.29425650295349], [117.768374621571, 1.294262001239003], [117.76822478579497, 1.294523255004562], [117.7680825679728, 1.294550106610947], [117.76808257069517, 1.294559153059872], [117.76808260064242, 1.294658663998006], [117.76804668045801, 1.294767232346519], [117.76798379018346, 1.294857716019167], [117.76793887361302, 1.294939147763078], [117.76793266655973, 1.294948800408371], [117.76790293981081, 1.295002483868977], [117.7678490295761, 1.295065825455967], [117.76777727088484, 1.295554355651107], [117.76775687564854, 1.29558398085389], [117.76771219210707, 1.295669204806296], [117.76768744589668, 1.295744358503233], [117.76769646952216, 1.295861959607667], [117.76776839161651, 1.295916216372521], [117.76783131187247, 1.295925243628772], [117.76784929103438, 1.295934284594023], [117.76786727564546, 1.295961418457635], [117.76791224126255, 1.296042822788847], [117.76794821593916, 1.296115183411239], [117.76797521057571, 1.296214686122048], [117.76798420152068, 1.296223729827916], [117.7680189620032, 1.296251700792656], [117.76805603749503, 1.296206895075974], [117.7681131548597, 1.296075385687936], [117.76823342285677, 1.295989642916661], [117.76826937300314, 1.295980585493673], [117.76827836122115, 1.295980582749971], [117.76830532314898, 1.295971528070324], [117.76836824067398, 1.295971508862972], [117.76843115274495, 1.295953396757885], [117.76844912100036, 1.295926251925275], [117.76849405663405, 1.29590814530791], [117.76848508750366, 1.295971473188004], [117.7684581473918, 1.296052899453352], [117.76844917280825, 1.296098134438023], [117.76843120455267, 1.296125279271324], [117.7684312072796, 1.296134325719393], [117.76844019822478, 1.296143369422837], [117.76845817738827, 1.296152410381502], [117.76846716560652, 1.296152407636762], [117.76847615382474, 1.29615240489199], [117.76849413298828, 1.296161445850283], [117.76850312393371, 1.296170489553309], [117.76848516386075, 1.296224773730786], [117.7685301049527, 1.296224760005517], [117.76853908771606, 1.296206664364701], [117.76856605509833, 1.296215702576949], [117.76859303339154, 1.296260926579658], [117.76862899444848, 1.29628805494057], [117.7686739491808, 1.296333273449756], [117.76866499643022, 1.296450880013792], [117.76870997299736, 1.296568470099736], [117.76872794943569, 1.296568464606663], [117.76876392141564, 1.296631778751414], [117.76878190331263, 1.296649866152257], [117.76883585992354, 1.296740314141734], [117.76888082285983, 1.296812671981254], [117.76886287372024, 1.296903141947418], [117.76884490547025, 1.296930286784264], [117.76887187832124, 1.296957417882075], [117.76890044657306, 1.296948782455268], [117.76896175233077, 1.296930251060763], [117.7690156761886, 1.296912141677632], [117.76910554199965, 1.296857835513319], [117.76916847045906, 1.296894002058589], [117.7691774586784, 1.296893999309741], [117.76917747779707, 1.296957324434683], [117.76918648786791, 1.297029693256839], [117.76919547881923, 1.297038736954012], [117.7692494272603, 1.297102045581816], [117.7692763973839, 1.297120130225376], [117.76927641650836, 1.297183455348726], [117.7693303950138, 1.297346274878413], [117.76935737607245, 1.297400545303185], [117.76947426394193, 1.297536206229136], [117.76951024689758, 1.297635706126022], [117.76955519620584, 1.297662831704176], [117.76961813562956, 1.297735184003872], [117.76964512490578, 1.297816593755308], [117.76967209777517, 1.297843724833587], [117.76967857840214, 1.297853036165168], [117.76973504267862, 1.297934170015887], [117.7698249549893, 1.298033653378234], [117.76997775202379, 1.298024560117834], [117.77002266850343, 1.297943128345962], [117.7700226493492, 1.297879803234148], [117.77002597854766, 1.297852929748087], [117.77003161568055, 1.297807428923911], [117.77003160200012, 1.297762196701236], [117.77005855298137, 1.297716956217413], [117.77017540805396, 1.297744059748525], [117.77018897343864, 1.297730398173605], [117.77022033547168, 1.29769881375627], [117.77018436617335, 1.29764454610791], [117.77014840234921, 1.297608371346686], [117.77013040949355, 1.297554098188292], [117.77007647470388, 1.297536021820823], [117.7700854383026, 1.297454601067402], [117.77001352981164, 1.297445576648164], [117.76993261395582, 1.297373229865877], [117.76992362573638, 1.297373232618441], [117.76990562195076, 1.297282773675104], [117.76994155568475, 1.297219437552323], [117.76993253465281, 1.297110882967101], [117.77001341768025, 1.297074672419101], [117.77010327798313, 1.297002273339662], [117.77013023443203, 1.296975125749166], [117.77014819719345, 1.296929888022492], [117.77018412545029, 1.296848459014137], [117.77020209368025, 1.296821314176626], [117.77021108189714, 1.296821311424238], [117.77022004550231, 1.29673989067398], [117.77022902551522, 1.296712748589133], [117.77026498111557, 1.296721784024039], [117.77028295207894, 1.296703685631054], [117.77032789863, 1.296721764756555], [117.77043574901828, 1.296694592391678], [117.77045372271488, 1.296685540442027], [117.77048068189178, 1.296667439295625], [117.77051662107769, 1.296622196065305], [117.7705705339576, 1.296567900885478], [117.77061547503347, 1.296567887119325], [117.77066042705202, 1.296604059125477], [117.7706784062182, 1.296613100061554], [117.77065145251605, 1.296649294095476], [117.77064248071618, 1.296703575508926], [117.77062452070085, 1.296757859676312], [117.77061554069311, 1.296785001760122], [117.77057061876508, 1.296848340632748], [117.77056163875692, 1.296875482716883], [117.77054369515739, 1.296984045546385], [117.77058865539597, 1.297047356880091], [117.77066955755755, 1.297074471420364], [117.77069654684115, 1.297155881144936], [117.770696571476, 1.297237299133339], [117.77067860599038, 1.297273490416079], [117.77075952184826, 1.297345837163572], [117.77088536784524, 1.2973819843547], [117.77096624537033, 1.297327680893955], [117.77104713110704, 1.297300516759859], [117.77118197353131, 1.297363800504861], [117.77123592748741, 1.297445201940014], [117.7712808932307, 1.297526606129621], [117.77133484993557, 1.297617054000326], [117.77137981020593, 1.297680365301005], [117.77143373951016, 1.297680348749991], [117.77146968963831, 1.297671291273873], [117.77151461153679, 1.297607952390313], [117.77157751808987, 1.297571747313417], [117.77163144464797, 1.297562684318418], [117.77169435942133, 1.297553618563247], [117.77174828597718, 1.297544555566222], [117.77187412922808, 1.297571656252819], [117.77192806675087, 1.297598779014065], [117.7720449272714, 1.297643975330043], [117.77208088287787, 1.29765301072712], [117.77209886479585, 1.297671098085589], [117.7721168522007, 1.297707278323934], [117.77212586236413, 1.29777964708328], [117.7720989278942, 1.297879166208191], [117.77206301069478, 1.297996780975853], [117.772045050723, 1.298051065140096], [117.77201810527734, 1.298114398506519], [117.77203820506419, 1.298148092133053], [117.77212834180646, 1.298113167790021], [117.7721465345889, 1.298097463006061], [117.77215291756212, 1.298078171318835], [117.77209898277059, 1.298060095010172], [117.77212593370193, 1.29801485452449], [117.7721438964158, 1.297969616800849], [117.77217982184285, 1.297879141354288], [117.77222474920461, 1.297833895346252], [117.77224271191695, 1.297788657623668], [117.77226067737297, 1.297752466341093], [117.77227865106056, 1.29774341437788], [117.77228763653228, 1.297734365176399], [117.77229662474795, 1.297734362414616], [117.7723235893949, 1.297734354129074], [117.77237752966562, 1.297770523315195], [117.77234160973546, 1.297879091638673], [117.772344420997, 1.29789603475762], [117.7723467469073, 1.297910056025458], [117.772350614419, 1.297933367513776], [117.77239555824485, 1.297942400140762], [117.77240454371619, 1.297933350938704], [117.77241352644266, 1.297915255297223], [117.7724854266804, 1.297897140316828], [117.77254834419082, 1.297897120976296], [117.77260227348471, 1.297897104397444], [117.7727011466009, 1.297906120438691], [117.7727101348163, 1.297906117675063], [117.77271912303168, 1.297906114911404], [117.77273709671645, 1.297897062945252], [117.77280001971548, 1.297915136475624], [117.7728269871074, 1.29792417462207], [117.77284496353776, 1.297924169093806], [117.77294383390348, 1.297924138686058], [117.77303371055808, 1.297906018163077], [117.77306604431361, 1.297889733673371], [117.7730900150169, 1.297895757560348], [117.77311033030911, 1.297908017377169], [117.77313259740318, 1.297960266375645], [117.77317754122399, 1.297969298986683], [117.77321349408234, 1.297969287924627], [117.77322248229686, 1.297969285159033], [117.77322723886, 1.297969283695468], [117.77323147051139, 1.297969282393407], [117.77324944694037, 1.297969276862058], [117.77325843515483, 1.297969274096335], [117.77326742336925, 1.297969271330581], [117.7732764088357, 1.297960222127218], [117.77331236444118, 1.297969257501324], [117.77333034361801, 1.297978298406855], [117.77334832279492, 1.29798733931218], [117.77334832829155, 1.298005432187017], [117.77336769932089, 1.298024916776627], [117.77337530118, 1.298032563200538], [117.77345620885313, 1.298077770488526], [117.77353710553123, 1.298086792024136], [117.77358204385303, 1.298077731751893], [117.77358957555862, 1.298073397094119], [117.77360515660014, 1.298064429086762], [117.77364495035354, 1.298041526634104], [117.77366292403173, 1.298032474662749], [117.77367190949602, 1.298023425458691], [117.77370785410201, 1.297996275079163], [117.77374379870714, 1.297969124699579], [117.77374816148782, 1.297971757678854], [117.77378874802353, 1.297996250171228], [117.77379773898684, 1.298005293839973], [117.77380672995024, 1.298014337508646], [117.77384268280385, 1.298014326437206], [117.7738606619807, 1.29802336733761], [117.77389661483399, 1.298023356265321], [117.77395952682541, 1.298005244015367], [117.77395052761058, 1.297969061039167], [117.77397748399801, 1.297941913426168], [117.77398647221084, 1.2979419106579], [117.77404039048481, 1.297905708303863], [117.77404936769506, 1.29786951979176], [117.77404037123121, 1.297842383252269], [117.77404035472887, 1.297788104636592], [117.77405831740136, 1.297742866920675], [117.77406729186187, 1.297697631973067], [117.77401334609101, 1.297643369964715], [117.77395041211084, 1.297589110721213], [117.77391444826644, 1.297552936045632], [117.77390984938991, 1.297548310208918], [117.7738694934624, 1.297507717699549], [117.77388745613966, 1.297462479984114], [117.77392340073719, 1.297435329607554], [117.77393476378231, 1.297423984591349], [117.77393476136689, 1.29741603639249], [117.773943034445, 1.297399369403995], [117.77445013160536, 1.297477059636298], [117.77444750746285, 1.29747842464725], [117.77444301611803, 1.297481591378806], [117.77443913979094, 1.297485495205423], [117.77443796913914, 1.297487179107794], [117.77455599292456, 1.297571518852177], [117.77455723989365, 1.297572519003739], [117.77455926460603, 1.297574383754904], [117.77465018301527, 1.297665835103512], [117.77472122879655, 1.297722828365688], [117.77473718055501, 1.297729984607], [117.77476101250441, 1.29773788384536], [117.77475828963696, 1.297621569238663], [117.77475828132353, 1.297620832861398], [117.77475854612379, 1.297616722079604], [117.77477078454166, 1.29752242007575], [117.77483304571277, 1.297507116029125], [117.774955346913, 1.297313553376908], [117.77580427853809, 1.297315949412046], [117.77587618419115, 1.297315927223438], [117.77593011343012, 1.297315910580631], [117.77597507375596, 1.297379221733481], [117.77600403424638, 1.297404416155953], [117.77602901677791, 1.297424437246241], [117.77610094724287, 1.297505832933211], [117.77624479164048, 1.297614345705157], [117.77625113115309, 1.297620668108094], [117.77633470956481, 1.29773192155023], [117.77636169349556, 1.297795238238086], [117.7763976518417, 1.297813319993722], [117.77650298046548, 1.297802545720679], [117.77656841397832, 1.29776803507935], [117.77665829328446, 1.297758960875961], [117.77680209630493, 1.297731777142644], [117.77691894298182, 1.29773174102717], [117.77695490132601, 1.297749822772985], [117.7769638950531, 1.2977679128538], [117.77708972993271, 1.297767873950805], [117.77714365916566, 1.297767857276165], [117.77728747321203, 1.297776859233763], [117.77737735250048, 1.297767785006022], [117.77742229352494, 1.297767771105427], [117.77749419363793, 1.297749656005771], [117.77762900841614, 1.29772247501121], [117.77834706593706, 1.297527638763945], [117.77832007804071, 1.297439680562536], [117.77828460020486, 1.297343922443949], [117.77827343933724, 1.29731379948527], [117.77822191207137, 1.297241240467523], [117.77822130877207, 1.297240615546086], [117.77821977845947, 1.297238911672721], [117.77821898809476, 1.297237924047435], [117.77816054064807, 1.297161873437747], [117.7781581846599, 1.297158340632078], [117.77815638859991, 1.297154687335619], [117.77812132044224, 1.297070048046318], [117.7781209993167, 1.297069240299664], [117.7780892357202, 1.296986220201246], [117.77808829555083, 1.296983265928713], [117.77803102769752, 1.296767008876323], [117.77803044535271, 1.296764362071535], [117.77803015891418, 1.296762352043782], [117.77802011649287, 1.296671409596968], [117.77801993628587, 1.296667014897831], [117.7780203627879, 1.296662638103902], [117.77802138883402, 1.296658363349177], [117.77804610753755, 1.296579709675056], [117.77804177999266, 1.296554109621464], [117.77803901459876, 1.296525570804783], [117.77802213708414, 1.296447803880082], [117.77802189222402, 1.296446555548691], [117.77802176795517, 1.296445796591775], [117.77800835826535, 1.296356824592431], [117.7779974686918, 1.296296718966204], [117.77792918584218, 1.296198225375807], [117.777902044282, 1.296098422710228], [117.77784284080145, 1.295833233190838], [117.77786123147531, 1.295700386129738], [117.77785406585019, 1.295599428389829], [117.77779458369339, 1.295504902539208], [117.77776305808155, 1.295453450762334], [117.77770358140657, 1.29537687573287], [117.77769088379854, 1.295344504294082], [117.77775658583113, 1.295032369536391], [117.77791045899934, 1.294559826141296], [117.77801340239185, 1.294243685005161], [117.77794689051849, 1.29426678659531], [117.7778558817472, 1.294193926705428], [117.77760560381466, 1.294182395559918], [117.77744538688209, 1.294304396287914], [117.77733081921548, 1.294497374792325], [117.77724715058153, 1.294632395956406], [117.77702362621066, 1.294698526463243], [117.7769424089667, 1.294684070889806], [117.77684073857385, 1.294667945316271], [117.77670407089103, 1.294522029617207], [117.77668800814226, 1.29448972162055], [117.77660779913435, 1.294391749969209], [117.77653275976066, 1.294372299745575], [117.77658155105667, 1.294525186591592], [117.77661900617792, 1.294621058174509], [117.77662713771244, 1.294668032881885], [117.77665882975543, 1.294767340263806], [117.77665447843782, 1.294825973336422], [117.7766325804181, 1.295121020402148], [117.77662555618959, 1.29521566000128], [117.77662003345915, 1.295226217080634], [117.77660207470464, 1.295260549303132], [117.77649647718364, 1.295462414089971], [117.77628768838414, 1.295801621070032], [117.77627613118726, 1.295821736662135], [117.776269203495, 1.295870331708853], [117.77626887948408, 1.295978130903437], [117.77627790073969, 1.296086685306318], [117.77634013546135, 1.296332985072024], [117.7763253539187, 1.296366942701281], [117.77638281469198, 1.296505915254989], [117.77652725637101, 1.296725345246563], [117.77661242010696, 1.296791878072619], [117.77664854600964, 1.296820100830028], [117.77662483802767, 1.296847308055551], [117.77658426957822, 1.296893866280751], [117.77656334893456, 1.296942034132105], [117.7765065213627, 1.296925495804186], [117.77644222199, 1.296924011234321], [117.7764229097232, 1.296923322430483], [117.77635848246953, 1.296921026432933], [117.77628226880435, 1.296941747290173], [117.77621196580513, 1.29700384832095], [117.77615028415319, 1.297006500774885], [117.77602691167742, 1.296981706390759], [117.77568560885398, 1.297002505401082], [117.77547177331628, 1.296994293861272], [117.77546995032465, 1.2969966446869], [117.77545363310209, 1.29700244757779], [117.7754334438567, 1.297011521948401], [117.77482390019543, 1.297285498375257], [117.774445857422, 1.297455420068957], [117.77436323301085, 1.297430847356228], [117.7742412618308, 1.297367919011517], [117.77424029994131, 1.29736742265838], [117.77422982259773, 1.297379953390063], [117.77420333984887, 1.297383293347949], [117.77420545856201, 1.297383924136757], [117.77418135040733, 1.297386964830804], [117.77415708047076, 1.297390025476631], [117.77404921369504, 1.29736291937905], [117.77394970364205, 1.297337072680954], [117.7738625010652, 1.297358286279168], [117.77374636446771, 1.29736153893681], [117.77369860960424, 1.297362877127093], [117.77359081218052, 1.297354014031296], [117.77321330178478, 1.297336037283333], [117.77313922527489, 1.297300010005224], [117.7731318683479, 1.297293842596231], [117.77310485226025, 1.297293133520838], [117.77307847859797, 1.297336078743145], [117.7729796137495, 1.297354202018925], [117.77288074340673, 1.297354232414731], [117.77258414883036, 1.297408602213432], [117.77243114202774, 1.297398326335715], [117.77227587863241, 1.297401068969157], [117.77213130492035, 1.297344532410709], [117.77209221733143, 1.297316079788011], [117.77192781086663, 1.297196407855771], [117.77174815439885, 1.297110326403201], [117.77152944119219, 1.297047155267738], [117.7714413938883, 1.297012724380052], [117.77137958279765, 1.296929510641003], [117.77128068778627, 1.296848122986606], [117.77108288409289, 1.296640115442732], [117.77103587665545, 1.296622389776038], [117.77094307649838, 1.296623943448359], [117.77094104696965, 1.296623977542195], [117.7709393685828, 1.296593318754838], [117.77094160199222, 1.296586840816831], [117.77093905623923, 1.296585880864694], [117.770907694013, 1.296566251551299], [117.77094798972139, 1.296404949256803], [117.77098391794843, 1.296323520256527], [117.77100933263091, 1.296280623280888], [117.77103737600027, 1.296233547852499], [117.77101100134375, 1.296157469012464], [117.77070868228715, 1.29614993908652], [117.77035639865412, 1.295984864299085], [117.76996365947419, 1.295889522766536], [117.76958791308753, 1.295399945392084], [117.76955179683, 1.295352888673564], [117.76954333070154, 1.295337562057193], [117.76951291881042, 1.295297936154406], [117.76914651168805, 1.295119485698741], [117.76913004266838, 1.29504224763645], [117.76912079253925, 1.295017205371254], [117.76910080327563, 1.295004033515034], [117.76907708226334, 1.29498840216426], [117.76882426163822, 1.29495212891007], [117.76882260409693, 1.294951748560544], [117.76882108052065, 1.294951502962193], [117.76877083529602, 1.29493887679127], [117.76868626266723, 1.294897687887586], [117.76868708799857, 1.294844689017506], [117.7686892474043, 1.294705894127885], [117.76869640550504, 1.294245893609629], [117.76902374323788, 1.294119415774734], [117.76914961560242, 1.293981051755654], [117.76930237154959, 1.293836261985041], [117.76930646654463, 1.293833168659758], [117.76930415973231, 1.29382574765842], [117.76929336971583, 1.293791032495875], [117.76944560559639, 1.293695204066775], [117.76947702331306, 1.293675427087446], [117.76950904582095, 1.293655269972674], [117.76955529715589, 1.293639737581807], [117.76958723531827, 1.293629011413003], [117.7696168906769, 1.293610004823582], [117.76962540495619, 1.293606192766118], [117.7696348616388, 1.293591906445211], [117.76966385491657, 1.293588979211718], [117.76985953953563, 1.293501373395713], [117.76994941068712, 1.293465160172979], [117.77004827003974, 1.293428944203957], [117.77005768608358, 1.293428941328671], [117.77005918681337, 1.293413035409721], [117.77006621918102, 1.29333847426688], [117.77011704195438, 1.293323111453131], [117.77015434679873, 1.293311835427567], [117.7701560930479, 1.293311307486544], [117.77046602209177, 1.29328001796791], [117.77048862659647, 1.293211695025815], [117.77049681055703, 1.293197457040368], [117.77058744499838, 1.293039782390878], [117.77059436603325, 1.292864310011005], [117.77058732225576, 1.292632692424301], [117.77058845210632, 1.292623859130814], [117.77058731134717, 1.29259650664943], [117.77057830132998, 1.292524137844266], [117.77059620683669, 1.292288924818466], [117.77058808517211, 1.292217592464014], [117.77056015862513, 1.29197231026148], [117.77058707688661, 1.291818512487183], [117.7706002106023, 1.291750421318349], [117.77061127182068, 1.291703816088137], [117.77064180006056, 1.2915450950445], [117.7706425902808, 1.291530699196207], [117.77064989616306, 1.291492821313033], [117.77064561439295, 1.291475606331024], [117.77064603006308, 1.291468033425501], [117.77063908550679, 1.291440265673747], [117.77063598445963, 1.291436886868283], [117.77061389977862, 1.291348089183471], [117.77050600055553, 1.29121242542804], [117.77037250156859, 1.291149771565407], [117.77037115854219, 1.29114914143773], [117.77018023727827, 1.291109445046804], [117.7701104844996, 1.291094942242392], [117.76999362432882, 1.291049745632834], [117.76986779228984, 1.291058830426426], [117.76974196024628, 1.29106791521429], [117.7695172743408, 1.291131308790233], [117.7693734822037, 1.29119467771682], [117.76928363013032, 1.291294216002665], [117.76917579893086, 1.291384713317103], [117.76899605939933, 1.291466186079183], [117.768939271777, 1.291441711015456], [117.76893313383808, 1.291439065893413], [117.7689186145165, 1.291427831911151], [117.76886580284504, 1.291386969802566], [117.7688677403167, 1.291385690044992], [117.76881729397964, 1.291346615697205], [117.76879795824487, 1.291306675180084], [117.76879308164435, 1.291302015029437], [117.76878028549848, 1.291276276350192], [117.76875327741422, 1.291131541392929], [117.76874425117113, 1.291004893859363], [117.76874419954713, 1.290833011351646], [117.76874159940056, 1.290734708908803], [117.76874095299607, 1.290710254745516], [117.76873510812203, 1.290489249069242], [117.76873501035419, 1.29016357694713], [117.76871700680826, 1.290073117934226], [117.76872591084229, 1.289792675317035], [117.76871688735896, 1.289675074226304], [117.76871682764815, 1.28947605237187], [117.76873472805251, 1.289222746367401], [117.76873368331526, 1.289218719205861], [117.76873618047914, 1.2892105413621], [117.76873617098526, 1.288768275864369], [117.76870760256764, 1.288740140134639], [117.7686773930495, 1.288736464691142], [117.76867665791741, 1.288736805060883], [117.76867431591089, 1.288737860588107], [117.76867249425042, 1.288738681654281], [117.76865612985246, 1.28874602600826], [117.76865613166856, 1.288746087523558], [117.76858491260124, 1.288778321747977], [117.7683674864788, 1.288751550570006], [117.76835313047262, 1.288757335609607], [117.76830924207842, 1.288775515108743], [117.76823253970551, 1.288806091872071], [117.7681148148445, 1.288835441721633], [117.76805358474981, 1.288851043720027], [117.7680517155254, 1.288852111768433], [117.7680512068324, 1.288852241287054], [117.76786992170702, 1.288955817546909], [117.76785816086903, 1.28896253720056], [117.76765552162539, 1.289078313645824], [117.76766537817605, 1.28911464391672], [117.76765639888559, 1.289267413155054], [117.76769135985931, 1.289350043685331], [117.76768358651225, 1.289438869527719], [117.76768352470536, 1.289439576074293], [117.76759574255706, 1.289458182314474], [117.7674923621273, 1.289458248059886], [117.76748045366678, 1.289458256196236], [117.76742149559536, 1.289458293081359], [117.767358025177, 1.289493442422132], [117.76735785708985, 1.289493416238408], [117.76722370441247, 1.28956770840043], [117.76712566374697, 1.289576409161663], [117.76700126349577, 1.289552443936278], [117.76693736090655, 1.289540132998422], [117.76685506203779, 1.289488338060535], [117.76685497662066, 1.289488240384739], [117.76679334552925, 1.289449496827258], [117.7667463768005, 1.289449511064581], [117.76667907037483, 1.289461214054753], [117.76666644365038, 1.289454864557721], [117.76665407058162, 1.289458157598141], [117.76657388155554, 1.289479502581715], [117.76627955488519, 1.289530677991239], [117.76626609665367, 1.289533017862781], [117.76625581468707, 1.289534805842992], [117.76622712958373, 1.28958536521329], [117.76621819989599, 1.28973894142725], [117.76621818737718, 1.289739157641298], [117.76606760784094, 1.289801615651778], [117.76606540690346, 1.28980252910575], [117.76602151170094, 1.289873263060256], [117.76601821180137, 1.289872157678493], [117.76599589815069, 1.289864678496646], [117.76599555545297, 1.289863851754518], [117.76596369535031, 1.289786957494721], [117.76596164933414, 1.289788955571595], [117.76594854676537, 1.289757332230098], [117.76595924727386, 1.289703400359345], [117.7659618145586, 1.289701244716326], [117.76596887404048, 1.289665664681642], [117.76596704494276, 1.289614559099642], [117.76596670595083, 1.289605082136472], [117.76596424056305, 1.289536183275507], [117.7659606421353, 1.289423421212977], [117.76595980558099, 1.289397184938569], [117.76595978600547, 1.289331692231533], [117.76595977859317, 1.28933095042451], [117.76594308535718, 1.28925459435485], [117.76594193689213, 1.289249338712378], [117.7659542865874, 1.289215949937247], [117.76595525652992, 1.289213329790335], [117.7659552549848, 1.289208159741956], [117.7659552015109, 1.289029219980349], [117.76595519165342, 1.288996231181741], [117.76595517680578, 1.288946540820034], [117.76593454083226, 1.288937625452464], [117.76593450057972, 1.288938275904749], [117.76593428563746, 1.288937859832889], [117.76593405630567, 1.288937415721371], [117.76593369313571, 1.288937259327639], [117.76593241247622, 1.288934782795952], [117.76593212266008, 1.288939473470446], [117.76584102406379, 1.288763284241813], [117.76584039098715, 1.288762254946805], [117.76577747900626, 1.288780366892978], [117.76570557612358, 1.288789435103119], [117.76556178115874, 1.288843757336979], [117.76529214329176, 1.288870978257332], [117.7652067301435, 1.288774349937071], [117.76519075223244, 1.288754649776763], [117.76518784257985, 1.288751061022605], [117.76510447241573, 1.288648266916309], [117.76500966462676, 1.288665481126562], [117.76500502157434, 1.288666324755013], [117.76492357042292, 1.288681114093935], [117.76486770700167, 1.288630030254339], [117.7648377185389, 1.288629254083586], [117.76483532918213, 1.288625258080836], [117.7648192026003, 1.288598295465063], [117.7647782428193, 1.288590415711582], [117.76478699775971, 1.288552692053906], [117.76481581134954, 1.288541029702251], [117.76482516257705, 1.288519613912934], [117.76482593503493, 1.288517846001816], [117.76483363446042, 1.288500212130683], [117.76484363793769, 1.288495893948241], [117.76484539782709, 1.28849288004166], [117.76485967395206, 1.288460292199328], [117.76490397175002, 1.288452442773964], [117.7649042548475, 1.288452339558823], [117.7649464916064, 1.288338873371891], [117.76495042977625, 1.288328294160017], [117.76495042617874, 1.28831623252019], [117.76495042368455, 1.288307869976235], [117.76495041497495, 1.288278668016158], [117.76495039739902, 1.288219736687599], [117.76494448528037, 1.288154499045383], [117.76494321826806, 1.288140514510461], [117.7649421604718, 1.288128843091347], [117.76494198697777, 1.288128769867463], [117.76490779786008, 1.288126396454064], [117.76487484549148, 1.288120918827183], [117.76486917743372, 1.288120584011084], [117.76483039986502, 1.288118293400627], [117.76480965646451, 1.288086685012124], [117.76480771736732, 1.288082520608906], [117.7647962509707, 1.288057893283054], [117.76480350036407, 1.288032140353247], [117.76481753440066, 1.287965357881985], [117.76480324063381, 1.287935759476876], [117.76479174048318, 1.287900412108947], [117.76479545673531, 1.287862996649002], [117.764779584907, 1.287840316545604], [117.76475289452128, 1.287828480078339], [117.76474541486903, 1.287814495609125], [117.76474378394859, 1.287809932163848], [117.7647493564955, 1.287794399523363], [117.76473454850559, 1.287776525480759], [117.76464465305823, 1.287731320333334], [117.76457274209275, 1.287713249125467], [117.7644316891467, 1.287688240246626], [117.76441993465947, 1.287686155871443], [117.76435699302762, 1.287604756741908], [117.76435080407825, 1.287593772590532], [117.76420411286453, 1.287333409112334], [117.76419948169237, 1.287304717856697], [117.76419727551566, 1.28729105294187], [117.76416465201252, 1.287088950421676], [117.76415008404715, 1.286998706438514], [117.76416696665389, 1.286986890291765], [117.76415422566022, 1.286952912920836], [117.76426611656298, 1.286924229048977], [117.76436658835317, 1.286872717166265], [117.76444115277489, 1.286843043103313], [117.76454005815117, 1.286783274988063], [117.76453649022496, 1.286709103251773], [117.76451608738965, 1.286668063816455], [117.76450923428199, 1.286654279081374], [117.76450051590608, 1.286636742437996], [117.76442859151068, 1.286573438920519], [117.76433870419395, 1.286555373105595], [117.76429374976684, 1.286510154366443], [117.76427194234115, 1.28648508506226], [117.76415746047735, 1.286496715319988], [117.76410019585875, 1.286581526846221], [117.7640926209871, 1.286606967771362], [117.76404962153866, 1.286592115589778], [117.76400550077553, 1.28642152804918], [117.76399757504318, 1.286370350095562], [117.76399244200529, 1.286292181189814], [117.7639587495857, 1.28626137095918], [117.76393414130862, 1.286238868973053], [117.76391613802159, 1.286148409804626], [117.76393665875246, 1.286093282642996], [117.76397002413667, 1.286003650227043], [117.76397458917121, 1.285988305152762], [117.76399688995782, 1.285913343999175], [117.76401630781474, 1.285912556536394], [117.76403602912507, 1.285913623506152], [117.76404094754311, 1.285913889799831], [117.76404702330443, 1.285900935249804], [117.76404582928336, 1.285899626586854], [117.76406603174682, 1.285853288157617], [117.76408410168393, 1.285808200591609], [117.7642784119336, 1.285502682053799], [117.76434886288672, 1.285281074167803], [117.76435585185828, 1.285259090073713], [117.76456137323, 1.284612611705775], [117.76456421802729, 1.284603662092979], [117.76464702426685, 1.284343193257032], [117.76463914597332, 1.284264063548868], [117.76463860867405, 1.284258668403219], [117.76462398979488, 1.284111827082363], [117.76462307476271, 1.284102635251999], [117.76459069437115, 1.283777401316154], [117.76458968468208, 1.28376726054067], [117.76458648252436, 1.283735095918448], [117.76426226197592, 1.283385010476737], [117.76425979842416, 1.283382350654069], [117.76414267182622, 1.283255880191198], [117.76414075043581, 1.283253805511145], [117.7641326198164, 1.283245025653142], [117.76406880422209, 1.283161913306105], [117.7640663369115, 1.283158700745471], [117.76402860791725, 1.283109562673214], [117.76387741836373, 1.282754226994721], [117.76345971793866, 1.282342324166618], [117.76340452336859, 1.282287895514676], [117.76333200175185, 1.282252909285075], [117.76306131671579, 1.28215691979335], [117.76256747126358, 1.281981793572547], [117.7623789561887, 1.281530162895732], [117.7623726860863, 1.281515141313114], [117.76224145919353, 1.281200755413492], [117.7622418602321, 1.281186110878996], [117.76224374801528, 1.281117062279714], [117.76224554741015, 1.281116931471913], [117.76224609480546, 1.281116982872882], [117.76225266248562, 1.280876763840223], [117.76225386380598, 1.280832827523397], [117.76225453070666, 1.280808417252473], [117.76225930042465, 1.280633972877348], [117.76218573872005, 1.280467426887526], [117.76205408472438, 1.280386377396312], [117.76200386224355, 1.280355459846412], [117.76185150562061, 1.280261667348123], [117.76185131698988, 1.280262077209342], [117.76185029457976, 1.280263582846686], [117.76161442082764, 1.280118375292507], [117.76147130153085, 1.279915420826043], [117.76146213784672, 1.279902425603538], [117.76142576276118, 1.279850843578149], [117.7614138528779, 1.279285055889114], [117.76141161009411, 1.279122658038359], [117.76128994168955, 1.27886345885724], [117.76128552572429, 1.278854050946825], [117.76117887972947, 1.278626855465781], [117.76091954259338, 1.277730558316767], [117.76091689918142, 1.277721424887872], [117.76087741444537, 1.277584959858549], [117.76077921323981, 1.277245567512331], [117.76077741647597, 1.277239356743748], [117.76070820915196, 1.277000169785843], [117.76071024571272, 1.27699963181919], [117.76071372886459, 1.276994322315203], [117.7607109075817, 1.276976329733384], [117.76070711825737, 1.276952168654267], [117.76069423641587, 1.276952172490624], [117.76067954569211, 1.276901682202583], [117.76067950963653, 1.276901332115065], [117.7606444271647, 1.276553202858568], [117.7606183772061, 1.276294708728249], [117.76061126120344, 1.276224099553717], [117.76057357273312, 1.275850118970064], [117.76054704055744, 1.275586836677527], [117.76054554596607, 1.275572008153284], [117.7605044735574, 1.275164444456781], [117.76049831761186, 1.275103353684905], [117.76047980922152, 1.274919693286576], [117.76046708177967, 1.274793398435707], [117.7604524351765, 1.274648059531252], [117.76045244475722, 1.274647015566082], [117.76041627348961, 1.274649355780447], [117.76041389977364, 1.274649550984866], [117.76041389557358, 1.2746505533347], [117.76039836620377, 1.274651829882735], [117.76018954659423, 1.274668990655299], [117.7598991344039, 1.274692857365954], [117.75982660887325, 1.274698817004926], [117.75974931703352, 1.274705168864699], [117.75952469118148, 1.274723628831082], [117.7594805945181, 1.274727252365929], [117.75938941539411, 1.274734746383653], [117.75931055605433, 1.27471670760506], [117.7592094216545, 1.274693575032776], [117.75911167404558, 1.274535564008889], [117.75901216303957, 1.274374704763302], [117.75897975076875, 1.274322310885722], [117.75893496853034, 1.274249919832911], [117.7589336862116, 1.274247846762062], [117.75894615108852, 1.27417446081148], [117.75895324580327, 1.274132689344453], [117.7589430416329, 1.274108427021801], [117.75889458959169, 1.273993222821657], [117.75884331061197, 1.273871297927929], [117.75900408790429, 1.273775258176124], [117.75926227531066, 1.273621030692158], [117.75926786766469, 1.273617689982133], [117.7592723907831, 1.273590994317864], [117.7592787568881, 1.273553427869075], [117.75932304505571, 1.273292056799292], [117.75934864406726, 1.273140984926997], [117.75936202141207, 1.273062034230104], [117.7594644761489, 1.272968614443707], [117.7595102630866, 1.27292686589007], [117.75954578735286, 1.272780696982857], [117.7595947955986, 1.272579049322389], [117.75935580092577, 1.272635680478045], [117.75930654981985, 1.272452613517198], [117.75929754074846, 1.272451782101314], [117.75914074084277, 1.272437325241925], [117.75914885936724, 1.272318859310205], [117.75915862200216, 1.272176389892584], [117.75924445128136, 1.272144245890215], [117.75925922520139, 1.272138405637493], [117.75935581211884, 1.272102231863621], [117.75937579761826, 1.271980409801583], [117.75937786032003, 1.271967839121004], [117.7594087389302, 1.271779621793162], [117.75901420246294, 1.27172842157703], [117.75900904756148, 1.271727752759088], [117.75899600705381, 1.271726060404951], [117.7589688950582, 1.271722542113758], [117.75894630247755, 1.271719610505515], [117.75883733226202, 1.271705468737689], [117.75879289674013, 1.271699702093747], [117.758822639759, 1.271589995787604], [117.7588234936122, 1.271586844649189], [117.75884964434016, 1.271490387963433], [117.75885200070799, 1.271489271836525], [117.75885202225578, 1.271489190411917], [117.7589556404247, 1.271440101651929], [117.75896106761907, 1.271437529943993], [117.75899759041826, 1.271420227714655], [117.75895643271497, 1.271364643900928], [117.7589548906383, 1.271362560050274], [117.75882974598485, 1.271193551998255], [117.75882641546023, 1.2711890541732], [117.75872343445751, 1.271049977038976], [117.75861202960888, 1.271036628434534], [117.75860896004778, 1.271036261150549], [117.75789275362173, 1.270950445339088], [117.75788305384165, 1.271213297094041], [117.75784710386553, 1.271222354185555], [117.7578214319788, 1.271228792905689], [117.75781048936105, 1.271233454166613], [117.75783275376706, 1.271602809657157], [117.7578300462716, 1.271623480743316], [117.75781483982385, 1.271739605764239], [117.7578116561187, 1.271763914578044], [117.75777937575073, 1.27182450563251], [117.75775039910302, 1.271822350277893], [117.75775039151144, 1.271820975216205], [117.75766957634322, 1.271814964190598], [117.7576443167792, 1.271814459622553], [117.75760312406175, 1.271811395085819], [117.75749471552996, 1.271803263570074], [117.75738455547376, 1.271848469672388], [117.75725722853005, 1.271839887791863], [117.75718097790532, 1.271739526102753], [117.75705156482356, 1.271465676856791], [117.75685428594754, 1.271429961687021], [117.75685232642593, 1.271429606738653], [117.75682135794806, 1.271544544104662], [117.75660575615676, 1.271562535107117], [117.75656526454796, 1.271571945433731], [117.75640579394829, 1.27160900431119], [117.75637379834794, 1.271592012703693], [117.75637290999792, 1.271594001381083], [117.75628848825245, 1.271549170225607], [117.75640663965238, 1.271377130216066], [117.75640811176741, 1.271376631321205], [117.75641191705937, 1.271369444583337], [117.75641769759041, 1.271361027847025], [117.75641714080223, 1.271359580575023], [117.75641878473158, 1.271356476244408], [117.75637339887281, 1.271238576046516], [117.75636403242385, 1.271214243786854], [117.75635844475697, 1.271199729458357], [117.75631870504033, 1.271096494643788], [117.75626778280231, 1.270964212172528], [117.7562047002973, 1.270800342079271], [117.75613840840617, 1.270628131168709], [117.75613671713106, 1.270626057309795], [117.75600036224061, 1.270458851632774], [117.75598954203784, 1.270445584541862], [117.75589439187054, 1.270328905765154], [117.75588885978365, 1.270326235064412], [117.75565259386136, 1.270036513360401], [117.75564043814992, 1.270017494908263], [117.75545003809127, 1.269784016088233], [117.75544426294384, 1.269776934394274], [117.7554106316793, 1.269735693248649], [117.75539517223929, 1.269720849809965], [117.75523762303702, 1.269527654304523], [117.75520707192288, 1.269486078431775], [117.75518234750092, 1.269455760092961], [117.75516953152166, 1.269444158132146], [117.75498781630257, 1.269221327998612], [117.75497766686597, 1.269208883025001], [117.7549591914387, 1.269186227926824], [117.75484868857535, 1.269118685898948], [117.7548228304691, 1.269102881152019], [117.7543168125542, 1.26867421929994], [117.75428501778676, 1.268469112344074], [117.75427854411018, 1.26842734573702], [117.75427641738887, 1.268417603301131], [117.75427481006832, 1.268398152934426], [117.75427250864993, 1.268399697843736], [117.75420584770694, 1.268094339864497], [117.75419666132038, 1.268052256519712], [117.75423843053107, 1.267982129522777], [117.75417227572207, 1.267984466627479], [117.75385022149554, 1.26795724698615], [117.75342917340018, 1.26800414155965], [117.75339175849761, 1.267976436809451], [117.75338125089573, 1.267968656293251], [117.75250877040195, 1.267322608205063], [117.75230209508868, 1.267198191706888], [117.75229433516824, 1.267193520560794], [117.75186063007662, 1.266932433623478], [117.75156626442278, 1.266614001831544], [117.75150027748244, 1.266584441791955], [117.75148105970648, 1.266720996878957], [117.75148146603674, 1.266727464998327], [117.75146402732986, 1.266759030565818], [117.7514631963593, 1.26676053523906], [117.75141937031704, 1.266751827215972], [117.75138082566146, 1.266717978368463], [117.75134469681419, 1.266677166638507], [117.75128864754205, 1.266670737370088], [117.7512323087114, 1.266682549521479], [117.75118631097635, 1.266673302956081], [117.75114675909556, 1.266646891513597], [117.7510981979019, 1.266643757500753], [117.75105297770764, 1.266653470334101], [117.75105037310217, 1.266654030166693], [117.75104976893742, 1.266653471269981], [117.7510172780144, 1.266623467214169], [117.75099276683339, 1.266584303070925], [117.75097493522685, 1.266562409438176], [117.75096771339031, 1.266553542367574], [117.75095144269133, 1.266511749624759], [117.75095098899446, 1.266506216020481], [117.75094760927928, 1.266465031061057], [117.75095074709392, 1.266430857038561], [117.7509536943227, 1.266396553706877], [117.75096271417614, 1.266369292200072], [117.75095475826951, 1.266336348115894], [117.75092884193604, 1.266321091532825], [117.75085649483182, 1.266278500046832], [117.75082475905633, 1.266261459381626], [117.75066578099114, 1.266261013587499], [117.75053937032493, 1.266359634533367], [117.7502995170959, 1.266747596156732], [117.75026519169272, 1.266792591635426], [117.7502463344636, 1.266817310329399], [117.75017773576498, 1.26690723342392], [117.74995222307878, 1.267095239950337], [117.74937538295725, 1.267201654454683], [117.74934263364338, 1.26720769618931], [117.7489663850002, 1.267277106348684], [117.74876804420589, 1.267155100642122], [117.74868423722107, 1.267103305806159], [117.74836122858422, 1.267190113082416], [117.7483499798707, 1.267193136072276], [117.74738101390834, 1.267453538716577], [117.74735921447835, 1.267439468701021], [117.74732751635074, 1.267419009306136], [117.74669042002223, 1.267007801185218], [117.7465048965724, 1.266921013142087], [117.74639887051933, 1.266820913633559], [117.74637948770265, 1.26680261456994], [117.74637061848395, 1.266794240989157], [117.74607816383696, 1.266211058225578], [117.74606708950101, 1.2661889735037], [117.7459758211225, 1.266006976251297], [117.74583829195106, 1.265480136239425], [117.74582903930191, 1.265444690212616], [117.74574686144273, 1.265129886790668], [117.74559508601138, 1.264923508578886], [117.74553100522664, 1.264937113139366], [117.74550917700111, 1.265099172103805], [117.74549156762679, 1.265235363194336], [117.74548944706142, 1.265303725487942], [117.74546755901976, 1.265438841283617], [117.74546424661226, 1.265500856898435], [117.74545368878587, 1.265562650255819], [117.74544195095014, 1.26565954527648], [117.7454288230819, 1.26573592957186], [117.7454335922327, 1.265821026801555], [117.74542464046041, 1.265816260076787], [117.74542467190477, 1.265816210311944], [117.74542609695919, 1.265814571578678], [117.74540800373579, 1.265804937767723], [117.74540656541132, 1.26580417194531], [117.74536996005246, 1.265784680090728], [117.74533931005439, 1.265707839848051], [117.74533497271253, 1.26562404518719], [117.74532372849963, 1.265526358909538], [117.74531380005627, 1.265500744807931], [117.74530495863502, 1.265438581628994], [117.74530385807364, 1.265430845380805], [117.74528405373016, 1.265403095541762], [117.74527093230282, 1.265363514567224], [117.74524263812117, 1.265343383429988], [117.74522622474869, 1.265314710771054], [117.74513770836971, 1.265160076492044], [117.74514838151197, 1.265136982216224], [117.7451321803999, 1.265102487166552], [117.74511443041555, 1.265076697106412], [117.74510653873591, 1.265054377148343], [117.74511539915189, 1.265016177550927], [117.74511584297638, 1.2650092079991], [117.74511349994695, 1.265009851882344], [117.74511496205955, 1.264986881491727], [117.74510804093066, 1.264957659678195], [117.74511146443814, 1.264944767426423], [117.74512116213288, 1.264908252950226], [117.74513089523401, 1.264882427808262], [117.74513546854317, 1.264870293321039], [117.74513350451902, 1.264847844998944], [117.74513413935051, 1.264826724856734], [117.74513319250656, 1.264815900993136], [117.74513492934204, 1.264697283688581], [117.74512320699264, 1.264659487179839], [117.74510946443897, 1.264626010053551], [117.74508951702175, 1.264626015816137], [117.74507648335826, 1.264601025910919], [117.74505245757491, 1.264571123312501], [117.74502908996486, 1.264526299225999], [117.74500618190224, 1.26448235703984], [117.74497469401152, 1.264455111742526], [117.74493587012236, 1.26443149349563], [117.7448957146688, 1.264419019111498], [117.74485183001231, 1.264422254146872], [117.74482582188294, 1.264434881524841], [117.7447920742222, 1.264438650994571], [117.74467668490692, 1.264412570678439], [117.74466867863886, 1.264410760975502], [117.74463879993876, 1.264416139603479], [117.74460104791778, 1.264409974454513], [117.74457916284307, 1.264379101444532], [117.74455288221637, 1.26437226173304], [117.74454702888974, 1.264251538768626], [117.7445328824072, 1.264213602729598], [117.74452219196341, 1.264179143168047], [117.74451118882425, 1.264148162076234], [117.74450918446563, 1.264138697300304], [117.7445043630267, 1.264115936789604], [117.74450080882441, 1.264099158364528], [117.74449608471717, 1.264058373576412], [117.74452338305333, 1.264021923678966], [117.7447380689065, 1.26373526677163], [117.74475743602103, 1.26370489027077], [117.74476727307407, 1.263671638827978], [117.74476694777918, 1.263643506113696], [117.74476376517345, 1.263621767385925], [117.74477138046971, 1.263595230897236], [117.74476756166163, 1.263567737873872], [117.74475326415788, 1.263554953865354], [117.74475130648622, 1.263542149108241], [117.74474458188094, 1.263514911129644], [117.74473783898772, 1.26347079690887], [117.74469462454363, 1.263412944336539], [117.74466793874856, 1.263397287112912], [117.74463712534333, 1.263387066217174], [117.7446262311245, 1.263388201981271], [117.74448479955468, 1.26338098023819], [117.74443861002395, 1.263379921546864], [117.74442050084383, 1.26335835990893], [117.74441324451666, 1.263332430204512], [117.74441721123726, 1.263295405348634], [117.74441123754056, 1.263266388607948], [117.74440724808136, 1.263220360253587], [117.7443943117257, 1.263180338641484], [117.74437541937445, 1.263170337752354], [117.74443800519916, 1.263001212552332], [117.74442109362612, 1.262965194258089], [117.74441710331631, 1.262916164274488], [117.74439621652495, 1.262884150202267], [117.74431668069118, 1.262882172038573], [117.74426299962262, 1.262897196559498], [117.74423714888584, 1.262891200750103], [117.74419050158286, 1.26281331023927], [117.74418717180595, 1.262786042327549], [117.74418807403471, 1.262772761802604], [117.74417883876933, 1.262697130278235], [117.74402085015636, 1.26254135430814], [117.74394719601615, 1.262424986835817], [117.74395158447336, 1.26213558524126], [117.7439643794698, 1.262121046542219], [117.74396634321809, 1.262117310675991], [117.74404971375675, 1.262022573412875], [117.7440425264157, 1.261695301069187], [117.74391967555717, 1.261546846224532], [117.74387454764687, 1.261492313320291], [117.74387569826749, 1.26148963251049], [117.74385510474228, 1.261464746982642], [117.74380792572865, 1.261315212815173], [117.74379683584067, 1.261288797502415], [117.74379316087433, 1.261277148472899], [117.74373792213906, 1.261102067483641], [117.74371514663913, 1.261094218954143], [117.74369830030211, 1.261088414133884], [117.74355752460069, 1.261127406138548], [117.74353066481592, 1.26092292940888], [117.74362876648851, 1.260798091125851], [117.74368017990213, 1.260732665605148], [117.74372844410486, 1.260671246781789], [117.7437650288312, 1.260624691102144], [117.74388606137217, 1.26039015195661], [117.74381582100806, 1.260384516272796], [117.74361694532813, 1.26043076849175], [117.74352314775248, 1.260449874519572], [117.74351721032788, 1.260450386448339], [117.7433739070454, 1.260447701002594], [117.74325275199678, 1.260456445777905], [117.74319921217482, 1.26047185921009], [117.7431209418534, 1.260536206858131], [117.7430602498563, 1.260610796433602], [117.74295265221863, 1.260631182871999], [117.74295730271373, 1.260634449134119], [117.74296629086157, 1.260634446553161], [117.74298427228604, 1.260652534399016], [117.74300226396896, 1.260706808260162], [117.74302024539428, 1.260724896105313], [117.7430292386718, 1.260742986531617], [117.74304722266248, 1.26077012088011], [117.74303824220897, 1.260797262973061], [117.74307419736685, 1.260806299150318], [117.74312812625574, 1.260806283659554], [117.74318204231709, 1.260761035650092], [117.74326292795004, 1.260733872900934], [117.74328090681077, 1.26074291423977], [117.74327192379444, 1.260761009828707], [117.74328091707342, 1.26077910025302], [117.74330788664804, 1.260797185512301], [117.7433168773616, 1.260806229433027], [117.7433618386288, 1.260878588545039], [117.74335285304711, 1.260887637631027], [117.74337084730699, 1.260950957987106], [117.74337984572082, 1.260987141416439], [117.74337985342031, 1.261014280925714], [117.74336189252278, 1.261068565110784], [117.74332594506154, 1.261086668449878], [117.74330797646354, 1.261113813125813], [117.74325405783587, 1.261150014637473], [117.7432181155048, 1.261186210982995], [117.74321813346947, 1.261249536506865], [117.74322712675186, 1.261267626930519], [117.74322714471792, 1.26133095245422], [117.74322714833511, 1.261343701691432], [117.74322715241792, 1.261358091964367], [117.74323614570122, 1.261376182387715], [117.74323615853525, 1.261421414904517], [117.74325415280407, 1.261484735260645], [117.74325943621297, 1.261498017628416], [117.74326289102693, 1.261506704897761], [117.74327214194015, 1.261529962609545], [117.74329012850988, 1.261566143454697], [117.7433013531393, 1.261611279568469], [117.74330812535037, 1.261638510312203], [117.74334856521389, 1.261687325380082], [117.74335308150958, 1.261692776409328], [117.74337108349057, 1.261783236270879], [117.74339807105747, 1.261864647043511], [117.74342504321622, 1.261891778797203], [117.74343403393593, 1.261900822714962], [117.74345201537552, 1.261918910550273], [117.74345202821884, 1.261964143064659], [117.74345203078755, 1.261973189567535], [117.74345203592505, 1.261991282573283], [117.74346104205856, 1.262054605507798], [117.74346104719643, 1.262072698513498], [117.74344308116862, 1.262108889696254], [117.74342511514054, 1.26214508087917], [117.7434161346954, 1.262172222973625], [117.7434071465432, 1.262172225559295], [117.74338917023876, 1.262172230730543], [117.74338018208651, 1.262172233316119], [117.74328360566636, 1.262151433329757], [117.74328131241049, 1.2621722617554], [117.74327234737537, 1.262253682869662], [117.74327235508149, 1.262280822379337], [117.74327237049421, 1.26233510139867], [117.74327237306305, 1.26234414790189], [117.7433263173958, 1.262398411406737], [117.74332632510335, 1.262425550916048], [117.7433353415194, 1.262525059864026], [117.74329941202963, 1.262606488736623], [117.74326297997705, 1.262643178269298], [117.743191585012, 1.262715077808775], [117.74313766636133, 1.262751279338194], [117.74311070960448, 1.262778426606334], [117.7430837477088, 1.262787480867366], [117.74310173943411, 1.262841754716955], [117.74311972345245, 1.262868889055462], [117.74312871417708, 1.262877932972844], [117.74313770490177, 1.262886976890156], [117.74313771004081, 1.262905069897074], [117.74310175741955, 1.262905080241697], [117.74308711300439, 1.262949340858874], [117.74308379652524, 1.262959364435225], [117.74310178825384, 1.263013638284038], [117.74309598536233, 1.263019482186258], [117.74309280266772, 1.26302268737388], [117.74310180367198, 1.263067917305174], [117.74310180881149, 1.263086010312214], [117.743083850488, 1.263149341009959], [117.74309284378403, 1.263167431430478], [117.74310184222021, 1.263203614857913], [117.74313779741574, 1.263212651014281], [117.74313780255609, 1.263230744021153], [117.74314679842327, 1.263257880944499], [117.74311984680497, 1.263303121222618], [117.7430659281451, 1.263339322758189], [117.74302100535085, 1.26340266121775], [117.7429850578619, 1.263420764572298], [117.74295810366975, 1.263456958347549], [117.74292215874925, 1.263484108205779], [117.7428862163978, 1.263520304567882], [117.74286824522173, 1.263538402748964], [117.74283230286878, 1.26357459911119], [117.74281433169195, 1.263592697292333], [117.74277839190728, 1.26363794015883], [117.74276940374875, 1.263637942745282], [117.74274243927303, 1.26363795050445], [117.74273345368404, 1.263646999595017], [117.7426975036188, 1.263656056444399], [117.7426705494204, 1.263692250220396], [117.74262560862547, 1.263692263151021], [117.7425986467176, 1.263701317413535], [117.74254473060833, 1.263746565451916], [117.74254473317754, 1.263755611956537], [117.74252676199703, 1.263773710137578], [117.74251777897587, 1.263791805732781], [117.74251778154506, 1.263800852237454], [117.74249980779496, 1.263809903913888], [117.74249083248118, 1.263855139023355], [117.74249983091825, 1.263891322456248], [117.74249983862633, 1.263918461970357], [117.74248187515305, 1.263963699666124], [117.74248187772248, 1.263972746170859], [117.7424728921316, 1.263981795261717], [117.74247289983997, 1.264008934775973], [117.74247290180357, 1.264015848114905], [117.74247290754852, 1.264036074290223], [117.74249989772724, 1.264126531578331], [117.74249990800665, 1.264162717597075], [117.74247295380319, 1.264198911375604], [117.74245498776035, 1.264235102567739], [117.74243701400766, 1.264244154245611], [117.74241905053411, 1.264289391942807], [117.7424190582438, 1.264316531457331], [117.74241906338368, 1.26433462446701], [117.74239211174817, 1.26437986475126], [117.74238313129617, 1.264407006852611], [117.74237415855418, 1.264461288468808], [117.74237417140472, 1.264506520993414], [117.74238316213726, 1.264515564911463], [117.74242809780814, 1.264497458967021], [117.74247303604844, 1.264488399526882], [117.7425089835555, 1.264470296168767], [117.74252696759126, 1.264497430508059], [117.74253596089468, 1.264515520929866], [117.74258093512776, 1.264633112550736], [117.7425449824782, 1.26463312290175], [117.74252700358237, 1.264624081572474], [117.74250902725746, 1.264624086747631], [117.74250004166582, 1.264633135839814], [117.74242813636505, 1.264633156539087], [117.74241015746912, 1.264624115208755], [117.74232927428541, 1.264660324512321], [117.74227535815814, 1.264705572559281], [117.74231131852203, 1.264732701726535], [117.7423203092557, 1.264741745644453], [117.7423220970961, 1.264757894951908], [117.74232373895636, 1.264772735271984], [117.7423856223211, 1.264803855530702], [117.74243955644283, 1.264821933014756], [117.74247551166702, 1.264830969168354], [117.7425114617486, 1.264821912312075], [117.74256538815573, 1.264812850279245], [117.74259235264466, 1.264812842514715], [117.74262830529632, 1.26481283216157], [117.74266427080683, 1.264858054329418], [117.7426822548486, 1.264885188665], [117.74269125587195, 1.264930418597491], [117.74269126460926, 1.264961148667729], [117.74269730368627, 1.264967223465669], [117.74269787639612, 1.264967799563073], [117.7427068697039, 1.264985889982551], [117.74269788925743, 1.265013032084167], [117.74269789182972, 1.265022078588384], [117.74269789697442, 1.265040171596816], [117.74268894997051, 1.265184918253517], [117.74267998238778, 1.265257292876741], [117.74267999010607, 1.265284432389449], [117.74264406060313, 1.265365861285932], [117.74264956360472, 1.26539903504373], [117.74265306420541, 1.265420137722079], [117.74262610742932, 1.26544728500398], [117.74259017020613, 1.265501574388728], [117.74263511875185, 1.265528700953145], [117.74267107913286, 1.26555583010625], [117.74269804362882, 1.265555822336054], [117.74271264130806, 1.265555818129411], [117.74273399628984, 1.265555811975354], [117.74278793042834, 1.265573889441349], [117.74280179523318, 1.265594809106087], [117.7428220812441, 1.265625416630995], [117.74282389853246, 1.265628158102746], [117.74285640259416, 1.265644503909398], [117.74287820702283, 1.265635157108214], [117.74288251732413, 1.265633670429686], [117.74288699498813, 1.265632826004735], [117.74304805140483, 1.265614479400251], [117.74324732893385, 1.265466142502836], [117.74329965743829, 1.265423025345932], [117.74334765818529, 1.26546531385884], [117.74328658534999, 1.265515636364753], [117.74328536413073, 1.265516592932375], [117.7432741798309, 1.265524918036558], [117.74328227948483, 1.265573746918492], [117.74330925943093, 1.265628018159287], [117.74336320129588, 1.265673235118378], [117.74338118020054, 1.265682276435733], [117.74345309066717, 1.265700348697926], [117.74353398414462, 1.265700325359283], [117.74356095121348, 1.265709364081561], [117.74356993680077, 1.265700314985738], [117.7435789198113, 1.265682219387567], [117.74359689098557, 1.265664121195983], [117.74362385547698, 1.265664113415435], [117.74363284364074, 1.265664110821857], [117.74367778188224, 1.265655051351343], [117.74368676746883, 1.265646002255461], [117.7436777741513, 1.265627911844885], [117.74371371392016, 1.265582668959521], [117.74373168509267, 1.265564570767947], [117.74373166190033, 1.265483152249499], [117.74373164901635, 1.265437919739227], [117.74371366753743, 1.265419831921927], [117.74378555995452, 1.265374578664183], [117.74383050592046, 1.265392658699836], [117.74393836644545, 1.265401674074485], [117.74399227995328, 1.265347379500056], [117.74405518419809, 1.265302128832919], [117.74408214610526, 1.265293074548461], [117.74409113426678, 1.265293071954045], [117.74413609311966, 1.265356384490097], [117.74419002724568, 1.265374461923453], [117.74425294953338, 1.265392536760048], [117.74430687850231, 1.265392521188285], [117.74434283372669, 1.265401557307279], [117.74436981110544, 1.26544678202424], [117.74437879926691, 1.265446779428506], [117.7443877925865, 1.265464869834141], [117.7444057792262, 1.265501050645086], [117.74440578180543, 1.265510097145745], [117.74440578438467, 1.265519143646404], [117.74439679880221, 1.265528192743058], [117.74439680138147, 1.265537239243734], [117.74438783127475, 1.265600567344562], [117.7443878338541, 1.265609613845251], [117.74438783643352, 1.26561866034594], [117.74437885600962, 1.265645802444178], [117.74436987042682, 1.265654851541044], [117.74436089000282, 1.265681993639396], [117.74437886632744, 1.265681988446993], [117.74438787512646, 1.265754357856198], [117.74430698682191, 1.265772474224332], [117.74428901307576, 1.265781525917486], [117.74426204600799, 1.265772487204778], [117.74419015102096, 1.2658086939762], [117.744181168016, 1.265826789574222], [117.74410028486201, 1.265862998940579], [117.74404636103827, 1.265881107516559], [117.74394752217916, 1.265989694083863], [117.74393853659352, 1.265998743180796], [117.74392955358643, 1.266016838779342], [117.7439295716372, 1.266080164290575], [117.7440014769532, 1.266080143525717], [117.74404641261684, 1.266062037543939], [117.74407336937205, 1.266034890252317], [117.74414526694633, 1.266007729980705], [117.74419020260653, 1.265989623997744], [117.74422616042051, 1.266007706614663], [117.74428008682268, 1.265998644535008], [117.74436997361776, 1.266016711569462], [117.74436998393845, 1.266052897572248], [117.7443303519573, 1.266101679617219], [117.74428911884593, 1.266152432453084], [117.74428912142609, 1.266161478953939], [117.74438799123024, 1.26616145038611], [117.74441495056075, 1.266143349593035], [117.74446890018973, 1.266215706012499], [117.7444778960965, 1.266242842916221], [117.74449589049223, 1.266306163223639], [117.74446893632401, 1.266342357019148], [117.74450489414392, 1.266360439628083], [117.74453188445189, 1.266450896837111], [117.74449595244556, 1.266523279233471], [117.744477986442, 1.266559470431893], [117.74450495093723, 1.266559462636617], [117.74455888767295, 1.266586586546024], [117.74459482742273, 1.266541343649934], [117.74460380525959, 1.266505155050453], [117.74462176867904, 1.266459917352254], [117.74469366108352, 1.266414664061847], [117.74472063074029, 1.266432749265094], [117.74472961632222, 1.266423700166188], [117.74476557156088, 1.266432736269877], [117.74481051496355, 1.266441769773635], [117.74487343469396, 1.266450798077413], [117.74491839617731, 1.266523157075599], [117.74496335249715, 1.26657742307261], [117.74494539425221, 1.266640753769037], [117.74489146526534, 1.26664076936953], [117.74484651669333, 1.266613642870067], [117.74484652444245, 1.266640782369078], [117.7448195676975, 1.266667929667603], [117.74480160169993, 1.266704120866163], [117.74479261870103, 1.266722216465503], [117.74478364603443, 1.266776498064049], [117.74470274996388, 1.266767474961833], [117.74467578030229, 1.266749389760432], [117.74464882355406, 1.266776537058874], [117.74459490230822, 1.266803692155364], [117.7445319877302, 1.266812756849914], [117.7445050309793, 1.266839904148117], [117.74446010305991, 1.266885149645225], [117.7444151803033, 1.266948488143541], [117.7444331721303, 1.267002761948564], [117.74450507746349, 1.267002741154513], [117.74455900904539, 1.267011772057894], [117.74460394987763, 1.267011759059558], [117.74464889329253, 1.267020792560489], [117.74467588104147, 1.267102203260518], [117.74468487695844, 1.26712934016023], [117.74468490279439, 1.267219805159891], [117.74470288171202, 1.267228846458843], [117.74473883954747, 1.267246929056147], [117.74473886797183, 1.267346440554453], [117.7446669729687, 1.267382647360635], [117.744657992553, 1.267409789461364], [117.74465799772099, 1.267427882461373], [117.74464003947367, 1.267491213163157], [117.74463105388973, 1.267500262264052], [117.74454117737606, 1.267518381271386], [117.7445501500417, 1.267464099669472], [117.7444602657767, 1.26745507917235], [117.7443973460155, 1.267446050872114], [117.74438835784719, 1.267446053472013], [117.74434341700525, 1.267446066471039], [117.74431646024857, 1.267473213772199], [117.74430747466289, 1.267482262872596], [117.74427153748526, 1.267536552275825], [117.74420864096462, 1.267608942480059], [117.74413673560986, 1.267608963275775], [117.74408281175785, 1.2676270718736], [117.74405587049075, 1.267708498182097], [117.74401094255283, 1.267753743684601], [117.74393903460867, 1.267744717975701], [117.74393903202652, 1.267735671474234], [117.74389713480485, 1.267717613200025], [117.74381187934966, 1.267541380317156], [117.74381468199188, 1.267544988156884], [117.74381693825872, 1.267548965251835], [117.7438188368008, 1.267552957829246], [117.74381313568526, 1.267518591814247], [117.74380413977183, 1.26749145490697], [117.74381312019794, 1.267464312803784], [117.74387601673413, 1.267391922604681], [117.7438939853287, 1.267364777903897], [117.74388498425381, 1.267319547993841], [117.74385800942298, 1.267283369780641], [117.74383103201227, 1.267238145064978], [117.74381305051334, 1.267220057256413], [117.74379507159523, 1.267211015949372], [117.74372317398574, 1.267238176232853], [117.7437141883971, 1.267247225331937], [117.74371419097749, 1.267256271833902], [117.74369621980003, 1.267274370032122], [117.74368723163084, 1.267274372629221], [117.74368723679156, 1.267292465633257], [117.74366926561368, 1.267310563831544], [117.74361534175762, 1.267328672417875], [117.74359736799867, 1.267337724113899], [117.74352545748162, 1.267319651883391], [117.74349848781301, 1.267301566668272], [117.74348949448395, 1.267283476259885], [117.7434984774942, 1.267265380658641], [117.74349847491455, 1.267256334156232], [117.7434984723349, 1.267247287653822], [117.74353440953452, 1.267192998254068], [117.74353439921609, 1.267156812244704], [117.74353439663652, 1.267147765742361], [117.74354338222601, 1.26713871664373], [117.74358830759286, 1.267084424648417], [117.74358829727458, 1.267048238639466], [117.74359726996614, 1.266993957029842], [117.74363320716247, 1.266939667631902], [117.74363320458302, 1.266930621129747], [117.74363320200356, 1.266921574627593], [117.74363319684475, 1.266903481623281], [117.74363319426534, 1.266894435121124], [117.74363318910665, 1.266876342116809], [117.74365116286306, 1.266867290422466], [117.7436601484515, 1.266858241324224], [117.7436781170488, 1.266831096625686], [117.7436960933841, 1.266831091433336], [117.74371406971935, 1.266831086240862], [117.74376799614492, 1.266822024160802], [117.74381293182233, 1.266803918174634], [117.74383089783757, 1.266767726974429], [117.74381292150323, 1.266767732167459], [117.7437859570016, 1.26676773995677], [117.74373202025956, 1.266740616028655], [117.74369605985264, 1.266713486906871], [117.74368707168539, 1.26671348950282], [117.74363314010253, 1.266704458575685], [117.74363313494459, 1.266686365571343], [117.74363313236564, 1.266677319069172], [117.74360615239115, 1.266623047842664], [117.74361513282204, 1.26659590574054], [117.74361512250738, 1.266559719731674], [117.74360612660476, 1.266532582820313], [117.74359713070251, 1.266505445908805], [117.74359712812407, 1.266496399406546], [117.74359711523209, 1.266451166895241], [117.743615076095, 1.26639688269165], [117.7435970946059, 1.26637879487712], [117.74355214604019, 1.266351668344313], [117.74353416970759, 1.266351673533692], [117.74353416712968, 1.266342627031293], [117.74351618564141, 1.266324539215635], [117.74350719231963, 1.266306448805244], [117.74348022782087, 1.266306456588519], [117.74347123449938, 1.266288366177815], [117.74347122934427, 1.266270273172746], [117.74346223860059, 1.266261229264449], [117.74346223602309, 1.266252182761894], [117.74346011960206, 1.266250053825862], [117.7434601404881, 1.266323358540728], [117.74345966388435, 1.266328857143011], [117.74345875177309, 1.266332670507418], [117.74342504882837, 1.266443028578677], [117.74345976616084, 1.266643607579111], [117.74346023329412, 1.266649032632259], [117.74346031580839, 1.266938520712925], [117.74346029457074, 1.266939692241228], [117.74345137603756, 1.26718395040487], [117.74345097092241, 1.267187984357688], [117.74343591922897, 1.267279039046687], [117.7433961057372, 1.26732810702022], [117.74340201393032, 1.267363723206636], [117.74342816082859, 1.267390024694747], [117.74342898617942, 1.267390854925317], [117.74343797692923, 1.267399898831406], [117.74340206036482, 1.267526560253351], [117.7432942358507, 1.26764419594684], [117.74326727907581, 1.267671343244678], [117.74332121584366, 1.26769846717377], [117.74333921798728, 1.267788927007399], [117.74327631368514, 1.267834177699227], [117.74324036873702, 1.267861327594856], [117.74321341196031, 1.267888474893752], [117.74322240529256, 1.267906565302918], [117.74325836830236, 1.26794274092708], [117.7433482577668, 1.267969854463978], [117.74339319862797, 1.267969841476966], [117.7434741050822, 1.268015050610407], [117.74353703777524, 1.268069311438293], [117.74364489067715, 1.268051187253683], [117.74371680638042, 1.268087352472071], [117.74377075090568, 1.268141615889117], [117.74384265628113, 1.268141595094896], [117.7439415416687, 1.268195845508149], [117.74401345479295, 1.268222964212104], [117.74407638491336, 1.268268178515904], [117.74415728104294, 1.268277201611295], [117.74424716017452, 1.268268129101124], [117.74434602489025, 1.268250007486206], [117.74443589884662, 1.268222841969572], [117.74450780421341, 1.268222821155423], [117.74457972250606, 1.268268032839806], [117.74463365153042, 1.268268017225811], [117.74456180046188, 1.268458014547097], [117.74450788177523, 1.268494216162886], [117.74446295125868, 1.268530415176072], [117.74449891946085, 1.268584683767867], [117.74460677235164, 1.268566559534282], [117.74466968955349, 1.268566541312896], [117.7447146433443, 1.268611760795704], [117.74474160527258, 1.26860270648557], [117.7448494633305, 1.268602675241419], [117.74492138681272, 1.268665979905097], [117.74499330253474, 1.268702145066992], [117.74504724709112, 1.268756408433627], [117.74500236058385, 1.268946397940648], [117.74457991129381, 1.268928427345884], [117.74454398705603, 1.269027949261444], [117.74415743353174, 1.268810945167907], [117.74393277053943, 1.268955754227369], [117.74382122930028, 1.268991132097006], [117.74396641768799, 1.269210243398905], [117.7439394635028, 1.269246437210288], [117.74393047791251, 1.269255486313656], [117.74388553703467, 1.269255499323229], [117.74384959467199, 1.269291695736497], [117.74382263272938, 1.269300750043307], [117.74378668519527, 1.269318853453233], [117.74373274838484, 1.269291729557041], [117.74369679051156, 1.269273646958577], [117.74365184704676, 1.269264613462298], [117.74366085072899, 1.269318889872836], [117.74371479012495, 1.269355060272458], [117.74370679562183, 1.269381908987339], [117.74368785144263, 1.269445533095331], [117.7436968525435, 1.269490763003007], [117.74376876571291, 1.269517881693817], [117.74377776681598, 1.269563111600202], [117.74379574575514, 1.269572152897594], [117.74380474685935, 1.269617382803475], [117.74383171656163, 1.269635467999559], [117.74386767702701, 1.269662597094041], [117.7438676899564, 1.269707829601428], [117.74388568441313, 1.269771149906019], [117.74388569734391, 1.269816382413181], [117.74392165005396, 1.269816372000985], [117.74393065116348, 1.269861601904541], [117.74397558946471, 1.269852542386724], [117.74401154217453, 1.269852531972973], [117.74408343983247, 1.269825371640898], [117.74413737406941, 1.269843449019973], [117.74417332936505, 1.269852485104866], [117.74418231754213, 1.269852482500784], [117.7442182650754, 1.269834379082655], [117.74424521149413, 1.269771045765125], [117.74429014202725, 1.269734846741574], [117.74429911985395, 1.269698658134986], [117.74433506997146, 1.269689601217457], [117.74441596614423, 1.269698624277842], [117.74446092514046, 1.269761936756194], [117.74452386566884, 1.269843337022241], [117.74445197319893, 1.269888590364722], [117.74440703490372, 1.269897649890257], [117.74438906113828, 1.269906701600534], [117.74433513466494, 1.269915763730061], [117.74429019377985, 1.269915776753481], [117.7442632318363, 1.2699248310678], [117.74423627765549, 1.26996102488404], [117.74422729465356, 1.269979120489965], [117.74424527618395, 1.269997208282225], [117.74423630612151, 1.27006053639167], [117.74418238999402, 1.270105784523385], [117.7441824132852, 1.270187203030543], [117.74415547204228, 1.270268629352362], [117.74418243398972, 1.270259575036861], [117.74424533570877, 1.270205277797602], [117.74428127289133, 1.270150988373649], [117.74434417978236, 1.270114784135634], [117.74438911031625, 1.270078585107741], [117.74441606708277, 1.270051437790788], [117.74442504231746, 1.270006202683936], [117.7444520016716, 1.269988101867508], [117.74450592037846, 1.269951900234464], [117.74454186531908, 1.269924750312272], [117.74455085349565, 1.269924747706752], [117.74463174708394, 1.269924724255655], [117.74464973638234, 1.269969951543175], [117.7447036809776, 1.270024214905136], [117.7447126743332, 1.270042305298261], [117.74470369910433, 1.270087540403211], [117.74477560710807, 1.27009656605054], [117.7448295465283, 1.270132736407768], [117.74483853470498, 1.270132733800814], [117.74492842683298, 1.270168893726563], [117.74494640577682, 1.270177935010999], [117.74505427166805, 1.270205043216431], [117.74504529644693, 1.270250278319323], [117.7450093566953, 1.270295521246199], [117.74491949306127, 1.27035887281846], [117.7448565965458, 1.270431263066789], [117.74481166342925, 1.270458415603046], [117.74476671476803, 1.270431289141669], [117.74470378198104, 1.270377028394011], [117.74459593161554, 1.270404199175506], [117.74447011524647, 1.27046756116717], [117.74445214665785, 1.270494705880486], [117.74446113742616, 1.270503749774305], [117.7444521570162, 1.270530891881335], [117.74444317142695, 1.270539940987983], [117.74446115296413, 1.270558028775461], [117.74446115555384, 1.270567075275652], [117.74445394821271, 1.270574333564169], [117.7444341987859, 1.270594222595863], [117.74440723424847, 1.270594230415224], [117.74438926047965, 1.27060328212831], [117.74435331294146, 1.270621385554326], [117.74434432476207, 1.270621388160583], [117.74433534435099, 1.270648530268145], [117.74429941234813, 1.270720912697085], [117.74429045006374, 1.270811380308645], [117.74424550657328, 1.270802346839847], [117.74422752503403, 1.270784259051005], [117.7442185316752, 1.270766168655803], [117.74417359077421, 1.270766181685901], [117.74411965651456, 1.270748104319216], [117.74407470525799, 1.270711931343492], [117.74397581974434, 1.270657680994803], [117.74396682638768, 1.270639590597403], [117.74389492353319, 1.27064865793741], [117.74370617432785, 1.270657759131425], [117.7436792382456, 1.270757278463269], [117.74366127999497, 1.270820609184369], [117.74360735608035, 1.270838717813223], [117.74355343733878, 1.270874919445471], [117.74355344510047, 1.270902058951595], [117.74357143440123, 1.270947286253444], [117.74357372272789, 1.270956487693028], [117.74365541391691, 1.271061197192147], [117.74368832993895, 1.271119135929442], [117.74368834029178, 1.271155321936424], [117.74372431372953, 1.271227683529355], [117.74367874270345, 1.271299806409649], [117.74366142492215, 1.27132721328548], [117.7435805364488, 1.271345329735786], [117.7435715586184, 1.271381518348703], [117.74358055974388, 1.271426748253339], [117.74359853869981, 1.27143578954475], [117.74362550583955, 1.271444828230565], [117.74364348479563, 1.271453869521493], [117.7436352833279, 1.27147359146525], [117.7436339899197, 1.271476702932429], [117.74369494257678, 1.271508748781317], [117.74370634884835, 1.271610172145756], [117.74371468503556, 1.271684300388058], [117.74373278447409, 1.271941517055365], [117.74371643390795, 1.27200375721052], [117.74369887484988, 1.272070600576942], [117.7436460975181, 1.272169320463668], [117.74363247403026, 1.272256893654959], [117.7436437230338, 1.27228614768582], [117.7436617097689, 1.272322328478231], [117.7436886846915, 1.272358506662718], [117.74372464262, 1.272376589235612], [117.74375161236205, 1.272394674415517], [117.74378757029113, 1.272412756986967], [117.74379656366027, 1.272430847381851], [117.74380556221219, 1.272467030779448], [117.74382354895161, 1.272503211568595], [117.74384153050859, 1.272521299354648], [117.74385950947418, 1.272530340639129], [117.74388647921855, 1.272548425816092], [117.74394040056438, 1.272521270660614], [117.74398532853803, 1.272476025111428], [117.74403025910216, 1.272439826063313], [117.74408418303533, 1.272421717407852], [117.74409316862925, 1.272412668297994], [117.74414709774554, 1.272412652643218], [117.744174070081, 1.272439784317361], [117.74418865761932, 1.272454458030872], [117.74417411934286, 1.272611667829618], [117.7441741349006, 1.272665946833441], [117.74419213720589, 1.27275640661965], [117.74419215535917, 1.272819732123776], [117.74419215795257, 1.272828778624363], [117.74420115132682, 1.272846869015247], [117.74423710926344, 1.272864951574763], [117.7442281444193, 1.272946372689775], [117.74421017582515, 1.272973517412537], [117.74418322163648, 1.273009711246555], [117.74416525822915, 1.27305494897078], [117.74418324498096, 1.273091129751859], [117.74419223835714, 1.273109220142236], [117.74420123173351, 1.273127310532504], [117.74423720005214, 1.27318157909156], [117.74423720783508, 1.273208718592962], [117.74425518940102, 1.273226806371413], [117.74427317875092, 1.273272033650753], [117.74426914693615, 1.27344225378768], [117.74425526724255, 1.273498201383973], [117.74425527762267, 1.273534387385604], [117.74425528281284, 1.273552480386416], [117.74423732200395, 1.273606764612876], [117.74422834938505, 1.27366104622758], [117.74414745826795, 1.273670116235539], [117.74412049369683, 1.273670124070807], [117.74409353172035, 1.273679178406521], [117.74408454871941, 1.273697274019634], [117.74410253807508, 1.273742501299839], [117.74412053781236, 1.273823914582192], [117.744111557407, 1.273851056696246], [117.74412056636056, 1.27392342608946], [117.74414753872084, 1.273950557754435], [117.74414754650755, 1.273977697256231], [117.74411160412379, 1.274013893708398], [117.74407566173902, 1.274050090160644], [117.74408467329128, 1.274131506054773], [117.74410264967541, 1.274131500829652], [117.7441116404632, 1.274140544717705], [117.74417456299919, 1.274158619429498], [117.74418356157565, 1.274194802818619], [117.74422850253586, 1.274194789753196], [117.74424649190196, 1.274240017028688], [117.74425550346339, 1.274321432918534], [117.74427351620423, 1.27444807869576], [117.74428251218815, 1.274475215582758], [117.74426454359353, 1.274502360311511], [117.74426454619062, 1.27451140681183], [117.74428252517379, 1.274520448084169], [117.7443634267026, 1.274547564057039], [117.74438140049091, 1.27453851232818], [117.74438139789336, 1.274529465828105], [117.74440836247179, 1.274529457984802], [117.74443533224556, 1.274547543141144], [117.74443533744113, 1.274565636141069], [117.74447129800627, 1.274592765181875], [117.74444435161318, 1.274656098525805], [117.74443537121407, 1.27468324064052], [117.7444443646035, 1.274701331025481], [117.74443537641018, 1.274701333640426], [117.74443538680264, 1.27473751964023], [117.74438147063161, 1.274782767829978], [117.74435452943274, 1.274864194175551], [117.74438152259636, 1.274963697831007], [117.74439051079071, 1.274963695215713], [117.74439949638655, 1.27495464610038], [117.74444847766006, 1.274929979228725], [117.74445341775602, 1.274927490908183], [117.74448038493684, 1.274936529561516], [117.74451212412264, 1.274949296697901], [117.74452533110465, 1.274954609482773], [117.74453432449657, 1.274972699866452], [117.74455229828564, 1.27496364813503], [117.7445702772727, 1.274972689402867], [117.74457028247092, 1.274990782402175], [117.74463320762699, 1.275017903587993], [117.74464219582102, 1.275017900971704], [117.74467816419461, 1.275072169502792], [117.74469614578233, 1.275090257268417], [117.74474109715268, 1.275126430181977], [117.74475009574716, 1.27516261356217], [117.74473212975892, 1.27519880479329], [117.74474112575392, 1.275225941674136], [117.7447321583614, 1.275298316285597], [117.74473216876287, 1.27533450228278], [117.74475015555468, 1.2753706830452], [117.74480545892992, 1.275398493973657], [117.74482485307023, 1.27539332096465], [117.74492135849489, 1.275396681675421], [117.74493323089065, 1.27541817450965], [117.74495855652826, 1.275469916728661], [117.7449697129963, 1.275471028007394], [117.74506241340073, 1.275482661938486], [117.74514803545868, 1.275559421866575], [117.74515255696829, 1.275485984687323], [117.74515304638074, 1.275481315646485], [117.7451542162354, 1.275476771249072], [117.74515604139401, 1.275472451013882], [117.74529627019761, 1.275198800599657], [117.74529621093266, 1.274992742178854], [117.74529682299313, 1.274801957670942], [117.74537469313168, 1.274426958517483], [117.74535626203088, 1.274402238899243], [117.74535407513733, 1.274398880571089], [117.74518310231242, 1.274091156692853], [117.74518110299144, 1.274086819478453], [117.74517977591425, 1.274082228766385], [117.74517915077209, 1.274077489487425], [117.74517924107836, 1.2740727101956], [117.74521508467343, 1.273692746797601], [117.74521583300115, 1.273688265848793], [117.74521721054626, 1.273683938507375], [117.74521918947107, 1.273679854341775], [117.74540309635721, 1.27336232932177], [117.74538880806766, 1.273119054128163], [117.74548652429016, 1.273063611369215], [117.74553144962638, 1.273009319305711], [117.74556738937447, 1.272964076355579], [117.74560332652297, 1.272909786908007], [117.7456212950968, 1.272882642184358], [117.74620557646965, 1.273054355551359], [117.74624152660444, 1.273045298583731], [117.7462504991825, 1.272991016987943], [117.74625163226449, 1.272989875894654], [117.74706843944298, 1.273045057606468], [117.74714032146342, 1.27296361818904], [117.74722120728573, 1.272936455117155], [117.74728410892958, 1.272882157803719], [117.74733803801627, 1.272882142076015], [117.74738297892131, 1.272882128968728], [117.74743690540193, 1.272873066745076], [117.74745488436844, 1.272882107995432], [117.74747286593997, 1.272900195739379], [117.74752679502467, 1.27290018000748], [117.74752681065605, 1.272954458969555], [117.74754481567784, 1.273053965155112], [117.74754483652286, 1.273126337104154], [117.7475178850066, 1.273171577440242], [117.74749992688311, 1.273234908141397], [117.74747298839486, 1.273325380946932], [117.74750894372995, 1.273334416949309], [117.74757186361163, 1.273343445081727], [117.74762579531078, 1.273352475835712], [117.74767972700965, 1.273361506588337], [117.74773365610137, 1.273361490846383], [117.74773368999189, 1.27347909525818], [117.7477247070237, 1.273497190868619], [117.74771573187682, 1.273542425958832], [117.74772473048826, 1.273578609307649], [117.74771576316394, 1.273650983877712], [117.7477337525672, 1.273696211095061], [117.74776971573006, 1.273732386569514], [117.74779668027932, 1.273732378695439], [117.74780566846235, 1.273732376070684], [117.74781465142965, 1.273714280459846], [117.74785059633749, 1.273687130481677], [117.74786857270304, 1.273687125231944], [117.74787756088578, 1.27368712260703], [117.74791351883286, 1.273705205092705], [117.74795846235459, 1.273714238459575], [117.74798543994494, 1.273759463046978], [117.74803038607591, 1.273777542904448], [117.74803938469383, 1.273813726248998], [117.74803040955521, 1.273858961337591], [117.74801245406042, 1.273931338529995], [117.74801246188743, 1.273958478007794], [117.7479855182093, 1.274030857826757], [117.74797653524375, 1.274048953438093], [117.74800350501343, 1.274067038545104], [117.74802148399026, 1.274076079785305], [117.74810237764358, 1.274076056147901], [117.74814731856144, 1.274076043014906], [117.74819224381973, 1.274021750927806], [117.74820122678334, 1.27400365531666], [117.74826413101522, 1.273958404468488], [117.7482731191981, 1.273958401841626], [117.74828210738094, 1.273958399214733], [117.74830008635664, 1.273967440452855], [117.74831806533238, 1.273976481690775], [117.74836302451881, 1.274039793998093], [117.74839898247161, 1.27405787647198], [117.7484618945302, 1.27403976509522], [117.748479865674, 1.274021666856495], [117.74851201299325, 1.27399738481434], [117.74883897341284, 1.274162314398736], [117.74888033543525, 1.274100761730846], [117.74891313345596, 1.274029663901522], [117.7489022867284, 1.273940124901442], [117.74889558919321, 1.273919921521631], [117.74887294865852, 1.273912994007941], [117.74882138525881, 1.273913009088832], [117.7488034010606, 1.273885874873303], [117.74877642868142, 1.273858743285872], [117.74874207686327, 1.273815550904734], [117.74872398681632, 1.273801600171322], [117.74867754040648, 1.273795446758193], [117.74866854178119, 1.273759263421141], [117.74869549849221, 1.273732116063849], [117.74871345135618, 1.27365069238754], [117.74872243692617, 1.273641643268589], [117.74874939885763, 1.273632588893953], [117.7487673726081, 1.273623537147082], [117.74880331749742, 1.273596387162201], [117.74881230567793, 1.273596384534194], [117.74882129124731, 1.273587335415211], [117.74885722569083, 1.273523999466704], [117.74889317318886, 1.273505895972724], [117.74889316535538, 1.273478756500315], [117.74889316274428, 1.273469710009511], [117.74890213525768, 1.273415428436724], [117.748893144467, 1.273406384573864], [117.74887516288584, 1.273388296847936], [117.74881224562792, 1.273388315241863], [117.74874036107302, 1.273460708190602], [117.74873137550335, 1.273469757309218], [117.74869543322416, 1.273505953783732], [117.74865949616485, 1.273560243240897], [117.74863253945396, 1.273587390597007], [117.74861456831306, 1.27360548883444], [117.74852469955356, 1.273650747564133], [117.74841684659664, 1.273668872070932], [117.74833593730477, 1.273614616759017], [117.7482640109788, 1.27354226583229], [117.74821905180951, 1.27347895351642], [117.74820105718634, 1.273415633322051], [117.74818305213148, 1.273316127157847], [117.74812009835377, 1.273189494639781], [117.7480931129508, 1.273117130573999], [117.74808412477047, 1.273117133198494], [117.74802117622092, 1.273008593657354], [117.74803016179385, 1.272999544540673], [117.74803015657962, 1.272981451555413], [117.74805708983449, 1.272872885772293], [117.74806607280009, 1.272854790163266], [117.74811999405513, 1.272827634942082], [117.74812897180605, 1.272791446348306], [117.74812895355711, 1.272728120901216], [117.7481469273079, 1.272719069161076], [117.74816489323756, 1.272682877943769], [117.74816488802368, 1.272664784959024], [117.74819185255939, 1.27266477708739], [117.74821881188076, 1.272646676230949], [117.74817386056091, 1.272610503381036], [117.7481648697757, 1.272601459512393], [117.74814687256571, 1.272529092820386], [117.7481378791745, 1.272511002458978], [117.74814685171368, 1.272456720881001], [117.74812886493251, 1.272420540157757], [117.74806593205115, 1.272366279563802], [117.74804794266632, 1.272321052346282], [117.74805691520926, 1.272266770767811], [117.7480659033867, 1.272266768145164], [117.74809287313064, 1.272284853262133], [117.74811982984498, 1.272257705916122], [117.7481198168156, 1.272212473453635], [117.74813777492898, 1.272149142760844], [117.7481647238247, 1.272094855938213], [117.74818269496633, 1.272076757708084], [117.74811978294132, 1.272094869051094], [117.74806585648608, 1.272103931278132], [117.74804788534308, 1.272122029508034], [117.74802992722692, 1.272185360201402], [117.74796702040706, 1.272221564528482], [117.74792207951947, 1.272221577639204], [117.7478681426389, 1.272194453891967], [117.74778724122605, 1.272167338007504], [117.74775130153779, 1.272212580959503], [117.74774231596443, 1.272221630074218], [117.74772435002657, 1.272257821290298], [117.74766144319688, 1.272294025613439], [117.74763447866174, 1.272294033477201], [117.74756257062981, 1.272285007952197], [117.74751761151019, 1.272221695600265], [117.74750862072807, 1.27221265172713], [117.74750860250259, 1.272149326270745], [117.74754453959325, 1.27209503682643], [117.74756250032745, 1.272040752623411], [117.74755349913244, 1.271995522775389], [117.74750854002212, 1.271932210420043], [117.74747259251836, 1.271950313887593], [117.74745462917834, 1.271995551596872], [117.74740070531732, 1.272013660304086], [117.74732881030418, 1.272049867238167], [117.74725690487806, 1.272049888194219], [117.7472029680008, 1.272022764426694], [117.74719397982244, 1.272022767045814], [117.74716701528722, 1.272022774902984], [117.7471400455478, 1.272004689770781], [117.74712206138521, 1.271977555524721], [117.74714001952877, 1.27191422482529], [117.74715798807942, 1.271887080104296], [117.7472119015353, 1.271832785425095], [117.74726582279492, 1.271805630228979], [117.74728380955834, 1.271841810968141], [117.7473107714887, 1.271832756616657], [117.74736469274607, 1.271805601419077], [117.74743659295848, 1.271787487476136], [117.74744558113554, 1.27178748485665], [117.74745457712059, 1.271814621718858], [117.74747256128317, 1.271841755961224], [117.74751748915418, 1.27179651039341], [117.7475174787428, 1.271760324418293], [117.74749050900691, 1.271742239289569], [117.7474994763626, 1.271669864719415], [117.74751744230527, 1.271633673505303], [117.74745452246792, 1.271624645346666], [117.74745451726334, 1.271606552358823], [117.74747248320689, 1.271570361144897], [117.74749045435473, 1.271552262918836], [117.74750842290001, 1.27152511819898], [117.7475174032691, 1.271497976098388], [117.74753536921166, 1.271461784884959], [117.74755334296079, 1.271452733152878], [117.74758029187365, 1.271398446333125], [117.74761623416569, 1.271362249881775], [117.74767016581924, 1.271371280659358], [117.74772410007527, 1.271389357928963], [117.74776904355346, 1.271398391323567], [117.74777803433146, 1.271407435196984], [117.74779601068151, 1.271407429957154], [117.74781396881012, 1.271344099264851], [117.74784093333429, 1.271344091405072], [117.74788587941407, 1.271362171290902], [117.74791284914475, 1.271380256416232], [117.7479218399229, 1.271389300288885], [117.7479577978287, 1.271407382793019], [117.74797578198913, 1.27143451703049], [117.7480117424996, 1.271461646026042], [117.7480207332783, 1.271470689897969], [117.74802972926513, 1.271497826755301], [117.74803872785645, 1.271534010105199], [117.74801179458167, 1.271642575881436], [117.74804774728304, 1.271642565396436], [117.7481016867531, 1.271678735638293], [117.74811966570843, 1.271687776887614], [117.74818255949114, 1.271606340103559], [117.74819154766602, 1.271606337481832], [117.74822748213109, 1.27154300154837], [117.74824544285119, 1.271488717351109], [117.74828139033869, 1.271470613879672], [117.74830835486128, 1.271470606014199], [117.74837127468524, 1.271479634152356], [117.74838926405992, 1.271524861368019], [117.74844320873838, 1.271579124585096], [117.74847017326111, 1.271579116717251], [117.7485420890784, 1.271615281701607], [117.74858700388766, 1.271524803670528], [117.74853306181556, 1.271479586949264], [117.74855101731693, 1.271407209770584], [117.74860493593397, 1.271371008068272], [117.7486229096745, 1.271361956331285], [117.74863189784764, 1.271361953708519], [117.748658859761, 1.271352899348595], [117.74870379801986, 1.27134383974257], [117.74873076253854, 1.271343831873442], [117.74873975331761, 1.271352875741609], [117.7487217847904, 1.271380020461752], [117.74872179260915, 1.271407159935672], [117.74873979241315, 1.27148857311062], [117.74874878319304, 1.271497616978427], [117.74875777397297, 1.271506660846166], [117.74873980544591, 1.271533805566924], [117.7487038762108, 1.271615234482707], [117.74873984976081, 1.271687595918241], [117.74876681688986, 1.271696634537798], [117.7488027721929, 1.271705670532887], [117.74885670384373, 1.271714701278791], [117.74886509007293, 1.271706255739487], [117.7488654331093, 1.271705173678918], [117.74886616474664, 1.271705173465299], [117.7488746749766, 1.271696603048202], [117.74886567115891, 1.271642326726578], [117.74887462543926, 1.271524719719699], [117.74889260178563, 1.271524714471702], [117.74891956630499, 1.27152470659947], [117.74895551638991, 1.271515649611907], [117.74894650214499, 1.27142518732778], [117.74892850755077, 1.271361867139604], [117.74892848930288, 1.271298541703433], [117.74896442635087, 1.271244252263557], [117.74900036861135, 1.271208055805535], [117.74902734355466, 1.271244233896865], [117.74906331449252, 1.271307548835157], [117.7491082709974, 1.271361814656909], [117.74912626037984, 1.271407041860281], [117.74910829185822, 1.271434186580936], [117.74910831532809, 1.271515604995416], [117.74908136384897, 1.271560845322322], [117.74904542941177, 1.271624181255476], [117.74904543462752, 1.271642274236711], [117.74909038070962, 1.271660354093322], [117.74909038331772, 1.271669400583843], [117.74908140296876, 1.271696542680467], [117.74908140325773, 1.271697545031617], [117.74909049247077, 1.271723773583152], [117.74909938974832, 1.271732723392309], [117.74914434104915, 1.27176889622761], [117.74919826226372, 1.271741741003672], [117.74922522156606, 1.27172364014641], [117.7492881179071, 1.271651249845523], [117.74933304050883, 1.2715879112866], [117.74939594206195, 1.271533613966539], [117.74943188953242, 1.271515510483396], [117.74949480151766, 1.271497399121936], [117.74952177125155, 1.271515484222815], [117.7495307620327, 1.271524528086201], [117.74954873315757, 1.271506429854448], [117.7495667068916, 1.271497378112259], [117.74961163992108, 1.271470225511836], [117.74959365314047, 1.271434044806685], [117.74962957712258, 1.271334522917612], [117.7496295692948, 1.271307383449338], [117.74962956146717, 1.271280243981057], [117.7496115616443, 1.271198830827996], [117.749602552603, 1.271126461537919], [117.74958456321905, 1.271081234341577], [117.74960251869057, 1.271008857174433], [117.7495935174784, 1.270963627352252], [117.74960249782295, 1.270936485258388], [117.74967438752816, 1.270882185318797], [117.74973730210418, 1.270873120450699], [117.74983619022767, 1.270936416989884], [117.74985418744058, 1.271008783649437], [117.74992609801441, 1.271026855615422], [117.7499440795725, 1.271044943339695], [117.74998902824878, 1.271072069671775], [117.74999802685838, 1.271108252999521], [117.74997107801042, 1.271162539812872], [117.7499351279416, 1.271171596809662], [117.74989018709246, 1.271171609944035], [117.74986322780234, 1.271189710802178], [117.74984525929165, 1.271216855522546], [117.7498362789509, 1.271243997616266], [117.74981831043976, 1.271271142336826], [117.74980034714801, 1.271316380035622], [117.74978237602646, 1.271334478267332], [117.74975541412412, 1.271343532636616], [117.74973744822148, 1.271379723846702], [117.74973745083125, 1.271388770335898], [117.74971948492835, 1.271424961546181], [117.74974646771119, 1.271488279090081], [117.74979141639785, 1.271515405422182], [117.74983635725394, 1.271515392285988], [117.74987230471753, 1.271497288798652], [117.74993523496798, 1.271542502849914], [117.74996220470284, 1.271560587944045], [117.75000713250286, 1.271515342361272], [117.75004306951972, 1.271461052918039], [117.75008799731678, 1.271415807335684], [117.75013293294569, 1.27139770121858], [117.75018685413228, 1.271370545984551], [117.75018684890972, 1.271352453008025], [117.75020482263812, 1.271343401263319], [117.75024077009441, 1.271325297773751], [117.75026772938041, 1.27130719691239], [117.75026772415754, 1.271289103936192], [117.75028569527356, 1.271271005703282], [117.75031264933567, 1.271234811865947], [117.75033062045107, 1.271216713633126], [117.75033960862018, 1.271216711004679], [117.75038452334961, 1.271126232983324], [117.75041148524403, 1.27111717861007], [117.7505463129951, 1.271135232153952], [117.75061822617869, 1.271162350582932], [117.75067096738974, 1.27122298190501], [117.75069541933958, 1.271321302838169], [117.75062728750173, 1.271415649599412], [117.75062729011466, 1.271424696086753], [117.75064528735773, 1.271497062725298], [117.75063630702775, 1.271524204817345], [117.75067228322632, 1.271605612681677], [117.7506453343976, 1.271659899496568], [117.75062736067102, 1.271668951244731], [117.75061838556827, 1.271714186311826], [117.75058245118132, 1.271777522245332], [117.75053752862237, 1.271840860809815], [117.7505285692007, 1.2719403748029], [117.75048365448042, 1.272030852831622], [117.75047466892248, 1.272039901949874], [117.75043875544108, 1.272175609787462], [117.75042979863582, 1.272284170270588], [117.7504388103357, 1.27236558602862], [117.75043884170775, 1.272474143880582], [117.75044783510997, 1.272492234224437], [117.75047782325122, 1.272492225444593], [117.75059165372534, 1.272519331578747], [117.75060001325173, 1.272502490902497], [117.75060063666822, 1.272501235972051], [117.75060061051848, 1.272410771098809], [117.75060957777247, 1.272338396568457], [117.75072350625734, 1.272266176758017], [117.75071448409223, 1.272148575057622], [117.75070547761817, 1.272085252279403], [117.75070545408774, 1.272003833895191], [117.75072341997208, 1.271967642683976], [117.75075036879808, 1.27191335586746], [117.7507683399105, 1.271895257630684], [117.7508851756671, 1.271859037473142], [117.75091213756275, 1.271849983091173], [117.75082512132168, 1.271741265263443], [117.75087003341324, 1.271641740751819], [117.75089699792156, 1.271641732858076], [117.7509059808623, 1.271623637253274], [117.75094193092504, 1.271614580241193], [117.75097789406018, 1.271650755661742], [117.75099587824288, 1.271677889858153], [117.7510228532103, 1.271714067908855], [117.7510857808564, 1.271750235430342], [117.75109476902578, 1.271750232798145], [117.75115768621099, 1.271750214371885], [117.75116667699572, 1.271759258225631], [117.75111487967054, 1.271904341052918], [117.75116881392111, 1.271922418229097], [117.75121377308255, 1.271985730467136], [117.75128571507288, 1.272112360204149], [117.75131269266748, 1.272157584732429], [117.75138462420145, 1.27224802851795], [117.75139362545872, 1.2722932583121], [117.75138464514026, 1.272320400403572], [117.75142959122901, 1.272338480202346], [117.7514499293756, 1.272368547475258], [117.75162530776382, 1.272642796369799], [117.7516279882806, 1.272646743470158], [117.75162832281369, 1.272647341344782], [117.75166217764972, 1.272709386690466], [117.75166415361923, 1.272713766419366], [117.75166544745908, 1.272718396935998], [117.75166602947738, 1.27272317150052], [117.75166815785809, 1.272769672527466], [117.75166809965854, 1.272773548963725], [117.75166757046806, 1.272777388447536], [117.75166658015715, 1.272781133983155], [117.75164907034144, 1.272834055633471], [117.75161348804947, 1.272986457744596], [117.751612417704, 1.272990065797171], [117.75161092936371, 1.272993519277446], [117.75160904458657, 1.272996771137382], [117.75159308407824, 1.2730208819904], [117.7515704568746, 1.273081664730207], [117.75157360507686, 1.273099062008611], [117.75158951106793, 1.273107060768688], [117.75160748741399, 1.273107055495113], [117.75168838621062, 1.273125124732487], [117.75174230738683, 1.273097969454383], [117.75175129293925, 1.273088920332212], [117.75175128245824, 1.273052734392682], [117.75177824435544, 1.273043679996079], [117.75180520101163, 1.273016532629758], [117.7518411510802, 1.273007475595506], [117.75183215242656, 1.272971292294043], [117.75185911170192, 1.272953191412593], [117.75190404732045, 1.272935085256138], [117.75197593434946, 1.272871738764123], [117.75207479637133, 1.272844570295684], [117.75210176612671, 1.272862655350133], [117.75217367411655, 1.272871680728768], [117.75219165307995, 1.272880721936048], [117.75222762935829, 1.272962129737295], [117.75219168978128, 1.273007372711669], [117.75220069106138, 1.273052602492732], [117.75222766606373, 1.273088780511784], [117.75223665685738, 1.27309782435668], [117.75223665947938, 1.273106870840548], [117.75223797611544, 1.273109519264669], [117.75224565289521, 1.273124961169203], [117.75225464106697, 1.273124958530092], [117.75227261741037, 1.273124953251776], [117.75228160558208, 1.273124950612571], [117.75228671627393, 1.273109504953506], [117.75229058588711, 1.273097808522071], [117.75230855436355, 1.273070663792458], [117.75234450442682, 1.273061606751749], [117.75235349259815, 1.273061604112423], [117.75235348735355, 1.273043511145168], [117.75236247290246, 1.273034462022238], [117.75238044924482, 1.273034456743541], [117.75240741113578, 1.273025402341742], [117.7524433638199, 1.273025391783667], [117.75244336644249, 1.273034438267108], [117.75247932699469, 1.273061567158549], [117.7525062967535, 1.273079652205672], [117.75253326126658, 1.273079644285785], [117.7525512349855, 1.273070592522489], [117.75256022053338, 1.273061543399224], [117.75256021004134, 1.273025357466438], [117.7526051325334, 1.27296201888434], [117.75265006551602, 1.27293486623481], [117.75273097478822, 1.272989121369534], [117.75276694845873, 1.273061482669349], [117.75275796291203, 1.273070531792907], [117.7527399970659, 1.273106723005674], [117.75273999783414, 1.273109371815842], [117.75273999968968, 1.27311576948849], [117.75272203121952, 1.273142914218605], [117.7527220338433, 1.273151960701457], [117.75272203909093, 1.273170053667158], [117.75272204433864, 1.273188146632856], [117.75271305616765, 1.273188149273737], [117.75269508244939, 1.27319720103831], [117.75265913501234, 1.2732153045673], [117.75262317970378, 1.273206268646925], [117.75260520336123, 1.273206273928037], [117.75260520073773, 1.273197227444946], [117.7525602572579, 1.273188194163895], [117.75250633872227, 1.273224395938496], [117.7524973584203, 1.273251538028638], [117.75249736104352, 1.273260584511951], [117.75248838074153, 1.273287726602185], [117.75246141884917, 1.27329678100628], [117.75244344250532, 1.273296786286633], [117.75247041226754, 1.273314871332788], [117.75250636495518, 1.273314860771427], [117.75259625454413, 1.273341973815124], [117.75263220985498, 1.273351009734798], [117.75265917699411, 1.273360048294865], [117.7528119864088, 1.273396189323337], [117.75284794171948, 1.273405225239079], [117.75285694564005, 1.273459501492572], [117.7528569613898, 1.273513780387846], [117.75284798634313, 1.273559015442681], [117.75283900867144, 1.27359520401508], [117.75282104282748, 1.273631395229768], [117.75279408618566, 1.273658542604115], [117.75277612559121, 1.273712826784505], [117.75277612821637, 1.273721873267204], [117.75283906642862, 1.273794226631586], [117.75291997048684, 1.273830388776791], [117.7529351491069, 1.273868549616587], [117.75293795996238, 1.273875615902634], [117.7529559441866, 1.273902750063341], [117.75294697177075, 1.273957031600484], [117.75292900067676, 1.273975129851706], [117.75291102958248, 1.27399322810295], [117.75292002300836, 1.274011318424459], [117.75292901906072, 1.274038455228216], [117.7529380098606, 1.27404749906715], [117.75295599408709, 1.274074633227108], [117.75298296648761, 1.274101764743015], [117.75297399144742, 1.274146999797989], [117.75297400983497, 1.274210325173756], [117.75295605975585, 1.274300795284341], [117.75295608077234, 1.274373167142571], [117.75294709785196, 1.27439126275132], [117.7528841648675, 1.274337002365262], [117.7528212187533, 1.274237509563229], [117.75281220956866, 1.274165140345924], [117.75280324765711, 1.274255607815218], [117.75278527656067, 1.274273706067227], [117.75276730546399, 1.274291804319259], [117.75275832254185, 1.274309899927976], [117.75273137114871, 1.274355140271629], [117.75270441187607, 1.274373241167142], [117.7526864407782, 1.274391339419342], [117.7526774631079, 1.274427527994016], [117.75268646178864, 1.274463711282026], [117.75263255637192, 1.274545145488446], [117.75256965227129, 1.2745903964068], [117.75248875868508, 1.274590420194951], [117.75244381255166, 1.274572340442823], [117.75244382042901, 1.274599479892816], [117.75245281123131, 1.274608523733264], [117.75245282436087, 1.274653756149809], [117.75247979151672, 1.274662794703945], [117.75253373896022, 1.274726104226699], [117.75254274814885, 1.274798473448154], [117.75249782302275, 1.274852765565001], [117.75246188081947, 1.274888962072088], [117.75244390971743, 1.274907060325662], [117.75240796225991, 1.274925163866115], [117.75237202268053, 1.274970406856723], [117.75233607522127, 1.274988510396981], [117.7523181067438, 1.275015655134159], [117.75233610148459, 1.275078975232223], [117.75232711855907, 1.275097070842748], [117.75230015139739, 1.275088032289416], [117.75225522363598, 1.275133277924233], [117.75220131294641, 1.275196619169983], [117.75215637467709, 1.275205678869639], [117.75210245347954, 1.275232834179628], [117.75204853490615, 1.275269035973257], [117.75204853753199, 1.275278082457365], [117.75202158349612, 1.275314276322465], [117.75199462420811, 1.275332377219291], [117.75200362289131, 1.27536856051327], [117.75199463996297, 1.275386656124573], [117.75195870299714, 1.275440945601631], [117.75195870824888, 1.275459038570196], [117.75189580673973, 1.275513335976355], [117.75182389866752, 1.275504310633307], [117.75178794594387, 1.27550432120323], [117.75177895959517, 1.275510637387263], [117.75177895776291, 1.275504323845631], [117.75177895513758, 1.275495277360978], [117.75177895251225, 1.275486230876323], [117.75177894988694, 1.275477184391668], [117.75176097089991, 1.275468143191571], [117.75177894201113, 1.275450044937699], [117.75176995383033, 1.275450047579956], [117.75176995120513, 1.27544100109528], [117.75174298403763, 1.275431962537073], [117.7517699249541, 1.27535053624848], [117.75178789868991, 1.2753414844797], [117.75177890788451, 1.275332440637099], [117.75177890525951, 1.275323394152432], [117.75175193284382, 1.275296262624153], [117.75174293941394, 1.275278172296509], [117.75171595650085, 1.275214854828118], [117.75169797489171, 1.275196767141498], [117.75165302611836, 1.275169640893608], [117.75162605370575, 1.275142509362226], [117.75157209313991, 1.275033967386883], [117.75156309184219, 1.274988737601859], [117.75155408792185, 1.274934461331439], [117.75154509974236, 1.274934463971838], [117.75153610893956, 1.274925420127006], [117.75149115754951, 1.274889247387097], [117.7514731785676, 1.2748802061819], [117.75143721273554, 1.274834984314665], [117.75141923375406, 1.274825943108749], [117.75141024295205, 1.27481689926298], [117.75139226134817, 1.274798811571233], [117.75138326267889, 1.274762628268664], [117.75136527320873, 1.274717401119671], [117.75136527058643, 1.274708354634099], [117.75134727849536, 1.274654080998934], [117.75134727587326, 1.27464503451332], [117.75133828769438, 1.274645037152394], [117.75138107413277, 1.274924110501096], [117.75139636330383, 1.274993263684205], [117.75141524294267, 1.275064439511003], [117.75141526083111, 1.275126129304519], [117.7514294362834, 1.275235269186797], [117.75140138208808, 1.275255988454128], [117.75140138330354, 1.275260179690848], [117.75141037673161, 1.275278270021157], [117.75140139642146, 1.275305412118131], [117.7513924213586, 1.275350647186122], [117.75138343580103, 1.275359696312304], [117.75131152772671, 1.275350670951226], [117.75127556975443, 1.275332588541244], [117.75123063409333, 1.275350694713772], [117.751185722039, 1.275450219258956], [117.7511857613887, 1.275585916547296], [117.75119476531242, 1.275640192821994], [117.75120375611868, 1.275649236667207], [117.75122173510768, 1.27565827787162], [117.75122174297894, 1.275685417329031], [117.75123073378552, 1.275694461173996], [117.75123972721603, 1.275712551504655], [117.75120378497991, 1.275748748011436], [117.75118741330057, 1.275752872591652], [117.75116783487147, 1.275757805060574], [117.75113187951524, 1.275748769137387], [117.7511049175892, 1.275757823545139], [117.75108694646964, 1.275775921798314], [117.75107795828627, 1.275775924438814], [117.75105998454293, 1.275784976205852], [117.75104201079941, 1.275794027972838], [117.75103301736922, 1.27577593764084], [117.75100605544199, 1.275784992047922], [117.75099706725845, 1.275784994688156], [117.7509700974615, 1.275766909636029], [117.75096110927794, 1.275766912276099], [117.75092817207911, 1.275766921950368], [117.75092515654349, 1.275766922836065], [117.75091695063438, 1.275758668517355], [117.75088020251147, 1.275721703602763], [117.75088918282702, 1.275694561503588], [117.75088019202094, 1.275685517656711], [117.75086221303147, 1.275676476449299], [117.75084422879725, 1.275649342268504], [117.75083524848098, 1.275676484367717], [117.75079030756315, 1.275676497564449], [117.75077233381809, 1.275685549329659], [117.75070940866597, 1.275658428342832], [117.75069143229848, 1.27565843362066], [117.75069144278615, 1.275694619568293], [117.7507184230703, 1.27574889057237], [117.75071843093686, 1.275776030032908], [117.75073641254961, 1.275794117728017], [117.75075439416264, 1.275812205422847], [117.7507633875917, 1.275830295756905], [117.75078137707301, 1.275875522911402], [117.75073645450898, 1.275938861516831], [117.7507364571316, 1.275947908003627], [117.75073645975424, 1.275956954490421], [117.75073646237689, 1.275966000977215], [117.75073646762226, 1.275984093950802], [117.7507634374222, 1.276002179004988], [117.75075445972873, 1.276038367591829], [117.75073649385021, 1.276074558818695], [117.75068256998466, 1.27609266763133], [117.75067358442209, 1.276101716757979], [117.75065914619462, 1.276096877508778], [117.75064661724339, 1.276092678190075], [117.75063762643546, 1.276083634342691], [117.75061964744225, 1.276074593134744], [117.75060167893885, 1.27610173787486], [117.75059269075335, 1.276101740514328], [117.75056572881914, 1.276110794919681], [117.75055674325587, 1.276119844046199], [117.75054775507024, 1.276119846685546], [117.75054776293729, 1.276146986147071], [117.750475862695, 1.276165100235807], [117.75045788370095, 1.276156059026728], [117.75043990732898, 1.276156064304846], [117.7503859755908, 1.276147033650929], [117.75037698740472, 1.276147036289732], [117.75033205171724, 1.276165142458519], [117.7503320569606, 1.276183235433761], [117.75033205810104, 1.27618717065588], [117.75033205958232, 1.276192281921381], [117.75034104776866, 1.276192279282643], [117.75035903725058, 1.276237506442881], [117.75034106612134, 1.276255604695835], [117.7502871370017, 1.276255620528578], [117.7502605944722, 1.276247995798262], [117.75024338066041, 1.276243051517621], [117.75022421445169, 1.276237546022993], [117.75020381092838, 1.276258093874049], [117.75017928662442, 1.276282791654449], [117.75012535225986, 1.276264714508027], [117.75011993260068, 1.276259262875291], [117.75011738100935, 1.276256696230673], [117.7501163614517, 1.276255670658093], [117.75011350375668, 1.276251359940258], [117.75011346778794, 1.276251304767243], [117.75010861384231, 1.276243981249863], [117.75010354498497, 1.276236333026596], [117.75009830347899, 1.276228424315096], [117.75009790422921, 1.276227822840757], [117.7500889651642, 1.27621433534006], [117.750080392978, 1.276201402281374], [117.75005341269298, 1.276147131265595], [117.75006239825908, 1.276138082139745], [117.75007138644577, 1.276138079502067], [117.75006238777655, 1.276101896187], [117.75005339696942, 1.276092852336365], [117.75005338648741, 1.276056666383532], [117.7500533812465, 1.276038573407112], [117.7500533733853, 1.276011433942477], [117.75004438257866, 1.276002390091598], [117.75004437995835, 1.275993343603366], [117.75004437471779, 1.275975250626899], [117.75005336028367, 1.275966201501405], [117.75006234584951, 1.275957152375916], [117.75006234322922, 1.275948105887718], [117.75008031698098, 1.275939054124954], [117.75009828549189, 1.275911909385886], [117.75013423299433, 1.275893805860244], [117.75013422775353, 1.275875712884137], [117.7501432106984, 1.275857617270677], [117.75014320807806, 1.27584857078264], [117.7501521936432, 1.275839521657257], [117.7501611818287, 1.27583951901988], [117.75017017001417, 1.275839516382471], [117.75017016739375, 1.275830469894489], [117.75019713457048, 1.275839508470056], [117.75024207811798, 1.275848541769897], [117.75026005448862, 1.275848536494442], [117.75028702166532, 1.27585757506876], [117.75031398884208, 1.275866613642682], [117.7503139862211, 1.275857567155001], [117.75030497968979, 1.275794244379038], [117.75029597840111, 1.275749014578203], [117.75028697449264, 1.275694738289385], [117.75027798630792, 1.275694740926905], [117.7502420388096, 1.275712844452352], [117.75023304538401, 1.27569475411403], [117.75022405195855, 1.2756766637756], [117.75018808873881, 1.275640488372627], [117.75016988321401, 1.275631333239431], [117.75015213075983, 1.27562240594461], [117.75012867062254, 1.275603527376999], [117.75010717935697, 1.275586233176258], [117.75004425682462, 1.275568158655716], [117.7500262830744, 1.275577210416795], [117.74993640646316, 1.275595329755953], [117.74993771500651, 1.275597962805189], [117.74994681553862, 1.275594837288046], [117.74993937159509, 1.275601295045974], [117.74994539988657, 1.275613420096772], [117.74994540512495, 1.275631513073701], [117.74993641955894, 1.275640562198373], [117.74992743661204, 1.275658657811549], [117.74992744356872, 1.275682685284997], [117.74992744970831, 1.275703890254039], [117.74993643789381, 1.275703887617733], [117.74992745232761, 1.275712936742535], [117.74989150482381, 1.27573104026466], [117.74988251663812, 1.275731042900865], [117.74979263739928, 1.275740115749951], [117.74977466626517, 1.275758213999293], [117.74976567807916, 1.275758216635144], [117.74975668989313, 1.275758219270962], [117.74973872399619, 1.27579441049804], [117.74972075024253, 1.275803462258526], [117.74972075699094, 1.275826774155818], [117.74972075798951, 1.275830223582046], [117.74972075809896, 1.275830601725281], [117.74972975152309, 1.275848692067236], [117.74972975414201, 1.275857738556133], [117.74973580229265, 1.27585773678242], [117.74973727186115, 1.275857736351444], [117.74973874232845, 1.275857735920203], [117.74975672132027, 1.27586677713709], [117.74976571736397, 1.275893913967509], [117.74976571915597, 1.275900103575159], [117.74976572260225, 1.275912006945146], [117.749756739654, 1.275930102558956], [117.74972978295132, 1.27595724993396], [117.74972080000278, 1.275975345547879], [117.74972080524107, 1.275993438525692], [117.74972080786024, 1.276002485014598], [117.7496938432993, 1.276002492922999], [117.74967586954428, 1.276011544684107], [117.74963990632025, 1.275975369271726], [117.7496311005934, 1.275975371854044], [117.74961336690032, 1.275975377054435], [117.74958597719774, 1.275975385086202], [117.74957698901058, 1.275975387721837], [117.7495680086793, 1.276002529825113], [117.7494960953254, 1.275975411441134], [117.74945115438852, 1.275975424617415], [117.74942418197196, 1.27594829305423], [117.74940924951939, 1.275940783416994], [117.74942268823479, 1.275961060803895], [117.74954935165869, 1.276054492002101], [117.74967056188936, 1.276098022541126], [117.74969675960726, 1.276106803522058], [117.74972693469113, 1.276115904486344], [117.74974507290878, 1.276187483133597], [117.74973885234104, 1.276237688452519], [117.749765819524, 1.27624672703098], [117.7497748103316, 1.276255770882896], [117.7497838037592, 1.276273861223497], [117.7498017801347, 1.276273855949507], [117.74981076832243, 1.276273853312465], [117.74987368563598, 1.276273834852283], [117.74987369349691, 1.276300974317985], [117.74987370659883, 1.276346206760808], [117.74991866064093, 1.276391426015607], [117.74992767765781, 1.276490934750794], [117.74995464484341, 1.276499973325283], [117.74996175387629, 1.276507124297733], [117.7499816172714, 1.276527104876026], [117.75000858445732, 1.276536143449606], [117.75002656869786, 1.276563277637643], [117.75004728061111, 1.276577166060124], [117.75005353850565, 1.276581362698601], [117.75006252931549, 1.276590406548191], [117.75007152274706, 1.276608496885844], [117.75007153061212, 1.27663563635024], [117.75007153847737, 1.27666277581463], [117.75008052666588, 1.276662773175835], [117.75008053190955, 1.276680866152054], [117.75008953058573, 1.276717049465546], [117.75008953582967, 1.27673514244172], [117.75009852664043, 1.27674418629078], [117.75009852926247, 1.276753232778847], [117.75009853188452, 1.276762279266912], [117.75009853975082, 1.276789418731107], [117.7501075305619, 1.27679846258], [117.75012551218423, 1.276816550277578], [117.75010753842851, 1.276825602044131], [117.75008957253928, 1.276861793274866], [117.75007160402751, 1.276888938017652], [117.75007160927203, 1.276907030993876], [117.75006262632716, 1.276925126609403], [117.75002667881355, 1.276943230142716], [117.75002679484538, 1.276943520500937], [117.7500446683042, 1.276988457305068], [117.75003568011448, 1.27698845994441], [117.75002671552609, 1.277069880977488], [117.75004470501892, 1.277115108139272], [117.75004470806195, 1.277125604779471], [117.75004471040185, 1.277133676056206], [117.75004471288683, 1.277142247603727], [117.7500447181322, 1.277160340580028], [117.75004471996415, 1.277166659551999], [117.75004472138514, 1.277171560939276], [117.75004472337763, 1.277178433556325], [117.75003573780998, 1.277187482684227], [117.75007169844014, 1.277214611589297], [117.75008069187648, 1.277232701925501], [117.75008039993054, 1.277233289128373], [117.75006272598728, 1.277268893157839], [117.75007172467015, 1.27730507647016], [117.75007173253951, 1.277332215934407], [117.75009870235851, 1.277350300989824], [117.75010266037008, 1.277358261641936], [117.75009247091138, 1.277369126754229], [117.75011407907067, 1.277414403510799], [117.75010205002062, 1.277444870190896], [117.74990185417077, 1.277562505310901], [117.74985593834573, 1.277495535876403], [117.74986074144496, 1.277408067579518], [117.74980762959036, 1.277393505663392], [117.7496869342796, 1.277405688728722], [117.7496434969414, 1.277451865718807], [117.74956141191585, 1.2774227329804], [117.74948657559814, 1.277408177434011], [117.74941656523539, 1.277391190581254], [117.74932484198682, 1.277420374338361], [117.74925726203757, 1.277459266939627], [117.74922589755181, 1.277517588012356], [117.74924763929714, 1.277571033726238], [117.74920420264908, 1.277619638792982], [117.74911247727549, 1.277641532886973], [117.74904005478383, 1.27763183458713], [117.74897313073653, 1.277586156776654], [117.74890009373559, 1.277533979947476], [117.74874182635872, 1.277631448034237], [117.74869185800131, 1.277658414901408], [117.74862642301692, 1.277872566361527], [117.74857883342368, 1.278068872004936], [117.74862290291063, 1.278157009903512], [117.74865421965498, 1.278172758800232], [117.74865422489486, 1.278190851782168], [117.74864849005169, 1.278208184733546], [117.74866806330294, 1.27824733220716], [117.74860775840637, 1.278345327024784], [117.74860034549283, 1.278362750933665], [117.74859395633334, 1.278367755518221], [117.74857288533025, 1.278401997244182], [117.74835375737933, 1.27856595501828], [117.7483236283004, 1.278622739642626], [117.74832124922776, 1.278728625915396], [117.74836379093894, 1.278885723866227], [117.74831475704042, 1.278936518024568], [117.74829187474593, 1.27900122615705], [117.74824468430683, 1.279014721086512], [117.74817779633494, 1.279078256136034], [117.74812356586939, 1.279102563688822], [117.74812431985703, 1.279108347795094], [117.74812960088472, 1.279119243650903], [117.74813236674316, 1.279147826137948], [117.74813890441779, 1.279165260429936], [117.74814778951536, 1.279206499878671], [117.74815625530388, 1.279233740907452], [117.74817016913387, 1.279258886074391], [117.74817997584296, 1.279276404443719], [117.74817927812745, 1.279284915588739], [117.74817821587699, 1.279297862336073], [117.74817829912641, 1.279302891256906], [117.7481847533083, 1.279326863473063], [117.74818146067614, 1.279353912547623], [117.74818123291725, 1.27935578161985], [117.74817653958937, 1.27938788357165], [117.74817620359714, 1.279416381931379], [117.74817167762137, 1.27943976753847], [117.74817628774231, 1.279452424942672], [117.74817385676856, 1.27949701581835], [117.74818005940361, 1.27952450900298], [117.74817913789224, 1.279545463664309], [117.74817419216791, 1.279568849394716], [117.7481696660466, 1.279594833154676], [117.74816237403623, 1.279626265524396], [117.74816555882192, 1.27965199733795], [117.74816740278756, 1.279666079471792], [117.7481672353626, 1.279690051821795], [117.74816910499364, 1.279702751644007], [117.74816910949562, 1.279702778782168], [117.74816776296502, 1.279702441743246], [117.74816748700728, 1.279702373070904], [117.74817402441892, 1.279709581206567], [117.74819950548735, 1.27982575421225], [117.74819598556094, 1.279831454535922], [117.74819347088001, 1.279832208847002], [117.7481982487174, 1.279849810109591], [117.74819640462945, 1.279866323213855], [117.74819095656287, 1.279874537219277], [117.74819808044346, 1.279883254137351], [117.74820067895776, 1.279901946142041], [117.74819975756958, 1.279923319655862], [117.74819590177601, 1.279951734916419], [117.74818383151617, 1.279970342572251], [117.74817435984329, 1.279979981677072], [117.74817293480017, 1.280000266141196], [117.74816639985765, 1.280020188436627], [117.74816430206691, 1.280026584922841], [117.74816731945644, 1.280051563212324], [117.74815499776967, 1.280080312965137], [117.7481705883219, 1.280094477908815], [117.74817100712477, 1.280119121336361], [117.74817052022269, 1.280132417109506], [117.74816045312515, 1.280190271481205], [117.74816045313328, 1.280190299525332], [117.74811455459874, 1.280332028120355], [117.74807880610187, 1.280426066054563], [117.74807587225457, 1.280431933566692], [117.74801040973873, 1.28046428766957], [117.74794226479831, 1.280464455137077], [117.74791577820449, 1.280457750416057], [117.74789985280194, 1.280451211763364], [117.7478807422465, 1.280451799063671], [117.74786305629719, 1.280442997494937], [117.74782827079478, 1.280426653456624], [117.74782131392249, 1.280429754827524], [117.7478080712087, 1.280416008045223], [117.74778552312596, 1.280402681037672], [117.74777471060487, 1.280394383149258], [117.74775878520269, 1.280390946537825], [117.74772601230586, 1.280378206029555], [117.7477060631024, 1.280369320991013], [117.74767714527061, 1.280372170982061], [117.74765342485733, 1.280373428169206], [117.74764009712072, 1.280360938872888], [117.74759936181457, 1.280345935457137], [117.74754789636573, 1.280309138566708], [117.74748754688818, 1.280216183646098], [117.74744572110897, 1.280144601962478], [117.74740104604545, 1.280079139256543], [117.74738403052761, 1.280051395031054], [117.74733273281429, 1.280056843401018], [117.74729191293541, 1.280091209435261], [117.74725796666743, 1.280157761785703], [117.74725452980823, 1.280195815063481], [117.74723583872276, 1.280232695866339], [117.74719770077863, 1.280257254714676], [117.74717783560818, 1.280311989119359], [117.74713743477106, 1.280337721057196], [117.74713282500167, 1.280366638624908], [117.7471288013656, 1.280461102398423], [117.74715091958612, 1.280591603357394], [117.7471652461032, 1.280676134124108], [117.747221481666, 1.281007932189268], [117.74724053598588, 1.28112035552606], [117.74718603849321, 1.281268669801094], [117.74718151642547, 1.28128384029045], [117.74717640081366, 1.281301001182855], [117.74712717887853, 1.281466130441161], [117.74720868069281, 1.28158813377631], [117.74722561268831, 1.281674969724101], [117.74724296275944, 1.281749819847824], [117.74731839978917, 1.281805140528608], [117.74733133196231, 1.281814208555038], [117.74733298433169, 1.281815366925666], [117.74735134108079, 1.281821988091383], [117.74736659585331, 1.281837411502141], [117.74737640289621, 1.281868424526837], [117.74739014957545, 1.281933887252973], [117.74740221868699, 1.281973282094087], [117.74740372768731, 1.281979065074466], [117.74740532037607, 1.281988285697991], [117.74741185828606, 1.28201887902029], [117.74741713876877, 1.282043354567944], [117.7474187314023, 1.282142261228552], [117.7474256886752, 1.28217461487497], [117.74741034981763, 1.28224426924386], [117.74749291174402, 1.282265223803494], [117.74750565210738, 1.28229162677512], [117.74754930522438, 1.28238476750183], [117.7475554245937, 1.282397824316982], [117.74764140469303, 1.282468169004308], [117.74774557855724, 1.282506914363394], [117.74790672994071, 1.282537504735741], [117.74821116025538, 1.282637944336377], [117.74838346778692, 1.282789119316682], [117.7483725590117, 1.282851747772921], [117.74835178146503, 1.282971046360302], [117.74827096055381, 1.283095534502708], [117.7482236646376, 1.283309219334414], [117.74820666238108, 1.283386038105707], [117.74820208529904, 1.283406717020652], [117.74820213816896, 1.283588627490945], [117.74822597207121, 1.283770530957799], [117.74823639529845, 1.28384950828851], [117.74825218913803, 1.283969187823758], [117.74826774441507, 1.284050471401679], [117.74828791586782, 1.284155875185456], [117.74821897452875, 1.284239669631372], [117.74802876514825, 1.284385732431014], [117.74789972938854, 1.284528057294004], [117.74787899122477, 1.284550932031434], [117.74780532575453, 1.284628891074144], [117.74773872374777, 1.284699373824373], [117.74765314920946, 1.284831044501493], [117.74746057210396, 1.285010618022087], [117.74733978339509, 1.285123446179798], [117.74729652492864, 1.28516385422687], [117.74719895345306, 1.285362455312552], [117.74718244196416, 1.285396062472675], [117.74713291132392, 1.285578078953758], [117.7471494208268, 1.285639670767402], [117.74721820628395, 1.285712001656162], [117.74728719501094, 1.285790968084238], [117.74731812692356, 1.285846011411118], [117.74734463535242, 1.285890480688731], [117.747337510759, 1.285947393376471], [117.74733047006568, 1.285974467084031], [117.74733197880879, 1.285982430268105], [117.7473272007448, 1.286010509279189], [117.7473252728952, 1.286014029838007], [117.74732527291964, 1.286014113970403], [117.74733684024513, 1.286024675057676], [117.74733722655856, 1.286033325201332], [117.74733876803793, 1.286036409601548], [117.7473415340846, 1.286040768291928], [117.74734245640174, 1.286044288010922], [117.74734354539157, 1.286049150180525], [117.74734304305706, 1.28605878936779], [117.74734379743742, 1.286059710983229], [117.74734580912472, 1.286060130147779], [117.74734656331012, 1.28606038141807], [117.74734748555113, 1.286060549411102], [117.74735016783656, 1.286064321008663], [117.74736290832128, 1.286075552999772], [117.74736676385972, 1.286077229083586], [117.74736634501163, 1.286080330345112], [117.74737028371534, 1.286092903810887], [117.74740490165763, 1.28611687586427], [117.74741185852837, 1.28612299467172], [117.74741747379117, 1.286124084023996], [117.74741990454935, 1.286125257542506], [117.74742878961094, 1.286129029121148], [117.7474774046737, 1.286149061822903], [117.74754270017299, 1.286157025202727], [117.74753678262842, 1.286207493715626], [117.74748805123308, 1.286275724069626], [117.7474393116239, 1.286318822362494], [117.74737987863797, 1.286389449573963], [117.74734898048827, 1.286450494470684], [117.7472919216046, 1.286506760578913], [117.7472598377919, 1.286579773433019], [117.74724083573876, 1.286659962634111], [117.7471611928093, 1.286730944095562], [117.747104375013, 1.286812652495157], [117.74707299134941, 1.286839229489914], [117.7470358974431, 1.28685647399465], [117.74701450302551, 1.28688520292021], [117.74696716867952, 1.28693283942743], [117.74687503302644, 1.286994677660262], [117.74684555857885, 1.287046387064264], [117.74685794386984, 1.287109573180784], [117.74687602938391, 1.287150737543826], [117.74691101799222, 1.287172759969218], [117.7469381448662, 1.287226606660789], [117.74694959598656, 1.287251701879992], [117.74693626949346, 1.287268381212009], [117.74690500431976, 1.287272824115315], [117.74687198006087, 1.287264609681287], [117.74681347411642, 1.287259329298193], [117.74679570502781, 1.287273913866525], [117.74678925008976, 1.287293862385726], [117.74678723932799, 1.287296628491874], [117.74676946932968, 1.287323534386704], [117.74675639366255, 1.287346585091207], [117.74674985580263, 1.287378100483582], [117.74674658691116, 1.287384722576752], [117.74675639324829, 1.287410035398149], [117.74677726399484, 1.287468960828788], [117.74676469144555, 1.287488154864573], [117.74676670309474, 1.287537860238373], [117.74675236966975, 1.2875506001192], [117.74674599950326, 1.287562251168609], [117.7467393777782, 1.287586642471177], [117.74674130593617, 1.287596533340477], [117.74673535519213, 1.287597790748156], [117.74672093790791, 1.287609608815957], [117.74671691450557, 1.287670461251181], [117.74670082096542, 1.287704072820042], [117.74670274947842, 1.287705916831891], [117.74671347766233, 1.287723853773728], [117.74669311031997, 1.28774237795346], [117.7466861529287, 1.287753023205997], [117.74667986697335, 1.287776073719415], [117.74666343854324, 1.287795519480594], [117.74666159423202, 1.287817396258978], [117.74664667418497, 1.28784664888106], [117.7465976399229, 1.287856456167119], [117.74648729588137, 1.287878193949096], [117.74630893775036, 1.287887222446226], [117.74617220477198, 1.287923166468651], [117.74607707957456, 1.287923194493678], [117.74600705780028, 1.287945472216091], [117.74595931149464, 1.288013849750727], [117.74594301721267, 1.288037184560692], [117.74591543121547, 1.288076689691133], [117.74588553799921, 1.288119500186633], [117.7459862645572, 1.288211773728145], [117.74596167691556, 1.288272494724835], [117.7458787022669, 1.288477407847623], [117.74582665878042, 1.288617214174145], [117.74583015533466, 1.28870108773945], [117.7458787886783, 1.288774464017554], [117.74595866330257, 1.288819871982306], [117.74594827937253, 1.28893170783387], [117.74598653502332, 1.289141383490038], [117.74588212750923, 1.289230599158787], [117.74590519017141, 1.28927291639408], [117.74580060170223, 1.289441453611314], [117.74581016690745, 1.28962336136813], [117.74581401715196, 1.289841478508132], [117.7458597411749, 1.289998656949187], [117.74590736058872, 1.290192041620025], [117.74588840489069, 1.290431403038857], [117.74586372973344, 1.290626725087583], [117.74586376376494, 1.290743530728254], [117.74588472178631, 1.290848840237056], [117.7459151929727, 1.29095414784076], [117.74594175664517, 1.291012074666434], [117.74596505844896, 1.291020540735103], [117.74597754737097, 1.291032023384091], [117.74597972610825, 1.291038142695587], [117.74597788191774, 1.291069658519556], [117.74598710227872, 1.29108273431681], [117.74599766360936, 1.291107879553404], [117.74601937275061, 1.291119614590366], [117.74603948896298, 1.291121374526015], [117.74609455817338, 1.29117074398999], [117.74610436514212, 1.291191950603685], [117.74610922632868, 1.291220868102013], [117.74612456556196, 1.291254395313682], [117.74611471829968, 1.29130461713134], [117.74608048605644, 1.291349146859515], [117.74603769041207, 1.291386498913239], [117.74596920791537, 1.291413806086954], [117.74587693787016, 1.29143445392135], [117.74578181512557, 1.291446449621455], [117.74568074319005, 1.291443487787568], [117.7456064230595, 1.291431541213122], [117.74548454762784, 1.291449529058274], [117.7453924042872, 1.291482467412185], [117.74528242640199, 1.291521395285422], [117.74521703835082, 1.291557318321607], [117.74516652108473, 1.291623155547488], [117.74510708747148, 1.291688996309469], [117.74505657542964, 1.29177278540583], [117.74501200827024, 1.291850589394903], [117.74497337548107, 1.291892487890842], [117.74493176591844, 1.291919427975328], [117.74488718739774, 1.291961328225656], [117.74483963910204, 1.292009213611088], [117.74478019586016, 1.292045134892738], [117.74473859064867, 1.292087034265891], [117.74469698192297, 1.29211995770393], [117.74462861965857, 1.292152889033966], [117.74456620573531, 1.292194794545125], [117.74449486320994, 1.292200799847418], [117.74441460166577, 1.292203815196214], [117.7443492161626, 1.292251705840665], [117.74432959114483, 1.292344123431678], [117.74431895642837, 1.292415778464284], [117.74431615954352, 1.292416673083336], [117.7443138874903, 1.292417284392137], [117.7442877274458, 1.29251393586424], [117.74427874709156, 1.292541078012192], [117.74427874972547, 1.2925501245112], [117.74430618896946, 1.292639280528767], [117.7442877853954, 1.292712958841915], [117.74428778802968, 1.292722005340893], [117.74427881031029, 1.292758193988219], [117.74430578825272, 1.292803418528536], [117.7443333613078, 1.29284894775946], [117.7443390805625, 1.292889157763008], [117.74432625654515, 1.292952351346693], [117.74430202963408, 1.293054324306816], [117.74425925526613, 1.293164919531642], [117.74424929380645, 1.293258271493091], [117.74423363400754, 1.293383219132432], [117.74421609802995, 1.293463839476907], [117.74420711767726, 1.293490981626791], [117.7442790395674, 1.293545239398169], [117.74429563866278, 1.293586970524916], [117.74434125016215, 1.293647536945285], [117.74432071752541, 1.293706637456162], [117.7443008742309, 1.293793298829739], [117.74429775657582, 1.293806913827508], [117.74429709318733, 1.293809809807904], [117.74429710308452, 1.293843768555388], [117.74431508487885, 1.293861856245609], [117.74435104319446, 1.293879938627686], [117.74436902235239, 1.29388897981842], [117.7444049806684, 1.293907062199279], [117.74442296773825, 1.293943242885239], [117.74444993515726, 1.293952281420598], [117.74447690521382, 1.293970366454055], [117.74449488701008, 1.293988454141713], [117.7445038779083, 1.293997497985438], [117.74451286880658, 1.294006541829092], [117.74453084796558, 1.29401558301781], [117.74459377370351, 1.294042703927595], [117.74460276724031, 1.29406079426888], [117.7446117634155, 1.294087931108265], [117.74462974257519, 1.294096972295733], [117.7446656956178, 1.294096961673865], [117.74470164338302, 1.294078858055433], [117.74471062900494, 1.294069808901788], [117.7447286081644, 1.294078850088422], [117.74474658732389, 1.294087891274854], [117.74477355738271, 1.294105976303057], [117.74479153654244, 1.294115017488962], [117.74480052744181, 1.294124061330747], [117.74484548193963, 1.294169280538625], [117.74485448075728, 1.294205463873096], [117.74486347429665, 1.294223554212015], [117.74487246783616, 1.294241644550826], [117.74488145873639, 1.294250688391886], [117.74489944053695, 1.294268776073797], [117.74491741969808, 1.294277817257864], [117.74492641059855, 1.294286861098594], [117.74494439503955, 1.294313995277353], [117.7449983378046, 1.294359211821922], [117.74502531842889, 1.294413482834017], [117.74502532370963, 1.294431575828682], [117.74502532635005, 1.294440622326013], [117.74501634336974, 1.294458717978213], [117.74501634865061, 1.294476810972907], [117.74499838533028, 1.294522048774877], [117.7449893997093, 1.29453109792985], [117.74497143110759, 1.294558242737243], [117.74497143374806, 1.294567289234676], [117.74498941555242, 1.294585376914228], [117.7450343753462, 1.294648689106482], [117.74505235979265, 1.294675823282238], [117.74507932986035, 1.294693908302201], [117.74500744753334, 1.294775348043148], [117.74494453497839, 1.294793459644305], [117.7449355493567, 1.294802508799735], [117.74489960951014, 1.29484775191906], [117.74485467611798, 1.294874904701149], [117.74484569049568, 1.294883953856605], [117.7448456984178, 1.294911093349613], [117.74480975592776, 1.294947289971697], [117.7447648278138, 1.294992535749401], [117.74474685920836, 1.295019680558378], [117.74473787358522, 1.29502872971396], [117.74471091671548, 1.295055877180729], [117.74466599651946, 1.29512826245284], [117.74465701353625, 1.295146358106556], [117.74465701881738, 1.295164451102637], [117.74465702409857, 1.295182544098716], [117.74464804639662, 1.295218732748651], [117.7446480490373, 1.295227779246705], [117.74464805695942, 1.295254918740864], [117.74465705050571, 1.295273009079069], [117.7446750349579, 1.29530014325716], [117.74468402586369, 1.295309187097085], [117.74469301941058, 1.295327277434894], [117.74470201031654, 1.29533632127466], [117.74470202352227, 1.295381553764325], [117.74471101706979, 1.295399644101837], [117.7447200106175, 1.29541773443924], [117.74472900416538, 1.295435824776534], [117.74472002646577, 1.295472013426577], [117.74472003439013, 1.295499152920238], [117.74470206578356, 1.295526297731143], [117.74466611800385, 1.29554440136125], [117.7446571403037, 1.295580590011781], [117.74465714294514, 1.295589636509791], [117.74464815732068, 1.295598685666365], [117.74463917169614, 1.295607734822944], [117.74461221218078, 1.295625835794609], [117.74457626968127, 1.29566203242095], [117.7445686152936, 1.295692887769566], [117.74457774965828, 1.295709949478853], [117.74443249439089, 1.295788725930101], [117.74438754777363, 1.295770646223443], [117.74434260379729, 1.295761613014256], [117.74428867947512, 1.29577972195795], [117.7442617173135, 1.295788776429531], [117.74424374869992, 1.29581592124113], [117.74420780883143, 1.295861164365676], [117.74418984285738, 1.295897355676457], [117.7441179367133, 1.295897376935637], [117.74410894580507, 1.295888333093771], [117.74410893788483, 1.295861193596408], [117.74410893524477, 1.295852147097286], [117.74408197044086, 1.295852155068574], [117.74406399126497, 1.295843113883391], [117.7440370238211, 1.29583407535487], [117.74398309685216, 1.295843137794779], [117.74394696940695, 1.295843148472765], [117.74386863258945, 1.295860067773346], [117.74380571734875, 1.295869132866425], [117.74376536168225, 1.295853265468976], [117.74374940715107, 1.295861299857251], [117.74373143061362, 1.295861305168946], [117.743695488093, 1.295897501791845], [117.74366852592462, 1.295906556259011], [117.74366487326586, 1.295910234740812], [117.7436625317417, 1.295919205942845], [117.74355104559312, 1.295915637468178], [117.7434348335612, 1.295915671796437], [117.74341685965979, 1.295924723606654], [117.74340787402787, 1.295933772762023], [117.743389910677, 1.295979010574569], [117.74339890158464, 1.295988054420295], [117.74343485466399, 1.295988043800489], [117.74346181683532, 1.295978989334849], [117.74349776991404, 1.295978978714218], [117.74350676346005, 1.295997069059691], [117.74351576755943, 1.29605134540639], [117.74350679511977, 1.296105627063902], [117.7435000118664, 1.296112458271654], [117.74347983822452, 1.296132774531503], [117.74344390097333, 1.296187064155974], [117.74338099627039, 1.296232315246373], [117.74334505373972, 1.296268511870091], [117.74328215167048, 1.296322809460971], [117.74325519740853, 1.29635900342969], [117.74324621177506, 1.296368052585674], [117.74323723933186, 1.296422334246071], [117.74324623815629, 1.296458517594297], [117.74321031145053, 1.296548993224562], [117.74321031408881, 1.296558039725488], [117.74321031672712, 1.296567086226414], [117.74317438738211, 1.296648515356724], [117.74315641347502, 1.296657567168566], [117.74314742784057, 1.29666661632499], [117.74312945657144, 1.296684714637852], [117.7430665439369, 1.296702826226951], [117.74294971748716, 1.296775232752969], [117.74293174621549, 1.296793331065662], [117.74292276585516, 1.296820473225016], [117.74291378549474, 1.296847615384443], [117.7428958194981, 1.296883806700417], [117.74287784822552, 1.296901905013376], [117.74284190567955, 1.296938101639345], [117.74283293059402, 1.296983336802547], [117.74283293323185, 1.29699238330422], [117.74282395023289, 1.297010478962507], [117.74282397133621, 1.297082850976007], [117.74285993762652, 1.297128072863496], [117.74286893117801, 1.29714616321136], [117.74288691036642, 1.297155204402116], [117.74291389102251, 1.297209475444581], [117.74293187548881, 1.297236609637563], [117.7429678259508, 1.297227552512828], [117.74297681686478, 1.297236596358286], [117.74297682478138, 1.297263735862359], [117.7429678444228, 1.297290878022457], [117.74295885878632, 1.297299927179848], [117.74295886406419, 1.297318020182629], [117.74295886670313, 1.297327066684018], [117.74295887462009, 1.297354206188182], [117.74279710676447, 1.297426626006746], [117.74273418355403, 1.297408551592044], [117.74268924217257, 1.297408564868744], [117.74268025389621, 1.297408567523988], [117.7426622747054, 1.297399526332385], [117.74265328379101, 1.297390482485499], [117.7426173201341, 1.29735430709726], [117.74257237611474, 1.297345273869132], [117.7425094397184, 1.297281966935118], [117.74245550742341, 1.297272936358258], [117.7424105660415, 1.29727294962859], [117.74240391291929, 1.297272951593062], [117.74240157776504, 1.29727295228256], [117.74238360384894, 1.297282004092982], [117.7423746182092, 1.29729105324947], [117.74236563520623, 1.297309148908576], [117.74238363812923, 1.297399608626438], [117.7424016173202, 1.297408649820607], [117.74241959914849, 1.297426737517068], [117.742446569254, 1.297444822558798], [117.74244353388409, 1.297457057041519], [117.74243759152658, 1.297481011223063], [117.74244658507864, 1.297499101573405], [117.74244658771613, 1.297508148075837], [117.74243760207642, 1.297517197232867], [117.7424196255219, 1.297517202541967], [117.7423746920472, 1.297544355321891], [117.74235671812949, 1.297553407133267], [117.74234773248922, 1.297562456290249], [117.74233874421162, 1.297562458944587], [117.74230280164964, 1.297598655572507], [117.74229381864619, 1.297616751232237], [117.74229382128338, 1.297625797734975], [117.74229382392059, 1.297634844237713], [117.74231181366315, 1.297680071442524], [117.74232080721607, 1.297698161793398], [117.74234777468789, 1.29770720033227], [117.74238373835102, 1.297743375723597], [117.74241970201518, 1.297779551113806], [117.7424376812096, 1.297788592306062], [117.7424466721259, 1.297797636153319], [117.74247301019494, 1.29780898806675], [117.74250959798798, 1.297824757073054], [117.74256354876584, 1.297897113156987], [117.74256355515372, 1.297919012929424], [117.74257256871047, 1.298005668526846], [117.74261752857805, 1.298068980760415], [117.74263737214551, 1.298075631312603], [117.74264449605379, 1.29807801929319], [117.7426804570874, 1.298105148172779], [117.74275237123688, 1.298132266423795], [117.74277034779438, 1.298132261109798], [117.74279730999046, 1.298123206636896], [117.74281529182792, 1.298141294325869], [117.7428242853869, 1.298159384671858], [117.7428422672248, 1.298177472360374], [117.74288721125872, 1.298186505574545], [117.74293214473015, 1.298159352782194], [117.74295910164366, 1.298132205305065], [117.7429770676378, 1.298096013984408], [117.74301301546897, 1.298077910350921], [117.7430489659402, 1.298068853218364], [117.74306694249603, 1.298068847902505], [117.74310290617156, 1.298105023274552], [117.7431118944495, 1.298105020616371], [117.74312986836418, 1.298095968798932], [117.74307588265869, 1.297904013471225], [117.74307587531933, 1.297878868721395], [117.74306687384001, 1.297833638873341], [117.74307585155557, 1.297797450211393], [117.74307584891525, 1.297788403710278], [117.74309381226735, 1.297743165889977], [117.74311177561917, 1.297697928069903], [117.74313873252758, 1.297670780594691], [117.7431746697906, 1.29761649095929], [117.74317466715029, 1.297607444458367], [117.74317131231095, 1.297602944815623], [117.74387560201708, 1.297091586611927], [117.74392952636968, 1.297073477659431], [117.743947497631, 1.297055379342616], [117.7439834480789, 1.297046322206927], [117.74401042610688, 1.297091546725543], [117.74410034054289, 1.297200078119176], [117.74410035375689, 1.297245310614386], [117.74410035639976, 1.297254357113426], [117.74410035904262, 1.297263403612465], [117.74403744641697, 1.297281515230063], [117.74401048424012, 1.297290569708599], [117.74400149596688, 1.297290572368324], [117.7439655428738, 1.297290583006904], [117.74393857805379, 1.297290590985501], [117.74393858333855, 1.297308683984242], [117.74394966644054, 1.297319832325566], [117.74396555608634, 1.297335815503473], [117.74398353791851, 1.29735390318261], [117.74394097786774, 1.297428870553365], [117.74393862297667, 1.297444381474715], [117.743936989933, 1.297450966000772], [117.74396564594387, 1.297643396479706], [117.74396565651675, 1.29767958247686], [117.74396567237662, 1.297733861472571], [117.74397467386869, 1.297779091308381], [117.74398369122356, 1.297878600139382], [117.74399268743026, 1.297905736976164], [117.74400170214506, 1.297996199307143], [117.74401069835302, 1.298023336143482], [117.74405565824222, 1.298086648330381], [117.74407365066119, 1.298140922001446], [117.74410062606823, 1.298177100012067], [117.74417254550218, 1.298222311210104], [117.7442085091878, 1.298258486555906], [117.74427143241203, 1.298276560915309], [117.74434333597492, 1.298267493114247], [117.74436131252688, 1.298267487788314], [117.7444152421822, 1.298267471809741], [117.74446916654445, 1.2982493628336], [117.74451411321529, 1.298267442512687], [117.74453208976651, 1.298267437185531], [117.74457703114429, 1.298267423867081], [117.74463993583832, 1.298222172730629], [117.74468486662666, 1.298185973419657], [117.74468488096024, 1.298185810578441], [117.74468724457404, 1.298184775863104], [117.74472459942429, 1.298002073468651], [117.7448144787146, 1.297999466769215], [117.74500240525413, 1.298176534253609], [117.74511869764272, 1.298238926935505], [117.7453738237185, 1.298150559257232], [117.74544231292846, 1.298004462438002], [117.74558600043585, 1.297940253913242], [117.74561295465418, 1.29790405992951], [117.7456399141711, 1.297885958937552], [117.7456938438026, 1.297885942936238], [117.74571182829602, 1.297913077089199], [117.7457387984118, 1.29793116207896], [117.74577476475059, 1.297976383887404], [117.74581072313936, 1.297994466208223], [117.74586465807239, 1.298012543192585], [117.74590959678112, 1.298003483357672], [117.74596353436493, 1.298030606834524], [117.74598151090855, 1.298030601497972], [117.74637691793316, 1.297768135727001], [117.74637690732531, 1.297731949749813], [117.74640386417897, 1.297704802259613], [117.74647577298873, 1.29771382739949], [117.74652969730144, 1.297695718394397], [117.74677239118365, 1.297731832277947], [117.74679036772183, 1.297731826936838], [117.74679935599086, 1.297731824266236], [117.74680834691338, 1.297740868089005], [117.74688924664173, 1.297758937038152], [117.74697914525541, 1.297813189284869], [117.74699714302831, 1.297885555885987], [117.74709602991729, 1.297939805452752], [117.74723984487706, 1.297948809187413], [117.74732973818833, 1.297984968428631], [117.74736569391955, 1.29799400422846], [117.74738367842532, 1.298021138358606], [117.74743761335078, 1.298039215302362], [117.74750052591898, 1.298021103602941], [117.7475724294106, 1.298012035720339], [117.74762635636398, 1.298002973184311], [117.74766231209409, 1.298012008979131], [117.74769827048141, 1.298030091264826], [117.74772523262874, 1.298021036749857], [117.74777017131184, 1.298011976885439], [117.74778814519034, 1.298002925044687], [117.7479024706552, 1.297957310271834], [117.74805109423761, 1.297920166373021], [117.74815572450474, 1.297891412616037], [117.7483529340547, 1.297884523798523], [117.74845179620291, 1.297863798700872], [117.74849818372303, 1.297885109273576], [117.74857011113198, 1.297957459774364], [117.74866001773826, 1.298038851404496], [117.7486780022531, 1.298065985517131], [117.74868699051943, 1.298065982839089], [117.74877688382655, 1.298102142014085], [117.74878587209284, 1.298102139335615], [117.74912339019329, 1.29808278780384], [117.7491543830062, 1.298074890025138], [117.74952289121688, 1.298038594177469], [117.74954087040969, 1.298047635303133], [117.74960380690953, 1.298110941947865], [117.7496217967601, 1.298156169022619], [117.74964878819938, 1.298246625852456], [117.74965780577652, 1.298346134532508], [117.74967581162228, 1.298445640529673], [117.74969380147964, 1.29849086760166], [117.74972077693843, 1.298527045503116], [117.74983766171646, 1.29865366144395], [117.74993653797465, 1.298671724898427]]]}}
]
}
