{
"type": "FeatureCollection",
"features": [
{"type": "Feature", "properties": {"ba_code": "4520", "blockid": "4520J08P11", "division": "02"}, "geometry": {"type": "MultiPolygon", "coordinates": [[[[118.02851683300003, 0.957637652000074], [118.02852974400002, 0.959410730000059], [118.02855700600003, 0.960006614000065], [118.03100232500003, 0.959963031000029], [118.03100178700004, 0.957591662000027], [118.03100136700004, 0.956171470000072], [118.03104606800002, 0.955393516000072], [118.03102783600002, 0.954525123000053], [118.0309828070001, 0.954199488000029], [118.02976060500009, 0.954082261000053], [118.02936514600003, 0.953910509000025], [118.02936514900011, 0.953919555000027], [118.02877195000008, 0.953621221000049], [118.02856524100002, 0.953557963000037], [118.02853828100001, 0.953557971000066], [118.02844841900003, 0.953567044000067], [118.02843943500011, 0.953576092000048], [118.02839451600005, 0.953621335000037], [118.02840350500003, 0.953630378000071], [118.02840366100008, 0.954155036000031], [118.02840381600004, 0.95467969300006], [118.02848543000005, 0.957149178000066], [118.02849441700005, 0.95714917500004], [118.02851683300003, 0.957637652000074]]]]}},
{"type": "Feature", "properties": {"ba_code": "4520", "blockid": "4520F06P07", "division": "01"}, "geometry": {"type": "MultiPolygon", "coordinates": [[[[118.02587227400011, 0.993197592000058], [118.0258737260001, 0.991901922000068], [118.02587238300009, 0.991902581000033], [118.02587237900002, 0.991899072000024], [118.02587165300008, 0.991180372000031], [118.02585676900003, 0.990438574000052], [118.02579925400005, 0.989534054000046], [118.02583481700003, 0.988285719000032], [118.02587070800007, 0.988104791000069], [118.02586159100008, 0.987450581000076], [118.02551551900001, 0.987443506000034], [118.02489096300008, 0.987444750000066], [118.02405274700004, 0.98743857300002], [118.0233722260001, 0.987454267000032], [118.02295389400001, 0.987469440000041], [118.02296997000008, 0.987539464000065], [118.02295396600005, 0.98770466600007], [118.02297691400008, 0.987780039000029], [118.02297709900006, 0.988386110000022], [118.02290530300002, 0.98870273700004], [118.02293232700004, 0.988910783000051], [118.02317503000006, 0.989118762000032], [118.0232470310001, 0.989471527000035], [118.02295057700007, 0.989815361000069], [118.022950777, 0.990466661000028], [118.02289712000004, 0.991326032000075], [118.02289729000006, 0.991877828000042], [118.02289747600003, 0.992483899000035], [118.02283688500006, 0.993209629000035], [118.02285921100008, 0.993380133000073], [118.02285936200008, 0.993381146000047], [118.02286181000011, 0.993397539000057], [118.02300576900006, 0.993958336000048], [118.02307777400006, 0.994320147000053], [118.02296116700006, 0.995034804000056], [118.02288040700012, 0.995423801000072], [118.02345564500001, 0.995722133000072], [118.0238324180001, 0.996079163000047], [118.02387704400007, 0.99617072500007], [118.02387172600004, 0.996280260000049], [118.02399644000002, 0.996208071000069], [118.02400137300003, 0.996200636000026], [118.0240101170001, 0.996194750000029], [118.02401251600008, 0.996193880000021], [118.02412623300006, 0.996158674000071], [118.0241328940001, 0.996157666000045], [118.02413380000007, 0.996157478000043], [118.02423011400003, 0.996156187000054], [118.0243762880001, 0.996069575000035], [118.02447283100003, 0.996007692000035], [118.024647909, 0.995848985000066], [118.02477160300009, 0.995644291000076], [118.02477315500005, 0.995642302000022], [118.02477392000003, 0.995641027000033], [118.02486375300009, 0.995532449000052], [118.02486540000007, 0.995530633000044], [118.02487384200003, 0.995524876000047], [118.02499963800005, 0.995470562000037], [118.02499996600011, 0.995470494000074], [118.02500024500011, 0.995470308000051], [118.0251879540001, 0.995408973000053], [118.02561650200005, 0.995137262000071], [118.02561674800006, 0.995137139000065], [118.02561685800003, 0.995137054000054], [118.0258049570001, 0.995028783000066], [118.02582131800011, 0.995018236000021], [118.02584102100002, 0.994999126000039], [118.02559951100011, 0.994894392000049], [118.02556404600011, 0.99483196400007], [118.02549753500011, 0.994671427000071], [118.02551080300009, 0.994593373000043], [118.02554916600002, 0.994527429000073], [118.02577387200006, 0.994144586000061], [118.02587252300009, 0.994002670000043], [118.02586342400002, 0.993640840000069], [118.02587227400011, 0.993197592000058]]], [[[118.02523130300006, 0.997520694000059], [118.02534878600011, 0.997355743000071], [118.02538793200006, 0.997251763000065], [118.02543771500007, 0.996993620000069], [118.0255445030001, 0.996796407000033], [118.02562997700011, 0.996778454000037], [118.02576174300009, 0.99673180700006], [118.02593046700008, 0.996775206000052], [118.0259304440001, 0.996701585000039], [118.02590530900011, 0.996182660000045], [118.02590894100001, 0.995531404000076], [118.02592281000011, 0.995090918000074], [118.02587462600002, 0.995026291000045], [118.0258334670001, 0.995074855000041], [118.02583270800005, 0.995075254000028], [118.02583231000006, 0.995075561000021], [118.02563563400008, 0.995177198000022], [118.02520371500009, 0.995446428000037], [118.02520030100004, 0.995448147000047], [118.0252001340001, 0.995448181000029], [118.02519999700007, 0.995448272000033], [118.02502059100004, 0.995520572000032], [118.02490104500009, 0.99557218800004], [118.02481663200001, 0.995674215000065], [118.02469192100011, 0.99588059000007], [118.02468795700008, 0.995885671000053], [118.02468731500005, 0.995886102000043], [118.02468692900004, 0.995886653000071], [118.0245072460001, 0.996049534000065], [118.02450636700007, 0.996050093000065], [118.02450368600012, 0.996052259000066], [118.02440485200009, 0.99611561100005], [118.02440433900006, 0.996115880000048], [118.02440404800006, 0.996116107000034], [118.02425130300003, 0.996206613000027], [118.024247951, 0.996208295000031], [118.02423798500001, 0.996210362000056], [118.02413838700011, 0.996211696000046], [118.02402836800002, 0.996245757000054], [118.02402045000008, 0.99624695600005], [118.02401609200001, 0.996246085000053], [118.02390412000011, 0.996297817000027], [118.02379681900004, 0.996332356000039], [118.023710606, 0.996411525000042], [118.02362383900004, 0.996511972000064], [118.02355966000005, 0.99664307200004], [118.02337961500007, 0.997050734000027], [118.02372571700005, 0.99725079500007], [118.02387070900011, 0.99737054600007], [118.02399538300006, 0.997424284000033], [118.0240808640001, 0.997431427000038], [118.02454386700003, 0.997395431000029], [118.024636471, 0.997398987000054], [118.02475026200011, 0.997467574000041], [118.02482528900009, 0.997563843000023], [118.02488939800003, 0.997563823000064], [118.02506748700011, 0.997585277000042], [118.02523130300006, 0.997520694000059]]]]}},
{"type": "Feature", "properties": {"ba_code": "4520", "blockid": "4520G05P07", "division": "01"}, "geometry": {"type": "MultiPolygon", "coordinates": [[[[118.02049262600008, 0.987451957000076], [118.0210592520001, 0.98748084500005], [118.02120722100005, 0.987477166000076], [118.02179958200009, 0.987509029000023], [118.02234045700004, 0.987484081000048], [118.02257864800004, 0.987469476000058], [118.0229251080001, 0.987447572000065], [118.02294664400006, 0.987062489000039], [118.02293170400003, 0.98687547000003], [118.02290468100011, 0.986667424000075], [118.02294940400009, 0.985979927000074], [118.02292201400007, 0.984568785000022], [118.02293985500012, 0.984134579000056], [118.023110212, 0.982859063000035], [118.02323547200001, 0.98104081200006], [118.02333413200006, 0.979553371000065], [118.02327983200007, 0.979008468000075], [118.02320745500003, 0.978361852000035], [118.0216979490001, 0.978363716000047], [118.0210958460001, 0.978363901000023], [118.02061615700006, 0.978279092000037], [118.02061272600008, 0.978867607000041], [118.02062725600001, 0.979176391000067], [118.020566529, 0.981313008000029], [118.02051274100006, 0.981747225000049], [118.02050384200004, 0.982036694000044], [118.02055786900007, 0.982389466000029], [118.02058490800005, 0.982651787000066], [118.02047774500011, 0.984877097000037], [118.0204305960001, 0.98543177800002], [118.02046015400003, 0.986134475000028], [118.02051421400006, 0.986595796000074], [118.020514305, 0.986894309000036], [118.02048745900004, 0.987265197000056], [118.02049262600008, 0.987451957000076]]]]}},
{"type": "Feature", "properties": {"ba_code": "4520", "blockid": "4520F05P07", "division": "01"}, "geometry": {"type": "MultiPolygon", "coordinates": [[[[118.02163493800003, 0.993459327000039], [118.02150384600009, 0.993244767000022], [118.02149384600011, 0.993223534000037], [118.02148273400007, 0.993198947000053], [118.02147828900002, 0.993188889000066], [118.02137608600003, 0.993038030000037], [118.02136164400008, 0.993014563000031], [118.02119389200004, 0.992747482000027], [118.02067874000011, 0.992984597000031], [118.02051609500006, 0.992746969000052], [118.02043046500012, 0.992727842000022], [118.0204273920001, 0.992869340000027], [118.02042989900008, 0.992886743000042], [118.02042888900007, 0.992898470000057], [118.02042083900005, 0.993074372000024], [118.02044870000009, 0.993081502000052], [118.02049886100008, 0.993131962000064], [118.02061183900003, 0.993212484000026], [118.02068276900002, 0.993268546000024], [118.02070303500011, 0.993284345000063], [118.02074306000009, 0.993315434000067], [118.02078561700012, 0.993347542000038], [118.02079322100008, 0.993366914000035], [118.02080082400005, 0.993385267000065], [118.02085709200003, 0.993526989000031], [118.02093662400011, 0.993556026000022], [118.02099133200011, 0.993568246000052], [118.02109061700003, 0.993592178000029], [118.02121826300004, 0.993600296000068], [118.02124713500007, 0.99360232600003], [118.02128462000007, 0.993610472000057], [118.02146715700007, 0.993649896000022], [118.02143591800007, 0.993627987000025], [118.02135751000003, 0.99357352800007], [118.02163493800003, 0.993459327000039]]]]}},
{"type": "Feature", "properties": {"ba_code": "4520", "blockid": "4520I07P07", "division": "02"}, "geometry": {"type": "MultiPolygon", "coordinates": [[[[118.02639045800004, 0.969139510000048], [118.02750947400011, 0.969089961000066], [118.02840072600009, 0.969065998000076], [118.02840806000006, 0.968854495000073], [118.02840753400005, 0.967108651000046], [118.02840690800008, 0.965028113000074], [118.02843342400001, 0.961529853000059], [118.02849570800004, 0.96147307800004], [118.02847765900003, 0.961219800000038], [118.02848294000012, 0.960097017000066], [118.02820074700003, 0.960084534000032], [118.0279381360001, 0.960116373000062], [118.02778536800008, 0.960125465000033], [118.02699209200011, 0.96012763300007], [118.02629037500003, 0.960163037000029], [118.02608810200002, 0.960178180000071], [118.02611399600005, 0.960551125000052], [118.02611407200004, 0.960804408000058], [118.02618603700012, 0.961048623000067], [118.02625840300004, 0.962631621000071], [118.0262406600001, 0.963400522000029], [118.02629512900012, 0.965236809000032], [118.02633138200008, 0.966258976000063], [118.02636631400003, 0.966404341000043], [118.02639466800008, 0.967525373000058], [118.02639510100005, 0.968963659000053], [118.02639045800004, 0.969139510000048]]]]}},
{"type": "Feature", "properties": {"ba_code": "4520", "blockid": "4520J14P12", "division": "03"}, "geometry": {"type": "MultiPolygon", "coordinates": [[[[118.04788736100011, 0.957342273000052], [118.0477853000001, 0.953091063000045], [118.04509262300007, 0.953111671000045], [118.04516270200008, 0.957375171000024], [118.04519142900006, 0.957388330000072], [118.04788736100011, 0.957342273000052]]], [[[118.04784067100002, 0.951534905000074], [118.0478315150001, 0.950974071000076], [118.04731929500008, 0.951001364000035], [118.04696886900001, 0.951155249000067], [118.04595352000001, 0.951562619000072], [118.04583672000001, 0.951655277000043], [118.04563008100001, 0.951806954000062], [118.04511799600004, 0.952286536000031], [118.0450925990001, 0.953032534000045], [118.04779019300008, 0.953021817000035], [118.04784067100002, 0.951534905000074]]]]}},
{"type": "Feature", "properties": {"ba_code": "4520", "blockid": "4520H24P08", "division": "03"}, "geometry": {"type": "MultiPolygon", "coordinates": [[[[118.07044120600005, 0.968194055000026], [118.070424881, 0.968074616000024], [118.07002235000004, 0.96803961300003], [118.06937551700003, 0.968011714000056], [118.06869844000005, 0.967995534000067], [118.0683005940001, 0.968061238000075], [118.067912524, 0.968100445000061], [118.06734897900003, 0.968087302000072], [118.0673490690001, 0.968375374000061], [118.06758193300004, 0.968993601000022], [118.0696201610001, 0.968778331000067], [118.0701084750001, 0.968705888000045], [118.07024592500011, 0.968714052000053], [118.07024818000002, 0.968484530000069], [118.07042494900008, 0.968292426000062], [118.07044120600005, 0.968194055000026]]], [[[118.07230963100005, 0.968453428000032], [118.07207455500009, 0.96820056100006], [118.0719273420001, 0.968088609000063], [118.07169538000005, 0.967900936000035], [118.07166727700007, 0.967868120000048], [118.07157188600002, 0.967879861000029], [118.07120430400005, 0.967999422000048], [118.07078086600006, 0.96806981800006], [118.07045407100009, 0.968071832000021], [118.0704736890001, 0.968190089000075], [118.07046473700007, 0.968298640000057], [118.07027608100009, 0.968488660000048], [118.07027850000009, 0.968716383000071], [118.07060889400009, 0.96872096200002], [118.07122780100008, 0.968732476000071], [118.07213290400011, 0.968779028000029], [118.07247496600007, 0.968896022000024], [118.07270999400009, 0.968994313000053], [118.07276118100003, 0.968991954000046], [118.0725866250001, 0.968823383000029], [118.07246965900003, 0.968716086000029], [118.07244465100007, 0.968678221000062], [118.07241902800001, 0.968584547000034], [118.07230963100005, 0.968453428000032]]], [[[118.06673704100001, 0.968042997000055], [118.06599646600012, 0.967903579000051], [118.06596452400004, 0.967886324000062], [118.06562946200006, 0.967834905000075], [118.0655220650001, 0.967902196000068], [118.06550418200004, 0.968191665000063], [118.06553115300005, 0.968227839000065], [118.06575590500006, 0.968517231000021], [118.06594467700006, 0.968698085000028], [118.06611550500008, 0.968969403000074], [118.06611552700008, 0.969041768000068], [118.06610090200002, 0.96910344500003], [118.0663278830001, 0.969141548000039], [118.06654658900004, 0.969125084000041], [118.06731204200003, 0.96901710700007], [118.06742605200009, 0.969021755000028], [118.06752144200004, 0.969005331000062], [118.06731195100008, 0.968382284000029], [118.06731941200007, 0.968082263000042], [118.06673704100001, 0.968042997000055]]]]}},
{"type": "Feature", "properties": {"ba_code": "4520", "blockid": "4520J21P10", "division": "03"}, "geometry": {"type": "MultiPolygon", "coordinates": [[[[118.06448492200002, 0.95596217800005], [118.06445725200001, 0.958087531000047], [118.06444970200005, 0.960058776000039], [118.06723622800007, 0.960041474000036], [118.06721752200008, 0.95831320800005], [118.06723545900002, 0.95819560800004], [118.06718150900008, 0.958096122000029], [118.067109576, 0.957960459000049], [118.06703765400005, 0.957860979000031], [118.06692974900011, 0.957643916000052], [118.0668668190001, 0.957562524000025], [118.06678589900002, 0.95742686400007], [118.06672295800001, 0.957309289000023], [118.06669597900009, 0.95724597800006], [118.06667798100011, 0.957164572000067], [118.06665997200002, 0.957046983000055], [118.06664196000008, 0.956920349000029], [118.06660597000007, 0.956775629000049], [118.06657896600007, 0.956630906000044], [118.06655199000011, 0.956576640000037], [118.06647109800008, 0.956531437000024], [118.06641717900004, 0.956531454000071], [118.06631833100005, 0.95654053100003], [118.06612063900002, 0.956567730000074], [118.065949896, 0.956567783000025], [118.06579713800011, 0.95660401400005], [118.06564437200007, 0.956613107000067], [118.06551857300008, 0.956649329000072], [118.06541972500008, 0.956658406000031], [118.06534783900008, 0.95667652000003], [118.06513268100002, 0.956696769000075], [118.06506681600001, 0.956684345000042], [118.06503329800012, 0.956622344000039], [118.0650242800001, 0.956522844000062], [118.06500627700007, 0.956423346000065], [118.06491637900001, 0.956314826000039], [118.06482649000009, 0.956233442000041], [118.06474559000003, 0.956161102000067], [118.06461974100012, 0.956034501000033], [118.064538846, 0.955980252000074], [118.06448492200002, 0.95596217800005]]]]}},
{"type": "Feature", "properties": {"ba_code": "4520", "blockid": "4520J16P11", "division": "03"}, "geometry": {"type": "MultiPolygon", "coordinates": [[[[118.05338577400005, 0.953043846000071], [118.05070780900007, 0.953044669000064], [118.05064141600008, 0.956911734000073], [118.05064155100001, 0.957354550000048], [118.05065520900007, 0.957386649000057], [118.05346797100003, 0.957376735000025], [118.05350355100006, 0.957369113000027], [118.05338577400005, 0.953043846000071]]], [[[118.05335833900006, 0.951478939000026], [118.05333971100004, 0.949317011000062], [118.05294434600012, 0.949443772000052], [118.05280955700005, 0.949470951000023], [118.05137179100007, 0.949688490000028], [118.05128194300005, 0.949742792000052], [118.05092254300007, 0.949932863000072], [118.05071588200008, 0.95002338300003], [118.05074319900007, 0.951208369000028], [118.05071677100011, 0.952963255000043], [118.05338456100003, 0.952971889000025], [118.05335833900006, 0.951478939000026]]]]}},
{"type": "Feature", "properties": {"ba_code": "4520", "blockid": "4520J18P11", "division": "03"}, "geometry": {"type": "MultiPolygon", "coordinates": [[[[118.0591743650001, 0.957356873000037], [118.059194724, 0.957343993000052], [118.05921795400002, 0.952969679000034], [118.05626142900007, 0.953015822000054], [118.05629870100006, 0.95735776600003], [118.0591743650001, 0.957356873000037]]], [[[118.05922114200007, 0.952903260000028], [118.05922323200002, 0.951477246000024], [118.05919052500008, 0.951431913000022], [118.05906472600009, 0.951468135000027], [118.05898385100011, 0.95147720600005], [118.058822071, 0.951395844000047], [118.05853445800005, 0.951242156000035], [118.05822886100009, 0.951052289000074], [118.05784239800005, 0.95089863100003], [118.05702230200006, 0.950342453000076], [118.05688626500012, 0.95023096500006], [118.05686265100007, 0.950157183000044], [118.05677271800005, 0.949931067000023], [118.05662891500003, 0.949867791000031], [118.05644917300003, 0.949822617000052], [118.05626044400003, 0.949777447000031], [118.05625903300006, 0.95294738900003], [118.05922114200007, 0.952903260000028]]]]}},
{"type": "Feature", "properties": {"ba_code": "4520", "blockid": "4520F29P10", "division": "04"}, "geometry": {"type": "MultiPolygon", "coordinates": [[[[118.08826826400002, 0.990228624000054], [118.08827723400009, 0.990201481000042], [118.08839380600011, 0.989785298000072], [118.08868978300006, 0.988835297000037], [118.08883347000005, 0.988672382000061], [118.088932279, 0.988599953000062], [118.08902207900007, 0.988491347000036], [118.08877041400001, 0.988428182000064], [118.08856363100006, 0.988283577000061], [118.08830295100006, 0.988175188000071], [118.08815917000004, 0.988184324000031], [118.0880513190001, 0.988166299000056], [118.08793449200004, 0.988166371000034], [118.087458104, 0.988012887000025], [118.08715254600008, 0.987994985000057], [118.08703585300009, 0.988212159000057], [118.08685634100004, 0.988574105000055], [118.08679349500005, 0.98867364900002], [118.08669481900006, 0.988963179000052], [118.08662304800009, 0.989162233000059], [118.0865871950001, 0.989316035000058], [118.08652441600009, 0.989524129000074], [118.08646160300009, 0.989677948000065], [118.08640791100004, 0.990048863000027], [118.0863720640001, 0.990211711000029], [118.0862824080001, 0.990555510000036], [118.08624653900006, 0.990682175000074], [118.08619272400006, 0.99085408000002], [118.08619279100003, 0.990962631000059], [118.08616595300009, 0.991161657000021], [118.08616600800008, 0.991252115000066], [118.08613965900008, 0.99224717900006], [118.08618460900004, 0.992274289000022], [118.0865352510001, 0.992536401000052], [118.08664312400003, 0.992590609000047], [118.08674202200007, 0.992662915000039], [118.08681397100008, 0.992753329000038], [118.08683826700008, 0.992861751000021], [118.08686510600012, 0.992959447000032], [118.086871889, 0.993104327000026], [118.08690209600002, 0.993235714000036], [118.08691891800004, 0.993373849000022], [118.08692572600012, 0.993559161000064], [118.08693931000005, 0.993875876000061], [118.08695278900007, 0.99402075100005], [118.08688258400002, 0.994165679000048], [118.08651454900007, 0.994448937000072], [118.08640414500007, 0.994543349000026], [118.08628035700008, 0.994647878000023], [118.08621346200005, 0.994732154000076], [118.08617334400003, 0.994813045000058], [118.08613661400011, 0.994961321000062], [118.0861534500001, 0.995123041000056], [118.0862273570001, 0.995554278000043], [118.08637155000008, 0.995971993000069], [118.08646202400007, 0.99612692900007], [118.08653240500007, 0.99626839900003], [118.08658942400007, 0.996453680000059], [118.08664974300007, 0.996561463000035], [118.08673354500002, 0.996753467000076], [118.08685081400006, 0.996935341000039], [118.08694460400011, 0.997039734000055], [118.08709536300012, 0.997248542000023], [118.0871489750001, 0.997336113000074], [118.08724813100002, 0.997303136000028], [118.08741883400012, 0.997230663000039], [118.08775128000002, 0.997130951000031], [118.08791300700011, 0.997076574000062], [118.08802983400005, 0.997076501000038], [118.08826357800001, 0.997221090000039], [118.08853970100006, 0.997209052000073], [118.08891059700011, 0.997184502000039], [118.08912623900005, 0.997121046000075], [118.08929698600002, 0.997120940000059], [118.08948568400001, 0.997084638000047], [118.08996193400003, 0.997011974000031], [118.09021353900005, 0.996975633000034], [118.09046516100011, 0.996966430000043], [118.09062691000008, 0.996948237000026], [118.09084090700003, 0.996906675000048], [118.0908289350001, 0.996900759000027], [118.09073469500004, 0.996857711000075], [118.09049260000006, 0.996724165000046], [118.09035193000011, 0.996592847000045], [118.09030169700009, 0.996555815000022], [118.09024474000012, 0.996471616000065], [118.09022125700005, 0.996387396000046], [118.09009610500004, 0.995989707000035], [118.0900601300001, 0.995944500000064], [118.0900511320001, 0.995926414000053], [118.09004214000004, 0.995917373000054], [118.08987129800005, 0.995763700000055], [118.0898712930001, 0.995754654000052], [118.08975439900007, 0.995646177000026], [118.08951169700003, 0.99554682400003], [118.08936779300006, 0.99535695000003], [118.08935879500007, 0.995338864000075], [118.08934979700007, 0.995320778000064], [118.08934081100006, 0.995320784000057], [118.089340805, 0.995311738000055], [118.08935860000008, 0.995022259000052], [118.08936735300006, 0.994642327000065], [118.08937634000006, 0.994642321000072], [118.089313349, 0.994506672000057], [118.08931334400006, 0.994497626000054], [118.08925936800006, 0.994407201000058], [118.089259362, 0.994398155000056], [118.08925935700006, 0.994389109000053], [118.08907054200006, 0.994235447000051], [118.08905252400007, 0.994163092000065], [118.08887251800002, 0.993719956000064], [118.08882741700006, 0.993448608000051], [118.08877340800007, 0.99330390700004], [118.08877340300012, 0.993294862000027], [118.08878216100004, 0.992923975000053], [118.08878202800008, 0.992706874000021], [118.08876388700003, 0.992435509000074], [118.08879070900002, 0.992209346000038], [118.08888048100005, 0.992055510000057], [118.08896127800006, 0.991919771000028], [118.08897917900003, 0.991802164000035], [118.08891616100004, 0.991621286000054], [118.08875429500006, 0.991449515000056], [118.08859245100007, 0.991313927000022], [118.08843957800002, 0.991151197000022], [118.08840359200008, 0.991087898000046], [118.08832259000008, 0.990888939000058], [118.08826852000004, 0.990644734000057], [118.0882683750001, 0.99040954100002], [118.08826837000004, 0.990400496000063], [118.08826826400002, 0.990228624000054]]]]}},
{"type": "Feature", "properties": {"ba_code": "4520", "blockid": "4520H30P10", "division": "04"}, "geometry": {"type": "MultiPolygon", "coordinates": [[[[118.09160076400008, 0.969151280000062], [118.09086709400003, 0.969186272000059], [118.08984858000008, 0.969212668000068], [118.08918395600006, 0.969230260000074], [118.08917539400011, 0.969447474000049], [118.08915826100008, 0.969855838000058], [118.08919294000009, 0.970333692000054], [118.08920293000006, 0.971173332000035], [118.08920285300007, 0.97119218000006], [118.08920130700005, 0.971566956000061], [118.08920118200001, 0.971597144000043], [118.08920114600005, 0.97160585000006], [118.08920112800001, 0.971610208000072], [118.08920111100008, 0.971614547000058], [118.08920109300004, 0.971618905000071], [118.08919444100002, 0.97323155600003], [118.08929340200007, 0.973575258000039], [118.08932937400004, 0.973656657000049], [118.08939230200008, 0.973729002000027], [118.089491167, 0.973774198000058], [118.08956306700009, 0.973801312000035], [118.08987155000011, 0.973823312000036], [118.08992255500004, 0.973900697000033], [118.09003943300002, 0.974072526000043], [118.09003048400007, 0.974190122000039], [118.08999694500005, 0.97429537000005], [118.09199083600004, 0.974294720000046], [118.09197277600003, 0.971818516000042], [118.0919639440001, 0.971192950000045], [118.09197235200008, 0.97049787100002], [118.09193739200009, 0.969142483000041], [118.09160076400008, 0.969151280000062]]]]}},
{"type": "Feature", "properties": {"ba_code": "4520", "blockid": "4520I41aP08", "division": "05"}, "geometry": {"type": "MultiPolygon", "coordinates": [[[[118.12300510000011, 0.964725753000039], [118.12298369200005, 0.964160281000034], [118.1229647890001, 0.964161885000067], [118.122900049, 0.964156539000044], [118.1225030710001, 0.964184316000058], [118.12236827100003, 0.964262272000042], [118.1222097430001, 0.964316359000065], [118.122162322, 0.964371666000034], [118.12206994400003, 0.964377980000052], [118.12189267400004, 0.96438306500005], [118.1218002920001, 0.96437806900002], [118.12107873100001, 0.964399671000024], [118.12091770000006, 0.964434910000023], [118.120775406, 0.96450281500006], [118.12072043700005, 0.96437968400005], [118.12071914, 0.964231403000042], [118.12070912800004, 0.96415475200007], [118.12050942500002, 0.96424617100007], [118.1203656460001, 0.96430825300007], [118.1203434030001, 0.964318234000075], [118.120360892, 0.964353414000072], [118.1204708030001, 0.964515482000024], [118.12050417900002, 0.964556327000025], [118.12054324200005, 0.96461473100004], [118.12059320700007, 0.964702678000037], [118.12068813400003, 0.964853441000059], [118.12073434100012, 0.964906204000044], [118.12080426300008, 0.964941366000062], [118.12085295400004, 0.96495391600007], [118.12091787600002, 0.964971487000071], [118.12100776300008, 0.96498151000003], [118.12129723600003, 0.964960136000059], [118.12173805200007, 0.964925977000064], [118.1222286410001, 0.964842877000024], [118.122649324, 0.964768596000056], [118.12300510000011, 0.964725753000039]]]]}},
{"type": "Feature", "properties": {"ba_code": "4520", "blockid": "4520I29P10", "division": "04"}, "geometry": {"type": "MultiPolygon", "coordinates": [[[[118.08884842100008, 0.969163416000072], [118.0891038740001, 0.969158742000047], [118.08908252300012, 0.968958242000042], [118.08910223400005, 0.968782218000058], [118.08910070000002, 0.968710931000032], [118.0891003270001, 0.967541782000069], [118.08909227100003, 0.967396648000033], [118.08908953000002, 0.967090922000068], [118.08859894400007, 0.967098520000036], [118.0885270330001, 0.967035223000039], [118.08867966900004, 0.96661907500004], [118.08867067400001, 0.966591941000047], [118.08851786500009, 0.966465351000068], [118.08833051500005, 0.966292199000065], [118.08813283100005, 0.966258590000052], [118.08771464300003, 0.966153114000065], [118.0874607400001, 0.966248093000047], [118.08740234000004, 0.966468156000076], [118.087268246, 0.966486868000061], [118.08689668600005, 0.966482455000062], [118.08665035000001, 0.966467228000056], [118.086605598, 0.96648110700005], [118.08660472200006, 0.966733194000028], [118.08662144000004, 0.96672592300007], [118.08662182100011, 0.966728286000034], [118.08673877600006, 0.967144348000033], [118.08676577900007, 0.967280024000047], [118.08677481400002, 0.967433797000069], [118.08665815800009, 0.967958483000075], [118.08666741500008, 0.968808771000056], [118.08659189500008, 0.969130473000064], [118.087060231, 0.969137975000024], [118.08735673800004, 0.969127165000032], [118.08763347900003, 0.969122483000035], [118.08797409200008, 0.969145332000039], [118.08807597300006, 0.969156013000031], [118.08831926800008, 0.969169710000074], [118.08844395300002, 0.969166608000023], [118.08884842100008, 0.969163416000072]]]]}},
{"type": "Feature", "properties": {"ba_code": "4520", "blockid": "4520I14P13", "division": "04"}, "geometry": {"type": "MultiPolygon", "coordinates": [[[[118.08896298500008, 0.988477483000054], [118.08897427200009, 0.988464490000069], [118.0890191740001, 0.988374019000048], [118.0890371380001, 0.988346876000037], [118.08909100100004, 0.988174991000051], [118.08915385000012, 0.98800310300004], [118.089209976, 0.98782944900006], [118.08928852600002, 0.987632187000031], [118.08931542700009, 0.987451266000051], [118.08950398000002, 0.98699756700006], [118.0894893840001, 0.98666221700006], [118.0888665220001, 0.986662423000041], [118.0879104820001, 0.986604415000045], [118.08770786000002, 0.98712938400007], [118.0874755420001, 0.987442827000052], [118.0874529680001, 0.987471497000058], [118.08735917000001, 0.987591742000063], [118.08735152100007, 0.987638030000028], [118.08734955700004, 0.987644942000031], [118.08734944700007, 0.987645108000038], [118.08734940900001, 0.987645298000075], [118.08729553100011, 0.987771955000028], [118.08729548600002, 0.987772023000048], [118.087294616, 0.987773917000027], [118.08718141000008, 0.987996575000068], [118.08745541500002, 0.988012709000031], [118.08793174700008, 0.988166328000034], [118.08804857100006, 0.988166289000048], [118.08815641400008, 0.988184345000036], [118.08830019400011, 0.988175252000076], [118.08856083600006, 0.988283714000033], [118.08876757100006, 0.988428376000059], [118.08896298500008, 0.988477483000054]]]]}},
{"type": "Feature", "properties": {"ba_code": "4520", "blockid": "4520F31P09", "division": "04"}, "geometry": {"type": "MultiPolygon", "coordinates": [[[[118.09394984500011, 0.991344895000054], [118.0934966320001, 0.990473035000036], [118.09283388800009, 0.989060197000072], [118.09282064400008, 0.989005956000028], [118.09279365500004, 0.988915509000037], [118.09267676600007, 0.988716544000056], [118.09248796500003, 0.988454283000067], [118.09240702500006, 0.988264352000044], [118.09228114100006, 0.988038252000024], [118.09215351300008, 0.987760600000058], [118.09214640700009, 0.988228255000024], [118.09215546700011, 0.98845439300004], [118.09217361700007, 0.988997125000026], [118.09214696600009, 0.98993788000007], [118.09217407000006, 0.990381107000076], [118.09219218200008, 0.990806245000044], [118.09221025300008, 0.99110474500003], [118.09223734000011, 0.991493699000046], [118.09222844200008, 0.991765070000042], [118.09219268600009, 0.992344003000028], [118.09221076900008, 0.992678685000044], [118.0922018660001, 0.992931966000071], [118.09222897300003, 0.993384239000022], [118.09222013300007, 0.993827477000025], [118.0922562180001, 0.994252610000046], [118.09221150600001, 0.994922002000067], [118.09218471600002, 0.995437612000046], [118.09224780000011, 0.99598032900002], [118.09221193500002, 0.996224573000063], [118.09226056400007, 0.996858173000021], [118.09227504800003, 0.996857746000046], [118.092400859, 0.996857704000035], [118.0931197750001, 0.996857464000072], [118.09373132100006, 0.996858686000053], [118.09410285900003, 0.996872162000045], [118.0944906520001, 0.996876493000059], [118.09416194900007, 0.996088237000038], [118.09234548200004, 0.992425363000052], [118.09394984500011, 0.991344895000054]]]]}},
{"type": "Feature", "properties": {"ba_code": "4520", "blockid": "4520J40P10", "division": "05"}, "geometry": {"type": "MultiPolygon", "coordinates": [[[[118.12036335000005, 0.960050962000025], [118.119914031, 0.960033019000036], [118.119797177, 0.959933557000056], [118.11961736, 0.959653204000062], [118.11957007100011, 0.959530400000062], [118.11953052700005, 0.957778061000056], [118.1195357900001, 0.957518481000022], [118.1195447560001, 0.957455159000062], [118.11967949100006, 0.957274204000043], [118.11974231900001, 0.957038999000019], [118.11976023900002, 0.956876173000069], [118.1197601770001, 0.956686216000037], [118.11975116100007, 0.956595764000042], [118.11970618900011, 0.956469141000071], [118.11959828600004, 0.95626112900004], [118.11958029300001, 0.956197816000042], [118.11950835100004, 0.956035019000069], [118.11909477400002, 0.955392921000055], [118.11843846400006, 0.954425262000029], [118.11833058000002, 0.954271523000045], [118.11819573600008, 0.954117792000034], [118.11813280600006, 0.954036403000032], [118.11790802700011, 0.953656563000038], [118.11769227200011, 0.953394312000057], [118.11703601800002, 0.952598518000059], [118.11696678700002, 0.952496736000057], [118.1169451830001, 0.952499493000062], [118.11682762700002, 0.952648884000041], [118.11682937500007, 0.952725223000073], [118.11692869600006, 0.954190571000026], [118.11693785700004, 0.954733302000022], [118.11698294100006, 0.955203656000037], [118.11707293200004, 0.955601631000036], [118.1170370420001, 0.95577350800005], [118.11700123500009, 0.95619866100003], [118.11699305900004, 0.958704284000021], [118.11695245600004, 0.960100123000075], [118.11818014200003, 0.960047410000072], [118.11892787300008, 0.959948189000045], [118.1191681140001, 0.959861399000033], [118.11944677000008, 0.959896604000051], [118.11958972200011, 0.960033868000039], [118.11985114700008, 0.960096359000033], [118.12004886300008, 0.960150567000028], [118.12036335000005, 0.960050962000025]]]]}},
{"type": "Feature", "properties": {"ba_code": "4520", "blockid": "4520J37P11", "division": "05"}, "geometry": {"type": "MultiPolygon", "coordinates": [[[[118.11131639300004, 0.952682178000032], [118.11128591500005, 0.952617805000045], [118.1112703440001, 0.952536871000063], [118.11123559300006, 0.95240474700006], [118.11120084100003, 0.952298041000063], [118.11112755300007, 0.952119045000074], [118.1110954190001, 0.952006211000025], [118.11105851600007, 0.95185185400004], [118.11104501500006, 0.951719597000022], [118.11103738200006, 0.951659815000028], [118.1109686850001, 0.951737921000074], [118.11086554000008, 0.951877545000059], [118.11081514200009, 0.951966470000059], [118.1107649060001, 0.952026270000033], [118.11074512100004, 0.952063066000051], [118.11068119100003, 0.952159661000053], [118.11056552800005, 0.95239116800002], [118.11053204300003, 0.952446364000025], [118.11041941100007, 0.952636482000059], [118.11045901500006, 0.952664061000064], [118.11042160400007, 0.952851649000024], [118.11023450300002, 0.95301973200003], [118.11011838500008, 0.953144655000074], [118.1097638230001, 0.953444540000021], [118.10951484600002, 0.953744390000054], [118.10948239000004, 0.953845232000049], [118.10949323500006, 0.953894282000022], [118.109563664, 0.954014167000025], [118.10969095200005, 0.95415311000005], [118.10974239900008, 0.954177620000053], [118.10986554600004, 0.954391875000056], [118.10991052400004, 0.954536590000032], [118.10991951300002, 0.95454563200002], [118.10995546100003, 0.954554666000035], [118.11000936100004, 0.954500375000066], [118.11004530900004, 0.954509409000025], [118.11013495500004, 0.954161141000043], [118.11014305800006, 0.954103910000072], [118.11033523900005, 0.953983940000057], [118.1105572250001, 0.953940265000028], [118.11064114700002, 0.953923886000041], [118.11079003200007, 0.953869334000046], [118.11083603600002, 0.953806640000039], [118.11085381400005, 0.953695044000028], [118.11085381100008, 0.953685999000072], [118.11089860100003, 0.953242751000062], [118.11096145800002, 0.953098001000058], [118.11097044200005, 0.95308895300002], [118.11097941600008, 0.95305276800002], [118.11098840000011, 0.95304371900005], [118.1111411170001, 0.952889895000055], [118.11115010300011, 0.95288989200003], [118.11128952800004, 0.952749457000039], [118.11133620500004, 0.952726626000072], [118.11131639300004, 0.952682178000032]]]]}},
{"type": "Feature", "properties": {"ba_code": "4520", "blockid": "4520H35P13", "division": "05"}, "geometry": {"type": "MultiPolygon", "coordinates": [[[[118.10360877000005, 0.975433771000041], [118.1040132600001, 0.975424786000076], [118.10403123900005, 0.975442872000031], [118.10405820100004, 0.975451908000025], [118.10426499100004, 0.975768436000067], [118.1042739830001, 0.975786524000057], [118.10428299000012, 0.975849840000024], [118.104274024, 0.97591316300003], [118.10428303100002, 0.975976479000053], [118.10425610800007, 0.97608503500004], [118.10425611000005, 0.976094080000053], [118.10423815000001, 0.976130269000066], [118.10422018300005, 0.976148366000075], [118.10417526600008, 0.976193609000063], [118.1041123760001, 0.976238857000055], [118.104097937, 0.97627280100005], [118.1040854370001, 0.976302186000055], [118.10405849900008, 0.976365514000065], [118.10404951900011, 0.976383608000049], [118.10404053500008, 0.97639265600003], [118.10397765100004, 0.976455996000027], [118.103923742, 0.976483151000025], [118.10386983, 0.97650126000002], [118.1034293560001, 0.976067217000036], [118.10334845800003, 0.976003924000054], [118.10333946900005, 0.975994882000066], [118.10326759300006, 0.976040133000026], [118.10326759600002, 0.976049179000029], [118.10359125500008, 0.976510398000073], [118.10360024200008, 0.976510395000048], [118.1036812100001, 0.976790781000034], [118.10369020000007, 0.976799824000068], [118.10361833800005, 0.976890304000051], [118.10360935200003, 0.976890307000076], [118.10405879400003, 0.977270073000057], [118.10405879100006, 0.977261028000044], [118.10430155000006, 0.977649908000046], [118.10449043200003, 0.978165444000069], [118.1045623230001, 0.978165421000028], [118.10467015100005, 0.97813824800005], [118.10476001800009, 0.978147264000029], [118.10484988400003, 0.978156280000064], [118.10492179000005, 0.978201484000067], [118.10502066400011, 0.978273816000069], [118.10507459700011, 0.978319026000065], [118.10509256600005, 0.978309974000069], [118.10523636000005, 0.978346109000029], [118.10524534600006, 0.97834610600006], [118.10531724300006, 0.978364173000045], [118.10521751500005, 0.975677665000035], [118.10523549100003, 0.975686705000044], [118.10513585400008, 0.973271564000072], [118.1051176630001, 0.972602196000025], [118.10510867700009, 0.97260219900005], [118.10510863600007, 0.972475561000067], [118.10483906600007, 0.972538969000027], [118.10465036700009, 0.97258425900003], [118.10464138100008, 0.972584262000055], [118.10444371300002, 0.972683829000061], [118.1044437160001, 0.972692874000074], [118.10357207200002, 0.972792663000064], [118.1035271290001, 0.972756495000056], [118.10349115400004, 0.972666051000033], [118.10343720300011, 0.972566567000058], [118.10343719800005, 0.972548476000043], [118.1034191870001, 0.972430889000066], [118.10345510000002, 0.972331376000056], [118.10350000800008, 0.972258996000051], [118.10371564200011, 0.972141332000035], [118.10372460200006, 0.97205991900006], [118.1036257290001, 0.971987587000058], [118.10361674600006, 0.971996635000039], [118.10334713700001, 0.971942450000029], [118.1033471400001, 0.971951496000031], [118.1032213310001, 0.971951537000052], [118.1029787110001, 0.971987800000022], [118.1027451220001, 0.97215974300002], [118.10274512500007, 0.972168788000033], [118.10263732400006, 0.972277371000075], [118.10254750400009, 0.972413085000028], [118.10226907700007, 0.972874502000025], [118.10243089000005, 0.973055361000036], [118.10271848000002, 0.97313667700007], [118.10272746600003, 0.973136674000045], [118.10298809400001, 0.973208953000039], [118.10302404600009, 0.973227032000068], [118.10305102500001, 0.973290342000041], [118.1030510280001, 0.973299388000044], [118.10297020400003, 0.973462235000056], [118.10296122000011, 0.973471284000027], [118.10290734300008, 0.973597940000047], [118.10289840100006, 0.973733627000058], [118.10289840400003, 0.973742673000061], [118.10288051400005, 0.973995955000021], [118.10288950000006, 0.973995952000053], [118.10295245800012, 0.974158752000051], [118.1029524600001, 0.974167798000053], [118.1030783220001, 0.974330577000046], [118.1030873090001, 0.974330574000021], [118.10322215700012, 0.974493351000035], [118.103366004, 0.974692307000055], [118.10356389800006, 0.975289251000049], [118.10356391900007, 0.975352570000041], [118.10360877000005, 0.975433771000041]]]]}},
{"type": "Feature", "properties": {"ba_code": "4520", "blockid": "4520G36P13", "division": "05"}, "geometry": {"type": "MultiPolygon", "coordinates": [[[[118.1045637310001, 0.982462078000026], [118.10455474200012, 0.982453035000049], [118.10446498800002, 0.982787752000036], [118.1044649910001, 0.982796798000038], [118.10444703600001, 0.982851077000021], [118.10443805000011, 0.982851080000046], [118.1044348040001, 0.982854350000025], [118.10511215600002, 0.983239816000037], [118.10511215300005, 0.983230771000024], [118.10526488900007, 0.98313121800004], [118.10527387200011, 0.983122170000058], [118.10545354300007, 0.982950244000051], [118.10546252900008, 0.982950241000026], [118.10557932600011, 0.982868791000044], [118.10572308400003, 0.982796379000035], [118.10581292400002, 0.982723984000074], [118.10582191000003, 0.982723981000049], [118.10605545500005, 0.982416353000076], [118.10605545800001, 0.982425399000022], [118.10700784900007, 0.981927574000053], [118.10729923300005, 0.981723747000046], [118.10736724500009, 0.981746542000053], [118.10791533300005, 0.981502129000035], [118.10790634600005, 0.98150213200006], [118.10789734500008, 0.981456907000052], [118.10787936300005, 0.981429776000027], [118.10771752800008, 0.981185599000071], [118.10770850600011, 0.981077055000071], [118.10772646400005, 0.981031821000045], [118.10772640500011, 0.980850910000072], [118.1077174180001, 0.98085091300004], [118.10772635700005, 0.980706180000027], [118.10771736800007, 0.980697138000039], [118.10770838100007, 0.980697141000064], [118.10769939500005, 0.980697144000032], [118.10768123800005, 0.980136323000067], [118.1076721390001, 0.97979259400006], [118.10763578100011, 0.978535270000066], [118.10762679100003, 0.978526227000032], [118.10604521800008, 0.978608163000047], [118.10604521500011, 0.978599117000044], [118.10591940300003, 0.978590113000052], [118.10574865100011, 0.978553988000044], [118.10566777600002, 0.978563060000056], [118.10566777300005, 0.978554014000053], [118.10544311100011, 0.978545043000054], [118.10543412200002, 0.978536001000066], [118.10521844000004, 0.978508935000036], [118.10521843700008, 0.978499890000023], [118.10509260200001, 0.978418521000037], [118.10508361500001, 0.978418524000062], [118.10492182200005, 0.978300985000033], [118.10491610400004, 0.978300987000068], [118.10493081100003, 0.978310028000067], [118.10493081400011, 0.978319073000023], [118.10491610400004, 0.978300987000068], [118.10484990500004, 0.978219599000056], [118.10479598300003, 0.978210571000034], [118.10478699700002, 0.978210574000059], [118.10470611100004, 0.97818346400004], [118.104697127, 0.978192512000021], [118.1045533570001, 0.978228742000056], [118.10454437100009, 0.978228745000024], [118.10464325700002, 0.978337260000046], [118.10464325900011, 0.978346305000059], [118.1048860190001, 0.978735186000051], [118.10487703500007, 0.978744234000033], [118.10496689600006, 0.978735159000053], [118.10497588200008, 0.978735156000027], [118.10498487200005, 0.978744198000072], [118.10541624700011, 0.978834511000059], [118.10542523600009, 0.978843554000036], [118.10547025100004, 0.979096815000048], [118.1054792430001, 0.979114904000028], [118.10549725500005, 0.979232490000072], [118.10548836600003, 0.97953099800003], [118.10548836900011, 0.979540044000032], [118.10544347000007, 0.979639560000066], [118.10544347300004, 0.979648606000069], [118.10533569900008, 0.979838599000061], [118.10532671500005, 0.979847647000042], [118.10505724300003, 0.980209561000038], [118.10500335400002, 0.980300034000038], [118.10497642200005, 0.980381454000053], [118.10497642500002, 0.980390499000066], [118.10492254500002, 0.980508110000073], [118.10489561300005, 0.980589529000042], [118.10489565400007, 0.980716168000072], [118.10490464300005, 0.98072521000006], [118.1051204800001, 0.981222646000049], [118.10511151100002, 0.981276923000053], [118.10514405700008, 0.981304985000065], [118.10513847900006, 0.981304050000062], [118.10490488700009, 0.981466949000037], [118.10489590000009, 0.981466952000062], [118.10481505000007, 0.981548389000068], [118.10480606300007, 0.981548392000036], [118.10474318800004, 0.981638869000051], [118.10474319100001, 0.981647915000053], [118.104743245, 0.981810735000067], [118.10474324800009, 0.98181978100007], [118.1047253050001, 0.981910243000073], [118.10471632100007, 0.981919291000054], [118.10464447800007, 0.982064045000072], [118.10463549400004, 0.982073093000054], [118.10452773800012, 0.982317360000025], [118.10451875500007, 0.982326409000052], [118.1045637310001, 0.982462078000026]]]]}},
{"type": "Feature", "properties": {"ba_code": "4520", "blockid": "4520I12P08", "division": "06"}, "geometry": {"type": "MultiPolygon", "coordinates": [[[[118.04124110200007, 0.969673716000045], [118.04160054600004, 0.969619330000057], [118.04179560900002, 0.969614399000022], [118.04177333400003, 0.96948012200005], [118.0417658770001, 0.969330920000061], [118.04173616700007, 0.969122042000038], [118.04166176900003, 0.968189536000068], [118.04171361400006, 0.968077616000073], [118.04174028900002, 0.96796508500006], [118.04174354100007, 0.967812238000022], [118.04171344100007, 0.967510638000022], [118.0417430230001, 0.967301743000064], [118.04180222800005, 0.967018235000069], [118.04184662500006, 0.966786954000042], [118.0418465890001, 0.966667591000032], [118.04184654800008, 0.966533306000031], [118.04182429800005, 0.966481092000038], [118.04164623000008, 0.965839566000056], [118.04144590500005, 0.965123445000074], [118.04136430100004, 0.964862362000019], [118.04102396700011, 0.964888562000056], [118.03998154100009, 0.964925067000024], [118.03942411500009, 0.964946048000058], [118.03948526900001, 0.965767983000035], [118.03953963700008, 0.966528613000037], [118.03955088300006, 0.967213784000023], [118.0395443760001, 0.967277906000049], [118.0395421400001, 0.967341484000031], [118.03954234600008, 0.968018119000021], [118.03956731300002, 0.968522182000072], [118.03956934700011, 0.968823929000052], [118.03973110200002, 0.968814833000067], [118.03982995900003, 0.968832894000059], [118.03990185700002, 0.968850963000023], [118.04001870400009, 0.968923294000035], [118.04014454000003, 0.969004667000036], [118.04034226300007, 0.969067926000037], [118.04050404300006, 0.969140242000037], [118.04059393000011, 0.969212581000022], [118.04076473300006, 0.96940249000005], [118.04087261200004, 0.969538143000023], [118.04095351300009, 0.969610484000043], [118.0410254190001, 0.969655691000071], [118.04111529300008, 0.969682800000044], [118.04124110200007, 0.969673716000045]]]]}},
{"type": "Feature", "properties": {"ba_code": "4520", "blockid": "4520D06P08", "division": "01"}, "geometry": {"type": "MultiPolygon", "coordinates": [[[[118.02598434400011, 1.005771760000073], [118.02590179100002, 1.005806125000049], [118.02563983300001, 1.005730544000073], [118.02551487900007, 1.005772513000068], [118.02539514300008, 1.005851170000028], [118.02530664200003, 1.005908851000072], [118.02517646800004, 1.005908893000026], [118.02506863300005, 1.00581859600004], [118.02489518800007, 1.00572317600006], [118.02478615000007, 1.005700698000055], [118.0246882990001, 1.005692287000045], [118.024615616, 1.005706380000049], [118.02454637400001, 1.005746613000042], [118.02442665900003, 1.005893406000041], [118.02426005000007, 1.005940630000055], [118.02411947000007, 1.005966880000074], [118.02399970600004, 1.005956436000019], [118.02386365200005, 1.005931743000076], [118.02374343600002, 1.005926153000075], [118.02365117700003, 1.005917740000029], [118.0233856100001, 1.005988176000074], [118.02312843400011, 1.006067051000059], [118.02305854500003, 1.00607551500002], [118.02298026900007, 1.006083982000064], [118.02303342300002, 1.006202156000029], [118.02308937700002, 1.006331586000044], [118.02313459100003, 1.006520687000034], [118.02314819700007, 1.006688954000026], [118.02315667100004, 1.00696754400002], [118.0231762840001, 1.007105427000056], [118.02317911500006, 1.007220803000052], [118.02315931300006, 1.007474019000028], [118.02310659900002, 1.007769569000061], [118.023148332, 1.007869331000052], [118.02319055500004, 1.008045322000044], [118.02331645100003, 1.008335131000024], [118.02336959800004, 1.00843079200007], [118.02342553400001, 1.008501126000056], [118.02347030800001, 1.008639002000052], [118.0234847370001, 1.00875990000003], [118.02356567600009, 1.008776106000028], [118.02365917200007, 1.008792586000027], [118.0237887510001, 1.008809055000029], [118.0238723980001, 1.008800774000065], [118.02395768800011, 1.008802398000057], [118.0240134500001, 1.008790823000027], [118.02409378400012, 1.008676880000053], [118.02413312800002, 1.008614131000058], [118.02415443900009, 1.008577802000048], [118.02416591500003, 1.008557987000074], [118.02420035900002, 1.008561278000059], [118.02424300700011, 1.008569520000037], [118.02434471800007, 1.008632224000053], [118.02443002700011, 1.008694934000061], [118.02457165100009, 1.008785080000052], [118.02486312700012, 1.008991973000036], [118.02498288700008, 1.009076135000043], [118.02508624100005, 1.00914709400007], [118.025388098, 1.00935006800006], [118.0254996540001, 1.009427629000072], [118.02557840100008, 1.00948538800003], [118.0257457240001, 1.009564581000063], [118.02577196900006, 1.009571177000055], [118.025883485, 1.009516659000042], [118.02594580100003, 1.009481969000035], [118.02599007800006, 1.009457190000035], [118.0260310760001, 1.009437366000043], [118.0261144860001, 1.009441455000058], [118.02623549600003, 1.009510486000067], [118.02639209100005, 1.009628627000041], [118.02645360300005, 1.009653934000028], [118.02651233600011, 1.009729895000021], [118.02656266800011, 1.009760834000076], [118.02669763400002, 1.009755411000071], [118.0270634960001, 1.00921737300007], [118.0271426060001, 1.009150971000054], [118.02715804500008, 1.009100518000025], [118.02679363200002, 1.008376197000075], [118.02659568700005, 1.007616410000026], [118.02685603400005, 1.006766020000043], [118.02685602000008, 1.006720791000021], [118.02642354000011, 1.005374399000061], [118.02632540800005, 1.005445498000029], [118.02598401600005, 1.00577125600006], [118.02598434400011, 1.005771760000073]]]]}},
{"type": "Feature", "properties": {"ba_code": "4520", "blockid": "4520F07P06", "division": "01"}, "geometry": {"type": "MultiPolygon", "coordinates": [[[[118.02768810000009, 0.989071491000061], [118.02782106400002, 0.988945446000059], [118.02783275400009, 0.988963085000023], [118.02785733700011, 0.988814332000061], [118.02785902000005, 0.988808407000022], [118.02785927000002, 0.988808031000076], [118.02785935700001, 0.988807623000071], [118.02798403100007, 0.988529512000071], [118.0280003150001, 0.988207931000034], [118.02790339, 0.987950958000056], [118.02790332100005, 0.987950579000028], [118.02790238900002, 0.987947702000042], [118.02783940200004, 0.987685393000049], [118.02783864800006, 0.987679025000034], [118.02783857700001, 0.98744819500007], [118.02707471800011, 0.987462163000032], [118.02598863600008, 0.987445148000063], [118.02590126200005, 0.987475919000076], [118.02591748300006, 0.987583455000049], [118.02591562200007, 0.988041456000076], [118.02585625800009, 0.988522018000026], [118.02583710600004, 0.989411686000039], [118.02588038100009, 0.990339108000057], [118.0258986020001, 0.991144181000038], [118.02589860500007, 0.991153786000041], [118.02589860600006, 0.991159260000074], [118.02589872700003, 0.99155124300006], [118.0259079980001, 0.992473914000072], [118.02589036200004, 0.993568465000067], [118.02589948500008, 0.994011708000073], [118.02569289600001, 0.99434646800006], [118.02554020100001, 0.994599799000071], [118.02554405600006, 0.994664722000039], [118.02561056600007, 0.99482303000002], [118.02565045500012, 0.994860927000047], [118.0258742420001, 0.994967895000059], [118.02593795500002, 0.99494304500007], [118.02602900800002, 0.994884347000038], [118.02603002500007, 0.994883812000069], [118.02603050100004, 0.994883452000067], [118.02637123000011, 0.99469377500003], [118.026639197, 0.994522827000026], [118.02678209800001, 0.994414875000075], [118.02678290800009, 0.994414410000047], [118.02678380000009, 0.994413690000044], [118.02698102500005, 0.99428726900004], [118.02721419700003, 0.994124671000066], [118.02721660600002, 0.994123348000073], [118.02721748600004, 0.994122710000056], [118.02723545600008, 0.99411365900005], [118.02723567200007, 0.994113607000031], [118.02723592200005, 0.994113430000027], [118.02741668400006, 0.994026716000064], [118.0275260090001, 0.993823404000068], [118.02752599500002, 0.993777630000068], [118.0274723550001, 0.993328871000074], [118.02736488200003, 0.992923697000037], [118.02736459500011, 0.992921500000023], [118.02736413500008, 0.992919701000062], [118.027355123, 0.992838292000044], [118.02735495800005, 0.99283529500002], [118.02735506800002, 0.992834737000067], [118.02735497800006, 0.992834232000064], [118.0273727880001, 0.992373421000025], [118.02737278000006, 0.992346815000076], [118.02737482900011, 0.992336429000034], [118.02737542200009, 0.992335536000041], [118.02737562300001, 0.99233467800002], [118.02738460400008, 0.992316583000047], [118.02749196100001, 0.992100286000039], [118.02762479100011, 0.991779115000043], [118.02764230000002, 0.991611178000028], [118.02764420200003, 0.991603634000057], [118.0276500440001, 0.991594828000075], [118.02765878800005, 0.991588942000021], [118.0276597410001, 0.991588751000052], [118.02765095600012, 0.991008351000062], [118.02765099400006, 0.991008153000053], [118.02765095300003, 0.991007946000025], [118.02765221900006, 0.990999718000069], [118.02771379700005, 0.990804705000073], [118.02771372100005, 0.990558976000045], [118.02767853600005, 0.990417495000031], [118.02767772900006, 0.990410914000051], [118.0276778220001, 0.99041044300003], [118.02767774300003, 0.990410010000062], [118.027659717, 0.990284278000047], [118.02759552300006, 0.99023524100005], [118.0275966260001, 0.990218183000025], [118.0276681790001, 0.989111885000057], [118.02766833600003, 0.98909022700002], [118.02768810000009, 0.989071491000061]]], [[[118.02863777800007, 0.994165277000036], [118.02860409700008, 0.99282585800006], [118.02855882000006, 0.991713237000056], [118.02857673200003, 0.991514223000024], [118.02865757200004, 0.991387556000063], [118.02859639200005, 0.988079624000022], [118.02859683400004, 0.988079268000035], [118.02858707500002, 0.987654217000056], [118.02858855200009, 0.98765570300003], [118.02858446200003, 0.987434556000039], [118.02789249600005, 0.987447209000038], [118.0278925660001, 0.987675780000075], [118.0279544010001, 0.987933290000058], [118.0280527320001, 0.988193992000049], [118.02805448800007, 0.988203616000021], [118.02805434100003, 0.988204357000029], [118.0280544530001, 0.988205006000044], [118.02803658800008, 0.988557798000045], [118.02803457400012, 0.988566794000064], [118.02802873200005, 0.988575600000047], [118.0280199880001, 0.988581485000054], [118.02801987700002, 0.988581508000038], [118.0279099490001, 0.988826725000024], [118.0278419650001, 0.988990640000054], [118.02785088600001, 0.989543180000055], [118.0276892390001, 0.990146366000033], [118.02770105400009, 0.990276747000053], [118.02773175800007, 0.990408002000038], [118.0277668330001, 0.990549037000051], [118.02776764000009, 0.99055561900002], [118.02776771800006, 0.990808902000026], [118.02776645100005, 0.990817130000039], [118.02770493600008, 0.991011945000025], [118.02771404300006, 0.991613592000022], [118.027714005, 0.99161379100002], [118.02771404600003, 0.991613997000059], [118.02771362700003, 0.991615788000047], [118.0277119970001, 0.991624382000055], [118.0277114050001, 0.991625276000036], [118.02771120400007, 0.991626134000057], [118.027702223, 0.991644228000041], [118.02769717500007, 0.991651283000067], [118.02769197000009, 0.991654786000026], [118.0276780050001, 0.991788720000045], [118.02767610400008, 0.991796264000072], [118.02767608800002, 0.991796288000046], [118.02767608200008, 0.991796317000023], [118.02754138300008, 0.992122008000024], [118.02754080600005, 0.992122877000043], [118.02754061100006, 0.992123707000076], [118.02743283900008, 0.992340841000043], [118.02742670200007, 0.99235320400004], [118.027426708, 0.992373936000035], [118.02742659800003, 0.992374494000046], [118.0274266880001, 0.992374999000049], [118.02740893600003, 0.99283430600002], [118.02741749900008, 0.992911665000065], [118.02752494200001, 0.993316724000067], [118.0275252030001, 0.993318721000037], [118.02752566200002, 0.993320483000048], [118.02757972100005, 0.993772757000045], [118.02757991400006, 0.993775990000074], [118.0275799310001, 0.993830265000042], [118.02757788200006, 0.993840651000028], [118.02757668100003, 0.993843191000053], [118.02748142700011, 0.994020333000037], [118.02782393100006, 0.994020796000029], [118.02782481800011, 0.994020974000023], [118.02782556800003, 0.994020848000048], [118.02795885800003, 0.994029191000038], [118.02816529800009, 0.994038161000049], [118.02816581200011, 0.994038276000026], [118.02816855900005, 0.994038504000059], [118.02827640400005, 0.994056562000026], [118.02827749900007, 0.994056877000048], [118.02827851100005, 0.994057002000034], [118.02838635900002, 0.994084106000059], [118.02838751200011, 0.994084489000045], [118.02838793900003, 0.994084555000029], [118.02855870100007, 0.994138776000057], [118.02855902800002, 0.994138896000038], [118.02855910800008, 0.994138909000071], [118.02863777800007, 0.994165277000036]]], [[[118.02650838700004, 0.996614889000057], [118.02688523200004, 0.996608552000055], [118.02708291700003, 0.996591907000038], [118.02762245400004, 0.996612466000045], [118.02844352800003, 0.996670382000048], [118.02871183700006, 0.996699183000032], [118.02870394400009, 0.996037093000041], [118.02866771400011, 0.99512347700005], [118.02864049100003, 0.994273178000071], [118.02863922800009, 0.994222968000031], [118.02854227600005, 0.994190472000071], [118.02837250100004, 0.99413656400003], [118.02826649400004, 0.994109923000053], [118.02816133100009, 0.994092314000056], [118.02795627700004, 0.994083405000026], [118.02795598800003, 0.994083340000032], [118.0279557660001, 0.994083378000028], [118.02782303900005, 0.994075069000075], [118.02744229000007, 0.994074556000044], [118.02725935300009, 0.994162313000061], [118.02724332800005, 0.994170384000029], [118.02701130000003, 0.994332184000029], [118.02701083200009, 0.99433244100004], [118.02701042900003, 0.99433276700006], [118.02681363500005, 0.994458911000038], [118.02667071100007, 0.994566880000036], [118.02666987200007, 0.994567361000065], [118.02666896000005, 0.994568097000069], [118.02639941400002, 0.994740052000054], [118.02639846400007, 0.994740548000038], [118.026398029, 0.994740878000073], [118.02605735600002, 0.99493052400004], [118.0259613720001, 0.994992401000047], [118.02594487700003, 0.995495209000069], [118.02594000800002, 0.99655288200006], [118.02595239700008, 0.996662738000055], [118.02595449400008, 0.996785035000073], [118.02600185900008, 0.996789166000042], [118.02629835900007, 0.99667299400005], [118.02640955400011, 0.996656376000033], [118.02650838700004, 0.996614889000057]]]]}},
{"type": "Feature", "properties": {"ba_code": "4520", "blockid": "4520C09P10", "division": "06"}, "geometry": {"type": "MultiPolygon", "coordinates": [[[[118.03131844600011, 1.022630955000068], [118.03153841900007, 1.02255116300006], [118.03154308800003, 1.022549470000058], [118.03245957800004, 1.022559480000041], [118.03254879200006, 1.022560455000075], [118.03476033700008, 1.02258461100007], [118.03476927500003, 1.022430829000029], [118.03467036600011, 1.022258991000058], [118.03450853600009, 1.022041944000023], [118.0346791930001, 1.021761469000069], [118.03463417600005, 1.021499155000072], [118.03462516600007, 1.021426792000057], [118.03451723600006, 1.02114640700006], [118.03436440200005, 1.020956495000064], [118.03427991400008, 1.020693149000067], [118.03427444500005, 1.020676104000074], [118.03426536600011, 1.020386641000073], [118.03424729500011, 1.020079090000024], [118.03424719300006, 1.019762487000037], [118.03436393700008, 1.019500121000021], [118.03444472700005, 1.019219675000045], [118.03451654300011, 1.018975415000057], [118.0345165230001, 1.018912094000029], [118.034525486, 1.018839725000021], [118.03454337000005, 1.01855929900006], [118.0345432690001, 1.018242696000073], [118.03453417000003, 1.017889913000033], [118.03453407200004, 1.017582356000048], [118.03454296100006, 1.017274796000038], [118.0345069330001, 1.017021525000075], [118.03447088900009, 1.016713979000031], [118.0344708, 1.016433560000053], [118.0345066540001, 1.016144082000039], [118.03443468900002, 1.015917961000071], [118.03420998500007, 1.015800437000053], [118.03390442900002, 1.015773399000068], [118.03359888200009, 1.015773497000055], [118.0332843110001, 1.015656003000061], [118.03296974800003, 1.015565646000027], [118.03266529100006, 1.015443357000038], [118.03246637600012, 1.015194930000064], [118.03227756700005, 1.01491457000003], [118.03227654500006, 1.014875880000034], [118.03173518300002, 1.014841001000036], [118.03153888400004, 1.014780519000055], [118.03109562300006, 1.014624516000026], [118.03077587000007, 1.014602312000022], [118.03076781000004, 1.014933147000022], [118.03075889000002, 1.015141203000042], [118.03075893300002, 1.015276890000052], [118.03076799100006, 1.015503033000073], [118.03076806500007, 1.015738224000074], [118.03076809600009, 1.015835091000042], [118.03069256300012, 1.01634625600002], [118.0305252170001, 1.017302575000031], [118.030463327, 1.018289241000048], [118.03043642500006, 1.018470166000043], [118.03048266500002, 1.02257695000003], [118.03068925000002, 1.022567842000058], [118.03068935600004, 1.022567837000054], [118.030985944, 1.022649154000021], [118.03131844600011, 1.022630955000068]]], [[[118.03504909800006, 1.014910288000067], [118.035131191, 1.014672291000068], [118.03503172600006, 1.01468102900003], [118.03476074800005, 1.014791395000032], [118.03448686400009, 1.01482776000006], [118.0344228890001, 1.01485746100002], [118.0343006810001, 1.014875651000068], [118.03404623300003, 1.014867666000043], [118.03382379200002, 1.014854856000056], [118.03342114400004, 1.014881984000056], [118.03301643400005, 1.014878081000063], [118.03284814300002, 1.014888218000067], [118.03267985200011, 1.014900372000056], [118.03251356500004, 1.014914543000032], [118.03235391500004, 1.014927261000025], [118.032391372, 1.014979116000063], [118.03247154600001, 1.015085975000034], [118.03255372100011, 1.015182749000076], [118.03260182300005, 1.015241218000028], [118.03267196500008, 1.015299679000066], [118.03273208700011, 1.015354111000022], [118.032788202, 1.015406527000039], [118.03285834500002, 1.015471038000044], [118.0329224620001, 1.015485134000073], [118.03304067900001, 1.015517363000072], [118.03312683700005, 1.015539519000072], [118.03322100900004, 1.015561672000047], [118.03331919700008, 1.015612058000045], [118.03340135600001, 1.015660432000061], [118.03347349300009, 1.015694693000057], [118.03354162500011, 1.015732988000025], [118.03364180200003, 1.015739006000047], [118.03395035000005, 1.015763106000065], [118.03405653700008, 1.015767106000055], [118.03423084200006, 1.015767050000022], [118.03432300600002, 1.015775087000065], [118.03435908300003, 1.015819442000065], [118.03438914700007, 1.015855733000024], [118.03445450000004, 1.015900099000021], [118.0345514920001, 1.016047266000044], [118.03466174300002, 1.016230749000044], [118.0347178180001, 1.016158130000065], [118.034737844, 1.016129890000059], [118.03476988800003, 1.016091563000032], [118.03479592400004, 1.016059287000076], [118.03484398800003, 1.015996754000071], [118.03487202300005, 1.015952378000065], [118.03487802100005, 1.015912042000025], [118.03488601900006, 1.015863639000031], [118.03489802400009, 1.015813218000062], [118.03490802100009, 1.015746664000062], [118.03492002500002, 1.01569422700004], [118.03493202400011, 1.015623639000069], [118.03500210000004, 1.015478415000075], [118.035034859, 1.015464591000068], [118.03506508300006, 1.015312222000034], [118.03508667100004, 1.015200484000047], [118.03504909800006, 1.014910288000067]]]]}},
{"type": "Feature", "properties": {"ba_code": "4520", "blockid": "4520I43aP08", "division": "05"}, "geometry": {"type": "MultiPolygon", "coordinates": [[[[118.12572657800001, 0.964534349000076], [118.125878467, 0.96455336300005], [118.12602842600006, 0.96461759500005], [118.1263596760001, 0.964768045000028], [118.12660010700006, 0.964897018000045], [118.12687528900005, 0.965114702000051], [118.12785048700005, 0.966001611000024], [118.12798940900007, 0.966095665000068], [118.1281630530001, 0.966187019000074], [118.12819241700004, 0.966135926000049], [118.1267000260001, 0.964200763000065], [118.12627746100009, 0.963558672000033], [118.12607968000009, 0.96330546300004], [118.12597181800004, 0.96322408900005], [118.12589092400003, 0.96316984200007], [118.12578305900001, 0.963079423000067], [118.12577435100002, 0.963606769000023], [118.12576375900005, 0.96388638600007], [118.12576138400004, 0.964082690000055], [118.12572657800001, 0.964534349000076]]]]}},
{"type": "Feature", "properties": {"ba_code": "4520", "blockid": "4520I03P11", "division": "02"}, "geometry": {"type": "MultiPolygon", "coordinates": [[[[118.01773997600003, 0.965077468000061], [118.01773986100011, 0.965076571000054], [118.01774049700009, 0.96507721100005], [118.0177482150001, 0.965084975000025], [118.01774885000009, 0.965085614000031], [118.01774870700001, 0.965084721000039], [118.0176499590001, 0.964471419000063], [118.01764981500003, 0.964470526000071], [118.01765071400007, 0.964470526000071], [118.0176579030001, 0.964470524000035], [118.01765880200003, 0.964470524000035], [118.01765871600003, 0.96446962300007], [118.01755071000002, 0.963331679000021], [118.01755062400002, 0.963330779000046], [118.01755063000007, 0.963329874000067], [118.01755880000007, 0.962029557000051], [118.0175592280001, 0.961964809000051], [118.01756418600007, 0.96195490100007], [118.01757506700005, 0.961954415000037], [118.01759620900009, 0.96124876500005], [118.01764865300004, 0.960417937000045], [118.01633656000001, 0.960472305000053], [118.01603121000005, 0.961015496000073], [118.01604022300012, 0.961015493000048], [118.01597046300003, 0.961116153000035], [118.01570265300006, 0.961489134000033], [118.01559975500004, 0.961604109000064], [118.01536920900003, 0.961933224000063], [118.01532155100006, 0.962001646000033], [118.01533053900005, 0.962001698000051], [118.01528231700001, 0.962089418000062], [118.01500763600006, 0.962588990000029], [118.01500720100012, 0.962589782000066], [118.01500810000005, 0.962589782000066], [118.01501528900008, 0.962589779000041], [118.01501618800012, 0.962589779000041], [118.01501590900011, 0.962590639000041], [118.01487281200002, 0.963032209000062], [118.01487253300002, 0.963033069000062], [118.01487163500008, 0.963033070000051], [118.01486444600005, 0.96303307200003], [118.01486354700012, 0.96303307200003], [118.01486393000005, 0.96303389000002], [118.01515091700003, 0.963647286000025], [118.01515130000007, 0.963648104000072], [118.0151521140001, 0.963648486000068], [118.01594141500004, 0.964018365000072], [118.01594222900007, 0.964018747000068], [118.0159428720001, 0.964019379000035], [118.0167865730001, 0.96485007900003], [118.01678721600001, 0.964850712000043], [118.01678776500012, 0.964851427000042], [118.01693949700007, 0.965048959000057], [118.01694004700005, 0.965049674000056], [118.01693989900002, 0.965050567000048], [118.01672490300007, 0.966351450000047], [118.01672475600003, 0.96635234200005], [118.01672565400008, 0.966352335000067], [118.01790109800004, 0.966342949000023], [118.01790199600009, 0.96634294200004], [118.01790188200005, 0.966342044000044], [118.01773997600003, 0.965077468000061]]], [[[118.01789285200005, 0.966409931000044], [118.01669781200007, 0.966406626000037], [118.0165991880001, 0.967175553000061], [118.01533208300009, 0.967194026000072], [118.01532880100001, 0.967521289000047], [118.01535952800009, 0.968822273000058], [118.01539564900008, 0.969410243000027], [118.01669869300008, 0.969364620000022], [118.01808747200005, 0.969380060000049], [118.01800143700007, 0.968314907000035], [118.0179378680001, 0.967444983000064], [118.01789285200005, 0.966409931000044]]]]}},
{"type": "Feature", "properties": {"ba_code": "4520", "blockid": "4520I40bP11", "division": "05"}, "geometry": {"type": "MultiPolygon", "coordinates": [[[[118.11968027400007, 0.969274879000068], [118.11974652100002, 0.96909966100003], [118.11964651200003, 0.968414924000058], [118.1194991650001, 0.96688860200004], [118.11951008500012, 0.966826608000019], [118.1195266530001, 0.966732541000056], [118.11953376600002, 0.966678935000061], [118.11966428000005, 0.966440114000022], [118.1197299160001, 0.966291326000032], [118.11983696100003, 0.966148507000071], [118.12001725300001, 0.965820363000034], [118.12009832000001, 0.965624720000051], [118.12008150600002, 0.965556965000076], [118.12002574900009, 0.965497930000026], [118.11992422300011, 0.965481703000023], [118.1198428990001, 0.96551620200006], [118.1197061360001, 0.965665401000024], [118.11964673400007, 0.965653723000059], [118.11927391300003, 0.965691029000027], [118.11919426400004, 0.965660134000075], [118.11905753700012, 0.965547131000051], [118.11906419500008, 0.965365195000061], [118.11908546100005, 0.96493901100007], [118.11901595100005, 0.964749153000071], [118.11900603600009, 0.964516235000076], [118.1193154450001, 0.964538323000056], [118.1195104630001, 0.964672836000034], [118.11962811300009, 0.964655490000041], [118.11974520100011, 0.964615388000027], [118.11984252600007, 0.964376369000036], [118.1198293110001, 0.964254604000075], [118.11978525500001, 0.963798178000047], [118.11970706200009, 0.963421074000053], [118.11955552300003, 0.962927713000056], [118.11956444400005, 0.962728708000043], [118.11933975200009, 0.962620236000021], [118.1180726, 0.962358333000054], [118.1179958140001, 0.962368862000062], [118.11789148900004, 0.962405964000027], [118.11779638000007, 0.962473953000028], [118.11730551100004, 0.962863324000068], [118.11729018500012, 0.962918931000047], [118.11705705000008, 0.96319083700007], [118.11704852600008, 0.963471275000074], [118.11702569600004, 0.96383316500004], [118.11695839800007, 0.964220633000025], [118.11691623900003, 0.964265845000057], [118.11675982100007, 0.964534637000042], [118.11670156100001, 0.964673659000027], [118.11670843900004, 0.965123618000064], [118.11684909300004, 0.96538716200007], [118.11703328800002, 0.96560641800005], [118.11726189500007, 0.966178859000024], [118.11725084700004, 0.967164376000028], [118.11716342000011, 0.967566651000027], [118.11715257900005, 0.967711633000022], [118.11710016500001, 0.968015711000021], [118.11709469100003, 0.968341536000025], [118.11713197900008, 0.969163286000025], [118.11834372400006, 0.969156029000033], [118.11865352600012, 0.969192214000032], [118.1188292060001, 0.96927388000006], [118.11915665000004, 0.969603265000046], [118.11945463900008, 0.969836403000045], [118.11957588100006, 0.969912097000019], [118.11969840800009, 0.969885459000068], [118.11968027400007, 0.969274879000068]]], [[[118.11776569900007, 0.961144728000022], [118.11785082400002, 0.961101850000034], [118.11862559400004, 0.961127305000048], [118.11837851400003, 0.960578905000034], [118.11840393600005, 0.960210385000039], [118.11833981000007, 0.960129754000036], [118.11830193800006, 0.960067480000021], [118.11824976900004, 0.960067498000058], [118.11695478200011, 0.960114258000033], [118.1169703590001, 0.960833983000043], [118.11699804500006, 0.961040934000039], [118.11697658100002, 0.961093454000036], [118.11701116000006, 0.961089870000023], [118.11739106100003, 0.961059151000029], [118.11776569900007, 0.961144728000022]]], [[[118.1188391070001, 0.970526214000074], [118.11887504700007, 0.970508111000072], [118.11888403300009, 0.970508108000047], [118.11894692200008, 0.970462859000065], [118.11903676400004, 0.970399511000039], [118.11914457900002, 0.97033615600003], [118.11917152900003, 0.970309010000051], [118.11921644900008, 0.970272813000065], [118.119225432, 0.970263764000038], [118.11926137400008, 0.970254707000038], [118.1193512110001, 0.970173267000064], [118.11936019400002, 0.970164218000036], [118.11943206700005, 0.970109921000073], [118.11946800900012, 0.970100864000074], [118.11945902200011, 0.970100867000042], [118.11960280000005, 0.970091773000036], [118.11967467300008, 0.970037476000073], [118.11967465500004, 0.969983203000027], [118.119584798, 0.970001324000066], [118.11957580900003, 0.969992281000032], [118.11946796400002, 0.969965180000031], [118.11934213200004, 0.969892858000037], [118.11930617500002, 0.96985668800005], [118.11913537900011, 0.969684879000056], [118.1190275140001, 0.969594460000053], [118.1188836880001, 0.969458824000071], [118.11876683700007, 0.969368407000047], [118.11866797300002, 0.969323213000052], [118.11851518800006, 0.969268990000046], [118.11850619800009, 0.969259947000069], [118.1184432880001, 0.969241877000059], [118.11842531600007, 0.969241883000052], [118.11835342800009, 0.969250953000028], [118.11834447500007, 0.969350457000075], [118.11845238400008, 0.969576560000064], [118.11851535400001, 0.969775541000047], [118.118596281, 0.96992928800006], [118.11865925100005, 0.970128270000032], [118.11867724700005, 0.970200628000043], [118.11876719300005, 0.970453874000043], [118.1187851950001, 0.97054432300007], [118.11882114100001, 0.970544311000026], [118.1188391070001, 0.970526214000074]]]]}},
{"type": "Feature", "properties": {"ba_code": "4520", "blockid": "4520I26P10", "division": "03"}, "geometry": {"type": "MultiPolygon", "coordinates": [[[[118.08107727400011, 0.967590052000048], [118.08108262300004, 0.967587510000044], [118.08116148700003, 0.967096529000059], [118.0811095900001, 0.966698844000064], [118.08155913900009, 0.966561562000038], [118.0815644600001, 0.96615563000006], [118.0809847380001, 0.966085732000067], [118.0808883200001, 0.964921601000071], [118.07838042000003, 0.963972282000043], [118.07835133600008, 0.963941734000059], [118.07834527500006, 0.964549032000036], [118.07834074800007, 0.965002647000063], [118.07837671100003, 0.965073059000019], [118.0783770050001, 0.966003536000073], [118.07837381700006, 0.966469327000027], [118.07833320600002, 0.967297657000074], [118.07836272100008, 0.967327061000049], [118.07869607600003, 0.967563314000074], [118.07889380300003, 0.967644662000055], [118.07910047400003, 0.967590322000035], [118.07937893500002, 0.967219360000058], [118.079576674, 0.967336891000059], [118.07970248600009, 0.96734589600004], [118.08022364100009, 0.967164816000036], [118.08016980000002, 0.967409066000073], [118.08031366000012, 0.967653253000037], [118.0805024230001, 0.967806969000037], [118.08063721000008, 0.96777978800003], [118.08107748200007, 0.967580643000076], [118.08107849800001, 0.967572731000075], [118.08107727400011, 0.967590052000048]]]]}},
{"type": "Feature", "properties": {"ba_code": "4520", "blockid": "4520I42bP11", "division": "05"}, "geometry": {"type": "MultiPolygon", "coordinates": [[[[118.12483108200001, 0.964807436000058], [118.12501075400007, 0.964644557000042], [118.12447161700004, 0.964762328000063], [118.12404028700007, 0.964798654000049], [118.12302482400003, 0.964753764000022], [118.12297996600012, 0.964979917000051], [118.12290817700011, 0.965287489000048], [118.12288126600004, 0.965432227000065], [118.12301615500007, 0.965721639000037], [118.12307011100006, 0.965839213000038], [118.12306896000007, 0.965869938000026], [118.12303841000005, 0.967567620000068], [118.12296493600002, 0.967905530000053], [118.12294351700007, 0.968487100000061], [118.12277599600009, 0.969021698000063], [118.12272593700004, 0.969781328000067], [118.12273172400012, 0.970377764000034], [118.12272617800011, 0.970512808000024], [118.12264237600004, 0.97065350500003], [118.12244071700002, 0.970875754000076], [118.12244747300008, 0.970884589000036], [118.12243562900005, 0.97089552500006], [118.1223573960001, 0.970974326000032], [118.12238535200004, 0.970991197000046], [118.12244928000007, 0.971010973000034], [118.12250569600008, 0.971067724000022], [118.12253266700009, 0.971103897000035], [118.12265852200005, 0.971248583000033], [118.1227753710001, 0.971329954000055], [118.12281033900001, 0.971458076000033], [118.12291020100008, 0.971438455000055], [118.12306803400008, 0.971555439000042], [118.12307466800007, 0.971556477000036], [118.12309894000009, 0.971519802000046], [118.1231258900001, 0.971492657000056], [118.12315283700002, 0.971456465000074], [118.12317078900003, 0.971393141000021], [118.1231617850001, 0.971338870000068], [118.12316177900004, 0.971320779000052], [118.12320668000007, 0.97123030900002], [118.1232515910001, 0.971166975000074], [118.1233144680001, 0.971085544000061], [118.12328503200001, 0.971085554000069], [118.12331362000009, 0.971049559000051], [118.12349754500008, 0.97099203800002], [118.12350080700003, 0.970907166000075], [118.12353830400002, 0.970691682000052], [118.12357704400006, 0.970570701000042], [118.12370082500001, 0.970233947000054], [118.12387107900008, 0.969940825000037], [118.12423956700002, 0.969669460000034], [118.12435131600012, 0.969083978000072], [118.12457030500002, 0.969002562000071], [118.1246648020001, 0.968926415000055], [118.12491992000002, 0.96865040900002], [118.12479687500002, 0.968146181000066], [118.1246360780001, 0.967813227000022], [118.12449283400008, 0.967511918000071], [118.1244959060001, 0.967433974000073], [118.12460887200007, 0.967203706000021], [118.12467230700008, 0.966997435000053], [118.12490131700008, 0.966420582000069], [118.1250065380001, 0.96615865900003], [118.1250095900001, 0.966018361000067], [118.1248855880001, 0.965684807000059], [118.12482660800003, 0.965226475000065], [118.12476824400005, 0.965006459000051], [118.12476821700011, 0.964925049000044], [118.12483108200001, 0.964807436000058]]]]}},
{"type": "Feature", "properties": {"ba_code": "4520", "blockid": "4520I39aP08", "division": "05"}, "geometry": {"type": "MultiPolygon", "coordinates": [[[[118.11739385400006, 0.962501203000045], [118.11735368600011, 0.962322388000075], [118.11730485900011, 0.962207206000073], [118.11727929400001, 0.96221637900004], [118.11691908300008, 0.96235646100007], [118.11683609200009, 0.962391301000025], [118.11673925700006, 0.962391333000028], [118.11662855300006, 0.96228693200004], [118.11647636700002, 0.962238245000037], [118.11613052900009, 0.962252284000044], [118.11601988900009, 0.962342833000037], [118.11595072900002, 0.962370705000069], [118.11588849400005, 0.96241946300006], [118.11584698600007, 0.962398589000031], [118.11579855000002, 0.96234290600006], [118.11558412800002, 0.962342976000059], [118.11536279100005, 0.962350012000059], [118.11529364900002, 0.962433584000053], [118.11524522000002, 0.96239878800003], [118.11516913700007, 0.962405775000036], [118.11511379600006, 0.962384906000068], [118.11496163400011, 0.962412806000032], [118.1148855460001, 0.962405868000076], [118.11481636700012, 0.962371079000036], [118.11478177100003, 0.962336278000066], [118.11480249200008, 0.962245759000041], [118.11480246700012, 0.962169172000074], [118.11472637100007, 0.962134384000024], [118.11456037500011, 0.962162289000048], [118.1144220540001, 0.962211072000059], [118.11436673300011, 0.962252865000039], [118.11427626600005, 0.962276861000021], [118.11423783500004, 0.962300898000024], [118.11422834300004, 0.962403171000062], [118.1142030420001, 0.962706795000031], [118.11425076000012, 0.962994414000036], [118.11428979200002, 0.963653095000041], [118.114255049, 0.963808787000062], [118.1143463200001, 0.963946775000068], [118.11484392400007, 0.963958106000064], [118.11533375200008, 0.963962429000048], [118.11563538500002, 0.963984701000072], [118.1158114960001, 0.964035844000023], [118.11603548100004, 0.964125191000051], [118.11630535800009, 0.964128298000048], [118.11643352400006, 0.964048555000034], [118.11651487300003, 0.964019567000037], [118.11667358400007, 0.963901264000071], [118.11679733300002, 0.963664724000068], [118.11689884500004, 0.963396231000047], [118.11698769400004, 0.963239600000065], [118.11727333200008, 0.962894344000063], [118.11728596700004, 0.962692996000044], [118.11739385400006, 0.962501203000045]]]]}},
{"type": "Feature", "properties": {"ba_code": "4520", "blockid": "4520I04P08", "division": "02"}, "geometry": {"type": "MultiPolygon", "coordinates": [[[[118.01953059300001, 0.969331311000076], [118.02065475500001, 0.969297810000057], [118.02070800500007, 0.968356880000044], [118.0207332220001, 0.967852742000048], [118.02067019200001, 0.96743665300005], [118.02065220200006, 0.967382383000029], [118.02050806000011, 0.966188375000058], [118.02035484600003, 0.96470490300004], [118.0202376090001, 0.963320924000072], [118.0202645600001, 0.963293778000036], [118.0202284720001, 0.962814360000039], [118.02019237500008, 0.962307803000044], [118.02018334500008, 0.962163072000067], [118.02016489100004, 0.960543872000073], [118.02013787500005, 0.96035391700002], [118.01957172400012, 0.960363133000044], [118.01932907900004, 0.960336068000061], [118.01826867400007, 0.960372570000061], [118.01773848800008, 0.960445095000068], [118.01772961600011, 0.960834070000033], [118.01768501800007, 0.961964815000044], [118.01767628400012, 0.962815127000056], [118.0176944100001, 0.963330735000056], [118.0177215120001, 0.963810158000058], [118.01782071600007, 0.964995134000048], [118.01797392700007, 0.966469562000043], [118.01804608400005, 0.967356033000044], [118.0181002600001, 0.968215373000021], [118.01819641800012, 0.969360730000062], [118.01823760400009, 0.969385588000023], [118.01953059300001, 0.969331311000076]]]]}},
{"type": "Feature", "properties": {"ba_code": "4520", "blockid": "4520I42aP08", "division": "05"}, "geometry": {"type": "MultiPolygon", "coordinates": [[[[118.12292429700005, 0.959624976000043], [118.12277147800012, 0.959462207000058], [118.1228065680001, 0.960559845000034], [118.12277895200009, 0.96087540000002], [118.12282481900002, 0.961149763000037], [118.12283469800002, 0.96136206500006], [118.12287406700011, 0.961757040000066], [118.12292304700009, 0.962437827000031], [118.12294236800005, 0.962705604000064], [118.12303661200008, 0.963835607000021], [118.12300664100007, 0.964111536000075], [118.12303199700011, 0.964719393000053], [118.12370889400006, 0.964743855000052], [118.12403262200007, 0.964738810000028], [118.12430239600008, 0.964738720000071], [118.12461630000007, 0.96468924200002], [118.12507733600012, 0.964590342000065], [118.1253863280001, 0.964521117000061], [118.12550404800004, 0.964521077000029], [118.12570024900003, 0.964525949000063], [118.12574423300009, 0.964037138000037], [118.12573831500004, 0.963649306000036], [118.12574712600008, 0.963115617000028], [118.12572914200007, 0.963079441000048], [118.12537444100008, 0.962704797000072], [118.12536956600002, 0.962699648000068], [118.1250373370001, 0.962274743000023], [118.12442395300002, 0.961480035000022], [118.124124649, 0.961174019000055], [118.12381434500003, 0.960872966000068], [118.12367049700003, 0.960664966000024], [118.12348167900007, 0.960339389000069], [118.12292429700005, 0.959624976000043]]]]}},
{"type": "Feature", "properties": {"ba_code": "4520", "blockid": "4520I10P07", "division": "02"}, "geometry": {"type": "MultiPolygon", "coordinates": [[[[118.0344321660001, 0.968915581000033], [118.03543071800004, 0.968888380000067], [118.03665771100009, 0.968833872000062], [118.03670264700008, 0.968842904000041], [118.03664847200002, 0.968001662000063], [118.03661225700012, 0.967115185000068], [118.03656708200003, 0.966319168000041], [118.03640496600008, 0.965134219000049], [118.03629682400003, 0.964130168000054], [118.03628774100002, 0.963813568000035], [118.03633251000008, 0.963270806000025], [118.03632345200003, 0.963035618000049], [118.03603252000005, 0.960036878000039], [118.03486030500005, 0.96005068300002], [118.03366254100001, 0.960051315000044], [118.03386996000006, 0.962475528000027], [118.03383402200006, 0.962502677000032], [118.033888219, 0.963425332000043], [118.03396930600002, 0.964112789000069], [118.0341312600001, 0.964764037000066], [118.0341673260001, 0.965162042000031], [118.0341404080001, 0.965297737000071], [118.03414050300012, 0.965614340000059], [118.03428452300011, 0.966392235000058], [118.03439256400009, 0.96706159200005], [118.03443170300011, 0.967637872000068], [118.03443544800007, 0.968723964000048], [118.0344321660001, 0.968915581000033]]]]}},
{"type": "Feature", "properties": {"ba_code": "4520", "blockid": "4520J41P10", "division": "05"}, "geometry": {"type": "MultiPolygon", "coordinates": [[[[118.1227485600001, 0.959395574000041], [118.12261865200003, 0.959281346000068], [118.12241194500007, 0.959209050000027], [118.12229511200007, 0.959172907000038], [118.12218726200001, 0.959127715000022], [118.12069498000005, 0.957400507000045], [118.11971510500007, 0.956252045000042], [118.11962523600005, 0.956233983000061], [118.11975111400011, 0.956451035000043], [118.11981405900008, 0.956577652000021], [118.119805111, 0.956695247000027], [118.1198051670001, 0.956867113000044], [118.11978725600011, 0.957057075000023], [118.11973340600002, 0.957265140000061], [118.11962562600002, 0.957437041000048], [118.11959888500007, 0.957639233000066], [118.11959893200003, 0.957783779000067], [118.1196246940001, 0.959533544000067], [118.11966145600002, 0.959644622000042], [118.11978563100001, 0.959857658000033], [118.11992464100001, 0.96000258700002], [118.1204713300001, 0.960015086000055], [118.12062245700008, 0.959923744000037], [118.12191730800009, 0.959735660000035], [118.12228757800005, 0.959537737000062], [118.12247901400008, 0.959448917000032], [118.1227485600001, 0.959395574000041]]]]}},
{"type": "Feature", "properties": {"ba_code": "4520", "blockid": "4520I28P10", "division": "04"}, "geometry": {"type": "MultiPolygon", "coordinates": [[[[118.08441824500005, 0.969209031000048], [118.08443891700006, 0.969216826000036], [118.08440301700011, 0.969361568000068], [118.08449287000008, 0.969325357000059], [118.08471750700005, 0.969252919000041], [118.08503201100007, 0.969189498000048], [118.08504099700008, 0.969189495000023], [118.08537347700008, 0.969135114000039], [118.08538246, 0.969126066000058], [118.08561609800006, 0.969098853000048], [118.08561609500009, 0.969089808000035], [118.08569696400002, 0.969062645000065], [118.08578680200003, 0.968981205000034], [118.08578680000005, 0.968972159000032], [118.08587664900006, 0.968926902000021], [118.08588563600006, 0.968926899000053], [118.08594853700004, 0.968917833000035], [118.08594853500006, 0.968908787000032], [118.08606536900004, 0.968944932000056], [118.08616423400008, 0.968990129000076], [118.08617322000009, 0.968990126000051], [118.08624512600011, 0.969035331000043], [118.08632601200009, 0.969062442000052], [118.08633499900009, 0.969062439000027], [118.0865416800001, 0.969044281000038], [118.08655965000003, 0.969035229000042], [118.08655964700006, 0.969026184000029], [118.08657758800007, 0.968926676000024], [118.0865775850001, 0.968917630000021], [118.08660451300011, 0.968818119000048], [118.08659552600011, 0.968818122000073], [118.08661336400007, 0.968392971000071], [118.08660437700007, 0.968392974000039], [118.08659526400004, 0.967994968000028], [118.08658627800003, 0.967994971000053], [118.08667600100011, 0.967551705000062], [118.08666701400011, 0.96755170800003], [118.08664113300006, 0.967557201000034], [118.08664780200002, 0.967535120000036], [118.08665806300007, 0.967529760000048], [118.08670340200001, 0.967508678000058], [118.08672987300008, 0.967406957000037], [118.0867208410001, 0.967262230000074], [118.08668484900011, 0.967117511000026], [118.08657107400006, 0.966747923000071], [118.08656634500005, 0.966737970000054], [118.086558781, 0.96671727100005], [118.08660471100006, 0.966697294000028], [118.086605587, 0.966445207000049], [118.08649342900003, 0.96646110000006], [118.08639606000008, 0.966452249000042], [118.08618890700006, 0.966235313000027], [118.08604604300001, 0.966223673000059], [118.08566078100012, 0.966109154000037], [118.08539316200006, 0.966153320000046], [118.08531155900005, 0.966235583000071], [118.08488636800007, 0.966356348000033], [118.08456285400007, 0.966285614000071], [118.08417115800012, 0.966197038000075], [118.08384260200012, 0.966294423000022], [118.08389340500003, 0.966493247000074], [118.08390940100003, 0.966729626000074], [118.08395872100004, 0.966757441000027], [118.08405153300009, 0.966866365000044], [118.08398584500003, 0.966959776000067], [118.08394722100002, 0.967064851000032], [118.0839482020001, 0.968770393000057], [118.08396057300001, 0.969395297000062], [118.08431800400001, 0.969398468000065], [118.08442137100008, 0.969181025000069], [118.08441824500005, 0.969209031000048]]]]}},
{"type": "Feature", "properties": {"ba_code": "4520", "blockid": "4520E07P07", "division": "01"}, "geometry": {"type": "MultiPolygon", "coordinates": [[[[118.02596498600008, 0.996827179000036], [118.02590941200003, 0.997051102000057], [118.02590952100002, 0.997403890000044], [118.02593661500009, 0.997838081000054], [118.02591869000003, 0.997991865000074], [118.02590972300004, 0.99805518900007], [118.02600908400007, 0.999692452000033], [118.02603612200005, 0.999945727000068], [118.02606315000003, 1.000162818000035], [118.02605419100007, 1.000253280000038], [118.0260272590001, 1.000343746000055], [118.025982354, 1.000434219000056], [118.025955425, 1.000533731000075], [118.02594645500005, 1.000588009000069], [118.02597347100004, 1.000768917000073], [118.02598249200003, 1.000877464000041], [118.0259915150001, 1.000995057000068], [118.02598255100008, 1.00106742600002], [118.02596461100006, 1.001175982000063], [118.02593768500003, 1.001284540000029], [118.02591076100009, 1.001402145000043], [118.02591078400008, 1.001474511000026], [118.02598280400002, 1.001881551000054], [118.02602777900006, 1.002017224000042], [118.02605477600002, 1.002134811000076], [118.02606380200007, 1.002261450000049], [118.02606385000001, 1.002415229000064], [118.02606390100004, 1.002578054000026], [118.026001188, 1.00320223600005], [118.02599224100004, 1.003328880000026], [118.0259742930001, 1.003410298000063], [118.02597432400012, 1.003509802000053], [118.02598335300002, 1.003645487000028], [118.02600135500006, 1.003735939000023], [118.02604634700003, 1.003925887000037], [118.026095456, 1.004043471000045], [118.02616324700011, 1.004161042000021], [118.02629811800011, 1.004387145000067], [118.026334087, 1.004459500000053], [118.02633411200009, 1.004540913000028], [118.02631617000009, 1.004640422000023], [118.02632522200008, 1.004848474000028], [118.02632525800004, 1.004966069000034], [118.02635612100005, 1.005075969000075], [118.02642994200005, 1.005052478000039], [118.02650500900006, 1.005020287000036], [118.02667573800011, 1.004965958000071], [118.02679255400005, 1.004929738000044], [118.02685345200007, 1.004946739000047], [118.02691174600011, 1.004974100000027], [118.02698129600003, 1.005002045000026], [118.02702625200004, 1.005074397000044], [118.02707121700007, 1.005173887000069], [118.02709819100005, 1.005219108000063], [118.0271521310001, 1.005282411000053], [118.02724200600005, 1.005309520000026], [118.02732050400004, 1.005297570000039], [118.02740311600007, 1.005253266000068], [118.0275025740001, 1.005164705000027], [118.0275840170001, 1.005110782000031], [118.02765005800006, 1.005059914000071], [118.02773941900011, 1.005024684000034], [118.02781712900003, 1.005012926000063], [118.02798782000002, 1.005056001000071], [118.02813162900009, 1.005128322000076], [118.0282523940001, 1.005220086000065], [118.02834955500009, 1.005278725000039], [118.02841565000006, 1.00539995400004], [118.02844677200005, 1.005517282000028], [118.02850121900008, 1.00566589400006], [118.0286178020001, 1.005704970000068], [118.02869187800002, 1.005433049000032], [118.0287342580001, 1.00533727200002], [118.02900324500001, 1.004838580000069], [118.02862566100009, 1.00437736300006], [118.02856270100006, 1.004205512000055], [118.0288618300001, 1.003236870000023], [118.02911815100003, 1.002802636000069], [118.02910634000011, 1.002309818000072], [118.02905189600006, 1.002169029000072], [118.02893931800008, 1.001573060000055], [118.02871444000004, 1.000894694000067], [118.02901065600008, 0.99979101100007], [118.02889350900011, 0.998759825000036], [118.0289884550001, 0.998093487000062], [118.02896113300005, 0.997698455000034], [118.02892910100002, 0.997620040000072], [118.02873171500005, 0.997178326000039], [118.02870826500009, 0.996740270000032], [118.0284884780001, 0.99672464300005], [118.02760775900003, 0.996634461000042], [118.02731119700002, 0.996625509000069], [118.02705957300009, 0.996634633000042], [118.02686187300003, 0.996652787000073], [118.02659227400011, 0.996652872000027], [118.0264754530001, 0.996671], [118.02631077400008, 0.996697998000059], [118.02614297500008, 0.996761563000064], [118.02605312500009, 0.99681586600002], [118.02596498600008, 0.996827179000036]]]]}},
{"type": "Feature", "properties": {"ba_code": "4520", "blockid": "4520E03P07", "division": "01"}, "geometry": {"type": "MultiPolygon", "coordinates": [[[[118.01759333200005, 0.999923638000041], [118.01777718000005, 0.999858803000052], [118.01782224400006, 0.999740246000044], [118.01784018900003, 0.999649782000063], [118.01784015800001, 0.999550278000072], [118.01780408900004, 0.99915227200006], [118.01784894700006, 0.998908020000044], [118.01788485800012, 0.998790413000052], [118.01785780300008, 0.99848286200006], [118.01782177300004, 0.998211498000046], [118.01780374400005, 0.998030587000073], [118.01779472700002, 0.997931085000062], [118.01782166500004, 0.99785871000006], [118.01793844400004, 0.997704894000037], [118.01804624500005, 0.997578218000058], [118.01816304400006, 0.997487724000052], [118.01829781100002, 0.997379131000059], [118.01832475200001, 0.99731580200006], [118.01831574000005, 0.997234392000053], [118.01830672800008, 0.997152982000046], [118.01827974900004, 0.997089670000037], [118.01827073100003, 0.996990168000025], [118.01824375500007, 0.996935902000075], [118.01820779400009, 0.99689068400005], [118.01816285500001, 0.996872606000068], [118.01810893000004, 0.996854531000054], [118.01799210600007, 0.996863613000073], [118.01785731100006, 0.996881747000032], [118.01774946600005, 0.996863689000065], [118.01767756400011, 0.996836574000042], [118.01764160300002, 0.996791355000028], [118.01759664800011, 0.996719003000067], [118.01761458800001, 0.996610447000023], [118.01759650600002, 0.996257664000041], [118.01761441300005, 0.996040558000061], [118.0176772310001, 0.995751072000076], [118.01778497900011, 0.995452525000076], [118.01778493800009, 0.995316837000075], [118.01774895500012, 0.99519925200002], [118.01770396300003, 0.995009304000064], [118.01769618700007, 0.994884674000048], [118.01767544600011, 0.994810654000048], [118.01718501100004, 0.994648774000041], [118.01673556900005, 0.994563919000029], [118.01665958000001, 0.994727880000028], [118.01663084900008, 0.994809463000024], [118.01661517600007, 0.994848939000065], [118.01658179800006, 0.994970228000057], [118.01651592300004, 0.995133163000048], [118.01644799900009, 0.995283176000044], [118.01638790600009, 0.995393714000045], [118.0163278010001, 0.995464781000067], [118.01595210800008, 0.995520075000059], [118.01580914800002, 0.995786426000052], [118.0156917700001, 0.995884181000065], [118.01555803800011, 0.996071216000075], [118.01537646400004, 0.996494702000064], [118.01525398700005, 0.996704432000058], [118.01524583000003, 0.99674555100006], [118.01519275300006, 0.996823687000074], [118.01517236100005, 0.996926484000028], [118.01520097600007, 0.997000484000068], [118.0152622710001, 0.997078585000054], [118.01527866300012, 0.997251267000024], [118.01525828800004, 0.99741162600003], [118.01523381700008, 0.997530870000048], [118.01520932900007, 0.997596663000024], [118.0151971030001, 0.997691233000069], [118.01519713400012, 0.99778991200003], [118.01522984000007, 0.997884468000052], [118.01526254100008, 0.997958467000046], [118.01531157600004, 0.998020126000029], [118.01544012800002, 0.998095111000055], [118.01551178000011, 0.998196862000043], [118.01558535100003, 0.998344857000063], [118.01560989500001, 0.99846408600007], [118.01554869400002, 0.998690243000055], [118.0155160600001, 0.998830047000069], [118.01552016900007, 0.998912278000034], [118.01553652100006, 0.998953389000064], [118.01559781200001, 0.999019155000042], [118.01561825400006, 0.999080823000043], [118.0156591110001, 0.999113703000035], [118.01588403500011, 0.999216256000068], [118.01607579400002, 0.999253368000041], [118.01627594000001, 0.999240970000074], [118.0163617180001, 0.999236832000065], [118.01650470900006, 0.99932313100004], [118.01703861600004, 0.999764952000021], [118.01713799600009, 0.999836883000057], [118.01735123700007, 0.99991446000007], [118.01759333200005, 0.999923638000041]]], [[[118.01843078000002, 1.005470803000037], [118.01843074100009, 1.005345883000075], [118.01842183400004, 1.005293678000044], [118.01857883500008, 1.005276069000047], [118.01869565700008, 1.005257940000035], [118.018767539, 1.005221735000021], [118.01880346900009, 1.005167448000066], [118.01887534000002, 1.005095059000041], [118.0189112700001, 1.005040772000029], [118.01895617800005, 1.004959346000021], [118.01897413200004, 1.004896019000057], [118.01898308500006, 1.004787466000039], [118.0189381240001, 1.004697022000073], [118.01895582200007, 1.003810523000027], [118.0189288040001, 1.00362056900002], [118.01892877300008, 1.003521065000029], [118.01891076000004, 1.003394429000025], [118.01889276200006, 1.003313022000043], [118.018865774, 1.003222572000027], [118.01877585400007, 1.003050729000051], [118.01863198600006, 1.002788444000032], [118.01847915000008, 1.002589483000065], [118.01843419500005, 1.002517131000047], [118.01840720400003, 1.002417635000029], [118.01832627100009, 1.002245789000028], [118.01829028800012, 1.00212820400003], [118.01824531800003, 1.002010622000057], [118.01815538700009, 1.001802596000061], [118.0180744810001, 1.001721209000038], [118.0179306550001, 1.001594612000019], [118.01784974500003, 1.001495133000049], [118.01779579700008, 1.001404691000062], [118.0177520950001, 1.001436149000028], [118.01752983600011, 1.00161803900005], [118.017428676, 1.001641840000048], [118.01726570400001, 1.001798994000069], [118.01726569900006, 1.00178253100006], [118.01699454000004, 1.002064454000049], [118.01689915300005, 1.002088490000062], [118.0169089640001, 1.002096385000073], [118.01665307100006, 1.002181303000043], [118.01650391100009, 1.002266963000068], [118.01634060700007, 1.002501041000073], [118.01614600900007, 1.003139934000046], [118.0161774820001, 1.003317026000047], [118.01615866600002, 1.003430883000021], [118.0161533700001, 1.003779662000056], [118.01618637800004, 1.003934128000026], [118.016142392, 1.004014077000022], [118.01612807200001, 1.004040107000037], [118.01612585300006, 1.004037875000051], [118.01610556300011, 1.004067071000065], [118.01607021500001, 1.004269062000049], [118.01622960100008, 1.004393765000032], [118.01632993900012, 1.004423437000071], [118.01638308300005, 1.004512529000067], [118.01654246800001, 1.004637231000061], [118.01658968900006, 1.00466097900005], [118.01663692700004, 1.004738192000048], [118.01668139300011, 1.004782922000061], [118.01669033900009, 1.004764899000065], [118.01675498800012, 1.004776328000048], [118.01675096300005, 1.004784436000023], [118.01677848300005, 1.004778887000043], [118.01682062100008, 1.004790440000022], [118.01687808400004, 1.004817411000033], [118.01692788500009, 1.004840529000035], [118.01696235500003, 1.004828951000036], [118.01706575600008, 1.004771086000062], [118.01728787900004, 1.004655350000064], [118.01734916700002, 1.004663042000061], [118.01749089200007, 1.004670708000049], [118.01764027200011, 1.004662950000068], [118.01772836100008, 1.004635934000021], [118.0178433320001, 1.004832531000034], [118.01783184800001, 1.004855668000062], [118.01782419500012, 1.004878803000054], [118.01782037500004, 1.004913504000058], [118.017828054, 1.00497133500005], [118.01783572500005, 1.005006033000029], [118.01783573700004, 1.005044588000032], [118.01785107600006, 1.005102416000057], [118.0178636490001, 1.005148763000022], [118.01788610800008, 1.005170264000071], [118.01789625200001, 1.005215128000032], [118.01788508400011, 1.005251171000054], [118.01790246200005, 1.005335279000064], [118.01791270400008, 1.005389773000047], [118.01794574700011, 1.005420426000057], [118.01797284800011, 1.005442551000044], [118.01800595600002, 1.005456319000075], [118.01804538500005, 1.005469011000059], [118.01808549600003, 1.005468518000043], [118.01813163300005, 1.005459629000029], [118.0181707050001, 1.005454663000023], [118.01821464800003, 1.005438114000071], [118.01824055500003, 1.005431120000026], [118.0183540920001, 1.005427090000069], [118.01836572500008, 1.005428539000036], [118.01836557700005, 1.005428728000027], [118.01843078000002, 1.005470803000037]]]]}},
{"type": "Feature", "properties": {"ba_code": "4520", "blockid": "4520G03P08", "division": "01"}, "geometry": {"type": "MultiPolygon", "coordinates": [[[[118.01489426100011, 0.984897872000033], [118.01497792700002, 0.984896879000075], [118.01542726200012, 0.984905787000059], [118.01639633100001, 0.984931261000042], [118.01673635000009, 0.984934918000022], [118.01755463300003, 0.984923383000023], [118.01761427200006, 0.984449468000037], [118.01761795900006, 0.984283979000054], [118.01757424300001, 0.983996198000057], [118.01756652200004, 0.983945007000045], [118.01749377300007, 0.983530184000074], [118.017538424, 0.982598447000044], [118.01766419300009, 0.982453675000045], [118.01778096500004, 0.982272722000062], [118.01781686200002, 0.982109886000046], [118.01780783200002, 0.981965155000069], [118.01763704700011, 0.981838565000032], [118.01756508300002, 0.981603395000036], [118.01748399900009, 0.980924981000044], [118.01749279900002, 0.980309861000023], [118.01751060100003, 0.979739967000057], [118.01748536600007, 0.97827380800004], [118.01662049400011, 0.978310994000026], [118.01574880200008, 0.978347443000075], [118.01511647400002, 0.978349752000042], [118.01511650500004, 0.978451302000053], [118.01513815200008, 0.979813058000047], [118.0151022330001, 0.979903527000033], [118.01504833800004, 0.979984957000056], [118.014940539, 0.980120677000059], [118.0149046140001, 0.980193055000029], [118.01489570400008, 0.98044634200005], [118.01493180600005, 0.980961945000047], [118.01494091200004, 0.98135996000002], [118.01489605800009, 0.981622303000051], [118.01491418400008, 0.982128866000039], [118.01490529300008, 0.982445474000031], [118.01490984000009, 0.982808969000075], [118.014878801, 0.983197865000022], [118.01484154400009, 0.983551419000037], [118.01484164200008, 0.983878633000074], [118.014856602, 0.983923762000074], [118.01483421600005, 0.984032840000054], [118.0148491970001, 0.98414942900007], [118.01480823700001, 0.984615817000019], [118.01482699600001, 0.984867804000032], [118.01489426100011, 0.984897872000033]]]]}},
{"type": "Feature", "properties": {"ba_code": "4520", "blockid": "4520H11P07", "division": "02"}, "geometry": {"type": "MultiPolygon", "coordinates": [[[[118.03950377000001, 0.97478512400005], [118.03940116600006, 0.974372530000039], [118.03946774300005, 0.973656645000062], [118.03949863100001, 0.972677457000032], [118.03950738300011, 0.971908562000067], [118.03939926500004, 0.970994971000039], [118.0393991300001, 0.970551727000043], [118.03938087800009, 0.969638108000026], [118.03880551300006, 0.968896531000041], [118.03830720100007, 0.968934666000052], [118.03682198400008, 0.968943034000063], [118.0370716430001, 0.970642904000044], [118.03708979200007, 0.971221830000047], [118.03712579400008, 0.971402734000037], [118.03707206500007, 0.972026911000057], [118.03704568800003, 0.973935582000024], [118.037136185, 0.975997996000046], [118.03719981200004, 0.976594028000022], [118.03737245200011, 0.97655052600004], [118.03737489700006, 0.976550222000071], [118.03737643500006, 0.97654983700005], [118.037565147, 0.976531687000033], [118.03756770300004, 0.976531564000027], [118.03762012900006, 0.976531547000036], [118.03769397200006, 0.976523265000026], [118.0380004640001, 0.976346846000069], [118.0382764090001, 0.976068910000038], [118.03835726300008, 0.975987473000032], [118.03835750700011, 0.975987309000061], [118.03835766400005, 0.97598707800006], [118.03879787500011, 0.97556178800005], [118.03879941100001, 0.975560778000045], [118.03880447900008, 0.975557099000071], [118.03881941500003, 0.975549576000049], [118.0389511950001, 0.975434541000027], [118.03910235700005, 0.975291245000051], [118.0393785220001, 0.974959247000072], [118.03947627700006, 0.97479811900007], [118.03948021600002, 0.97479308000004], [118.03948896100007, 0.974787194000044], [118.03949927700012, 0.974785126000029], [118.03950377000001, 0.97478512400005]]]]}},
{"type": "Feature", "properties": {"ba_code": "4520", "blockid": "4520I05P07", "division": "02"}, "geometry": {"type": "MultiPolygon", "coordinates": [[[[118.02078490800011, 0.969266266000034], [118.02328447900004, 0.969200680000029], [118.02324984800009, 0.969127442000058], [118.02325874200005, 0.968819881000059], [118.02326421400005, 0.968734747000042], [118.02327647100003, 0.968005750000032], [118.02326727800005, 0.967318269000032], [118.02324030500006, 0.967273048000038], [118.02323996100006, 0.966124227000023], [118.02325714800008, 0.963491884000064], [118.02327460900005, 0.961773169000026], [118.02327430700007, 0.960760036000067], [118.02330125100002, 0.96070575300007], [118.02330115100006, 0.960371057000032], [118.02312143300003, 0.960416340000052], [118.02263615400011, 0.960398395000027], [118.02231263200008, 0.96038040000002], [118.02207, 0.960398565000048], [118.0219801400001, 0.960416684000052], [118.02183635200004, 0.960407681000049], [118.02084782200006, 0.960380841000074], [118.02026367700012, 0.960317696000061], [118.0202367600001, 0.960462437000047], [118.02030922200004, 0.962380135000046], [118.02028226700008, 0.962398235000023], [118.020300356, 0.962787200000037], [118.02032745000008, 0.963239484000042], [118.02036341500002, 0.963302795000061], [118.0204716720001, 0.964704868000069], [118.02063388300007, 0.966224521000072], [118.02076003900004, 0.967373304000034], [118.02078714200002, 0.967852726000046], [118.02078728000004, 0.968314064000026], [118.020817867, 0.968352970000069], [118.02078490800011, 0.969266266000034]]]]}},
{"type": "Feature", "properties": {"ba_code": "4520", "blockid": "4520I41bP10", "division": "05"}, "geometry": {"type": "MultiPolygon", "coordinates": [[[[118.12264992400003, 0.97147596700006], [118.1226923160001, 0.971458882000036], [118.12269666000009, 0.971467256000039], [118.12271250900005, 0.971456613000043], [118.12271250600008, 0.971447567000041], [118.12271247600006, 0.971357112000021], [118.1226315670001, 0.971257638000054], [118.12257762800004, 0.971194337000043], [118.1224967180001, 0.971094863000076], [118.1224248100001, 0.97104061400006], [118.12232406300006, 0.97101724700002], [118.12228513900004, 0.970972500000073], [118.1223020870001, 0.970938352000076], [118.12230748200011, 0.970918417000064], [118.12231374700002, 0.970915191000074], [118.12260910500004, 0.970635542000025], [118.12267264200011, 0.970450200000073], [118.12263107800004, 0.970074793000038], [118.12268047400005, 0.969065313000044], [118.12287245200002, 0.968473665000033], [118.12288727400005, 0.967847213000027], [118.1229533720001, 0.967221490000043], [118.12296120000008, 0.965819917000033], [118.12296224300007, 0.965739748000033], [118.1228093840001, 0.965459387000067], [118.12280932500005, 0.965278477000027], [118.12292604900006, 0.964979935000031], [118.12296192300005, 0.964762830000041], [118.12265640100009, 0.964799114000073], [118.12167695300002, 0.964971304000073], [118.12111981600003, 0.965007671000023], [118.12094907300002, 0.964998682000044], [118.12083224900005, 0.964989676000073], [118.12068844100008, 0.964908313000024], [118.12047267300011, 0.964609882000047], [118.1202209270001, 0.964211961000046], [118.12017594500003, 0.964058202000047], [118.1200949150001, 0.963587860000075], [118.12001395000004, 0.963316520000035], [118.11962735700001, 0.962755824000055], [118.1196184150001, 0.96289151000002], [118.1197852890001, 0.963487071000031], [118.11984899600009, 0.963854488000038], [118.11990351000009, 0.964393467000036], [118.119752435, 0.964682831000061], [118.11948893800002, 0.964729856000019], [118.11928512600002, 0.964562700000045], [118.11905768300005, 0.964553758000022], [118.1190519380001, 0.964732727000069], [118.119136, 0.964912764000076], [118.11915677900004, 0.965004459000056], [118.1191002700001, 0.96554254800003], [118.11927416300011, 0.965660021000076], [118.119635, 0.965616139000076], [118.11969870000007, 0.965608392000036], [118.11991125300005, 0.965398858000071], [118.12009539200005, 0.965452633000041], [118.12016118200006, 0.965610774000027], [118.12013999800001, 0.965743171000042], [118.11984479300008, 0.96622842000005], [118.11957152900004, 0.96673211500007], [118.11958001000005, 0.966813820000027], [118.11974359300007, 0.968249982000032], [118.11983926000005, 0.969079375000035], [118.11977960500008, 0.969333731000063], [118.1197953520001, 0.969876977000069], [118.1197833550001, 0.969974690000072], [118.12002081800006, 0.970085572000073], [118.12012452800002, 0.97013383500007], [118.12013506100004, 0.970210518000044], [118.1201395700001, 0.970205028000066], [118.12016504000007, 0.970298909000064], [118.12019899200004, 0.970401323000033], [118.1202159820001, 0.970495207000056], [118.12022450000006, 0.970614700000056], [118.1201990730001, 0.970648850000032], [118.12013971600004, 0.970648870000048], [118.12013125100009, 0.970691550000026], [118.12013973900002, 0.970717153000066], [118.12020758300002, 0.970742737000023], [118.12030087800008, 0.970802454000022], [118.12039415800007, 0.970819493000022], [118.12045355100008, 0.970930434000024], [118.12049597400005, 0.971007239000073], [118.12058931600006, 0.971212058000049], [118.1206232620001, 0.971297401000072], [118.12070811100011, 0.971459545000073], [118.12076750100005, 0.971561950000023], [118.12082688900011, 0.971655820000024], [118.12087780500008, 0.971775299000058], [118.12091172600003, 0.971783823000067], [118.12106437400007, 0.971834985000044], [118.12114917800011, 0.971860562000074], [118.12120855100011, 0.971911755000065], [118.12121705600009, 0.971988571000054], [118.12123403500004, 0.972048313000073], [118.121251002, 0.972073914000021], [118.1213018850001, 0.972090968000032], [118.12134428800005, 0.972108024000022], [118.1214036560001, 0.972142146000067], [118.12142910600005, 0.972176279000053], [118.12147151200008, 0.972201871000038], [118.12151391200007, 0.972210393000069], [118.12159869600009, 0.972176223000019], [118.12166651300004, 0.972116452000023], [118.12181063900005, 0.972039585000061], [118.12189541100008, 0.971971273000065], [118.12201409600004, 0.971885880000059], [118.122124299, 0.971791953000036], [118.12225145500008, 0.971680950000064], [118.12239558100009, 0.971604083000045], [118.12248036000005, 0.97155284300004], [118.12259057400001, 0.971493058000021], [118.12264992400003, 0.97147596700006]]], [[[118.12107866000008, 0.964408812000045], [118.12178530500012, 0.964391438000064], [118.12188747400012, 0.96439997400006], [118.12206626000011, 0.964382775000047], [118.12216842600003, 0.964382741000065], [118.1222109790001, 0.964331307000066], [118.12236421400007, 0.964288406000037], [118.1225004050001, 0.964194090000035], [118.12290054800008, 0.964168248000021], [118.1229635410001, 0.964161886000056], [118.12296170600007, 0.964102506000074], [118.12297959600005, 0.963849225000047], [118.12288028500006, 0.962438153000051], [118.12277338600006, 0.961474177000071], [118.12272487300004, 0.960932037000021], [118.1227454540001, 0.960521938000056], [118.1227604280001, 0.960354645000052], [118.12270857100009, 0.959453182000061], [118.12248392600009, 0.959489438000048], [118.12232219700002, 0.95956185600005], [118.12192687200002, 0.959779080000033], [118.120614939, 0.959969469000043], [118.120399313, 0.960105223000028], [118.12003090200005, 0.960186755000052], [118.11985116200003, 0.96014158600002], [118.11961750700004, 0.960105481000028], [118.11966253600008, 0.960403970000073], [118.11962666700003, 0.960639166000021], [118.11961832600002, 0.962620144000027], [118.12009481200005, 0.963271266000049], [118.12019374600004, 0.963533554000037], [118.1202478240001, 0.964021996000042], [118.12028382800008, 0.964202895000028], [118.12036439700012, 0.964308254000059], [118.12050817700003, 0.96424617100007], [118.12069545400004, 0.964160409000044], [118.120703993, 0.964237536000041], [118.12070404100007, 0.964383227000042], [118.12077219700006, 0.964520324000034], [118.12091690700004, 0.964443146000065], [118.12107866000008, 0.964408812000045]]]]}},
{"type": "Feature", "properties": {"ba_code": "4520", "blockid": "4520G14BP15", "division": "06"}, "geometry": {"type": "MultiPolygon", "coordinates": [[[[118.04696410500003, 0.978284439000049], [118.04755793600009, 0.979546252000034], [118.04757007100011, 0.979659925000021], [118.04767141200011, 0.979711852000037], [118.04771559100004, 0.979713755000034], [118.04771556000003, 0.97971383700002], [118.0475609670001, 0.980129197000053], [118.0475618590001, 0.980128658000069], [118.04767317300002, 0.980102423000062], [118.04773770700001, 0.980106463000027], [118.0478546700001, 0.980094246000021], [118.04799180700002, 0.98010638300002], [118.04804642800002, 0.980083871000033], [118.04808052900012, 0.980069816000025], [118.04818537800008, 0.980012944000066], [118.0483265370001, 0.979988540000022], [118.04846768400012, 0.979923537000047], [118.04861288100005, 0.979915371000061], [118.0487782460001, 0.979911259000062], [118.04891421000002, 0.97973877000004], [118.04906051700004, 0.979712235000022], [118.04923800900008, 0.979793377000021], [118.04905646600002, 0.979655397000045], [118.04897982800003, 0.979639182000028], [118.04881849700007, 0.979647352000029], [118.048721709, 0.979683922000049], [118.04864105500008, 0.979724547000046], [118.0485684570001, 0.979732689000059], [118.04849585200009, 0.979716473000053], [118.04842324200001, 0.979684016000022], [118.04839525500006, 0.979556292000041], [118.04832391500008, 0.979527594000047], [118.04824543100005, 0.979462998000031], [118.04817406000006, 0.979333779000058], [118.04806884700008, 0.978950475000033], [118.047674432, 0.978328723000061], [118.04728208900008, 0.978249866000056], [118.04696410500003, 0.978284439000049]]]]}},
{"type": "Feature", "properties": {"ba_code": "4520", "blockid": "4520E10P08", "division": "06"}, "geometry": {"type": "MultiPolygon", "coordinates": [[[[118.034853741, 1.005424697000024], [118.0359231430001, 1.005397218000041], [118.03592314600007, 1.005406264000044], [118.03684877, 1.005405968000048], [118.03687571000012, 1.005342639000048], [118.03676762200007, 1.004555689000028], [118.03674956600003, 1.004293367000059], [118.03678544700006, 1.004085302000021], [118.03696515700005, 1.004012878000026], [118.03701889800004, 1.003442976000031], [118.03691993400003, 1.003090222000026], [118.03696483300007, 1.002981658000067], [118.03704083700006, 1.002868507000073], [118.0370006710001, 1.002637906000075], [118.03690484300012, 1.00203005000003], [118.03671256200005, 1.002014247000034], [118.036469839, 1.001973078000049], [118.03635637000002, 1.001992151000024], [118.036116805, 1.001970017000076], [118.0358331320001, 1.002014527000028], [118.03572908100011, 1.001913030000026], [118.035628158, 1.001732211000046], [118.03565646800007, 1.001545005000025], [118.03582663600002, 1.00140534600007], [118.03590546400005, 1.001487814000029], [118.0359622090001, 1.001510006000046], [118.0360284080001, 1.001529022000057], [118.03606307900009, 1.001522665000039], [118.03637508500003, 1.001363925000021], [118.03646332000005, 1.00129092100002], [118.03642230000003, 1.001154503000066], [118.03649477600004, 1.001084677000051], [118.03657357200007, 1.001065615000073], [118.03668701100003, 1.000951357000019], [118.03659235500004, 1.000653141000043], [118.03636213400011, 1.000272475000031], [118.036406209, 1.00010112800004], [118.03664889400011, 1.000021730000071], [118.03669299600006, 0.999932877000049], [118.03692618000002, 0.999710705000041], [118.03683464000005, 0.999298266000039], [118.03692917900003, 0.999225261000049], [118.0370237190001, 0.999152256000059], [118.03717498700007, 0.999053850000053], [118.03735468800005, 0.999155323000025], [118.03748058700012, 0.998571483000035], [118.03750894600012, 0.998539745000073], [118.03758143400012, 0.998507994000022], [118.03756876800003, 0.998323974000073], [118.0375403380001, 0.998127268000076], [118.03748990500003, 0.998130457000059], [118.03732592400002, 0.997895719000041], [118.03743301500003, 0.997641859000055], [118.03747078700007, 0.997473687000024], [118.03761255000006, 0.997216643000058], [118.03771026700008, 0.997226130000058], [118.0377638540001, 0.997232459000031], [118.03794035500005, 0.997181638000029], [118.03805385300006, 0.997257750000074], [118.03828080800008, 0.997276714000066], [118.0383501550001, 0.997279865000053], [118.0383564330001, 0.997197370000038], [118.038441454, 0.996924479000029], [118.03849817800005, 0.996883215000025], [118.03827115500007, 0.996648497000024], [118.03828054600001, 0.996439088000045], [118.03822346200002, 0.996493372000032], [118.03820512000004, 0.996501968000075], [118.03820506400007, 0.996501678000072], [118.03814999300005, 0.996534151000048], [118.03814504000002, 0.996536630000037], [118.03814496400003, 0.996536645000049], [118.03814490000002, 0.996536688000049], [118.03798727000003, 0.996601774000055], [118.0379866620001, 0.996601895000026], [118.03797488700002, 0.996604710000042], [118.03776296800004, 0.996620386000075], [118.03776056600009, 0.996619997000039], [118.03775799800007, 0.996620446000065], [118.03744786100003, 0.99660493500005], [118.0374431890001, 0.99660387900002], [118.03743691500006, 0.996602841000026], [118.03737426000009, 0.996581517000038], [118.03695565200007, 0.996581649000063], [118.03507050300004, 0.99658224600006], [118.03502962000005, 0.996681522000074], [118.03498583500004, 0.996794960000045], [118.03494996200004, 0.997030163000034], [118.03489609300004, 0.997193004000053], [118.03488710900001, 0.997202053000024], [118.034878122, 0.997202056000049], [118.03481525300003, 0.997319671000071], [118.0346923400001, 0.997461940000051], [118.03450981200001, 0.997654462000071], [118.03441997100003, 0.997735903000034], [118.03442953100011, 0.997973778000073], [118.03443705600012, 0.998009069000034], [118.03457949000006, 0.998414527000023], [118.03454604700005, 0.998577123000075], [118.03444722800009, 0.998685704000025], [118.03421362600011, 0.998848602000066], [118.03400060600006, 0.998928997000064], [118.03389015300002, 0.998993437000024], [118.03381902700005, 0.999191912000072], [118.03394399400008, 0.999431872000059], [118.03398020000009, 0.999572340000043], [118.0340431410001, 0.99968087000002], [118.0341421070001, 1.000042671000074], [118.03416004200005, 1.000471805000075], [118.03427363100002, 1.000631769000051], [118.03424129100006, 1.001100998000027], [118.03423230800001, 1.001110047000054], [118.03416943200011, 1.001209571000061], [118.0340166850001, 1.001291031000051], [118.03396279300011, 1.00138150600003], [118.03401040300002, 1.001522929000032], [118.03413885200007, 1.001689228000032], [118.03414262500007, 1.001698053000041], [118.03429552300008, 1.002096019000021], [118.03431350800008, 1.002132197000037], [118.03435848600009, 1.002276915000039], [118.03437652500008, 1.002484963000029], [118.03437653300011, 1.002512100000047], [118.03437657000006, 1.002629696000042], [118.03436758400005, 1.002629699000067], [118.03437664400008, 1.002864887000044], [118.03432279200001, 1.003082003000031], [118.03432281800008, 1.003163415000074], [118.03433181600008, 1.003199596000059], [118.03439935400002, 1.003283160000024], [118.03455838700006, 1.003534538000054], [118.03453867100006, 1.003715141000043], [118.03452968700003, 1.003724189000025], [118.0344563210001, 1.003911713000036], [118.034445, 1.004014574000053], [118.034467747, 1.004140281000048], [118.03452093400006, 1.004465948000075], [118.03450304300009, 1.004728282000031], [118.03449406200002, 1.004746376000071], [118.03438626200011, 1.00487305200005], [118.03408978800007, 1.005144520000044], [118.033955074, 1.005415937000066], [118.034853741, 1.005424697000024]]]]}},
{"type": "Feature", "properties": {"ba_code": "4520", "blockid": "4520J22P10", "division": "03"}, "geometry": {"type": "MultiPolygon", "coordinates": [[[[118.06727425300005, 0.960062827000058], [118.0682536600001, 0.960064080000052], [118.06829474500012, 0.960015671000065], [118.06831722900006, 0.960000833000038], [118.06831409100005, 0.959884528000032], [118.06831560400008, 0.959764319000044], [118.06832255600011, 0.959676112000068], [118.06833955600007, 0.959481743000026], [118.0683736420001, 0.959370110000066], [118.06838984400008, 0.95910549000007], [118.06840066900008, 0.959003231000054], [118.06838358800007, 0.958936107000056], [118.06820751400005, 0.958792536000033], [118.06808961700006, 0.958704368000042], [118.06799031700007, 0.958573262000073], [118.06793462700011, 0.958484701000032], [118.0678351680001, 0.95838909500003], [118.06772502500007, 0.95830014400002], [118.06764824200002, 0.958260359000064], [118.06744818900006, 0.958313501000021], [118.06733808400008, 0.958347100000026], [118.06729463200008, 0.958259689000045], [118.067280331, 0.959658486000023], [118.06727425300005, 0.960062827000058]]]]}},
{"type": "Feature", "properties": {"ba_code": "4520", "blockid": "4520H04P07", "division": "02"}, "geometry": {"type": "MultiPolygon", "coordinates": [[[[118.01754608600004, 0.978211207000072], [118.01913671500006, 0.978201675000037], [118.02054761700003, 0.97821028900006], [118.0206193780001, 0.977776067000036], [118.02063703800002, 0.976735790000021], [118.02065391600001, 0.973099355000045], [118.02066240500005, 0.971443964000059], [118.02072862000011, 0.969502779000038], [118.0206885560001, 0.969361792000029], [118.01951151900005, 0.969436135000024], [118.0183873410001, 0.969475793000072], [118.01777821900009, 0.973154505000025], [118.0175494660001, 0.974498919000041], [118.01748229300006, 0.975262279000049], [118.01755476800008, 0.977198069000053], [118.01754608600004, 0.978211207000072]]]]}},
{"type": "Feature", "properties": {"ba_code": "4520", "blockid": "4520I36P11", "division": "05"}, "geometry": {"type": "MultiPolygon", "coordinates": [[[[118.10850312600007, 0.96524971100007], [118.10859294200009, 0.965104952000047], [118.10864341800004, 0.964961036000034], [118.10862200100007, 0.964907191000066], [118.10858452800005, 0.96483450300002], [118.10846677200004, 0.964656830000024], [118.10807340200006, 0.964193830000056], [118.10802790800005, 0.964131915000053], [118.10796903300002, 0.964051157000029], [118.10790213000007, 0.963962322000043], [118.10774693000008, 0.963800817000049], [118.10769340700006, 0.963728134000064], [118.10765592200005, 0.963617749000036], [118.10764520400005, 0.963563901000043], [118.10769064200008, 0.963450797000064], [118.10784305300001, 0.963259572000027], [118.10786559400003, 0.963206426000056], [118.10791351900002, 0.963134014000048], [118.10796679300006, 0.963050537000072], [118.10799671300003, 0.96298271400002], [118.10800291100009, 0.962962725000068], [118.10803854500011, 0.962831039000037], [118.10805040800005, 0.962711229000035], [118.108060496, 0.962602735000075], [118.10805839700004, 0.962500632000058], [118.10806481500003, 0.962451717000022], [118.10800054300012, 0.962225559000046], [118.10797644700006, 0.962160945000051], [118.10796573200003, 0.96211248100002], [118.107984385, 0.961891682000044], [118.10778310100011, 0.961785488000032], [118.10765727500007, 0.961731255000075], [118.10750449000011, 0.961677032000068], [118.10741289600003, 0.96162429900005], [118.10723486900008, 0.961577618000035], [118.10709403400006, 0.961584753000068], [118.1070096310001, 0.961618459000022], [118.10691494100001, 0.961700192000023], [118.1067501770001, 0.961808432000055], [118.10667782500002, 0.961912487000063], [118.10658799700002, 0.962021063000066], [118.1065610490001, 0.962057255000047], [118.10652099000004, 0.962111429000061], [118.1064063560001, 0.962140316000045], [118.10627739300003, 0.962169208000034], [118.10616945600009, 0.962160896000057], [118.10611809700004, 0.962155169000027], [118.10605818600004, 0.962169549000066], [118.10603711600004, 0.962215430000072], [118.10609332900003, 0.962336579000066], [118.10613881200004, 0.96242826200006], [118.10611840800004, 0.962453381000046], [118.10611654800005, 0.962462808000055], [118.10611043000006, 0.962472356000035], [118.106006438, 0.962583998000071], [118.1060057310001, 0.96258449000004], [118.106005234, 0.96258522200003], [118.1059493360001, 0.962639041000045], [118.1059416700001, 0.962661570000023], [118.10590529000001, 0.962808253000048], [118.10583344300005, 0.962943960000075], [118.1058064990001, 0.96298919700007], [118.10571667900001, 0.963124910000033], [118.105644815, 0.963206344000071], [118.10564229400006, 0.963208566000048], [118.10562942500007, 0.963226976000044], [118.1056259500001, 0.963231137000037], [118.10562302000005, 0.963233742000057], [118.1054378560001, 0.963378806000037], [118.10530454900004, 0.963500872000054], [118.10523059000002, 0.963601444000062], [118.10517767500005, 0.963667822000048], [118.10515624600009, 0.963682212000037], [118.10513271800005, 0.963706987000023], [118.105074865, 0.963806865000038], [118.10506861800002, 0.963821340000038], [118.1050626230001, 0.963948949000041], [118.10506865800005, 0.963985392000041], [118.10507591900011, 0.964023959000031], [118.10509505800007, 0.964074479000033], [118.10516050800004, 0.964204377000044], [118.10522138100009, 0.964307882000071], [118.1052407950001, 0.964337175000026], [118.10525151200011, 0.964359811000065], [118.10534501300003, 0.964532226000074], [118.10546752300002, 0.964688325000054], [118.10546858900011, 0.96469015200006], [118.10547004500006, 0.964692058000026], [118.10559008500002, 0.964900232000048], [118.10559151400003, 0.964903140000047], [118.1055916680001, 0.964903365000055], [118.1056797650001, 0.965104731000054], [118.10572050000007, 0.965191788000027], [118.10573532900003, 0.965223482000056], [118.10574434500006, 0.96531393500004], [118.10578031300008, 0.965386287000058], [118.10584322900002, 0.965422449000073], [118.10680471400008, 0.965259314000036], [118.10682268100004, 0.965241217000028], [118.10689455400006, 0.965186920000065], [118.10691094300012, 0.965183914000022], [118.10699339700011, 0.965168796000057], [118.10705630700011, 0.965186867000057], [118.10713721900004, 0.965295387000026], [118.107137222, 0.965304433000028], [118.10712827700002, 0.965431074000037], [118.10710135000011, 0.965530584000021], [118.10709239000005, 0.965611997000053], [118.10709239300002, 0.965621043000056], [118.10711038900001, 0.965693402000056], [118.10711041900004, 0.965783858000066], [118.1071194220001, 0.96583812800003], [118.10711943700005, 0.965883356000063], [118.107119452, 0.965928584000039], [118.10753789700004, 0.966070311000067], [118.10796631200003, 0.966215414000033], [118.10797324600003, 0.966217763000031], [118.10797325200008, 0.966235854000047], [118.10801206000008, 0.966311218000044], [118.10809280400008, 0.96628597900002], [118.10809007500006, 0.966119038000045], [118.10811410500003, 0.965981707000026], [118.1081274390001, 0.965855150000039], [118.1082049790001, 0.96575011300007], [118.10829054300007, 0.965642381000066], [118.10831192400008, 0.965583137000067], [118.10836805300005, 0.965443103000041], [118.10845361600002, 0.965332678000038], [118.10850312600007, 0.96524971100007]]], [[[118.1074224670001, 0.960560188000045], [118.10695231600005, 0.96054742900003], [118.1068363920001, 0.960543061000067], [118.10682571200005, 0.96060499400005], [118.10680977100003, 0.960944268000048], [118.10682317300007, 0.961027734000027], [118.10698913100009, 0.961372334000032], [118.10713363100001, 0.961533843000041], [118.10745999400001, 0.961587588000043], [118.10770077100005, 0.961681751000071], [118.107778359, 0.961724807000053], [118.10762299300006, 0.961046321000026], [118.10762561100012, 0.960871301000054], [118.10759884600009, 0.960822843000074], [118.1074462900001, 0.960564402000045], [118.1074224670001, 0.960560188000045]]]]}},
{"type": "Feature", "properties": {"ba_code": "4520", "blockid": "4520E29P07", "division": "04"}, "geometry": {"type": "MultiPolygon", "coordinates": [[[[118.08741196400001, 0.998077772000045], [118.0876573700001, 0.998520183000039], [118.08781940900008, 0.998748362000072], [118.08793975700007, 0.998850792000042], [118.08843512900012, 0.999539982000044], [118.08881476300007, 1.000075503000062], [118.0892500010001, 1.00082526500006], [118.08940744000006, 1.00113262900004], [118.08959725800003, 1.001402718000065], [118.0896068730001, 1.00105202900005], [118.0895805340001, 1.000334286000054], [118.08961626900009, 0.999719103000075], [118.08958012700009, 0.999167272000022], [118.08958001000008, 0.998832548000053], [118.08953678800003, 0.998468397000067], [118.08948079100003, 0.997810315000038], [118.08944619700003, 0.997411485000043], [118.08941993700012, 0.997144126000023], [118.08941847300002, 0.997124477000057], [118.08930979700006, 0.997140925000053], [118.0891196980001, 0.997170657000026], [118.0888688440001, 0.997218472000043], [118.0883285330001, 0.997254411000029], [118.0882524330001, 0.99725954500002], [118.08801646800009, 0.997119189000045], [118.08787441200002, 0.997121793000076], [118.0874254580001, 0.997259836000069], [118.08717266400004, 0.997376057000054], [118.08713407700009, 0.997379189000071], [118.08741196400001, 0.998077772000045]]]]}},
{"type": "Feature", "properties": {"ba_code": "4520", "blockid": "4520E05P08", "division": "01"}, "geometry": {"type": "MultiPolygon", "coordinates": [[[[118.02163444100006, 1.005700262000062], [118.02175126300006, 1.00568213400004], [118.02183061000005, 1.005673653000031], [118.02190907900001, 1.005686791000073], [118.02201727400006, 1.005710691000047], [118.02214669600005, 1.005745330000025], [118.02222759100005, 1.005790534000027], [118.02231747700012, 1.00585382600002], [118.02238040100008, 1.005908082000076], [118.02241635000007, 1.005917116000035], [118.02247809300002, 1.005936623000025], [118.0226176970001, 1.005917389000047], [118.02270056400005, 1.005934535000051], [118.02278875500008, 1.005946612000059], [118.02282071700006, 1.00580843900002], [118.02284764600006, 1.005708926000068], [118.02286558300011, 1.005591324000022], [118.02288352800008, 1.005500860000041], [118.02291046900007, 1.005437531000041], [118.0230003160001, 1.005374182000025], [118.023081176, 1.005310835000046], [118.02312608700004, 1.00523845500004], [118.0231620080001, 1.005157031000067], [118.023206877, 1.004948962000071], [118.02326969600006, 1.004668522000031], [118.02329663400008, 1.004596147000029], [118.02334153900006, 1.004505674000029], [118.02335948400003, 1.004415210000047], [118.02334147700003, 1.004306666000048], [118.02331443000003, 1.004026253000063], [118.02330541000003, 1.003917706000038], [118.02332335800008, 1.003836288000059], [118.02333231300008, 1.003736781000043], [118.02332328200009, 1.003592051000055], [118.02332326200008, 1.003528730000028], [118.02331425000011, 1.003447320000021], [118.02328727000008, 1.003384008000069], [118.0232423120001, 1.003302609000059], [118.023152417, 1.003212179000059], [118.02307151200012, 1.003130792000036], [118.0230650850001, 1.003108178000048], [118.02305910500002, 1.003087134000054], [118.02305351900009, 1.003067477000059], [118.02300853500003, 1.002904666000063], [118.02301749900005, 1.002832297000054], [118.02306237900007, 1.002660412000068], [118.02310727600002, 1.00254280200005], [118.02314318600008, 1.002425195000058], [118.02317011500008, 1.002325682000048], [118.02320602200007, 1.002199029000053], [118.02322396200009, 1.002090473000067], [118.02324639500011, 1.001657385000044], [118.02326850300005, 1.000824043000023], [118.02325049800004, 1.000724544000036], [118.02318737900009, 1.000037080000027], [118.02315138200004, 0.999874267000052], [118.02313337200007, 0.99975667700005], [118.02312435200008, 0.999648129000036], [118.02315553500011, 0.999500767000029], [118.02314949800007, 0.999422089000063], [118.02316550500007, 0.999333317000037], [118.02316946600001, 0.999182007000059], [118.02292895500011, 0.999176030000058], [118.02235372700011, 0.999145949000024], [118.02165228500007, 0.999289407000049], [118.02078449500004, 0.999447039000074], [118.02041774300005, 0.999529869000071], [118.02031353300004, 0.99956419800003], [118.020314589, 0.999586844000021], [118.02031267900009, 0.999586462000025], [118.02031150800008, 0.999594735000073], [118.02030554200007, 0.999650951000035], [118.02034749900008, 0.999739457000032], [118.02038578600002, 0.999888984000052], [118.02039982600002, 0.999923276000061], [118.02040986600002, 0.999983796000038], [118.02040743900011, 1.000102557000048], [118.02040523300002, 1.000111964000041], [118.02032076600005, 1.000472179000042], [118.02026693500011, 1.000761663000048], [118.02024780900001, 1.00091388900006], [118.02025386100001, 1.001040986000021], [118.02028195000003, 1.001133780000032], [118.02032609300011, 1.001295162000019], [118.02032612800008, 1.001408138000045], [118.02029809800001, 1.001504985000054], [118.02024401500012, 1.001607891000049], [118.02017736500011, 1.001720550000073], [118.01998881200007, 1.002263360000029], [118.01996187200007, 1.002326689000029], [118.01997987300001, 1.00241714200007], [118.02002483700005, 1.002516632000038], [118.0201147570001, 1.00268847500007], [118.02021365900009, 1.002842223000073], [118.02028560800011, 1.003023118000044], [118.02032158600002, 1.003122611000038], [118.02034859600008, 1.003285427000037], [118.02035762500009, 1.003421112000069], [118.02035771700002, 1.003719625000031], [118.02036674300007, 1.00384626400006], [118.02037578300008, 1.004018132000056], [118.02040525100006, 1.00450085600005], [118.02044788400008, 1.004687502000024], [118.020438968, 1.004913651000038], [118.0204154270001, 1.004997144000072], [118.02039943000011, 1.005118195000023], [118.02039747000003, 1.005261435000023], [118.02036720600006, 1.005338828000049], [118.02036725700009, 1.005501653000067], [118.02036149700007, 1.005594324000072], [118.02045374200009, 1.005753673000072], [118.02052011800004, 1.00578202600002], [118.02070886900003, 1.005881471000066], [118.02085268400003, 1.005971884000076], [118.02096052700006, 1.00598089600004], [118.02105938900002, 1.006008002000044], [118.02115823100007, 1.005971788000068], [118.02130198500004, 1.005863192000049], [118.0214457410001, 1.005763643000023], [118.02155357000004, 1.005727425000032], [118.02163444100006, 1.005700262000062]]], [[[118.02234919400007, 0.999095802000056], [118.02235591300007, 0.99909516200006], [118.02235677700003, 0.99909533500005], [118.02235754600008, 0.999095199000067], [118.02292453300004, 0.999120963000053], [118.02316418300006, 0.999124782000024], [118.0231691030001, 0.999060136000026], [118.02313304200004, 0.998689268000021], [118.02312378700003, 0.997820871000044], [118.02318662900007, 0.997612797000045], [118.02331229100002, 0.997124283000062], [118.02336615500008, 0.996943349000048], [118.02342002800003, 0.996789553000042], [118.02309648900007, 0.996726333000026], [118.02297066200003, 0.996681144000036], [118.02281787200002, 0.996626916000025], [118.022620146, 0.996563657000024], [118.0224583800001, 0.996545616000049], [118.02224270600004, 0.996563775000027], [118.02186528300001, 0.996618168000055], [118.02154175200008, 0.996582086000046], [118.02129911000009, 0.996573116000036], [118.02092165600004, 0.996528004000027], [118.02051726500008, 0.996555268000066], [118.02051732000007, 0.996736185000032], [118.02054433, 0.996899001000031], [118.02056234000008, 0.997016592000023], [118.02055342300002, 0.997242741000036], [118.02056247100006, 0.99744174600005], [118.020544545, 0.997595531000059], [118.02054457800011, 0.997704081000052], [118.02048173000003, 0.997894064000036], [118.02040990400008, 0.998111186000074], [118.0203739960001, 0.998237839000069], [118.02035608400001, 0.998436853000044], [118.02036511000006, 0.998563492000073], [118.020428089, 0.998798665000038], [118.02045508800006, 0.998925298000074], [118.02043715400009, 0.999051945000076], [118.0204192000001, 0.99911527200004], [118.0203832730001, 0.999178604000065], [118.02036532200009, 0.999250976000042], [118.02033840900003, 0.999404764000076], [118.02031352000006, 0.999521832000028], [118.02065421200007, 0.999426905000064], [118.02163414200004, 0.999232994000067], [118.02163431400004, 0.99923297700002], [118.02163447300006, 0.999232929000073], [118.02234919400007, 0.999095802000056]]]]}},
{"type": "Feature", "properties": {"ba_code": "4520", "blockid": "4520E03P07", "division": "01"}, "geometry": {"type": "MultiPolygon", "coordinates": [[[[118.01519953600007, 1.004300176000072], [118.0150107930001, 1.004227868000044], [118.01484637400006, 1.004246479000074], [118.0147403090001, 1.004309791000026], [118.01475021200008, 1.004336499000033], [118.01473229900012, 1.004399683000031], [118.01473635400009, 1.004472750000048], [118.01482380000004, 1.004643725000051], [118.01482457300006, 1.00464540400003], [118.01482464100002, 1.004645503000063], [118.0148846410001, 1.004783244000066], [118.01488485800007, 1.004784284000038], [118.01488539000002, 1.004785124000023], [118.01497230700011, 1.005025379000074], [118.01498408700002, 1.005051049000031], [118.01498619800009, 1.005063777000032], [118.015013672, 1.005139720000045], [118.01501388300005, 1.00514092100002], [118.01501514100005, 1.005145339000023], [118.01502408500005, 1.005199251000022], [118.01505971800009, 1.005387237000036], [118.015113971, 1.005610843000056], [118.01523976200008, 1.005808549000051], [118.01533020600004, 1.006053726000061], [118.01537453800006, 1.006077680000033], [118.01538463000009, 1.006084025000064], [118.01555600200004, 1.006034681000074], [118.01574551700003, 1.005921877000048], [118.01587678700002, 1.005763215000059], [118.01587870900005, 1.005761096000072], [118.01588891100005, 1.005754230000036], [118.01589267100007, 1.005752934000043], [118.01607071100011, 1.005703998000058], [118.01607183300007, 1.005703058000051], [118.016200421, 1.00561401300007], [118.01619307600004, 1.005532967000022], [118.01619294600005, 1.005530101000033], [118.01619306700002, 1.005529487000047], [118.01619296700005, 1.005528929000036], [118.01620187800006, 1.005284688000074], [118.016204248, 1.005273743000032], [118.01621106300001, 1.005263470000045], [118.01621516400007, 1.00525999000007], [118.01636790400005, 1.005151392000073], [118.0163740050001, 1.00514800600007], [118.01637723500005, 1.005146861000071], [118.01658516100008, 1.00508574600002], [118.01659196800006, 1.00507889000005], [118.0166048970001, 1.005037272000038], [118.0165952110001, 1.005025236000051], [118.01659059700012, 1.005017433000035], [118.01658819900001, 1.00500531800003], [118.01659058900009, 1.004993201000048], [118.01659347600003, 1.004987754000069], [118.01660453300008, 1.004971048000073], [118.01659500200003, 1.004886629000055], [118.01653349500009, 1.004843453000035], [118.01653026100007, 1.004841716000044], [118.01647671400008, 1.004805808000071], [118.01640733900001, 1.004762193000033], [118.01623889500001, 1.004690864000054], [118.01623794000011, 1.004690218000064], [118.01623703400003, 1.004690003000064], [118.01621553200005, 1.004679190000047], [118.01604438000004, 1.004607470000053], [118.01603539400003, 1.004607473000021], [118.01602640700003, 1.004607476000047], [118.01590956600012, 1.004562283000041], [118.01577370900009, 1.004499304000035], [118.01562195800011, 1.004453823000063], [118.01559835600005, 1.004445384000064], [118.01557734800008, 1.004439048000052], [118.01548293300004, 1.00441316000007], [118.01547815800006, 1.004413162000048], [118.01546917200005, 1.004413165000074], [118.01545713400003, 1.004410758000063], [118.01544692800007, 1.004403898000021], [118.01544319000004, 1.00440013900004], [118.01539631000003, 1.004384425000069], [118.01534722600002, 1.004367973000058], [118.01534334400003, 1.004367975000036], [118.01533130700011, 1.004365568000026], [118.01532110000005, 1.004358708000041], [118.01531520600008, 1.004350482000063], [118.01531137500001, 1.004342776000044], [118.01521751200005, 1.004309216000024], [118.01520852300007, 1.004300173000047], [118.01519953600007, 1.004300176000072]]], [[[118.01726568800007, 1.001748599000052], [118.01720693700008, 1.001659224000036], [118.01701049600001, 1.00169487900007], [118.01695942200001, 1.001706760000047], [118.0169004920001, 1.001726553000026], [118.01679442000011, 1.001766135000025], [118.01670407400002, 1.001837352000052], [118.016827024, 1.002051288000075], [118.01686158100006, 1.002078553000047], [118.01689915300005, 1.002088490000062], [118.01699454000004, 1.002064454000049], [118.01726569900006, 1.00178253100006], [118.01726569100003, 1.001757645000055], [118.01726568800007, 1.001748599000052]]], [[[118.01548702000002, 1.004168931000038], [118.0156201100001, 1.004085144000044], [118.01562656100009, 1.004078646000039], [118.01562992900006, 1.004075704000059], [118.01573735200009, 1.00399455400003], [118.01578189000008, 1.003958666000074], [118.01578303000008, 1.003957988000025], [118.0157846520001, 1.003956677000076], [118.015883486, 1.003893325000035], [118.01588833500011, 1.003890784000021], [118.01590037100004, 1.003888370000027], [118.01596327800007, 1.003888350000068], [118.0159753160001, 1.003890757000022], [118.01597635100006, 1.003891452000062], [118.01597734600011, 1.003891688000067], [118.01614312700008, 1.003975060000073], [118.0161430390001, 1.00397423000004], [118.01594523400001, 1.003657687000043], [118.01564867500008, 1.003666825000039], [118.01548691800008, 1.00367592200007], [118.01518138400002, 1.003721246000055], [118.01503758800004, 1.003694154000073], [118.01483092800004, 1.00380276900006], [118.0147231740001, 1.004083224000055], [118.01486698600002, 1.004164592000052], [118.01486698800011, 1.00417125000007], [118.014875974, 1.004169112000056], [118.01488801200003, 1.004171518000021], [118.01489671600007, 1.004177368000057], [118.015154574, 1.00420973100006], [118.01524445000007, 1.004236841000022], [118.01530608500002, 1.00425191100004], [118.01547360600011, 1.004171973000041], [118.01547432900009, 1.00417180900007], [118.01547503400002, 1.004171335000024], [118.01548702000002, 1.004168931000038]]], [[[118.01622960100008, 1.004393765000032], [118.01607021500001, 1.004269062000049], [118.01610556300011, 1.004067071000065], [118.01612585300006, 1.004037875000051], [118.01612442600003, 1.00403643900006], [118.01595587200006, 1.003951674000064], [118.01590955000006, 1.003951688000029], [118.01581987600002, 1.004009169000028], [118.01577628100006, 1.004044296000075], [118.01577602100008, 1.004044451000027], [118.01577550400009, 1.004044902000032], [118.01566947700007, 1.004124998000066], [118.01566207300004, 1.004132455000047], [118.01565650400005, 1.004136918000029], [118.01551274500002, 1.004227421000053], [118.01550811200002, 1.004229825000039], [118.01549607600009, 1.004232239000032], [118.0154941620001, 1.004232240000022], [118.0153375210001, 1.004293784000026], [118.0155654240001, 1.004353037000044], [118.01580168700002, 1.004435675000025], [118.01581067300003, 1.004435672000056], [118.01600852900003, 1.004523034000044], [118.01600936700004, 1.004523170000027], [118.01603633000002, 1.004532208000057], [118.01603676400009, 1.004532478000044], [118.01603742800012, 1.004532599000072], [118.01610933000006, 1.004559714000038], [118.01611081200008, 1.004560674000061], [118.01611235300004, 1.004561039000066], [118.01612832900003, 1.004569074000074], [118.01615317100004, 1.004577401000063], [118.01615509300007, 1.004578595000055], [118.01615729200012, 1.004579117000048], [118.01626124800009, 1.004631396000036], [118.01644881300001, 1.004706848000069], [118.01652970400005, 1.004743006000069], [118.01660832000005, 1.004801], [118.016659505, 1.004816835000042], [118.01666708800008, 1.004811743000062], [118.01668139300011, 1.004782922000061], [118.01663692700004, 1.004738192000048], [118.01658968900006, 1.00466097900005], [118.01654246800001, 1.004637231000061], [118.01638308300005, 1.004512529000067], [118.01632993900012, 1.004423437000071], [118.01622960100008, 1.004393765000032]]], [[[118.01779301500005, 1.005254705000027], [118.01786238900002, 1.005147557000043], [118.0178636490001, 1.005148763000022], [118.01785107600006, 1.005102416000057], [118.01783573700004, 1.005044588000032], [118.01783572500005, 1.005006033000029], [118.017828054, 1.00497133500005], [118.01782037500004, 1.004913504000058], [118.01782419500012, 1.004878803000054], [118.01783184800001, 1.004855668000062], [118.0178433320001, 1.004832531000034], [118.01772836100008, 1.004635934000021], [118.01764027200011, 1.004662950000068], [118.01749089200007, 1.004670708000049], [118.01734916700002, 1.004663042000061], [118.01728787900004, 1.004655350000064], [118.01706575600008, 1.004771086000062], [118.01696235500003, 1.004828951000036], [118.01692788500009, 1.004840529000035], [118.01687808400004, 1.004817411000033], [118.01682062100008, 1.004790440000022], [118.01677848300005, 1.004778887000043], [118.01675096300005, 1.004784436000023], [118.01671963000001, 1.004847564000045], [118.01671374000011, 1.004855795000026], [118.01670894800009, 1.004859752000073], [118.01670516000001, 1.004862295000066], [118.01665787500008, 1.00491429300007], [118.0166586580001, 1.005003478000049], [118.01666438900008, 1.005010600000048], [118.01669332000006, 1.005183217000024], [118.01693616700004, 1.005190535000054], [118.01734626000007, 1.005172458000061], [118.01734690500007, 1.005172573000038], [118.01734762600006, 1.005172428000037], [118.01735056200005, 1.005172565000066], [118.01763814500009, 1.005199613000059], [118.01764407200005, 1.005201090000071], [118.01764625300007, 1.005201488000068], [118.01778471600005, 1.005253703000051], [118.017787999, 1.005253702000061], [118.01779301500005, 1.005254705000027]]], [[[118.01581123800008, 1.006262935000052], [118.0160807210001, 1.005882925000037], [118.0160897080001, 1.005882922000069], [118.01627835300008, 1.005638625000074], [118.016637693, 1.005222403000062], [118.01661165500002, 1.005143856000075], [118.01661864800008, 1.005119961000048], [118.01639990800004, 1.005206162000036], [118.01626417200009, 1.005302670000049], [118.01625590600008, 1.005529231000025], [118.01626474000011, 1.005626717000041], [118.0162648700001, 1.005629583000029], [118.01626248000002, 1.005641700000069], [118.01625566500002, 1.005651973000056], [118.01625124400005, 1.00565567700005], [118.01612771600003, 1.005741219000072], [118.01612771000009, 1.005741246000071], [118.01612089500009, 1.005751520000047], [118.01611069300009, 1.005758386000025], [118.01610693300006, 1.005759682000075], [118.0159187910001, 1.005811394000034], [118.01579037600004, 1.005966605000026], [118.01578845400002, 1.00596872400007], [118.01578221600005, 1.005973596000047], [118.01558454500002, 1.006091254000069], [118.01558058100011, 1.00609324900006], [118.01557718600009, 1.006094442000062], [118.01538848200005, 1.006148776000032], [118.01538296100011, 1.006149556000025], [118.01540686400006, 1.006353520000062], [118.01540686700002, 1.006362566000064], [118.01547876100005, 1.006362543000023], [118.01548774500009, 1.006353495000042], [118.01563152100005, 1.006317266000053], [118.01581123800008, 1.006262935000052]]]]}},
{"type": "Feature", "properties": {"ba_code": "4520", "blockid": "4520J13P12", "division": "03"}, "geometry": {"type": "MultiPolygon", "coordinates": [[[[118.04507868200005, 0.957402356000046], [118.04509882600007, 0.95738013600004], [118.04503365900007, 0.953111689000025], [118.04316326900005, 0.953124290000062], [118.04308244200001, 0.953296184000067], [118.04307352600006, 0.953531377000047], [118.04307357800008, 0.953703247000021], [118.04316352500007, 0.953974593000055], [118.04345213200008, 0.95742094700006], [118.04507868200005, 0.957402356000046]]], [[[118.04497831200001, 0.952372937000064], [118.04446769700007, 0.952327033000074], [118.04419787800009, 0.952323412000055], [118.0432620900001, 0.953024756000048], [118.04324506900002, 0.953052882000065], [118.04503363600008, 0.953037498000072], [118.045038341, 0.952345046000062], [118.04497831200001, 0.952372937000064]]]]}},
{"type": "Feature", "properties": {"ba_code": "4520", "blockid": "4520D09P10", "division": "06"}, "geometry": {"type": "MultiPolygon", "coordinates": [[[[118.0328990160001, 1.014779357000066], [118.0332430200001, 1.014772483000058], [118.03374456800009, 1.014775257000053], [118.03402449200007, 1.014742880000028], [118.03424610500008, 1.014739874000043], [118.03430142600007, 1.014481562000071], [118.0342381700001, 1.014201965000041], [118.03402776900009, 1.013902139000038], [118.0340218660001, 1.013708092000059], [118.03403933700008, 1.013537558000053], [118.03421651800011, 1.013395580000065], [118.03429824900002, 1.013325618000067], [118.03430060500011, 1.013224629000035], [118.03430057600008, 1.013130854000053], [118.0343017560001, 1.013087573000064], [118.03430254700004, 1.013076786000056], [118.03430791400001, 1.013072931000067], [118.03430551800011, 1.013040785000044], [118.034310516, 1.012989011000059], [118.03430087400011, 1.012978493000048], [118.03423164600008, 1.012049789000059], [118.03418756700012, 1.011832732000073], [118.03418680700008, 1.011795097000061], [118.03418099400005, 1.011749379000037], [118.03417227300008, 1.01167545200002], [118.03417130300011, 1.011662806000061], [118.03417129200011, 1.011629732000074], [118.03417321000006, 1.011582066000074], [118.03417897000008, 1.011460470000031], [118.03417798700002, 1.011407941000073], [118.03417861300011, 1.011389276000045], [118.0341861600001, 1.011301884000034], [118.03418366400001, 1.011251446000074], [118.0341812580001, 1.011200921000068], [118.03418363700007, 1.011164831000031], [118.03416689500011, 1.011131153000065], [118.03416209800002, 1.011080630000038], [118.03415252600007, 1.011044543000025], [118.03414772300005, 1.010972366000033], [118.03415007400008, 1.010849662000055], [118.03414525900007, 1.010741396000071], [118.03414285500003, 1.010695683000051], [118.03413805800005, 1.010645160000024], [118.03412846200001, 1.010534489000065], [118.03412851900009, 1.010472213000071], [118.03412051200007, 1.010377328000061], [118.03413174700006, 1.010191656000075], [118.03416927300009, 1.009904567000035], [118.03417121600012, 1.009888146000037], [118.03419013300004, 1.009875443000055], [118.03414510200002, 1.009567900000036], [118.03414510000005, 1.009558855000023], [118.03401915500001, 1.00914278800002], [118.03390224300006, 1.008871451000061], [118.03382124600012, 1.008500599000058], [118.03375815400011, 1.007912642000065], [118.03376708300004, 1.007731723000063], [118.03375809700003, 1.007731726000031], [118.03378498200004, 1.007496527000058], [118.03382083800011, 1.007207049000044], [118.033829824, 1.007207046000076], [118.03382071500005, 1.006818080000073], [118.03380916700007, 1.006567066000059], [118.03383606300008, 1.006281845000046], [118.03383599400001, 1.006064539000022], [118.03384739900002, 1.005940628000076], [118.03383243500002, 1.005740485000047], [118.03382395900007, 1.00565150400007], [118.03373311000007, 1.005775701000061], [118.03362798900002, 1.005875699000057], [118.0334847260001, 1.005945277000023], [118.0333125730001, 1.006011046000026], [118.03298540900005, 1.005940587000055], [118.03262318000009, 1.005823097000075], [118.03231937200007, 1.005717349000065], [118.03207400800011, 1.005693906000033], [118.03188122300003, 1.005676326000071], [118.0317176530001, 1.005682259000025], [118.03151319500012, 1.005699965000076], [118.03141389200005, 1.005723517000035], [118.03126203000011, 1.005805889000044], [118.03120363800008, 1.005888232000075], [118.03122710900004, 1.006217520000064], [118.03124478000007, 1.006682056000045], [118.03125650800007, 1.006823179000037], [118.03120983600002, 1.007023123000067], [118.0312450240001, 1.007458252000049], [118.03115760500009, 1.00812275100003], [118.03116293100004, 1.008239943000035], [118.0311790930001, 1.008266252000055], [118.03119712900002, 1.008465254000043], [118.03115229000002, 1.008763780000038], [118.03116112500004, 1.008873041000072], [118.03115784600004, 1.008887186000038], [118.0312396710001, 1.009010646000036], [118.03125722400011, 1.00909884400005], [118.03129235300003, 1.009345805000066], [118.0311639250001, 1.00963985900006], [118.03102964100003, 1.009886874000074], [118.03108229700001, 1.010139709000043], [118.031123277, 1.01041606900003], [118.03114672600009, 1.010674793000021], [118.03117599200004, 1.010857072000022], [118.03115266400005, 1.010980566000057], [118.03107094100005, 1.011180521000028], [118.03096584200011, 1.011351083000022], [118.03088413600005, 1.011603961000048], [118.03087250700003, 1.011774492000029], [118.03091964000009, 1.011947980000059], [118.03096024900003, 1.012139041000069], [118.0311004350001, 1.012080194000021], [118.03132343700008, 1.012047597000048], [118.03133994600012, 1.012068356000043], [118.03145102400003, 1.012332933000039], [118.03139853300002, 1.012603443000046], [118.0312759420001, 1.012879855000051], [118.03118253200012, 1.01306805300004], [118.0310306880001, 1.013203348000047], [118.03059877900012, 1.014426584000034], [118.0306046390001, 1.014485385000057], [118.03081497300002, 1.014573521000045], [118.03113042500001, 1.014549899000031], [118.03167376400006, 1.014702612000065], [118.03177893600002, 1.014761381000028], [118.03231054500009, 1.014767090000021], [118.0328990160001, 1.014779357000066]]]]}},
{"type": "Feature", "properties": {"ba_code": "4520", "blockid": "4520J15P11", "division": "03"}, "geometry": {"type": "MultiPolygon", "coordinates": [[[[118.05059719500002, 0.957328984000071], [118.05062537800006, 0.95305062400007], [118.04928795100011, 0.95305415100006], [118.04788357400002, 0.953095979000068], [118.04794873600008, 0.957334746000072], [118.05059719500002, 0.957328984000071]]], [[[118.04787863800004, 0.953021790000037], [118.04927894000002, 0.952972741000053], [118.05062535700006, 0.95298137900005], [118.05065333200002, 0.951199351000071], [118.05060806600011, 0.950095783000052], [118.05045533500004, 0.950222470000028], [118.04990722100001, 0.950421644000073], [118.04868517400007, 0.950792894000074], [118.04844289400012, 0.950949051000066], [118.04794833900007, 0.950974035000058], [118.04794850000008, 0.951507735000064], [118.04787863800004, 0.953021790000037]]]]}},
{"type": "Feature", "properties": {"ba_code": "4520", "blockid": "4520I08P07", "division": "02"}, "geometry": {"type": "MultiPolygon", "coordinates": [[[[118.028551891, 0.969008230000043], [118.02989087800006, 0.968971637000038], [118.0311130450001, 0.968953171000067], [118.03113995800004, 0.968799384000022], [118.0311034240001, 0.966854545000047], [118.03107574500007, 0.96446645900005], [118.03103918400006, 0.962422116000027], [118.03100273300004, 0.960739606000061], [118.03099766100001, 0.96014918100002], [118.03093279300003, 0.960096355000076], [118.02954925400002, 0.960071906000053], [118.02857646500001, 0.960093960000052], [118.02859448100003, 0.961210719000064], [118.02857655100001, 0.961355458000071], [118.02859455400005, 0.961454956000068], [118.0285686850001, 0.965091384000061], [118.02855131600006, 0.967099562000044], [118.02854711100008, 0.968833889000052], [118.028551891, 0.969008230000043]]]]}},
{"type": "Feature", "properties": {"ba_code": "4520", "blockid": "4520H01P11", "division": "02"}, "geometry": {"type": "MultiPolygon", "coordinates": [[[[118.01201866100007, 0.971428488000072], [118.012211062, 0.97123986500003], [118.01252210200005, 0.97115696100002], [118.01253108900005, 0.971156958000051], [118.01258191900001, 0.969596391000039], [118.0114033000001, 0.969658140000035], [118.01049666300003, 0.969683302000021], [118.01073816100006, 0.971302175000062], [118.01077805200009, 0.971568460000071], [118.01078914900006, 0.971582606000027], [118.01187518400002, 0.971555174000059], [118.01186619700002, 0.971555177000027], [118.01201866100007, 0.971428488000072]]]]}},
{"type": "Feature", "properties": {"ba_code": "4520", "blockid": "4520G37P13", "division": "05"}, "geometry": {"type": "MultiPolygon", "coordinates": [[[[118.10800518200006, 0.981456871000034], [118.10818487600011, 0.981357310000021], [118.10809495, 0.981167382000024], [118.10810393700001, 0.981167379000055], [118.10813087500003, 0.981104051000045], [118.10813986100004, 0.98110404800002], [118.10828362500001, 0.981049727000027], [118.1082836280001, 0.981058773000029], [118.10836449700003, 0.98103160900007], [118.10836449900012, 0.981040654000026], [118.10850827800004, 0.981031561000066], [118.10866104600007, 0.981031510000037], [118.10866104900003, 0.98104055500005], [118.10868800300011, 0.981022455000073], [118.10868800600008, 0.981031501000075], [118.10894858600011, 0.980959049000035], [118.10903843200003, 0.980904746000022], [118.10911028700002, 0.980796175000023], [118.10921808800003, 0.980687592000038], [118.10922707400005, 0.98068758900007], [118.1094606690001, 0.980533736000041], [118.10946965500011, 0.980533733000073], [118.109793093, 0.980316531000028], [118.10979309600009, 0.980325577000031], [118.11007160400004, 0.980117436000057], [118.11008059000005, 0.980117433000032], [118.110637601, 0.979683059000024], [118.11099103800007, 0.979457818000071], [118.11100205700006, 0.979468618000055], [118.11106331100007, 0.979428693000045], [118.11106140800007, 0.979427413000053], [118.11105466800007, 0.979417267000031], [118.11107784, 0.979402499000059], [118.11105946100008, 0.979385552000053], [118.11106139300011, 0.97938264000004], [118.111065531, 0.979379134000055], [118.11144165700011, 0.979112521000047], [118.11076960700007, 0.978679890000024], [118.1104503680001, 0.97874816500007], [118.11057417100005, 0.978997195000034], [118.11047561200007, 0.978968513000041], [118.1104756090001, 0.978959467000038], [118.11026890500011, 0.978905262000069], [118.11007118100008, 0.978832964000048], [118.11007117800011, 0.978823918000046], [118.10991839600001, 0.978778741000042], [118.10989143100005, 0.978760659000045], [118.10981053900002, 0.978715458000067], [118.10975660300005, 0.978661202000069], [118.10974761300008, 0.978652160000024], [118.1097386240001, 0.978643117000047], [118.10960378400011, 0.97850747800004], [118.10960378100003, 0.978498433000027], [118.10951389400009, 0.978426098000057], [118.10850745200003, 0.978516889000048], [118.10849500100005, 0.978531360000034], [118.10841116900008, 0.978501923000067], [118.10843554300004, 0.978462639000043], [118.10773463100008, 0.978535237000074], [118.10773945200003, 0.97854484100003], [118.10773820600002, 0.978546443000027], [118.10773184600009, 0.978533747000029], [118.10770794000007, 0.978517715000066], [118.10770766600001, 0.97851715500002], [118.10776171200007, 0.978906097000049], [118.1077527220001, 0.978897054000072], [118.10775290700008, 0.97945788100003], [118.10775290900006, 0.979466926000043], [118.10770815600006, 0.980009676000066], [118.10770815900003, 0.980018722000068], [118.10774425000011, 0.980461944000069], [118.10773526700007, 0.980470992000051], [118.10778032300004, 0.980850892000035], [118.10777133700003, 0.98085089500006], [118.10779832300011, 0.980932296000049], [118.10778933900008, 0.980941345000076], [118.10779834400012, 0.98099561500004], [118.10778935700012, 0.980995618000065], [118.1077714170001, 0.981095126000071], [118.10776243100008, 0.981095129000039], [118.1078793160001, 0.981285047000028], [118.1079422360001, 0.981330254000056], [118.10793325200007, 0.981339302000038], [118.1079602320001, 0.981402613000057], [118.10795124600008, 0.981402616000025], [118.10800518200006, 0.981456871000034]]]]}},
{"type": "Feature", "properties": {"ba_code": "4520", "blockid": "4520G15P15", "division": "06"}, "geometry": {"type": "MultiPolygon", "coordinates": [[[[118.04600534500003, 0.977962127000069], [118.04600427500009, 0.977962559000048], [118.04597703700006, 0.977973536000036], [118.0459371610001, 0.978158390000033], [118.0459313550001, 0.978185306000057], [118.04593029900002, 0.978191215000038], [118.04593208200004, 0.978190751000056], [118.04594896000003, 0.978189566000026], [118.0460786000001, 0.978180463000058], [118.04622247600003, 0.978170360000036], [118.04624654800011, 0.978167867000025], [118.04625805300009, 0.978166676000058], [118.0462592230001, 0.97816655500003], [118.04637846900005, 0.978154206000056], [118.04637977100003, 0.978154071000063], [118.04648867800006, 0.978178397000022], [118.04663698700006, 0.978142630000036], [118.04681746400001, 0.978175219000036], [118.04696039500004, 0.978276557000072], [118.04696410500003, 0.978284439000049], [118.04728208900008, 0.978249866000056], [118.047674432, 0.978328723000061], [118.04806884700008, 0.978950475000033], [118.04817406000006, 0.979333779000058], [118.04824543100005, 0.979462998000031], [118.04832391500008, 0.979527594000047], [118.04839525500006, 0.979556292000041], [118.04842324200001, 0.979684016000022], [118.04849585200009, 0.979716473000053], [118.0485684570001, 0.979732689000059], [118.04864105500008, 0.979724547000046], [118.048721709, 0.979683922000049], [118.04881849700007, 0.979647352000029], [118.04897982800003, 0.979639182000028], [118.04905646600002, 0.979655397000045], [118.04923800900008, 0.979793377000021], [118.04906051700004, 0.979712235000022], [118.04891421000002, 0.97973877000004], [118.0487782460001, 0.979911259000062], [118.04861288100005, 0.979915371000061], [118.04846768400012, 0.979923537000047], [118.0483265370001, 0.979988540000022], [118.04818537800008, 0.980012944000066], [118.04808052900012, 0.980069816000025], [118.04804642800002, 0.980083871000033], [118.04799225400006, 0.980106371000034], [118.04992847200003, 0.980054205000044], [118.05006473700007, 0.980153894000068], [118.050223888, 0.980251725000073], [118.05028770800004, 0.980290955000044], [118.05045649600004, 0.980363707000038], [118.05054782600007, 0.980403072000058], [118.05073361900008, 0.980465346000074], [118.05161294700008, 0.980465068000058], [118.05200924100006, 0.980390143000022], [118.05232849100003, 0.980251060000057], [118.05246742000008, 0.98019053400003], [118.05260361100011, 0.980053359000067], [118.05207085100005, 0.97938033600002], [118.0514887490001, 0.979343120000067], [118.05101361100003, 0.97902266400007], [118.05100418900008, 0.978812055000049], [118.0509666700001, 0.97869885700004], [118.05080827600011, 0.978572538000037], [118.05066274500007, 0.978520169000035], [118.05043684600003, 0.978460406000067], [118.04963091700006, 0.97755993100003], [118.04913488500006, 0.976987687000076], [118.04896147300008, 0.976912943000059], [118.04865186600011, 0.97696290600004], [118.04853704600009, 0.97698771000006], [118.0483051110001, 0.977037814000028], [118.04814412300004, 0.97708773100004], [118.04787170100008, 0.977237415000047], [118.0475992800001, 0.977387099000055], [118.04738874000009, 0.977399632000072], [118.047122639, 0.977495128000044], [118.04653427000005, 0.977686630000051], [118.04632375300002, 0.977773962000072], [118.04624908700009, 0.977824102000056], [118.04610087100002, 0.977923631000067], [118.04600534500003, 0.977962127000069]]]]}},
{"type": "Feature", "properties": {"ba_code": "4520", "blockid": "4520E06P07", "division": "01"}, "geometry": {"type": "MultiPolygon", "coordinates": [[[[118.0258938290001, 0.997838094000031], [118.02587571600009, 0.997385809000036], [118.02587560900008, 0.997042067000052], [118.02588856700004, 0.996796299000039], [118.0257639030001, 0.996774827000024], [118.02563664800005, 0.996837605000053], [118.0255929650001, 0.996839413000032], [118.0255520390001, 0.996879344000035], [118.02551612100001, 0.996969813000021], [118.0254826040001, 0.997000777000039], [118.02545328400004, 0.997195979000026], [118.02540792000002, 0.997359309000046], [118.02531892200011, 0.99749915600006], [118.02524415000005, 0.997570881000058], [118.02513888300007, 0.997621231000039], [118.02500408900005, 0.997639365000055], [118.02491421400009, 0.997612256000025], [118.02478827100003, 0.997606875000031], [118.02473837500008, 0.997499338000068], [118.02456027100004, 0.997431277000032], [118.02432104400009, 0.997449617000029], [118.02416827700006, 0.997467756000049], [118.02403316200002, 0.99747446300006], [118.0238537240001, 0.997404534000054], [118.02376383, 0.997314104000054], [118.02365597000005, 0.997250817000065], [118.02340429100002, 0.997079025000062], [118.0233683670001, 0.997151403000032], [118.02321575600001, 0.997676109000054], [118.02317984800004, 0.997802762000049], [118.02318011400007, 0.998662116000048], [118.02323415400008, 0.999051070000064], [118.02317143200003, 0.99964811500007], [118.02318045000004, 0.999747616000036], [118.02320745700001, 0.999901387000023], [118.02323446500009, 1.00005515700002], [118.023306563, 1.000715481000043], [118.02330659400002, 1.000814985000034], [118.0232767650001, 1.001430930000026], [118.02327786900003, 1.001529263000066], [118.0232864730001, 1.001578967000057], [118.02364291100002, 1.001680430000022], [118.02376745100003, 1.001720372000023], [118.0239121840001, 1.001771536000035], [118.02441286200008, 1.002070411000034], [118.024837391, 1.002428700000053], [118.02497910200009, 1.002578822000032], [118.02507867200006, 1.002702577000036], [118.02542077300006, 1.003268590000062], [118.02556679200006, 1.003549460000045], [118.02568080300011, 1.003665221000063], [118.0259377110001, 1.00392623700003], [118.02605905500002, 1.004043982000042], [118.0260010400001, 1.003898122000066], [118.02597308500003, 1.003758736000066], [118.02594056400005, 1.003636454000059], [118.02593154100009, 1.003518862000021], [118.02593151000008, 1.003419357000041], [118.02594944900011, 1.003310802000044], [118.02597637200006, 1.003193198000019], [118.02600313800008, 1.00256902700005], [118.02602105500011, 1.002388105000023], [118.026012035, 1.002279558000055], [118.02600299700009, 1.002116736000062], [118.02597600600006, 1.002017240000043], [118.02594001500006, 1.001872518000027], [118.02587698400009, 1.001474522000024], [118.02587695600005, 1.001384064000035], [118.02589489900004, 1.001284554000051], [118.02592182800004, 1.001185041000042], [118.0259487510001, 1.001067437000074], [118.02594872300006, 1.000976979000029], [118.02593072400009, 1.000895572000047], [118.02592169500008, 1.000759888000061], [118.02588569500006, 1.000588028000038], [118.02589466200004, 1.000524705000032], [118.02593956800001, 1.000434232000032], [118.025993459, 1.000343757000053], [118.02601140200011, 1.000244247000069], [118.02601136800001, 1.000135697000076], [118.02598434900005, 0.999945743000069], [118.0259573190001, 0.999719606000042], [118.02585794400011, 0.998037114000056], [118.0258669110001, 0.99797379000006], [118.0258938290001, 0.997838094000031]]], [[[118.02330393900002, 1.005966127000022], [118.02348211800006, 1.005886108000027], [118.0236313370001, 1.005884980000076], [118.02389542700007, 1.005903267000065], [118.02405109100005, 1.005916184000057], [118.02420137900003, 1.00590100900007], [118.02438386200004, 1.005854486000032], [118.02448045300002, 1.005774492000057], [118.02454827000008, 1.005690297000058], [118.02464755900007, 1.005647693000071], [118.024713184, 1.005644800000027], [118.02480306200005, 1.00564620800003], [118.02489050000008, 1.005658741000047], [118.02497998400008, 1.005705029000069], [118.02512267700001, 1.005801198000029], [118.02519873200004, 1.005849855000065], [118.02529421500003, 1.005852886000071], [118.0254079770001, 1.005793650000044], [118.02548310400005, 1.005732033000072], [118.0255432140001, 1.005710402000034], [118.02565807100007, 1.005682271000069], [118.02581540200003, 1.005726080000045], [118.02589628500004, 1.005735100000038], [118.02599513000007, 1.005707931000074], [118.02612091000003, 1.005599342000039], [118.02623771100002, 1.005517892000057], [118.02641371700008, 1.005331923000028], [118.02633098700005, 1.005111511000052], [118.02630198300005, 1.005048846000022], [118.02628369600006, 1.004928907000021], [118.02627827700007, 1.004765741000028], [118.02628360500012, 1.004639312000052], [118.02628894500003, 1.00454962200007], [118.02628999500007, 1.004472900000053], [118.02625239500003, 1.004387546000032], [118.02613209600008, 1.004180112000029], [118.02605091500004, 1.004080707000071], [118.0257852420001, 1.003829033000045], [118.02553380000006, 1.003579345000048], [118.02544638200004, 1.003411184000072], [118.02537820600003, 1.003271581000035], [118.025278318, 1.003107364000073], [118.02503880400002, 1.002722752000068], [118.02495503400007, 1.002606076000063], [118.02479395900002, 1.002452684000048], [118.02438806400005, 1.002111348000028], [118.02416580200008, 1.001966620000076], [118.02388663600004, 1.001798137000037], [118.02374921100011, 1.001749554000071], [118.02364925100005, 1.001714724000067], [118.023344457, 1.001624333000052], [118.02329185000008, 1.00160922200007], [118.02328219800006, 1.001640562000034], [118.0232620590001, 1.002099507000025], [118.02324411300003, 1.002189971000064], [118.02321719300005, 1.002316621000034], [118.02319026100008, 1.002407088000041], [118.02316334000011, 1.002533738000068], [118.0231274350001, 1.002669437000065], [118.02306458200007, 1.002841328000045], [118.02305562100003, 1.002922743000056], [118.0231005930001, 1.003049371000031], [118.02312756700007, 1.003094591000036], [118.02318150700012, 1.003157895000072], [118.02328938700009, 1.003284503000032], [118.02333434500008, 1.003365901000052], [118.02337031400009, 1.003438257000028], [118.02338831300005, 1.00351966300002], [118.02337934900004, 1.003592033000075], [118.02338838600008, 1.003754855000068], [118.02337043800003, 1.003836273000047], [118.0233524900001, 1.003917691000026], [118.02336151000009, 1.004026239000041], [118.02338855500011, 1.004297605000033], [118.0234155490001, 1.004406147000054], [118.02339760600012, 1.004505656000049], [118.02336168800002, 1.004596126000024], [118.02333475900002, 1.004695639000033], [118.02324497900008, 1.004976088000035], [118.02321807800001, 1.005166059000032], [118.0231462160001, 1.005265586000064], [118.02310130500007, 1.00533796700006], [118.02302943100005, 1.005401310000025], [118.02295755700004, 1.005464654000036], [118.02292162800006, 1.005518940000059], [118.02290367700004, 1.005591312000035], [118.0228857510001, 1.005745097000045], [118.02286376000006, 1.005845241000031], [118.02284767700007, 1.005907920000027], [118.0228369570001, 1.005957630000069], [118.02295934900008, 1.005993250000074], [118.02302269300003, 1.006012681000072], [118.02315543300006, 1.006007341000043], [118.02330393900002, 1.005966127000022]]]]}},
{"type": "Feature", "properties": {"ba_code": "4520", "blockid": "4520G10P08", "division": "06"}, "geometry": {"type": "MultiPolygon", "coordinates": [[[[118.035948071, 0.978407977000074], [118.0343197740001, 0.980018308000069], [118.03427976400008, 0.980268501000069], [118.034297949, 0.980955976000075], [118.03432502800001, 0.981344937000074], [118.0343431230001, 0.981742947000043], [118.03436130500006, 0.982421377000037], [118.03432554500012, 0.983027457000048], [118.03434373000005, 0.983714932000055], [118.03434593600002, 0.983994830000029], [118.034288822, 0.984300290000022], [118.03426315400009, 0.984700950000047], [118.03425435500003, 0.98530702100004], [118.03427263200001, 0.986293008000075], [118.03431610700011, 0.987277372000051], [118.03548457800002, 0.987235424000062], [118.03704081100011, 0.98728717900002], [118.03710342800002, 0.986355442000047], [118.03709412800004, 0.985342316000072], [118.03706665400011, 0.983677898000053], [118.03706646400008, 0.983062784000026], [118.03702106500009, 0.981552150000027], [118.0369847180001, 0.980249567000044], [118.03696654500004, 0.979598275000058], [118.0370293840001, 0.979381157000034], [118.0370291810001, 0.978720814000042], [118.03701621300002, 0.978360122000026], [118.035948071, 0.978407977000074]]]]}},
{"type": "Feature", "properties": {"ba_code": "4520", "blockid": "4520G09P07", "division": "01"}, "geometry": {"type": "MultiPolygon", "coordinates": [[[[118.03248459200006, 0.987243377000027], [118.03270904500005, 0.986555825000039], [118.03331049700012, 0.984447964000026], [118.03340920000005, 0.983959460000051], [118.0335707800001, 0.983380478000072], [118.033633656, 0.983280955000055], [118.03375043100004, 0.983118094000019], [118.03391184200007, 0.981987318000051], [118.03405514400004, 0.980413303000034], [118.03416267800003, 0.979418231000068], [118.03418607300011, 0.978416588000073], [118.03364116800003, 0.978477629000054], [118.03349315500009, 0.978449498000032], [118.0329132170001, 0.978351214000043], [118.0321612780001, 0.97794132000007], [118.03189418900001, 0.977868747000059], [118.03150440800005, 0.97783980600002], [118.0314611020001, 0.977847085000064], [118.03144682700008, 0.978373844000032], [118.03142901600006, 0.97914036800006], [118.03145129000006, 0.981592076000027], [118.03148578800005, 0.983046432000037], [118.031531502, 0.985588291000056], [118.03150497100012, 0.986981354000022], [118.03151405800008, 0.987307001000033], [118.03208019200008, 0.987234457000056], [118.03220600400005, 0.987234418000071], [118.03248459200006, 0.987243377000027]]]]}},
{"type": "Feature", "properties": {"ba_code": "4520", "blockid": "4520J20P10", "division": "03"}, "geometry": {"type": "MultiPolygon", "coordinates": [[[[118.06195954800012, 0.955356901000073], [118.06189625500008, 0.959089342000027], [118.0618867070001, 0.960065850000035], [118.06439322100005, 0.960065065000038], [118.06439754400003, 0.958117014000038], [118.0643820570001, 0.955802160000076], [118.064377035, 0.955799388000059], [118.06435905100011, 0.955763211000033], [118.06428715100003, 0.955736096000066], [118.0642422190001, 0.955736110000032], [118.06410739700004, 0.955654741000046], [118.064017497, 0.955537175000075], [118.06396355000004, 0.95544673400002], [118.06388264500004, 0.955356302000041], [118.0636759350001, 0.955284001000052], [118.06351417600001, 0.955275006000022], [118.06332545300006, 0.955247927000073], [118.06312774800006, 0.95523894300004], [118.0628941120001, 0.955275199000027], [118.06256162300008, 0.955302439000036], [118.06227738400003, 0.955283339000061], [118.06208535000007, 0.95532972500007], [118.06195954800012, 0.955356901000073]]]]}},
{"type": "Feature", "properties": {"ba_code": "4520", "blockid": "4520E31P07", "division": "04"}, "geometry": {"type": "MultiPolygon", "coordinates": [[[[118.09538543200006, 1.00009503900003], [118.09528080200005, 0.999791431000062], [118.09502945500003, 0.999891453000032], [118.0947653070001, 0.999914335000028], [118.09454260900009, 0.99983157600002], [118.09437883200007, 0.999742597000022], [118.09416306100002, 0.99945321000007], [118.09400112800006, 0.998919572000034], [118.09397712300006, 0.998675868000021], [118.09402794700009, 0.998494419000053], [118.09425235700007, 0.997734511000033], [118.09420924100004, 0.997438929000054], [118.09409045500001, 0.997291329000063], [118.0938329390001, 0.997109776000059], [118.09373093400006, 0.997101491000024], [118.09357397400004, 0.997137303000045], [118.09328166800003, 0.997273509000024], [118.09277850500007, 0.997508863000064], [118.0924550100001, 0.997563245000038], [118.092275287, 0.997581396000044], [118.09229329900006, 0.997698984000067], [118.09226640200006, 0.99788895100005], [118.09240140800011, 0.998522100000059], [118.0923835420001, 0.998847749000049], [118.09242871100003, 0.999562339000022], [118.09250973200005, 0.999996502000045], [118.09259093700007, 1.000982448000059], [118.09255513800008, 1.001425696000069], [118.09267212600002, 1.001923167000029], [118.09268118200009, 1.002131213000041], [118.0927083900001, 1.002881991000038], [118.09273547600003, 1.003261899000051], [118.09261892200004, 1.004076045000033], [118.09245741400002, 1.004826886000046], [118.09242626600007, 1.005028305000053], [118.09253659300009, 1.005098392000036], [118.09267594100004, 1.005150938000043], [118.09285592300012, 1.005191783000043], [118.09314622600004, 1.005285184000059], [118.09422610600006, 1.005489348000026], [118.09450478500003, 1.005541846000028], [118.09483571800001, 1.005611859000055], [118.0953350210001, 1.005716876000065], [118.09557886300001, 1.005757699000071], [118.0955758340001, 1.005169569000032], [118.09560273700004, 1.004997693000064], [118.095503656, 1.004310259000022], [118.09549454000012, 1.003921300000059], [118.09552140400001, 1.003631831000064], [118.09558413400009, 1.003107164000028], [118.09564691900005, 1.002745318000052], [118.09561842900007, 1.002537834000066], [118.095484811, 1.002257384000075], [118.09546733600007, 1.002082080000037], [118.09540385800005, 1.001460922000035], [118.0953406650001, 1.000592563000055], [118.09543041200004, 1.000239754000063], [118.09538543200006, 1.00009503900003]]], [[[118.09450105600001, 0.99690144300007], [118.0936665370001, 0.996885820000045], [118.09311978700009, 0.996893646000046], [118.09240986600003, 0.996921020000059], [118.09226544900002, 0.996921814000075], [118.09229316100004, 0.997282885000061], [118.09228424300011, 0.997490937000066], [118.09227742000007, 0.997559848000037], [118.0926257320001, 0.997499869000023], [118.09272457700001, 0.997481744000027], [118.09285036900008, 0.997427429000027], [118.09360511200009, 0.99706535100006], [118.09375786700002, 0.997020072000055], [118.09390167100003, 0.997083343000043], [118.09418930900006, 0.997300342000074], [118.09426124200002, 0.997426957000073], [118.0942972360001, 0.997571675000074], [118.09429731400007, 0.997806861000072], [118.0940369970001, 0.99868437400005], [118.09404601900007, 0.998792918000049], [118.09418101000006, 0.999380839000025], [118.09431587300003, 0.999579797000024], [118.09455857300009, 0.999778720000052], [118.09486413700006, 0.999850982000055], [118.09503487300003, 0.999832834000074], [118.09524014800002, 0.999698708000039], [118.09526176000008, 0.99875647500005], [118.09526067800005, 0.998723480000024], [118.09526068500008, 0.998723095000059], [118.09450105600001, 0.99690144300007]]]]}},
{"type": "Feature", "properties": {"ba_code": "4520", "blockid": "4520J07P09", "division": "02"}, "geometry": {"type": "MultiPolygon", "coordinates": [[[[118.02606244600008, 0.960120343000028], [118.02641907600002, 0.960104628000067], [118.02685064800005, 0.960078483000075], [118.02724088000002, 0.960083568000073], [118.02753290900012, 0.960088683000038], [118.02773095400005, 0.960062161000053], [118.0280575060001, 0.960031294000032], [118.02830559600011, 0.960018212000023], [118.02847099300004, 0.960020763000045], [118.02841110600002, 0.958522401000039], [118.02836848000004, 0.958325170000023], [118.02825161700002, 0.958198564000043], [118.02804493200006, 0.958216718000074], [118.02768547300002, 0.95822587300006], [118.027535768, 0.958020074000046], [118.0270653020001, 0.957891364000034], [118.026930493, 0.957855222000035], [118.02691249300005, 0.95776476900005], [118.02691244500011, 0.957601944000032], [118.02682255500008, 0.957520559000045], [118.02665180000008, 0.957484427000054], [118.02645409600007, 0.957484486000055], [118.02631930400003, 0.957502619000024], [118.02609463500005, 0.957484595000039], [118.025932871, 0.957466552000028], [118.02594190600007, 0.957629374000021], [118.02599601100007, 0.958253520000028], [118.02601407300006, 0.958552027000053], [118.02606814100011, 0.959049531000062], [118.02603230000011, 0.959402329000056], [118.0260594450001, 0.960026483000036], [118.02606244600008, 0.960120343000028]]]]}},
{"type": "Feature", "properties": {"ba_code": "4520", "blockid": "4520I18P13", "division": "03"}, "geometry": {"type": "MultiPolygon", "coordinates": [[[[118.07341709600007, 0.96750223500004], [118.0734120510001, 0.967537866000043], [118.07344801300007, 0.967592128000035], [118.07344801600004, 0.967601174000038], [118.07334918000004, 0.967646434000073], [118.07334918300012, 0.967655480000076], [118.07336718700003, 0.967754976000037], [118.07335821200002, 0.967791162000026], [118.07342112800006, 0.96782732500003], [118.07346608600005, 0.967908722000061], [118.07349305900004, 0.967953942000065], [118.07348413600005, 0.968152950000047], [118.07350213400002, 0.96823435500005], [118.07345721600007, 0.968279598000038], [118.07343927700003, 0.968388152000045], [118.07338536400005, 0.968406260000052], [118.07343931700007, 0.968514791000075], [118.07344830900001, 0.968532880000055], [118.07346628800008, 0.968550966000066], [118.07351123400008, 0.96859618000002], [118.07354720800004, 0.968686625000032], [118.07357421100005, 0.968822302000035], [118.07358321400011, 0.968876573000045], [118.07359220600006, 0.968894662000025], [118.07359221800004, 0.968930844000056], [118.07354729400004, 0.968957996000029], [118.07344845700004, 0.969003256000065], [118.07344846, 0.969012302000067], [118.0735203800001, 0.969102735000035], [118.07454543200004, 0.96908521000006], [118.07454497900005, 0.969084965000036], [118.07454462900012, 0.969075351000072], [118.0746192040001, 0.969013373000053], [118.07455369700006, 0.968713440000045], [118.07457122800008, 0.967311353000071], [118.07346595700005, 0.967501664000054], [118.07341709600007, 0.96750223500004]]]]}},
{"type": "Feature", "properties": {"ba_code": "4520", "blockid": "4520I06P07", "division": "02"}, "geometry": {"type": "MultiPolygon", "coordinates": [[[[118.02337628100008, 0.969185675000062], [118.02471231400011, 0.96918275400003], [118.0262655890001, 0.969121952000023], [118.02624199200011, 0.96784202300006], [118.026214578, 0.966331378000064], [118.02614213200002, 0.964486051000051], [118.02606965500001, 0.962532174000046], [118.0260242710001, 0.961021535000043], [118.02605121500005, 0.960967252000046], [118.02601503900007, 0.960198367000032], [118.02597908000007, 0.960153149000064], [118.02582630300003, 0.960135103000027], [118.02538595900012, 0.960126191000029], [118.02514332800001, 0.960144355000068], [118.02480184100011, 0.960153504000061], [118.02422672300008, 0.960226044000024], [118.023408947, 0.960226291000026], [118.02339103300005, 0.960425305000058], [118.02342712400002, 0.960913769000058], [118.02340043900006, 0.961836452000057], [118.02338296800008, 0.963518983000029], [118.0233567460001, 0.965988504000052], [118.02333915200006, 0.967254927000056], [118.02333507300011, 0.967325397000025], [118.02333039300004, 0.968014780000033], [118.02337628100008, 0.969185675000062]]]]}},
{"type": "Feature", "properties": {"ba_code": "4520", "blockid": "4520I43bP10", "division": "05"}, "geometry": {"type": "MultiPolygon", "coordinates": [[[[118.12362821300007, 0.970888105000029], [118.12420866500008, 0.970421436000038], [118.12529324700006, 0.969573912000044], [118.12547605500004, 0.969348656000022], [118.12553284900002, 0.969277147000071], [118.1261205510001, 0.969260865000024], [118.1261950490001, 0.969032071000072], [118.12726192000002, 0.968323960000021], [118.1273347, 0.968268531000035], [118.12742523300005, 0.968209521000063], [118.12774477200003, 0.968028901000025], [118.12779091400012, 0.967959182000072], [118.12836959000003, 0.967497876000039], [118.12880980600005, 0.967133129000047], [118.12895206600001, 0.966793289000066], [118.12878081100007, 0.96667500600006], [118.12858790400003, 0.966515788000038], [118.12787784600005, 0.966081840000072], [118.12686209200001, 0.965150490000042], [118.12653851200002, 0.964924459000031], [118.12599924300002, 0.964644228000054], [118.12572064800008, 0.964581002000045], [118.12536119800006, 0.964581122000027], [118.12510061400008, 0.964635481000073], [118.12488500900008, 0.964834555000039], [118.12482213700002, 0.964934077000066], [118.12482214900001, 0.96497025900004], [118.1248516710001, 0.965100072000041], [118.12489412700006, 0.965392941000061], [118.12493183100003, 0.965649530000064], [118.1250093000001, 0.965870241000061], [118.12507067100012, 0.966105869000046], [118.12505810300001, 0.966182444000026], [118.12490051400005, 0.966580794000038], [118.12485477100006, 0.966672085000027], [118.12468485300008, 0.967127727000047], [118.12462923500004, 0.967292170000064], [118.1245441420001, 0.967476616000056], [118.12456833700003, 0.967527461000032], [118.12471325100012, 0.967860628000039], [118.12490758400008, 0.968246036000039], [118.12494907700011, 0.968359136000061], [118.12499389400011, 0.968642480000028], [118.12492663800003, 0.968739043000028], [118.1248680970001, 0.968823094000072], [118.12465093000003, 0.969024006000041], [118.12444356200001, 0.96910556000006], [118.12438798900007, 0.969171758000073], [118.12437309300003, 0.969298503000061], [118.12432785100009, 0.969603176000021], [118.1243178090001, 0.969670803000042], [118.12426222400006, 0.96973600900003], [118.12392065400002, 0.969989938000026], [118.12377883700003, 0.97022370600007], [118.1237309060001, 0.970357866000029], [118.12357439800007, 0.970773830000041], [118.12351283300006, 0.970981081000048], [118.12362821300007, 0.970888105000029]]]]}},
{"type": "Feature", "properties": {"ba_code": "4520", "blockid": "4520J38P11", "division": "05"}, "geometry": {"type": "MultiPolygon", "coordinates": [[[[118.11159041300004, 0.95156980400003], [118.1117336640001, 0.951180089000047], [118.11173366100002, 0.951171043000045], [118.11176954300004, 0.95097202900007], [118.1118773720001, 0.950953903000027], [118.11191331400005, 0.950944845000038], [118.11206609200008, 0.950980978000075], [118.11206609500005, 0.950990024000021], [118.11218292300009, 0.95100807700004], [118.11224583500007, 0.951035193000052], [118.11236272300005, 0.951243203000047], [118.11238069900003, 0.951252243000056], [118.11247059900006, 0.951369807000049], [118.11248857800001, 0.951387892000071], [118.11246172000006, 0.951704496000048], [118.11246172300002, 0.951713541000061], [118.11251573400011, 0.952002982000067], [118.11251573600009, 0.95201202800007], [118.11265061800009, 0.952283351000062], [118.11265793200005, 0.952283348000037], [118.1126596040001, 0.952283348000037], [118.11280608700008, 0.952390512000022], [118.11285734800003, 0.952428013000031], [118.11286633500004, 0.952428010000062], [118.11336054500009, 0.952319302000035], [118.11343243500005, 0.952319279000051], [118.11352230600005, 0.952346387000034], [118.11355825400005, 0.95235542000006], [118.11358521900002, 0.952373503000047], [118.11371107600007, 0.952527237000027], [118.1137111050001, 0.952617692000047], [118.11369316500009, 0.952717199000062], [118.11370219700007, 0.952861925000036], [118.11372916500011, 0.952889053000035], [118.11379085300007, 0.952872097000068], [118.11392684500004, 0.952834716000041], [118.11404364700002, 0.952771359000053], [118.11409618700009, 0.952746300000058], [118.11424428900011, 0.952635324000028], [118.11431831300001, 0.952497096000059], [118.1143634020001, 0.952262497000049], [118.11437420100003, 0.95213701900002], [118.11444998500008, 0.951853312000026], [118.11447162400009, 0.951729648000025], [118.11449867800002, 0.951591435000068], [118.11451671500004, 0.951502324000046], [118.11442999100007, 0.951473256000043], [118.11428003700007, 0.951442391000057], [118.1141535700001, 0.95141697300005], [118.11407407600007, 0.951398814000072], [118.11398192900003, 0.951362475000053], [118.11372716100004, 0.951224353000043], [118.11363681800003, 0.951178920000075], [118.11347421700009, 0.95114624100006], [118.11329355100008, 0.951111748000073], [118.1132058390001, 0.951110730000039], [118.11317070200005, 0.951102696000021], [118.11304060500004, 0.951024543000074], [118.11298270100008, 0.951007817000061], [118.112926775, 0.95097366300007], [118.11282092200008, 0.950926460000062], [118.11258889700002, 0.950811928000064], [118.11250397200001, 0.95075921900002], [118.11190593600008, 0.950555744000042], [118.11172171100009, 0.950692189000051], [118.1116819770001, 0.950724935000039], [118.11160793900001, 0.950821338000026], [118.11149958700003, 0.950950485000021], [118.11138401000005, 0.951085090000049], [118.1112558000001, 0.95125970600003], [118.11115286900008, 0.951394307000044], [118.11112578400002, 0.951434322000068], [118.11105358400005, 0.951628923000044], [118.11105178200012, 0.951643472000057], [118.1110618670001, 0.951673750000054], [118.111080936, 0.951824523000028], [118.11112599, 0.952079883000067], [118.11119107800005, 0.952241706000052], [118.11122000500006, 0.952310799000031], [118.1112453180001, 0.952376256000036], [118.11129778200007, 0.952607186000023], [118.11134478800011, 0.952718098000048], [118.11138368000002, 0.952681768000048], [118.11146451900004, 0.952564149000068], [118.11146451600007, 0.952555103000066], [118.11155409800006, 0.951677653000047], [118.11155409500009, 0.951668608000034], [118.11159041300004, 0.95156980400003]]]]}},
{"type": "Feature", "properties": {"ba_code": "4520", "blockid": "4520I35P10", "division": "05"}, "geometry": {"type": "MultiPolygon", "coordinates": [[[[118.10541676900004, 0.964723108000044], [118.10529400100006, 0.964566682000054], [118.10529259300006, 0.964564267000071], [118.10529107400009, 0.964562225000066], [118.1051919900001, 0.964379514000029], [118.10510585500003, 0.964233053000044], [118.10510515100009, 0.964231636000022], [118.10510486900012, 0.964231246000054], [118.10502156600012, 0.964065915000049], [118.10502131300007, 0.964064849000067], [118.10502056300004, 0.96406372000007], [118.10501871500003, 0.964057490000073], [118.10500678800008, 0.963994146000061], [118.105006752, 0.963993757000026], [118.105006666, 0.963993456000026], [118.10499739200009, 0.963937456000053], [118.10498003900011, 0.963864197000021], [118.1049890160001, 0.963837057000035], [118.105000173, 0.963818326000023], [118.10501790900003, 0.963777228000026], [118.1050180420001, 0.963777031000063], [118.10501958600003, 0.963773895000031], [118.10508024600006, 0.963669173000028], [118.10508411300009, 0.963664120000033], [118.10508468100011, 0.963663243000042], [118.1051291980001, 0.963616365000064], [118.10512373800009, 0.96361087300005], [118.10517514100002, 0.963567727000054], [118.1052558240001, 0.963458012000046], [118.10525885600009, 0.963454469000055], [118.10525952900002, 0.963454016000071], [118.105259939, 0.963453429000026], [118.10539641900004, 0.963328457000046], [118.10539672700008, 0.963328260000026], [118.10539826600007, 0.963326892000055], [118.10553443800006, 0.963220210000031], [118.10555495100004, 0.963203681000039], [118.10555905400008, 0.963200925000024], [118.10558014500009, 0.963184401000035], [118.10542011500002, 0.963077086000055], [118.10534822200009, 0.963068064000026], [118.10522241000001, 0.963059060000035], [118.10502472300004, 0.96309530700006], [118.10498877700002, 0.963095318000057], [118.10481803100004, 0.963077283000075], [118.10475512700009, 0.963077303000034], [118.10461137800007, 0.963176852000061], [118.10444067800006, 0.96330354600002], [118.10430590100009, 0.963357863000056], [118.1041531620001, 0.963448369000048], [118.10400943900004, 0.963629328000025], [118.10379379400001, 0.96371080900002], [118.10377583000002, 0.963737951000041], [118.10376686100005, 0.963792228000045], [118.10381182200001, 0.963882669000043], [118.10384779300011, 0.963964068000053], [118.10387481600003, 0.964163062000068], [118.10388386700004, 0.964362063000067], [118.10380259300007, 0.964551031000042], [118.10375606900004, 0.964706113000034], [118.10381213100004, 0.964841503000059], [118.10385708800004, 0.964922898000054], [118.10395320900011, 0.965008971000032], [118.10398294100003, 0.965058541000076], [118.10428280600001, 0.96500525700003], [118.10468377000007, 0.964732671000036], [118.10469275600008, 0.964732668000067], [118.10486349400003, 0.964723566000032], [118.10487247700007, 0.964714518000051], [118.1056634580001, 0.965284132000022], [118.10566985700007, 0.965245406000065], [118.10566870700006, 0.96523387000002], [118.10553480200008, 0.964927803000023], [118.10541676900004, 0.964723108000044]]], [[[118.10595960400008, 0.96203534600005], [118.1060059670001, 0.962031142000058], [118.10630046000006, 0.962099875000035], [118.10648016300001, 0.962027452000029], [118.10650867700008, 0.962018865000061], [118.1067072830001, 0.961747763000062], [118.10702614500008, 0.961510590000046], [118.10695728300004, 0.961437571000033], [118.10676398400005, 0.960995392000029], [118.10672989200009, 0.960536857000022], [118.10657466700002, 0.960568891000037], [118.1064497650001, 0.960714664000022], [118.10640397200007, 0.961208291000048], [118.10634047200006, 0.961529083000073], [118.1061532550001, 0.961767655000074], [118.105459429, 0.961520495000059], [118.1050137950001, 0.961218375000044], [118.10488908700006, 0.960997611000039], [118.10474795900006, 0.960861323000074], [118.1046117630001, 0.961111007000056], [118.10457875800012, 0.961173811000037], [118.10452473500004, 0.96122822600006], [118.10435309800005, 0.961406789000023], [118.10449402900008, 0.961539637000044], [118.10457491700004, 0.961575793000065], [118.10521303900009, 0.961865044000035], [118.10541978600008, 0.962054934000037], [118.10568178300002, 0.962223868000024], [118.10577043600006, 0.962792403000037], [118.10580534300004, 0.962855214000058], [118.10589107100009, 0.96259801900004], [118.10603929500007, 0.962438988000031], [118.10596347900002, 0.962159074000056], [118.1059589890001, 0.962127123000073], [118.10595604900004, 0.962126138000031], [118.10595603500008, 0.962082258000066], [118.10595960400008, 0.96203534600005]]]]}},
{"type": "Feature", "properties": {"ba_code": "4520", "blockid": "4520H27P10", "division": "04"}, "geometry": {"type": "MultiPolygon", "coordinates": [[[[118.08301906200006, 0.969208238000022], [118.082740478, 0.969190237000021], [118.08259671500002, 0.969253603000027], [118.08252499100001, 0.969778274000021], [118.08249804900004, 0.969832557000075], [118.082039871, 0.970239759000037], [118.08192308200012, 0.970348345000048], [118.08156376400007, 0.970782652000025], [118.08122237700002, 0.971090315000026], [118.08120441000005, 0.971108412000035], [118.08126742700006, 0.971461173000023], [118.08127644500007, 0.971560672000066], [118.0811237910001, 0.971922548000066], [118.08106994800005, 0.972157753000033], [118.08101606100001, 0.972257272000036], [118.08102506700004, 0.972320589000049], [118.0809801900001, 0.972492471000066], [118.0809443070001, 0.972691488000066], [118.08092641500002, 0.972944772000062], [118.08103443700008, 0.973523660000069], [118.0811603730001, 0.973921629000074], [118.08111563200009, 0.974518657000033], [118.08117865800011, 0.974898555000038], [118.0811519990001, 0.975839313000051], [118.08113505300003, 0.976337526000066], [118.0811882590001, 0.976825279000025], [118.0811895600001, 0.977080450000074], [118.08119764500009, 0.978073578000021], [118.08123839000007, 0.978222828000071], [118.08125401000007, 0.978344374000073], [118.08125620500005, 0.978344684000035], [118.08125165600006, 0.978363021000064], [118.08111389300007, 0.979214382000066], [118.08113706200004, 0.979523049000022], [118.08111432900012, 0.979556771000034], [118.08138863700003, 0.979579691000026], [118.08150539200005, 0.979588693000039], [118.08150883300004, 0.979589520000047], [118.08151118300009, 0.979589927000063], [118.0817889430001, 0.979689035000035], [118.08192245200007, 0.979724825000062], [118.08228150500008, 0.979806022000048], [118.08228253700008, 0.979806351000036], [118.08228302900011, 0.97980642400006], [118.08255186400004, 0.979887511000072], [118.08263018000002, 0.979905002000066], [118.08309567300012, 0.979931882000074], [118.0830960080001, 0.979931959000055], [118.08309750800004, 0.979932065000071], [118.08367110900008, 0.980013068000062], [118.0837406930001, 0.980013046000067], [118.08374399800005, 0.979980161000071], [118.0838848620001, 0.978922997000041], [118.08385943700011, 0.97837236700002], [118.08386226200003, 0.978371714000048], [118.08387338400007, 0.978263154000047], [118.08388465000007, 0.978262664000056], [118.083848579, 0.977873712000076], [118.08391137400008, 0.977529957000058], [118.08391130400003, 0.97731286100003], [118.0838662650001, 0.976978186000053], [118.0838480540001, 0.976236448000066], [118.0838814120001, 0.975714061000076], [118.08386934300006, 0.975500648000036], [118.08401813100011, 0.974155892000056], [118.08396393200007, 0.973278480000033], [118.08392782500005, 0.972771935000026], [118.08391824700004, 0.970917578000069], [118.08386416400003, 0.970401993000053], [118.08382810100011, 0.97003113300002], [118.08379212300008, 0.969931642000063], [118.08368423200011, 0.969759809000038], [118.0837291470001, 0.969705521000037], [118.083881861, 0.969533604000048], [118.08327968800006, 0.969271474000038], [118.08301906200006, 0.969208238000022]]]]}},
{"type": "Feature", "properties": {"ba_code": "4520", "blockid": "4520I24P10", "division": "03"}, "geometry": {"type": "MultiPolygon", "coordinates": [[[[118.075218758, 0.967949822000037], [118.075352457, 0.967849491000038], [118.07541913800003, 0.96788557900004], [118.07547161800005, 0.967917924000062], [118.07555800300008, 0.967877594000072], [118.07556008300003, 0.967790626000067], [118.0755569270001, 0.967226826000058], [118.07543064900005, 0.966845897000042], [118.07543378000003, 0.96677287600005], [118.07543976400007, 0.966433062000021], [118.07554034000009, 0.965317373000062], [118.07554365900012, 0.965153721000036], [118.075515117, 0.964655295000057], [118.07548527600011, 0.964441356000066], [118.07553579500006, 0.964265285000067], [118.07556318000002, 0.964231821000055], [118.07556303700005, 0.963775852000026], [118.07556283200006, 0.963122046000024], [118.07544161300007, 0.96317719700005], [118.07539670100005, 0.963240531000054], [118.07520800300006, 0.963294865000023], [118.07510016900005, 0.963303945000064], [118.07498340000006, 0.963475850000066], [118.0749827950001, 0.963479102000065], [118.07496961600009, 0.963549977000071], [118.07495648600002, 0.963620590000062], [118.07475891800004, 0.964045800000065], [118.0746600870001, 0.964109151000059], [118.07457025400004, 0.964208682000049], [118.07466012700002, 0.964235791000021], [118.07468847200005, 0.964259918000039], [118.07477698100001, 0.964335256000027], [118.07484889800003, 0.964416645000028], [118.0749927060001, 0.964498010000057], [118.07476811100003, 0.96470613200006], [118.07481306000011, 0.964760392000073], [118.07515487400008, 0.965809583000066], [118.07521781900004, 0.965936202000023], [118.07484933600006, 0.965809680000064], [118.07447190300002, 0.965800755000032], [118.07439999700011, 0.96575554900005], [118.07423825300009, 0.965791783000043], [118.07345621500008, 0.965095514000041], [118.07331248600008, 0.965267428000061], [118.07311486700007, 0.965529815000025], [118.07288129100004, 0.965756032000058], [118.07292634200007, 0.966135937000047], [118.07288178200008, 0.967320936000021], [118.07342098200002, 0.967365993000044], [118.07346595700005, 0.967501664000054], [118.07457122800008, 0.967311353000071], [118.07455369700006, 0.968713440000045], [118.07463469200002, 0.969084287000044], [118.07465859600006, 0.969116632000066], [118.074940953, 0.969069877000038], [118.0751261370001, 0.968261660000053], [118.075218758, 0.967949822000037]]], [[[118.07384177000006, 0.962615307000021], [118.07391659600012, 0.962597409000068], [118.07412080300003, 0.962606282000024], [118.07412042600004, 0.962589647000073], [118.07432715900006, 0.962734312000066], [118.07457876400008, 0.962689004000026], [118.07471351800007, 0.962553276000051], [118.07485728900008, 0.962517048000052], [118.07508196100002, 0.962553159000038], [118.07526165500008, 0.962444554000058], [118.07571990000008, 0.962245404000043], [118.07576480400007, 0.962154932000033], [118.07573777400012, 0.96192879900002], [118.07558495900003, 0.961784116000047], [118.07552206000003, 0.961802228000067], [118.07547713100007, 0.961811288000035], [118.07547260000001, 0.96177982100005], [118.07541552000009, 0.961763242000075], [118.07531911, 0.961713481000061], [118.07523411300008, 0.96165860900004], [118.07521380000003, 0.961593503000074], [118.07518334500003, 0.961546275000046], [118.07515288900004, 0.961499046000029], [118.0750755040001, 0.961448002000054], [118.07494992500006, 0.961405911000043], [118.07476219700004, 0.961365115000035], [118.07447427400007, 0.96133584200004], [118.07444002600005, 0.961328193000043], [118.0743639100001, 0.961277148000022], [118.0742547960001, 0.961163556000031], [118.07424269, 0.961144858000068], [118.074212912, 0.961070369000026], [118.0741964120001, 0.961033350000037], [118.07419368, 0.960956754000051], [118.07420398600004, 0.960918443000025], [118.07424833800007, 0.960789481000063], [118.07426860700002, 0.960712872000045], [118.0742182250001, 0.960697698000047], [118.074245614, 0.960599556000034], [118.0743084820001, 0.960481942000058], [118.07431741700009, 0.96031911700004], [118.07418258200005, 0.960192520000021], [118.07402980100005, 0.960156385000062], [118.07384110400005, 0.960210719000031], [118.07385012700001, 0.960328310000023], [118.07387714000004, 0.960500170000046], [118.07379630700007, 0.960644927000033], [118.0739042030001, 0.960834852000062], [118.07395816100006, 0.960961474000044], [118.07392225000001, 0.961070034000045], [118.07383243100003, 0.961214794000057], [118.07359888300005, 0.961531467000043], [118.07349106800007, 0.961603866000075], [118.07329341500008, 0.961757706000071], [118.07318559500004, 0.961812014000031], [118.07305080700007, 0.961839194000049], [118.07281012100009, 0.961862716000041], [118.07281070300007, 0.963724925000065], [118.07281856600002, 0.963740414000029], [118.07292383600009, 0.963731444000075], [118.07332963500005, 0.963501507000046], [118.07348306000006, 0.963355913000044], [118.07370357000002, 0.962776216000066], [118.07384177000006, 0.962615307000021]]]]}},
{"type": "Feature", "properties": {"ba_code": "4520", "blockid": "4520I22P10", "division": "03"}, "geometry": {"type": "MultiPolygon", "coordinates": [[[[118.06736356400006, 0.968027165000024], [118.0679088820001, 0.968060148000063], [118.06828948100008, 0.968004768000071], [118.068694692, 0.967941210000049], [118.06936910700006, 0.967978638000034], [118.06996994500003, 0.967997936000074], [118.07001689200001, 0.967996852000056], [118.07001685300008, 0.967871599000034], [118.07003302200008, 0.967131882000047], [118.07008685800008, 0.966869540000062], [118.07005070900004, 0.966218261000051], [118.07004919400003, 0.965963326000065], [118.07000483800005, 0.963215103000039], [118.06995976000007, 0.962744741000051], [118.06995667800004, 0.962692046000029], [118.0696632580001, 0.962907657000073], [118.06919612200011, 0.963414364000073], [118.06861218100005, 0.963984427000071], [118.0685313570001, 0.964156321000075], [118.06846856400011, 0.96451816900003], [118.06842747900009, 0.964567638000062], [118.0673701710001, 0.96574313900004], [118.06737438100004, 0.967507731000069], [118.06736356400006, 0.968027165000024]]]]}},
{"type": "Feature", "properties": {"ba_code": "4520", "blockid": "4520H09P07", "division": "02"}, "geometry": {"type": "MultiPolygon", "coordinates": [[[[118.03138312600004, 0.969099991000064], [118.0313543740001, 0.969452220000051], [118.03132057700009, 0.971730172000036], [118.03138409500002, 0.973747369000023], [118.03143872200008, 0.97607212600002], [118.03146610700003, 0.977465172000052], [118.0314751840001, 0.977763681000056], [118.03193351400012, 0.977808769000035], [118.03218973900005, 0.977875832000052], [118.03292218100012, 0.978278845000034], [118.03347937700005, 0.978369130000033], [118.03364114300007, 0.978396217000068], [118.03418032400009, 0.978350821000049], [118.03418024900009, 0.978106584000045], [118.03416205500002, 0.977382926000075], [118.0342068110001, 0.976803980000057], [118.03420662000008, 0.976179820000027], [118.03425120500003, 0.975040035000063], [118.03424197800007, 0.974253052000051], [118.03421490200003, 0.973873137000055], [118.03414272600003, 0.972941441000046], [118.03415162400006, 0.97265197300004], [118.03416027000003, 0.971530291000022], [118.03411511200011, 0.97078854800003], [118.03428571600011, 0.970327160000068], [118.03430506100005, 0.969059152000057], [118.03232824400004, 0.969077915000071], [118.03138312600004, 0.969099991000064]]]]}},
{"type": "Feature", "properties": {"ba_code": "4520", "blockid": "4520H37P12", "division": "05"}, "geometry": {"type": "MultiPolygon", "coordinates": [[[[118.112379024, 0.97833401500003], [118.11239842500004, 0.978163453000036], [118.11239842500004, 0.978162815000076], [118.11239863300011, 0.978161626000031], [118.11243426700003, 0.977848354000059], [118.11243423700012, 0.977755752000064], [118.11244318400009, 0.977638157000058], [118.11245216800012, 0.977629108000031], [118.11247009600004, 0.977493419000041], [118.11247006300005, 0.977393918000075], [118.11247904000004, 0.977366778000032], [118.11248801200009, 0.977321547000031], [118.11249696200002, 0.977212997000038], [118.1125059310001, 0.977158721000023], [118.11250590100008, 0.977068265000071], [118.11253283000008, 0.976977800000043], [118.11254419600004, 0.976935519000051], [118.11257771400005, 0.976833056000032], [118.11257839000007, 0.976801482000042], [118.11259563100009, 0.976661185000069], [118.11259559200005, 0.976543592000041], [118.11264949200006, 0.976489301000072], [118.1128381960001, 0.976462101000038], [118.11289211100006, 0.976453038000045], [118.11299995000002, 0.976462047000041], [118.11300893700002, 0.976462044000073], [118.11309881200009, 0.976498197000069], [118.11321564000002, 0.976516249000042], [118.11317965900002, 0.976407714000061], [118.113125738, 0.976398686000039], [118.11305384100001, 0.976380619000054], [118.11304485200003, 0.976371577000066], [118.1130178630001, 0.976281130000075], [118.11299987600012, 0.976235908000035], [118.11294594600008, 0.976199744000041], [118.1129189720001, 0.976154525000027], [118.11289201600005, 0.976163579000058], [118.11284709600011, 0.976199777000033], [118.11281115100007, 0.97619978900002], [118.11272127600012, 0.976163636000024], [118.11263141500001, 0.97617271200005], [118.1126314390001, 0.976245076000055], [118.11260448900009, 0.976272222000034], [118.11258652200002, 0.976290319000043], [118.1124876780001, 0.97630844300005], [118.11238883200008, 0.976317522000045], [118.11236187000009, 0.976308485000061], [118.112272, 0.976290424000069], [118.11223605500004, 0.976290436000056], [118.11220909300005, 0.976281399000072], [118.11213719900002, 0.976272378000033], [118.11213717600003, 0.976200013000039], [118.11207426200008, 0.976172897000026], [118.11201135500005, 0.976163873000075], [118.11195743100006, 0.976145799000051], [118.1119304660001, 0.976127717000054], [118.11191249, 0.976118678000034], [118.11186756200004, 0.976127738000059], [118.1117956710001, 0.976127762000033], [118.111714806, 0.976163971000062], [118.11165189500002, 0.976145901000052], [118.11158899100008, 0.976145922000057], [118.11155305500006, 0.976173071000062], [118.11152609600003, 0.976173080000024], [118.11147217200005, 0.976155007000045], [118.1112834700001, 0.976191252000035], [118.11106779800002, 0.976191323000023], [118.11097789900009, 0.976082806000022], [118.1109329730001, 0.976100912000049], [118.11086109100006, 0.976128073000041], [118.11080718200003, 0.976155228000039], [118.11078020800005, 0.976110009000024], [118.11073526500002, 0.976073841000073], [118.11069931100008, 0.976046717000031], [118.11061843300001, 0.97604674400003], [118.11056452100001, 0.976064853000025], [118.11048367400008, 0.976155335000044], [118.11048368000002, 0.976173426000059], [118.11026106800011, 0.976230662000034], [118.11025903900008, 0.976227775000041], [118.11004334900008, 0.97617357300004], [118.1099894250001, 0.976155500000061], [118.10995346200002, 0.976101238000069], [118.10971977800011, 0.97598372300007], [118.10971977200006, 0.975965632000054], [118.1097286160001, 0.975531441000044], [118.1097465680001, 0.975468116000059], [118.10973757600004, 0.975450028000068], [118.10967454400009, 0.975061089000064], [118.10973743700004, 0.975024886000028], [118.10974640500001, 0.974970609000025], [118.10975536800004, 0.974898242000052], [118.10975534700003, 0.97483492300006], [118.10930599500011, 0.974726525000051], [118.10929700800011, 0.974726528000076], [118.10922509400007, 0.974654187000056], [118.10894596900005, 0.974582530000021], [118.10898299000007, 0.975168262000068], [118.10913058100004, 0.975998635000053], [118.10899065500007, 0.976080241000034], [118.10872553500008, 0.976243447000058], [118.1084751300001, 0.976354748000063], [118.10844571400003, 0.976503047000051], [118.10848257600003, 0.976599423000039], [118.10867411200002, 0.976666090000037], [118.10899089300005, 0.976806860000067], [118.10917507300007, 0.976903187000062], [118.10918250000009, 0.977088547000051], [118.10924883900009, 0.977229400000056], [118.10931590900009, 0.97755778800007], [118.10938787700002, 0.977792949000047], [118.10939686600011, 0.977801992000025], [118.1094597770001, 0.977820062000035], [118.10958555900004, 0.977738610000074], [118.10997646700002, 0.978329393000024], [118.11028216000011, 0.978329981000059], [118.11028898500001, 0.978318983000065], [118.11036145300011, 0.978318958000045], [118.11036336300003, 0.978318637000029], [118.11035623600003, 0.978330124000024], [118.11133767700005, 0.978332012000067], [118.11134053800004, 0.978325127000062], [118.11144984100008, 0.978332228000056], [118.112379024, 0.97833401500003]]]]}},
{"type": "Feature", "properties": {"ba_code": "4520", "blockid": "4520J06P09", "division": "02"}, "geometry": {"type": "MultiPolygon", "coordinates": [[[[118.02340861700009, 0.960117741000033], [118.0234058740001, 0.960150717000033], [118.02416136700003, 0.960141400000055], [118.02463091100003, 0.960113990000025], [118.02480548800008, 0.960116967000033], [118.0248867570001, 0.96011694300006], [118.02499923500011, 0.960108216000037], [118.02508910600011, 0.960126280000054], [118.02514302500003, 0.960126264000053], [118.02528105700003, 0.960107734000076], [118.0253984410001, 0.960095580000029], [118.02569119900011, 0.960108007000031], [118.02584391900007, 0.960116654000046], [118.02603354700011, 0.960122656000067], [118.02603050800008, 0.960022674000072], [118.0260122630001, 0.959401570000068], [118.02603236700008, 0.959031450000055], [118.02598190000003, 0.958516879000058], [118.02596978600002, 0.958268439000051], [118.02591542500011, 0.957656436000036], [118.02589710600012, 0.957475608000038], [118.02539382200007, 0.957349118000025], [118.02493549000008, 0.957285935000073], [118.02462092000007, 0.957150342000034], [118.02454003600008, 0.957132275000049], [118.02426139900001, 0.956951442000047], [118.0240546550001, 0.95677058800004], [118.02392880000002, 0.956625892000034], [118.02394673100002, 0.956481153000027], [118.02391975500007, 0.956426886000031], [118.0240634910001, 0.95626401800007], [118.0242880830001, 0.956019713000046], [118.02352419700003, 0.955920438000021], [118.02339837200009, 0.955875247000051], [118.02337144400008, 0.955983805000074], [118.0233535540001, 0.956264231000034], [118.02337158600005, 0.956463234000068], [118.02335365600004, 0.956607973000075], [118.02336269900002, 0.956797933000075], [118.02335377400004, 0.957005990000027], [118.02339876300005, 0.95719593900003], [118.02341679800008, 0.957403988000067], [118.02344378700002, 0.957503484000028], [118.02343481700007, 0.957557762000022], [118.02340788100003, 0.957639182000037], [118.023371988, 0.957820110000057], [118.02337201800003, 0.957919614000048], [118.02339001300004, 0.957991975000027], [118.02338105600006, 0.958091482000043], [118.02345297200009, 0.958172873000024], [118.02344401500011, 0.958272380000039], [118.02341709600012, 0.958408075000023], [118.02339917900008, 0.958598043000052], [118.02343518200007, 0.958787995000023], [118.02339294500007, 0.958932861000051], [118.02343533700002, 0.95931265400003], [118.02342644500004, 0.959629261000032], [118.023417547, 0.959927776000029], [118.02340861700009, 0.960117741000033]]]]}},
{"type": "Feature", "properties": {"ba_code": "4520", "blockid": "4520H03P08", "division": "02"}, "geometry": {"type": "MultiPolygon", "coordinates": [[[[118.01682266300008, 0.974017926000045], [118.01671811900007, 0.974222238000038], [118.01670914600004, 0.974267470000029], [118.015739144, 0.976113119000047], [118.01568522200012, 0.976104090000035], [118.01517291400012, 0.975869053000054], [118.01511899200011, 0.975860023000052], [118.01511918200003, 0.976493234000031], [118.01511918400001, 0.976502279000044], [118.01512847200001, 0.977506367000046], [118.0151194880001, 0.977515415000028], [118.01510157500002, 0.977714430000049], [118.0151015780001, 0.977723476000051], [118.01510160200007, 0.977804888000037], [118.01513182400004, 0.978215175000059], [118.01512870900001, 0.978293356000052], [118.01512273100002, 0.978319849000059], [118.01573849400006, 0.978292497000041], [118.01662047500008, 0.978247673000055], [118.01747048200002, 0.978220355000076], [118.01744541700009, 0.976452244000029], [118.01743065000005, 0.976294205000045], [118.01738343500006, 0.975244217000068], [118.01741038400007, 0.975208025000029], [118.01749111700008, 0.974719525000069], [118.01747308100005, 0.974511476000032], [118.01757176800004, 0.973959649000051], [118.01769732900004, 0.973118346000035], [118.0176793500001, 0.973100260000024], [118.0179933070001, 0.971182444000021], [118.01822645000004, 0.969481754000071], [118.01675265900008, 0.969518383000036], [118.01543164100008, 0.969564011000045], [118.01539583500005, 0.970034407000071], [118.01544128900002, 0.971780244000058], [118.01563002400007, 0.971834462000061], [118.01577198300004, 0.97188128800002], [118.01586043800012, 0.971897536000029], [118.0159403340001, 0.971912830000065], [118.01602783900012, 0.971929079000063], [118.016205237, 0.972069480000073], [118.01646590300004, 0.972250318000022], [118.0166815980001, 0.972304528000052], [118.01694223100003, 0.972376815000075], [118.0171669340001, 0.972503389000053], [118.0174635300001, 0.972629941000037], [118.01731982100011, 0.972883269000022], [118.01721204600005, 0.973100402000057], [118.01685283400002, 0.973941775000071], [118.01682266300008, 0.974017926000045]]]]}},
{"type": "Feature", "properties": {"ba_code": "4520", "blockid": "4520I17P13", "division": "03"}, "geometry": {"type": "MultiPolygon", "coordinates": [[[[118.05357085100002, 0.957394753000074], [118.05359548600006, 0.96011816400005], [118.05620968700009, 0.960134837000055], [118.0562183610001, 0.960128797000039], [118.05618199900005, 0.957367124000029], [118.05357085100002, 0.957394753000074]]]]}},
{"type": "Feature", "properties": {"ba_code": "4520", "blockid": "4520H06P07", "division": "02"}, "geometry": {"type": "MultiPolygon", "coordinates": [[[[118.0232474070001, 0.977825359000065], [118.02327058700007, 0.978299913000058], [118.02472641700001, 0.978299466000067], [118.02614630800008, 0.978326166000045], [118.02618206200009, 0.977692948000026], [118.026262244, 0.975395283000069], [118.02631500900009, 0.971577928000045], [118.02629668400004, 0.970411021000075], [118.02630532800003, 0.969271245000073], [118.02467004400012, 0.969299083000067], [118.02338419700004, 0.969291861000045], [118.0233615190001, 0.969337550000034], [118.02336910100007, 0.969398457000068], [118.02335778400004, 0.969493631000034], [118.02334012400001, 0.970493336000061], [118.023260348, 0.974156923000066], [118.0232787440001, 0.975559022000027], [118.02327923100006, 0.977169181000022], [118.0232474070001, 0.977825359000065]]]]}},
{"type": "Feature", "properties": {"ba_code": "4520", "blockid": "4520I37P11", "division": "05"}, "geometry": {"type": "MultiPolygon", "coordinates": [[[[118.10885518900011, 0.961136128000021], [118.10783932800007, 0.960814257000038], [118.10751482800003, 0.960376167000049], [118.10747220100006, 0.96053943000004], [118.10765446800008, 0.960835591000034], [118.10765212100011, 0.961054592000039], [118.10768707700004, 0.961155019000046], [118.10779895600001, 0.961679322000066], [118.10847294100006, 0.962254969000071], [118.10872824300009, 0.962487193000072], [118.10918763400002, 0.962816267000051], [118.10920637900006, 0.96282969400005], [118.10968686500007, 0.962972918000048], [118.11010672600003, 0.963016716000027], [118.11010996200002, 0.96313897400006], [118.1098414710001, 0.963347007000039], [118.10961688100008, 0.963555129000042], [118.109618511, 0.963556769000036], [118.10963485900004, 0.963573215000054], [118.10957203100008, 0.963808420000021], [118.10956304800004, 0.963817469000048], [118.10931151300008, 0.964070828000047], [118.10930253000004, 0.964079876000028], [118.10886224700005, 0.964224750000028], [118.1083318850001, 0.963700280000069], [118.10844520100011, 0.963608947000068], [118.10844866600007, 0.963573603000043], [118.10846652700002, 0.963229865000073], [118.10846652400005, 0.96322082000006], [118.1084752800001, 0.963212756000075], [118.10878095200007, 0.962931258000026], [118.10871799200004, 0.962759413000072], [118.10854720500004, 0.96261473900006], [118.10848428700001, 0.962569532000032], [118.10840335700004, 0.962406738000027], [118.10839435600008, 0.962361513000076], [118.10841230800008, 0.962298188000034], [118.10841404400003, 0.962293241000054], [118.10816825900008, 0.962094563000051], [118.10802568200006, 0.961933897000051], [118.108025741, 0.962117591000037], [118.1080460600001, 0.962249325000073], [118.10810681900011, 0.962439055000061], [118.10812747000011, 0.962614878000068], [118.10810245000005, 0.962846759000058], [118.10805801000004, 0.963037154000062], [118.10790361500005, 0.963258382000049], [118.10772314700012, 0.963514945000043], [118.10772778000012, 0.96360346900002], [118.1077491740001, 0.963687316000062], [118.10864529800006, 0.964831355000058], [118.10867800500012, 0.964918351000051], [118.10876644900009, 0.964958522000074], [118.1088691120001, 0.964990556000032], [118.10897531300009, 0.965015463000043], [118.10908858800008, 0.965026115000057], [118.10916647200008, 0.965054594000037], [118.10927975300001, 0.965083062000076], [118.1093965770001, 0.965122217000044], [118.109478007, 0.965168511000059], [118.10956297100006, 0.965200551000066], [118.10966563200009, 0.965225459000067], [118.10974996000004, 0.965241067000022], [118.10982413600004, 0.965284589000021], [118.10983030000011, 0.965265954000074], [118.11002470000005, 0.965377687000057], [118.11028697600011, 0.965501820000043], [118.11039498600007, 0.965594949000035], [118.11053384700006, 0.965688067000031], [118.1106264010001, 0.965688037000064], [118.110718915, 0.965563788000054], [118.11073433000001, 0.965532728000028], [118.1107616490001, 0.96554799300003], [118.11074395500009, 0.965579833000049], [118.11077677800006, 0.965599049000048], [118.11156308600005, 0.96608438200002], [118.11162109200006, 0.965901694000024], [118.1116385790001, 0.965806629000042], [118.11163054500003, 0.965806817000043], [118.11159611800008, 0.965791360000026], [118.11161362700011, 0.965641130000051], [118.11159810600009, 0.965346115000045], [118.1115980830001, 0.965275435000024], [118.11160939800004, 0.965316373000064], [118.11177661200009, 0.965235899000049], [118.11238439100009, 0.965128347000075], [118.112381389, 0.964910074000045], [118.11230127300007, 0.964968473000056], [118.11202695200006, 0.96498465600007], [118.11195963400007, 0.964965247000066], [118.11186773800011, 0.964909544000022], [118.11175168800003, 0.964790561000029], [118.11165126900005, 0.964749399000027], [118.11153731600007, 0.964661876000037], [118.11148926100009, 0.964582897000071], [118.11152225700005, 0.964413834000027], [118.11162100700005, 0.964106252000022], [118.1115385810001, 0.963816217000044], [118.11151278200009, 0.96372148100005], [118.1114740490001, 0.963699428000041], [118.11145948800004, 0.963597064000055], [118.11149004100002, 0.963614575000065], [118.11147894100009, 0.96358020200006], [118.11145005900005, 0.963464072000022], [118.11144298900001, 0.962182377000033], [118.11144234300002, 0.961659628000064], [118.1114421210001, 0.961480246000065], [118.11145832400007, 0.961478428000021], [118.1114573970001, 0.961460804000069], [118.11141151200002, 0.96148501600004], [118.1112301180001, 0.961460878000025], [118.11116017400002, 0.961421305000044], [118.11096043600003, 0.961308518000067], [118.11093711, 0.96141906500003], [118.11074387800011, 0.96179182000003], [118.11056473500003, 0.961920034000059], [118.10955568200006, 0.962034279000022], [118.10954620100006, 0.962026786000024], [118.10948965000011, 0.961982090000049], [118.10949906100007, 0.961920383000063], [118.10970189700004, 0.961713711000073], [118.10983630600003, 0.961716323000076], [118.10999013300011, 0.961481831000071], [118.1098700120001, 0.961089902000026], [118.10924334100002, 0.96043574700002], [118.10907263600006, 0.960465875000068], [118.10903855200002, 0.960650616000066], [118.10903869100002, 0.961080220000042], [118.10885518900011, 0.961136128000021]]]]}},
{"type": "Feature", "properties": {"ba_code": "4520", "blockid": "4520E09P07", "division": "06"}, "geometry": {"type": "MultiPolygon", "coordinates": [[[[118.03119627900003, 1.005760556000041], [118.03127714800007, 1.005724348000058], [118.0313130830001, 1.005688153000051], [118.03148380900006, 1.005624778000026], [118.03165454500004, 1.005588540000076], [118.03175339800009, 1.005588509000063], [118.03186123500006, 1.005579429000022], [118.03195110400009, 1.005588446000047], [118.03204996300008, 1.005606506000049], [118.03221172600001, 1.005615500000033], [118.032301587, 1.00559738000004], [118.0323734860001, 1.005615449000061], [118.03243639800007, 1.00563352100005], [118.03253526200001, 1.005669672000067], [118.03268806100004, 1.005751036000049], [118.03293072600002, 1.005832371000054], [118.03316439600007, 1.005886571000076], [118.03330819400003, 1.00592270900006], [118.0333980580001, 1.005913634000024], [118.03345197200008, 1.005895525000028], [118.03358674600008, 1.005814070000042], [118.03368557400006, 1.005732626000054], [118.03374846000008, 1.005669286000057], [118.03380236300006, 1.005614994000041], [118.03390115700006, 1.005425], [118.03398197900003, 1.005244059000063], [118.03403587100001, 1.005153583000038], [118.03408077600011, 1.005063111000027], [118.03414366200002, 1.00499977000004], [118.03426046000004, 1.004909275000045], [118.0343413170001, 1.004836883000053], [118.03438622800002, 1.004764502000057], [118.03442215200005, 1.00469212400003], [118.03445803300008, 1.004484059000049], [118.0344669970001, 1.00441169000004], [118.03444898900011, 1.004303146000041], [118.03441301100008, 1.004203654000037], [118.0343860260001, 1.004122250000023], [118.03436803000011, 1.004049890000033], [118.03435902600006, 1.003995618000033], [118.03436799600001, 1.00394134000004], [118.03439492700011, 1.003850873000033], [118.034448816, 1.003751352000052], [118.03447575000007, 1.003669932000037], [118.03448471700005, 1.003606608000041], [118.03445773400006, 1.00353425000003], [118.0344127730001, 1.003443807000053], [118.03433185900008, 1.003335283000069], [118.03426891800007, 1.003226753000035], [118.03425092200007, 1.003154392000056], [118.03425988000004, 1.003063931000042], [118.03428680600007, 1.00295537300002], [118.03429577600002, 1.002901096000073], [118.03432270700011, 1.002810629000066], [118.03433166800005, 1.002729214000055], [118.034322631, 1.002566392000062], [118.03432256500002, 1.002358339000068], [118.03431355600003, 1.002285975000063], [118.03428657300003, 1.002213618000042], [118.03420564500004, 1.002059865000035], [118.03415166600007, 1.001869920000047], [118.0340670490001, 1.001684634000071], [118.03399284200009, 1.001614292000056], [118.03393588200004, 1.001535294000064], [118.03390890500009, 1.001481027000068], [118.03389989800007, 1.001417710000055], [118.03391785200006, 1.001354383000034], [118.0339627620001, 1.001282003000028], [118.03403463600011, 1.001218659000074], [118.034124485, 1.001164356000061], [118.03418736600008, 1.001082924000059], [118.03422329000011, 1.001010546000032], [118.03421424600003, 1.000829633000023], [118.03423219400008, 1.000748215000044], [118.0341602530001, 1.000594459000069], [118.03409730100009, 1.000449746000072], [118.03407031000006, 1.000350251000043], [118.03407026200011, 1.000196472000027], [118.03404325100007, 1.000033656000028], [118.03402523500006, 0.999897975000067], [118.03398924100009, 0.999744208000038], [118.03395326300006, 0.999644715000045], [118.03391729100008, 0.999563314000056], [118.03387232400007, 0.999454779000075], [118.03380039100011, 0.999328160000061], [118.0337644110001, 0.999219622000055], [118.03374639800006, 0.99909298700004], [118.03377332700006, 0.998993474000031], [118.03388114100005, 0.998912028000063], [118.033988969, 0.998875811000062], [118.03416867600004, 0.998794341000064], [118.0343932940001, 0.99864049200005], [118.03448313800004, 0.998568097000032], [118.03451481800005, 0.99840735500004], [118.03443459000005, 0.998132596000062], [118.03438408700003, 0.99793492200007], [118.03436608000004, 0.99782637800007], [118.03437503500004, 0.997726871000054], [118.03441096200004, 0.99766353900003], [118.03451877000009, 0.997564001000057], [118.03459962200009, 0.997473518000049], [118.03468228800011, 0.997353543000031], [118.03441981600008, 0.99723838400007], [118.03404231500008, 0.997039495000024], [118.03383557200004, 0.996876736000047], [118.03366785000003, 0.996762229000069], [118.03360189700004, 0.99680444400002], [118.03352103800012, 0.996867790000067], [118.03344250300006, 0.996945016000041], [118.03337727400003, 0.996940202000076], [118.03318517200012, 0.99690694800006], [118.03308968200008, 0.996876972000052], [118.03298181700006, 0.996795594000048], [118.03291888600006, 0.996714201000032], [118.0328419980001, 0.996648042000061], [118.03252079900005, 0.996491530000071], [118.0320938750001, 0.996323004000033], [118.03176876100008, 0.996407437000073], [118.03159719500002, 0.996345248000068], [118.03153336300011, 0.99634326000006], [118.03139774300007, 0.996411570000021], [118.0312472820001, 0.996425263000049], [118.03118437600006, 0.996425283000065], [118.03113045700002, 0.996433741000033], [118.03110351900011, 0.996497674000068], [118.03101370000002, 0.996651482000061], [118.03098691500008, 0.996686776000047], [118.03096879800012, 0.996751], [118.03092711700003, 0.996827346000032], [118.03084307200004, 0.997031460000073], [118.03106788700006, 0.997510817000034], [118.0311308470001, 0.997682667000049], [118.03082550200008, 0.998325016000024], [118.0309065670001, 0.998922014000073], [118.03104390200008, 0.999298623000072], [118.03099946100008, 0.999852489000034], [118.0310999620001, 1.000241650000021], [118.03112984000006, 1.00067574000002], [118.03094808600008, 1.002008035000074], [118.0312122680001, 1.00271523400005], [118.03110825800002, 1.002992193000068], [118.03088894000007, 1.003089561000024], [118.0307551410001, 1.00322058200004], [118.03072919300007, 1.003463835000048], [118.0308185130001, 1.003763186000072], [118.0308446360001, 1.00407752600006], [118.03097117800007, 1.004519070000072], [118.03123157700009, 1.00501296300007], [118.03130226600001, 1.005177599000035], [118.03119627900003, 1.005760556000041]]]]}},
{"type": "Feature", "properties": {"ba_code": "4520", "blockid": "4520H32P10", "division": "04"}, "geometry": {"type": "MultiPolygon", "coordinates": [[[[118.09656224800005, 0.971374801000024], [118.09627462300011, 0.971184937000032], [118.09593315200004, 0.971221231000072], [118.09593307700004, 0.970986044000028], [118.0958880170001, 0.970588052000039], [118.09597786900008, 0.970551840000041], [118.09632830800001, 0.970461269000054], [118.09657091400004, 0.97037978000003], [118.09676857000011, 0.97024403100005], [118.09688972700008, 0.969649461000074], [118.09701623100011, 0.96933358900003], [118.09706827700006, 0.969270438000024], [118.09694794500001, 0.969149452000067], [118.09691701400004, 0.969149049000066], [118.09690607300001, 0.96912861200002], [118.09678494200011, 0.969034457000021], [118.09680144700008, 0.969006747000037], [118.09683445100006, 0.968934705000038], [118.09683140000004, 0.968924479000066], [118.09684902300012, 0.968923344000075], [118.09685643600005, 0.968829421000066], [118.09677383100006, 0.968718630000069], [118.09632779600008, 0.968209014000024], [118.09595330900004, 0.967666129000065], [118.09584863700002, 0.967400200000043], [118.09575501300003, 0.967256168000063], [118.09544678800012, 0.967356004000067], [118.09544130600011, 0.967428037000047], [118.09541933800006, 0.967583189000038], [118.09527075300002, 0.967705137000053], [118.09519369700001, 0.967732866000063], [118.09509460200002, 0.967694112000061], [118.09494044000007, 0.967588886000044], [118.09487338800011, 0.969022923000068], [118.09485285200003, 0.969101576000071], [118.09483615600004, 0.96912736400003], [118.0944137890001, 0.969150278000029], [118.09439583100004, 0.969195511000066], [118.09436900800006, 0.969620665000036], [118.09437802100001, 0.969702072000075], [118.09444094900005, 0.969774417000053], [118.09484541100005, 0.970009472000072], [118.09489934400005, 0.970054682000068], [118.09491893200004, 0.975065952000023], [118.09498218400006, 0.976142361000029], [118.09570095200002, 0.975698890000047], [118.09623102600005, 0.975318800000025], [118.09659042900012, 0.975155861000076], [118.096841992, 0.974983912000027], [118.09694977600009, 0.974821055000064], [118.09710248600004, 0.974640093000062], [118.09724623800003, 0.974549589000048], [118.09741696200001, 0.974495260000026], [118.0977763730001, 0.974359457000048], [118.0978662220001, 0.974314200000038], [118.09794707900005, 0.974250854000047], [118.09805488900008, 0.974169408000023], [118.0980997800001, 0.974042755000028], [118.09812668100005, 0.973861834000047], [118.09804570400001, 0.973554309000065], [118.09795577600005, 0.973355335000065], [118.09759603700002, 0.972478028000069], [118.0973712440001, 0.972062003000076], [118.0970835920001, 0.97179072900002], [118.09697570000003, 0.971618897000042], [118.09656224800005, 0.971374801000024]]]]}},
{"type": "Feature", "properties": {"ba_code": "4520", "blockid": "4520F04P07", "division": "01"}, "geometry": {"type": "MultiPolygon", "coordinates": [[[[118.0200872470001, 0.996603263000054], [118.0201383320001, 0.996637522000071], [118.02016619800008, 0.996659324000063], [118.02020025600007, 0.996684240000036], [118.0203209880001, 0.996716918000061], [118.02036277900004, 0.996724695000069], [118.0204633730001, 0.996696621000069], [118.02046490500004, 0.996645209000064], [118.02055459100006, 0.996380335000026], [118.02058087500006, 0.99629152600005], [118.02066121400003, 0.995827241000029], [118.0206735810001, 0.995778942000072], [118.02067664800006, 0.995687024000063], [118.0206905340001, 0.995545249000031], [118.02064095600008, 0.995380125000054], [118.02057592300002, 0.995285112000033], [118.02048301800005, 0.995152718000043], [118.02044739300004, 0.995062370000028], [118.02041020000001, 0.994906590000028], [118.01952022500006, 0.994802486000026], [118.01927102400009, 0.994746479000071], [118.01905123200004, 0.994695136000075], [118.01860855000007, 0.994592450000027], [118.01837328500005, 0.994556691000071], [118.01823710200006, 0.994612819000054], [118.01812722600005, 0.99465335900004], [118.01792450800008, 0.994762476000062], [118.01779136700009, 0.994873120000022], [118.01775776500006, 0.994910227000048], [118.01774888000011, 0.994955015000073], [118.01776687600011, 0.995027376000053], [118.0178388380001, 0.995253500000047], [118.01782989900005, 0.995407282000031], [118.01774908800007, 0.995633453000039], [118.01765931000011, 0.995922948000043], [118.01763696300009, 0.996042880000061], [118.01763270000004, 0.996104307000053], [118.01761668000006, 0.996233629000074], [118.0176220840001, 0.996415751000029], [118.01768645900006, 0.996538058000056], [118.01790214700009, 0.996565128000043], [118.0181088270001, 0.996519835000072], [118.01832876000003, 0.996489230000066], [118.01841227200009, 0.99648817700006], [118.01853724800003, 0.996501616000046], [118.0187569420001, 0.996499451000034], [118.01900531600006, 0.996489675000021], [118.01906640800007, 0.996486893000053], [118.0191070520001, 0.996476800000039], [118.01916024800005, 0.996456186000046], [118.01917821800009, 0.996447135000039], [118.01924111100004, 0.996401886000058], [118.0192950170001, 0.996356640000045], [118.01931298800002, 0.996347589000038], [118.01944773500009, 0.996175676000064], [118.01956406200009, 0.996157588000074], [118.01966341500008, 0.996175609000034], [118.01978356300003, 0.996253429000035], [118.01984319000007, 0.996311240000068], [118.01994944900002, 0.996441283000024], [118.02004544300007, 0.996554981000031], [118.0200872470001, 0.996603263000054]]]]}},
{"type": "Feature", "properties": {"ba_code": "4520", "blockid": "4520D07P07", "division": "01"}, "geometry": {"type": "MultiPolygon", "coordinates": [[[[118.028699931, 1.011948689000064], [118.02820841000005, 1.011801301000048], [118.02820561800002, 1.011804114000029], [118.02805287800004, 1.011912712000026], [118.02793606000012, 1.01193988700004], [118.02783717500006, 1.011840415000052], [118.02782818800006, 1.01184041800002], [118.02779223000005, 1.011804246000054], [118.02777425400006, 1.011795206000045], [118.02755853100007, 1.011659587000054], [118.02751358900002, 1.011632464000058], [118.02750458500009, 1.011578192000059], [118.02755849400012, 1.011541991000058], [118.02757646100008, 1.011523894000049], [118.02775618700002, 1.01149669900002], [118.0277741540001, 1.011478602000068], [118.02783705500008, 1.011460490000047], [118.02790895200008, 1.011469513000065], [118.02800777400012, 1.011369978000062], [118.02801674300008, 1.011315700000068], [118.02806162800005, 1.01116190700003], [118.02805263900007, 1.011152864000053], [118.02804360700009, 1.011008133000075], [118.02802563300008, 1.011008139000069], [118.02786386700006, 1.010990099000026], [118.02783690700005, 1.010990108000044], [118.02771107400008, 1.010926827000048], [118.0276841000001, 1.010881606000055], [118.0276839820001, 1.010878419000051], [118.02748637000002, 1.01080930300003], [118.0273403860001, 1.010847717000047], [118.02733360800005, 1.010845535000044], [118.027342481, 1.010483699000019], [118.02740536800002, 1.010420358000033], [118.02782777000004, 1.010510682000074], [118.02832207400002, 1.010628120000035], [118.0283580040001, 1.01057383400007], [118.02848368100001, 1.010139594000066], [118.02851689300007, 1.010139584000058], [118.02851059500006, 1.009994853000023], [118.02859147600009, 1.009994827000071], [118.02895089700007, 1.009849979000023], [118.02957972800004, 1.009098976000075], [118.0293997870001, 1.008438689000059], [118.0293995940001, 1.007823574000042], [118.02907586700007, 1.007163332000061], [118.02903989700008, 1.007090977000075], [118.02885997700002, 1.00649401000004], [118.0286283580001, 1.006029964000049], [118.02855567300003, 1.005864269000028], [118.02858469400007, 1.005761904000053], [118.02845877700008, 1.005698581000047], [118.02834979800002, 1.005385879000073], [118.0283279140001, 1.00530382200003], [118.02806448700005, 1.005147929000032], [118.027813336, 1.005053792000069], [118.0276763710001, 1.005086007000045], [118.02748465700006, 1.005253818000028], [118.02741390200003, 1.005302098000072], [118.02724726300005, 1.005348110000057], [118.02710114800004, 1.005325176000042], [118.02699835700002, 1.005134479000048], [118.02695495400008, 1.005047170000068], [118.02683622200004, 1.004982865000045], [118.02670242600004, 1.005020802000047], [118.02637282900002, 1.005113995000045], [118.02639111200006, 1.005178332000071], [118.02644594600008, 1.005318490000036], [118.02647563900007, 1.005366737000031], [118.02690993500005, 1.006702682000025], [118.02691894400004, 1.00677504600003], [118.02665859400008, 1.007616390000067], [118.02683855400005, 1.008339999000043], [118.02722521100009, 1.009072588000038], [118.02720699300005, 1.00913248400002], [118.02713617400002, 1.009235287000024], [118.02700883000011, 1.009420159000058], [118.02687997700002, 1.009610834000057], [118.0267669530001, 1.009781015000044], [118.0265738390001, 1.010212935000027], [118.02629897300005, 1.010859074000052], [118.02610115400012, 1.011331091000045], [118.02606203800008, 1.011452956000028], [118.02711812400003, 1.011469765000072], [118.02717206400007, 1.011533069000052], [118.02725298100006, 1.011650639000038], [118.02741482400006, 1.011912916000028], [118.02759461700009, 1.012102821000042], [118.02784629300004, 1.012256520000051], [118.0279092080001, 1.012283637000053], [118.0279811040001, 1.012292660000071], [118.0295383130001, 1.012309974000061], [118.02955894100012, 1.012308917000041], [118.0295489880001, 1.012276354000051], [118.02937706800003, 1.012201172000061], [118.02910437100002, 1.012075202000062], [118.028699931, 1.011948689000064]]], [[[118.02945071200008, 1.014220100000045], [118.02978265700006, 1.013994772000046], [118.0298262870001, 1.01401652200002], [118.02976981900008, 1.01344995300002], [118.0296797640001, 1.012852958000053], [118.02958975700005, 1.012409742000045], [118.02958343000012, 1.012389041000063], [118.0295691980001, 1.012391312000034], [118.02797214000009, 1.012365029000023], [118.02789125700008, 1.01235600900003], [118.02782833900005, 1.012319846000025], [118.02757665800004, 1.012148056000058], [118.02738815900011, 1.011949407000031], [118.02738171600004, 1.011949565000066], [118.026408349, 1.012021787000037], [118.02641665300007, 1.011597127000073], [118.0264176930001, 1.011533309000072], [118.02603620700006, 1.011533430000043], [118.02587423600005, 1.012038045000054], [118.02581179200001, 1.012268798000036], [118.025745185, 1.012512138000034], [118.02560775400002, 1.012841500000036], [118.02565344200002, 1.012882251000065], [118.02586313000006, 1.013044280000031], [118.0261374270001, 1.01311684500007], [118.02661381300004, 1.013167550000048], [118.02717686900007, 1.013399857000024], [118.02738625200004, 1.013617747000069], [118.02761006300011, 1.013813837000043], [118.02789884100002, 1.014031701000022], [118.02861345400004, 1.014213103000031], [118.02945071200008, 1.014220100000045]]]]}},
{"type": "Feature", "properties": {"ba_code": "4520", "blockid": "4520C08P09", "division": "01"}, "geometry": {"type": "MultiPolygon", "coordinates": [[[[118.03018468000005, 1.017871213000035], [118.0302024, 1.017303630000072], [118.02997742900004, 1.016344846000038], [118.02998634100004, 1.016109652000068], [118.03029182800003, 1.015919592000046], [118.03029143300012, 1.014671270000065], [118.03022841200004, 1.014309458000071], [118.02959938100003, 1.014427255000044], [118.02898830700008, 1.014490771000055], [118.02901531200007, 1.01463549500005], [118.0290243930001, 1.014934005000043], [118.02902439600007, 1.014943050000056], [118.02911430600011, 1.015078709000022], [118.02911431700011, 1.015114892000042], [118.0290874000001, 1.015250588000072], [118.02909639600011, 1.015277723000054], [118.029168378, 1.015558120000037], [118.02891677000002, 1.015621521000071], [118.02887708300011, 1.015624225000067], [118.02853866100008, 1.015650766000022], [118.02847678700005, 1.015676119000034], [118.02858843400008, 1.018697234000058], [118.02861220500006, 1.018724334000069], [118.0301938560001, 1.018696688000034], [118.03018468000005, 1.017871213000035]]]]}},
{"type": "Feature", "properties": {"ba_code": "4520", "blockid": "4520H11P08", "division": "06"}, "geometry": {"type": "MultiPolygon", "coordinates": [[[[118.03963464700007, 0.976648516000068], [118.03979614700006, 0.975807207000059], [118.03964318700002, 0.975192141000036], [118.0395210800001, 0.974835657000028], [118.0395185970001, 0.974837329000025], [118.039515262, 0.974837997000066], [118.03942349200008, 0.974989261000076], [118.03942190500004, 0.974991291000038], [118.03942115400002, 0.974992540000073], [118.03915542300001, 0.975347493000072], [118.03901348600004, 0.975486249000028], [118.03885484500006, 0.975625011000034], [118.0384457340001, 0.976028664000069], [118.0383246670001, 0.976137990000041], [118.03804914300008, 0.976411297000027], [118.03773183400006, 0.976596345000075], [118.03763161800009, 0.976613189000034], [118.037573156, 0.97661320800006], [118.03738524700009, 0.976630079000074], [118.03721822600005, 0.976676369000074], [118.0372172970001, 0.976757817000021], [118.03728134200003, 0.977055995000057], [118.03721998100002, 0.978204331000029], [118.03740660100004, 0.978176923000035], [118.03765715100008, 0.978168439000058], [118.03903518000004, 0.978138586000057], [118.03939013200011, 0.978146882000033], [118.03934743900004, 0.977824558000066], [118.03935619200001, 0.977064709000047], [118.03963464700007, 0.976648516000068]]], [[[118.03710122400003, 0.978057298000067], [118.03716409900005, 0.977197607000051], [118.03609540500008, 0.978274009000074], [118.03699309000001, 0.978250443000036], [118.03710122400003, 0.978057298000067]]]]}},
{"type": "Feature", "properties": {"ba_code": "4520", "blockid": "4520H02P11", "division": "02"}, "geometry": {"type": "MultiPolygon", "coordinates": [[[[118.01531545800003, 0.971716961000027], [118.01527004200011, 0.970097766000038], [118.01529684800005, 0.969582144000071], [118.01424653800007, 0.969587895000075], [118.01264744200012, 0.969605700000045], [118.01265914900011, 0.970389586000067], [118.01268215900006, 0.97097599500006], [118.01305060200002, 0.970948747000023], [118.01305057800005, 0.970867334000047], [118.013275238, 0.970849174000023], [118.01368511900012, 0.970818822000069], [118.0137425900001, 0.971011859000043], [118.01370668900006, 0.971165649000056], [118.01371570300012, 0.971256105000066], [118.01388647300007, 0.971337467000069], [118.01390446800008, 0.971409828000048], [118.01426393800011, 0.971427811000069], [118.01426395900012, 0.971500178000042], [118.014228075, 0.971708244000069], [118.01466841600006, 0.971699065000053], [118.01531545800003, 0.971716961000027]]]]}},
{"type": "Feature", "properties": {"ba_code": "4520", "blockid": "4520F05P07", "division": "01"}, "geometry": {"type": "MultiPolygon", "coordinates": [[[[118.02346986100008, 0.996736267000074], [118.02357127700009, 0.996512366000047], [118.02362955500007, 0.996440623000069], [118.0237461160001, 0.996312351000029], [118.02379576900012, 0.996279733000051], [118.02383895000003, 0.99626667800004], [118.023845402, 0.996184084000049], [118.02378491700006, 0.996101511000063], [118.02360348700006, 0.995932035000067], [118.0235516460001, 0.995873368000048], [118.023435016, 0.995775597000033], [118.02334431100007, 0.995723462000058], [118.02326224400008, 0.995677844000056], [118.02322121200007, 0.995658296000045], [118.0230743620001, 0.99559096400003], [118.02296638200005, 0.995538834000058], [118.0228800000001, 0.995499738000035], [118.02283464300001, 0.995460629000036], [118.02281087600011, 0.99541282000007], [118.02282381900011, 0.995371520000049], [118.02284971400002, 0.995319348000066], [118.02287342500006, 0.995186758000045], [118.02290360900008, 0.995036778000042], [118.02290790100005, 0.994949837000036], [118.0229337620001, 0.994786818000023], [118.02296179700011, 0.994671614000026], [118.02300274400011, 0.994417304000024], [118.02300919600009, 0.994332536000059], [118.02300485100011, 0.994247771000062], [118.02298321700005, 0.994110848000048], [118.02289891300006, 0.993810934000066], [118.02279516200008, 0.993465382000068], [118.0227821840001, 0.993391487000054], [118.02277133100006, 0.99320891800005], [118.02278641800001, 0.993117627000061], [118.02281436300007, 0.992711176000057], [118.02284451500009, 0.992456869000023], [118.0228509530001, 0.992326458000036], [118.02284220700005, 0.99197218300003], [118.02284863300008, 0.991804822000063], [118.02283559200009, 0.991526620000059], [118.02286348100006, 0.990935423000053], [118.0228806770001, 0.990678947000049], [118.0228806230001, 0.990505068000061], [118.02289137200012, 0.990350747000036], [118.02286752200007, 0.990029079000067], [118.02287828400006, 0.989918228000022], [118.02285233700002, 0.989798694000058], [118.02292357200008, 0.989733467000065], [118.02302070400003, 0.989618242000063], [118.02317395700004, 0.98944214200003], [118.02310045800004, 0.989166133000026], [118.0228628750001, 0.988955378000071], [118.02281313500009, 0.988705443000072], [118.02291018100004, 0.988309838000021], [118.0229047570001, 0.988122574000045], [118.02292601300007, 0.987488238000026], [118.02231060500003, 0.987520090000032], [118.02116930500006, 0.987529489000053], [118.02100755600009, 0.987565722000056], [118.0204953010001, 0.987511606000055], [118.02041469800008, 0.988416215000029], [118.02041823500008, 0.988415236000037], [118.02041471200005, 0.988461444000052], [118.02047762100005, 0.988470470000038], [118.0205585010001, 0.988470445000075], [118.02061242000002, 0.988470429000074], [118.02064835600004, 0.988434234000067], [118.02068590600004, 0.98839024900002], [118.02069793100009, 0.988402346000044], [118.02078208700004, 0.988426521000065], [118.02090229600003, 0.98841438300002], [118.02119081800004, 0.988450595000074], [118.02132307500005, 0.988523157000031], [118.02142113500008, 0.988198803000046], [118.02143010800012, 0.988153571000055], [118.02145705700002, 0.988117379000073], [118.0214840110001, 0.988099279000039], [118.0215199490001, 0.988072131000024], [118.0215379120001, 0.988035942000067], [118.02158283400001, 0.987999745000025], [118.02165473000002, 0.988008768000043], [118.02170864700008, 0.987999706000039], [118.02177155600009, 0.988008732000026], [118.02183447300001, 0.988044896000019], [118.02190636900002, 0.988053920000027], [118.02195131600001, 0.988099135000027], [118.02196929500008, 0.988117221000039], [118.02191551600004, 0.98857857500002], [118.02183463900008, 0.988587646000042], [118.02178971700005, 0.988623844000074], [118.02178973900004, 0.988696210000057], [118.0218526650001, 0.988759512000058], [118.02192457700005, 0.988822810000045], [118.02199647900011, 0.988849925000068], [118.02203244200007, 0.988904189000039], [118.02207738900006, 0.988949405000028], [118.02213132000008, 0.988985571000057], [118.02217626100003, 0.989012695000042], [118.022194237, 0.989021735000051], [118.02241893400003, 0.989121170000033], [118.02244589400004, 0.989121161000071], [118.0224908350001, 0.989148285000056], [118.02251780400002, 0.989175414000044], [118.022544777, 0.989220635000038], [118.02254478000009, 0.98922968100004], [118.02253748300006, 0.989369814000042], [118.0224653890001, 0.989478741000028], [118.02245340900004, 0.989611850000074], [118.0224054680001, 0.990083783000046], [118.02238160000002, 0.990652513000043], [118.02234562100011, 0.990930835000029], [118.0223458590001, 0.991705265000064], [118.02241766700001, 0.992661210000051], [118.02234622600008, 0.992903212000044], [118.0223463420001, 0.993278327000041], [118.02239446400006, 0.993399317000069], [118.02229832300009, 0.993496151000045], [118.02223822400003, 0.993520370000056], [118.02163833100008, 0.993652570000052], [118.02148346500007, 0.993656037000051], [118.02124048200005, 0.993605384000034], [118.02115633300002, 0.993605410000043], [118.02107218000003, 0.99359333600006], [118.02096398100002, 0.993569169000068], [118.0208553760001, 0.993532457000072], [118.02083171700008, 0.993472406000024], [118.02078359500001, 0.993351416000053], [118.02068740200002, 0.993278843000041], [118.02061525600004, 0.99321836300004], [118.02049501700003, 0.993133697000076], [118.02044691600008, 0.993085310000026], [118.02042030200005, 0.993082413000025], [118.02041723500008, 0.993159406000075], [118.020416468, 0.993178071000045], [118.0204026030001, 0.99331495000007], [118.02041042200005, 0.993617473000029], [118.02041745000008, 0.993858557000067], [118.02040512100007, 0.993966661000059], [118.02041221700006, 0.994429389000061], [118.02040451200003, 0.994500162000065], [118.02040379300001, 0.994672811000044], [118.02041838900004, 0.994872970000074], [118.020420854, 0.994894224000063], [118.02042604600001, 0.994914754000035], [118.02043807300004, 0.99500826600007], [118.02046140300001, 0.99506830200005], [118.0204847330001, 0.995128338000029], [118.02049262500009, 0.995150421000062], [118.02053789700005, 0.995214246000046], [118.02062638200005, 0.995338791000052], [118.02065004700012, 0.995371910000074], [118.0207052940001, 0.995545121000021], [118.02069298600009, 0.995656240000073], [118.020683426, 0.995781850000071], [118.02066905400011, 0.995866399000022], [118.02063859700002, 0.996041362000028], [118.02060300900007, 0.996253250000052], [118.02057356600005, 0.996382317000041], [118.02052217900007, 0.996499659000051], [118.020598973, 0.996506192000027], [118.02072444800001, 0.996516160000056], [118.02076181600012, 0.996518909000031], [118.02091196900005, 0.996515411000075], [118.0209661350001, 0.996516429000053], [118.02116737400002, 0.996532240000022], [118.02131753100002, 0.996541165000053], [118.02135661400007, 0.996544949000054], [118.02139089800005, 0.996553220000067], [118.0214334100001, 0.996561143000065], [118.02147489400011, 0.996569067000053], [118.02185028800011, 0.996595866000064], [118.02198986700012, 0.996584119000033], [118.02209508900012, 0.996564848000048], [118.02226207000001, 0.996533509000074], [118.02241992100005, 0.996538981000072], [118.0225753410001, 0.996541451000041], [118.02277889800007, 0.99656770100006], [118.02282949200003, 0.996597745000031], [118.02294729000005, 0.99664514400007], [118.02302719200009, 0.996673374000068], [118.02313516400011, 0.996703769000021], [118.02327552500003, 0.996729807000065], [118.02345475600009, 0.996771047000038], [118.02346986100008, 0.996736267000074]]]]}},
{"type": "Feature", "properties": {"ba_code": "4520", "blockid": "4520H08P07", "division": "02"}, "geometry": {"type": "MultiPolygon", "coordinates": [[[[118.02871646000006, 0.978280145000042], [118.02909550700008, 0.978238452000028], [118.02991279200012, 0.978068868000037], [118.03137634300003, 0.977799895000032], [118.03134928400004, 0.977474254000072], [118.03131290200008, 0.976045027000055], [118.03124929400008, 0.973738364000042], [118.03120374900004, 0.971721162000051], [118.03128215000004, 0.969198063000022], [118.031289334, 0.969096389000072], [118.03111979500011, 0.969114596000054], [118.0294387780001, 0.969136898000045], [118.02848283900005, 0.969162608000033], [118.02853424300008, 0.970084688000043], [118.02859775600007, 0.972092841000062], [118.02867052300007, 0.974978435000025], [118.02871615700008, 0.977285105000021], [118.02871646000006, 0.978280145000042]]]]}},
{"type": "Feature", "properties": {"ba_code": "4520", "blockid": "4520H29P10", "division": "04"}, "geometry": {"type": "MultiPolygon", "coordinates": [[[[118.08758251300003, 0.976241085000026], [118.0876960280001, 0.976216561000058], [118.08777712300002, 0.976241022000067], [118.08787399300002, 0.976307505000023], [118.08840157500003, 0.976477523000028], [118.08844915300006, 0.97639777400002], [118.08850305600004, 0.976352528000064], [118.08860177300005, 0.975936396000066], [118.08878147200005, 0.975845881000055], [118.0887184280001, 0.975411711000049], [118.08857304600008, 0.975200477000044], [118.08855659700009, 0.97517657700007], [118.08888009300006, 0.975131243000021], [118.08888906800007, 0.975095058000022], [118.08897892300001, 0.975067892000027], [118.08920358000012, 0.975058773000057], [118.08925749000002, 0.97503161800006], [118.08932033400004, 0.974841639000033], [118.08958992300006, 0.974832506000041], [118.08979662200011, 0.974868621000041], [118.09000328900004, 0.97480523400003], [118.09001225800012, 0.974750958000072], [118.09003919400004, 0.97467858400006], [118.08995828700006, 0.97458815400006], [118.08988635500009, 0.974461538000071], [118.08994917600012, 0.97419919400005], [118.08994914700008, 0.974108738000041], [118.08986822200006, 0.973964034000062], [118.08979631400007, 0.973909783000067], [118.08953569100004, 0.973855594000042], [118.08942784200008, 0.973819447000039], [118.08934694700008, 0.97376519900007], [118.08926604900012, 0.973701906000031], [118.08921152500011, 0.973595996000029], [118.08917094200001, 0.97347357600006], [118.0891131300001, 0.973231582000039], [118.08907497300004, 0.970823205000045], [118.0890646790001, 0.970823457000051], [118.08906465200005, 0.970739268000045], [118.08906399400007, 0.970738037000046], [118.0890561550001, 0.96952310000006], [118.08906414600006, 0.969155798000031], [118.08865870900001, 0.969155929000067], [118.08805055200003, 0.96915612600003], [118.0880268300001, 0.96916636800006], [118.08798852500001, 0.969152361000056], [118.08774240600007, 0.969115414000044], [118.08739372700006, 0.96910736500007], [118.08656866800004, 0.969134729000075], [118.08660492800004, 0.970120693000069], [118.08661583900005, 0.970838007000054], [118.08666869700005, 0.972825322000062], [118.0866871070001, 0.974191209000026], [118.08666023500007, 0.974462587000062], [118.08665142600012, 0.975014375000057], [118.08664750600008, 0.975162116000035], [118.08664254700011, 0.975349067000025], [118.086615735, 0.975810404000072], [118.08657718800009, 0.976081142000055], [118.086642933, 0.976552138000045], [118.08667015900005, 0.977384329000074], [118.08666125400009, 0.977637610000045], [118.08665722300009, 0.97764767700005], [118.08664427500003, 0.977865171000076], [118.08692627700009, 0.97802882600007], [118.08706704100007, 0.978100977000054], [118.08719662300007, 0.978169655000045], [118.08738881200009, 0.978219822000028], [118.08764803100007, 0.978257132000067], [118.08789939600001, 0.978232564000052], [118.08799667700009, 0.978159072000039], [118.08809391700004, 0.977954985000054], [118.0882317270001, 0.977832506000027], [118.08796423000001, 0.977465318000043], [118.08782030400005, 0.977022128000044], [118.0878023140001, 0.976967860000059], [118.08772865700007, 0.976820555000074], [118.08764753800006, 0.976722635000044], [118.0875338840001, 0.976314561000038], [118.08758251300003, 0.976241085000026]]], [[[118.0874619550001, 0.980459591000056], [118.08761471300011, 0.980423359000042], [118.08775850400002, 0.980450449000045], [118.08782140900007, 0.98045042800004], [118.0879202540001, 0.980432304000033], [118.08809998800007, 0.980450337000036], [118.08823477300007, 0.980414110000027], [118.0882706750001, 0.980278414000054], [118.08838743700005, 0.980088417000047], [118.08843233100004, 0.979970809000065], [118.08845019900002, 0.979645160000075], [118.08836024700008, 0.979373820000035], [118.08800066200001, 0.978975929000057], [118.08791076900002, 0.978885502000026], [118.08779385500009, 0.978605125000058], [118.08767238400003, 0.978338747000066], [118.08706418100007, 0.978200187000027], [118.086707337, 0.97802073500003], [118.08668254100007, 0.978146473000038], [118.08667939600002, 0.978162252000061], [118.0866526000001, 0.978668817000028], [118.08669770100005, 0.979193450000025], [118.08668882500001, 0.979537188000052], [118.08668892100002, 0.97983569400003], [118.0867159710001, 0.980116100000032], [118.08668901400006, 0.980125155000053], [118.086687073, 0.980125155000053], [118.08668883400003, 0.980150001000027], [118.08687179500009, 0.980175054000028], [118.08687735700005, 0.980176566000068], [118.08687961300006, 0.98017765700007], [118.087140266, 0.980322303000037], [118.08714267700009, 0.980324126000028], [118.08714420800004, 0.980325083000025], [118.08721574700007, 0.980388051000034], [118.08723697200003, 0.980405131000055], [118.08724626300011, 0.980405388000065], [118.08725056100002, 0.980406468000069], [118.0874619550001, 0.980459591000056]]]]}},
{"type": "Feature", "properties": {"ba_code": "4520", "blockid": "4520I18P13", "division": "03"}, "geometry": {"type": "MultiPolygon", "coordinates": [[[[118.07746938700006, 0.968971600000032], [118.07748729000002, 0.968970634000073], [118.07749156000011, 0.969019888000048], [118.0774923560001, 0.969020304000026], [118.0774923560001, 0.969020053000065], [118.07824721000009, 0.969001720000051], [118.07825749200003, 0.969000724000068], [118.07829182700004, 0.968006682000066], [118.07830081400004, 0.968006679000041], [118.07827507800005, 0.967262294000022], [118.07825039600004, 0.967239623000069], [118.07778822000012, 0.966839951000054], [118.07741078200002, 0.966812934000075], [118.07704245000002, 0.967165833000024], [118.07719535600006, 0.96759997700002], [118.07733758100005, 0.967636010000035], [118.07723882100004, 0.967874684000037], [118.07746938700006, 0.968971600000032]], [[118.0778552490001, 0.966955619000032], [118.07785084400007, 0.966934961000049], [118.07785594600011, 0.966933665000056], [118.0778552490001, 0.966955619000032]]]]}},
{"type": "Feature", "properties": {"ba_code": "4520", "blockid": "4520H07P07", "division": "02"}, "geometry": {"type": "MultiPolygon", "coordinates": [[[[118.0264088450001, 0.969223537000062], [118.02644046400007, 0.97039288600007], [118.02644980500008, 0.971568840000032], [118.02637906400003, 0.975377155000047], [118.02632584700007, 0.977692903000047], [118.02628110400008, 0.978317079000021], [118.02661154500004, 0.978332679000061], [118.0275212570001, 0.978325743000028], [118.02860862300008, 0.978289224000036], [118.0285633850001, 0.977285152000036], [118.02849978600011, 0.975005625000051], [118.02842701600002, 0.972110985000029], [118.0284084330001, 0.970093772000041], [118.02837822600009, 0.969162640000036], [118.02737178600012, 0.969195628000023], [118.0264088450001, 0.969223537000062]]]]}},
{"type": "Feature", "properties": {"ba_code": "4520", "blockid": "4520J09P09", "division": "02"}, "geometry": {"type": "MultiPolygon", "coordinates": [[[[118.03120019100004, 0.95991637700007], [118.0325661600001, 0.95997023700005], [118.0335366920001, 0.959924712000031], [118.03359929600003, 0.958920609000074], [118.03371538100009, 0.956451068000035], [118.03380473200002, 0.954732338000042], [118.03382884400003, 0.953790920000074], [118.03236107600003, 0.953742024000064], [118.03100223700005, 0.953709541000023], [118.03105316400001, 0.954139554000051], [118.03109103800011, 0.955520144000047], [118.03110049200006, 0.957085067000037], [118.03110991400001, 0.958541440000033], [118.03112829600002, 0.959907353000062], [118.03120019100004, 0.95991637700007]]]]}},
{"type": "Feature", "properties": {"ba_code": "4520", "blockid": "4520H13P11", "division": "06"}, "geometry": {"type": "MultiPolygon", "coordinates": [[[[118.04336268200007, 0.975847120000026], [118.04336713000009, 0.975846800000056], [118.0433754070001, 0.975847913000052], [118.04356906300006, 0.975901012000065], [118.04358282400005, 0.975901008000051], [118.04358355800002, 0.975901154000042], [118.04358393100006, 0.975900903000024], [118.04358976700007, 0.975899112000036], [118.04371141400009, 0.975874451000038], [118.04371448900008, 0.975874142000066], [118.04371552200007, 0.975873899000021], [118.04384913400008, 0.975864891000072], [118.04403667000008, 0.975837864000027], [118.04403774100001, 0.975837787000046], [118.04403813600004, 0.97583768800007], [118.04422376200012, 0.975819834000049], [118.04430305500011, 0.975795862000041], [118.04438728700006, 0.975711022000041], [118.04450407600007, 0.975593391000075], [118.04450463600006, 0.975593014000026], [118.04450498200003, 0.975592514000027], [118.04462177300002, 0.975483928000074], [118.0446220880001, 0.975483725000061], [118.04462393000006, 0.975482097000054], [118.04473837100011, 0.975393427000029], [118.0448026040001, 0.975320644000021], [118.04480883000008, 0.975289255000064], [118.04478342400012, 0.975119127000028], [118.04477505500006, 0.975103132000072], [118.04475082700003, 0.975100092000048], [118.044723857, 0.975063917000057], [118.0446034260001, 0.974994696000067], [118.04449340100007, 0.975051602000065], [118.04438069700007, 0.975084054000035], [118.04425187800007, 0.97507599000005], [118.0440667370001, 0.975181401000043], [118.04393794000009, 0.975246274000028], [118.04379305400005, 0.975351673000034], [118.04364811300002, 0.975278781000043], [118.04352732500001, 0.975205882000068], [118.04330990800008, 0.975076284000068], [118.04316627500009, 0.97495630700007], [118.04314077100003, 0.974865630000068], [118.04313270300008, 0.974808904000042], [118.04311658600011, 0.97476028400007], [118.04304407900008, 0.974606329000039], [118.04293936300007, 0.97443617600004], [118.04289099700009, 0.974241692000021], [118.0428990260001, 0.974168753000072], [118.0429956260001, 0.974128202000031], [118.04305197800011, 0.974111976000074], [118.04318082400005, 0.974209185000063], [118.0433982620001, 0.974403616000075], [118.0434707710001, 0.974565676000054], [118.04352713600008, 0.974589970000068], [118.04360764600005, 0.974589945000048], [118.04367205400001, 0.974589925000032], [118.04375254700005, 0.974533171000076], [118.04383301000007, 0.974379168000041], [118.04405841100004, 0.974289953000039], [118.04409058800002, 0.974200798000027], [118.04406640200011, 0.974095452000029], [118.04396977300007, 0.974038753000059], [118.04385704300012, 0.973990164000043], [118.04373625800008, 0.973925369000028], [118.04363963100002, 0.973876774000075], [118.04347652800004, 0.97387692500007], [118.04337718200009, 0.973886956000058], [118.04328446200009, 0.973903652000047], [118.04320168200002, 0.973940346000063], [118.04308573700007, 0.973817044000043], [118.04298303000007, 0.973663737000038], [118.04291345700005, 0.973570422000023], [118.04280413000004, 0.97343045100007], [118.042688128, 0.97312047500003], [118.0426582980001, 0.973040481000055], [118.04271127000004, 0.972993796000026], [118.04285696500006, 0.972940415000039], [118.04324107900004, 0.972823625000046], [118.04334043000006, 0.97283026100007], [118.04338345200006, 0.972736910000037], [118.04347281700007, 0.972576876000062], [118.04351910700007, 0.972340186000054], [118.04351245200007, 0.972236851000048], [118.04356541800007, 0.972170165000023], [118.043611757, 0.972093481000059], [118.04360842000006, 0.972010146000059], [118.04347262400006, 0.971950186000072], [118.04349574900004, 0.971763505000069], [118.04346924000004, 0.971713511000075], [118.04347584200002, 0.971643507000067], [118.04350562200011, 0.971563494000065], [118.04354203100002, 0.971500147000029], [118.04347573900009, 0.971306827000035], [118.04337297400002, 0.970966846000067], [118.04331336500002, 0.970966865000037], [118.04312131300003, 0.971040260000052], [118.04301535700006, 0.971093629000052], [118.04298558200003, 0.971190308000075], [118.04289956900004, 0.971480346000021], [118.04284664900001, 0.971697037000069], [118.04279367900006, 0.971750389000022], [118.04252542100005, 0.971697137000035], [118.04234275600004, 0.971729590000052], [118.04230558000006, 0.97214288400005], [118.04230558300003, 0.972151930000052], [118.04223393500001, 0.972947981000061], [118.04224292700007, 0.972966070000041], [118.04225196100003, 0.973119845000042], [118.04225196300001, 0.973128891000044], [118.0424861140001, 0.974757059000069], [118.0424771270001, 0.974757062000037], [118.04246814600003, 0.974775156000021], [118.04247714100006, 0.974802290000071], [118.04259308700011, 0.975947908000023], [118.04260943500003, 0.975950646000058], [118.04261229300005, 0.975951124000062], [118.04265614600001, 0.975958467000055], [118.0427527920001, 0.975955624000051], [118.04294771800005, 0.975919887000032], [118.04311802500001, 0.975883740000029], [118.04311904500003, 0.975883633000024], [118.04311983900004, 0.975883411000041], [118.04329956200002, 0.975856218000047], [118.04329970100002, 0.975856207000049], [118.04329977900011, 0.975856185000055], [118.04336268200007, 0.975847120000026]]], [[[118.04438260000006, 0.975805776000072], [118.04438233200005, 0.975805589000061], [118.04434194400005, 0.975846269000044], [118.04433174200005, 0.975853135000023], [118.04432874400004, 0.975854211000069], [118.044238887, 0.975881376000075], [118.04423573300005, 0.975881843000025], [118.04423283100004, 0.975882571000056], [118.04404485500004, 0.975900650000028], [118.04385687700005, 0.975927741000021], [118.04385500700005, 0.975927876000071], [118.04385452100007, 0.975927990000059], [118.04372179800009, 0.975936938000075], [118.043641739, 0.975953168000046], [118.04366064700002, 0.975975360000064], [118.04366274000006, 0.97597878800002], [118.04366490100006, 0.975981804000071], [118.04367389300012, 0.975999893000051], [118.04367417300011, 0.976001085000064], [118.04367496400005, 0.976002293000022], [118.04369295100003, 0.976047516000051], [118.04369302100008, 0.976047881000056], [118.04369319900002, 0.976048158000026], [118.04372018100003, 0.976120515000048], [118.04372037900009, 0.976121614000022], [118.04372179000006, 0.976126630000067], [118.04375780600003, 0.976352763000023], [118.04375820300004, 0.976357765000046], [118.0437582080001, 0.976373885000044], [118.04376697300006, 0.976444293000043], [118.0437672170001, 0.976448220000066], [118.04376722000006, 0.976457265000022], [118.04376699400007, 0.976458412000056], [118.04376715100011, 0.976459371000033], [118.04376628000011, 0.976472575000059], [118.04376876100002, 0.976474390000021], [118.04383264900002, 0.97642670700003], [118.04403823200005, 0.976259640000023], [118.04408729500005, 0.976231398000039], [118.04415036900002, 0.976170222000064], [118.04420176600001, 0.976134924000064], [118.0442134330001, 0.976078468000026], [118.04425781500004, 0.976075812000033], [118.04440065100005, 0.976068099000031], [118.04441861600003, 0.97604095600002], [118.0443826500001, 0.975977647000036], [118.04436466000004, 0.975923378000061], [118.04438260500001, 0.975832915000069], [118.04438260000006, 0.975814823000064], [118.04438260000006, 0.975805776000072]]], [[[118.04361705100007, 0.976027050000027], [118.04361037700005, 0.976013625000064], [118.04356837700004, 0.975964333000036], [118.04356487100006, 0.975964334000025], [118.04355659400005, 0.975963221000029], [118.04336515400007, 0.975910730000066], [118.04330880400005, 0.975918851000074], [118.04313010200008, 0.975945890000048], [118.04296027100008, 0.97598193500005], [118.04295983000009, 0.975981981000075], [118.042959418, 0.975982104000025], [118.0427617250001, 0.976018349000071], [118.042757563, 0.976018728000042], [118.04275700800008, 0.976018847000034], [118.04265492400009, 0.976021851000041], [118.04265448600006, 0.976021770000045], [118.04265401500004, 0.976021864000074], [118.04264884400004, 0.976021435000064], [118.04261231300006, 0.976015318000066], [118.04261231500004, 0.976023429000065], [118.0426213180001, 0.976077701000065], [118.04263032200004, 0.976131972000076], [118.04262285200002, 0.97628329500003], [118.04262592000009, 0.976447992000033], [118.04262587900007, 0.976448214000072], [118.04262592600003, 0.976448448000042], [118.0426262530001, 0.976523945000054], [118.04262624100011, 0.976524008000069], [118.0426262530001, 0.976524073000064], [118.04262588200004, 0.976528934000044], [118.04261687400003, 0.976587414000051], [118.04261045400006, 0.976732664000053], [118.04261032600004, 0.976733248000073], [118.042610394, 0.976733676000038], [118.04260357500004, 0.976823265000064], [118.04260361800004, 0.976964193000072], [118.04259469300007, 0.977163203000032], [118.04265761300007, 0.977208412000039], [118.04279245300006, 0.977344056000049], [118.04280242300001, 0.97739415500007], [118.04280658800008, 0.977405323000028], [118.04280668800004, 0.977405880000049], [118.04280781000011, 0.97740942300004], [118.04284557900007, 0.977576463000048], [118.04297444500003, 0.977716901000065], [118.04321170100002, 0.977743361000023], [118.04343421500005, 0.977761956000052], [118.04361154700007, 0.977583344000038], [118.04364493100002, 0.977445006000039], [118.04367250000007, 0.977313983000045], [118.04367312500005, 0.977311954000072], [118.04367312300008, 0.977307598000039], [118.04367806700009, 0.977302619000056], [118.04368102300009, 0.977298163000057], [118.04368214700003, 0.977297406000048], [118.04368257300007, 0.977295434000041], [118.04374184500011, 0.977164815000037], [118.04374409800005, 0.97715686600003], [118.04374457300003, 0.977152208000064], [118.04373597100005, 0.977117617000033], [118.04374441700008, 0.976940051000042], [118.04372311200007, 0.976825873000053], [118.04371434200004, 0.976790609000034], [118.0437134010001, 0.97678293000007], [118.04371338700003, 0.976737701000047], [118.04371338500005, 0.976730906000057], [118.04369569000005, 0.976606498000024], [118.04369537200012, 0.97660202000003], [118.04369536900003, 0.976592975000074], [118.04369559500003, 0.976591828000039], [118.0436954380001, 0.976590868000073], [118.04370431400002, 0.976456231000043], [118.04370431200005, 0.976450210000053], [118.0436955460001, 0.976379803000043], [118.04369530200006, 0.97637587600002], [118.0436952980001, 0.976360301000057], [118.0436601770001, 0.976139791000037], [118.04363442500005, 0.976070732000039], [118.04361705100007, 0.976027050000027]]]]}},
{"type": "Feature", "properties": {"ba_code": "4520", "blockid": "4520I21P10", "division": "03"}, "geometry": {"type": "MultiPolygon", "coordinates": [[[[118.06731912700002, 0.967168925000067], [118.06731141700004, 0.965827226000044], [118.06718813500004, 0.965908687000024], [118.06717456900003, 0.965918065000039], [118.06705814400004, 0.96596592800006], [118.06690511200009, 0.965974447000065], [118.06679759300005, 0.965934525000023], [118.06677955300006, 0.965929834000065], [118.06556636000005, 0.965857851000067], [118.06522490300006, 0.96594841600006], [118.06499135400009, 0.966265090000036], [118.064973398, 0.966319370000065], [118.06508155100005, 0.967332456000065], [118.06514447300003, 0.967386710000028], [118.06559388900007, 0.967685076000066], [118.06569306600011, 0.967783482000073], [118.06675324000003, 0.968001309000044], [118.06731939400004, 0.968023219000031], [118.06731923400002, 0.967512662000047], [118.06731912700002, 0.967168925000067]]], [[[118.0659421690001, 0.960638356000061], [118.06608592700002, 0.960556900000029], [118.06622971200011, 0.960565900000063], [118.06727206000005, 0.960312293000072], [118.0681077480001, 0.960149207000029], [118.06819680300009, 0.96008553300004], [118.06444251000005, 0.960105875000067], [118.06445098000006, 0.96244796700006], [118.06522347000009, 0.961335102000021], [118.06532228100002, 0.961208431000045], [118.0659421690001, 0.960638356000061]]]]}},
{"type": "Feature", "properties": {"ba_code": "4520", "blockid": "4520I12P08", "division": "02"}, "geometry": {"type": "MultiPolygon", "coordinates": [[[[118.03940638200004, 0.964852877000055], [118.04083956700003, 0.964790006000044], [118.04138038300005, 0.964769569000055], [118.04223475600008, 0.96473166200002], [118.04222805000006, 0.964526360000036], [118.04220060900002, 0.962943357000029], [118.04208337300008, 0.96158652500003], [118.0420379630001, 0.960012573000029], [118.04050442300002, 0.960020911000072], [118.03907243200001, 0.960067756000058], [118.03918968000005, 0.961469818000069], [118.03927336400011, 0.962819725000031], [118.03940638200004, 0.964852877000055]]]]}},
{"type": "Feature", "properties": {"ba_code": "4520", "blockid": "4520F11P09", "division": "06"}, "geometry": {"type": "MultiPolygon", "coordinates": [[[[118.03749083100001, 0.99378788100006], [118.03750114800005, 0.993785812000056], [118.03751275700006, 0.993785808000041], [118.03754300600008, 0.993770572000074], [118.03754402200002, 0.993770330000075], [118.03754505000006, 0.993769647000022], [118.03763490500012, 0.99373343600007], [118.03763503700009, 0.993733410000061], [118.03763782300007, 0.993732450000039], [118.0377366680001, 0.993705282000064], [118.0377370010001, 0.993705236000039], [118.03773758600005, 0.993705046000059], [118.03789034700003, 0.993668815000035], [118.03789075500003, 0.993668767000031], [118.03789123500007, 0.993668620000051], [118.03807095600007, 0.993632380000065], [118.03807410500008, 0.993632065000043], [118.03807489600001, 0.99363188600006], [118.0382531890001, 0.993622856000059], [118.03842048400008, 0.993596213000046], [118.03861284600009, 0.993534537000073], [118.03883046400006, 0.993394246000037], [118.03896990600003, 0.993209903000036], [118.03907661700009, 0.993003869000063], [118.039077012, 0.993003327000054], [118.03907777400002, 0.99300185200002], [118.03920352400007, 0.992802804000064], [118.03920611400008, 0.992799552000065], [118.03920655900004, 0.992798857000025], [118.03933044500002, 0.992665163000026], [118.03945417500006, 0.992460409000046], [118.03947031300004, 0.992427895000048], [118.03947810700004, 0.992396470000074], [118.039504598, 0.992137911000043], [118.03949563600008, 0.99187867400002], [118.03946882800005, 0.991663344000074], [118.03946026300002, 0.991611719000048], [118.03945193800007, 0.99158660400002], [118.03945177900005, 0.991585623000049], [118.03945102900002, 0.991583100000071], [118.03941516700002, 0.991393907000031], [118.0393613660001, 0.991177572000026], [118.03936110100005, 0.991175408000061], [118.03936071300006, 0.991173882000055], [118.0393337490001, 0.990921309000043], [118.0392978430001, 0.990695871000071], [118.03929750300006, 0.990691584000047], [118.03929749800011, 0.990676179000047], [118.03928902200005, 0.990633588000037], [118.03928849700003, 0.990628266000044], [118.03928987800009, 0.990619684000023], [118.03929885600007, 0.990592544000037], [118.03929950400004, 0.990591488000064], [118.03929979500003, 0.990590104000034], [118.0393357160001, 0.990508680000062], [118.03934128600008, 0.99050051100005], [118.03941315700001, 0.990428122000026], [118.03941937800005, 0.990423447000069], [118.0396350200001, 0.990305784000043], [118.03963754300003, 0.99030457300006], [118.0396380200001, 0.990304477000052], [118.03963839300002, 0.990304235000053], [118.03982878500005, 0.99023229900007], [118.0398382510001, 0.990230568000072], [118.0398426490001, 0.990231447000042], [118.03986341000007, 0.98989537600005], [118.0398903030001, 0.989678268000034], [118.03984517000004, 0.989036032000058], [118.03981815400005, 0.988855124000054], [118.03990791300009, 0.98851135600006], [118.03993477900008, 0.988212837000049], [118.03991671100005, 0.987905286000057], [118.0399256070001, 0.987615818000052], [118.03988059300002, 0.987353504000055], [118.03920660500012, 0.987371808000034], [118.03888308500007, 0.987362864000033], [118.0384067980001, 0.987372059000052], [118.03814618700005, 0.987372141000037], [118.0380457770001, 0.98732725800005], [118.03798356000004, 0.987560163000069], [118.0379824360001, 0.987563494000028], [118.03798093700004, 0.987566573000038], [118.03794501000004, 0.987629905000063], [118.03794066800003, 0.987635631000046], [118.03794014400012, 0.987635984000065], [118.03793982200011, 0.987636447000057], [118.03783201400006, 0.987735984000039], [118.03783097300004, 0.98773665300007], [118.03782766800009, 0.98773925200004], [118.03773781900009, 0.987793555000053], [118.03773426600003, 0.987795357000039], [118.03773135600011, 0.98779638000002], [118.0375470890001, 0.987849437000023], [118.03727818800007, 0.988041654000028], [118.0372273160001, 0.988152695000053], [118.03722691400003, 0.988153275000059], [118.03722527100001, 0.988156376000063], [118.0371149980001, 0.988318780000043], [118.03712312500011, 0.988324911000063], [118.0371475390001, 0.988454121000075], [118.03715568200005, 0.988512388000061], [118.03716688100008, 0.98860234600005], [118.03717264300008, 0.988687434000042], [118.03716572700012, 0.988734173000068], [118.03717614100003, 0.988793462000046], [118.037176165, 0.988871937000056], [118.03718137800001, 0.988920765000046], [118.03718139500006, 0.988974825000071], [118.03721086700011, 0.989041084000064], [118.03723685600005, 0.989047005000032], [118.03725765200011, 0.989066182000045], [118.03725073400005, 0.989104549000047], [118.03722649500003, 0.989153386000055], [118.03721438000002, 0.989193500000056], [118.03721266900004, 0.989263256000072], [118.03722653800003, 0.989292898000031], [118.03724040400004, 0.989312076000033], [118.03726120400006, 0.989345204000074], [118.037268143, 0.989374848000068], [118.03726468700006, 0.989404495000031], [118.03724044700004, 0.989451588000065], [118.03721447900011, 0.989512633000061], [118.03718156600007, 0.989528338000071], [118.037181583, 0.989581004000058], [118.03716081000005, 0.989635071000066], [118.0371331130001, 0.989710067000033], [118.03709007000009, 0.989748597000073], [118.03708240500009, 0.98977784300007], [118.0371454540001, 0.989809827000045], [118.03714482600003, 0.98988947600003], [118.03713155600008, 0.990036914000029], [118.03709922700011, 0.990062582000064], [118.03709929100012, 0.990269372000057], [118.03708027700009, 0.99029426900006], [118.03707458400004, 0.990339076000055], [118.03704415700008, 0.990365891000067], [118.03704417600011, 0.990425248000065], [118.03702515900011, 0.990440571000022], [118.0370099480001, 0.990461638000056], [118.03697382300004, 0.990515262000031], [118.03696051300005, 0.990532499000039], [118.03694530000007, 0.990547821000064], [118.03692818900004, 0.990576164000061], [118.03690918000007, 0.990618294000058], [118.03690729200002, 0.99066424800003], [118.03689017600004, 0.990675742000064], [118.03689021100001, 0.990787945000022], [118.03689420500007, 0.991396443000042], [118.03691894000008, 0.991419411000038], [118.03692465400002, 0.991442386000074], [118.03694368200001, 0.991461528000059], [118.03695510200009, 0.991484501000059], [118.03698364000002, 0.991499809000061], [118.03700077100007, 0.991536950000068], [118.03700459000004, 0.991582902000061], [118.03702362100012, 0.991611617000046], [118.03702369500002, 0.991851723000025], [118.03702372200007, 0.991937885000027], [118.03702375400007, 0.992041280000024], [118.03700664500002, 0.992075751000073], [118.03700094700002, 0.992100644000061], [118.036970515, 0.992112142000053], [118.036961012, 0.992137036000031], [118.03693058600004, 0.992165767000074], [118.03692298500005, 0.992190661000052], [118.03689255900008, 0.992221306000033], [118.03688496000007, 0.992251944000031], [118.03685833100008, 0.992257696000024], [118.03679557800001, 0.992318987000033], [118.03679559000011, 0.992357282000057], [118.03677657500009, 0.992380264000076], [118.03676707700004, 0.992424306000032], [118.03673855200009, 0.99244920600006], [118.03672144600012, 0.992493250000052], [118.03670814100008, 0.992525805000071], [118.03668342300011, 0.992558363000057], [118.03669102300012, 0.992819853000071], [118.03666061900003, 0.992917513000066], [118.0366451640001, 0.993007651000028], [118.0366548180001, 0.993075525000052], [118.03665048000005, 0.993123549000074], [118.0366479700001, 0.993272848000061], [118.03662752000002, 0.993301169000063], [118.03659685500008, 0.993370679000066], [118.03655380400005, 0.993507058000034], [118.03656345400009, 0.993560387000059], [118.0366260830001, 0.993604002000041], [118.03673685900003, 0.993584574000067], [118.03688138500002, 0.993671798000037], [118.03692476300012, 0.993763902000069], [118.03694043900009, 0.993834198000059], [118.03692961600007, 0.993881473000044], [118.03696575100003, 0.993914188000076], [118.03700912400006, 0.993990535000023], [118.03705610300005, 0.994045064000034], [118.03708140600008, 0.994095964000053], [118.03722987300011, 0.993975435000038], [118.03723024400006, 0.993975176000049], [118.03723051800011, 0.99397476200005], [118.03723391100004, 0.993971867000027], [118.03735969500008, 0.993881369000064], [118.03748547900011, 0.993790872000034], [118.03749083100001, 0.99378788100006]]], [[[118.03799505400002, 0.987309732000028], [118.03798440800006, 0.98730497400004], [118.03718866000008, 0.987383584000042], [118.03718910500004, 0.987385662000065], [118.03720726000006, 0.987973633000024], [118.03720703400006, 0.98797488200006], [118.03720724200002, 0.987976078000031], [118.03720234600007, 0.988082744000053], [118.03723223700001, 0.988017502000048], [118.03723764900008, 0.98800968300003], [118.03724110900009, 0.98800674000006], [118.03751963200011, 0.987807645000032], [118.03752491600005, 0.987804703000052], [118.03752782700008, 0.98780368000007], [118.037713112, 0.98775033000004], [118.0377975770001, 0.987699281000062], [118.03790027500008, 0.987604461000046], [118.037932393, 0.987547843000073], [118.03799391500002, 0.987317542000028], [118.03799505400002, 0.987309732000028]]], [[[118.03986318300008, 0.994693851000022], [118.03986448500007, 0.99333792300007], [118.03983742300011, 0.993012283000041], [118.03986435800005, 0.992930862000037], [118.03992725800003, 0.992912751000063], [118.0400260880001, 0.99284035300002], [118.0400979530001, 0.992749873000037], [118.0400979100001, 0.992614186000026], [118.03981917600004, 0.992134847000045], [118.03992693900011, 0.991890577000049], [118.04001677400004, 0.99179104500007], [118.04006167600005, 0.991691527000057], [118.04008860200008, 0.991582969000035], [118.03993583200008, 0.991592063000041], [118.03984596300006, 0.991583046000073], [118.03983667800003, 0.990624195000066], [118.03982764600005, 0.990479466000068], [118.03983926100011, 0.990291462000073], [118.03965908300006, 0.990359539000053], [118.03944852400002, 0.990474429000074], [118.03938296500007, 0.990540461000023], [118.03934960400011, 0.990616082000031], [118.03934329900005, 0.990635142000031], [118.03935089400011, 0.990673301000072], [118.03935141900001, 0.990678623000065], [118.03935142400007, 0.99069455800003], [118.0393871010001, 0.990918561000058], [118.03938717800008, 0.990919528000063], [118.03938728700007, 0.990919957000074], [118.03941412600011, 0.991171363000035], [118.03946766000001, 0.99138662200005], [118.03946774300005, 0.991387297000074], [118.03946799000005, 0.991388126000061], [118.03950365700007, 0.991576294000026], [118.0395120820001, 0.991601707000029], [118.0395122860001, 0.991602969000041], [118.03951310000002, 0.991605827000058], [118.03952210300008, 0.991660099000057], [118.03952216200003, 0.991660814000056], [118.0395222620001, 0.991661194000073], [118.03954929000008, 0.991878285000041], [118.03954942400003, 0.99188044300007], [118.03954948300009, 0.991880715000036], [118.03955855100003, 0.99214304000003], [118.03955847100008, 0.992143488000067], [118.03955856700009, 0.992143976000023], [118.03955842500011, 0.992146768000055], [118.03953154700002, 0.992409104000046], [118.03953116200012, 0.992410641000049], [118.03953088700007, 0.99241289400004], [118.03952191100007, 0.992449080000029], [118.03952066500005, 0.992452884000045], [118.03952007300006, 0.992453777000037], [118.03951987200003, 0.992454635000058], [118.03950191000001, 0.992490824000072], [118.03950160900001, 0.992491245000053], [118.03950082600011, 0.992492798000058], [118.03937507900002, 0.992700891000027], [118.03937230400004, 0.992704447000051], [118.03937176000011, 0.992705298000033], [118.03924768800005, 0.992839192000019], [118.03912389600009, 0.993035141000064], [118.03901665700005, 0.993242194000061], [118.03901558100006, 0.993243671000073], [118.03901420000011, 0.993246089000024], [118.03887047400008, 0.993436096000039], [118.038868094, 0.993438839000021], [118.03886356400005, 0.993442509000033], [118.03863894400001, 0.993587312000045], [118.03863472900002, 0.99358952800003], [118.03863258700005, 0.993590317000042], [118.03843490100007, 0.993653700000038], [118.03843348400005, 0.993653922000021], [118.0384309320001, 0.993654647000028], [118.03826019500002, 0.993681838000043], [118.03825782800004, 0.993682026000045], [118.03825733700012, 0.993682138000054], [118.0380795960001, 0.993691140000067], [118.0379022730001, 0.993726896000055], [118.037750415, 0.993762913000069], [118.03765351600009, 0.993789547000063], [118.03756613300004, 0.993824763000021], [118.03753119600003, 0.993842360000031], [118.03753034300007, 0.993842563000044], [118.03752945600002, 0.99384316000004], [118.03751914000009, 0.993845229000044], [118.03750980600012, 0.993845232000069], [118.0373910510001, 0.993930673000023], [118.03726746300003, 0.99401959000005], [118.0371722220001, 0.99412237100006], [118.03716029000009, 0.994135247000031], [118.03711034900005, 0.994234132000031], [118.03693341600001, 0.994481453000049], [118.0367745320001, 0.994688769000049], [118.036785387, 0.994743309000057], [118.03683241200008, 0.994946924000033], [118.03683967600011, 0.995070554000051], [118.03681445600012, 0.995285101000036], [118.03675307900005, 0.995397844000024], [118.03672420200007, 0.995470578000038], [118.03674229100011, 0.995554206000065], [118.03673509100008, 0.995634206000034], [118.0367278870001, 0.995703297000034], [118.03670987300006, 0.995856025000023], [118.03674966500012, 0.996034189000056], [118.03691572600007, 0.996303329000057], [118.03698296100004, 0.996321116000047], [118.03709975900006, 0.996417245000032], [118.03729391200011, 0.996468244000027], [118.03729464600008, 0.996468511000046], [118.03729481500011, 0.996468539000034], [118.03745749300003, 0.996523904000071], [118.03775952400008, 0.99653900900006], [118.03796253500002, 0.99652399200005], [118.03811157000007, 0.996462455000028], [118.03818874500007, 0.996416949000036], [118.03840424500004, 0.996270020000054], [118.038562296, 0.996115393000025], [118.03861128500012, 0.996032387000071], [118.038697941, 0.995896606000031], [118.03883273500003, 0.995668692000038], [118.03909753900007, 0.995319528000039], [118.03925640800003, 0.995067365000068], [118.03953091400001, 0.99493637300003], [118.03972835800005, 0.994819950000021], [118.03980539800011, 0.994737505000046], [118.03986318300008, 0.994693851000022]]]]}},
{"type": "Feature", "properties": {"ba_code": "4520", "blockid": "4520D08P07", "division": "01"}, "geometry": {"type": "MultiPolygon", "coordinates": [[[[118.02824648800004, 1.011762949000058], [118.02872687600006, 1.01190345200007], [118.0291223270001, 1.012020921000044], [118.02919172200006, 1.012030877000029], [118.02919669900007, 1.012050471000066], [118.029616669, 1.012255954000068], [118.02967962100001, 1.012400667000065], [118.02967064300003, 1.012427807000051], [118.02973365300011, 1.012753437000072], [118.0297246660001, 1.01275344000004], [118.02980566600002, 1.013133338000046], [118.02980567500003, 1.013160475000063], [118.02989570400007, 1.013676058000044], [118.0298957650001, 1.013866020000023], [118.02989577000005, 1.013884112000028], [118.0300668000001, 1.014076081000042], [118.03017910400001, 1.014104303000067], [118.03029457900004, 1.014122192000059], [118.03050181700007, 1.014207451000061], [118.03063828100005, 1.013870845000042], [118.03093001800005, 1.013107561000027], [118.03105243800007, 1.013036417000023], [118.03113715600011, 1.012879959000031], [118.03119844100002, 1.012626327000021], [118.03127418100007, 1.012555908000024], [118.03128825400006, 1.012454427000023], [118.03128824200007, 1.01241824400006], [118.03120730500007, 1.012237354000035], [118.03115338200007, 1.012228325000024], [118.03098265500012, 1.012291701000038], [118.0308826260001, 1.012253961000056], [118.03080287900002, 1.012156071000049], [118.03077582800006, 1.011866614000041], [118.03074914400008, 1.011651320000055], [118.03078469200011, 1.011477641000056], [118.03091938300008, 1.011133857000061], [118.03105412600007, 1.010952898000028], [118.03106304200003, 1.010726749000071], [118.03098204800006, 1.01036494300007], [118.03095501900009, 1.010147852000046], [118.03090099100007, 1.009804128000042], [118.0311165710001, 1.009487456000045], [118.03112549800005, 1.009297491000041], [118.03108043300006, 1.008881398000028], [118.031080169, 1.008040138000069], [118.03114295900002, 1.007669240000041], [118.03110680200007, 1.006999861000054], [118.03114269100001, 1.006818933000034], [118.031097627, 1.006402840000021], [118.03107058500007, 1.00614052100002], [118.03112438300002, 1.005751534000069], [118.03080982400002, 1.005670221000059], [118.03049534000002, 1.005824100000041], [118.0302976160001, 1.005769888000032], [118.03001004300006, 1.005769979000036], [118.029814482, 1.005841447000023], [118.02938059000007, 1.005894620000049], [118.0289766190001, 1.005905995000035], [118.02870705600003, 1.006023676000041], [118.02891388000012, 1.006439718000024], [118.02911178800002, 1.007081908000032], [118.02944452700001, 1.00782355900003], [118.02946269400002, 1.008438669000043], [118.02965162100008, 1.009098953000034], [118.02897787400002, 1.009904246000076], [118.02859149500011, 1.010058148000041], [118.02858200600008, 1.010139563000052], [118.02859152100007, 1.010139560000027], [118.02859647100001, 1.010141088000069], [118.02862701100003, 1.010198108000054], [118.02863647400011, 1.010202867000032], [118.02864546700005, 1.010220955000023], [118.02867243800006, 1.01025713000007], [118.02875335500005, 1.010374700000057], [118.02877133100003, 1.010383740000066], [118.02882535700007, 1.010718418000067], [118.02882368000007, 1.010743191000074], [118.02865464700005, 1.01083606800006], [118.0286456660001, 1.010854163000033], [118.02860074400007, 1.011010565000049], [118.0286727570001, 1.011270262000039], [118.02869073600004, 1.011288347000061], [118.02870872900007, 1.011351662000038], [118.02878065400012, 1.011451143000045], [118.02885257300011, 1.011532533000036], [118.02891549100002, 1.01156869600004], [118.02896048500008, 1.011758644000054], [118.02896049900005, 1.011803873000019], [118.02895151500002, 1.011812922000047], [118.02827750000006, 1.011767908000024], [118.02825053700008, 1.011758870000051], [118.02824648800004, 1.011762949000058]], [[118.03012803500008, 1.009478726000054], [118.03029877000006, 1.009442488000047], [118.0303167400001, 1.009433437000041], [118.03032572400002, 1.00942438800007], [118.03040660700003, 1.009433408000064], [118.03048054600004, 1.009401807000074], [118.03055804500002, 1.009446351000065], [118.03045175400007, 1.010111829000039], [118.030469734, 1.010220762000074], [118.03028714300001, 1.01038795300002], [118.03008343200008, 1.010528054000019], [118.03000492600006, 1.010549604000062], [118.03007150700012, 1.011073266000039], [118.03008826300004, 1.011557946000039], [118.02996651100011, 1.01159141100004], [118.02987241100004, 1.011558015000048], [118.02971732800006, 1.011201514000049], [118.029695091, 1.010889540000051], [118.02970608300006, 1.010644408000076], [118.0298111840001, 1.010460529000056], [118.02999931700003, 1.010315620000029], [118.03013724100003, 1.010175251000021], [118.03014622100011, 1.010157156000048], [118.03015520500003, 1.01014810700002], [118.0301731620001, 1.010093827000048], [118.03020907100006, 1.009976220000055], [118.03021804900004, 1.009949079000023], [118.03024496700004, 1.00981338400004], [118.03025390800008, 1.009668648000059], [118.03014355900007, 1.009523491000039], [118.03012609000007, 1.009487385000057], [118.03012803500008, 1.009478726000054]]]]}},
{"type": "Feature", "properties": {"ba_code": "4520", "blockid": "4520J11P09", "division": "02"}, "geometry": {"type": "MultiPolygon", "coordinates": [[[[118.0360062960001, 0.953357723000067], [118.03606063100005, 0.955681463000076], [118.03608778800003, 0.956341798000039], [118.03612442200006, 0.958630375000041], [118.03613378900002, 0.959896784000023], [118.03771542200002, 0.95991439300002], [118.03898249800011, 0.959841639000047], [118.03897307500006, 0.958394315000021], [118.03896363900003, 0.956901763000076], [118.03896325100004, 0.955608214000051], [118.03895727200006, 0.955071036000049], [118.03895169700002, 0.95395165900004], [118.03736740300008, 0.95362625000007], [118.0360062960001, 0.953357723000067]]]]}},
{"type": "Feature", "properties": {"ba_code": "4520", "blockid": "4520G14P09", "division": "06"}, "geometry": {"type": "MultiPolygon", "coordinates": [[[[118.04757007100011, 0.979659925000021], [118.04755793600009, 0.979546252000034], [118.04696039500004, 0.978276557000072], [118.04681746400001, 0.978175219000036], [118.04663698700006, 0.978142630000036], [118.04648867800006, 0.978178397000022], [118.04637977100003, 0.978154071000063], [118.04622247600003, 0.978170360000036], [118.0460786000001, 0.978180463000058], [118.04593208200004, 0.978190751000056], [118.04592018500011, 0.978193845000021], [118.04580705900003, 0.978223270000058], [118.04578692300004, 0.978320714000063], [118.04567808800005, 0.978531864000047], [118.04554101500003, 0.97872678300007], [118.04536758800009, 0.978747137000028], [118.04531919200008, 0.978759332000038], [118.045258697, 0.978775590000055], [118.04527089300007, 0.979088200000035], [118.04530812700011, 0.980093184000054], [118.04533491200004, 0.980541470000048], [118.04537136200008, 0.981151519000036], [118.045378561, 0.981470817000059], [118.0453519350001, 0.982054436000055], [118.045377045, 0.982517545000064], [118.04541642800007, 0.983002189000047], [118.04545365000001, 0.983135879000031], [118.04547081200008, 0.983078237000029], [118.04590494500007, 0.982682520000026], [118.04609969100011, 0.982499110000049], [118.04652192700007, 0.982073826000033], [118.04659823100008, 0.981948478000049], [118.04679393900005, 0.981389587000024], [118.046899058, 0.981096764000029], [118.04725831700011, 0.980445356000075], [118.04729251700007, 0.980390812000053], [118.04736610200007, 0.980273452000063], [118.04736859500008, 0.980273036000028], [118.0475188370001, 0.980155809000053], [118.04756041500002, 0.980130680000059], [118.04771559100004, 0.979713755000034], [118.04767141200011, 0.979711852000037], [118.04757007100011, 0.979659925000021]]]]}},
{"type": "Feature", "properties": {"ba_code": "4520", "blockid": "4520I20P10", "division": "03"}, "geometry": {"type": "MultiPolygon", "coordinates": [[[[118.06269662000011, 0.965366390000042], [118.06293156900006, 0.965095935000022], [118.0629322420001, 0.965095449000046], [118.06293279500005, 0.965094616000044], [118.06293622200008, 0.965091696000059], [118.06321377300003, 0.964892683000073], [118.06334020200006, 0.964642678000075], [118.06334515900005, 0.964635805000057], [118.063353903, 0.96462992000005], [118.06336421900005, 0.964627851000046], [118.06336475400008, 0.964627958000051], [118.0634648030001, 0.964379391000023], [118.06363569200005, 0.964183641000034], [118.0638588170001, 0.963976812000055], [118.06435953300002, 0.963589576000061], [118.06440943100006, 0.962547483000037], [118.06439197600002, 0.96011427000002], [118.06189476400004, 0.960118426000065], [118.06189309600006, 0.962132170000075], [118.06180349800002, 0.962991542000054], [118.06183925300002, 0.964096593000022], [118.06269344200007, 0.963913926000032], [118.06282831800002, 0.96416716400006], [118.06300824900006, 0.964818399000023], [118.06287348600006, 0.964926990000038], [118.062864525, 0.965008405000049], [118.06277472200009, 0.965207439000039], [118.06183113800012, 0.965189982000027], [118.06183121100003, 0.965424833000043], [118.06177781500003, 0.967107355000053], [118.06177602200012, 0.967162612000038], [118.06191090400011, 0.966913512000076], [118.06200548700008, 0.966651438000042], [118.062081755, 0.966315081000062], [118.06208312800004, 0.966310743000065], [118.06208366800001, 0.966309929000033], [118.06208385200011, 0.966309133000038], [118.06224683300002, 0.965975934000028], [118.06224771400002, 0.965974695000057], [118.06224938500009, 0.965971730000035], [118.06269528000007, 0.965368062000039], [118.06269638000003, 0.965366779000021], [118.06269662000011, 0.965366390000042]]], [[[118.06338564900011, 0.964718778000019], [118.06337012000006, 0.964703156000041], [118.06325882500005, 0.964923235000072], [118.06325386900005, 0.964930108000033], [118.06325044100004, 0.964933027000029], [118.06297007900002, 0.965134057000057], [118.0627379120001, 0.965401308000025], [118.06229412000005, 0.966002128000071], [118.06213362000005, 0.966330256000049], [118.06205768200005, 0.966665158000069], [118.06205683200005, 0.966667842000049], [118.06205673700003, 0.966668386000038], [118.06196088800004, 0.966933968000035], [118.06196058400008, 0.966934450000053], [118.06196045900003, 0.966935079000052], [118.06195922100005, 0.966937689000019], [118.06178664200002, 0.967256406000047], [118.06178204000003, 0.967262602000062], [118.06177329500008, 0.967268487000069], [118.0617725830001, 0.967268630000035], [118.06170973000008, 0.968756119000034], [118.06170307600007, 0.968914703000053], [118.06368355900008, 0.969078721000074], [118.06368258500004, 0.965948902000036], [118.06362866000006, 0.965930828000069], [118.06341294600008, 0.965804256000069], [118.06333204500004, 0.965731915000049], [118.06325207500004, 0.965644697000073], [118.06328704500004, 0.965514832000054], [118.06331396300004, 0.96537913800006], [118.06334986900004, 0.965252487000043], [118.06339477100005, 0.96515296900003], [118.0634486670001, 0.965080587000045], [118.0634935710001, 0.964990115000035], [118.06346658900009, 0.96491775800007], [118.06338565800002, 0.964745915000037], [118.06338564900011, 0.964718778000019]]], [[[118.0649414610001, 0.968427031000033], [118.06479767200005, 0.968408985000053], [118.06468983700006, 0.968418065000037], [118.06456403000004, 0.968427151000071], [118.06445618100008, 0.968391002000033], [118.06436631000008, 0.968372939000062], [118.06430337400002, 0.96827345600002], [118.06413262900003, 0.968264464000072], [118.06401580500005, 0.968264501000021], [118.06387199900007, 0.968192181000063], [118.06387195900004, 0.968065541000044], [118.06390787700002, 0.967975072000058], [118.06388986700006, 0.967857483000046], [118.06383587500011, 0.96762231200006], [118.0638088930001, 0.967549955000038], [118.0638537860001, 0.967423300000064], [118.06388970700004, 0.96734187800007], [118.06396143500001, 0.966817203000062], [118.06394343700003, 0.966735797000069], [118.06389845400008, 0.966572989000042], [118.06391635900002, 0.966355886000031], [118.06388934300003, 0.966174980000062], [118.06388930700007, 0.966057386000045], [118.06387131400004, 0.965994071000068], [118.06378145200006, 0.966003145000059], [118.06375544800005, 0.96906965200003], [118.06427666600007, 0.969078533000072], [118.06472598900007, 0.969078391000039], [118.06480684200005, 0.968996954000033], [118.06493262700008, 0.968915503000062], [118.06503145800002, 0.968852151000021], [118.06506738400003, 0.968788820000043], [118.06509431500001, 0.968698354000026], [118.06505834100005, 0.96860790900007], [118.06500440000002, 0.968535560000021], [118.0649414610001, 0.968427031000033]]]]}},
{"type": "Feature", "properties": {"ba_code": "4520", "blockid": "4520I02P11", "division": "02"}, "geometry": {"type": "MultiPolygon", "coordinates": [[[[118.01522315600005, 0.968227355000067], [118.01407072500001, 0.968224447000068], [118.01404580700012, 0.968386008000039], [118.01399074800008, 0.968733665000059], [118.0139313950001, 0.969037643000036], [118.01384097700009, 0.969446895000033], [118.01527883100005, 0.969437415000073], [118.01526066200006, 0.968777073000069], [118.01522315600005, 0.968227355000067]]], [[[118.01364238400004, 0.969483171000036], [118.01364328200009, 0.969483138000044], [118.01364403000002, 0.969483640000021], [118.01362880700003, 0.969355457000063], [118.01364306500011, 0.96932673200007], [118.01365375300009, 0.96928723700006], [118.01367579500004, 0.969047892000049], [118.01367577000008, 0.968964123000035], [118.01374698400002, 0.968569193000064], [118.0137675630001, 0.968210178000049], [118.01264662400001, 0.968211363000023], [118.01265919500008, 0.969158603000039], [118.01266294600009, 0.969458004000046], [118.01266374900001, 0.969519622000064], [118.01364238400004, 0.969483171000036]]]]}},
{"type": "Feature", "properties": {"ba_code": "4520", "blockid": "4520H25P08", "division": "04"}, "geometry": {"type": "MultiPolygon", "coordinates": [[[[118.08657228100003, 0.980405608000069], [118.08669808000002, 0.980369384000028], [118.08670443500012, 0.980370150000056], [118.08692274900011, 0.980396448000022], [118.08716462200005, 0.980403132000049], [118.08711645300002, 0.980360734000044], [118.08686158800003, 0.980219301000034], [118.08669210000005, 0.980196093000075], [118.08647182900006, 0.980165931000045], [118.08643740800005, 0.980165942000042], [118.0863475430001, 0.980165972000066], [118.08623970600001, 0.980166007000037], [118.0860779510001, 0.980166060000045], [118.08607713700007, 0.980165897000063], [118.08607645600011, 0.980166010000062], [118.08580685700008, 0.980148007000025], [118.08580677300006, 0.980147987000066], [118.08580671200002, 0.980147997000074], [118.08543907900003, 0.980121040000029], [118.08539496700007, 0.980121054000051], [118.08539445200006, 0.98012095100006], [118.08539399100005, 0.980121033000046], [118.08518730100002, 0.980112055000063], [118.08518717700008, 0.980112028000065], [118.08518708000008, 0.980112044000066], [118.08451368400006, 0.980076113000052], [118.08427164900002, 0.98007619200007], [118.08415482500004, 0.980076230000066], [118.08415428500007, 0.980076122000071], [118.08415380500003, 0.980076207000025], [118.08376122000004, 0.98005837300002], [118.08375890600007, 0.98005826800005], [118.08366955200006, 0.980058297000028], [118.08366642300007, 0.98005807800007], [118.08309217900012, 0.979976983000029], [118.08262579600012, 0.97995005100006], [118.08262491800008, 0.979949849000036], [118.08262221700011, 0.979949552000051], [118.08254133300011, 0.979931487000044], [118.08254026500003, 0.979931148000048], [118.08253975100001, 0.979931072000056], [118.08227088700005, 0.979849976000025], [118.0819121720001, 0.979768856000021], [118.08191164300001, 0.979768688000036], [118.08191131500007, 0.979768644000046], [118.08177650700009, 0.979732506000062], [118.08177507800008, 0.979732019000039], [118.08177478200002, 0.979731968000067], [118.08149898400006, 0.979633560000025], [118.08138513400002, 0.97962478200003], [118.08138510600008, 0.979624775000048], [118.08138499200004, 0.979624770000044], [118.08108517800008, 0.979599719000021], [118.08106147100011, 0.979597738000052], [118.08105866400001, 0.979597054000067], [118.08105623200004, 0.979596658000048], [118.08102992200008, 0.979587839000033], [118.08089973100004, 0.97955293800004], [118.08081441200011, 0.979561554000043], [118.08062617500002, 0.979588685000067], [118.08062299800008, 0.979588913000043], [118.08061949400008, 0.979588638000052], [118.08044874300003, 0.979561556000021], [118.08044852900002, 0.979561495000041], [118.08044822800002, 0.979561468000043], [118.08016324000005, 0.979509406000034], [118.08015359400008, 0.979519122000056], [118.08014683400006, 0.979523799000049], [118.08006596700011, 0.979560008000021], [118.08006482200005, 0.979560253000045], [118.0800639470001, 0.979560797000033], [118.08003952700005, 0.979569], [118.07982616200002, 0.979703328000028], [118.07982285300011, 0.97970504500006], [118.0798186620001, 0.979706329000066], [118.07977373200004, 0.979715389000035], [118.07977222000011, 0.979715540000029], [118.0797714900001, 0.979715724000073], [118.07949291900002, 0.979742951000048], [118.07949075500005, 0.979743057000064], [118.07949028300004, 0.979742963000035], [118.07948985700011, 0.979743039000027], [118.07926564200011, 0.979734084000029], [118.07914028100004, 0.97973412500005], [118.07913765600006, 0.97973397100003], [118.07904731800011, 0.979723303000071], [118.07899761700003, 0.979725105000057], [118.07899708200011, 0.979725008000059], [118.07899649500007, 0.979725126000062], [118.07869095600006, 0.979725225000038], [118.07869066300009, 0.979725166000037], [118.07869038400008, 0.979725220000034], [118.07833149600003, 0.979718768000055], [118.07804236600009, 0.979651331000071], [118.07788524400007, 0.979607892000047], [118.07767857100009, 0.97960795900002], [118.07765477700002, 0.979607967000049], [118.07765328300002, 0.979554464000046], [118.07765811900003, 0.979553481000039], [118.07765776500003, 0.979529135000064], [118.07769299900008, 0.978282763000038], [118.07764806700004, 0.977757477000068], [118.07772867900007, 0.977450549000025], [118.07771063700011, 0.977233458000057], [118.07767466500002, 0.977152059000048], [118.07756669800006, 0.976745038000047], [118.07755769200003, 0.976681722000023], [118.0774767910001, 0.976609382000049], [118.07743185000004, 0.976582260000043], [118.07713530600006, 0.976609492000023], [118.07683876800002, 0.976654816000064], [118.07680282500007, 0.976663874000053], [118.07667702900005, 0.976709143000051], [118.07625481200012, 0.977170609000041], [118.07533854600001, 0.97827447700007], [118.07452109200005, 0.97926072100006], [118.07451190300003, 0.979271120000021], [118.07451750400003, 0.979272485000024], [118.07448030400008, 0.979309955000076], [118.07447986900002, 0.97930984900006], [118.07447817400009, 0.979309293000028], [118.07445562300006, 0.979334814000026], [118.07444586600002, 0.979344641000068], [118.07444654400001, 0.979345089000049], [118.07372158500004, 0.980165548000059], [118.07468314500011, 0.980192374000069], [118.07524026800002, 0.980074600000023], [118.07583341200007, 0.980192002000024], [118.07669613200005, 0.980255043000057], [118.077468941, 0.980173382000032], [118.07765242500011, 0.980173322000041], [118.0779092780001, 0.980173239000067], [118.078484408, 0.980164007000042], [118.07880792800006, 0.980191039000033], [118.07908650600007, 0.980181903000073], [118.07946392500003, 0.980145598000036], [118.07997615500005, 0.980154478000031], [118.08014690300001, 0.98017251300007], [118.08059622600001, 0.980172368000069], [118.08100963100003, 0.980262690000075], [118.08108539300008, 0.980270554000072], [118.08153086200002, 0.980316794000032], [118.08190829600005, 0.980325717000028], [118.0821958680001, 0.98034371500006], [118.08267214900002, 0.980343560000051], [118.08325626500005, 0.980334324000069], [118.08372355900008, 0.980334172000028], [118.08373450400006, 0.980334937000066], [118.08410998500005, 0.98036118300007], [118.08454134200008, 0.980388180000034], [118.08460424100008, 0.98037006800007], [118.084990661, 0.980378987000051], [118.08513445000006, 0.980397032000042], [118.08535910800003, 0.980387913000072], [118.08567363300006, 0.980387810000025], [118.08590728000001, 0.980387734000033], [118.08615888500003, 0.980342424000071], [118.08657228100003, 0.980405608000069]]], [[[118.0771352910001, 0.976564264000046], [118.07743183800005, 0.976546077000023], [118.07752171100003, 0.976573185000063], [118.07759357400005, 0.976482705000024], [118.07761148100008, 0.976274649000061], [118.07759331500006, 0.975668594000069], [118.07688365900003, 0.976528162000022], [118.07682076900005, 0.976573411000061], [118.07687469000007, 0.976582439000026], [118.0771352910001, 0.976564264000046]]]]}},
{"type": "Feature", "properties": {"ba_code": "4520", "blockid": "4520C07P09", "division": "01"}, "geometry": {"type": "MultiPolygon", "coordinates": [[[[118.026304546, 1.014219486000059], [118.02629087600008, 1.014238051000063], [118.02584174000003, 1.01487140200004], [118.025815254, 1.016373018000024], [118.02581525700009, 1.016382064000027], [118.026066936, 1.016544808000049], [118.02606693900009, 1.016553854000051], [118.02616168600002, 1.016735981000068], [118.02627375600002, 1.016942758000027], [118.02701966600011, 1.016987749000066], [118.02701966900008, 1.016996794000022], [118.02717245100007, 1.017023883000036], [118.02738813500002, 1.017032860000029], [118.02746003100003, 1.017041882000058], [118.02746003400011, 1.01705092800006], [118.02758587100004, 1.017123254000069], [118.02740636900012, 1.017856024000025], [118.027415356, 1.017856021000057], [118.02711598300004, 1.01786498000007], [118.02684020400011, 1.017847159000041], [118.02683121700011, 1.017847162000066], [118.0265526290001, 1.017847251000035], [118.02585188000012, 1.017956], [118.02586996000002, 1.018860603000064], [118.0258699630001, 1.01886964800002], [118.0284760610001, 1.018724079000037], [118.02852458000007, 1.018714096000053], [118.02842996000004, 1.015684406000048], [118.02839421600004, 1.015675664000071], [118.02829537100001, 1.015702833000034], [118.02807965900001, 1.015603398000053], [118.02779203300008, 1.015440666000075], [118.02745942600006, 1.015124168000057], [118.02746841200008, 1.015124166000021], [118.02697391600009, 1.014400658000056], [118.026304546, 1.014219486000059]]]]}},
{"type": "Feature", "properties": {"ba_code": "4520", "blockid": "4520G04P07", "division": "01"}, "geometry": {"type": "MultiPolygon", "coordinates": [[[[118.0175164960001, 0.978265778000036], [118.01756451800009, 0.979730904000064], [118.01754671900005, 0.980309844000033], [118.01752893200012, 0.980924968000068], [118.01762798700008, 0.981594330000064], [118.01766399600001, 0.98180237400004], [118.01780781800005, 0.981919926000046], [118.01785280000001, 0.982082737000042], [118.01781692200007, 0.982308895000074], [118.0177001510001, 0.982489847000068], [118.01760133300002, 0.982607474000019], [118.01751174600008, 0.983530178000024], [118.01760209600002, 0.983920143000034], [118.01763238500007, 0.984093671000039], [118.01766881000003, 0.984246118000044], [118.01765953200004, 0.984436927000047], [118.01761103000001, 0.984950346000062], [118.01761128800001, 0.985800656000038], [118.01748566700007, 0.986433904000023], [118.01753973600012, 0.986922364000065], [118.01756684400004, 0.987410831000034], [118.01758482800005, 0.98744700900005], [118.01847450100001, 0.987428643000044], [118.01944506100006, 0.987437390000025], [118.02040662800005, 0.987428047000037], [118.02045150900005, 0.987256162000051], [118.020478378, 0.98695764100006], [118.02046031100008, 0.986650088000033], [118.02039725300006, 0.98615258600006], [118.02037906200007, 0.985437970000021], [118.02040584600002, 0.984859028000074], [118.02049495900008, 0.982380439000053], [118.0204589110001, 0.982045754000069], [118.02045882400012, 0.981756287000053], [118.02049463000003, 0.981294938000076], [118.02058030300009, 0.979313263000051], [118.0205845270001, 0.979167171000029], [118.02059564000001, 0.978271998000025], [118.02013177000003, 0.978250656000057], [118.01915424200001, 0.978250955000021], [118.0175164960001, 0.978265778000036]]]]}},
{"type": "Feature", "properties": {"ba_code": "4520", "blockid": "4520G08P07", "division": "01"}, "geometry": {"type": "MultiPolygon", "coordinates": [[[[118.03139744200007, 0.987279770000043], [118.03140899100003, 0.987266974000022], [118.03141692300005, 0.986747740000055], [118.03140604200007, 0.986735302000056], [118.0314056950001, 0.985606422000046], [118.03137794600002, 0.983037420000073], [118.03134156100009, 0.981608193000056], [118.03137128700007, 0.979187612000032], [118.03138187000002, 0.978388395000025], [118.03138893200003, 0.977879802000075], [118.029938592, 0.978135035000037], [118.02910455900007, 0.978298279000057], [118.0286895380001, 0.97834563300006], [118.02871134800012, 0.978857851000043], [118.02874373400005, 0.979311360000054], [118.02869917100008, 0.980523514000026], [118.0286275840001, 0.981527622000044], [118.02865492, 0.982757845000037], [118.0287000940001, 0.983544817000052], [118.02879054800007, 0.985462503000065], [118.02877261900005, 0.985607242000071], [118.02878046300009, 0.986018960000024], [118.02891623200003, 0.986018356000045], [118.02899764000006, 0.985797518000027], [118.0292664640001, 0.985770414000058], [118.02925169900004, 0.985995750000029], [118.02922082000009, 0.98609723900006], [118.0300884620001, 0.98619491200003], [118.03008259900002, 0.986263104000045], [118.03009384900008, 0.986265365000065], [118.03009385400003, 0.986267175000023], [118.03005129700011, 0.986626884000032], [118.03001297900005, 0.987072178000062], [118.02940707500011, 0.987118118000069], [118.0293931970001, 0.987357452000026], [118.02994141500005, 0.987352721000036], [118.03139722900005, 0.987297991000048], [118.03139772600002, 0.987279772000022], [118.03139744200007, 0.987279770000043]]]]}},
{"type": "Feature", "properties": {"ba_code": "4520", "blockid": "4520J39P10", "division": "05"}, "geometry": {"type": "MultiPolygon", "coordinates": [[[[118.11284148400011, 0.958977012000048], [118.11304446200006, 0.958855278000044], [118.11324265600001, 0.958887563000076], [118.11330873600002, 0.95886831200005], [118.11332668200009, 0.958786896000049], [118.11332667600004, 0.958768805000034], [118.113335645, 0.95871452800003], [118.11334462800005, 0.958705480000049], [118.11354788500012, 0.958634055000061], [118.11365498900011, 0.958563928000046], [118.11376690500003, 0.95846111100002], [118.11390167000002, 0.958370612000067], [118.11405441900001, 0.958316288000049], [118.11409036400005, 0.958316276000062], [118.11420718600004, 0.958316238000066], [118.11429703400006, 0.958270981000055], [118.11439586600011, 0.958216675000074], [118.11451266400002, 0.958144272000027], [118.11465640400002, 0.958017587000029], [118.11470128300004, 0.95785475200006], [118.11507950300006, 0.958003094000048], [118.11522042100012, 0.958147884000027], [118.1152431270001, 0.95828799800006], [118.11496488000012, 0.958773622000024], [118.11503609300007, 0.95875404700007], [118.1152400200001, 0.958688808000034], [118.11573852600009, 0.958590886000025], [118.11577749300011, 0.958962356000029], [118.11609451100003, 0.958948809000049], [118.11611248300005, 0.958948803000055], [118.11636667100004, 0.958952386000021], [118.11656736000009, 0.958887148000031], [118.11659325700009, 0.95888388100002], [118.11659168200003, 0.95887457200007], [118.11666767000008, 0.95874699500007], [118.11689426400005, 0.958704559000068], [118.11692339800004, 0.958698032000029], [118.11689214000012, 0.956204897000021], [118.11689212500005, 0.956159073000038], [118.11690560200009, 0.95607306200003], [118.11693675300012, 0.955999831000042], [118.11695902100007, 0.955895701000031], [118.11696790600001, 0.955873919000055], [118.11701841100012, 0.955634598000074], [118.1169599430001, 0.955325634000076], [118.1169352070001, 0.955211690000056], [118.11692485600008, 0.955027299000051], [118.11691449600005, 0.954813902000069], [118.11690829500003, 0.954733102000034], [118.11688758800005, 0.954347744000074], [118.11688138300008, 0.954256585000053], [118.11687724800004, 0.954198574000031], [118.1168751560001, 0.954092911000032], [118.11686895000003, 0.953997608000066], [118.11686687100007, 0.95393338100007], [118.11685238100006, 0.953676477000045], [118.11681110500001, 0.953055357000039], [118.11679824900011, 0.952824507000059], [118.11679485000002, 0.952696052000022], [118.11679340900002, 0.952661916000068], [118.11680564700009, 0.952638587000024], [118.11687128900007, 0.952571222000074], [118.11695509800006, 0.952462861000072], [118.11694610300003, 0.952435727000022], [118.116910146, 0.952399556000046], [118.11682106900003, 0.952319425000042], [118.11664610000003, 0.952267686000027], [118.1165761100001, 0.952238703000035], [118.11644392200003, 0.95231878900006], [118.11635383100008, 0.952282284000034], [118.11629001500012, 0.952253299000063], [118.11620319000008, 0.95221175100005], [118.11611955100011, 0.952125066000065], [118.11605110900007, 0.952023073000021], [118.11600227600002, 0.951994434000028], [118.11592955200001, 0.95196861900007], [118.1148755800001, 0.951594495000052], [118.1146992460001, 0.951531903000046], [118.11454436000008, 0.95149557000002], [118.11451968900008, 0.951584668000066], [118.114490928, 0.951754569000059], [118.11444365600005, 0.951967985000067], [118.11439842900006, 0.952139963000036], [118.11437174700006, 0.952374091000024], [118.1143470940001, 0.952517057000023], [118.11428333300012, 0.952657964000025], [118.11415986800012, 0.952755381000031], [118.11403021900003, 0.952823794000039], [118.11388616500005, 0.952902572000028], [118.11375238500011, 0.95292747700006], [118.1137202110001, 0.952988558000072], [118.11421447600003, 0.953051716000061], [118.11458286400011, 0.952897821000022], [118.11471262200007, 0.952433564000046], [118.11476238300008, 0.952255527000034], [118.1148072960001, 0.952201239000033], [118.11515776100009, 0.952201125000045], [118.11572407900007, 0.95277081100005], [118.11576914400007, 0.953186892000076], [118.11629071200002, 0.954317417000027], [118.11637294700006, 0.954451780000056], [118.11638135900012, 0.954445618000022], [118.11638672100003, 0.954475252000066], [118.11637464000012, 0.954484103000027], [118.11635438500002, 0.954498940000065], [118.11631074500008, 0.954560482000034], [118.11630930800004, 0.954562190000047], [118.11630725500004, 0.954563886000074], [118.11625334900009, 0.954600086000028], [118.11625103000006, 0.954601333000028], [118.11625050700002, 0.954601438000054], [118.11625013500009, 0.954601670000045], [118.11611535500003, 0.954646941000021], [118.11611109300009, 0.954647639000029], [118.11610528900007, 0.954647641000065], [118.11598234700011, 0.954709568000055], [118.11598192100007, 0.954709669000067], [118.1159814770001, 0.954709968000031], [118.11597822600004, 0.954710865000038], [118.11585242400008, 0.954728997000075], [118.11585051700001, 0.954729134000047], [118.1158453590001, 0.954728103000036], [118.11584491500003, 0.954727805000061], [118.1158444890001, 0.954727704000049], [118.11583150800004, 0.954721176000021], [118.11575593700002, 0.954746560000046], [118.11575167400008, 0.954747258000054], [118.11571747300002, 0.954747269000052], [118.11554978400011, 0.954791747000058], [118.11553306300004, 0.954800170000055], [118.11553263600001, 0.954800271000067], [118.11553219300004, 0.954800570000032], [118.1155289410001, 0.954801467000038], [118.11540405100004, 0.954819468000039], [118.11538105800003, 0.954826089000051], [118.1152791400001, 0.954855437000049], [118.1152787420001, 0.954855493000025], [118.11527808000005, 0.954855696000038], [118.11518999300006, 0.954873459000055], [118.11508454000011, 0.954926577000037], [118.11500437900008, 0.95498040800004], [118.11500206100004, 0.954981654000051], [118.115001978, 0.954981671000041], [118.11500190900006, 0.954981717000067], [118.11491642200008, 0.955016169000032], [118.11484690400005, 0.955138721000026], [118.11484473300004, 0.955141585000035], [118.1148418900001, 0.955143772000042], [118.11471701700009, 0.955215652000049], [118.1145836610001, 0.95532311300002], [118.11457632400004, 0.955330503000027], [118.11450627200009, 0.955445172000054], [118.11448934700002, 0.955504875000031], [118.114489348, 0.955508069000075], [118.11455017500009, 0.95560421700003], [118.11455125700002, 0.955606309000075], [118.1145517650001, 0.955607773000054], [118.11456975800002, 0.955671087000042], [118.11457027800009, 0.95567481400002], [118.11456925400012, 0.955680007000069], [118.11456871400003, 0.955681163000065], [118.11448788700011, 0.955834964000076], [118.11448550600005, 0.955838210000024], [118.11448345200006, 0.955839906000051], [118.11443065700007, 0.955875361000039], [118.11437189300011, 0.955934551000041], [118.11436369600005, 0.955992440000045], [118.11436371900004, 0.956063841000059], [118.11436269500007, 0.956069033000063], [118.11435977400004, 0.956073436000054], [118.11426190100008, 0.956172019000064], [118.11415695800008, 0.956330583000067], [118.11414823700011, 0.956551862000026], [118.11417494400007, 0.956784192000043], [118.11419226200007, 0.956827731000033], [118.11419322800009, 0.956832770000062], [118.11419324200006, 0.956877997000049], [118.114193182, 0.956879284000024], [118.11417527100002, 0.957069247000049], [118.114174939, 0.957070591000047], [118.11417473600011, 0.957071951000046], [118.11413882900001, 0.95718955500007], [118.11413839900001, 0.957190757000035], [118.11413673100003, 0.957193706000055], [118.11408289600001, 0.957266009000023], [118.11401157900002, 0.957364784000049], [118.11396707200004, 0.95744548600004], [118.11396482100008, 0.957448492000026], [118.11396222600001, 0.957450533000042], [118.1139206680001, 0.957475650000049], [118.11387752000007, 0.957562586000051], [118.11382395400005, 0.957670514000029], [118.11379812400003, 0.957739916000037], [118.11379816100009, 0.957855048000056], [118.1137981930001, 0.957954549000021], [118.11379809000005, 0.957956232000072], [118.11378912700002, 0.958028600000034], [118.11378910700012, 0.958028676000026], [118.113789096, 0.95802883600004], [118.11378013, 0.958092158000056], [118.1137792400001, 0.958095431000061], [118.11377632000006, 0.958099834000052], [118.11367750300008, 0.958199368000066], [118.113674, 0.95820191100006], [118.1134763340001, 0.95830147700002], [118.11347590800005, 0.958301578000032], [118.11347546400009, 0.958301876000064], [118.11347248600009, 0.958302392000064], [118.11347030600007, 0.958302911000033], [118.11346992800009, 0.95830283500004], [118.11346959800005, 0.958302892000063], [118.11329977000003, 0.95829395100003], [118.1130853310001, 0.958312009000053], [118.11288085300009, 0.958338924000032], [118.11267614100007, 0.958428596000033], [118.1125070060001, 0.958509309000021], [118.11233751000009, 0.958644094000022], [118.11233566900012, 0.958645182000055], [118.11233492800011, 0.958645708000063], [118.112164215, 0.958727174000046], [118.1121639050001, 0.958727244000045], [118.11216360300011, 0.958727447000058], [118.11216156700004, 0.958728112000074], [118.11197287000005, 0.95877340100003], [118.11197241800005, 0.958773455000028], [118.11197196400008, 0.958773586000063], [118.11192090200007, 0.958782170000063], [118.1118963560001, 0.958798653000031], [118.11189557400007, 0.958799074000069], [118.11189522200004, 0.958799336000027], [118.1118871220001, 0.958803688000046], [118.11188888100003, 0.958805457000039], [118.11195180300001, 0.95885971000007], [118.112095586, 0.958868709000058], [118.11240115800001, 0.958986201000073], [118.11248745500006, 0.95901721000007], [118.1126534980001, 0.959006372000033], [118.11284148400011, 0.958977012000048]]]]}},
{"type": "Feature", "properties": {"ba_code": "4520", "blockid": "4520G11P08", "division": "06"}, "geometry": {"type": "MultiPolygon", "coordinates": [[[[118.03715316300008, 0.987285864000057], [118.03799120300005, 0.987259951000055], [118.03803852400006, 0.987014393000038], [118.03803891000007, 0.987012984000046], [118.03803908600003, 0.987011583000026], [118.03811935600004, 0.986696957000049], [118.0381273800001, 0.986615933000053], [118.03796183700001, 0.986256648000051], [118.03783085100008, 0.986133666000057], [118.03783059400007, 0.986133293000023], [118.0378301830001, 0.986133016000053], [118.03782547900005, 0.986126644000024], [118.03769060200011, 0.985873404000074], [118.03768945800005, 0.985870974000022], [118.03768939800011, 0.985870671000043], [118.03768923900009, 0.98587042500003], [118.037626885, 0.985709179000025], [118.0375017880001, 0.985475499000074], [118.03750061700009, 0.98547301900004], [118.03749960100004, 0.985470089000046], [118.03739164500007, 0.985090200000059], [118.03739132500004, 0.985087909000072], [118.0373907710001, 0.985085742000024], [118.03737274700006, 0.984922923000056], [118.03737258100011, 0.984919926000032], [118.03737252600001, 0.984739010000055], [118.03737251200005, 0.984693781000033], [118.03737247000004, 0.984558094000022], [118.03737256200009, 0.984555841000031], [118.0373815150001, 0.984447288000069], [118.03738264100002, 0.98444261100002], [118.03738306100001, 0.984440218000032], [118.03751761100011, 0.984069667000028], [118.03752646600003, 0.98404290000002], [118.03752732100008, 0.98404150600004], [118.03752770000006, 0.984039814000027], [118.03761285900009, 0.983850063000034], [118.03769771400005, 0.98365218400005], [118.03769794700008, 0.983651830000042], [118.03769554100006, 0.983650430000068], [118.03773391900006, 0.983570086000043], [118.03779674900011, 0.983425406000038], [118.03779719300007, 0.98342475100003], [118.03779733500005, 0.983424147000051], [118.03787816400006, 0.98326129700007], [118.0379857470001, 0.983044544000052], [118.03803945400011, 0.98292731600003], [118.03804486700005, 0.982919498000058], [118.038053611, 0.982913612000061], [118.03806392800004, 0.982911543000057], [118.03806642300003, 0.982912042000066], [118.03821338300008, 0.982722902000035], [118.03821555000002, 0.982720437000069], [118.03821886000003, 0.982717602000037], [118.03844347400002, 0.98255470700002], [118.03844890900007, 0.982551657000045], [118.03844896800001, 0.982551645000058], [118.03844901800005, 0.982551612000066], [118.0386466970001, 0.982470138000053], [118.03864676400008, 0.982470124000031], [118.03865036600007, 0.982468926000024], [118.03889593400004, 0.982407048000027], [118.03910893700004, 0.982226833000027], [118.03922272200009, 0.981741589000023], [118.0392137880001, 0.981491963000053], [118.03921387100002, 0.98149150100005], [118.03921377000006, 0.981490994000069], [118.03921457900003, 0.981487543000071], [118.0392158190001, 0.981480609000073], [118.03921641200009, 0.981479716000024], [118.039216613, 0.98147885700007], [118.03941419500006, 0.98108078100006], [118.039419242, 0.981073726000034], [118.03942157100005, 0.98107163800006], [118.03963526400003, 0.980901241000026], [118.0396958560001, 0.98083149200005], [118.03972219600007, 0.980796119000047], [118.03972469900009, 0.980793211000048], [118.03976283600002, 0.980341273000022], [118.03962644700005, 0.979202281000028], [118.0395545240001, 0.979102800000021], [118.03944667400003, 0.97906665000005], [118.03937476200008, 0.979003352000063], [118.03934776000006, 0.978867674000071], [118.03930277200004, 0.97868677200006], [118.03942855800005, 0.978605321000032], [118.03947347200005, 0.978541986000039], [118.03945547100011, 0.978451534000044], [118.03941183100005, 0.978268083000046], [118.038972994, 0.978282470000067], [118.03763171000003, 0.97832919800004], [118.03711856600012, 0.978386356000044], [118.0371190620001, 0.978768864000074], [118.03711924800007, 0.979374933000031], [118.03710135200004, 0.979628221000041], [118.03711052800008, 0.980243332000043], [118.03711991600005, 0.981545923000056], [118.03712937700004, 0.983083706000059], [118.03712956600009, 0.983698820000029], [118.03718401100002, 0.985399412000049], [118.03717522400007, 0.986041667000052], [118.03715736000004, 0.986394458000063], [118.03715316300008, 0.987285864000057]]], [[[118.03973044100007, 0.980875638000043], [118.03967423100005, 0.980938836000064], [118.03967355800012, 0.98093932200004], [118.03967300600004, 0.980940155000042], [118.03967067700012, 0.980942244000062], [118.0394597500001, 0.981110435000062], [118.03926792000004, 0.981496924000055], [118.03927673700002, 0.981743288000075], [118.0392766540001, 0.981743751000067], [118.03927675500006, 0.981744257000059], [118.03927603400007, 0.981750499000043], [118.03915936200008, 0.982248054000024], [118.03915803400002, 0.982252197000037], [118.03915219200007, 0.982261003000076], [118.0391504700001, 0.982262594000076], [118.03892586400002, 0.982452626000054], [118.03891884200004, 0.98245692100005], [118.0389150640001, 0.982458177000069], [118.03866533700011, 0.982521103000067], [118.03847240300001, 0.982600622000064], [118.03825349200008, 0.982759380000061], [118.03809416100012, 0.982964442000025], [118.03809199500006, 0.982966907000048], [118.03808325000011, 0.982972792000055], [118.03807746500001, 0.982973952000066], [118.03803453500007, 0.983067657000049], [118.03803425400008, 0.983068063000076], [118.03803417000006, 0.983068422000031], [118.03792639800008, 0.98328555400002], [118.0378458780001, 0.983447782000042], [118.03778329300007, 0.983591897000053], [118.03778324600012, 0.983591967000052], [118.03778323000006, 0.983592042000055], [118.03774747300008, 0.983673094000039], [118.03766680800004, 0.983871751000038], [118.03766635500006, 0.983872437000059], [118.03766619600003, 0.983873143000039], [118.0375929490001, 0.98405398400007], [118.03756864500008, 0.984087187000057], [118.03756846700003, 0.984087478000049], [118.03756838800007, 0.984087930000044], [118.03743495000003, 0.984455419000028], [118.03742638900007, 0.984559206000029], [118.03742643100009, 0.984693764000042], [118.03742644500005, 0.984738993000065], [118.03742650100003, 0.98491840600002], [118.03744410800005, 0.985077465000074], [118.03755063900007, 0.985452338000073], [118.03767514000003, 0.985684904000038], [118.03767631100004, 0.985687384000073], [118.03767637100009, 0.985687688000041], [118.03767653000011, 0.985687933000065], [118.03773889400009, 0.985849207000058], [118.03787089200011, 0.98609704100005], [118.03800246700007, 0.986220576000051], [118.03800272400008, 0.986220949000028], [118.03800313500005, 0.986221225000065], [118.03800853500002, 0.986229002000073], [118.03817939500004, 0.986599826000031], [118.03817951100007, 0.986600352000039], [118.03817984200009, 0.986600851000048], [118.03818189800006, 0.986611236000044], [118.0381817650001, 0.986613936000026], [118.03817280600003, 0.98670439700004], [118.03817239300008, 0.98670605500007], [118.03817209200008, 0.986708455000041], [118.03809166600001, 0.987023693000026], [118.03805632100011, 0.987257081000052], [118.03989379900008, 0.98725935300007], [118.03988923400004, 0.986239822000073], [118.03984403400011, 0.985380486000054], [118.03979853800001, 0.983562297000049], [118.03974491200006, 0.981893047000028], [118.03973044100007, 0.980875638000043]]]]}},
{"type": "Feature", "properties": {"ba_code": "4520", "blockid": "4520J12P09", "division": "02"}, "geometry": {"type": "MultiPolygon", "coordinates": [[[[118.03907060200004, 0.953988985000024], [118.03907317800008, 0.954853084000035], [118.03907109400006, 0.955626273000064], [118.03908045900005, 0.956883635000054], [118.03908091400001, 0.958394282000029], [118.03908183100009, 0.959908006000035], [118.04041932100006, 0.959897200000057], [118.04205115900004, 0.959875908000072], [118.0420289220001, 0.95983166000002], [118.04200169700005, 0.958954228000039], [118.04196558700005, 0.958411492000039], [118.04192062200002, 0.958302956000068], [118.04173185000002, 0.958122098000047], [118.04169587400008, 0.958022606000043], [118.04173174700009, 0.957778359000031], [118.041587864, 0.95745275400003], [118.04156084200008, 0.957244710000055], [118.04151580300004, 0.956891938000069], [118.04141691300003, 0.956765327000028], [118.04116509300002, 0.956105062000063], [118.04103014800012, 0.955616630000065], [118.04077845800009, 0.955390562000048], [118.04066160400009, 0.955291094000074], [118.04040083200005, 0.954748427000027], [118.0403018940001, 0.95445899200007], [118.04022993400008, 0.954232869000066], [118.0397626030001, 0.954124461000049], [118.03907060200004, 0.953988985000024]]]]}},
{"type": "Feature", "properties": {"ba_code": "4520", "blockid": "4520I11P07", "division": "02"}, "geometry": {"type": "MultiPolygon", "coordinates": [[[[118.03682845500009, 0.968833820000043], [118.03831123500004, 0.968833363000044], [118.03950643600001, 0.968805857000063], [118.03948820900007, 0.967973649000044], [118.03946111200003, 0.967521368000064], [118.03947005700002, 0.967385679000074], [118.0394520100001, 0.967141448000064], [118.03930757600006, 0.965006686000038], [118.03916313700006, 0.962844786000062], [118.03907286600008, 0.961506037000049], [118.0389718670001, 0.96001650200003], [118.03829091600005, 0.960013249000042], [118.03769250800008, 0.960023817000035], [118.03615177600011, 0.960038135000048], [118.0364312690001, 0.962963219000073], [118.03639541000007, 0.963252695000051], [118.03634165500011, 0.963795460000028], [118.03634175600007, 0.964130154000031], [118.03646786900003, 0.96512515400002], [118.03662099900009, 0.966310106000037], [118.03666514400004, 0.967094728000063], [118.03672036400008, 0.968001640000068], [118.03682845500009, 0.968833820000043]]]]}},
{"type": "Feature", "properties": {"ba_code": "4520", "blockid": "4520I16P13", "division": "03"}, "geometry": {"type": "MultiPolygon", "coordinates": [[[[118.05067324100003, 0.957386586000041], [118.05067318500005, 0.957395689000066], [118.0506760500001, 0.95739565100007], [118.05067689500004, 0.960166867000055], [118.05200897300006, 0.960133628000051], [118.05206463400009, 0.958340791000069], [118.0534914750001, 0.95839591500004], [118.05347587200004, 0.957376644000021], [118.05346797100003, 0.957376735000025], [118.05067324100003, 0.957386586000041]]]]}},
{"type": "Feature", "properties": {"ba_code": "4520", "blockid": "4520I15P13", "division": "03"}, "geometry": {"type": "MultiPolygon", "coordinates": [[[[118.04796788700003, 0.957334704000061], [118.04796810500011, 0.95736000900007], [118.04796813400003, 0.957361711000033], [118.04801571700011, 0.960191394000049], [118.05056304000004, 0.960167916000046], [118.05056220000006, 0.957410725000045], [118.05056734300001, 0.957402849000061], [118.05057437200003, 0.957398773000023], [118.050574761, 0.957332437000048], [118.05057465400012, 0.957329033000065], [118.04796788700003, 0.957334704000061]]]]}},
{"type": "Feature", "properties": {"ba_code": "4520", "blockid": "4520H36P13", "division": "05"}, "geometry": {"type": "MultiPolygon", "coordinates": [[[[118.10685958800002, 0.97436661200004], [118.10661032400003, 0.97437499900002], [118.10660343500001, 0.974366299000053], [118.10660030300005, 0.974362676000055], [118.10652620600001, 0.974318863000065], [118.10642326000004, 0.974257994000027], [118.1062122190001, 0.974157175000073], [118.10618063100003, 0.974348343000031], [118.10618071700003, 0.974613842000053], [118.10620186000006, 0.974741274000053], [118.10625464100008, 0.97483152600006], [118.10630217300002, 0.975001429000031], [118.10633385200003, 0.975086377000025], [118.10680872600005, 0.975415438000027], [118.10711473600009, 0.975564015000032], [118.10721501300009, 0.975712661000046], [118.10735746500006, 0.975781643000062], [118.10749995100002, 0.97595151500002], [118.10796425800004, 0.976227479000045], [118.10804342900008, 0.976360201000034], [118.108117332, 0.976514166000072], [118.10807520000003, 0.976726579000058], [118.10812655000007, 0.976785318000054], [118.10811148200003, 0.976780268000027], [118.10815646700007, 0.976943074000076], [118.1081924660001, 0.977105883000036], [118.10819247500001, 0.977133019000064], [118.10821946400006, 0.977223466000055], [118.10821047700006, 0.977223469000023], [118.10820150900008, 0.977277746000027], [118.10812069700012, 0.977476775000071], [118.10811171900002, 0.977503915000057], [118.10809375600002, 0.977531058000068], [118.1080847720001, 0.977540106000049], [118.10824679100006, 0.978345110000021], [118.10842681500003, 0.978354402000036], [118.10856401500007, 0.978327123000042], [118.10856094600001, 0.978326232000029], [118.10930497800007, 0.978297179000037], [118.10993877500005, 0.978272430000061], [118.10958555900004, 0.977738610000074], [118.1094597770001, 0.977820062000035], [118.10939686600011, 0.977801992000025], [118.10938787700002, 0.977792949000047], [118.10931590900009, 0.97755778800007], [118.10924883900009, 0.977229400000056], [118.10918250000009, 0.977088547000051], [118.10917507300007, 0.976903187000062], [118.10899089300005, 0.976806860000067], [118.10867411200002, 0.976666090000037], [118.10848257600003, 0.976599423000039], [118.10844571400003, 0.976503047000051], [118.1084751300001, 0.976354748000063], [118.10872553500008, 0.976243447000058], [118.10899065500007, 0.976080241000034], [118.10913058100004, 0.975998635000053], [118.10898299000007, 0.975168262000068], [118.10894596900005, 0.974582530000021], [118.10922509400007, 0.974654187000056], [118.10929700800011, 0.974726528000076], [118.10930599500011, 0.974726525000051], [118.10975534700003, 0.97483492300006], [118.10975536800004, 0.974898242000052], [118.10974640500001, 0.974970609000025], [118.10973743700004, 0.975024886000028], [118.10967454400009, 0.975061089000064], [118.10973757600004, 0.975450028000068], [118.1097465680001, 0.975468116000059], [118.1097286160001, 0.975531441000044], [118.10971977200006, 0.975965632000054], [118.10971977800011, 0.97598372300007], [118.10995346200002, 0.976101238000069], [118.1099894250001, 0.976155500000061], [118.11004334900008, 0.97617357300004], [118.11025903900008, 0.976227775000041], [118.11026106800011, 0.976230662000034], [118.11045439100008, 0.976180957000054], [118.11045939900009, 0.976162931000033], [118.11038422900003, 0.976025972000059], [118.11014803800003, 0.975780718000067], [118.110105771, 0.975578954000071], [118.11017952600002, 0.975281571000039], [118.11017950300004, 0.975212543000055], [118.11023221300002, 0.975085086000036], [118.11024272000009, 0.974952334000022], [118.11023213100009, 0.97483551800002], [118.11018463000005, 0.974761195000042], [118.10983636100002, 0.974432093000075], [118.10977398600005, 0.974420597000062], [118.1096960210001, 0.974404929000059], [118.10960635700008, 0.974373569000022], [118.10945038800003, 0.974224520000064], [118.1093217350001, 0.974169630000063], [118.10891312600006, 0.974193451000076], [118.10869861300012, 0.974162073000059], [118.10869805100003, 0.974161990000027], [118.10869719800007, 0.974162935000038], [118.10869368300007, 0.974165073000052], [118.10846338400006, 0.974314043000049], [118.10685958800002, 0.97436661200004]]], [[[118.1076820720001, 0.976353181000036], [118.10773397300011, 0.976527117000046], [118.10752730100012, 0.976572414000032], [118.10745538100002, 0.976481982000053], [118.10745537800005, 0.97647293600005], [118.10739245600007, 0.97641868300002], [118.10748226300007, 0.976246787000036], [118.10746424600006, 0.976111110000033], [118.10745524800006, 0.976074930000038], [118.10744626100006, 0.976074933000064], [118.10741031300006, 0.976065900000037], [118.10740132700005, 0.976065903000062], [118.10736546700002, 0.976328236000029], [118.10735647800004, 0.976319194000041], [118.10717678000003, 0.976409709000052], [118.10705097100004, 0.976409751000062], [118.10704193800007, 0.976265025000032], [118.10705092400008, 0.976265022000064], [118.1070418810001, 0.976093158000026], [118.10690704500007, 0.975966565000022], [118.10691603100008, 0.975966562000053], [118.10695191100001, 0.975767547000032], [118.10693392400003, 0.975722325000049], [118.10666435100006, 0.975776688000053], [118.1066643480001, 0.975767642000051], [118.10656548000009, 0.975713402000054], [118.10654746900002, 0.97559581500002], [118.10659235700007, 0.975460116000022], [118.10655639700008, 0.975414900000033], [118.10655639400011, 0.97540585400003], [118.10641260300008, 0.975378765000073], [118.10626882400004, 0.975387858000033], [118.10617894900008, 0.975351706000026], [118.10617894600011, 0.975342660000024], [118.106133999, 0.975297447000059], [118.10614298300004, 0.975288399000021], [118.10606207300009, 0.975188924000065], [118.10607106000009, 0.97518892100004], [118.10602611900003, 0.975161799000034], [118.10602611600007, 0.975152753000032], [118.10592727800008, 0.975188968000055], [118.10592727500011, 0.975179923000042], [118.10574756300002, 0.975225210000076], [118.1057026100001, 0.975161906000039], [118.10561270800008, 0.975044343000036], [118.10562169200011, 0.975035294000065], [118.10556775000009, 0.974962947000051], [118.1055317690001, 0.97485441200007], [118.10556769100003, 0.974782036000022], [118.1057562950001, 0.974447286000043], [118.10581019300002, 0.974383949000071], [118.10579219600004, 0.97431159100006], [118.10580118300004, 0.974311588000035], [118.10575623300008, 0.974257329000068], [118.1057831390001, 0.974094499000046], [118.1057921260001, 0.974094496000021], [118.10579207500007, 0.973940721000019], [118.1057920720001, 0.973931676000063], [118.1056841950001, 0.973805073000051], [118.10569317800002, 0.97379602500007], [118.10561227500011, 0.973714641000072], [118.10562125800004, 0.973705592000044], [118.1055223730001, 0.973597078000068], [118.10553135900011, 0.973597075000043], [118.10548640700006, 0.973533771000064], [118.10544146000007, 0.973488558000042], [118.10540547100004, 0.973352886000043], [118.10541445700005, 0.973352883000075], [118.10542339000006, 0.973190059000046], [118.10543237700006, 0.973190056000021], [118.10539636700003, 0.972991065000031], [118.10538738000002, 0.972991068000056], [118.10532437900008, 0.972692584000072], [118.10533336500009, 0.972692581000047], [118.10529732500004, 0.972403134000047], [118.10530631200004, 0.972403131000021], [118.10528831300007, 0.972321726000075], [118.10527033100004, 0.97229459600004], [118.10522540200009, 0.972303656000065], [118.10526142700007, 0.972547875000032], [118.10526162700012, 0.973162975000037], [118.1052526410001, 0.973162978000062], [118.10529786100005, 0.974049432000072], [118.1052980180001, 0.974528848000034], [118.10532515400007, 0.975071575000072], [118.10533414000008, 0.975071572000047], [118.10537930800001, 0.975795204000065], [118.10545160100003, 0.977025381000033], [118.10548798100001, 0.978390802000035], [118.10565873100006, 0.978382151000062], [118.10566771700007, 0.978382148000037], [118.10581150500002, 0.978400192000038], [118.1058115080001, 0.978409237000051], [118.10598225800004, 0.978436318000035], [118.10611705300005, 0.978436273000057], [118.10652143100003, 0.978409002000035], [118.108091951, 0.978363312000056], [118.10811200400008, 0.978372291000028], [118.10794993000002, 0.977395422000029], [118.10789599700001, 0.977350212000033], [118.10789597900009, 0.977295938000054], [118.10794982300001, 0.977069781000068], [118.10790486700012, 0.976997431000029], [118.10791385400012, 0.976997428000061], [118.10782392500005, 0.976798455000051], [118.10780585200007, 0.976490911000042], [118.1077428970001, 0.976337157000046], [118.1077518830001, 0.976337154000021], [118.1077069480001, 0.97632812300003], [118.1076820720001, 0.976353181000036]]]]}},
{"type": "Feature", "properties": {"ba_code": "4520", "blockid": "4520C10P10", "division": "06"}, "geometry": {"type": "MultiPolygon", "coordinates": [[[[118.03643737100003, 1.016220162000025], [118.03643345500006, 1.01608757200006], [118.0364295170001, 1.015888687000029], [118.03643717200009, 1.015596204000076], [118.03644095700008, 1.015315422000072], [118.0364331290001, 1.01506584200007], [118.03641756400009, 1.014851362000059], [118.03640979400006, 1.014785069000027], [118.03622383800007, 1.014808527000071], [118.036092112, 1.014804670000046], [118.03589064900007, 1.014796935000049], [118.03558844800011, 1.014765835000048], [118.03551095000012, 1.014722963000054], [118.03536755800008, 1.01458261800002], [118.03525520900007, 1.014594354000053], [118.03521265800009, 1.014801053000042], [118.03514296700007, 1.014945366000063], [118.03514688000007, 1.015066257000058], [118.03515345700009, 1.015396972000076], [118.03505021900003, 1.015678546000061], [118.03495593500008, 1.015975967000031], [118.03478308100011, 1.016259693000052], [118.0345622860001, 1.016376756000057], [118.03456236500006, 1.016626339000027], [118.0345895910001, 1.016957808000029], [118.03461680500004, 1.01725417900002], [118.03460914400011, 1.017531063000035], [118.03459673200007, 1.01768884300003], [118.03458805700006, 1.017785246000074], [118.03458806000003, 1.017794292000076], [118.03465108500006, 1.018165149000026], [118.0346498350001, 1.018365042000028], [118.03465594900001, 1.018513781000024], [118.03450767000004, 1.019332104000057], [118.03443582900002, 1.019494952000059], [118.03431011900011, 1.019820641000024], [118.03431018200001, 1.020019649000062], [118.03432826300002, 1.020354337000072], [118.03433732700012, 1.02059857100005], [118.03440030600007, 1.020824696000034], [118.03463407600009, 1.021186452000052], [118.03464306600006, 1.021195495000029], [118.03469704100007, 1.021367348000069], [118.03470614900004, 1.02174726800007], [118.03471513900001, 1.021756311000047], [118.03458042200009, 1.022018683000056], [118.03469456500011, 1.022187535000057], [118.03488605400003, 1.022280912000042], [118.03491311800008, 1.02260655200007], [118.03491311500011, 1.022597507000057], [118.03623413600008, 1.022524711000074], [118.03624287900004, 1.021764861000065], [118.0362434110001, 1.021758136000074], [118.03626078000002, 1.021538711000062], [118.03635029000009, 1.020426049000037], [118.03636818200005, 1.020172761000026], [118.03637702700007, 1.019729514000062], [118.0363566530001, 1.01822855000006], [118.03636816300002, 1.017877571000042], [118.03637197500007, 1.017682583000067], [118.03636802300002, 1.017436901000053], [118.03642609000008, 1.017292592000047], [118.03640664200009, 1.017050815000061], [118.03638720700008, 1.016851935000034], [118.03637552600003, 1.016668651000032], [118.03643744300007, 1.016446346000066], [118.0364451480001, 1.016309853000052], [118.03643737100003, 1.016220162000025]], [[118.03459701300005, 1.017690492000042], [118.03459789600004, 1.01769567100007], [118.03459701500003, 1.01769478500006], [118.03459701300005, 1.017690492000042]]]]}},
{"type": "Feature", "properties": {"ba_code": "4520", "blockid": "4520H28P10", "division": "04"}, "geometry": {"type": "MultiPolygon", "coordinates": [[[[118.08666205500003, 0.980125164000071], [118.08663500600005, 0.979844757000023], [118.08664389600006, 0.97954624800002], [118.08666176100007, 0.979211553000027], [118.08661666000012, 0.97868692000003], [118.08664345600005, 0.978180355000063], [118.08663329700005, 0.977987257000052], [118.08650570500004, 0.977941577000024], [118.08644260900007, 0.977878106000048], [118.08643025000003, 0.977876104000075], [118.08644448400003, 0.977868934000071], [118.08643666700004, 0.977863825000043], [118.086384586, 0.977759062000075], [118.0863821590001, 0.977754179000044], [118.08630713000002, 0.977720978000036], [118.08630595900001, 0.977720172000033], [118.08630003300004, 0.977716631000021], [118.08606632500005, 0.977526749000049], [118.0860638470001, 0.977524507000055], [118.08606111300003, 0.977521367000065], [118.0859559160001, 0.977383154000051], [118.08590629600008, 0.97733030400002], [118.08587979300012, 0.977283141000044], [118.08562059200005, 0.976942589000032], [118.0856195130001, 0.97694070600005], [118.08561825600009, 0.976939051000045], [118.08554686200011, 0.976813382000046], [118.08543957400002, 0.976651502000038], [118.08543668400011, 0.976646057000039], [118.08543644000008, 0.976644828000076], [118.08543590300008, 0.976643953000064], [118.08540891700011, 0.976562551000029], [118.08540884000001, 0.976562075000061], [118.08540830000004, 0.976560451000068], [118.08533631900002, 0.976280059000032], [118.0853359460001, 0.976277107000044], [118.08533546100011, 0.976275150000049], [118.08531742800005, 0.976085197000032], [118.08531728500009, 0.97608219500006], [118.08531727500008, 0.976049910000029], [118.08529122100003, 0.975945152000065], [118.08524652400001, 0.975765433000049], [118.08521992100009, 0.975685184000042], [118.08521969500009, 0.975683783000022], [118.08521875800011, 0.975680522000062], [118.08516484400002, 0.975364564000074], [118.085074974, 0.974940064000066], [118.08507490500006, 0.97493939800006], [118.08507473400005, 0.974938804000033], [118.08501171000012, 0.974567953000076], [118.0850115610001, 0.974566189000029], [118.08501139000009, 0.974565491000021], [118.08500256200011, 0.974468088000037], [118.08495803000005, 0.974271152000028], [118.08495724600004, 0.974264135000055], [118.08495734500002, 0.974261611000031], [118.08497524600011, 0.974035463000064], [118.08497527700001, 0.974035332000028], [118.08497530200009, 0.974034838000023], [118.08498410400011, 0.973945950000029], [118.08498407800005, 0.973866909000037], [118.08497507400011, 0.973686789000055], [118.084975084, 0.97368672500005], [118.08497506700007, 0.973686645000043], [118.08496601700006, 0.973487644000045], [118.08496613400007, 0.973486967000042], [118.08496598400006, 0.973486206000075], [118.08496596100008, 0.973413841000024], [118.08496622500002, 0.973412501000041], [118.08496605200003, 0.973411413000065], [118.08497490900004, 0.973295029000042], [118.08497478800007, 0.972916327000064], [118.08497510300003, 0.97291185000006], [118.08501096700002, 0.97265856000007], [118.08502890000011, 0.972531915000047], [118.08502937800006, 0.972530154000026], [118.08502960100009, 0.972528400000044], [118.085091766, 0.972288215000049], [118.08510854600001, 0.972223383000028], [118.08513605000007, 0.972117114000071], [118.08511827300003, 0.971814570000049], [118.08511841600011, 0.971813712000028], [118.08511821800005, 0.971812711000041], [118.08511860200008, 0.971807773000023], [118.085172026, 0.971466474000067], [118.0851720180001, 0.971442171000035], [118.08481457700009, 0.970889698000065], [118.08400159200005, 0.970626005000042], [118.0839893750001, 0.970622043000049], [118.08398699400004, 0.970621162000043], [118.08397678800009, 0.970614303000048], [118.08396996700003, 0.970604034000075], [118.0839689390001, 0.970601151000039], [118.08392388100003, 0.970452557000044], [118.08396317900008, 0.970917564000047], [118.0839817430001, 0.972771918000035], [118.08401785300009, 0.973287509000045], [118.0840810300001, 0.974137780000035], [118.08392865700011, 0.975377085000048], [118.08396472700008, 0.975766036000039], [118.08390197000006, 0.976227385000072], [118.08393815000011, 0.976960072000054], [118.08397421200004, 0.977321886000027], [118.0839742820001, 0.977538982000056], [118.08391148400005, 0.97787369200006], [118.0839448370001, 0.978148246000046], [118.08394441300004, 0.978148357000066], [118.0839497710001, 0.978335022000067], [118.0839475780001, 0.978335009000034], [118.08392979400003, 0.978922982000029], [118.08380433200011, 0.980008502000032], [118.0838032690001, 0.980015009000056], [118.08415532100003, 0.980031002000032], [118.08427163400006, 0.980030964000036], [118.08451426800002, 0.980030885000076], [118.08451490800007, 0.98003101300003], [118.0845154640001, 0.980030917000022], [118.08518934800009, 0.980066874000045], [118.08539544100006, 0.980075826000075], [118.08543988500003, 0.980075811000063], [118.08544078500006, 0.980075991000035], [118.08544152400009, 0.980075871000054], [118.08580990400003, 0.980102883000029], [118.08607868400009, 0.980120831000022], [118.08623969200005, 0.98012077900006], [118.08634752900002, 0.980120743000043], [118.0864373930001, 0.980120714000066], [118.086473339, 0.980120702000022], [118.08647637400009, 0.98012090900005], [118.08668883400003, 0.980150001000027], [118.086687073, 0.980125155000053], [118.08666205500003, 0.980125164000071]]], [[[118.08627211400005, 0.969125779000024], [118.0859845010001, 0.968972096000073], [118.08589464200008, 0.968990216000066], [118.0858048020001, 0.969062610000037], [118.08569699100008, 0.969144056000061], [118.08537349200003, 0.969180343000062], [118.08493319500008, 0.969298078000065], [118.08471753000003, 0.969325285000025], [118.08394477700006, 0.969569767000053], [118.08381904500004, 0.969814040000074], [118.08389998100006, 0.969994927000073], [118.08390887900009, 0.970186186000035], [118.08400560000007, 0.970505156000058], [118.08402430700005, 0.970566847000043], [118.08484449000002, 0.970832874000052], [118.08484687000009, 0.970833755000058], [118.08485707700004, 0.970840614000053], [118.0848611990001, 0.970845731000054], [118.0851740820001, 0.971329332000039], [118.08524839100005, 0.971405614000048], [118.08524840000007, 0.971432751000066], [118.08523055700005, 0.971839811000052], [118.0852215760001, 0.971857906000025], [118.08523963900006, 0.972138315000052], [118.08523069000012, 0.972255911000047], [118.08515888200009, 0.972518259000026], [118.08514093000008, 0.972581584000068], [118.08511402300007, 0.972744414000033], [118.08509611000011, 0.972934379000037], [118.08509614800005, 0.973051973000054], [118.08506926400003, 0.97328716800007], [118.08506035000005, 0.973513313000069], [118.08506042800002, 0.973757545000069], [118.08506948900003, 0.973992729000031], [118.08506950700007, 0.974047003000067], [118.08506058700004, 0.974255056000061], [118.08507860600002, 0.974399781000045], [118.085105612, 0.974544503000061], [118.08510561500009, 0.974553548000074], [118.08511461, 0.974580682000067], [118.08518664000007, 0.975014850000036], [118.08518664300004, 0.975023896000039], [118.08518664600001, 0.975032942000041], [118.08529463400009, 0.975503281000044], [118.08530364600006, 0.975584689000073], [118.08533964700007, 0.975756544000035], [118.08534865100012, 0.975810815000045], [118.08534865600006, 0.97582890700005], [118.08541164000007, 0.976073119000034], [118.08540265600004, 0.976082167000072], [118.08546029500008, 0.976308652000057], [118.08549885200011, 0.976429264000046], [118.08555559600006, 0.976615811000045], [118.08563652900011, 0.976787652000041], [118.08575341700009, 0.976986619000058], [118.08585232000007, 0.977149408000059], [118.08596919800004, 0.977321238000059], [118.08609504900005, 0.977447836000067], [118.08610404100011, 0.977465924000057], [118.08612202000006, 0.977484010000069], [118.08613100600007, 0.977484007000044], [118.08626583700004, 0.977592511000068], [118.08643387600011, 0.977716034000025], [118.08649954000009, 0.977764302000026], [118.0865700920001, 0.977815436000071], [118.08660638300012, 0.977801193000062], [118.08661741900005, 0.977604479000036], [118.08663421100005, 0.977375295000058], [118.08659799800012, 0.976543107000055], [118.08655291800005, 0.976081794000038], [118.08658877900007, 0.975819458000046], [118.08660659800012, 0.975340033000066], [118.08660649400008, 0.975014389000023], [118.08661530000006, 0.974453556000071], [118.08664217500007, 0.974191224000037], [118.0866237680001, 0.97283438200003], [118.08656920500005, 0.970817220000072], [118.086559996, 0.970120707000035], [118.08650576700006, 0.969143795000036], [118.08627211400005, 0.969125779000024]]]]}},
{"type": "Feature", "properties": {"ba_code": "4520", "blockid": "4520G06P07", "division": "01"}, "geometry": {"type": "MultiPolygon", "coordinates": [[[[118.02295758800005, 0.987443929000051], [118.02337622700009, 0.987418370000057], [118.02408215300011, 0.98739977200006], [118.02489094700002, 0.987390475000041], [118.02582618500003, 0.98737232600007], [118.02590634900002, 0.987109739000061], [118.02605854900003, 0.985237206000022], [118.0259775940001, 0.984992993000049], [118.0259774970001, 0.984676389000072], [118.0259591790001, 0.983545667000044], [118.02603989800002, 0.983020984000063], [118.02610225800004, 0.981229891000055], [118.02617353100004, 0.979194557000028], [118.02620294400003, 0.978389993000064], [118.02470880800001, 0.978372289000049], [118.02325076200009, 0.978358206000053], [118.02337880700009, 0.979557251000074], [118.02328939100005, 0.981040795000069], [118.02318210500005, 0.98285904100004], [118.023014149, 0.984136471000056], [118.0229938980001, 0.98454162500002], [118.02300331800006, 0.985961818000021], [118.0229226460001, 0.986640281000064], [118.02297663200011, 0.986857364000059], [118.02297913000007, 0.987077010000064], [118.02295758800005, 0.987443929000051]]]]}},
{"type": "Feature", "properties": {"ba_code": "4520", "blockid": "4520F10P08", "division": "06"}, "geometry": {"type": "MultiPolygon", "coordinates": [[[[118.03676871400012, 0.993689776000053], [118.03671798200003, 0.993658373000073], [118.036673113, 0.993660351000074], [118.03660483500005, 0.993668227000057], [118.03656581200005, 0.993648602000064], [118.03651312700003, 0.993611308000027], [118.03646781100008, 0.993562992000022], [118.03645469900005, 0.993499740000061], [118.03649394800004, 0.993410115000074], [118.03651488100002, 0.993362666000053], [118.03652796400002, 0.993336305000071], [118.0365567550001, 0.993296760000021], [118.03658030400004, 0.993241404000059], [118.03660662800007, 0.993161099000019], [118.03659685600007, 0.993104645000074], [118.03657002400007, 0.993077653000057], [118.03658067700007, 0.993000618000053], [118.03658064100011, 0.992885332000071], [118.03660232900006, 0.992844065000043], [118.03662990900011, 0.992777508000074], [118.03663774400002, 0.99271161300004], [118.0366540760001, 0.992543092000062], [118.03669526200008, 0.992429577000053], [118.03672928700007, 0.992382124000073], [118.03675283000007, 0.992308318000028], [118.03678947600008, 0.992268771000056], [118.03685491300007, 0.992194951000045], [118.0368758520001, 0.99216595200005], [118.03690202700011, 0.99213695100002], [118.0369255820001, 0.99210004400004], [118.03697008000006, 0.992049952000059], [118.03698053800008, 0.992002507000052], [118.03697786700002, 0.991831188000049], [118.0369830410001, 0.991630875000055], [118.036978083, 0.991585511000039], [118.03693849600006, 0.991528097000071], [118.03692139000009, 0.99148966000007], [118.03689847800001, 0.991472678000036], [118.03688279500011, 0.991437490000067], [118.03685988200004, 0.991418081000063], [118.03686103600012, 0.991251826000052], [118.03684933600005, 0.991101145000073], [118.03684666900006, 0.99094300500002], [118.03684138800008, 0.990803315000051], [118.03684659600003, 0.990708429000051], [118.03685443100005, 0.990642535000063], [118.03690543200003, 0.990573446000042], [118.03691265500004, 0.99053703800007], [118.03692831800004, 0.990506695000022], [118.03699575200005, 0.990405279000072], [118.03700097800004, 0.990371013000072], [118.03700096600005, 0.99033147800003], [118.03702976300008, 0.990313019000041], [118.03704022700003, 0.990281388000028], [118.03705593100005, 0.99026029700002], [118.03706115500006, 0.990218125000069], [118.03706373600005, 0.990096883000035], [118.03707404900001, 0.990038225000035], [118.03708989100005, 0.990004626000029], [118.03709511000011, 0.989946639000038], [118.03707413400002, 0.989854397000045], [118.0370610330001, 0.989825408000058], [118.03706191600008, 0.989790667000022], [118.03707637200012, 0.989753043000064], [118.03709926800002, 0.989722698000037], [118.03712938800004, 0.989655944000049], [118.03713950800011, 0.989574994000066], [118.03714211600004, 0.989540729000055], [118.03714472000001, 0.98949592200006], [118.03714209300006, 0.989466930000049], [118.03714731500008, 0.989419486000031], [118.03714992100004, 0.989379950000057], [118.03714990900005, 0.989340415000072], [118.03714989700006, 0.98930088000003], [118.037152504, 0.989263979000043], [118.03714463000006, 0.989205997000056], [118.03714723200005, 0.989153282000075], [118.03713936100007, 0.989100571000051], [118.0371367240001, 0.989039951000052], [118.0371393260001, 0.98898723700006], [118.03713669400008, 0.988945067000031], [118.03713928400009, 0.988852817000065], [118.03714188200001, 0.988786924000067], [118.03712876800012, 0.988715765000052], [118.03714183900001, 0.988649869000028], [118.0371444320001, 0.988568162000035], [118.03712607800003, 0.988486461000036], [118.03711034600008, 0.988417939000044], [118.03709461000005, 0.988336237000055], [118.03707381000004, 0.98839225200004], [118.037043659, 0.988430214000061], [118.03704173400001, 0.988439969000069], [118.03703589300005, 0.988448775000052], [118.03703070100005, 0.988452858000073], [118.03698577700004, 0.988480009000057], [118.0369843410001, 0.988480738000021], [118.03698396300001, 0.988481012000022], [118.03695193500005, 0.988497144000064], [118.0369011250001, 0.988548321000053], [118.03679418400009, 0.98865603400003], [118.03675005000002, 0.988709377000021], [118.03674840300005, 0.988711194000075], [118.03674551600011, 0.988713715000074], [118.03671466900005, 0.988737019000041], [118.03667260800012, 0.988821760000064], [118.03664683000011, 0.988873697000031], [118.03660264400003, 0.989034008000033], [118.03660210900011, 0.989035573000024], [118.0366020570001, 0.989035872000045], [118.0365571640001, 0.989162528000065], [118.03655659600008, 0.989163432000055], [118.03655636000008, 0.989164537000022], [118.03648576300009, 0.989322586000071], [118.03648798200004, 0.989324195000052], [118.03649382900005, 0.98933299700002], [118.03649588400003, 0.989343381000026], [118.0364938350001, 0.989353767000068], [118.03649029900009, 0.989359929000045], [118.03640046900011, 0.989477553000029], [118.03639816400005, 0.989480196000045], [118.03639719700004, 0.989480847000038], [118.03639664700006, 0.98948161200002], [118.03633375700008, 0.989535907000061], [118.0363267680001, 0.989540229000056], [118.03632658300012, 0.989540355000031], [118.03621875700003, 0.989585618000035], [118.0362187290001, 0.989585623000039], [118.03621870500001, 0.98958563900004], [118.03621038000006, 0.989587634000031], [118.03596774800008, 0.989605801000039], [118.03596575600011, 0.989605480000023], [118.03596376500002, 0.989605803000075], [118.03572251100002, 0.989587891000042], [118.03542233100006, 0.98959687200005], [118.03526673100009, 0.989649135000036], [118.03518819700002, 0.989693084000066], [118.03506380800002, 0.989764683000033], [118.03480443100011, 0.989953870000022], [118.03480364500001, 0.989954312000066], [118.03480290800007, 0.989954903000068], [118.03473102900011, 0.990000154000029], [118.03472705800004, 0.990002215000061], [118.03471946400009, 0.990003738000041], [118.03468189700004, 0.990041575000021], [118.03468107000003, 0.990042132000042], [118.03468058700003, 0.990042810000034], [118.03460871400011, 0.990106153000056], [118.03460779600005, 0.990106727000068], [118.03460554100002, 0.990108558000031], [118.03448098600006, 0.990189212000075], [118.03437760200006, 0.990273413000068], [118.03434614700006, 0.990313836000041], [118.03434399200012, 0.990316285000063], [118.03433781100011, 0.990320938000025], [118.03427226100007, 0.990356850000069], [118.03426969700001, 0.990358082000057], [118.03425938100008, 0.990360151000061], [118.03424906300006, 0.99035808900004], [118.03424781400008, 0.990357249000056], [118.03423895100002, 0.990377117000037], [118.03405989100008, 0.990418770000076], [118.03406681000001, 0.990522759000044], [118.03413574000001, 0.990702990000045], [118.03423174000011, 0.990890925000031], [118.03427672400005, 0.991053735000037], [118.03436320600008, 0.991285272000027], [118.03445658500004, 0.991469786000039], [118.03450155200005, 0.99157832100002], [118.03454241000009, 0.991708115000051], [118.03454934000001, 0.991846768000073], [118.03442080400009, 0.99200349900002], [118.03442080700006, 0.992012545000023], [118.0343669130001, 0.992093974000056], [118.03429505100007, 0.992193501000031], [118.03430491800009, 0.992444745000057], [118.03443906100006, 0.992917120000072], [118.03450027300005, 0.993123255000057], [118.03453584200008, 0.993408959000021], [118.0345536430001, 0.993605382000055], [118.03457143900005, 0.993783948000043], [118.03453603100002, 0.994016102000046], [118.03447539000001, 0.994147337000072], [118.03437651800004, 0.994498296000074], [118.03434111500007, 0.994748307000066], [118.034375, 0.994944782000061], [118.03444769100008, 0.99517684500006], [118.03451873000006, 0.995426823000059], [118.0344758220001, 0.995531345000074], [118.03446535300009, 0.995640543000036], [118.03461986200011, 0.995709022000028], [118.03486601500003, 0.995772201000023], [118.03498910300004, 0.995838054000046], [118.03505855100002, 0.995834707000029], [118.03511536200006, 0.995790151000051], [118.03511739400005, 0.995788960000027], [118.03511901500008, 0.995787738000047], [118.03521699900011, 0.995733900000062], [118.03534196900011, 0.99565297700002], [118.03534315000002, 0.995652355000061], [118.03534367400005, 0.995651960000032], [118.03575526000009, 0.995426631000043], [118.035789625, 0.995400670000038], [118.03582556300012, 0.995373522000023], [118.03589743900011, 0.99531922400007], [118.03589898100006, 0.99531833900005], [118.03590023800007, 0.995317371000056], [118.035962616, 0.995281466000051], [118.0361328240001, 0.99517318200003], [118.03613332600003, 0.995172921000062], [118.03613360100007, 0.995172707000052], [118.036497015, 0.994958421000035], [118.03667332200007, 0.994709801000056], [118.03667347700002, 0.994709616000023], [118.0366735550001, 0.994709477000072], [118.0367990530001, 0.994537924000042], [118.0368976100001, 0.994393527000057], [118.03689816100007, 0.994392860000062], [118.03689843000006, 0.994392389000041], [118.03699957600008, 0.99427709400004], [118.03700684600005, 0.994096188000071], [118.0369834280001, 0.994070668000063], [118.03696000500008, 0.994031401000029], [118.03692097200008, 0.99397839300002], [118.03688779700008, 0.993946984000047], [118.03684759900011, 0.993931868000061], [118.03682925700002, 0.993889703000036], [118.03683971200007, 0.993829079000022], [118.03682137300007, 0.993797456000038], [118.0368082650001, 0.993744747000051], [118.03676871400012, 0.993689776000053]]], [[[118.03565053300008, 0.987371663000033], [118.03565392100006, 0.987371513000028], [118.03531802600003, 0.987362721000068], [118.03472491900004, 0.987390044000051], [118.03471593300003, 0.987390047000019], [118.0343564740001, 0.987408251000033], [118.03432085200006, 0.98845757600003], [118.0343298360001, 0.98844852700006], [118.03432992000012, 0.988719901000024], [118.03430319000006, 0.989461666000068], [118.03428530400004, 0.989742091000039], [118.03427631700004, 0.989742094000064], [118.034258453, 0.990094886000065], [118.03431240900011, 0.990212464000024], [118.03427662900003, 0.990292663000048], [118.03430713700004, 0.990275950000068], [118.03433704100007, 0.990237520000051], [118.03433919600002, 0.990235071000029], [118.03434130700009, 0.990233157000034], [118.03444821000005, 0.990146091000042], [118.03444914600004, 0.990145530000063], [118.03445058200009, 0.990144365000049], [118.03457469400007, 0.99006399700005], [118.034644393, 0.990002570000058], [118.03468867800007, 0.98995796600002], [118.03469742200002, 0.989952081000069], [118.03470773900005, 0.989950012000065], [118.0347089930001, 0.989950011000076], [118.03477353800008, 0.98990937700006], [118.03503334600009, 0.989719876000038], [118.03503475700006, 0.989719082000022], [118.03503578200002, 0.989718294000056], [118.0351615720001, 0.989645888000041], [118.0351617770001, 0.989645787000029], [118.03516185500007, 0.989645727000038], [118.03524272000004, 0.989600473000053], [118.03524549600002, 0.989599122000072], [118.0352465420001, 0.989598913000066], [118.03524728700006, 0.989598449000027], [118.0354090290001, 0.98954412300003], [118.03541451100011, 0.989543226000023], [118.03541676100008, 0.989542740000047], [118.03572230300006, 0.989533598000037], [118.0357237830001, 0.989533871000049], [118.03572508700006, 0.989533660000063], [118.03596573900006, 0.98955152700006], [118.03620203000003, 0.989533834000042], [118.0363018920001, 0.989491914000041], [118.03635942300002, 0.989442245000021], [118.03642969200007, 0.989350234000028], [118.03642604400011, 0.989344743000061], [118.03642398900001, 0.989334358000065], [118.03642603800006, 0.989323972000022], [118.03642627700003, 0.989323612000021], [118.03642636000006, 0.989323221000063], [118.03650674200003, 0.989143268000021], [118.03655094700002, 0.98901855500003], [118.03659556900004, 0.988856660000067], [118.03659663700012, 0.988853537000068], [118.0365972300001, 0.988852644000076], [118.03659743100002, 0.988851786000055], [118.03662437300011, 0.988797503000058], [118.03666927800009, 0.988707031000047], [118.03667432600002, 0.988699976000021], [118.03667721300008, 0.988697454000032], [118.03671063200011, 0.988672208000025], [118.03675353300002, 0.988620355000023], [118.03675518000011, 0.988618539000072], [118.03686298600007, 0.98850995500004], [118.03691688900005, 0.988455663000025], [118.0369238940001, 0.988450578000027], [118.03695890900008, 0.988432941000042], [118.0369912760001, 0.988413379000065], [118.0369919100001, 0.988410169000076], [118.03699576300005, 0.988403600000026], [118.0370316960001, 0.988358360000063], [118.03706664900005, 0.988314352000032], [118.037110729, 0.98824331000003], [118.0371109560001, 0.988243023000052], [118.037111159, 0.988242639000021], [118.03713653400007, 0.988204300000064], [118.03714696600002, 0.987977012000044], [118.03712925900004, 0.987403559000029], [118.03707941300001, 0.987407398000073], [118.03674689700006, 0.987371319000033], [118.03585722500009, 0.987371598000038], [118.03585722200012, 0.987362552000036], [118.03565392100006, 0.987371513000028], [118.03565952000008, 0.987371660000065], [118.03565053300008, 0.987371663000033]]], [[[118.03676707300008, 0.994995080000024], [118.03671709200012, 0.994741497000064], [118.036537554, 0.994994673000065], [118.03653468100003, 0.994998090000024], [118.03652923800007, 0.995002322000062], [118.03616124700011, 0.99521930700007], [118.03599092000002, 0.995327666000037], [118.03599024400012, 0.995328018000066], [118.03598989900001, 0.995328283000049], [118.03592846100003, 0.995363648000023], [118.03585792800004, 0.995416931000022], [118.03582199000004, 0.995444080000027], [118.03578605200005, 0.995471229000032], [118.0357840910001, 0.995472355000061], [118.03578275000007, 0.995473363000031], [118.03537030700011, 0.995699162000051], [118.03524535400004, 0.995780074000038], [118.03524420400004, 0.995780681000042], [118.03524368500007, 0.995781071000067], [118.03514677300006, 0.995834320000029], [118.03509155000006, 0.995877631000042], [118.0350914490001, 0.995877690000043], [118.0350912670001, 0.995877850000056], [118.03503229000012, 0.995922853000025], [118.03502632900006, 0.995926295000061], [118.03502214500008, 0.995927134000056], [118.03502989200001, 0.995945996000046], [118.03502417200002, 0.996064874000069], [118.035060197, 0.996318145000032], [118.03511061000006, 0.996493850000036], [118.03510714800007, 0.996528566000052], [118.03685364000012, 0.996504292000054], [118.03688414600003, 0.996446328000047], [118.03689026400002, 0.996381454000073], [118.0368656920001, 0.99631658900006], [118.03679814400004, 0.996217758000057], [118.03671524600009, 0.996100396000031], [118.03668147300004, 0.996054069000024], [118.03664152100009, 0.995874911000044], [118.03664150200007, 0.995813128000066], [118.03665375000003, 0.995723539000039], [118.03665986500005, 0.99565248600004], [118.03665370100009, 0.995569081000042], [118.03664446700009, 0.995479498000066], [118.03668432200004, 0.995349741000041], [118.03674567600001, 0.995270021000067], [118.03676405700003, 0.995164984000041], [118.03677323000011, 0.995056861000023], [118.03676707300008, 0.994995080000024]]]]}},
{"type": "Feature", "properties": {"ba_code": "4520", "blockid": "4520G12P08", "division": "06"}, "geometry": {"type": "MultiPolygon", "coordinates": [[[[118.04246580200004, 0.980915029000073], [118.0424205600001, 0.980692739000062], [118.04218806500012, 0.980655001000059], [118.04175669300002, 0.980600862000074], [118.04166682800007, 0.980600890000062], [118.04152303700005, 0.980582843000036], [118.04136127400011, 0.98056480200006], [118.0411905090001, 0.98050153500003], [118.04053449000003, 0.980501741000069], [118.0400761840001, 0.980529021000052], [118.03984253300007, 0.980529094000076], [118.03978872800008, 0.980899988000033], [118.03980701700004, 0.981922157000042], [118.03987043200004, 0.983568470000023], [118.03990693100002, 0.985350479000033], [118.03994314700003, 0.986218863000033], [118.03997943800005, 0.987331484000038], [118.04034789700006, 0.987358505000032], [118.04068938400007, 0.987349352000024], [118.04112971500001, 0.987313030000053], [118.04120159100012, 0.987258732000043], [118.041435191, 0.987095835000048], [118.04162445500003, 0.986983511000062], [118.04169570300007, 0.986779150000075], [118.04198322900004, 0.986634327000047], [118.04219885300006, 0.986462389000053], [118.04236957800003, 0.986399015000075], [118.0426130190001, 0.986255337000046], [118.04255216900003, 0.984264723000024], [118.04253686000004, 0.983456348000061], [118.04250159600008, 0.983042065000063], [118.04246580200004, 0.980915029000073]]], [[[118.0424554760001, 0.979985396000075], [118.04246008000007, 0.978641465000067], [118.04215584600001, 0.978621642000064], [118.0421532690001, 0.97862337600003], [118.04214596500003, 0.978625428000043], [118.04198510000003, 0.978650121000044], [118.04198408800005, 0.978650198000025], [118.04198366000003, 0.978650308000056], [118.04197649600007, 0.978651069000023], [118.04197626200005, 0.978665521000039], [118.04197589400007, 0.978667307000023], [118.0419746550001, 0.978675008000039], [118.04196624500003, 0.97870043000006], [118.04193072200007, 0.97887053900007], [118.04193070400004, 0.978870598000071], [118.04193069900009, 0.978870651000022], [118.04184993700005, 0.979250599000068], [118.04184824300012, 0.979256081000074], [118.04184755100005, 0.979257123000025], [118.04184731700002, 0.979258125000058], [118.04183833600007, 0.979276219000042], [118.04183244700005, 0.979284449000033], [118.04182038400006, 0.979296599000065], [118.04176982800004, 0.979483420000065], [118.04176988800009, 0.979678188000037], [118.04176749800001, 0.97969030400003], [118.04176574900009, 0.979693897000061], [118.0417298220001, 0.979757229000029], [118.0417292840001, 0.979757939000024], [118.041724756, 0.979763909000042], [118.041714554, 0.979770776000066], [118.04170599200006, 0.979772995000076], [118.04154423900002, 0.979791137000063], [118.04154076600003, 0.979791332000048], [118.0415287290001, 0.979788925000037], [118.04151852200005, 0.979782066000041], [118.04151484300007, 0.979777616000035], [118.04141594600003, 0.979632914000035], [118.0414148000001, 0.979630792000023], [118.04141406600002, 0.979629792000026], [118.04133412300007, 0.979477907000046], [118.04124695300004, 0.979355146000046], [118.04123980500003, 0.979347955000037], [118.04123885700005, 0.979346528000065], [118.04123856000001, 0.979346329000066], [118.04123518800009, 0.979342320000057], [118.0411943150001, 0.979284641000049], [118.04102071900002, 0.979153670000073], [118.04078956900003, 0.979037424000069], [118.04078948600011, 0.979037363000032], [118.04078908600002, 0.97903717600002], [118.04063099000007, 0.97895421000004], [118.04060112200011, 0.978938536000044], [118.0405295700001, 0.978916599000058], [118.04058434400008, 0.978858365000065], [118.04062465700008, 0.978879478000067], [118.04081792700003, 0.978980902000046], [118.0410513710001, 0.979098302000068], [118.04105290100006, 0.97909941100005], [118.04105617700009, 0.979101290000074], [118.0412359500001, 0.979236920000062], [118.04123932000005, 0.979239860000064], [118.04124269300007, 0.979243869000072], [118.04128580300005, 0.97930470700004], [118.04129326200007, 0.979312210000046], [118.04129661700006, 0.979316194000035], [118.04138652100005, 0.979442807000055], [118.04138781900008, 0.979445159000022], [118.04138872600004, 0.979446395000025], [118.04146880200005, 0.979598532000068], [118.04155599300009, 0.979726106000044], [118.04168312700006, 0.979711847000033], [118.04170698000007, 0.979669799000021], [118.04170692100001, 0.979479200000071], [118.04170802600004, 0.979470869000068], [118.04176188400004, 0.979271845000028], [118.04176316900009, 0.979268059000049], [118.0417699840001, 0.979257786000062], [118.041784344, 0.979243323000048], [118.0417892590001, 0.979233420000071], [118.041869173, 0.97885745800005], [118.04190505500003, 0.978685633000055], [118.04190584600008, 0.978683055000033], [118.04190599300011, 0.978682143000071], [118.04191188900006, 0.978664320000064], [118.04163838900001, 0.978734108000026], [118.04163605500003, 0.978734402000043], [118.04163425600007, 0.978734871000029], [118.04152759400006, 0.978747225000063], [118.04152568200004, 0.978747336000026], [118.04152538700009, 0.978747402000067], [118.04144312900007, 0.978751060000036], [118.04142055900002, 0.97875229300007], [118.04130679800005, 0.978764708000028], [118.04095629800008, 0.978683406000073], [118.04065070200011, 0.97851163100006], [118.04048591500009, 0.978451372000052], [118.04048641500003, 0.978453493000075], [118.04047740200008, 0.978450094000038], [118.04038202400011, 0.978414757000053], [118.0403418620001, 0.978389508000021], [118.04031173200008, 0.978344046000075], [118.04021633800005, 0.978253133000067], [118.04016614000011, 0.978237992000061], [118.04012096500003, 0.978232953000031], [118.040060734, 0.978232972000058], [118.03999045700004, 0.978212785000039], [118.03976960800003, 0.978212853000059], [118.03960899300012, 0.978217956000037], [118.03956884000002, 0.978223021000076], [118.03955880700005, 0.978243233000057], [118.0396918570001, 0.978995834000045], [118.03968140400002, 0.979002250000065], [118.03969830800008, 0.979099905000055], [118.03981620800005, 0.979759928000021], [118.03982433700003, 0.979805437000039], [118.0398693510001, 0.980067751000036], [118.03986742000006, 0.980095083000037], [118.03986040300003, 0.980194395000069], [118.03986947300007, 0.980465765000019], [118.04067826100004, 0.980456467000067], [118.0407321780001, 0.980447404000074], [118.04087596300008, 0.980447359000038], [118.04116352200003, 0.980411086000061], [118.04245566500003, 0.980596733000027], [118.0424554760001, 0.979985396000075]]]]}},
{"type": "Feature", "properties": {"ba_code": "4520", "blockid": "4520H12P09", "division": "06"}, "geometry": {"type": "MultiPolygon", "coordinates": [[[[118.04143347600007, 0.978688173000023], [118.041439878, 0.978687824000076], [118.04144001700001, 0.97868784800005], [118.04144019500006, 0.978687808000075], [118.04152150400012, 0.978684193000049], [118.04159145000006, 0.978676091000068], [118.04168958000002, 0.978655722000042], [118.0418990820001, 0.978602265000063], [118.04193918700003, 0.978591720000054], [118.04194184900007, 0.978591376000054], [118.04194383300012, 0.978590868000026], [118.04194752900003, 0.978590475000033], [118.04197633400008, 0.97858741400006], [118.04213648200005, 0.978562832000023], [118.04214121400003, 0.978562470000043], [118.04215325100006, 0.978564876000064], [118.04215716100009, 0.978567504000068], [118.04243712900006, 0.978554743000075], [118.04246827700001, 0.977695716000028], [118.04246812800011, 0.977210872000057], [118.0424785570001, 0.977073848000032], [118.04252723800005, 0.977000032000035], [118.042528392, 0.976891850000072], [118.04251940300003, 0.976882807000038], [118.04252838700006, 0.976873758000067], [118.04253422600004, 0.976861994000046], [118.04254432100004, 0.976729345000024], [118.04255079500001, 0.976582869000026], [118.04255091300001, 0.976582334000057], [118.04255113500005, 0.976579425000068], [118.04256002500006, 0.976521713000068], [118.04255971000009, 0.976448953000045], [118.04255599900011, 0.976249781000035], [118.042556052, 0.976249495000047], [118.04255599300006, 0.976249197000072], [118.042555966, 0.976159978000055], [118.0424382650001, 0.976041575000067], [118.0421748980001, 0.976096040000073], [118.0421220180001, 0.976108664000037], [118.04212127900007, 0.976108751000027], [118.042120468, 0.976108993000025], [118.0420687720001, 0.976118596000049], [118.04204378500003, 0.976124561000063], [118.04205211600004, 0.976057300000036], [118.04210827300005, 0.976046869000072], [118.04220995700007, 0.976022593000039], [118.04229446600004, 0.975996391000024], [118.04246083500004, 0.975962843000048], [118.0424746110001, 0.975959723000074], [118.04248317000008, 0.975951103000057], [118.0424914780001, 0.975929782000037], [118.04249214800006, 0.975923963000071], [118.0424921450001, 0.975914917000068], [118.04249208600004, 0.975724955000032], [118.04249208400006, 0.975715910000019], [118.04249208100009, 0.97570844300003], [118.04249145900008, 0.975702200000057], [118.0423389560001, 0.974558097000056], [118.04233895300001, 0.974549052000043], [118.04233895100003, 0.974540006000041], [118.0423119300001, 0.974341007000021], [118.04231192700001, 0.974331961000075], [118.042257844, 0.973798277000071], [118.04225783000004, 0.973753048000049], [118.04222180600004, 0.973499778000075], [118.04219481300004, 0.973391237000044], [118.04219481000007, 0.973382191000042], [118.0421947960001, 0.973336962000076], [118.04218580400004, 0.973318873000039], [118.0421317690001, 0.972938967000061], [118.04218552700002, 0.972414295000021], [118.04218552400005, 0.972405249000076], [118.04217322600005, 0.971640529000069], [118.04192710600012, 0.97147723400002], [118.04192181700012, 0.971303324000075], [118.04206315700003, 0.971240040000055], [118.04218357400009, 0.971240003000048], [118.04224116500006, 0.971239985000068], [118.04224113400005, 0.971139854000057], [118.04225681800006, 0.971066068000027], [118.04223585500006, 0.970997564000072], [118.0421939470001, 0.970918527000038], [118.04221485200003, 0.970797309000034], [118.04220433900002, 0.970660291000058], [118.04214148400001, 0.970565450000038], [118.04206813000008, 0.970381021000037], [118.04197380000005, 0.97008592800006], [118.04183766000006, 0.970033270000044], [118.04185856200002, 0.969901512000035], [118.04182186800006, 0.969753962000027], [118.04106140400006, 0.969782321000025], [118.04051284600007, 0.969290604000037], [118.0398569570001, 0.968959527000038], [118.03958081000007, 0.968921989000023], [118.03947951200007, 0.968923460000042], [118.03895254600002, 0.968922183000075], [118.03945537200002, 0.969628214000068], [118.03949229900002, 0.970539920000022], [118.0395133830001, 0.971003678000045], [118.03959212200004, 0.971678220000058], [118.03960789100006, 0.971883747000049], [118.0395924280001, 0.972679529000061], [118.03953488000002, 0.973663437000027], [118.03950813300003, 0.974359971000069], [118.0396947810001, 0.975110500000028], [118.03991393600006, 0.975803927000072], [118.03992370300011, 0.975810980000063], [118.03990517800003, 0.975876322000033], [118.03986755100004, 0.976075503000061], [118.0397922730001, 0.97639798900002], [118.03969815100004, 0.976720482000076], [118.03945329300007, 0.97709992700004], [118.0395164680001, 0.977783974000033], [118.0395181780001, 0.977806413000053], [118.0395542220001, 0.978123005000043], [118.03956321100009, 0.97813204800002], [118.04026417400007, 0.978168012000026], [118.04028215000005, 0.978177052000035], [118.04040800300004, 0.97831270000006], [118.04046192800001, 0.978330775000074], [118.04059675200006, 0.97841214500005], [118.04088435500012, 0.978520604000039], [118.04111664600009, 0.978648735000036], [118.0411551090001, 0.978664220000041], [118.04122564500005, 0.978677510000068], [118.04143347600007, 0.978688173000023]]]]}},
{"type": "Feature", "properties": {"ba_code": "4520", "blockid": "4520J17P11", "division": "03"}, "geometry": {"type": "MultiPolygon", "coordinates": [[[[118.05620883900008, 0.95736684000002], [118.05618055100001, 0.953015847000074], [118.0548865080001, 0.953034338000066], [118.0534587520001, 0.953038804000073], [118.05353168600004, 0.957374253000069], [118.05356682800004, 0.957394795000027], [118.05620883900008, 0.95736684000002]]], [[[118.05424911500006, 0.949183006000055], [118.05388782400007, 0.949117836000028], [118.05375303300002, 0.949135969000054], [118.05342058100007, 0.949289849000024], [118.05343921400004, 0.95146986900005], [118.0534612890001, 0.952969291000045], [118.05489546400008, 0.952934832000039], [118.05616725000004, 0.952929839000035], [118.05615259900003, 0.949750343000062], [118.05598185100007, 0.949732304000065], [118.05543365900007, 0.94966915200007], [118.05515505500011, 0.949587826000027], [118.05475062100004, 0.949443218000056], [118.05424911500006, 0.949183006000055]]]]}},
{"type": "Feature", "properties": {"ba_code": "4520", "blockid": "4520D05P08", "division": "01"}, "geometry": {"type": "MultiPolygon", "coordinates": [[[[118.02052015100003, 1.00589057600007], [118.0205381500001, 1.005971983000052], [118.02052021600002, 1.006098630000054], [118.02064616200005, 1.006523745000038], [118.02065517100004, 1.006596109000043], [118.020700024, 1.006697484000028], [118.02080589900004, 1.007106850000071], [118.02083849600001, 1.007295163000038], [118.02096056300002, 1.007458885000062], [118.02103378900006, 1.007507989000032], [118.02127785000005, 1.007597980000071], [118.02156260400011, 1.007753462000039], [118.02174160200002, 1.007884413000056], [118.02187178400004, 1.007982628000036], [118.02205078800012, 1.008129955000072], [118.0223599630001, 1.00834274500005], [118.02266910500009, 1.008449090000056], [118.02280178400008, 1.008554809000032], [118.02307990200006, 1.008690031000071], [118.02332808900007, 1.008751837000034], [118.02346047000003, 1.008770914000024], [118.02339887700009, 1.008567968000023], [118.02333805400008, 1.008455312000024], [118.0232247240001, 1.008220380000068], [118.02311831100008, 1.008036098000048], [118.02304829400009, 1.007754562000059], [118.02309813400007, 1.007402598000056], [118.02309808700011, 1.007251764000046], [118.0231080420001, 1.007141148000073], [118.02309799600005, 1.006960150000054], [118.02307790000009, 1.006588097000019], [118.02303787200003, 1.006366885000034], [118.0229579060001, 1.006216076000044], [118.02292865000004, 1.006106917000068], [118.02289268700008, 1.00605265300004], [118.02283018500009, 1.006018661000041], [118.02277583500006, 1.005971278000061], [118.02266798900007, 1.005953220000038], [118.0225421780001, 1.005962306000072], [118.02242535700009, 1.005980434000037], [118.02234447100011, 1.005962368000041], [118.0222905280001, 1.005890018000059], [118.02221861200007, 1.00581767400007], [118.02214670800004, 1.005781514000034], [118.02201189900006, 1.005754419000027], [118.02190405600004, 1.005745407000063], [118.0218321540001, 1.00571829200004], [118.02175127700002, 1.005727363000062], [118.02165243200011, 1.005754532000026], [118.02152662900005, 1.005790755000021], [118.021454747, 1.005826961000025], [118.02134693500011, 1.005917453000052], [118.0211941870001, 1.005998914000031], [118.02108635800005, 1.006035131000033], [118.02097851500002, 1.006026119000069], [118.02084370600005, 1.005999024000062], [118.02067293300001, 1.005917665000027], [118.02053041300007, 1.005841774000032], [118.02052015100003, 1.00589057600007]]]]}},
{"type": "Feature", "properties": {"ba_code": "4520", "blockid": "4520I09P07", "division": "02"}, "geometry": {"type": "MultiPolygon", "coordinates": [[[[118.031283787, 0.968944073000046], [118.03293730200005, 0.968907383000044], [118.03427628700001, 0.968870788000061], [118.03431218100002, 0.968698907000032], [118.03432088800002, 0.967776232000062], [118.03433884000003, 0.967703860000029], [118.03432966100002, 0.967070657000022], [118.03422162000004, 0.96640130000003], [118.03408658400008, 0.965614357000049], [118.03407749900009, 0.965288710000038], [118.03411519100007, 0.965160775000072], [118.03407734600012, 0.964782145000072], [118.0339153860001, 0.96411280500007], [118.03384328700008, 0.963425346000065], [118.03378912200003, 0.962611240000058], [118.03376215500009, 0.962584111000069], [118.03354571600005, 0.960051351000061], [118.0325633760001, 0.96007720800003], [118.0311026390001, 0.960074543000076], [118.0311491440001, 0.960677599000064], [118.03120095800011, 0.962476342000059], [118.0312195350001, 0.964484507000066], [118.03122923600006, 0.96685450700005], [118.03122982900004, 0.968817448000038], [118.031283787, 0.968944073000046]]]]}},
{"type": "Feature", "properties": {"ba_code": "4520", "blockid": "4520D10P10", "division": "06"}, "geometry": {"type": "MultiPolygon", "coordinates": [[[[118.03523585200003, 1.014506060000031], [118.03540374600004, 1.014484880000055], [118.03554062900002, 1.014646361000075], [118.03554453800007, 1.014650972000027], [118.03558477900003, 1.014713703000041], [118.03586748500004, 1.014706672000045], [118.03606844900003, 1.014703817000054], [118.03625139500002, 1.014700967000067], [118.03639127300005, 1.014714065000021], [118.03639983000005, 1.013838100000044], [118.0363821410001, 1.013780301000054], [118.03638211500004, 1.013695818000031], [118.03637318900007, 1.013411244000054], [118.0363509980001, 1.01308221000005], [118.03634210300004, 1.012895460000038], [118.03635072400004, 1.01221958800005], [118.03648282100005, 1.010876701000029], [118.03666375800003, 1.010316383000031], [118.03669024400006, 1.010258570000076], [118.03673880500003, 1.010160731000042], [118.03674316600006, 1.009982869000055], [118.03672386000005, 1.009640013000023], [118.03671023000004, 1.009205407000024], [118.03659755000001, 1.008947401000057], [118.03681561500002, 1.008490812000048], [118.03700630300011, 1.007711807000021], [118.03690252100012, 1.007129098000064], [118.03668665300006, 1.006532145000051], [118.03661083700001, 1.006075148000036], [118.03664197400008, 1.005744744000026], [118.03670417600006, 1.005526872000075], [118.03656792700008, 1.005515487000025], [118.03639761500006, 1.005504113000029], [118.036068354, 1.005504218000056], [118.03585262400009, 1.005481430000032], [118.03569367000011, 1.005481480000071], [118.03554607400008, 1.005492956000069], [118.03540982800007, 1.005493], [118.03520545900005, 1.005493065000053], [118.03492161300005, 1.005493155000067], [118.03477401600003, 1.005504631000065], [118.0345810010001, 1.005504693000034], [118.03439934000005, 1.005504751000046], [118.03420632400002, 1.005504812000027], [118.03392043100007, 1.005475788000069], [118.0339176760001, 1.005477786000029], [118.0339017870001, 1.005543278000061], [118.03391119300011, 1.005722049000042], [118.03391143100009, 1.00592196100007], [118.03390959600006, 1.005954101000043], [118.03390964800008, 1.006116925000072], [118.0339186430001, 1.006144060000054], [118.03392767500009, 1.006288790000042], [118.0339277920001, 1.006659668000054], [118.03390989800005, 1.006912956000065], [118.03391001800003, 1.007292880000023], [118.03388310100001, 1.007428575000063], [118.03386520200002, 1.007663772000058], [118.03385624400005, 1.007754233000071], [118.033892304, 1.008116053000037], [118.033901291, 1.008116051000059], [118.03397336100011, 1.00867686700002], [118.03397104900012, 1.00873093000007], [118.03420063200008, 1.009382772000038], [118.0342681950001, 1.009695126000054], [118.03426822900008, 1.009803779000038], [118.03428176900002, 1.009953172000053], [118.03428807900002, 1.010059480000052], [118.03429406500004, 1.010191353000039], [118.03430338500004, 1.010339260000023], [118.03430593500002, 1.01036040300005], [118.03430610400005, 1.01036588900007], [118.03435866300003, 1.012073524000073], [118.03435841200007, 1.012073493000059], [118.03437635800003, 1.012945003000027], [118.03439678900008, 1.013030571000058], [118.03438347600002, 1.013028342000041], [118.0343678380001, 1.013190221000059], [118.03437570100004, 1.013249441000028], [118.03436395300002, 1.013308667000047], [118.03437182100004, 1.013383679000071], [118.03436399400005, 1.013438955000026], [118.03430125300008, 1.013490302000037], [118.034230664, 1.013529806000065], [118.0341522330001, 1.013581157000033], [118.03409285400005, 1.013627964000023], [118.03407776000006, 1.01374305500002], [118.03409740200004, 1.013837804000048], [118.03414842500001, 1.013940440000056], [118.0342465220001, 1.014062801000023], [118.03431715300007, 1.014153585000031], [118.03437993700004, 1.014236476000065], [118.03439959700006, 1.014390448000029], [118.03441140900009, 1.014532577000068], [118.03441928300003, 1.014623382000025], [118.03442321800003, 1.014662862000023], [118.03445069100007, 1.014714179000066], [118.03450560700003, 1.014726006000046], [118.03459974400005, 1.014729924000051], [118.03467034300002, 1.014718057000039], [118.03475662900007, 1.014702236000062], [118.03482722600006, 1.014686421000022], [118.0348625260001, 1.014682462000053], [118.03493703600009, 1.014635060000046], [118.03518410400011, 1.014512588000059], [118.03523461600003, 1.014506216000029], [118.03523585200003, 1.014506060000031]], [[118.03589882100005, 1.014245303000052], [118.03589514700002, 1.014242186000047], [118.03589862900003, 1.014242994000028], [118.03589882100005, 1.014245303000052]]]]}},
{"type": "Feature", "properties": {"ba_code": "4520", "blockid": "4520H38P13", "division": "05"}, "geometry": {"type": "MultiPolygon", "coordinates": [[[[118.11370595300002, 0.977241579000065], [118.113442071, 0.977174551000076], [118.11311698700001, 0.977113289000044], [118.11309002200005, 0.977095207000048], [118.11308103600004, 0.977095210000073], [118.11263169800009, 0.977032041000029], [118.11248414700003, 0.978385794000076], [118.11253472500005, 0.978352567000059], [118.11260022200008, 0.978290475000051], [118.11270425700002, 0.978224491000049], [118.1127774690001, 0.978181794000022], [118.11286608700004, 0.978111935000072], [118.11293544300008, 0.978065360000073], [118.11302406400011, 0.978003260000037], [118.11313195500009, 0.977941154000064], [118.11321286700002, 0.977875178000033], [118.1132822080001, 0.97778205000003], [118.113390073, 0.977642356000047], [118.1134709690001, 0.977529827000069], [118.11354801800007, 0.977436696000041], [118.11360194400004, 0.97734745300005], [118.11365973200009, 0.977281484000059], [118.11370595300002, 0.977241579000065]]]]}},
{"type": "Feature", "properties": {"ba_code": "4520", "blockid": "4520F04P07", "division": "01"}, "geometry": {"type": "MultiPolygon", "coordinates": [[[[118.02043159400012, 0.992727842000022], [118.02035545400008, 0.992710835000025], [118.01978919500004, 0.992385361000061], [118.0191871190001, 0.992485052000063], [118.01908373100002, 0.993258696000055], [118.01908378400003, 0.993258731000026], [118.01908713900002, 0.993262715000071], [118.01911431400003, 0.993344303000072], [118.01912449100007, 0.993371593000063], [118.01915501600001, 0.99344095500004], [118.01916180300009, 0.993467109000051], [118.01920365600006, 0.99363426900004], [118.01924211300002, 0.993777548000025], [118.01926699400008, 0.993861696000067], [118.01928270100007, 0.99374418900004], [118.01928425800008, 0.993739324000046], [118.01929107300009, 0.99372905000007], [118.01929924500007, 0.993723117000059], [118.0193044880001, 0.993720476000021], [118.01935615800005, 0.993568262000053], [118.01938774700011, 0.99342268700002], [118.01941935000002, 0.993319189000033], [118.01948468700004, 0.993200111000021], [118.01948592000008, 0.99319859600007], [118.01948644600009, 0.993197707000036], [118.01959930300006, 0.993057803000056], [118.01962312300009, 0.992977791000044], [118.01962312100011, 0.992970286000059], [118.01956354800006, 0.992816230000074], [118.01954746900003, 0.992791969000052], [118.01954457900001, 0.992786524000053], [118.01954318900005, 0.992782351000074], [118.01950075500008, 0.99261774200005], [118.01949974700005, 0.992609800000025], [118.01950213700002, 0.992597683000042], [118.01950895200002, 0.992587410000056], [118.01951315500003, 0.992583859000035], [118.01960045300007, 0.992522307000058], [118.01960470000006, 0.992519961000028], [118.01960547400006, 0.992519420000065], [118.01970431300003, 0.992474160000029], [118.01970482000002, 0.992474049000066], [118.01970529200003, 0.992473732000065], [118.01971215700007, 0.992471751000039], [118.01981999100008, 0.992453626000042], [118.01982516200007, 0.992453193000074], [118.01983719900011, 0.992455599000039], [118.01983823500007, 0.992456295000068], [118.01983922900001, 0.992456531000073], [118.01994708600012, 0.992510773000049], [118.02005067800008, 0.992587754000056], [118.02007892800009, 0.992605941000022], [118.0201489640001, 0.992694946000029], [118.02014967200012, 0.99269638100003], [118.02014992900001, 0.992696740000042], [118.02015352700005, 0.992713955000056], [118.02015353200011, 0.992728739000029], [118.02014449700005, 0.992738977000045], [118.02012981100006, 0.992744667000068], [118.02011286400011, 0.992743535000045], [118.02009412600012, 0.992725988000075], [118.02003485900002, 0.992623791000028], [118.02002885700006, 0.992622591000043], [118.02002782200009, 0.99262189500007], [118.02002682700004, 0.992621659000065], [118.01993317000006, 0.992554811000048], [118.01982921100011, 0.992495707000046], [118.01971736700011, 0.992512801000032], [118.01961908900012, 0.992556046000061], [118.01953889100002, 0.992614069000069], [118.01958074200002, 0.992772131000038], [118.01960334500006, 0.992796006000049], [118.01967118300001, 0.99296088400007], [118.01967344500008, 0.992969981000044], [118.01967231900005, 0.992982491000021], [118.01967345300011, 0.992995], [118.01963958600004, 0.993081440000026], [118.01952100200003, 0.993224768000061], [118.01945966500011, 0.993337290000056], [118.01943353000001, 0.993434126000068], [118.01939302200003, 0.993648151000059], [118.01936617900003, 0.993733524000049], [118.01932232500008, 0.993767288000072], [118.01928395100003, 0.993894670000032], [118.0193156040001, 0.993956071000071], [118.01936420800007, 0.994031113000062], [118.01946027000008, 0.994128885000066], [118.01953372100002, 0.994176626000069], [118.01961055600009, 0.994207307000067], [118.01968174700005, 0.994252774000074], [118.01975519700011, 0.994298240000035], [118.01982526100005, 0.994352806000052], [118.01989645200001, 0.994398273000058], [118.0199698990001, 0.994434641000055], [118.02008175500009, 0.994457351000051], [118.02013937000004, 0.994441412000072], [118.0201890830001, 0.994450494000034], [118.0203257930001, 0.99446751000005], [118.02039245600008, 0.994485685000029], [118.02040256300006, 0.99428666700004], [118.02039795500002, 0.993996674000073], [118.02040469200006, 0.993859068000063], [118.02039332100003, 0.99362252700007], [118.02038872300011, 0.99336551500005], [118.02040560000012, 0.99313920100002], [118.02040515700003, 0.992878395000048], [118.02041535900003, 0.99287152900007], [118.02042739500007, 0.992869115000076], [118.02042852200009, 0.992869340000027], [118.02043159400012, 0.992727842000022]]]]}},
{"type": "Feature", "properties": {"ba_code": "4520", "blockid": "4520G09bP08", "division": "06"}, "geometry": {"type": "MultiPolygon", "coordinates": [[[[118.0326553430001, 0.987261415000035], [118.03335631700008, 0.987324517000047], [118.0341599300001, 0.987268911000058], [118.0341851710001, 0.986278847000051], [118.03416571200012, 0.985311298000056], [118.03419108600008, 0.984748758000023], [118.03421649600011, 0.984301939000034], [118.034261033, 0.983745823000049], [118.03427162500009, 0.98302747300005], [118.0342804280001, 0.982430448000059], [118.03426223000008, 0.981697743000041], [118.03426212400007, 0.981354003000035], [118.03420807400005, 0.980928867000046], [118.03419000400004, 0.980612269000062], [118.0341673910001, 0.980386733000046], [118.03411320900011, 0.980733912000062], [118.03402866500005, 0.981978236000032], [118.03387623000003, 0.983072826000068], [118.03385208700001, 0.983138416000031], [118.03374994600006, 0.983295956000063], [118.03364141200007, 0.98343421200002], [118.03351477100011, 0.983951099000024], [118.03345331500009, 0.984459686000037], [118.03280791100008, 0.986601023000048], [118.0326553430001, 0.987261415000035]]]]}},
{"type": "Feature", "properties": {"ba_code": "4520", "blockid": "4520F08P07", "division": "01"}, "geometry": {"type": "MultiPolygon", "coordinates": [[[[118.03092324400006, 0.994751889000042], [118.03107468100006, 0.994681883000055], [118.03132038800004, 0.994507337000073], [118.03141345000006, 0.994285968000042], [118.0314573710001, 0.994101070000056], [118.03152199100009, 0.993926581000039], [118.03157883100005, 0.993689599000049], [118.03159948500002, 0.99355418500005], [118.03156573500007, 0.993171407000034], [118.03127303800011, 0.99254460100002], [118.03122804000009, 0.992336562000048], [118.03137168, 0.99186613400002], [118.03156018700008, 0.991178594000075], [118.03170379100004, 0.990590571000041], [118.03167668200001, 0.990111151000065], [118.03217940400009, 0.988401336000038], [118.03240386900006, 0.98774996700007], [118.03251075500009, 0.987325124000051], [118.03240209700004, 0.987304326000071], [118.03200370900004, 0.98731747100004], [118.03162084900009, 0.987348839000049], [118.03026270700002, 0.987390927000035], [118.02972720900004, 0.987398906000067], [118.02864069500004, 0.987433096000075], [118.02871149200007, 0.991387539000073], [118.02863142800004, 0.991527685000051], [118.02860438100004, 0.991717249000033], [118.02864004000003, 0.99281680100006], [118.0286815820001, 0.99418527000006], [118.02873931600004, 0.99418268900007], [118.02897296800006, 0.994182616000046], [118.0289734910001, 0.994182720000026], [118.02897396600008, 0.994182634000026], [118.02921660800007, 0.994191604000036], [118.02922263800008, 0.994192926000039], [118.02922549200002, 0.994193471000074], [118.02952208700003, 0.99431097300004], [118.029522283, 0.99431110200004], [118.02952252300008, 0.994311150000044], [118.02953046100004, 0.994316248000075], [118.02975484300009, 0.994523909000065], [118.029817137, 0.994577622000065], [118.0299568690001, 0.994691829000033], [118.02997846000005, 0.994699066000067], [118.03017124000007, 0.994751923000024], [118.03018628100006, 0.994751077000046], [118.03019809500006, 0.994753098000047], [118.03020684300009, 0.99475897800005], [118.0302126900001, 0.994767780000075], [118.03021474500008, 0.994778164000024], [118.03021407200004, 0.994781575000047], [118.03029419100005, 0.994788270000072], [118.03057284200008, 0.994788805000042], [118.03092324400006, 0.994751889000042]]], [[[118.03087879400005, 0.99630778300002], [118.03066299700004, 0.995927927000025], [118.03052802900004, 0.995385221000049], [118.03024171700008, 0.99480974100004], [118.03020287200002, 0.994800036000072], [118.03019811000001, 0.994803241000056], [118.03018928900008, 0.99480526800005], [118.03016987900003, 0.994806359000052], [118.03016918600008, 0.994806241000049], [118.03016838400004, 0.994806402000052], [118.03016129000002, 0.994805448000022], [118.0299635670001, 0.994751235000024], [118.02996244700012, 0.994750850000059], [118.029962135, 0.99475079900003], [118.02993517200002, 0.994741762000046], [118.02993442700006, 0.994741298000065], [118.02993338100009, 0.994741089000058], [118.02992669600008, 0.994737081000039], [118.02978287300004, 0.994619531000069], [118.02978245600002, 0.994619152000041], [118.02978232800001, 0.994619073000024], [118.02971940500004, 0.994564818000072], [118.02971916600006, 0.994564487000048], [118.02971869700002, 0.994564185000058], [118.029497665, 0.994359625000072], [118.02921002900007, 0.994245672000034], [118.02897248600004, 0.994236891000071], [118.02873933300009, 0.994236964000038], [118.0286841840001, 0.994234745000028], [118.02868161000004, 0.994276410000055], [118.02873061500009, 0.995105365000029], [118.02875786400011, 0.99603707600005], [118.02876707200005, 0.996751693000022], [118.02877606700008, 0.996778827000071], [118.02925221300006, 0.996308295000063], [118.02986327300005, 0.996208599000056], [118.03047438100009, 0.996262681000076], [118.03082491600003, 0.996443487000022], [118.03078006200008, 0.996696784000051], [118.030834077, 0.997004325000034], [118.03089519800005, 0.996817316000033], [118.03094304700005, 0.996738995000044], [118.030958983, 0.996666707000031], [118.03100683900004, 0.996610471000054], [118.03107661500007, 0.996485962000065], [118.03109654600007, 0.996431743000073], [118.03106063700011, 0.996419708000076], [118.03099678700005, 0.996359492000067], [118.03087879400005, 0.99630778300002]]]]}},
{"type": "Feature", "properties": {"ba_code": "4520", "blockid": "4520I38aP08", "division": "05"}, "geometry": {"type": "MultiPolygon", "coordinates": [[[[118.11423295600002, 0.963811418000034], [118.11426347500003, 0.963677494000024], [118.11424533400009, 0.96317442000003], [118.11422475000006, 0.963175713000055], [118.11412006600005, 0.963204120000057], [118.1139824490001, 0.963234950000071], [118.11386522200007, 0.963265774000035], [118.11377855800004, 0.963235017000045], [118.11370208800008, 0.963199126000063], [118.11369695400003, 0.963086248000025], [118.11368164500004, 0.963034944000071], [118.11354401400001, 0.963019597000027], [118.11344206500007, 0.963009369000019], [118.11340126200002, 0.962932419000026], [118.1133400760001, 0.962875999000062], [118.11330949400008, 0.962881140000036], [118.11325342900011, 0.962896551000028], [118.11323303000006, 0.962865772000043], [118.11318714900005, 0.962850395000032], [118.11312597200003, 0.962819629000023], [118.11305969800003, 0.962788866000039], [118.11303929200005, 0.962737564000065], [118.1129883210001, 0.962742711000033], [118.112947544, 0.962747856000021], [118.11283539300007, 0.962711976000037], [118.11274872700005, 0.962676088000023], [118.11269773800007, 0.962624796000057], [118.11267733400007, 0.962578625000049], [118.1126365340001, 0.962511936000055], [118.11259574100006, 0.96246577200003], [118.11256005000007, 0.962434998000049], [118.11254982000003, 0.962327253000069], [118.11254358500003, 0.962306879000039], [118.11250899900006, 0.962193863000039], [118.11249877800003, 0.962111772000071], [118.11250384200002, 0.962009152000064], [118.11249361900002, 0.961921930000074], [118.11246810400007, 0.96183471400002], [118.11242732300002, 0.961824465000063], [118.11236101300005, 0.961685953000028], [118.11224374800008, 0.961598766000066], [118.1121825460001, 0.96149103700003], [118.11203980000005, 0.961424382000075], [118.11193276600011, 0.961450072000048], [118.1118868850001, 0.961434694000047], [118.11178493700004, 0.96142446600004], [118.11166260000005, 0.961419375000048], [118.11152497900002, 0.961434813000039], [118.11148522100007, 0.961478197000019], [118.11146720800002, 0.961486935000039], [118.11148545200001, 0.96231031700006], [118.11149836400011, 0.963320094000039], [118.11151279500007, 0.963472099000057], [118.1115308410001, 0.963680202000035], [118.11176999300005, 0.963824895000073], [118.1118474540001, 0.963862078000034], [118.11209899700009, 0.963850122000053], [118.11238843700005, 0.963840979000054], [118.113041, 0.963735805000056], [118.1132010020001, 0.963733943000022], [118.11337899000011, 0.96375560000007], [118.11386622300006, 0.96385858900004], [118.11412652000001, 0.963890677000052], [118.11432468300006, 0.963934443000028], [118.11423295600002, 0.963811418000034]]]]}},
{"type": "Feature", "properties": {"ba_code": "4520", "blockid": "4520H31P10", "division": "04"}, "geometry": {"type": "MultiPolygon", "coordinates": [[[[118.09482010200009, 0.975129720000041], [118.09482536400003, 0.971528165000052], [118.09482495600002, 0.971529313000076], [118.0948249270001, 0.971441128000038], [118.09479106900005, 0.971331435000025], [118.09479514700001, 0.971329772000047], [118.09480694700005, 0.97132745600004], [118.09481898400009, 0.971329862000061], [118.09482563100005, 0.971334329000058], [118.09482746200001, 0.97008184200007], [118.09480947700001, 0.970045666000033], [118.09438703900003, 0.969801571000062], [118.09433592900007, 0.969750158000068], [118.09432194500005, 0.969724111000062], [118.09430610400011, 0.969620685000052], [118.0943150490001, 0.969494043000054], [118.09425811800008, 0.969497488000059], [118.09409080700004, 0.969485177000024], [118.0940273110001, 0.969446066000046], [118.0940457370001, 0.969304192000038], [118.09401535000006, 0.969131191000031], [118.09374236500003, 0.96912110300002], [118.09339861400008, 0.969131392000065], [118.09254464900005, 0.969111415000043], [118.09221182800002, 0.969117614000027], [118.09204441400004, 0.969133912000075], [118.09206434000009, 0.970078296000054], [118.0920746590001, 0.970729627000026], [118.0920648230001, 0.971584507000046], [118.09210881100012, 0.971672992000038], [118.09210200300004, 0.971674162000056], [118.09208594800009, 0.971662887000036], [118.092087246, 0.972046052000053], [118.09211498500008, 0.974470273000065], [118.09207925200008, 0.975130616000058], [118.09482010200009, 0.975129720000041]]], [[[118.09461089500007, 0.967295860000036], [118.0943952130001, 0.967268793000073], [118.09412562500006, 0.967277926000065], [118.09403585400003, 0.967567415000076], [118.0940808150001, 0.967657857000063], [118.09410783800001, 0.967856852000068], [118.09417977500004, 0.968001559000072], [118.09422477600003, 0.968218639000042], [118.09429676000002, 0.968508076000035], [118.09444066700007, 0.968896991000065], [118.09456653100005, 0.96906881700005], [118.09475524200002, 0.969059710000067], [118.09482660800006, 0.967422429000067], [118.09471877200008, 0.967422464000038], [118.09461089500007, 0.967295860000036]]]]}},
{"type": "Feature", "properties": {"ba_code": "4520", "blockid": "4520J10P09", "division": "02"}, "geometry": {"type": "MultiPolygon", "coordinates": [[[[118.03389601200001, 0.953796348000026], [118.03387635400009, 0.954202503000033], [118.03388047700003, 0.954759960000047], [118.03382323000005, 0.956487219000053], [118.03370713700008, 0.958929622000028], [118.03365351600007, 0.95992467700006], [118.03485771900012, 0.959951448000027], [118.03600798600007, 0.959923960000026], [118.03599862700003, 0.958684688000062], [118.0359439990001, 0.95632375100007], [118.03592583300008, 0.95568150400004], [118.0359527820001, 0.955645313000048], [118.03594510800008, 0.953867401000025], [118.03424807700003, 0.953808188000039], [118.03389601200001, 0.953796348000026]]]]}},
{"type": "Feature", "properties": {"ba_code": "4520", "blockid": "4520F09P07", "division": "06"}, "geometry": {"type": "MultiPolygon", "coordinates": [[[[118.03420330200004, 0.994560894000074], [118.03433797500008, 0.994153791000031], [118.03441876400007, 0.993864300000041], [118.03437355800008, 0.992986871000028], [118.03416665800012, 0.992317547000027], [118.03442107800004, 0.991808881000054], [118.03440908300001, 0.991629989000046], [118.03428318100009, 0.991340563000051], [118.03414598100005, 0.990945607000072], [118.033923447, 0.990472279000073], [118.03393051800003, 0.990458034000028], [118.03387193500009, 0.990446259000066], [118.03387165700008, 0.990446174000056], [118.03387140100006, 0.990446146000068], [118.03378280200002, 0.990426451000076], [118.0337019000001, 0.990408382000055], [118.03369743100006, 0.990406964000044], [118.03369335100001, 0.990404838000075], [118.03352257200004, 0.990296342000022], [118.03351790400006, 0.990292588000045], [118.03351439300002, 0.990288238000062], [118.03322692200004, 0.989845450000075], [118.0331644900001, 0.989755734000028], [118.03311554200002, 0.989690081000049], [118.03291640200007, 0.989614983000024], [118.03277289800008, 0.989666016000058], [118.03277244800006, 0.989666094000029], [118.032770464, 0.989666754000041], [118.0327417640001, 0.989673986000071], [118.03262737700004, 0.98978919800004], [118.0326198250001, 0.989834897000037], [118.03261814100006, 0.98984082100003], [118.03261754900007, 0.989841715000068], [118.03261734800003, 0.989842573000033], [118.03261121100002, 0.989854936000029], [118.03261126400002, 0.990026106000073], [118.03261945600002, 0.990059045000066], [118.03269103800005, 0.990346878000025], [118.03273541500005, 0.990462910000076], [118.03273721500011, 0.990472651000061], [118.03273516600007, 0.990483037000047], [118.03273182800001, 0.99048893600002], [118.03268024800002, 0.99055820600006], [118.03262772900007, 0.99069931400004], [118.03262757700008, 0.990699551000034], [118.03262751700004, 0.990699864000021], [118.0326095580001, 0.990745098000048], [118.03260946700004, 0.990745237000056], [118.03260943400005, 0.990745405000041], [118.03260764600009, 0.99074898300006], [118.03258070000004, 0.990794220000055], [118.032580284, 0.990794756000071], [118.03257987600011, 0.990795518000027], [118.03242717400008, 0.99102171100003], [118.03242700900012, 0.991021911000075], [118.03242690500008, 0.991022101000055], [118.03231975800009, 0.991174994000062], [118.0322309720001, 0.991327033000061], [118.03220443900011, 0.99138049000004], [118.03220435900005, 0.991380603000039], [118.03220411400002, 0.991381124000043], [118.03213243000005, 0.991516519000072], [118.03209666400005, 0.991588577000073], [118.03209639200008, 0.991588958000023], [118.03209566900011, 0.991590403000032], [118.03201483200007, 0.991726116000052], [118.032014118, 0.991727036000043], [118.0320135180001, 0.991728116000047], [118.03194252600008, 0.991826437000043], [118.03190809700004, 0.99188712800003], [118.03185482300012, 0.992012360000047], [118.03185456100005, 0.992012750000072], [118.03185447400006, 0.992013146000033], [118.03179207700009, 0.992147845000034], [118.03170273400008, 0.99239089200006], [118.03160492900008, 0.992668613000035], [118.03158764600005, 0.992790668000055], [118.03158767000002, 0.992867660000059], [118.03163222700005, 0.993109433000029], [118.03163267900004, 0.993114374000072], [118.031632682, 0.993123420000074], [118.03163063300008, 0.99313380600006], [118.03162479200012, 0.993142612000042], [118.03161604700006, 0.99314849700005], [118.03160573100001, 0.993150566000054], [118.0316024440001, 0.993149909000067], [118.03161472600004, 0.993177701000036], [118.0316507870001, 0.993548568000051], [118.03147127600005, 0.994263243000034], [118.03134555100007, 0.994543703000033], [118.03097263300003, 0.994788679000067], [118.03104912600008, 0.994791310000039], [118.03120734000004, 0.994796888000053], [118.03137787600008, 0.994745332000036], [118.03171524900006, 0.99447705800003], [118.03172163700003, 0.994473284000037], [118.03172250000011, 0.994473111000048], [118.0317231350001, 0.994472711000071], [118.03195676200005, 0.994391225000072], [118.03196558000002, 0.994389729000034], [118.03196826300007, 0.994389863000038], [118.0321567950001, 0.994387517000064], [118.03223230800006, 0.994420933000072], [118.03242261600008, 0.99455159300004], [118.03268047400002, 0.994818372000054], [118.03285159100005, 0.994934499000067], [118.0330177400001, 0.995071246000066], [118.03311440400012, 0.995135056000038], [118.03319596600011, 0.995195830000057], [118.03329867100001, 0.995265718000041], [118.03358559900005, 0.995320348000064], [118.03371245400001, 0.99535374800007], [118.03389066500006, 0.995429691000027], [118.03405679200011, 0.995496519000028], [118.0342259360001, 0.995554226000024], [118.03436789800003, 0.995608901000026], [118.03432027800011, 0.995040285000073], [118.03420330200004, 0.994560894000074]]], [[[118.0329076920001, 0.989560518000076], [118.03291666400003, 0.989558969000029], [118.03292613100007, 0.989560693000044], [118.03314183500004, 0.989642038000056], [118.03314220900006, 0.989642280000055], [118.03314268600002, 0.989642376000063], [118.03315143400005, 0.989648256000066], [118.03315393900004, 0.98965116100004], [118.03320788100007, 0.989723511000022], [118.03320805500005, 0.989723817000026], [118.03320840000003, 0.989724231000025], [118.033271334, 0.989814669000054], [118.03327153700002, 0.989815042000032], [118.03327182100008, 0.989815393000072], [118.03355631700003, 0.990253599000027], [118.03371816200001, 0.990356419000022], [118.03379445300004, 0.990373459000068], [118.03388276100009, 0.990393089000065], [118.03394575800007, 0.990405751000026], [118.03395078900007, 0.990407288000029], [118.03395447500009, 0.990409766000028], [118.03395937100004, 0.990399901000046], [118.03413907800007, 0.990318433000027], [118.03419285500001, 0.989857080000036], [118.03423735700005, 0.988464012000065], [118.034255, 0.987396602000047], [118.03322154600005, 0.987415017000046], [118.03258951600003, 0.987361931000066], [118.03250809700012, 0.987763237000024], [118.03225130300007, 0.988419405000059], [118.03175756200005, 0.990111126000045], [118.03176670500011, 0.990617689000032], [118.03159613900004, 0.991196674000037], [118.03142560300012, 0.991875163000032], [118.03130891100011, 0.992309399000021], [118.03132695200009, 0.992526493000071], [118.0315722580001, 0.993081600000039], [118.03153420300009, 0.992875110000057], [118.0315337510001, 0.992870169000071], [118.03153372500003, 0.992788756000039], [118.03153399500002, 0.992784918000041], [118.0315519290001, 0.992658271000039], [118.03155296600005, 0.992654456000025], [118.0315532090001, 0.992653034000057], [118.03165197500005, 0.992372583000019], [118.03165206400001, 0.992372441000043], [118.03165210100008, 0.992372232000037], [118.03174189100002, 0.992127967000044], [118.03174250100005, 0.992127009000058], [118.031742742, 0.99212591600002], [118.03180542500002, 0.991990600000065], [118.03185913700008, 0.991864337000038], [118.03185921300008, 0.991864225000029], [118.03186050900001, 0.991861563000043], [118.03189643500002, 0.991798231000075], [118.03189723800006, 0.99179717200002], [118.03189803900011, 0.99179573300006], [118.03196920000005, 0.991697177000049], [118.03204889200003, 0.991563388000031], [118.03208435400006, 0.991491942000039], [118.03208443400001, 0.99149182900004], [118.03208467900004, 0.991491308000036], [118.03215636300001, 0.991355913000064], [118.03218314800006, 0.991301949000047], [118.03218338300007, 0.991301620000058], [118.03218402300001, 0.991300326000044], [118.03227384200011, 0.99114651900004], [118.03227445700009, 0.991145718000041], [118.03227505300003, 0.991144628000029], [118.0323827090001, 0.990991009000027], [118.03253484900006, 0.990765650000071], [118.0325602900001, 0.990722938000033], [118.03257733900011, 0.99067999600004], [118.03263111100011, 0.990535523000062], [118.03263135200007, 0.99053514600007], [118.03263144700009, 0.99053466600003], [118.03263478500003, 0.990528768000047], [118.03267973600009, 0.990468398000075], [118.03264012600005, 0.990364828000054], [118.03264006900008, 0.990364520000071], [118.03263913300009, 0.990361668000048], [118.03256715000009, 0.990072225000063], [118.03255815200009, 0.990036045000068], [118.0325573450001, 0.990029463000042], [118.03255728900001, 0.989848547000065], [118.03255933800006, 0.989838161000023], [118.03255993100004, 0.989837268000031], [118.03256013200007, 0.989836410000066], [118.03256730100009, 0.989821966000022], [118.03257560600002, 0.989771713000039], [118.03257728900007, 0.989765789000046], [118.03258313100002, 0.989756983000063], [118.03270890400006, 0.989630303000069], [118.032717649, 0.989624417000073], [118.03272142600008, 0.989623161000054], [118.0327561360001, 0.989614415000062], [118.0329076920001, 0.989560518000076]]], [[[118.034930013, 0.996806484000047], [118.035020529, 0.996526775000063], [118.03497658000003, 0.995935612000039], [118.03447328100003, 0.995781993000037], [118.03439005400003, 0.995705882000038], [118.03438882800003, 0.995707731000039], [118.03438008300009, 0.995713616000046], [118.03436976700004, 0.99571568500005], [118.03436100200008, 0.995714214000031], [118.03421285500008, 0.995663006000029], [118.03421129800006, 0.995662028000027], [118.03420956100001, 0.995661616000064], [118.03403092000008, 0.995571777000066], [118.03387030800002, 0.995508964000066], [118.03386970400004, 0.995508568000048], [118.03386901600004, 0.995508419000032], [118.03369078900005, 0.995427756000026], [118.03357746800009, 0.995392698000046], [118.03328287300008, 0.995347864000053], [118.03327659400009, 0.995346106000056], [118.03327124000009, 0.99534311900004], [118.03314539900009, 0.995252700000037], [118.03314464300001, 0.995252056000027], [118.0331442270001, 0.995251809000024], [118.03305598000009, 0.995180792000042], [118.03303093200009, 0.995166394000023], [118.03302624300011, 0.995167335000076], [118.0330172570001, 0.995167337000055], [118.03300693900007, 0.995165275000033], [118.03299819100005, 0.99515939500003], [118.03299313900004, 0.995152344000076], [118.03299023300008, 0.995146500000033], [118.0328120040001, 0.99500795900002], [118.0328114460001, 0.995007466000061], [118.03281122900012, 0.995007334000036], [118.03264942700002, 0.994871698000054], [118.03264837600011, 0.994870731000049], [118.03264824700011, 0.994870648000074], [118.0323622190001, 0.994600900000023], [118.03217765400007, 0.994477130000064], [118.03213886000003, 0.99446152500002], [118.03196881400004, 0.994444462000047], [118.031745096, 0.994522492000044], [118.03140726600009, 0.994791129000021], [118.0314008790001, 0.99479490300007], [118.03139830900011, 0.99479582500004], [118.03121859300006, 0.994850156000041], [118.03121084700001, 0.994851303000075], [118.03121034900005, 0.994851203000053], [118.03120989400009, 0.994851286000028], [118.03120393300003, 0.994851076000032], [118.03121262800005, 0.994860632000041], [118.03099980500008, 0.994845397000063], [118.0309003100001, 0.994832076000023], [118.03091357000005, 0.994812042000035], [118.03029673100002, 0.99483226500007], [118.03034318100003, 0.994899015000044], [118.03041618700001, 0.995045873000038], [118.0305621760001, 0.995266149000031], [118.03060201800008, 0.995413018000022], [118.03064516300003, 0.99555555400002], [118.03063592100011, 0.995557057000042], [118.03063409100002, 0.99555667900006], [118.03074686200011, 0.99587148300003], [118.03092215000004, 0.996260548000066], [118.03102787300008, 0.996321315000046], [118.03108829000007, 0.996369936000065], [118.0311698380001, 0.996385111000052], [118.03139935700005, 0.996351598000047], [118.03153222800006, 0.996305956000072], [118.03161980900006, 0.996299849000025], [118.0317617720001, 0.996354524000026], [118.03209999700005, 0.996266257000059], [118.03252078800006, 0.996455389000062], [118.03287023300004, 0.996606495000037], [118.03293064900004, 0.996652076000032], [118.03300316100001, 0.996746293000058], [118.03314211800011, 0.99684656900007], [118.033426028, 0.996907279000027], [118.03364988300007, 0.996716054000046], [118.03369177600007, 0.99672608000003], [118.03384278200008, 0.996837228000061], [118.0340723590001, 0.996992195000075], [118.03427172200008, 0.997107652000068], [118.03471640300006, 0.997328748000029], [118.03486368400002, 0.997168265000028], [118.034930013, 0.996806484000047]]]]}},
{"type": "Feature", "properties": {"ba_code": "4520", "blockid": "4520I18P13", "division": "03"}, "geometry": {"type": "MultiPolygon", "coordinates": [[[[118.07937893500002, 0.967219360000058], [118.07910047400003, 0.967590322000035], [118.07889380300003, 0.967644662000055], [118.07869607600003, 0.967563314000074], [118.07836272100008, 0.967327061000049], [118.0783523560001, 0.967327295000075], [118.07834822900008, 0.967677095000056], [118.07834396900012, 0.96788504400007], [118.07834985200009, 0.968001832000027], [118.07835407700009, 0.968030377000048], [118.07832872900008, 0.969111751000071], [118.07889429500005, 0.969200518000036], [118.07889429800002, 0.969209563000049], [118.07945146100008, 0.969227476000071], [118.07977497800005, 0.96924546300005], [118.07981092400007, 0.969245452000052], [118.07981991000008, 0.969245449000027], [118.0799457170001, 0.96923636300005], [118.08017036600006, 0.969200108000052], [118.08031414900006, 0.969200062000027], [118.08049386300002, 0.969154776000039], [118.08068257500008, 0.969145670000046], [118.080835352, 0.96917275800007], [118.0809611740001, 0.969208900000069], [118.08097016300007, 0.969217943000046], [118.08114092500011, 0.969281207000051], [118.0811228230001, 0.968874158000062], [118.08113180700002, 0.968865110000024], [118.08107751300008, 0.967680145000031], [118.08103681300008, 0.967691864000074], [118.08107601000006, 0.967607954000073], [118.08107727400011, 0.967590052000048], [118.08107849800001, 0.967572731000075], [118.08107748200007, 0.967580643000076], [118.08063721000008, 0.96777978800003], [118.0805024230001, 0.967806969000037], [118.08031366000012, 0.967653253000037], [118.08016980000002, 0.967409066000073], [118.08022364100009, 0.967164816000036], [118.07970248600009, 0.96734589600004], [118.079576674, 0.967336891000059], [118.07937893500002, 0.967219360000058]], [[118.0805743190001, 0.967825037000068], [118.08057256300003, 0.967823610000039], [118.08057704400005, 0.96782425300006], [118.0805743190001, 0.967825037000068]]]]}},
{"type": "Feature", "properties": {"ba_code": "4520", "blockid": "4520I25P10", "division": "03"}, "geometry": {"type": "MultiPolygon", "coordinates": [[[[118.07748337500004, 0.969038148000038], [118.07723882100004, 0.967874684000037], [118.07733758100005, 0.967636010000035], [118.07719535600006, 0.96759997700002], [118.07704245000002, 0.967165833000024], [118.07741078200002, 0.966812934000075], [118.07778822000012, 0.966839951000054], [118.07825039600004, 0.967239623000069], [118.07829772500008, 0.967283096000074], [118.07833845500011, 0.966422727000065], [118.0783068070001, 0.965096539000058], [118.07834051300006, 0.96502618300002], [118.07834527500006, 0.964549032000036], [118.07835133600008, 0.963941734000059], [118.07776914200008, 0.963330234000068], [118.07756243200004, 0.963257934000069], [118.07736668700011, 0.963282611000068], [118.0770935170001, 0.96342002800003], [118.076823063, 0.963431264000064], [118.07664183600002, 0.963418595000064], [118.07655599400005, 0.963384894000058], [118.07626831200002, 0.963014112000053], [118.07599869100011, 0.962923741000054], [118.07556283200006, 0.963122046000024], [118.07556303700005, 0.963775852000026], [118.07556318000002, 0.964231821000055], [118.0755526580001, 0.964282249000064], [118.0755118940001, 0.964436238000076], [118.07554034700001, 0.96464893700005], [118.07557834800002, 0.965137836000054], [118.07558470200001, 0.965287047000061], [118.0754652070001, 0.966414120000024], [118.07545588100004, 0.966845889000069], [118.07559361000006, 0.96719033100004], [118.07558329800008, 0.967900919000044], [118.07546530400009, 0.967941258000053], [118.07535360400004, 0.967890386000022], [118.07524405400011, 0.967979510000021], [118.07515563700008, 0.968257408000056], [118.07497677900005, 0.969076229000052], [118.07552888500004, 0.969093022000038], [118.07748651800011, 0.969075426000074], [118.07748337500004, 0.969038148000038]]]]}},
{"type": "Feature", "properties": {"ba_code": "4520", "blockid": "4520G07P07", "division": "01"}, "geometry": {"type": "MultiPolygon", "coordinates": [[[[118.02868901500005, 0.98602298000003], [118.02867910900011, 0.985493308000059], [118.0285976450001, 0.983584665000024], [118.02854347300001, 0.982761512000025], [118.02852512700008, 0.981540332000066], [118.02859671800002, 0.980554316000052], [118.02863932200012, 0.97936283100006], [118.0286391840001, 0.978912365000042], [118.02864262100002, 0.978345648000072], [118.02752744700001, 0.978378687000031], [118.02660103800008, 0.978402026000026], [118.02623903300002, 0.978386349000061], [118.02623566800003, 0.979189199000075], [118.02617494100002, 0.981245380000075], [118.02609021300009, 0.98303364700007], [118.02600050400008, 0.983549287000073], [118.02601882500005, 0.984689055000047], [118.0260189170001, 0.984987568000065], [118.02610887100002, 0.985277006000047], [118.02594575700004, 0.987112418000038], [118.02590975800001, 0.987410318000059], [118.02601802400011, 0.987395753000044], [118.02673592300005, 0.987393377000046], [118.026882236, 0.986959290000073], [118.02690022000002, 0.986995467000042], [118.02693850800006, 0.987011970000026], [118.02709591300004, 0.98691520400007], [118.027036511, 0.986679819000074], [118.02697237400002, 0.986425677000057], [118.0269810530001, 0.986416875000032], [118.02760101500007, 0.986469380000074], [118.02759313000001, 0.986395840000057], [118.02756545300008, 0.986085952000053], [118.027600892, 0.986066864000065], [118.02760088000002, 0.986027347000061], [118.02763852700002, 0.986027633000049], [118.02868901500005, 0.98602298000003]]]]}},
{"type": "Feature", "properties": {"ba_code": "4520", "blockid": "4520I23P10", "division": "03"}, "geometry": {"type": "MultiPolygon", "coordinates": [[[[118.07071071400003, 0.963989338000033], [118.07105491200002, 0.963810429000034], [118.0718377280001, 0.963786447000075], [118.07249007100006, 0.963757759000032], [118.07280445300012, 0.963740254000072], [118.07281070300007, 0.963724925000065], [118.07281012100009, 0.961862716000041], [118.0727722370001, 0.961866419000046], [118.07260148900002, 0.961848381000038], [118.07252060300004, 0.96182127000003], [118.072215, 0.961613316000069], [118.07193797900004, 0.961569043000054], [118.07187160800004, 0.961537986000053], [118.0717049860001, 0.961545950000072], [118.0713403740001, 0.961791322000067], [118.07106841000007, 0.961729698000056], [118.07097881000004, 0.961729727000034], [118.07089385200004, 0.961746083000037], [118.07079804200009, 0.96174402500003], [118.0706973560001, 0.961757746000046], [118.07054025000002, 0.96176151100002], [118.07051511700001, 0.961816900000031], [118.07048842400002, 0.961911846000021], [118.07048935600005, 0.961983343000043], [118.07048075800003, 0.962057103000063], [118.0700045420001, 0.962265304000027], [118.06995963300005, 0.962337684000033], [118.07004976500002, 0.963196997000068], [118.07005526300009, 0.964135117000069], [118.07039479200012, 0.96410494600002], [118.07071071400003, 0.963989338000033]]], [[[118.07118639400005, 0.96798422400002], [118.07163985800003, 0.967848894000042], [118.07166859300003, 0.967847651000056], [118.07168268100008, 0.967856718000064], [118.07171370700007, 0.967836913000042], [118.07172267700003, 0.967782636000038], [118.07184843000005, 0.967601682000065], [118.07198316400002, 0.967402634000052], [118.07206401100007, 0.967303105000042], [118.07183020500008, 0.966796621000071], [118.07143473600001, 0.966588695000041], [118.07139802000006, 0.966581831000042], [118.07104829700006, 0.966516452000064], [118.07094931900008, 0.966109427000049], [118.07098522800004, 0.965991822000035], [118.07073347100004, 0.965557708000063], [118.07059870300009, 0.965648208000061], [118.07025720700005, 0.965612133000036], [118.07014936400003, 0.965594076000059], [118.0701446810001, 0.965789905000065], [118.07014049400004, 0.965964953000025], [118.07007827200005, 0.965965606000054], [118.07009002500001, 0.966204626000035], [118.07010872900003, 0.966884468000046], [118.07005333900008, 0.967146041000035], [118.07003313100006, 0.967878793000068], [118.0700302350001, 0.967953244000057], [118.07004777000009, 0.968010056000026], [118.07031248600003, 0.968036421000022], [118.07044095000003, 0.968044217000056], [118.07081682400008, 0.968048387000067], [118.07118639400005, 0.96798422400002]]]]}},
{"type": "Feature", "properties": {"ba_code": "4520", "blockid": "4520H05P07", "division": "02"}, "geometry": {"type": "MultiPolygon", "coordinates": [[[[118.02062849900005, 0.978219310000043], [118.02108684300003, 0.978309628000034], [118.02169793000007, 0.978300395000076], [118.0231627500001, 0.978308992000052], [118.02318956500005, 0.977829554000039], [118.023198352, 0.977169206000042], [118.02321584300012, 0.975577133000058], [118.0231974410001, 0.974156943000025], [118.0232412690001, 0.970484320000025], [118.02329445900011, 0.969464058000028], [118.02331660900006, 0.969401163000043], [118.02329845000008, 0.969334224000022], [118.02330246500003, 0.969279449000055], [118.0222000770001, 0.969318329000032], [118.02085052400002, 0.969444775000056], [118.02072530900011, 0.97143489900003], [118.02073663300007, 0.972399549000045], [118.02072580600009, 0.973090288000037], [118.020699938, 0.976717679000046], [118.02068228200005, 0.977767002000064], [118.02062849900005, 0.978219310000043]]]]}},
{"type": "Feature", "properties": {"ba_code": "4520", "blockid": "4520H39P12", "division": "05"}, "geometry": {"type": "MultiPolygon", "coordinates": [[[[118.11460788000011, 0.976989231000061], [118.1146750580001, 0.97694089700002], [118.11520289600003, 0.976602538000066], [118.11527007100005, 0.976544542000056], [118.11530022300008, 0.97652965900005], [118.11530946200003, 0.97653364100006], [118.11607621700011, 0.976008012000023], [118.11602342000003, 0.976003198000058], [118.11596101000009, 0.975954908000062], [118.11587461900001, 0.975954936000051], [118.1157306230001, 0.975925997000047], [118.11567302000003, 0.975901861000068], [118.1155194260001, 0.975872925000033], [118.11543783000002, 0.975863290000063], [118.11535622500003, 0.97582466800003], [118.11528903700003, 0.975839184000051], [118.11476584700006, 0.975718579000045], [118.11471305000009, 0.975713765000023], [118.11457865800003, 0.975699316000032], [118.11449706500002, 0.975694512000075], [118.11431947000005, 0.975660753000057], [118.1142282730001, 0.97564145900003], [118.11416588000009, 0.975646311000048], [118.11412298300002, 0.975674709000032], [118.11413120800012, 0.975681953000048], [118.11411311100005, 0.975723628000026], [118.1140713420001, 0.975817142000039], [118.114041143, 0.975800950000064], [118.1140027130001, 0.975699508000048], [118.11384434400009, 0.97548484400005], [118.11380838700006, 0.975448674000063], [118.11376350000012, 0.975584373000061], [118.11371856500011, 0.97557534200007], [118.11354782500007, 0.975575399000036], [118.11337709100007, 0.975593547000074], [118.11324231700007, 0.975656911000044], [118.11317941800007, 0.975675023000065], [118.11319741800003, 0.975756427000022], [118.11347595500001, 0.975638742000058], [118.11348494200001, 0.975638739000033], [118.11370960600004, 0.975656755000045], [118.11371859200005, 0.97565675200002], [118.11383554600002, 0.976054718000057], [118.11380454200003, 0.976073456000051], [118.11380409900005, 0.97607282000007], [118.11371872900008, 0.976072848000058], [118.11368278400005, 0.976072860000045], [118.1136108930001, 0.976072884000075], [118.11350305700012, 0.976072920000036], [118.11342218300001, 0.976081993000037], [118.11336826800004, 0.97609105600003], [118.11330536700007, 0.976100123000037], [118.11326942100004, 0.976100135000024], [118.11323347900009, 0.976109192000024], [118.11319753700002, 0.97611825000007], [118.11322451900003, 0.976190605000056], [118.11329641300006, 0.976199627000028], [118.11329641600003, 0.976208672000041], [118.11335034000001, 0.976226746000066], [118.11336832200004, 0.976253876000044], [118.113377323, 0.976299101000052], [118.11341328000003, 0.976335272000028], [118.11344922800004, 0.976344305000055], [118.11347621400012, 0.976425706000043], [118.1134762590001, 0.976561390000029], [118.11345831000006, 0.976633760000027], [118.11326063100012, 0.97669714500006], [118.11322469200002, 0.976715248000062], [118.11319773900004, 0.976733348000039], [118.113161794, 0.976733360000026], [118.11312585100006, 0.976742418000072], [118.11308990600003, 0.976742430000058], [118.1130180240001, 0.97676959100005], [118.11300906500003, 0.976851004000025], [118.11299111000005, 0.976905283000065], [118.11300010200011, 0.976923371000055], [118.11298215000011, 0.97698669600004], [118.11299115100007, 0.977031921000048], [118.11300014400001, 0.977050009000038], [118.11305126800005, 0.977058370000066], [118.11315296500004, 0.977075013000047], [118.11330609400011, 0.977101768000068], [118.11347824800009, 0.977140003000045], [118.11358429100005, 0.977158361000022], [118.11362023400011, 0.977149304000022], [118.11366514800011, 0.977095015000032], [118.11377294200008, 0.976968341000031], [118.11387066700001, 0.976852008000037], [118.1139346540001, 0.97684164900005], [118.11395263300005, 0.976859735000062], [118.11396161900007, 0.976859732000037], [118.11397060600007, 0.976859729000068], [118.11399756500009, 0.97685972000005], [118.11401554600002, 0.976886850000028], [118.1140514970001, 0.976904929000057], [118.1141413580001, 0.97689585400002], [118.11416832600003, 0.976922982000076], [118.11417731200004, 0.976922979000051], [118.114177315, 0.976932024000064], [118.1141953, 0.976968200000044], [118.11420429800012, 0.977004380000039], [118.11423126600005, 0.977031507000049], [118.1142672200001, 0.977058632000023], [118.11430316500002, 0.977058620000037], [118.11431215200002, 0.977058617000068], [118.1143121550001, 0.977067663000071], [118.11432114700006, 0.977085751000061], [118.11433915100008, 0.977124594000031], [118.11440153800004, 0.977105249000033], [118.11460788000011, 0.976989231000061]]], [[[118.11290112100005, 0.976525399000025], [118.11287415000004, 0.976489226000069], [118.11280226300005, 0.976498295000056], [118.11265849000006, 0.976525480000021], [118.11264950700001, 0.976534529000048], [118.11262257800001, 0.97662499300003], [118.112604658, 0.976787820000027], [118.11260470600007, 0.976932549000026], [118.112622686, 0.976950631000022], [118.11263247500005, 0.976966619000052], [118.11269457700007, 0.976959651000072], [118.11272152600009, 0.976923464000038], [118.11271253000007, 0.976896330000045], [118.11271251500011, 0.976851103000058], [118.11273946300003, 0.976814911000019], [118.1127484430001, 0.976796817000036], [118.11275742300006, 0.976778723000052], [118.11277538700006, 0.976751580000041], [118.11277537800004, 0.97672444400007], [118.11278435600002, 0.976697304000027], [118.1127843380001, 0.976643031000037], [118.11282925700004, 0.976606833000062], [118.112856211, 0.976588733000028], [118.11288315500008, 0.976543496000033], [118.11290112100005, 0.976525399000025]]]]}},
{"type": "Feature", "properties": {"ba_code": "4520", "blockid": "4520H26P10", "division": "04"}, "geometry": {"type": "MultiPolygon", "coordinates": [[[[118.07854669400001, 0.978228213000023], [118.07879830600007, 0.978200994000076], [118.07906792200004, 0.978273272000024], [118.0795621740001, 0.978264067000055], [118.08118107300004, 0.978261858000053], [118.08117971000001, 0.978191177000042], [118.08115271600002, 0.978082638000046], [118.08115239200004, 0.977069523000068], [118.08115477100012, 0.976759522000066], [118.08110041400005, 0.976350164000053], [118.0811070640001, 0.975830281000071], [118.08112467500007, 0.975505412000075], [118.08113372600008, 0.974898569000061], [118.08108867500005, 0.974527711000064], [118.08111544100007, 0.97392164300004], [118.08098951000011, 0.973541766000039], [118.08087250500012, 0.972971926000071], [118.08089038900005, 0.972691505000057], [118.0809352550001, 0.972483440000076], [118.08097115200007, 0.972329652000042], [118.0809172270001, 0.972311578000074], [118.08063867400006, 0.972393079000028], [118.0803242070001, 0.972574094000038], [118.07981209000002, 0.972917994000056], [118.07972225100002, 0.97299943400003], [118.07958754700007, 0.973288939000042], [118.07917429500003, 0.973678036000024], [118.07871618500008, 0.974302335000061], [118.07814127200004, 0.974989992000076], [118.07771007000008, 0.975451460000045], [118.07764721100011, 0.975596211000038], [118.07766538200008, 0.976220357000045], [118.07766546300002, 0.976473636000037], [118.07759362900003, 0.976654573000076], [118.07762060800007, 0.976717884000038], [118.07775553500005, 0.977124896000021], [118.07776455900012, 0.977242487000069], [118.07777360300008, 0.977423397000052], [118.07770013700008, 0.977755426000044], [118.07774689200005, 0.978201334000062], [118.07774029100005, 0.978235681000058], [118.07789968700001, 0.978282696000065], [118.07854669400001, 0.978228213000023]]], [[[118.07917904300007, 0.979705070000023], [118.07935592600006, 0.979710211000054], [118.07956249900008, 0.979704946000027], [118.07967869400011, 0.979691912000021], [118.07980779800005, 0.979673676000061], [118.08002982200003, 0.979534546000025], [118.0800801690001, 0.97951503500002], [118.08013309700004, 0.979492925000045], [118.08016537100002, 0.979483817000073], [118.08055013900002, 0.979549972000029], [118.08064439000009, 0.979551241000024], [118.08080577100009, 0.979532994000067], [118.080894854, 0.979523868000058], [118.08107304200007, 0.979574495000065], [118.08108335300005, 0.979519908000043], [118.0810711040001, 0.979114018000075], [118.08115396900007, 0.978567547000068], [118.081171, 0.97831076600005], [118.08111669100003, 0.978308996000067], [118.07997264200003, 0.978315873000042], [118.07993909900006, 0.978311162000068], [118.07932348800011, 0.978317497000035], [118.07912953800007, 0.978318406000028], [118.07905336300007, 0.97831713100004], [118.07886632800012, 0.978250156000058], [118.07879318200003, 0.978237909000029], [118.07853561700006, 0.978265314000055], [118.07828644400001, 0.97829398600004], [118.07808374800004, 0.978314846000046], [118.077954642, 0.978326584000058], [118.07788503100005, 0.978336368000043], [118.07779359000006, 0.978293450000024], [118.07773901100006, 0.978270770000051], [118.07773879000001, 0.978471394000053], [118.07771344500009, 0.979072636000069], [118.07769165500008, 0.979570393000074], [118.077939549, 0.979578110000034], [118.0781965000001, 0.979650805000063], [118.07844621700008, 0.97967982900002], [118.07887175600001, 0.97968697500005], [118.07903572700002, 0.97969082100002], [118.07917904300007, 0.979705070000023]]]]}},
{"type": "Feature", "properties": {"ba_code": "4520", "blockid": "4520I38bP11", "division": "05"}, "geometry": {"type": "MultiPolygon", "coordinates": [[[[118.11426057800008, 0.96711816100003], [118.11426244300003, 0.96689583400007], [118.11425649900002, 0.966490190000059], [118.11430069200003, 0.965359045000071], [118.11424442400005, 0.965109435000045], [118.114236387, 0.964225986000031], [118.11420141600001, 0.963927613000067], [118.11410066100007, 0.963902293000046], [118.11389141000006, 0.963882860000069], [118.11322045800011, 0.963761994000038], [118.11306769400005, 0.963771090000023], [118.11244768000006, 0.963897932000066], [118.11214214200004, 0.963888987000075], [118.11186357300005, 0.963907169000038], [118.11178269000004, 0.963889105000021], [118.11155092100012, 0.963719811000033], [118.11165695200009, 0.964106240000035], [118.1115761750001, 0.964413816000047], [118.11154522100003, 0.96455118700004], [118.11156478200007, 0.96464226300003], [118.11176437800009, 0.964763112000071], [118.11184614700005, 0.964818699000034], [118.11191963100009, 0.964892620000057], [118.11207007000007, 0.964952431000029], [118.11227994700005, 0.964920671000073], [118.11240570300004, 0.964852611000026], [118.11241547700001, 0.965119789000028], [118.11239804800005, 0.965145147000044], [118.11221013300008, 0.96519786500005], [118.11182459800011, 0.965252599000053], [118.11168287200007, 0.965320349000024], [118.11164057000008, 0.965344320000042], [118.11163864000002, 0.965367723000043], [118.11163479100003, 0.965445733000024], [118.1116951890001, 0.965780911000024], [118.11164507400008, 0.965970606000042], [118.11152891000006, 0.966286561000061], [118.11149994400012, 0.966304085000047], [118.11149588500007, 0.966304087000026], [118.11148288800007, 0.966295867000042], [118.11145910200003, 0.966338900000039], [118.11136237900007, 0.966608370000074], [118.11136631900001, 0.966610041000024], [118.11157142200011, 0.966697139000075], [118.11159486200006, 0.96661188500002], [118.11178361000009, 0.966720369000029], [118.11195433500006, 0.96667508500002], [118.11220590800008, 0.966539319000049], [118.11228678100008, 0.966530246000048], [118.11237649700001, 0.966077938000069], [118.11220568700003, 0.965860901000042], [118.11215171900005, 0.965707144000021], [118.11219661500002, 0.965598582000041], [118.11228651700003, 0.965716145000044], [118.1125561240001, 0.965770330000055], [118.11256520100005, 0.966050739000025], [118.1127000780001, 0.966303971000059], [118.11262830300006, 0.966656772000022], [118.11246660200004, 0.966819645000044], [118.11221505900005, 0.967045868000071], [118.11181970200005, 0.967172636000043], [118.11176972500004, 0.967189390000044], [118.1117748260001, 0.96719958500006], [118.11191292100011, 0.967222935000052], [118.11207358900003, 0.967226726000035], [118.11240010100005, 0.967034289000026], [118.11270416600007, 0.966949772000021], [118.11301537800011, 0.967039625000041], [118.11313467000002, 0.968039592000025], [118.11421994200009, 0.96807283000004], [118.11425894700005, 0.968056219000061], [118.11426057800008, 0.96711816100003]]], [[[118.11421769000003, 0.963001838000025], [118.11416367600009, 0.962703352000062], [118.11419054100008, 0.962413885000046], [118.11421745500002, 0.962278193000031], [118.11438891300008, 0.962062313000047], [118.11439384000005, 0.962056342000039], [118.1143969310001, 0.962052596000035], [118.11437911000007, 0.961952501000042], [118.11437516, 0.961955805000059], [118.11402660300007, 0.962176664000026], [118.11378077600011, 0.962469447000046], [118.11341104100006, 0.962674958000036], [118.11329859000011, 0.962703296000029], [118.11292162100005, 0.962010054000075], [118.11285521200011, 0.961582952000072], [118.11251004300004, 0.961427651000065], [118.11200624100002, 0.960975158000053], [118.11142727900005, 0.960780598000042], [118.11111599800006, 0.960571855000069], [118.11097350200009, 0.960281426000051], [118.11053558000003, 0.959987162000061], [118.1104017340001, 0.960017504000064], [118.11059798800011, 0.960562313000025], [118.1107787730001, 0.961134837000031], [118.11096062800004, 0.961307609000073], [118.11096043600003, 0.961308518000067], [118.11116017400002, 0.961421305000044], [118.1112301180001, 0.961460878000025], [118.11141151200002, 0.96148501600004], [118.1114573970001, 0.961460804000069], [118.11145832400007, 0.961478428000021], [118.11148515700006, 0.96147541800002], [118.11148522100007, 0.961478197000019], [118.11152497900002, 0.961434813000039], [118.11166260000005, 0.961419375000048], [118.11178493700004, 0.96142446600004], [118.1118868850001, 0.961434694000047], [118.11193276600011, 0.961450072000048], [118.11203980000005, 0.961424382000075], [118.1121825460001, 0.96149103700003], [118.11224374800008, 0.961598766000066], [118.11236101300005, 0.961685953000028], [118.11242732300002, 0.961824465000063], [118.11246810400007, 0.96183471400002], [118.11249361900002, 0.961921930000074], [118.11250384200002, 0.962009152000064], [118.11249877800003, 0.962111772000071], [118.11250899900006, 0.962193863000039], [118.11254358500003, 0.962306879000039], [118.11254982000003, 0.962327253000069], [118.11256005000007, 0.962434998000049], [118.11259574100006, 0.96246577200003], [118.1126365340001, 0.962511936000055], [118.11267733400007, 0.962578625000049], [118.11269773800007, 0.962624796000057], [118.11274872700005, 0.962676088000023], [118.11283539300007, 0.962711976000037], [118.112947544, 0.962747856000021], [118.1129883210001, 0.962742711000033], [118.11303929200005, 0.962737564000065], [118.11305969800003, 0.962788866000039], [118.11312597200003, 0.962819629000023], [118.11318714900005, 0.962850395000032], [118.11323303000006, 0.962865772000043], [118.11325342900011, 0.962896551000028], [118.11330949400008, 0.962881140000036], [118.1133400760001, 0.962875999000062], [118.11340126200002, 0.962932419000026], [118.11344206500007, 0.963009369000019], [118.11354401400001, 0.963019597000027], [118.11368164500004, 0.963034944000071], [118.11369695400003, 0.963086248000025], [118.11370208800008, 0.963199126000063], [118.11377855800004, 0.963235017000045], [118.11386522200007, 0.963265774000035], [118.1139824490001, 0.963234950000071], [118.11412006600005, 0.963204120000057], [118.11422475000006, 0.963175713000055], [118.11421769000003, 0.963001838000025]]]]}},
{"type": "Feature", "properties": {"ba_code": "4520", "blockid": "4520G13P08", "division": "06"}, "geometry": {"type": "MultiPolygon", "coordinates": [[[[118.04528992300004, 0.981012394000061], [118.04523561700012, 0.980102252000052], [118.04520918900005, 0.979111879000072], [118.04519825300008, 0.978804067000056], [118.0451751920001, 0.97882084400004], [118.04513548200009, 0.978873743000065], [118.045098327, 0.978898263000076], [118.04505605000008, 0.978936975000067], [118.04502915700004, 0.978996320000022], [118.04502024100009, 0.979170463000059], [118.04480114900002, 0.979304684000056], [118.04477939700007, 0.979413045000058], [118.04467178000004, 0.979500793000057], [118.04450135400009, 0.979535675000022], [118.0445206280001, 0.97970336000003], [118.04449632700005, 0.979856869000059], [118.04449772800001, 0.980242557000054], [118.04448622100006, 0.980327695000028], [118.04452083600006, 0.980375412000058], [118.04459645500003, 0.980411506000053], [118.04463364900005, 0.980512109000074], [118.04458371100009, 0.980641117000062], [118.04455280800005, 0.980645213000059], [118.04447193400006, 0.980663330000027], [118.04421132400012, 0.980663412000069], [118.04416733500011, 0.980647340000075], [118.04415739900003, 0.980645338000045], [118.04375300200002, 0.980636419000064], [118.043465437, 0.980654601000026], [118.04278245400008, 0.980636723000032], [118.0425488090001, 0.980654888000061], [118.04259782200006, 0.980885688000058], [118.0425873590001, 0.981016092000061], [118.04260347400009, 0.983061048000025], [118.04266133600004, 0.984290928000064], [118.04265773000009, 0.985058437000021], [118.0426853140001, 0.986154679000038], [118.04349199700005, 0.985121381000056], [118.0435522040001, 0.985047836000035], [118.0436111030001, 0.984890446000065], [118.04406333000009, 0.984451728000067], [118.04452785400008, 0.984118226000021], [118.04489482500003, 0.983845200000076], [118.04526633000012, 0.983443915000066], [118.04538673200011, 0.983258128000045], [118.04532444900008, 0.982532119000041], [118.0453027860001, 0.981168472000036], [118.04529377100005, 0.981024003000073], [118.04528992300004, 0.981012394000061]]]]}},
{"type": "Feature", "properties": {"ba_code": "4520", "blockid": "4520H14P11", "division": "06"}, "geometry": {"type": "MultiPolygon", "coordinates": [[[[118.04482557600011, 0.975029636000045], [118.04491156000006, 0.975307533000034], [118.04479501900005, 0.975424915000076], [118.04470914100011, 0.975492879000058], [118.04458647400008, 0.975641143000075], [118.04448834200002, 0.975764695000066], [118.04454357800012, 0.975814086000071], [118.04480743500005, 0.975894293000067], [118.0449301750001, 0.975980720000052], [118.04529838700012, 0.97622147200002], [118.04586297600008, 0.976579507000054], [118.04623118500001, 0.976807907000023], [118.04628640600004, 0.976807890000032], [118.04654406200007, 0.976678111000069], [118.04662379700005, 0.976585445000069], [118.04657464500008, 0.976369298000066], [118.04653162500006, 0.976140797000028], [118.0466480450001, 0.975634322000076], [118.04668477700011, 0.975368739000032], [118.04669699500005, 0.975195805000055], [118.04660494500001, 0.975146425000048], [118.04624905000003, 0.97505389500003], [118.04577656100003, 0.974905817000035], [118.04500339800006, 0.974671368000031], [118.0448131820001, 0.974634371000036], [118.04477025400001, 0.974702321000052], [118.04477028800011, 0.97481349100002], [118.04479484800004, 0.974869068000032], [118.04482557600011, 0.975029636000045]]]]}},
{"type": "Feature", "properties": {"ba_code": "4520", "blockid": "4520F30P10", "division": "04"}, "geometry": {"type": "MultiPolygon", "coordinates": [[[[118.0909171720001, 0.994054052000024], [118.09107138500008, 0.993519924000054], [118.09115953300011, 0.993221773000073], [118.09118373700005, 0.993063058000075], [118.09116832600012, 0.99308793900002], [118.09120989900009, 0.992920317000028], [118.09123434700007, 0.992829965000055], [118.09129142300003, 0.992706748000046], [118.09129138500009, 0.992591764000053], [118.09125052600007, 0.992402875000039], [118.09120961600001, 0.992057936000037], [118.0911605870001, 0.991836197000055], [118.09112013100003, 0.991795500000023], [118.09113639600002, 0.991794931000072], [118.09086226300008, 0.991032827000026], [118.09082619300011, 0.990652923000027], [118.09086207400003, 0.990453907000074], [118.09096077100003, 0.98998350100004], [118.09101461500006, 0.989757342000075], [118.09103255000002, 0.989639743000055], [118.09109536300002, 0.989359307000029], [118.09114919600006, 0.989096966000034], [118.09118510700011, 0.988988407000022], [118.09120305300007, 0.988906990000032], [118.09116707200008, 0.988798454000062], [118.09112208300007, 0.988626602000068], [118.09090629700006, 0.988282939000044], [118.09084335000011, 0.988156321000019], [118.09082533600008, 0.98802968800004], [118.0908521980001, 0.987731173000043], [118.09086112600005, 0.987550258000056], [118.0907353130001, 0.987541254000064], [118.09059154700003, 0.987595575000057], [118.090510687, 0.987649875000045], [118.09035794400006, 0.987731337000071], [118.0902770780001, 0.987767546000043], [118.09022316500011, 0.987785655000039], [118.0898009440001, 0.988219985000057], [118.08954944800007, 0.988599985000064], [118.08910906500012, 0.988455400000021], [118.08899229700012, 0.988627306000069], [118.08887550000009, 0.988708755000062], [118.08874074800008, 0.988844484000026], [118.08846248300006, 0.989812460000053], [118.0884099320001, 0.98995807700004], [118.08831883000005, 0.990210516000047], [118.08830985200007, 0.990237656000033], [118.08830985500003, 0.990246702000036], [118.08830986100008, 0.990264793000051], [118.08831893600006, 0.990536159000044], [118.08833699200011, 0.990789431000053], [118.08842692100006, 0.990988406000042], [118.0884539010001, 0.991051716000072], [118.088516851, 0.991187380000042], [118.0885438250001, 0.991232599000057], [118.08887640300009, 0.991476722000073], [118.08898429400006, 0.991639507000059], [118.08904727600009, 0.991874673000041], [118.08904727900006, 0.991883719000043], [118.0890472850001, 0.991901810000059], [118.08900237000012, 0.991956099000049], [118.08892152800001, 0.992064673000073], [118.08881374600003, 0.992236576000039], [118.0887958300001, 0.992408450000028], [118.08879583300006, 0.992417495000041], [118.08882283600008, 0.992553171000054], [118.08883184900003, 0.992634579000025], [118.08885886200005, 0.992797391000067], [118.08885887400004, 0.992833574000031], [118.0888589860001, 0.993177308000043], [118.08886798500009, 0.993213488000038], [118.08887698600006, 0.993258713000046], [118.08887699500008, 0.993285850000063], [118.08887701300011, 0.993340124000042], [118.08887701900005, 0.993358215000057], [118.08892017100004, 0.993626960000029], [118.08892787700006, 0.993604530000027], [118.08898267500001, 0.993832718000021], [118.08903895500009, 0.993903483000054], [118.08902804700006, 0.993916040000045], [118.08909292500005, 0.994063704000041], [118.08911090600009, 0.994090835000065], [118.08913790100007, 0.994199373000072], [118.08919184700005, 0.994280766000031], [118.08929971100008, 0.994362141000067], [118.08943458500005, 0.994597283000076], [118.08944357100006, 0.99459728000005], [118.08944357400003, 0.994606326000053], [118.089380892, 0.995284769000023], [118.08938987800002, 0.995284766000054], [118.08939887100007, 0.995302855000034], [118.08939887300005, 0.995311900000047], [118.08954271900006, 0.995501811000054], [118.08955170900003, 0.995510854000031], [118.0897404540001, 0.995601247000025], [118.08981235700003, 0.995637406000071], [118.09001912300005, 0.995872524000049], [118.09002811000005, 0.995872521000024], [118.09003709900003, 0.995881563000069], [118.09007305700004, 0.995917734000045], [118.09010002500008, 0.995944862000044], [118.09023032300001, 0.996343952000075], [118.0902856030001, 0.996486401000027], [118.0903719370001, 0.99658714100002], [118.09050315000002, 0.99669134100003], [118.09070239800008, 0.996794951000027], [118.09077591300002, 0.996840667000072], [118.09091401400008, 0.996896217000028], [118.09130094500006, 0.996854391000056], [118.09125183200001, 0.996378044000039], [118.09123544600004, 0.995999303000076], [118.0912592310001, 0.995799746000046], [118.09102020500006, 0.995090747000063], [118.09094123400007, 0.994735515000059], [118.09089320500004, 0.994503762000022], [118.09089032500003, 0.994397795000054], [118.09089924000011, 0.994180697000047], [118.0909171720001, 0.994054052000024]]], [[[118.09183151000002, 0.987088610000058], [118.09167859000001, 0.986627333000058], [118.09123843500004, 0.987179262000041], [118.09096001800003, 0.987676864000036], [118.09088820000011, 0.987903029000051], [118.09088821800003, 0.987957302000041], [118.09090622000008, 0.988047753000046], [118.09093320600005, 0.988129155000024], [118.09096017700006, 0.988165328000036], [118.09122095500004, 0.988689889000057], [118.09123894800007, 0.988753202000055], [118.09124940800007, 0.988986200000056], [118.09123313200007, 0.989117616000044], [118.0910595360001, 0.989721145000033], [118.09089800200002, 0.990399621000051], [118.09089805200006, 0.990553397000042], [118.09088010300002, 0.990625768000029], [118.09088015000009, 0.990770498000074], [118.09099713100011, 0.991249878000076], [118.09119501600003, 0.991810642000075], [118.09123098300006, 0.991873949000023], [118.09137499400003, 0.992570415000046], [118.09135671700005, 0.992764219000037], [118.09129965800003, 0.992936714000052], [118.09121348700012, 0.993330302000061], [118.09105186800002, 0.993746455000064], [118.09097108500009, 0.994035943000029], [118.09095318600009, 0.994262089000074], [118.09099825800001, 0.99468721900007], [118.09112424900002, 0.995238961000041], [118.09131314600006, 0.995790682000063], [118.09132234700007, 0.996441965000031], [118.0913404150001, 0.996731419000071], [118.09134990400003, 0.996862588000056], [118.09165498900006, 0.996876044000032], [118.09221096500005, 0.996859637000057], [118.09216699900003, 0.996215542000073], [118.09219388100007, 0.995980347000057], [118.09213978100001, 0.995428581000056], [118.09215758700009, 0.994922020000047], [118.09219331600002, 0.994261677000054], [118.09216621400003, 0.993827495000062], [118.09216607400003, 0.993402351000043], [118.09215693300007, 0.992931981000027], [118.09215684700007, 0.992669658000068], [118.09213877400009, 0.992362112000023], [118.09217452400003, 0.991765088000022], [118.09218342400004, 0.991502762000039], [118.09217431600007, 0.991131894000034], [118.09213827000008, 0.990824355000029], [118.09212913800002, 0.990381122000031], [118.09209305000002, 0.989946943000064], [118.09211970500007, 0.989015234000021], [118.09211054100001, 0.988472499000068], [118.09210147800002, 0.988237316000038], [118.09207432000005, 0.98763126700004], [118.09203832700007, 0.987486549000039], [118.09191246400007, 0.987323769000056], [118.09183151000002, 0.987088610000058]]]]}},
{"type": "Feature", "properties": {"ba_code": "4520", "blockid": "4520I19P10", "division": "03"}, "geometry": {"type": "MultiPolygon", "coordinates": [[[[118.06175077800003, 0.963542980000057], [118.06174623000004, 0.963000605000047], [118.0617728840001, 0.962668422000036], [118.06174281300002, 0.96266784300002], [118.06165439900008, 0.962673504000065], [118.06106317000001, 0.962711356000057], [118.0610183020001, 0.962919422000027], [118.060865551, 0.962982790000069], [118.060434213, 0.963019108000026], [118.06031733800012, 0.962856321000061], [118.06040706300007, 0.962404007000032], [118.06054172600011, 0.961969770000053], [118.060523697, 0.961788861000059], [118.060703407, 0.961725484000056], [118.06074832200011, 0.961671196000054], [118.0617338290001, 0.961583867000058], [118.06177280700001, 0.961578570000029], [118.06181724100009, 0.960151180000025], [118.0606939380001, 0.960160576000021], [118.05924711900002, 0.960161028000073], [118.05925672400008, 0.962169178000067], [118.0592568940001, 0.962720967000052], [118.05922999900008, 0.96292902700003], [118.0592120340001, 0.962956170000041], [118.05923007700005, 0.963182308000057], [118.05923917300004, 0.963535089000061], [118.05917632900002, 0.963734114000033], [118.0591225500001, 0.964186418000054], [118.05909584800008, 0.965018634000046], [118.05898854200007, 0.966737357000056], [118.05897079100009, 0.967451975000074], [118.05897090600001, 0.967822850000061], [118.05902519000006, 0.968998778000071], [118.06129873700002, 0.968898559000024], [118.06163123300007, 0.968889409000042], [118.06165815100007, 0.968753714000059], [118.0617295300001, 0.967107370000065], [118.06176478900011, 0.965423545000021], [118.06095616700009, 0.965407016000029], [118.05988672700005, 0.965244529000074], [118.059868617, 0.96480129400004], [118.06011122300004, 0.964710761000049], [118.06167694100009, 0.96465859500006], [118.06175576500004, 0.964658968000037], [118.06175572900008, 0.964655970000024], [118.06175556100004, 0.964113227000041], [118.06175518300006, 0.964068164000025], [118.06171960100005, 0.964068009000073], [118.06116243800011, 0.964059138000039], [118.06115330300008, 0.963579718000062], [118.06167590100006, 0.963547181000024], [118.06175077800003, 0.963542980000057]]]]}},
{"type": "Feature", "properties": {"ba_code": "4520", "blockid": "4520G30P11", "division": "04"}, "geometry": {"type": "MultiPolygon", "coordinates": [[[[118.09098829100003, 0.984889464000048], [118.090516997, 0.984176366000042], [118.09046658400007, 0.984209775000068], [118.09014020000006, 0.984338107000042], [118.09010570100008, 0.984344797000062], [118.09004730100003, 0.984296732000075], [118.08987987100011, 0.98413746600005], [118.08985478500006, 0.983958868000059], [118.08982821400002, 0.983858701000031], [118.08978831500008, 0.983578221000073], [118.08961972100008, 0.983352547000038], [118.08943259600005, 0.983271132000027], [118.08927603000006, 0.983308582000063], [118.08914866500004, 0.983372737000025], [118.08906112200009, 0.983480955000061], [118.08903328800011, 0.983579805000034], [118.08908905500004, 0.983690648000049], [118.08911031200012, 0.983769446000053], [118.0890957370001, 0.983834899000044], [118.08910503400011, 0.983861610000019], [118.08892867500003, 0.984243672000048], [118.088761524, 0.984374624000054], [118.0886766220001, 0.984444107000058], [118.08869441900003, 0.984547819000056], [118.08863156000007, 0.98469257000005], [118.08870327800003, 0.984803397000064], [118.08872721800003, 0.984974356000066], [118.08866092000005, 0.985125310000058], [118.08940533500004, 0.985133079000036], [118.08985517000008, 0.985143616000073], [118.090032973, 0.985123523000027], [118.09061280100002, 0.984989764000034], [118.09098829100003, 0.984889464000048]]]]}},
{"type": "Feature", "properties": {"ba_code": "4520", "blockid": "4520E04P08", "division": "01"}, "geometry": {"type": "MultiPolygon", "coordinates": [[[[118.02023333400007, 0.999554362000026], [118.020247089, 0.999551603000043], [118.02024794700003, 0.999551775000043], [118.02025754300007, 0.999450019000051], [118.02031140500003, 0.999260039000035], [118.02032935300008, 0.999178621000056], [118.02039222300004, 0.999061005000044], [118.02041017700003, 0.99899767900007], [118.02041015500004, 0.99892531200004], [118.02037417200006, 0.998807727000042], [118.02034717000004, 0.99867204800006], [118.02032916900009, 0.998581595000076], [118.02031115900002, 0.998464005000073], [118.02032007900004, 0.998246902000062], [118.02037394900003, 0.998084060000053], [118.02043678900009, 0.997866940000051], [118.0204906560001, 0.99769505200004], [118.02050859500002, 0.997586497000043], [118.02051752900002, 0.997414623000054], [118.02050847800001, 0.997206571000049], [118.02050842000006, 0.99701660900007], [118.02050839500009, 0.996935196000038], [118.02049935800005, 0.996772374000045], [118.02032860600002, 0.996754335000048], [118.02016682600004, 0.99669106500005], [118.02008593000005, 0.996636815000045], [118.02000502700002, 0.996564473000035], [118.01986118500008, 0.996383601000048], [118.01977128200008, 0.99626603300004], [118.01966342000003, 0.996193700000049], [118.01955557500003, 0.996175642000026], [118.01949267100008, 0.996184708000044], [118.01942978600005, 0.996257094000043], [118.01934893100008, 0.996338532000038], [118.01929503400004, 0.99641091500007], [118.01916025600008, 0.996483324000053], [118.01901647800003, 0.99651050600005], [118.01853120300007, 0.996528749000049], [118.01819869600001, 0.996528853000029], [118.01794708400007, 0.996574160000023], [118.01779431800003, 0.996601345000045], [118.01767749200008, 0.996601381000062], [118.01765056200009, 0.996700894000071], [118.01767754200011, 0.996764207000069], [118.01773147300003, 0.996800373000042], [118.01780337200012, 0.996818443000052], [118.01787526500004, 0.996818420000068], [118.01798310200002, 0.996809341000073], [118.01810891600007, 0.996809302000031], [118.01818081200008, 0.996818325000049], [118.01824372700003, 0.996845443000041], [118.01827969300007, 0.996908753000071], [118.01831566200008, 0.996981109000046], [118.01832467600002, 0.997071564000066], [118.01834267800007, 0.997162017000051], [118.01836067900001, 0.997252470000035], [118.01836070400009, 0.997333883000067], [118.01834275300007, 0.997406255000044], [118.01819001500007, 0.997523899000043], [118.01806423500011, 0.997632488000022], [118.01797440200005, 0.99774106600006], [118.0178666060001, 0.997885833000055], [118.01784865000002, 0.997940114000073], [118.01785766400008, 0.998030570000026], [118.01786669800003, 0.998184346000073], [118.01790273400002, 0.998473802000035], [118.01793877500006, 0.998781350000058], [118.017911851, 0.998898954000026], [118.01784901700012, 0.999134166000033], [118.01788508900006, 0.999541218000047], [118.01788512000007, 0.999640722000038], [118.01787616400009, 0.999740230000043], [118.01783127500005, 0.999884977000022], [118.01778638600001, 1.000029725000047], [118.017759479, 1.00020160400004], [118.01770567000005, 1.00056345500002], [118.01770572300006, 1.00073532600004], [118.01771481300011, 1.001070020000043], [118.01779575500007, 1.001269003000061], [118.0178077270001, 1.001295495000022], [118.01781257800008, 1.001311454000074], [118.01900190900005, 1.000285265000059], [118.01972608000005, 0.999819198000068], [118.01976588500008, 0.999797257000068], [118.02023060400006, 0.99955563900005], [118.02023333400007, 0.999554362000026]]], [[[118.01912319700011, 1.005631181000069], [118.01924508600007, 1.005583949000027], [118.01955218500007, 1.005594247000033], [118.01982986100006, 1.005574195000065], [118.02006784900004, 1.005494260000035], [118.02020669600006, 1.005514181000024], [118.02030586900003, 1.005514150000067], [118.02032794400009, 1.00545511100006], [118.02033536600004, 1.005336495000051], [118.02034876000005, 1.005239354000025], [118.02034920200003, 1.005239329000062], [118.02035815200009, 1.005121730000042], [118.02038507300006, 1.004995080000072], [118.02039402900004, 1.004895573000056], [118.02041194300011, 1.004705605000026], [118.02036694200001, 1.004488519000063], [118.02033985000003, 1.004063373000065], [118.02031278700008, 1.003728685000056], [118.02029472100003, 1.003430178000031], [118.02029467000011, 1.003267353000069], [118.02027666100003, 1.003149762000021], [118.02022269800011, 1.003014092000058], [118.02014176500006, 1.002842246000057], [118.02006084300001, 1.002706584000066], [118.02000434000001, 1.002592923000066], [118.01999789700005, 1.002579962000027], [118.0199259640001, 1.002453342000024], [118.0199079570001, 1.002344798000024], [118.019934895, 1.002272423000022], [118.0201187560001, 1.001773058000026], [118.02012243100012, 1.001763076000032], [118.02014141500001, 1.001711516000057], [118.02023122900005, 1.001539617000049], [118.02026715000011, 1.001458193000076], [118.02028510100001, 1.001385820000053], [118.02027608100002, 1.001277273000028], [118.02024908500005, 1.001159686000051], [118.0202041120001, 1.001033058000075], [118.02020406500003, 1.00087927900006], [118.02021300100012, 1.000716451000073], [118.02028481100001, 1.000445053000021], [118.02036555900008, 1.000019873000042], [118.02036553700009, 0.999947506000069], [118.02033855500008, 0.999875148000058], [118.0202845870001, 0.999721385000043], [118.02023962900012, 0.999639987000023], [118.020240381, 0.999632005000024], [118.01975498600007, 0.999862814000039], [118.01904532300011, 1.000296696000021], [118.01782912700003, 1.001348902000075], [118.0178322370001, 1.00137907200002], [118.01785602300004, 1.001421721000042], [118.01788568300003, 1.001467984000044], [118.01795760700008, 1.00156746600004], [118.01809796400005, 1.00169526600007], [118.01819013800002, 1.001773662000062], [118.01829923500009, 1.002001560000053], [118.01832622300003, 1.002092010000069], [118.01836220900009, 1.002218640000024], [118.01844546500001, 1.002403657000059], [118.0184920160001, 1.002533691000053], [118.01850959600006, 1.002561775000061], [118.01853441300011, 1.002597141000024], [118.01866792700002, 1.00277034100003], [118.01881179200006, 1.003023580000047], [118.01889324400008, 1.003179642000021], [118.01892428400004, 1.00328367100002], [118.01893771200002, 1.003367283000046], [118.0189532920001, 1.003502142000059], [118.01896054400004, 1.003559361000043], [118.01896573300007, 1.003625943000031], [118.0189750720001, 1.003744544000028], [118.01898543800007, 1.003842337000037], [118.018968029, 1.004364614000053], [118.01896292000004, 1.004556046000062], [118.01896709300001, 1.00467881000003], [118.01900744700004, 1.004822370000056], [118.01899713500006, 1.004900402000032], [118.01897648900001, 1.004983639000045], [118.01891141200008, 1.005107465000037], [118.01888661400005, 1.005131401000028], [118.0188431790001, 1.005201381000063], [118.01878113600003, 1.005252020000057], [118.0186975150001, 1.005281276000062], [118.01859106500001, 1.005308359000026], [118.01852595200012, 1.005315662000044], [118.01843396600009, 1.005325054000025], [118.018431125, 1.005348130000073], [118.01843074100009, 1.005345883000075], [118.01843078000002, 1.005470803000037], [118.0185586240001, 1.005553299000042], [118.01881357200011, 1.005655857000022], [118.01912319700011, 1.005631181000069]]]]}},
{"type": "Feature", "properties": {"ba_code": "4520", "blockid": "4520I01P11", "division": "02"}, "geometry": {"type": "MultiPolygon", "coordinates": [[[[118.01048003000005, 0.969601395000041], [118.01049036100005, 0.969645023000055], [118.01257468100005, 0.969562613000051], [118.01254527200001, 0.968481269000051], [118.01253422100001, 0.968421702000057], [118.0125014780001, 0.967782859000067], [118.01250147500002, 0.967773813000065], [118.01250135700002, 0.967375795000066], [118.012492371, 0.967375798000035], [118.01194418800003, 0.967375962000062], [118.01180939400001, 0.967394095000031], [118.01177345000008, 0.967403151000042], [118.01162968800008, 0.967484607000074], [118.0115128870001, 0.96756605500002], [118.01141405500005, 0.967638452000074], [118.0113242110001, 0.967710846000045], [118.01125233900007, 0.967783234000024], [118.01121640300005, 0.967819428000041], [118.01118945400003, 0.967855620000023], [118.01101877000008, 0.968063726000025], [118.0109109660001, 0.96818135500007], [118.01079418000006, 0.968317078000041], [118.01070434300004, 0.96841661000002], [118.010641458, 0.96848899500003], [118.01063247400009, 0.968498044000057], [118.01061450700001, 0.968516141000066], [118.0106055230001, 0.968525190000037], [118.0106145090001, 0.968525187000068], [118.01055162400007, 0.968597573000068], [118.01055162700004, 0.96860661900007], [118.0104800260001, 0.96959264000003], [118.01048003000005, 0.969601395000041]]]]}},
{"type": "Feature", "properties": {"ba_code": "4520", "blockid": "4520E08P07", "division": "01"}, "geometry": {"type": "MultiPolygon", "coordinates": [[[[118.02896349700006, 1.005888402000039], [118.02970808600003, 1.005813006000039], [118.02981593900006, 1.005808796000053], [118.02999429700003, 1.005752369000049], [118.03019756000003, 1.00574812900004], [118.03045937600007, 1.005769837000059], [118.03050868800005, 1.005775171000039], [118.03085474300008, 1.005624978000071], [118.0311495730001, 1.005708159000051], [118.03122306000012, 1.005190662000075], [118.03116595100005, 1.005025449000073], [118.03088165100007, 1.00456205200004], [118.03074641900002, 1.004078178000043], [118.03075531200011, 1.003779664000035], [118.0306614540001, 1.003480651000075], [118.03068419100009, 1.003230110000061], [118.03070906700009, 1.003186259000074], [118.03082697900004, 1.003055976000041], [118.03083596200008, 1.003046927000071], [118.0310246570001, 1.002965455000037], [118.03106060000005, 1.002956398000038], [118.03111445800005, 1.002757373000065], [118.03112343600003, 1.002730233000023], [118.03098852000005, 1.002359397000021], [118.03082666700004, 1.002060937000067], [118.03084462900006, 1.002024748000053], [118.03083723200007, 1.001808283000059], [118.03088033800009, 1.001264888000037], [118.03097010300007, 1.00093921000007], [118.03102394700011, 1.000694956000075], [118.03102393800009, 1.000667819000057], [118.03101481600004, 1.000233623000042], [118.03096085100003, 1.00008890700002], [118.03091585300001, 0.999880868000048], [118.0309248310001, 0.999853727000072], [118.03098763300011, 0.999519012000064], [118.03097857900002, 0.999301916000036], [118.03094259000011, 0.999166240000022], [118.0308616430001, 0.998949166000045], [118.03078968500006, 0.998741135000046], [118.03075363100004, 0.998397405000048], [118.03079853600002, 0.998306933000038], [118.03082546200005, 0.998198375000072], [118.03100510200011, 0.997899806000021], [118.03107693000004, 0.997691730000042], [118.03107692200001, 0.997664593000025], [118.0310319460001, 0.997528920000036], [118.0308611160001, 0.997257599000022], [118.03078916900006, 0.997085751000043], [118.03073512900005, 0.996696798000073], [118.03077998600008, 0.996452547000047], [118.03048337900009, 0.99629886200006], [118.02984531400011, 0.996253834000072], [118.02928817100008, 0.996344467000029], [118.02879405700003, 0.996833097000035], [118.02880310000012, 0.997014010000044], [118.02884810600005, 0.997249187000023], [118.02898299800006, 0.997547657000041], [118.02899200200011, 0.997601929000041], [118.0290190070001, 0.997746654000025], [118.02903706200004, 0.99800897700004], [118.0290191360001, 0.99816276100006], [118.02901018300008, 0.998271314000021], [118.02894741500006, 0.998714579000023], [118.02892945500002, 0.998759813000049], [118.02898347100006, 0.999067354000033], [118.02906457600011, 0.999790994000023], [118.02908256300009, 0.999836217000052], [118.02893887800008, 1.000161912000067], [118.02878630000009, 1.000786122000022], [118.02875937100009, 1.000885634000042], [118.02894824000009, 1.001365003000046], [118.02897526200002, 1.001564003000055], [118.02911094100011, 1.002144649000059], [118.02916420500003, 1.002278562000072], [118.02919132900001, 1.002803211000071], [118.02916438500006, 1.002857495000057], [118.02892186200006, 1.003228450000051], [118.02896680100002, 1.003246527000044], [118.02880518200004, 1.003698869000061], [118.02860760800002, 1.004124085000058], [118.02859864700008, 1.004205501000058], [118.02865261200009, 1.004350217000024], [118.0287065550001, 1.004422566000073], [118.02905715600002, 1.004811425000071], [118.02892591400007, 1.005095057000062], [118.028716529, 1.005418730000031], [118.02860466300001, 1.005857199000047], [118.02865863600005, 1.00600332700003], [118.02896349700006, 1.005888402000039]]]]}},
{"type": "Feature", "properties": {"ba_code": "4520", "blockid": "4520I40aP08", "division": "05"}, "geometry": {"type": "MultiPolygon", "coordinates": [[[[118.11731282300002, 0.962823642000046], [118.11734418700007, 0.962804335000044], [118.1178120190001, 0.962421738000046], [118.11787036600003, 0.962372610000045], [118.11800856800005, 0.962316086000044], [118.11809168400009, 0.96232692600006], [118.11925941700008, 0.962544070000035], [118.11956617900012, 0.962643962000072], [118.11958644200001, 0.960647592000043], [118.11960862100011, 0.960413033000066], [118.11957753800004, 0.960065177000047], [118.11939624700005, 0.95993366600004], [118.1191661900001, 0.959903919000055], [118.11893965500008, 0.959982936000074], [118.11831576500003, 0.960058575000062], [118.11833981000007, 0.960129754000036], [118.11840393600005, 0.960210385000039], [118.11837851400003, 0.960578905000034], [118.11862559400004, 0.961127305000048], [118.11785082400002, 0.961101850000034], [118.11776569900007, 0.961144728000022], [118.11739106100003, 0.961059151000029], [118.11701116000006, 0.961089870000023], [118.11701181, 0.961101351000025], [118.11685914600002, 0.961417995000033], [118.11688020800011, 0.961574741000049], [118.1169778630001, 0.961757154000054], [118.11717313000008, 0.961992162000058], [118.11735795300001, 0.962262259000056], [118.11740677700004, 0.962342940000042], [118.11743122500002, 0.962493799000072], [118.11730930500005, 0.962721895000072], [118.11731282300002, 0.962823642000046]]]]}},
{"type": "Feature", "properties": {"ba_code": "4520", "blockid": "4520E30P07", "division": "04"}, "geometry": {"type": "MultiPolygon", "coordinates": [[[[118.0915324120001, 0.997145580000051], [118.09139908600002, 0.996914873000037], [118.09085517000005, 0.996948996000071], [118.09062156400012, 0.996985361000043], [118.09045983200008, 0.997003579000022], [118.09020823300011, 0.997012823000034], [118.08995664800011, 0.997040156000025], [118.089489436, 0.997112886000025], [118.08946844000002, 0.997116073000029], [118.08946955400006, 0.997128896000049], [118.08949109000002, 0.997400781000067], [118.08952591500008, 0.997800285000039], [118.0895803520001, 0.998469580000062], [118.08961658500004, 0.998840400000063], [118.08961683900009, 0.999166024000033], [118.08966220500008, 0.999726784000075], [118.0896447130001, 1.000341865000053], [118.08965393400001, 1.001056966000021], [118.0896465400001, 1.001454347000049], [118.08964302700008, 1.001485676000073], [118.0896476690001, 1.001698516000033], [118.08990769600007, 1.001968556000065], [118.0905145480001, 1.00275265800002], [118.09072264600002, 1.003066326000067], [118.09092211200004, 1.003414872000064], [118.09118226900011, 1.003850545000034], [118.09167625500004, 1.004277315000024], [118.09207494000009, 1.004660572000034], [118.0922569490001, 1.004834780000067], [118.09240696900008, 1.004916499000046], [118.09241589100009, 1.00483508700006], [118.0925680580001, 1.004075178000051], [118.09269322500006, 1.003261021000071], [118.09264800500011, 1.002890208000053], [118.09264741200002, 1.002130420000071], [118.0926292910001, 1.001940488000059], [118.09251207200009, 1.001425010000048], [118.09254766200002, 1.000972727000033], [118.09246603300005, 1.000004967000052], [118.09237582800006, 0.999561828000026], [118.09233034100009, 0.998847302000058], [118.09234806600011, 0.998530709000022], [118.09223076300009, 0.997906691000026], [118.09223957900008, 0.997689601000047], [118.09221529100012, 0.997592134000058], [118.09201272000007, 0.997441202000061], [118.09181705300011, 0.997338101000025], [118.0915324120001, 0.997145580000051]]], [[[118.09223924000003, 0.997273857000039], [118.09221522000007, 0.996921971000063], [118.09166399300011, 0.996930315000043], [118.0914478630001, 0.996912983000072], [118.09156520200008, 0.997111261000043], [118.09184384200012, 0.997292080000022], [118.09204157900001, 0.997400562000053], [118.09221456400007, 0.997557168000071], [118.09222133500009, 0.997481913000058], [118.09223924000003, 0.997273857000039]]]]}},
{"type": "Feature", "properties": {"ba_code": "4520", "blockid": "4520I39bP10", "division": "05"}, "geometry": {"type": "MultiPolygon", "coordinates": [[[[118.11688547800009, 0.968192086000045], [118.11700086300004, 0.967909949000045], [118.11715280700002, 0.967206274000034], [118.11719533300004, 0.966277818000037], [118.11703496300004, 0.965860742000075], [118.11695191800004, 0.965644764000047], [118.11666402100002, 0.965265860000045], [118.11662897000008, 0.965191894000043], [118.11662585600004, 0.964688032000026], [118.1166410510001, 0.964639352000063], [118.11690007400011, 0.964196608000066], [118.11695916700012, 0.963947187000031], [118.11702149900009, 0.963263236000046], [118.11694067300004, 0.963417037000056], [118.11687785400011, 0.963679379000041], [118.11668922700005, 0.963941762000047], [118.11641970100004, 0.964131808000047], [118.11631188000001, 0.964177071000051], [118.11597938400007, 0.964168136000069], [118.11563622000006, 0.964035444000046], [118.11430319800002, 0.963951416000043], [118.11422398600007, 0.963926528000059], [118.11423392900008, 0.964056079000045], [118.11424386500005, 0.964165699000034], [118.11425132900001, 0.964285286000063], [118.11425887100006, 0.964644050000061], [118.11427387200001, 0.965107452000041], [118.11432098000012, 0.965354088000026], [118.11429405400008, 0.966275928000073], [118.11428708500011, 0.967676116000064], [118.11427978400002, 0.968057308000027], [118.1143070070001, 0.968047333000072], [118.11497279200012, 0.967984827000066], [118.115685944, 0.968718914000021], [118.11688547800009, 0.968192086000045]]], [[[118.11529364900002, 0.962433584000053], [118.11536279100005, 0.962350012000059], [118.11558412800002, 0.962342976000059], [118.11579855000002, 0.96234290600006], [118.11584698600007, 0.962398589000031], [118.11588849400005, 0.96241946300006], [118.11595072900002, 0.962370705000069], [118.11601988900009, 0.962342833000037], [118.11613052900009, 0.962252284000044], [118.11647636700002, 0.962238245000037], [118.11662855300006, 0.96228693200004], [118.11673925700006, 0.962391333000028], [118.11683609200009, 0.962391301000025], [118.11691908300008, 0.96235646100007], [118.11727929400001, 0.96221637900004], [118.11713791500006, 0.96201491000005], [118.11694014300008, 0.961788837000029], [118.11683224, 0.961580824000066], [118.11681421100002, 0.961408965000032], [118.11694889400007, 0.961065189000067], [118.11692193200008, 0.961056152000026], [118.11691263800003, 0.960106372000041], [118.11558265600002, 0.96007062700005], [118.11473795100005, 0.960088995000035], [118.11468315400009, 0.960231986000053], [118.11454525300007, 0.960451929000044], [118.11456061700005, 0.960556086000054], [118.11466798100003, 0.960718080000049], [118.11519698500001, 0.961057396000058], [118.11556508800004, 0.961601231000031], [118.11546937600008, 0.961913748000029], [118.11541253000007, 0.961961205000023], [118.11535862100004, 0.961988360000021], [118.11476548400003, 0.961861917000022], [118.11437911700011, 0.961952496000038], [118.1143969310001, 0.962052596000035], [118.11440080900002, 0.962054477000038], [118.114424073, 0.962070077000021], [118.11427626600005, 0.962276861000021], [118.11436673300011, 0.962252865000039], [118.1144220540001, 0.962211072000059], [118.11456037500011, 0.962162289000048], [118.11472637100007, 0.962134384000024], [118.11480246700012, 0.962169172000074], [118.11480249200008, 0.962245759000041], [118.11478177100003, 0.962336278000066], [118.11481636700012, 0.962371079000036], [118.1148855460001, 0.962405868000076], [118.11496163400011, 0.962412806000032], [118.11511379600006, 0.962384906000068], [118.11516913700007, 0.962405775000036], [118.11524522000002, 0.96239878800003], [118.11529364900002, 0.962433584000053]]]]}},
{"type": "Feature", "properties": {"ba_code": "4520", "blockid": "4520J19P10", "division": "03"}, "geometry": {"type": "MultiPolygon", "coordinates": [[[[118.05930736000005, 0.951468060000025], [118.05927932400004, 0.957367345000023], [118.05921321400001, 0.960057305000021], [118.06069390700009, 0.96006107300002], [118.06182888700005, 0.960056489000067], [118.06184387400003, 0.959092822000059], [118.06187866200003, 0.955329789000075], [118.06187843200007, 0.95457899400003], [118.06190470600006, 0.952344692000054], [118.06190469500007, 0.952308509000034], [118.06187772800001, 0.952281380000045], [118.06166199800009, 0.952100532000031], [118.06153616300003, 0.95201916000002], [118.06142830100009, 0.951937782000073], [118.06134740400012, 0.951874487000055], [118.06122506000008, 0.951762325000061], [118.06109571500008, 0.951648421000073], [118.06105077200004, 0.951612252000075], [118.06089799100005, 0.951576117000059], [118.0607092680001, 0.951549038000053], [118.06029587300009, 0.951485846000026], [118.06002627500004, 0.951467838000042], [118.05977464900002, 0.951449824000065], [118.05953201300008, 0.951440853000065], [118.0593792410001, 0.951431855000067], [118.05933431400001, 0.951449960000048], [118.05930736000005, 0.951468060000025]]]]}},
{"type": "Feature", "properties": {"ba_code": "4520", "blockid": "4520H10P07", "division": "02"}, "geometry": {"type": "MultiPolygon", "coordinates": [[[[118.03696376300002, 0.970507251000072], [118.03670830300007, 0.968968241000027], [118.03448246000005, 0.969058719000031], [118.03439355700004, 0.970336172000032], [118.03421396400006, 0.970788518000063], [118.03421418900007, 0.971530274000031], [118.03422352000007, 0.972660997000048], [118.03421461900007, 0.972941419000051], [118.03426882500003, 0.973882166000067], [118.03431386500006, 0.974234939000041], [118.03437701100006, 0.975021904000073], [118.03433243500001, 0.976188827000044], [118.03431482600001, 0.977382878000071], [118.03433302100007, 0.978106537000031], [118.03428814900008, 0.978305559000034], [118.03540308400011, 0.97829342700004], [118.03600898200011, 0.978278732000035], [118.03714788200011, 0.977155574000051], [118.03717687200003, 0.977129930000046], [118.03719042600005, 0.977047291000019], [118.03716338000004, 0.976766880000071], [118.03707328400003, 0.976016107000021], [118.03697379500011, 0.973935604000076], [118.03699118800012, 0.972035982000023], [118.03705390700009, 0.971420848000037], [118.03703587600012, 0.971230892000051], [118.03700874000003, 0.970651969000073], [118.03696376300002, 0.970507251000072]]], [[[118.03428271300004, 0.979981141000053], [118.03591398600008, 0.97837241600007], [118.03541149600005, 0.978386622000073], [118.03429716100004, 0.978386968000052], [118.03428849000011, 0.979418192000026], [118.03428271300004, 0.979981141000053]]]]}},
{"type": "Feature", "properties": {"ba_code": "4520", "division": "03"}, "geometry": {"type": "MultiLineString", "coordinates": [[[118.08384362198424, 0.962295477218249], [118.0812374692301, 0.961981323323511], [118.08108469505972, 0.961964036930627], [118.07832577222295, 0.961651847509627], [118.07693282997184, 0.961494226851331], [118.07556683861854, 0.961311583804308], [118.0736256922211, 0.961052036525402], [118.0728076791424, 0.960253289232805], [118.07277349069803, 0.960219905144822], [118.07261625784227, 0.960066375221619], [118.07004801135012, 0.957558607096474], [118.06994913082244, 0.957462054498955], [118.0672881665732, 0.954276408094112], [118.06668585453299, 0.953555330962157], [118.06452832857188, 0.950996013633446], [118.06448263131351, 0.950941805074185], [118.06357542247285, 0.949865645839657], [118.06176880992838, 0.948743392577357], [118.05900945741797, 0.94702930023644], [118.05845219418764, 0.946683130258414], [118.05625010543555, 0.945313041567873], [118.05359861181888, 0.943663337729559], [118.0534907992754, 0.943745135134999], [118.05073259276958, 0.945837777608392], [118.04944782408005, 0.946812525918898], [118.04797440336387, 0.948001811653392], [118.04551270985489, 0.949988789098115], [118.04521623820703, 0.950261111046886], [118.04446847629012, 0.950947959257685], [118.04245815102695, 0.952794523777796], [118.0415327983082, 0.953644495936049], [118.04129698857423, 0.953639398988813], [118.04129017668416, 0.953689798750794], [118.04148790936983, 0.953789242162125], [118.04200009571002, 0.953644353575431], [118.0414253331633, 0.954883801181936], [118.04227898719289, 0.954675487766981], [118.04240493974818, 0.955145829993368], [118.04206352939333, 0.95539921613441], [118.042045602746, 0.955552999917156], [118.0421714845321, 0.95578815182493], [118.04245906244155, 0.955821723325932], [118.04255791734296, 0.955833262674323], [118.04279164253705, 0.956086473106209], [118.0424592291545, 0.956374411491545], [118.042342435248, 0.956475579039054], [118.042000934808, 0.956430454510323], [118.0417853380349, 0.956692848116303], [118.0419560923771, 0.956728979057628], [118.04232470253754, 0.957271613281247], [118.04245951584275, 0.957324096361031], [118.04260331670042, 0.957380077397321], [118.0428189515975, 0.957244324678723], [118.0430077335893, 0.957461365607704], [118.04288199374045, 0.957696594401362], [118.04300792776134, 0.958103615930725], [118.04272936550241, 0.958167021746455], [118.04245971535605, 0.957984449213652], [118.0422619719254, 0.957850562535272], [118.04195645010468, 0.957913976534113], [118.04184866402981, 0.958085879406174], [118.042262218005, 0.958664682854923], [118.0424599465379, 0.95874905016374], [118.04255881080384, 0.958791232905247], [118.04255887101353, 0.958990240074876], [118.0431610568539, 0.959288566123513], [118.04305330379078, 0.959569018361247], [118.04313971910673, 0.959922707146498], [118.04317766668679, 0.960074847313431], [118.04317689205119, 0.960074850265063], [118.04317706120771, 0.960075544024395], [118.04300295852633, 0.960075597489614], [118.0424605204136, 0.960077927760742], [118.04246067195842, 0.960595908158273], [118.04246083773393, 0.961142758161345], [118.04246101983625, 0.961743107622644], [118.04246180154254, 0.96425393315102], [118.0424616251092, 0.964282494355229], [118.04246174057877, 0.964661974794274], [118.04347854753806, 0.964661661087884], [118.04419613753821, 0.964661439512175], [118.04522060103331, 0.964666022107683], [118.04797946159243, 0.964678360318726], [118.04798084587703, 0.969192196698192], [118.05073970360596, 0.969191336296312], [118.05349855888129, 0.969190473633377], [118.05432531633521, 0.96919021467518], [118.05625740110519, 0.969155422144187], [118.05892637196672, 0.96910735821749], [118.05901623690116, 0.969107791269509], [118.06177508911632, 0.969121065789838], [118.06421941215412, 0.969132825566256], [118.0645339365377, 0.96912685178961], [118.06729276326891, 0.969074445384727], [118.06857781848962, 0.969050032983359], [118.07005159209362, 0.969036912464719], [118.07279244961408, 0.969012509282214], [118.07281042244956, 0.969012373294901], [118.07556925138967, 0.968991405856776], [118.0777619344658, 0.96897473875391], [118.07832807757993, 0.968969784906115], [118.08108690041989, 0.968945641610181], [118.08312681012349, 0.968927788123835], [118.08290565976196, 0.969190183480931], [118.08384580600936, 0.969189880772557], [118.08384362198424, 0.962295477218249]]]}},
{"type": "Feature", "properties": {"ba_code": "4520", "division": "02"}, "geometry": {"type": "MultiLineString", "coordinates": [[[118.03596605408995, 0.978321067527888], [118.03611336681715, 0.978175790536774], [118.03714788226449, 0.977155574372933], [118.03722058990276, 0.97709125878365], [118.03717936119298, 0.976677539508148], [118.03717433211989, 0.9766270781934], [118.03737899916148, 0.976576851157637], [118.03756771139432, 0.976558700938283], [118.03762163075785, 0.976558684184759], [118.03770250702716, 0.976549613259336], [118.0380169811241, 0.97636859965428], [118.03829547841492, 0.976088093518127], [118.03837633245844, 0.976006656257672], [118.0388165432872, 0.97558136723667], [118.03883451362165, 0.975572315860835], [118.03896927586437, 0.975454678697748], [118.03912200287871, 0.975309898585114], [118.03940048334002, 0.974975117815559], [118.03949928546406, 0.974812262904214], [118.03955174918336, 0.974769068336561], [118.03943319985287, 0.974368643547806], [118.03946898925939, 0.973950844507672], [118.03952242902423, 0.973171537693273], [118.03955232939457, 0.971953777032332], [118.03954331795815, 0.971872367720585], [118.03954330689501, 0.971836184566764], [118.03944413519484, 0.970978130780004], [118.03942789800266, 0.970082301398788], [118.03940780245279, 0.969620330985655], [118.0388288925467, 0.968857243145849], [118.03885273779667, 0.968858462395674], [118.03903310400284, 0.968867684990531], [118.03954018604672, 0.96888426403337], [118.03953927165377, 0.968865058295567], [118.03950713620969, 0.968182145480314], [118.03949908952838, 0.967969236308425], [118.03948694831038, 0.967415872011471], [118.03949188172174, 0.967235096715152], [118.03943169969328, 0.966185623629792], [118.03934311940742, 0.964942672492663], [118.03934152108407, 0.964920236710645], [118.03934064288511, 0.964889918205512], [118.04079542340885, 0.964836219785141], [118.04140375140962, 0.964812175054419], [118.04140584075019, 0.964812092094048], [118.04141912715957, 0.964811566963233], [118.04229587907247, 0.964776911887989], [118.0422869368049, 0.964653589884307], [118.0424588583848, 0.96465830490502], [118.0424615420316, 0.964295943648446], [118.0424616251092, 0.964282494355229], [118.04246034811598, 0.960075764062689], [118.04300295852633, 0.960075597489614], [118.04317689205119, 0.960074850265063], [118.04313971910673, 0.959922707146498], [118.04305330379078, 0.959569018361247], [118.0431610568539, 0.959288566123513], [118.04255887101353, 0.958990240074876], [118.04255881080384, 0.958791232905247], [118.0424599465379, 0.95874905016374], [118.042262218005, 0.958664682854923], [118.04184866402981, 0.958085879406174], [118.04195645010468, 0.957913976534113], [118.0422619719254, 0.957850562535272], [118.04245971535605, 0.957984449213652], [118.04272936550241, 0.958167021746455], [118.04300792776134, 0.958103615930725], [118.04288199374045, 0.957696594401362], [118.0430077335893, 0.957461365607704], [118.0428189515975, 0.957244324678723], [118.04260331670042, 0.957380077397321], [118.04245951584275, 0.957324096361031], [118.04232470253754, 0.957271613281247], [118.0419560923771, 0.956728979057628], [118.0417853380349, 0.956692848116303], [118.042000934808, 0.956430454510323], [118.042342435248, 0.956475579039054], [118.0424592291545, 0.956374411491545], [118.04279164253705, 0.956086473106209], [118.04255791734296, 0.955833262674323], [118.04245906244155, 0.955821723325932], [118.0421714845321, 0.95578815182493], [118.042045602746, 0.955552999917156], [118.04206352939333, 0.95539921613441], [118.04240493974818, 0.955145829993368], [118.04227898719289, 0.954675487766981], [118.0414253331633, 0.954883801181936], [118.04200009571002, 0.953644353575431], [118.04148790936983, 0.953789242162125], [118.04129017668416, 0.953689798750794], [118.04129698857423, 0.953639398988813], [118.03976831601501, 0.953606352203133], [118.03901744069421, 0.953598498914076], [118.0390105995705, 0.953905126196545], [118.03631495410215, 0.953356661746251], [118.03597358213625, 0.953291132441142], [118.03597008626674, 0.95341099487997], [118.03597286167518, 0.95382703302002], [118.03387081308615, 0.953758432712511], [118.03130616505857, 0.953674732899021], [118.03096877310165, 0.95368291164676], [118.02866442266706, 0.953507292622999], [118.02854992723627, 0.95349856617962], [118.02841835398998, 0.953499543797525], [118.02656123151723, 0.953513335769627], [118.02590520651914, 0.953486066766319], [118.02314630550327, 0.953371382389355], [118.021375934636, 0.953297788035346], [118.02038789478397, 0.954928259939399], [118.01884295890804, 0.957477725725173], [118.01763026407602, 0.959143348307755], [118.01694576487179, 0.960083498793112], [118.01597740468159, 0.961413529561808], [118.01487247665904, 0.962841016632886], [118.01302194529072, 0.965231768627632], [118.0121146918875, 0.96656151260571], [118.01031814925501, 0.969194670447017], [118.01032042463616, 0.9692127615088], [118.01097572693305, 0.974422986100523], [118.01139180652869, 0.978261427909641], [118.01506817360969, 0.97830458635493], [118.0174641979506, 0.978212498202279], [118.01781405057872, 0.978208938607349], [118.01811789127646, 0.978198113832996], [118.02060271416131, 0.978164703090612], [118.02179083349526, 0.978263505085504], [118.02361264532617, 0.978274963566671], [118.02629118481445, 0.978301936021944], [118.0286383399162, 0.978273416563759], [118.02973359494833, 0.978102449883652], [118.0314373077702, 0.97779627340632], [118.03153762213111, 0.977772198613182], [118.03211750908086, 0.97777201921308], [118.03316700626296, 0.978355403031665], [118.03419163595989, 0.978381530691863], [118.03423563823429, 0.978374046109128], [118.03423578285904, 0.978382656765298], [118.03424394632835, 0.978382864999524], [118.03424409808919, 0.978878302743552], [118.0342629275638, 0.980000654136776], [118.03596605408995, 0.978321067527888]]]}},
{"type": "Feature", "properties": {"ba_code": "4520", "division": "05"}, "geometry": {"type": "MultiLineString", "coordinates": [[[118.11267705839568, 0.978334587995441], [118.11271710877396, 0.978307437914094], [118.11419541071972, 0.977305299631035], [118.11695359756968, 0.975435528199446], [118.11789695035226, 0.974796029567909], [118.11971182264946, 0.97369517266228], [118.12207474759799, 0.972261879162769], [118.12247004392985, 0.971956684226267], [118.12522813165234, 0.969827251658356], [118.12534492354058, 0.969737080179434], [118.12613668649115, 0.969175992301132], [118.12798627016892, 0.967865272475528], [118.12892062309274, 0.967203135866833], [118.12798567205212, 0.966053360186841], [118.12581011590852, 0.96337791645391], [118.12522577483078, 0.962664790901563], [118.12308325306081, 0.960050063795927], [118.12281649476462, 0.95972451253555], [118.12246588919244, 0.959291096379714], [118.11983185596424, 0.956034913225946], [118.11970599771519, 0.955878831061107], [118.11694610967321, 0.952456167248012], [118.11682025174885, 0.952300084664778], [118.11418695053719, 0.95128728261979], [118.1132484490571, 0.950926321014696], [118.11200301776297, 0.950447309654888], [118.11164628129676, 0.950926840749045], [118.11142814340559, 0.951220065003977], [118.10945201152134, 0.953876411084148], [118.10867053235856, 0.954901039941901], [118.10623626763524, 0.958092698900654], [118.10591291692992, 0.958580542331127], [118.10493494872061, 0.9600560158326], [118.10421532494863, 0.961141721568352], [118.10315515576755, 0.961818576070927], [118.10039691597646, 0.963579543518311], [118.099750031745, 0.963992539399954], [118.09763818740643, 0.963828759682343], [118.09713389406456, 0.963789649881082], [118.09504071988923, 0.963560849480271], [118.0949404395251, 0.967588885482585], [118.09519369731748, 0.967732866529217], [118.09541933745406, 0.967583189419149], [118.09544678713374, 0.967356004171651], [118.09575501264685, 0.967256167862691], [118.09584863657822, 0.96740020073588], [118.09595330883961, 0.967666128813888], [118.096327794986, 0.968209013849045], [118.09677383084149, 0.968718630025896], [118.09685643500468, 0.96882942099922], [118.09678494161112, 0.969034456939432], [118.09694794548, 0.969149452329972], [118.09700412291213, 0.969211067246893], [118.09737695111123, 0.969208329677118], [118.09813885377588, 0.969202734233998], [118.09815299947125, 0.971880835200854], [118.09812734301529, 0.975087819166811], [118.09980768376502, 0.975089643285646], [118.10040063185666, 0.97509028676778], [118.10111055545738, 0.975091056263065], [118.10302767220348, 0.978310658286849], [118.1031246047691, 0.978473447011671], [118.10316054995188, 0.978472497085253], [118.10470684390076, 0.978448163327421], [118.10487703476123, 0.978744234355841], [118.10496689547665, 0.978735158961684], [118.10542523572542, 0.978843554046467], [118.10549725406376, 0.979232490640009], [118.10549327820993, 0.979366013955138], [118.10548836550876, 0.979530998153368], [118.10544346924253, 0.979639560176466], [118.10533569804261, 0.979838599015208], [118.10505724213876, 0.980209560841279], [118.10492254442886, 0.980508110197762], [118.1049046428724, 0.980725210413771], [118.1051384785121, 0.981304050708044], [118.10480606280952, 0.98154839229681], [118.10474319083663, 0.981647914748165], [118.1047253041919, 0.981910242952002], [118.10452773753518, 0.982317360466039], [118.10455474122885, 0.982453035414166], [118.104447035412, 0.982851077469824], [118.1051121523686, 0.9832307709448], [118.10527387148719, 0.983122169937128], [118.10546252889874, 0.98295024080795], [118.10557932502542, 0.982868791557288], [118.10572308324699, 0.98279637891631], [118.10581292320455, 0.982723984244159], [118.10605545417714, 0.982416353324087], [118.10700784892867, 0.981927574091213], [118.10729923231773, 0.981723747716234], [118.1073672441665, 0.981746542537071], [118.10800518185557, 0.981456871084679], [118.10817070373999, 0.981353757731272], [118.10810393661374, 0.981167379441813], [118.10813986123594, 0.9811040483723], [118.1083644965148, 0.98103160880267], [118.10868800557236, 0.981031500918729], [118.10894858623963, 0.980959049340461], [118.10903843198112, 0.980904745877267], [118.10911028712859, 0.980796174926871], [118.10922707407225, 0.980687588992364], [118.11008059041166, 0.980117432716636], [118.11063760139054, 0.979683059136284], [118.11105466753926, 0.979417266772532], [118.11144165692416, 0.979112520656611], [118.11237301228472, 0.978339007831008], [118.11238869967168, 0.978338780074723], [118.11248414654303, 0.978385794236992], [118.11253472422352, 0.978352567445257], [118.11255176869162, 0.978336409079831], [118.11257341938692, 0.978336094303934], [118.11267705839568, 0.978334587995441]]]}},
{"type": "Feature", "properties": {"ba_code": "4520", "division": "01"}, "geometry": {"type": "MultiLineString", "coordinates": [[[118.03419163595989, 0.978381530691863], [118.03316700626296, 0.978355403031665], [118.03211750908086, 0.97777201921308], [118.03153762213111, 0.977772198613182], [118.0314373077702, 0.97779627340632], [118.03126999756331, 0.977826340056012], [118.02973359494833, 0.978102449883652], [118.0286383399162, 0.978273416563759], [118.02652185645047, 0.978299133155888], [118.02629118481445, 0.978301936021944], [118.02361264532617, 0.978274963566671], [118.02179083349526, 0.978263505085504], [118.02060271416131, 0.978164703090612], [118.01932032750851, 0.978181946020922], [118.01811789127646, 0.978198113832996], [118.01781405057872, 0.978208938607349], [118.0174641979506, 0.978212498202279], [118.01506817360969, 0.97830458635493], [118.01263851644795, 0.978276063759842], [118.01153338704202, 0.978263090098195], [118.01139180652869, 0.978261427909641], [118.0113503251898, 0.978282746230154], [118.01159680337645, 0.979562539703799], [118.01210899911693, 0.982264309383142], [118.01206771864236, 0.984652968141207], [118.01488153951246, 0.984631289864778], [118.01491923161, 0.98746592116344], [118.01494327218677, 0.989157489317916], [118.01498067354865, 0.993933690954333], [118.01488242686246, 0.995919071958543], [118.01484906700055, 0.996593214036941], [118.01479311263897, 0.99772396369837], [118.01478517827668, 1.001152346483544], [118.01488474811268, 1.003478824187882], [118.01481290676809, 1.004612864333263], [118.01501167024898, 1.005178026260229], [118.01510781320064, 1.00559575647749], [118.01538860594553, 1.006149818636324], [118.01541606775754, 1.006377278943016], [118.01581320750404, 1.006253080620827], [118.01630613871191, 1.005613414977528], [118.01664832746567, 1.005205085571469], [118.01681267494413, 1.00519814112668], [118.01755908999563, 1.00517722828886], [118.01777824805572, 1.005259875698385], [118.01785893883452, 1.005144254377176], [118.01788610827339, 1.005170264429827], [118.01789625196785, 1.005215128659832], [118.01788508368128, 1.005251171732214], [118.01789060558376, 1.005339768666048], [118.01790675946577, 1.005395861431194], [118.01794574686373, 1.005420426768254], [118.01797284860204, 1.005442551646177], [118.01800595625616, 1.005456319892325], [118.01804538571652, 1.005469011506723], [118.01808549677693, 1.00546851858182], [118.01813163351021, 1.005459629217431], [118.01817070522044, 1.005454663445792], [118.01821464862293, 1.005438114744765], [118.01824055509513, 1.005431120503381], [118.01835409173759, 1.005427090212497], [118.0183657254617, 1.005428539323096], [118.01836557723988, 1.005428728427854], [118.0184307797548, 1.005470803712968], [118.01855862396545, 1.005553299688297], [118.01881357230403, 1.005655857402699], [118.01912319755193, 1.005631181643564], [118.01924508558038, 1.00558394935138], [118.01955218468598, 1.00559424739982], [118.0198298609076, 1.005574195009031], [118.02006784946951, 1.005494260744561], [118.02020669640368, 1.005514181247508], [118.02034861317411, 1.005513802811323], [118.02037041889302, 1.005636697287219], [118.02044580540776, 1.005763622008886], [118.0204842017193, 1.005881541470879], [118.02050369718198, 1.00599640576673], [118.02050900117288, 1.00614984147585], [118.0205721542332, 1.006398495397204], [118.02064055630903, 1.006620693994676], [118.02071943887366, 1.006742360130839], [118.02077208191719, 1.006996309148915], [118.02080367742401, 1.007181482027951], [118.02083525483198, 1.007308454872939], [118.02098277471897, 1.007503958619237], [118.02127689180509, 1.007641644826769], [118.02154246114432, 1.007748474687542], [118.02175004859248, 1.007916624654781], [118.02188687422644, 1.007941515391281], [118.02205755925092, 1.008088230189063], [118.02241710583826, 1.008341399992149], [118.02270522320913, 1.008426492625601], [118.0228063187549, 1.008526548296952], [118.02308221965156, 1.008657793867592], [118.02334481996509, 1.008721961508853], [118.02346267548532, 1.008723533455053], [118.02350589444711, 1.008724109561169], [118.02355141524092, 1.008745910985312], [118.02363529321178, 1.008771210950744], [118.02375271322637, 1.008776802085702], [118.0239120625341, 1.008765494985853], [118.0239342014421, 1.00877477171124], [118.02395627980663, 1.008768610838715], [118.02408498987877, 1.008636525351304], [118.02408681870122, 1.008613628867716], [118.02407695320433, 1.008593784533266], [118.02407973664734, 1.008554387245878], [118.02411849997677, 1.008503141188487], [118.02414044606073, 1.008499300614607], [118.02427114701231, 1.008532173378406], [118.02445119279182, 1.008645001070326], [118.0245825750083, 1.008744200337004], [118.0248985206989, 1.008959304087041], [118.02499866888117, 1.008992694858372], [118.02509954086062, 1.009096163429719], [118.02541647084283, 1.009311936137738], [118.02551417244689, 1.0093784543778], [118.02557325138322, 1.009457410220247], [118.0257475052797, 1.009547236042077], [118.02579099632986, 1.009547210472141], [118.02588323156824, 1.009476829075526], [118.02591753610567, 1.009458572749948], [118.02596988498985, 1.009437404270112], [118.02603137749522, 1.009397988359763], [118.02611448648483, 1.009441456104539], [118.02639209078254, 1.009628627352515], [118.02645360357545, 1.009653934305721], [118.02651233650062, 1.009729895139841], [118.02650639713532, 1.010173636336596], [118.02623455060244, 1.010865826100336], [118.02603187910562, 1.011309035625947], [118.02587867303507, 1.011752230355663], [118.02567114824117, 1.012494190795377], [118.02557935336007, 1.012747683196768], [118.02587846681642, 1.01308031692664], [118.0258871096298, 1.018961287927315], [118.03043092520471, 1.019000664639708], [118.03039838130208, 1.01711424768634], [118.03081085080332, 1.013261301117661], [118.03088404212993, 1.013051580375748], [118.03096491365719, 1.013024417041544], [118.03097389747612, 1.013015368352721], [118.03109123421999, 1.012885773044164], [118.03119844147207, 1.012626326557222], [118.03127418139931, 1.012555908708739], [118.03128825391893, 1.012454427391954], [118.03128824248522, 1.012418244152187], [118.03120730524635, 1.012237353842235], [118.03115338233671, 1.012228325290104], [118.03098265549883, 1.012291700610437], [118.03088262635721, 1.012253961832712], [118.03080287912512, 1.012156070954719], [118.0307948331294, 1.012069976392103], [118.03077582771057, 1.011866613614065], [118.03078398615786, 1.011651308911625], [118.03074914481917, 1.011651320052377], [118.03078469162654, 1.011477640848607], [118.03078679640782, 1.011472267867735], [118.03091938327951, 1.01113385692891], [118.03105412629574, 1.010952897624725], [118.03106304163556, 1.010726749485467], [118.0309820475011, 1.010364942893269], [118.03095501905631, 1.010147852040242], [118.03090099071885, 1.009804128433514], [118.03111657102615, 1.009487456207457], [118.03112549785715, 1.009297491316942], [118.03108043349323, 1.00888139836268], [118.03108023447506, 1.008249037393283], [118.03111992952105, 1.008240613943508], [118.03112008408172, 1.008240582233899], [118.03111857782994, 1.008234594386811], [118.0310949331531, 1.00812934576466], [118.0311321578074, 1.007861083071685], [118.03115607735388, 1.007654522485023], [118.03114798287515, 1.007336648010383], [118.031138590694, 1.007130098036019], [118.03113324089301, 1.007067060383237], [118.03115171793443, 1.006945571964446], [118.0311757985588, 1.006808184653837], [118.03116510192055, 1.006691498899739], [118.03115440997794, 1.006586884778744], [118.0311423776787, 1.006460810800077], [118.03114255508643, 1.006384734563497], [118.03113354570056, 1.006312370937327], [118.03111552977506, 1.006176689494363], [118.03112228304633, 1.006118797769543], [118.03111028108569, 1.006089293245195], [118.03112756545092, 1.005967234419289], [118.03113020515362, 1.005888099010112], [118.0311341970025, 1.005867978950805], [118.03114084786581, 1.005833104327122], [118.03115857601645, 1.00572484384332], [118.03117825465058, 1.005597737601189], [118.03118721008207, 1.005498230826914], [118.03122994807448, 1.005272431976594], [118.0312365842716, 1.005187931133657], [118.03121391231056, 1.005123557490734], [118.03117523729694, 1.005020293751892], [118.031088163911, 1.004883147112609], [118.03103421561515, 1.004792706132543], [118.03092060683592, 1.004616656438188], [118.03089260827234, 1.004563015521065], [118.03083658293232, 1.004368551055072], [118.03079788820988, 1.004202247931843], [118.03077386759523, 1.004086907874615], [118.0307738381881, 1.003993020488513], [118.03077115516194, 1.003934005552703], [118.03077243658109, 1.003773054808193], [118.03073509987391, 1.003684544328654], [118.03069641821438, 1.003559819360708], [118.03067641252618, 1.003500810821447], [118.03067106874704, 1.003453868364571], [118.03068435253702, 1.003323762745258], [118.0306896695079, 1.003282181979507], [118.0306922382468, 1.003245980725717], [118.03070563469345, 1.003203043240208], [118.03079105178541, 1.003119308013711], [118.03081086799757, 1.00309839142986], [118.03086148853443, 1.003054114218336], [118.03090412246067, 1.003038005486032], [118.0310173709036, 1.002996391404585], [118.03106932787294, 1.002966866585345], [118.03110128551849, 1.002895769938377], [118.03111592679421, 1.002844798477889], [118.03114920115131, 1.002725415776521], [118.03112340500016, 1.002630728778386], [118.03109585900741, 1.00258728323942], [118.03108652337208, 1.002560461747938], [118.03106918644097, 1.002514864591292], [118.03104651665195, 1.002457197488008], [118.03101317341789, 1.002359296184502], [118.0309478373587, 1.002217144760076], [118.03087049820469, 1.002038782219724], [118.03085978457655, 1.001867105135037], [118.0308690745087, 1.001747730031193], [118.03090098481363, 1.001525071723811], [118.0309328933928, 1.001299731337485], [118.0309674954924, 1.001164253916599], [118.03097014752431, 1.001121332506665], [118.03097147437849, 1.001102554789387], [118.03098611651488, 1.001054264513663], [118.03100209053322, 1.001003291733474], [118.03100606936081, 1.000944275594989], [118.03101805234299, 1.000916105857377], [118.03101671256331, 1.000890622419061], [118.03102336598538, 1.00086379495749], [118.03104332721189, 1.000780630489755], [118.03105929871923, 1.000721610557808], [118.03105527926272, 1.000650525314705], [118.03105985950256, 1.00058639538961], [118.03104990908236, 1.000521767113987], [118.03104455523665, 1.00044531722118], [118.03103920892916, 1.000393009693915], [118.03104451588051, 1.000319239416889], [118.03103650796602, 1.000276321379609], [118.03103515682758, 1.000217306927864], [118.03099381540038, 1.000107336491277], [118.03096579476959, 0.99998260902455], [118.0309417805474, 0.999890069812798], [118.03095373974831, 0.999782766413922], [118.0309683793889, 0.999726428989754], [118.03097900545612, 0.999617783614936], [118.0309936312942, 0.999517185036139], [118.03099492553169, 0.99939378889113], [118.03099622688342, 0.999293194523204], [118.03098421748415, 0.999239548508251], [118.0309515626154, 0.999121008023096], [118.03089219244661, 0.99897132671577], [118.03087751517245, 0.998906951396679], [118.03082548550293, 0.998703096912255], [118.03081077767122, 0.998543492708377], [118.03079859806337, 0.998505941050742], [118.03079856143478, 0.998388345493177], [118.03081650935573, 0.998306927512519], [118.03084344109872, 0.998216460885026], [118.03097583013098, 0.997978772045226], [118.03101711041485, 0.997895601772069], [118.0310650459365, 0.997785603140066], [118.03110498771876, 0.99768097300798], [118.03109488666925, 0.997637449555143], [118.03104230605769, 0.997505288730003], [118.03101564080784, 0.997452987919755], [118.0309916417028, 0.997408734327099], [118.0308813330862, 0.997196766915892], [118.03085209268512, 0.997140006420304], [118.03082180120951, 0.997058401929218], [118.03084504930796, 0.996993785787759], [118.0308849366304, 0.996887335660217], [118.03089972585472, 0.996849512265505], [118.03091679166815, 0.99680968179242], [118.03092703378046, 0.996792487902466], [118.03093699172189, 0.996780452024521], [118.03095690591871, 0.996748069881247], [118.03096884176985, 0.996686753602266], [118.03098562609274, 0.996657810759223], [118.03101379737068, 0.99663172913738], [118.03106386448175, 0.99654175004392], [118.0310914589674, 0.996493034173318], [118.0311073859957, 0.996452631462352], [118.0311210369697, 0.996415954534247], [118.0310774680898, 0.99640765515886], [118.03100880657763, 0.996346830131058], [118.03089303995246, 0.996292177419609], [118.03085181140885, 0.996235425213824], [118.03076540587949, 0.996059192942935], [118.03072759232992, 0.99599976028519], [118.03067557905266, 0.995859486041627], [118.03062697417033, 0.995683701378489], [118.03061797349243, 0.99563847514234], [118.03060897843348, 0.995611340531536], [118.03055495142063, 0.995367319563781], [118.03049204269902, 0.995258590574401], [118.03048723195305, 0.99524925409349], [118.03044150019062, 0.995160486522662], [118.03043808922338, 0.995150057771432], [118.03038413575402, 0.995041524963804], [118.03035877638084, 0.99501546651758], [118.03033513641789, 0.994958407523874], [118.03029422173739, 0.994887774382016], [118.03025477225896, 0.994803875089973], [118.03056186337851, 0.994803778563704], [118.03092327713193, 0.994772753573996], [118.03108388442155, 0.9946918579245], [118.03122322465269, 0.994587191142702], [118.03133422705305, 0.994513444624356], [118.03142628644875, 0.994294658097414], [118.0314781904262, 0.994083017733072], [118.03152303617111, 0.993966490870561], [118.03159381452227, 0.993678754839247], [118.03161030786488, 0.993543215364846], [118.03159370536721, 0.993326841165329], [118.03158659713276, 0.993257887181377], [118.03158185738147, 0.993207954889003], [118.03157711541927, 0.993150889070567], [118.0315558474961, 0.993127117932855], [118.03149202251373, 0.992984469255611], [118.03146838480123, 0.992934542896226], [118.03144474709002, 0.992884616535908], [118.0314234703276, 0.992832312194022], [118.03138093319359, 0.992725483660348], [118.03129818152688, 0.992542259583084], [118.03126505257525, 0.99235442374498], [118.03129091846532, 0.992246083888773], [118.0313268229275, 0.992110385444784], [118.03134762581911, 0.992016750242907], [118.03136651052927, 0.991973944059955], [118.03137122906791, 0.991952542902869], [118.03137830560892, 0.991919251191184], [118.0313877386805, 0.991869314446918], [118.03140761287709, 0.991820894124039], [118.03142785301674, 0.991726634036722], [118.0314467338845, 0.991674316186449], [118.03145853191062, 0.991629134085073], [118.03149628645006, 0.991498343330012], [118.03154347365691, 0.99131048231014], [118.03161662049226, 0.991044146172493], [118.03173932139217, 0.990606592593898], [118.03172981035559, 0.990404482310907], [118.0317155513822, 0.990128662819708], [118.03178161657384, 0.989878972323086], [118.03185477612855, 0.989650681096731], [118.03189217103875, 0.989495968842724], [118.03198194770818, 0.989206474809068], [118.03211906066637, 0.988725634433511], [118.03226922305039, 0.988247529081625], [118.0324353016322, 0.987757771406244], [118.03248721172932, 0.987565153622067], [118.03252258484758, 0.987370162869877], [118.03254146223536, 0.987303578912438], [118.03252953867796, 0.987288591925649], [118.0326642009958, 0.986845305222785], [118.03271833452216, 0.986673475844497], [118.03340514710047, 0.98422672789597], [118.03343616213363, 0.983968497542735], [118.0335708107053, 0.983479982038155], [118.03360673480482, 0.983407604394202], [118.03369656174719, 0.983280935117613], [118.0338043340395, 0.983063802200547], [118.03384021918879, 0.98286478330435], [118.03390300570456, 0.98247579412694], [118.03400162741424, 0.981724961615709], [118.0340105834312, 0.981625454976166], [118.03404296196081, 0.980852407621309], [118.0340702791393, 0.980511976552148], [118.03406535894214, 0.980195491611195], [118.03420658886328, 0.980056213789345], [118.03421416495492, 0.980048743218672], [118.03424438076048, 0.979800441881837], [118.03424409808919, 0.978878302743552], [118.03423578285904, 0.978382656765298], [118.03419163595989, 0.978381530691863]]]}},
{"type": "Feature", "properties": {"ba_code": "4520", "division": "06"}, "geometry": {"type": "MultiLineString", "coordinates": [[[118.03049240261124, 1.022564097111658], [118.0363964033745, 1.022562908523795], [118.03670316432857, 1.01027461628888], [118.03676521415176, 1.010151652242973], [118.03671580236403, 1.009355952001004], [118.03671094182998, 1.009200961091689], [118.0365982618934, 1.008942954154791], [118.03681632764969, 1.008486364638253], [118.03700701513714, 1.007707360161415], [118.03690323284904, 1.007124651540394], [118.03676455917386, 1.006741167785271], [118.03668736476882, 1.006527698143972], [118.03661154845067, 1.006070701654063], [118.03664268534835, 1.005740297620991], [118.03669285804402, 1.005564562475378], [118.03687571022269, 1.005342638704807], [118.03676762238331, 1.004555689040004], [118.03678544742776, 1.004085301979507], [118.03696515736058, 1.0040128782473], [118.03701889765456, 1.003442976011779], [118.03691993360034, 1.003090221575514], [118.0369648326001, 1.002981657713844], [118.03704083738958, 1.002868506762484], [118.03691068616875, 1.00200706019406], [118.03671289672265, 1.001995746305891], [118.03646369220581, 1.001944924074379], [118.03635342291199, 1.001968723399796], [118.0361287514073, 1.001950703335603], [118.03583246970285, 1.001997889162232], [118.03574230627416, 1.001887505742868], [118.0356453124957, 1.001732551313286], [118.03567454450871, 1.001570311943154], [118.03583203059024, 1.001435187270459], [118.03594889089446, 1.001543699673951], [118.036063677604, 1.001545111384162], [118.03629417085611, 1.001435122554609], [118.03638918755149, 1.001389781015476], [118.03648800923416, 1.001290245802773], [118.03645583690708, 1.001160884866655], [118.03649165298312, 1.001106064988869], [118.03657781587076, 1.001100255499176], [118.03672155648175, 1.000955477022356], [118.03661361753055, 1.000638908499752], [118.03640681153202, 1.000277142399185], [118.03642473654251, 1.000123358155431], [118.03666699222221, 1.000047485515309], [118.03672123846297, 0.999942347979801], [118.03695482260818, 0.999725174631968], [118.03686482584894, 0.999309096643535], [118.03717928673741, 0.999082851848965], [118.03736803701204, 0.999182295603462], [118.03751163287139, 0.998576181779348], [118.0376194581264, 0.998530918555176], [118.03756540513031, 0.998105783428116], [118.03750249879998, 0.998105803403943], [118.03735864770968, 0.997897795811967], [118.03747539723275, 0.997653522314885], [118.0374949246836, 0.997485614423576], [118.03763702317414, 0.997228318720598], [118.03775385767871, 0.997255419026163], [118.03792458637044, 0.997201090085885], [118.03806839771411, 0.997282456569809], [118.03836495882526, 0.997291408204286], [118.03848167424852, 0.996938585289373], [118.03854456353073, 0.996884290578257], [118.03830184848714, 0.996640131251266], [118.03830754204682, 0.996397922043183], [118.0384101518098, 0.996345376861864], [118.03838260619543, 0.996251136595932], [118.03856229592802, 0.996115392727277], [118.03865214786772, 0.9960701352693], [118.03875095525744, 0.995925371276674], [118.03888567792444, 0.995681092207675], [118.03928989967477, 0.995120125061662], [118.03956844195454, 0.994984349893982], [118.0399098592611, 0.994749051123346], [118.03984727091841, 0.993130778728214], [118.03983742321563, 0.993012282936995], [118.03986435756926, 0.992930862323159], [118.03992725810059, 0.992912750833253], [118.04002608805827, 0.9928403532451], [118.04009795256624, 0.992749872623507], [118.04009791016755, 0.992614185837656], [118.0398191759442, 0.992134847334085], [118.03992693883968, 0.991890576989071], [118.04001677372428, 0.991791044917186], [118.04008860153324, 0.991582969103513], [118.03984596349515, 0.991583045829159], [118.03983667783486, 0.990624195294792], [118.03983809514368, 0.990310333158734], [118.03986341208582, 0.989900523856328], [118.03989030422812, 0.989683416470919], [118.03981815524837, 0.988860272567172], [118.03985966515303, 0.988701295141096], [118.03990791415976, 0.988516504344492], [118.03992728521075, 0.9880903982347], [118.03992560884691, 0.987620965818139], [118.03988652730682, 0.98739322690679], [118.03994403897866, 0.987315891740322], [118.04034789667952, 0.987358504997312], [118.04112971510563, 0.987313029725629], [118.0414351912326, 0.98709583463063], [118.04165982470532, 0.986996260205632], [118.04169570346686, 0.986779150118602], [118.0419832288551, 0.986634326972425], [118.04219885316454, 0.986462389153799], [118.04236957835823, 0.986399014864292], [118.04256402262939, 0.986266111752743], [118.04316362461516, 0.985561355124096], [118.04356437557328, 0.985059862950403], [118.04362723088084, 0.984897019153496], [118.04399404111564, 0.984542338959132], [118.0446836494128, 0.984017057782568], [118.04491198284386, 0.983847304280448], [118.04528929444724, 0.983449171343209], [118.04541504713994, 0.983259170493697], [118.04554980379967, 0.98299516245652], [118.04592707814558, 0.982607713600147], [118.04609778887725, 0.98249911055875], [118.04652002452306, 0.982073826333819], [118.04671437400249, 0.981605929713563], [118.04689715575459, 0.981096764563455], [118.04736420022405, 0.980273452705435], [118.04756185917365, 0.980128658219171], [118.04993315735159, 0.980086619604999], [118.05024269970147, 0.980306657670462], [118.05073378676018, 0.980485103817669], [118.0514598263149, 0.980495265229991], [118.05172294745951, 0.980472200396019], [118.05201704818889, 0.980409935023217], [118.05229539612272, 0.980286354372008], [118.05248245084974, 0.980203305856448], [118.05262350225378, 0.980044234216648], [118.05207036272097, 0.979359080321567], [118.0514844168092, 0.979330190538105], [118.0510634253676, 0.978985582466853], [118.05099318043864, 0.978674091416447], [118.05081460593388, 0.97850502013479], [118.05051858124143, 0.978437490996272], [118.04987743130309, 0.977782226463255], [118.04936684029468, 0.977212814505445], [118.04916056906696, 0.976975882227229], [118.04898316431527, 0.976880668925312], [118.04818678002296, 0.977046797584448], [118.04760506854483, 0.977366801404363], [118.04712229972802, 0.977400180761747], [118.04631250164971, 0.977755586190497], [118.04608457734159, 0.977902041763719], [118.04603361817065, 0.977919157872657], [118.04589874018457, 0.978166249219476], [118.04582974918335, 0.978185211801916], [118.0455245975268, 0.978704384649265], [118.045207433926, 0.978728653552671], [118.04498094702996, 0.978926435343441], [118.0449663200304, 0.979148319181211], [118.04477532982216, 0.979296298306335], [118.04465782366978, 0.979473839492247], [118.0444761415562, 0.979473356459745], [118.04446702038439, 0.980228289823923], [118.04443439604644, 0.980345714222231], [118.0445993496969, 0.980464920105371], [118.0445258976816, 0.980538903234316], [118.044364269525, 0.980598121501336], [118.04257145811036, 0.980583892364385], [118.0425249464656, 0.977975229637783], [118.0425411171551, 0.977507168769343], [118.04258509755245, 0.977166939611868], [118.04276150810871, 0.977388763904238], [118.04288314712349, 0.977676434136105], [118.04298204875273, 0.977758494562195], [118.04346249873582, 0.977826542212409], [118.04374476596591, 0.977520260670266], [118.0438239868399, 0.977106857459113], [118.04375808442336, 0.976540280457141], [118.04426211309234, 0.976116462180448], [118.04443551623383, 0.976089428046943], [118.04444430725361, 0.976017859650364], [118.04439955039064, 0.975926590010814], [118.0444111127328, 0.975726397967859], [118.04455416633736, 0.975844474796284], [118.04476982353437, 0.975914451523107], [118.04543498652347, 0.976333786396978], [118.04608068503521, 0.976742415960746], [118.04625779582567, 0.976854499966186], [118.0466980689107, 0.976637263513055], [118.04660806368082, 0.976185003293368], [118.04676952210733, 0.975217055506984], [118.0465851206606, 0.975090296974707], [118.04477431368191, 0.974575429519299], [118.04471144417556, 0.974693044213473], [118.04472946742882, 0.974855862520817], [118.0448424837961, 0.975109095321943], [118.04477896055624, 0.975100006072896], [118.04473372361487, 0.975048794890171], [118.04463814388797, 0.974970674681395], [118.04440525222346, 0.975048897478393], [118.04427121539885, 0.975055012665179], [118.04391180682966, 0.975226994618969], [118.04384892056531, 0.975290334687127], [118.04378423025497, 0.975337647107765], [118.04319280565858, 0.974973937198836], [118.04316579870749, 0.974820167383982], [118.04289601886238, 0.974223230051227], [118.04303078913038, 0.974132730268851], [118.04337237219669, 0.974440180281748], [118.04339936243112, 0.974539675425395], [118.04350928876065, 0.974622354834613], [118.04372224289116, 0.974584779195243], [118.04385763130966, 0.974394800074996], [118.04411834828191, 0.974279505413], [118.04408842675328, 0.974081132736335], [118.04364178464404, 0.973843074971381], [118.04337219411445, 0.973861250536593], [118.04321944245369, 0.973924618577949], [118.04308460267475, 0.973788973900752], [118.04296771930184, 0.973599048938838], [118.04283287399075, 0.973445312668553], [118.04268896993018, 0.973056388914285], [118.042742872484, 0.973002097463556], [118.04325505500019, 0.972839114060689], [118.04335390965687, 0.972848129071904], [118.04349760806022, 0.972567665229017], [118.04354246849394, 0.972332461046867], [118.04353345418521, 0.972242006073943], [118.04363225326392, 0.972070105562613], [118.04363222826942, 0.971988693572947], [118.04348842710792, 0.9719344636333], [118.04349734978585, 0.971726407966763], [118.04347936006917, 0.97167213889266], [118.04356917541217, 0.971509286968028], [118.0434972332191, 0.971346485330795], [118.04338028350041, 0.97093946165642], [118.04330839403985, 0.970948529766613], [118.04315564244752, 0.971011897665112], [118.04307477476816, 0.971048105898794], [118.04284129412798, 0.97159997097726], [118.04284130799748, 0.971645199871964], [118.04281437059174, 0.971717574480739], [118.04280538683301, 0.971726623052156], [118.04252678766255, 0.971672434925632], [118.04235937347121, 0.971638738020305], [118.04219274394266, 0.97159377976576], [118.04195158018133, 0.971446468993751], [118.04196950891644, 0.971301730911497], [118.04229301858535, 0.971283538933247], [118.0423289453174, 0.971220207310971], [118.04229293268206, 0.971003119736119], [118.04224793907375, 0.970804126505221], [118.04222991338548, 0.970632262247276], [118.0421489902955, 0.970487554839665], [118.0420770316033, 0.970270478386269], [118.04201405669698, 0.970044353354202], [118.04187925043345, 0.970017257787704], [118.04185553326604, 0.969708987575622], [118.04180102708943, 0.969455625749878], [118.04178013312591, 0.969148893337916], [118.0416989560233, 0.968171973877685], [118.04176182857687, 0.968063405035516], [118.04179774707295, 0.967972936097481], [118.04173469787787, 0.967502574867174], [118.04180987982294, 0.967136468792114], [118.04188723432199, 0.966733636182938], [118.04187818714325, 0.966534631754671], [118.04138580115034, 0.964851624727653], [118.03934064288511, 0.964889918205512], [118.03953927165348, 0.96886505739099], [118.0388527377964, 0.968858461491096], [118.0394078024525, 0.969620330081061], [118.03946887493298, 0.971192185401227], [118.03955232939457, 0.971953777032332], [118.03952242902423, 0.973171537693273], [118.03944971107975, 0.97417590068856], [118.03943319985287, 0.974368643547806], [118.03955174918308, 0.974769067431984], [118.03940048334002, 0.974975117815559], [118.03917997532767, 0.975240205369401], [118.03859319649791, 0.975797142590962], [118.0380169811241, 0.97636859965428], [118.03770250702716, 0.976549613259336], [118.03737899916148, 0.976576851157637], [118.0371743321196, 0.976627077288822], [118.03722058990247, 0.977091257879072], [118.0342629275638, 0.980000654136776], [118.03420658886328, 0.980056213789345], [118.03406535894186, 0.980195490706615], [118.0340702791393, 0.980511976552148], [118.03403380229288, 0.981503302249188], [118.03385876279572, 0.982969263811568], [118.0335708107053, 0.983479982038155], [118.03355523478686, 0.983692045007339], [118.03340514710047, 0.98422672789597], [118.03338238458063, 0.984429850435953], [118.03331954526769, 0.984646969394636], [118.03248721172903, 0.987565152717488], [118.0324353016322, 0.987757771406244], [118.03178161657384, 0.989878972323086], [118.03173932139217, 0.990606592593898], [118.03134762581911, 0.992016750242907], [118.03126505257525, 0.99235442374498], [118.03129818152688, 0.992542259583084], [118.03142347032731, 0.992832311289442], [118.03154601788715, 0.993028433030191], [118.03163872851175, 0.993501204923284], [118.03142628644846, 0.994294657192834], [118.03133422705277, 0.994513443719776], [118.03092327713193, 0.994772753573996], [118.03025477225896, 0.994803875089973], [118.03060897843348, 0.995611340531536], [118.03067557905266, 0.995859486041627], [118.0307636495257, 0.996008848117743], [118.03085181140885, 0.996235425213824], [118.03100880657763, 0.996346830131058], [118.03112103696941, 0.99641595362965], [118.03084504930796, 0.996993785787759], [118.03109488666925, 0.997637449555143], [118.03081077767095, 0.998543491803797], [118.0309515626154, 0.999121008023096], [118.03097900545612, 0.999617783614936], [118.0309417805474, 0.999890069812798], [118.03103293050745, 1.000222013263408], [118.03105985950256, 1.00058639538961], [118.03096749549212, 1.00116425301202], [118.03090098481363, 1.001525071723811], [118.03087049820442, 1.002038781315145], [118.03112340500016, 1.002630728778386], [118.03114920115131, 1.002725415776521], [118.03106932787294, 1.002966866585345], [118.03079105178541, 1.003119308013711], [118.0306922382468, 1.003245980725717], [118.03068435253675, 1.003323761840678], [118.03069641821438, 1.003559819360708], [118.03078137796668, 1.00374902448347], [118.0307737774555, 1.004243819285346], [118.03092060683592, 1.004616656438188], [118.03117523372808, 1.005008915026643], [118.0312299480742, 1.005272431072014], [118.03112228304606, 1.006118796864946], [118.03116510192055, 1.006691498899739], [118.03115681780405, 1.007059763760827], [118.03113635096335, 1.007969584435659], [118.03108028978473, 1.008424818301839], [118.03111656744191, 1.009476078386888], [118.03090099071885, 1.009804128433514], [118.03092040849874, 1.00992766541306], [118.0309820475011, 1.010364942893269], [118.03105412629574, 1.010952897624725], [118.03091938327951, 1.01113385692891], [118.03078679640782, 1.011472267867735], [118.03074914481917, 1.011651320052377], [118.03079161865398, 1.011677292376082], [118.03080287912512, 1.012156070954719], [118.03088262635693, 1.012253960928132], [118.03098265549883, 1.012291700610437], [118.03105343345617, 1.01226542701378], [118.03107676732216, 1.012256765418104], [118.03120730524635, 1.012237353842235], [118.03128824248522, 1.012418244152187], [118.03127418139903, 1.012555907804159], [118.03119844147207, 1.012626326557222], [118.03109123421969, 1.012885772139584], [118.03097389747612, 1.013015368352721], [118.03088404212993, 1.013051580375748], [118.03078417353954, 1.013510494651672], [118.03056172411942, 1.015588428911612], [118.03039838130208, 1.01711424768634], [118.03043092520471, 1.019000664639708], [118.03049240261124, 1.022564097111658]]]}},
{"type": "Feature", "properties": {"ba_code": "4520", "division": "04"}, "geometry": {"type": "MultiLineString", "coordinates": [[[118.09421178997471, 0.996207758449285], [118.09417781139574, 0.996126275044815], [118.09416194945064, 0.996088237154993], [118.09234548247399, 0.992425362738797], [118.09488808223428, 0.990713032810924], [118.09549003992348, 0.990307640190774], [118.09488767984541, 0.989486549371134], [118.093566085246, 0.987685047366394], [118.09345970858763, 0.987440850613213], [118.09212718006259, 0.984381901908517], [118.09108397739752, 0.981987117604791], [118.0921262378408, 0.98148174191483], [118.09488463115467, 0.980144237156678], [118.0949295560927, 0.980122453171493], [118.09488428336029, 0.979072799254665], [118.09498218437967, 0.976142360884461], [118.09659042864826, 0.975155860774559], [118.097641813215, 0.975087292897815], [118.09813046758056, 0.975087822663657], [118.09815299947125, 0.971880835200854], [118.09813885377588, 0.969202734233998], [118.09700412291213, 0.969211067246893], [118.09694794548, 0.969149452329972], [118.09678494161112, 0.969034456939432], [118.09685643500468, 0.96882942099922], [118.096327794986, 0.968209013849045], [118.09595330883961, 0.967666128813888], [118.09584863657822, 0.96740020073588], [118.09575501264685, 0.967256167862691], [118.09544678713374, 0.967356004171651], [118.09541933745406, 0.967583189419149], [118.09519369731748, 0.967732866529217], [118.0949404395251, 0.967588885482585], [118.09504071988923, 0.963560849480271], [118.09212039724459, 0.963309493185895], [118.09060164868437, 0.963145211069037], [118.08936147878734, 0.962986201661694], [118.08660254870301, 0.962632458729805], [118.08602739691167, 0.962558713948056], [118.08384362198424, 0.962295477218249], [118.08384580600936, 0.969189880772557], [118.08290565976196, 0.969190183480931], [118.08108766272903, 0.971347240694683], [118.07994681712005, 0.972700854661808], [118.07832985153651, 0.97456346087029], [118.07663203604896, 0.976519197900672], [118.07557204178889, 0.97779796228309], [118.07513950376034, 0.978319769998612], [118.07349696642295, 0.980301305369689], [118.07557283123026, 0.980275090736397], [118.077172414376, 0.980254888881502], [118.07833166865395, 0.980260123452876], [118.0809107831789, 0.980271767671454], [118.08109051303545, 0.980274770322574], [118.08384936502708, 0.980320852155054], [118.08569159381858, 0.980351621736323], [118.08660821659693, 0.98037323281366], [118.08909747514167, 0.980431919154588], [118.08744591740948, 0.98643876942818], [118.08714506107165, 0.987442935325355], [118.08661108337984, 0.989225187271453], [118.08646745611351, 0.989704570844451], [118.08600120975758, 0.992924976441995], [118.08610086782804, 0.995394406193601], [118.08661338650582, 0.996279700383844], [118.08678151520745, 0.996570114821588], [118.08937380176242, 1.001047855465579], [118.08988632328007, 1.001933146274243], [118.09213388332599, 1.004772847147996], [118.09248450313048, 1.005215839335733], [118.0948930306339, 1.005673427012965], [118.09502079559398, 1.005694402281267], [118.09563252313602, 1.005779515757526], [118.09564087973521, 1.004755320631237], [118.09553362757168, 1.003965902899972], [118.09565810949162, 1.002643885839033], [118.0955330303182, 1.002170070350932], [118.09539530132867, 1.00069003398145], [118.09546682012734, 1.000302878112626], [118.09533620359711, 0.999841474031234], [118.09532449525528, 0.998876115532945], [118.09489042875288, 0.997835191205183], [118.09436183861568, 0.996567588514481], [118.09421178997471, 0.996207758449285]]]}}
]
}
