{
"type": "FeatureCollection",
"features": [
{"type": "Feature", "properties": {"ba_code": "4523", "blockid": "4523L37P08", "division": "02"}, "geometry": {"type": "MultiPolygon", "coordinates": [[[[117.64488554200011, 1.256463086000053], [117.64623377900011, 1.256417517000045], [117.64757303600004, 1.256408137000051], [117.64754584400009, 1.255485381000028], [117.64754545100004, 1.25388411800003], [117.64753613100004, 1.252536163000059], [117.64755378200005, 1.251206295000031], [117.6475357160001, 1.250844432000065], [117.6475552170001, 1.250415469000075], [117.647628101, 1.247397032000038], [117.64722561300005, 1.247342790000062], [117.64715734900005, 1.247334411000054], [117.64485984100008, 1.247338434000028], [117.64491074900002, 1.249270958000068], [117.6449202120001, 1.251215995000052], [117.64487639700008, 1.254837551000037], [117.64488136800003, 1.255094436000036], [117.64488554200011, 1.256463086000053]]]]}},
{"type": "Feature", "properties": {"ba_code": "4523", "blockid": "4523M28P07", "division": "01"}, "geometry": {"type": "MultiPolygon", "coordinates": [[[[117.62002991200006, 1.247278588000029], [117.62152494200006, 1.24728058200003], [117.62276173200007, 1.247297987000024], [117.62277312000003, 1.245870272000047], [117.62276240000006, 1.244436333000067], [117.62276174300007, 1.241631846000075], [117.62278813900002, 1.239198268000052], [117.62278304800009, 1.238200745000029], [117.62109492600007, 1.238195244000053], [117.62002813100003, 1.238207294000063], [117.62004903400009, 1.239280562000033], [117.62004926300006, 1.240265846000057], [117.62006525600009, 1.241659624000022], [117.62006564400008, 1.243324223000059], [117.62005706600007, 1.24507929300006], [117.62002991200006, 1.247278588000029]]]]}},
{"type": "Feature", "properties": {"ba_code": "4523", "blockid": "4523M31P07", "division": "01"}, "geometry": {"type": "MultiPolygon", "coordinates": [[[[117.62836220400004, 1.24732343200003], [117.62992055200004, 1.247319041000026], [117.63127936, 1.24728858900005], [117.63128114900007, 1.246421007000038], [117.63123813300001, 1.243402979000052], [117.63119254300011, 1.240670881000028], [117.63121019900007, 1.239313869000057], [117.63120790000005, 1.238532113000076], [117.63130734000003, 1.238338976000023], [117.63132151500008, 1.23818162200007], [117.628351156, 1.238196636000055], [117.6283610370001, 1.239848308000035], [117.6283794420001, 1.241666695000049], [117.62840662500003, 1.24258945400004], [117.62838914500003, 1.244688298000028], [117.62836016300002, 1.246243008000022], [117.62836220400004, 1.24732343200003]]]]}},
{"type": "Feature", "properties": {"ba_code": "4523", "blockid": "4523O35P07", "division": "02"}, "geometry": {"type": "MultiPolygon", "coordinates": [[[[117.64207581100004, 1.229055792000054], [117.64209054500009, 1.228862389000028], [117.64208674300005, 1.226693672000067], [117.64086162500007, 1.22685761300005], [117.63932940200004, 1.22705303500004], [117.63934940000001, 1.228274588000033], [117.63934465000011, 1.229016780000052], [117.6393380940001, 1.229072983000037], [117.64033825900003, 1.229081007000048], [117.6409869690001, 1.229079197000033], [117.64207581100004, 1.229055792000054]]]]}},
{"type": "Feature", "properties": {"ba_code": "4523", "blockid": "4523O33P08", "division": "02"}, "geometry": {"type": "MultiPolygon", "coordinates": [[[[117.63655672000004, 1.227792113000021], [117.63466268500008, 1.228312853000034], [117.63379874400005, 1.228573203000053], [117.63382471000011, 1.229082335000044], [117.63564847200007, 1.229069759000026], [117.63652010400006, 1.229089122000062], [117.63651620200005, 1.228204635000054], [117.63655672000004, 1.227792113000021]]]]}},
{"type": "Feature", "properties": {"ba_code": "4523", "blockid": "4523M35P07", "division": "02"}, "geometry": {"type": "MultiPolygon", "coordinates": [[[[117.63934327700008, 1.247325138000065], [117.64097973300011, 1.247332973000027], [117.6421088840001, 1.247324460000073], [117.64211265200004, 1.245990319000043], [117.6420871140001, 1.243870775000062], [117.64208650100011, 1.24132865200005], [117.64207676500007, 1.238225637000028], [117.64069525100001, 1.238228768000056], [117.6393451780001, 1.238216743000066], [117.63937185400005, 1.240551298000071], [117.6393904150001, 1.242984857000067], [117.63937310100005, 1.245735059000026], [117.63934327700008, 1.247325138000065]]]]}},
{"type": "Feature", "properties": {"ba_code": "4523", "blockid": "4523M38P07", "division": "02"}, "geometry": {"type": "MultiPolygon", "coordinates": [[[[117.64876407000008, 1.247477888000049], [117.6487497920001, 1.24720375000004], [117.648759229, 1.247053566000034], [117.64880064300007, 1.246917678000045], [117.64877927300006, 1.24669598600002], [117.64876977900008, 1.246613746000037], [117.64875672800008, 1.246511245000022], [117.64862177300006, 1.244610995000073], [117.64866670600009, 1.244574797000041], [117.64866669700007, 1.244538610000063], [117.64866669000003, 1.24451147000002], [117.64834157700011, 1.238206009000066], [117.64833429400005, 1.238163160000056], [117.6476557420001, 1.238185973000043], [117.64764747900006, 1.238295631000028], [117.64765749000003, 1.240507828000034], [117.64765100500006, 1.24305614900004], [117.64765966100003, 1.244557964000023], [117.64765848600007, 1.244597297000041], [117.64765969000007, 1.24467596300002], [117.6476496900001, 1.247372083000073], [117.64829982100002, 1.24734331600007], [117.64842299000009, 1.24738381100002], [117.64876407000008, 1.247477888000049]]]]}},
{"type": "Feature", "properties": {"ba_code": "4523", "blockid": "4523N30P07", "division": "01"}, "geometry": {"type": "MultiPolygon", "coordinates": [[[[117.6282423670001, 1.232095293000043], [117.62828848000004, 1.230664923000063], [117.62815206000005, 1.230782093000073], [117.62779092800008, 1.231000298000026], [117.62678374500001, 1.231497364000063], [117.62587287500003, 1.231990368000027], [117.62582874000009, 1.232030771000041], [117.62551179500008, 1.232430731000022], [117.62554617900003, 1.233353427000054], [117.62557630100002, 1.234151872000041], [117.62557423100009, 1.234152011000049], [117.62557427700006, 1.234348803000046], [117.6255821090001, 1.234377681000069], [117.6255644260001, 1.234511404000045], [117.62559185300006, 1.236483584000041], [117.62561920500002, 1.238139129000047], [117.62690453100004, 1.238138824000032], [117.62824378200003, 1.238120411000068], [117.62823454900001, 1.237080040000023], [117.62819824900009, 1.235605433000046], [117.62820461600006, 1.234996026000033], [117.62821033600005, 1.234989575000043], [117.62821030400005, 1.234851091000053], [117.62820620200011, 1.234844215000066], [117.62820704, 1.234764085000052], [117.6282423670001, 1.232095293000043]]]]}},
{"type": "Feature", "properties": {"ba_code": "4523", "blockid": "4523O22P11", "division": "03"}, "geometry": {"type": "MultiPolygon", "coordinates": [[[[117.60410382900011, 1.234390314000052], [117.60410932800005, 1.234389742000076], [117.60411673600004, 1.234390785000073], [117.60442083900011, 1.234478161000027], [117.60491434500011, 1.234211918000028], [117.605435456, 1.233922384000039], [117.60543816200004, 1.233921072000044], [117.60544848100005, 1.233919004000029], [117.60560128200007, 1.233918969000058], [117.60561160200007, 1.233921032000069], [117.60562035100008, 1.233926914000051], [117.60562252000011, 1.233929377000038], [117.60577929500005, 1.234130909000044], [117.60619400600001, 1.234267100000068], [117.60618261400009, 1.232976710000059], [117.60617582100008, 1.232977806000065], [117.6060574500001, 1.232968878000065], [117.60605533900002, 1.232968372000073], [117.6060520630001, 1.23296791100006], [117.605989141, 1.232949832000031], [117.60598622900011, 1.232948811000028], [117.60598559900006, 1.232948387000022], [117.60598495500005, 1.232948241000031], [117.60579618000008, 1.232857816000035], [117.6057955230001, 1.232857349000028], [117.60579281600008, 1.232855895000057], [117.60565797000004, 1.232765459000063], [117.60565760500003, 1.232765157000074], [117.6056572550001, 1.232764962000033], [117.60559432600007, 1.232719742000029], [117.60559403100001, 1.232719490000022], [117.60559382000008, 1.232719370000041], [117.60555786100008, 1.232692238000027], [117.60555497200005, 1.232689717000028], [117.60554992000004, 1.232682665000027], [117.60554288500009, 1.232668512000032], [117.60551900900009, 1.23264449200002], [117.60551458900011, 1.232638636000047], [117.60532143000012, 1.23229417400006], [117.60524034900004, 1.232261553000058], [117.60523932000001, 1.232260870000061], [117.60523830400007, 1.232260629000052], [117.60522032600011, 1.232251586000075], [117.6052133170001, 1.232246504000045], [117.60507846100006, 1.232110833000036], [117.60507824800004, 1.23211051200002], [117.60507795300009, 1.232110308000074], [117.60491769500004, 1.231940124000062], [117.60484862800001, 1.231888011000024], [117.60468888700007, 1.231789807000041], [117.60464167000009, 1.231766058000062], [117.60450422200006, 1.231766090000065], [117.60448624600008, 1.231766094000022], [117.60447592600008, 1.231764030000022], [117.60447006600009, 1.231760670000028], [117.6044341060001, 1.231733537000025], [117.60443121800006, 1.231731017000072], [117.6044222270001, 1.231721972000059], [117.60441992100004, 1.231719329000043], [117.60433749700007, 1.231611532000045], [117.60433387100011, 1.231610941000042], [117.6042840880001, 1.231594252000036], [117.60423565600001, 1.231594263000034], [117.60412891600004, 1.231603240000027], [117.60412667700007, 1.231603334000056], [117.60412506000011, 1.231603011000061], [117.6038646070001, 1.23153221900003], [117.60371955800008, 1.232103453000036], [117.603745978, 1.232209717000046], [117.6037855840001, 1.232262843000058], [117.60392321200004, 1.232460870000068], [117.60393083300005, 1.23258161900003], [117.60406283300006, 1.232674576000022], [117.60424761200011, 1.232714385000065], [117.60436203000006, 1.233005982000066], [117.60435331800011, 1.233258994000039], [117.60453808600005, 1.233245668000052], [117.60480206800003, 1.233351877000075], [117.60456462900004, 1.233896565000066], [117.60424786100009, 1.23381693500005], [117.60415546400009, 1.233763821000025], [117.604010248, 1.233591166000053], [117.60357466900007, 1.233378725000023], [117.60353400100007, 1.234055143000035], [117.60348169600002, 1.234590356000069], [117.60348878200011, 1.234591570000021], [117.60357605500008, 1.234622390000027], [117.60387974600008, 1.234438896000029], [117.6038833, 1.234437093000054], [117.60388811900009, 1.234435597000072], [117.60410382900011, 1.234390314000052]]], [[[117.60595131700006, 1.231666245000042], [117.60580746500011, 1.231494389000034], [117.60576248300003, 1.231313464000038], [117.6056096430001, 1.231141611000055], [117.60532198700002, 1.231005975000073], [117.6049713760001, 1.230707512000038], [117.60481851500003, 1.230445190000069], [117.60453983500008, 1.230255272000022], [117.60446785400006, 1.22992055800006], [117.60439590400006, 1.229730592000067], [117.60424483000008, 1.229649540000025], [117.60427332600011, 1.229685686000039], [117.60410185800004, 1.230150656000035], [117.60418130900007, 1.231319607000046], [117.60413594300007, 1.231548179000072], [117.6042322830001, 1.231540076000044], [117.60423452200007, 1.231539982000072], [117.6042884520001, 1.231539970000028], [117.60429697900008, 1.231541361000041], [117.60434676200009, 1.231558050000046], [117.60435137400009, 1.231558049000057], [117.60436169400009, 1.231560113000057], [117.60437044300011, 1.23156599400005], [117.60437275000004, 1.231568637000066], [117.60446159100002, 1.231684827000038], [117.60446798800001, 1.231691263000073], [117.60449522200008, 1.231711811000025], [117.60450421000007, 1.231711809000046], [117.6046480230001, 1.231711776000054], [117.6046583430001, 1.231713840000054], [117.60465923000004, 1.231714436000061], [117.60466008300011, 1.231714639000074], [117.60471401900008, 1.231741767000074], [117.6047144480001, 1.231742078000025], [117.60471602100006, 1.231742883000038], [117.60487783300005, 1.23184236100002], [117.60487888800003, 1.231843197000046], [117.60487995100004, 1.231843806000029], [117.60495187000004, 1.231898070000057], [117.60495475900007, 1.231900591000056], [117.60495497200009, 1.231900912000071], [117.60495526700004, 1.231901116000074], [117.605116844, 1.232072702000039], [117.60524834700004, 1.232204999000032], [117.60526140800005, 1.232211569000071], [117.60535025800004, 1.232247316000041], [117.60535039600006, 1.232247408000035], [117.60535056300012, 1.232247441000027], [117.60535931200002, 1.23225332200002], [117.60536373200011, 1.232259178000049], [117.60555974200008, 1.232608724000045], [117.60558410500005, 1.232633235000037], [117.60558915800004, 1.232640287000038], [117.6055953020001, 1.232652649000045], [117.6056259180001, 1.232675749000066], [117.6056882370001, 1.232720530000051], [117.60582110700011, 1.232809642000063], [117.60600610300003, 1.232898257000045], [117.60606422300009, 1.232914956000059], [117.60617985200008, 1.23292367800002], [117.60618215000011, 1.232924228000059], [117.60617615600006, 1.232245186000057], [117.60617605700008, 1.231810941000049], [117.60595131700006, 1.231666245000042]]], [[[117.60573660700004, 1.236126348000028], [117.60588940200012, 1.236099173000071], [117.60615906800001, 1.236171485000057], [117.60618580100004, 1.23514919400003], [117.60619460500004, 1.234334984000043], [117.60619451100001, 1.234324363000042], [117.60575476100007, 1.234179949000065], [117.60575395800004, 1.234179454000071], [117.6057528120001, 1.234179224000059], [117.6057440620001, 1.234173343000066], [117.60574189400006, 1.234170879000033], [117.60558815700006, 1.233973252000055], [117.60545543800004, 1.233973283000068], [117.60494026200001, 1.234259520000023], [117.6049400390001, 1.234259628000075], [117.60493996900004, 1.234259681000026], [117.60443668500011, 1.23453119900006], [117.60443427100006, 1.234532350000052], [117.60442395200005, 1.234534418000067], [117.60441654400006, 1.234533376000059], [117.60410832900004, 1.234444818000043], [117.60390359400003, 1.234487797000043], [117.60359295500007, 1.23467548900004], [117.60358940100002, 1.234677291000025], [117.60357908300011, 1.23467936000003], [117.603570149, 1.23467782900002], [117.60347638300004, 1.234644716000048], [117.60347122700011, 1.234697478000044], [117.60348027700002, 1.234968879000064], [117.60385785300002, 1.235267336000049], [117.60414551600002, 1.235430112000074], [117.60453208800004, 1.235755707000067], [117.60497258100008, 1.236045102000048], [117.60524226300004, 1.236189789000036], [117.60552988100005, 1.236153536000074], [117.60573660700004, 1.236126348000028]]]]}},
{"type": "Feature", "properties": {"ba_code": "4523", "blockid": "4523M37P07", "division": "02"}, "geometry": {"type": "MultiPolygon", "coordinates": [[[[117.64485975700006, 1.247300152000037], [117.64714589900007, 1.247291350000069], [117.64724684300006, 1.247307800000044], [117.64762060600003, 1.247365370000068], [117.64760611600002, 1.244683619000057], [117.64759672800005, 1.24304617100006], [117.64759611400007, 1.240522145000057], [117.64763474000006, 1.23819157500003], [117.6448711920001, 1.238208728000075], [117.64486360700005, 1.240215229000057], [117.64488184900006, 1.241309874000024], [117.64488259500001, 1.244385750000049], [117.64485975700006, 1.247300152000037]]]]}},
{"type": "Feature", "properties": {"ba_code": "4523", "blockid": "4523K33P10", "division": "02"}, "geometry": {"type": "MultiPolygon", "coordinates": [[[[117.63663174200008, 1.260111520000066], [117.63657857200008, 1.259426905000055], [117.63658278600008, 1.258586679000075], [117.63659597800006, 1.258346611000036], [117.63657343500006, 1.25645277600006], [117.63505842200004, 1.256462038000052], [117.63485082700004, 1.256466535000072], [117.63387909500011, 1.256457881000074], [117.6339109910001, 1.257298087000038], [117.63401028400006, 1.259044078000045], [117.63396543400006, 1.259424051000053], [117.63397453400012, 1.259885431000043], [117.6339835230001, 1.259885429000065], [117.63426223800002, 1.260201996000035], [117.63466677800011, 1.26046425100003], [117.63490050100006, 1.260572754000066], [117.63498875000005, 1.260592053000039], [117.63543924600003, 1.26045412700006], [117.63553198800003, 1.260396311000022], [117.63552755500007, 1.260329628000022], [117.63549662300011, 1.260271842000066], [117.63547453300009, 1.260254065000026], [117.63529782600006, 1.260134076000043], [117.63514319600006, 1.259982962000038], [117.63513435100003, 1.259938508000062], [117.63516525400007, 1.259871816000043], [117.63526683700002, 1.259845117000054], [117.63551154000004, 1.259876008000049], [117.63558345800004, 1.259921223000049], [117.6357272780001, 1.259948328000064], [117.63604422700007, 1.259867155000052], [117.63627832300006, 1.259853760000055], [117.6364193610001, 1.259866738000028], [117.63651687000004, 1.259982625000021], [117.63663174200008, 1.260111520000066]]]]}},
{"type": "Feature", "properties": {"ba_code": "4523", "blockid": "4523K37P10", "division": "02"}, "geometry": {"type": "MultiPolygon", "coordinates": [[[[117.64762747200007, 1.263437363000037], [117.64759323100009, 1.262731054000028], [117.64761944700001, 1.262360846000036], [117.6476100540001, 1.260723398000039], [117.64760967000007, 1.259167368000021], [117.6475736540001, 1.25891407000006], [117.64763640900003, 1.258253646000071], [117.64759129800007, 1.257566108000049], [117.64757135800005, 1.256926227000065], [117.64758566700004, 1.25658689200003], [117.64759850500002, 1.256497630000069], [117.64760189700007, 1.256435912000029], [117.64626310500012, 1.256449961000044], [117.64485618900005, 1.256494884000062], [117.64487690500005, 1.257892466000044], [117.64485013800004, 1.25869762800005], [117.6448296310001, 1.259327019000068], [117.64472752300003, 1.259693919000028], [117.64474119500005, 1.259879066000053], [117.64481620000004, 1.260122487000046], [117.64486744600003, 1.260719073000075], [117.64487132700003, 1.262646017000066], [117.64486459200009, 1.262961462000021], [117.64514734200009, 1.26296824800005], [117.64648955100006, 1.262981628000034], [117.64685419400007, 1.263530133000074], [117.64751070000011, 1.263450664000061], [117.64762747200007, 1.263437363000037]]]]}},
{"type": "Feature", "properties": {"ba_code": "4523", "blockid": "4523O37P10", "division": "02"}, "geometry": {"type": "MultiPolygon", "coordinates": [[[[117.64757240600011, 1.225980823000043], [117.64629947000003, 1.22610161700004], [117.64484845900006, 1.226325306000035], [117.64485760500008, 1.227941557000065], [117.6448781250001, 1.228285373000062], [117.64486660900002, 1.228964201000053], [117.64487538700007, 1.229043543000046], [117.64758190400005, 1.229054638000036], [117.64760214600005, 1.228240630000073], [117.64757835500006, 1.226439250000055], [117.64757240600011, 1.225980823000043]]]]}},
{"type": "Feature", "properties": {"ba_code": "4523", "blockid": "4523M27P07", "division": "01"}, "geometry": {"type": "MultiPolygon", "coordinates": [[[[117.6172461320001, 1.238251786000035], [117.617268351, 1.238324116000058], [117.61725747800006, 1.238732559000027], [117.61721550100003, 1.239679058000036], [117.61723376700002, 1.240927504000069], [117.61724290600011, 1.241578868000033], [117.61718903500002, 1.241832189000036], [117.61719807600002, 1.24205835600003], [117.61718031300006, 1.242981128000054], [117.61724335100007, 1.243496777000075], [117.61716266000008, 1.244374330000028], [117.617198744, 1.244935220000059], [117.61723476400005, 1.245224707000034], [117.617145047, 1.24593942100006], [117.6172080880001, 1.246464117000073], [117.61716521400001, 1.247165858000074], [117.61718130600002, 1.247251190000043], [117.61787341900003, 1.247296260000041], [117.61832284000002, 1.24731424700002], [117.61930428800008, 1.247298335000039], [117.620021629, 1.247286705000022], [117.62003010100011, 1.245079299000054], [117.62003866900011, 1.243280283000047], [117.62003828500008, 1.241630659000066], [117.62003610800002, 1.239186489000076], [117.62001790000011, 1.238328671000033], [117.62001051800007, 1.238185689000034], [117.61824239200007, 1.238171695000062], [117.61753777400008, 1.238164008000069], [117.6172343290001, 1.238213361000021], [117.6172461320001, 1.238251786000035]]]]}},
{"type": "Feature", "properties": {"ba_code": "4523", "blockid": "4523M19P16", "division": "04"}, "geometry": {"type": "MultiPolygon", "coordinates": [[[[117.59471982000002, 1.247176667000076], [117.59475653900006, 1.247058308000021], [117.5947573630001, 1.247056017000034], [117.59475860300006, 1.247053407000067], [117.5948125110001, 1.246953880000035], [117.59481276600002, 1.246953537000024], [117.59481319300005, 1.246952694000072], [117.59491438100008, 1.246786440000051], [117.59498467600008, 1.246665837000023], [117.59503688300003, 1.246519773000045], [117.5951341870001, 1.246243047000064], [117.59513454300009, 1.246242479000045], [117.5951346920001, 1.246241721000047], [117.59513648200004, 1.246238143000028], [117.59513913500007, 1.246233691000043], [117.59514291900007, 1.246223104000023], [117.59517260500002, 1.246177516000046], [117.59524430200008, 1.246057183000062], [117.59524835600007, 1.246051955000041], [117.595257102, 1.246046070000034], [117.59525836500006, 1.246045816000048], [117.59526016900008, 1.246043047000057], [117.59559738700011, 1.246078386000022], [117.59603131300003, 1.245865793000064], [117.5961427100001, 1.245738861000063], [117.59614270800012, 1.245729385000061], [117.59617383400007, 1.24570699700007], [117.59617900900002, 1.245693446000075], [117.5961825060001, 1.24569458700006], [117.59635079000009, 1.24548525900002], [117.59633720500005, 1.245396517000074], [117.59633689000009, 1.245392390000063], [117.59633699100004, 1.245390039000029], [117.59635492100006, 1.245181959000035], [117.59635687100001, 1.245173923000038], [117.59635746300012, 1.245173030000046], [117.59635766500003, 1.245172172000025], [117.5963756330001, 1.245135981000033], [117.59637641800009, 1.245134884000038], [117.59637789100009, 1.245132227000056], [117.59649429900003, 1.244969922000053], [117.59659276100001, 1.244816687000025], [117.5965963320001, 1.244812240000044], [117.59659855400002, 1.244810237000024], [117.59673335500008, 1.244701645000021], [117.5967355470001, 1.244700341000055], [117.596737415, 1.244698941000024], [117.59684832900007, 1.24463879700005], [117.5968625700001, 1.24461728600005], [117.59686593800006, 1.244613149000031], [117.5968746850001, 1.244607264000024], [117.596884283, 1.244605340000021], [117.59687311300002, 1.244563122000045], [117.59689123200008, 1.244542501000069], [117.59688280800003, 1.244536839000034], [117.59687846200006, 1.24453111400004], [117.59670908100009, 1.244232928000031], [117.59668202500006, 1.244235888000048], [117.59668056900011, 1.244235968000055], [117.59668034100002, 1.244236019000027], [117.59657315600009, 1.244240947000037], [117.59657258000004, 1.244240845000036], [117.59657193200007, 1.244240975000025], [117.59656339600008, 1.244239581000045], [117.5964377890001, 1.244197424000049], [117.59610422900005, 1.24410602200004], [117.59603515300012, 1.244106038000041], [117.59603105200006, 1.244105723000075], [117.595893982, 1.244084530000066], [117.59571705400003, 1.244170921000034], [117.59571633200005, 1.24417108800003], [117.59571560900008, 1.244171574000063], [117.59570529100006, 1.244173643000067], [117.59569497100006, 1.244171579000067], [117.59569064100003, 1.244169292000038], [117.59563380400004, 1.244132294000053], [117.595593699, 1.244088279000039], [117.5955696640001, 1.24407263400002], [117.59557316100006, 1.244072369000037], [117.59549693500003, 1.243928595000057], [117.59549581500005, 1.243926210000041], [117.5954947240001, 1.243923008000024], [117.59541715300008, 1.243638844000031], [117.59529616200007, 1.243406487000073], [117.5951068710001, 1.24312644400004], [117.59510623200003, 1.243125253000073], [117.59510570200007, 1.24312455200004], [117.5949379010001, 1.242826334000029], [117.59493645400005, 1.242823352000073], [117.59493440000006, 1.242812966000031], [117.59493645000009, 1.242802579000056], [117.59494229300003, 1.242793773000074], [117.59495104000007, 1.242787888000066], [117.59496135900008, 1.242785819000062], [117.59497167800009, 1.242787883000062], [117.5949804280001, 1.242793764000055], [117.59498482800007, 1.242799585000057], [117.59515208300002, 1.243096833000038], [117.59534162200009, 1.243377242000065], [117.59534261800002, 1.243379098000048], [117.59534321100011, 1.243379910000044], [117.5954662690001, 1.243616236000037], [117.59546729500005, 1.243618443000059], [117.5954683870001, 1.243621644000029], [117.59554593000007, 1.243905710000035], [117.59563072500009, 1.24406564700007], [117.595707177, 1.244115413000031], [117.59587800200006, 1.24403200200004], [117.59587872400004, 1.244031835000044], [117.59587944700002, 1.244031349000068], [117.59588976600003, 1.244029280000063], [117.5958938660001, 1.244029595000029], [117.59603720200005, 1.244051757000022], [117.5961078250001, 1.244051741000021], [117.59611491500004, 1.244052694000061], [117.59645268500003, 1.244145249000042], [117.5964538180001, 1.244145639000067], [117.59645413200008, 1.244145690000039], [117.59657570200011, 1.244186493000029], [117.59666052800003, 1.244182592000072], [117.59653708200005, 1.244070819000058], [117.59653669500005, 1.244070269000076], [117.59653605300002, 1.24406983700004], [117.59653278400003, 1.244065854000041], [117.59640414500007, 1.243874549000054], [117.59640156700004, 1.243869729000039], [117.5964013580001, 1.243868676000034], [117.59640089700008, 1.243867926000064], [117.5963617330001, 1.243749757000046], [117.59636163900007, 1.24374917800003], [117.59636106000005, 1.243747368000072], [117.59627711200005, 1.243387229000064], [117.59627639900009, 1.243381036000073], [117.59627717400008, 1.243374570000071], [117.59634979200007, 1.243076298000062], [117.59635106700011, 1.243072377000033], [117.59635110500005, 1.243072320000067], [117.59635111900002, 1.243072253000037], [117.59646660200008, 1.242795332000071], [117.596471672, 1.242677327000024], [117.59644085100001, 1.242610153000044], [117.59644074000005, 1.242609646000062], [117.59644042200011, 1.242609166000022], [117.59643836700002, 1.242598780000037], [117.59644041700005, 1.242588394000052], [117.59644165600002, 1.242585784000028], [117.59650872200007, 1.242461964000029], [117.59651332600004, 1.24245576800007], [117.5965135990001, 1.242455584000027], [117.59651377400007, 1.242455327000073], [117.59663652600011, 1.242337340000063], [117.59675503000005, 1.242218012000023], [117.59682454000006, 1.242024135000065], [117.59690788400007, 1.24126198700003], [117.59690869000008, 1.241258824000056], [117.59690904900003, 1.241256548000024], [117.59699285800002, 1.240997666000055], [117.59699357400007, 1.240996490000043], [117.5969939040001, 1.240994942000043], [117.59709396000005, 1.240771015000064], [117.59721646600008, 1.24040644300004], [117.59721690100002, 1.24040573700006], [117.59721709400003, 1.240404758000068], [117.59721982100007, 1.24039971600007], [117.59743060100004, 1.240092508000032], [117.59748539000009, 1.239960074000066], [117.59748542500006, 1.239960023000037], [117.5974880120001, 1.239955206000047], [117.5976445120001, 1.239724444000046], [117.59764633100008, 1.239722235000045], [117.59764672400001, 1.239721608000025], [117.59803811200004, 1.239283090000072], [117.5980393970001, 1.239282175000028], [117.59804029000009, 1.239280912000027], [117.5980566830001, 1.23926629500005], [117.5980642400001, 1.239261538000051], [117.59807311800012, 1.23925975800006], [117.59803792600007, 1.238932458000022], [117.5980396540001, 1.238340842000071], [117.59803994300012, 1.238242213000035], [117.5980402020001, 1.238153348000026], [117.59804052400011, 1.238043211000047], [117.5980369340001, 1.238010665000047], [117.59803546300009, 1.237997329000052], [117.59801746800008, 1.237722788000042], [117.59801277800011, 1.237438213000075], [117.59803954300003, 1.237239370000054], [117.59800215200005, 1.237109209000039], [117.59798191300001, 1.236568287000068], [117.59797319400002, 1.236134391000064], [117.59792992000007, 1.235396774000037], [117.59793558700005, 1.235035191000065], [117.59793544800004, 1.234413270000061], [117.59794259800003, 1.233959410000068], [117.59792663400003, 1.233551261000059], [117.5979285620001, 1.233057749000068], [117.59792639600005, 1.233059206000064], [117.59791607800003, 1.233061275000068], [117.59791251400009, 1.233061037000027], [117.59778113700008, 1.233043437000049], [117.59735948200012, 1.23309658300002], [117.59709516900011, 1.233274024000025], [117.59709053100005, 1.233276518000025], [117.5970813350001, 1.233278562000066], [117.59689181500005, 1.233286553000028], [117.59709072400005, 1.233495004000019], [117.59709122700008, 1.233495779000066], [117.59709468500012, 1.233500334000041], [117.59756226200011, 1.234323485000061], [117.59756376300004, 1.234326564000071], [117.59756581800002, 1.234336949000067], [117.59756490900008, 1.234343943000056], [117.59752898600004, 1.234479652000061], [117.59752784400007, 1.234483046000037], [117.59752313000001, 1.234490643000072], [117.59732055900008, 1.234721230000048], [117.59721445200012, 1.235104253000031], [117.59721339200007, 1.235107344000028], [117.59720754900002, 1.235116151000057], [117.59720729900005, 1.235116319000042], [117.59720713900003, 1.235116555000047], [117.59699557400006, 1.235320714000068], [117.59694153400005, 1.235452894000048], [117.59712719200002, 1.235648165000043], [117.59713262000002, 1.235656537000068], [117.59713466800008, 1.235666320000064], [117.5971436430001, 1.23606876100007], [117.597240929, 1.236326735000034], [117.59724097700007, 1.236326997000049], [117.59724173300003, 1.236329219000027], [117.59734968200007, 1.236727253000026], [117.59735063300002, 1.236734394000052], [117.5973485830001, 1.236744780000038], [117.59734411200009, 1.236752097000021], [117.5970116310001, 1.237141184000052], [117.59701088700001, 1.237141726000061], [117.59701025800007, 1.237142673000051], [117.59700686500003, 1.237145568000074], [117.59688619200006, 1.237232365000068], [117.59682200600002, 1.23735356100002], [117.59694542200009, 1.237903096000025], [117.59701687600011, 1.23810971000006], [117.59701837400007, 1.238118626000073], [117.59701632400004, 1.238129013000048], [117.59701462700002, 1.238132434000022], [117.59699628100009, 1.23816369900004], [117.59699213400006, 1.238169084000049], [117.59698731000003, 1.238172330000054], [117.59698686400009, 1.238174593000053], [117.59698590200003, 1.238176676000023], [117.59690708100004, 1.238330139000027], [117.59693642600007, 1.238428511000052], [117.59709841000006, 1.23868228200007], [117.59710063400007, 1.238686560000076], [117.59710216100007, 1.238691611000036], [117.59711711800003, 1.238766610000027], [117.59711764600002, 1.238771945000053], [117.5971155950001, 1.238782331000039], [117.59710975200005, 1.238791138000067], [117.59710497700007, 1.238794963000032], [117.59701553200011, 1.238851258000068], [117.59701156000006, 1.238853318000054], [117.59700124100004, 1.238855386000068], [117.596996149, 1.238854899000046], [117.59685077300003, 1.238826795000023], [117.59684855800003, 1.238826127000038], [117.59684758700007, 1.238825973000075], [117.59667763200002, 1.238770835000025], [117.59647573000007, 1.238760720000073], [117.596420179, 1.238881935000052], [117.59645724800009, 1.239041673000031], [117.596457955, 1.239047840000069], [117.5964559040001, 1.239058227000044], [117.59645462000003, 1.239060921000032], [117.59639314300011, 1.239173484000048], [117.59638858400001, 1.239179597000032], [117.59638790400004, 1.23918005400003], [117.59638749700002, 1.239180632000057], [117.5962861370001, 1.23927195300007], [117.59609289700006, 1.239777983000067], [117.59609271300008, 1.239778269000055], [117.59609264200003, 1.239778626000032], [117.59608679900009, 1.239787432000071], [117.59607889100005, 1.239792951000027], [117.59595968600001, 1.239847519000023], [117.59591067400004, 1.239891938000028], [117.59572458700006, 1.240266742000074], [117.59568061200002, 1.240493847000039], [117.59567906000007, 1.240499036000074], [117.59567790900007, 1.24050148300006], [117.59555495500001, 1.240732237000032], [117.59555026300006, 1.240738597000075], [117.59554151700002, 1.240744482000025], [117.59553119800012, 1.24074655000004], [117.59552087800012, 1.240744487000029], [117.5955121290001, 1.240738606000036], [117.59550628200009, 1.240729802000033], [117.5955042270001, 1.240719416000047], [117.59550627700003, 1.240709030000062], [117.59550742800002, 1.240706583000076], [117.59562845700009, 1.240479441000048], [117.59567235500003, 1.24025272800003], [117.5956739080001, 1.240247539000052], [117.59567450000009, 1.24024664600006], [117.59567470200011, 1.240245787000049], [117.595819645, 1.239953852000042], [117.59585459100003, 1.239890506000052], [117.59586644600006, 1.239860656000076], [117.5958697640001, 1.239856021000037], [117.59587040600002, 1.239855589000058], [117.59587079200003, 1.23985503900002], [117.59592669200003, 1.23980437900002], [117.59593092000011, 1.239801693000061], [117.59593357200004, 1.239799843000071], [117.5960465170001, 1.239748139000028], [117.596054804, 1.239726441000073], [117.59602949100008, 1.239705549000064], [117.59597196200002, 1.239671639000051], [117.59597158200006, 1.239671344000044], [117.59597093100001, 1.239671], [117.59561129200006, 1.239436596000075], [117.59560688600004, 1.239433010000027], [117.59559194500002, 1.239417978000063], [117.59559265300004, 1.239413695000053], [117.59561134400008, 1.239363494000031], [117.59561407300009, 1.239363493000042], [117.59564299700003, 1.239392592000058], [117.59599973700006, 1.239625107000052], [117.59605857600002, 1.239659789000029], [117.59606053000005, 1.239661307000063], [117.59606204700003, 1.239662222000049], [117.596075186, 1.239673066000023], [117.59623813300004, 1.239246364000053], [117.59623831700003, 1.239246078000065], [117.59623838800007, 1.239245721000032], [117.59624030500004, 1.239242998000066], [117.59624423100001, 1.23923691400006], [117.5962449110001, 1.239236457000061], [117.59624531800011, 1.239235879000034], [117.59634809900001, 1.239143277000039], [117.59640238000009, 1.239043889000072], [117.59636555600002, 1.238885204000042], [117.59636484900011, 1.238879037000061], [117.59636689900003, 1.238868651000075], [117.59636721800007, 1.238868171000036], [117.59636732800004, 1.238867663000065], [117.59643438900002, 1.238721334000047], [117.59643980300007, 1.238713515000029], [117.5964485500001, 1.238707630000022], [117.59645886900012, 1.238705561000074], [117.59645958600004, 1.238705705000029], [117.59646021500009, 1.238705595000056], [117.59668386300007, 1.238716799000031], [117.5966864940001, 1.238717395000037], [117.59669079500009, 1.238718074000076], [117.59686256400005, 1.238773801000036], [117.59699592000004, 1.23879958200007], [117.59706057300002, 1.238758890000042], [117.59705028700012, 1.238707314000067], [117.5968890040001, 1.238454640000043], [117.59688678000009, 1.238450362000037], [117.59688586400011, 1.238447775000054], [117.59685229200011, 1.238335233000043], [117.5968511530001, 1.238327435000031], [117.59685320400001, 1.238317048000056], [117.59685416500008, 1.238314965000029], [117.59693799500008, 1.238151749000053], [117.59694287700006, 1.238145026000041], [117.59694770200008, 1.238141780000035], [117.59694814800002, 1.238139517000036], [117.59694984500004, 1.238136096000062], [117.59696183200003, 1.238115667000045], [117.59689399000001, 1.237919494000039], [117.5968938850001, 1.237918869000055], [117.59689315500009, 1.237916556000073], [117.596767193, 1.237355685000068], [117.59676652900009, 1.237349707000021], [117.59676857900001, 1.237339320000046], [117.59676969800012, 1.237336934000041], [117.5968415750001, 1.237201216000074], [117.59684629900005, 1.23719479600004], [117.59684969200009, 1.237191901000074], [117.59697286300002, 1.23710330800003], [117.59729388200003, 1.236727635000022], [117.59719004800002, 1.23634477500002], [117.59709157900011, 1.236083663000045], [117.59709063000003, 1.236078457000076], [117.59708983100006, 1.236074641000073], [117.59708098700003, 1.235678077000046], [117.59689043800006, 1.235477662000051], [117.59688501000005, 1.235469290000026], [117.59688295500007, 1.235458904000041], [117.5968849840001, 1.235448570000074], [117.59694786800003, 1.235294760000045], [117.59694788400009, 1.235294736000071], [117.59694788900003, 1.235294708000026], [117.59694842100009, 1.235293925000065], [117.59695373300008, 1.235285902000044], [117.59695398200006, 1.235285734000058], [117.59695414200007, 1.235285498000053], [117.59716448600011, 1.235082516000034], [117.59727027600002, 1.234700639000039], [117.59727133600006, 1.234697548000042], [117.59727605, 1.234689950000075], [117.59747851200007, 1.234459487000038], [117.59750994400008, 1.234340744000065], [117.59718270700012, 1.233764656000062], [117.59717015300009, 1.233923051000033], [117.59716818800007, 1.233931274000042], [117.59716680400004, 1.233934149000049], [117.597045, 1.234153185000025], [117.59705338700007, 1.234262609000041], [117.59705324000004, 1.234263542000065], [117.59705346700002, 1.234264691000021], [117.5970514170001, 1.234275077000063], [117.59704557300006, 1.234283884000035], [117.59704387600004, 1.234285453000041], [117.59670926500007, 1.234569192000038], [117.59665740800006, 1.234795596000026], [117.59665604700001, 1.234799880000025], [117.59665310700007, 1.234805229000074], [117.59632064300001, 1.235275737000052], [117.59631774000002, 1.235279194000043], [117.59630899400008, 1.23528507900005], [117.59629867500007, 1.235287147000065], [117.59629511100002, 1.23528691000007], [117.59602545300004, 1.235250784000073], [117.59601869800008, 1.235248957000067], [117.59601405900003, 1.235246466000035], [117.5958792130001, 1.235156029000052], [117.59587784500002, 1.235154900000055], [117.59587707700007, 1.235154437000062], [117.59532868800011, 1.234702222000067], [117.59532671400007, 1.234700423000049], [117.59532086700005, 1.234691620000035], [117.59531881200007, 1.23468123400005], [117.59532086200011, 1.234670847000075], [117.59532120800009, 1.23467032700006], [117.59532132800007, 1.234669781000036], [117.59545226700004, 1.234386459000063], [117.5955214390001, 1.234229715000026], [117.59557491300006, 1.233944952000058], [117.5956176200001, 1.233695307000062], [117.59562414800007, 1.233441049000021], [117.59562619000008, 1.233431370000062], [117.59563203300002, 1.233422564000023], [117.59563494000008, 1.233420607000028], [117.59563594100007, 1.233415540000067], [117.59563727900002, 1.233412748000035], [117.59570839100002, 1.233283811000035], [117.595712896, 1.233277797000028], [117.59571708900012, 1.233274349000055], [117.59627428200008, 1.232903305000036], [117.59627883600001, 1.232900868000058], [117.59628915500002, 1.232898800000044], [117.59657860900006, 1.232898735000049], [117.59676112300008, 1.232793708000031], [117.59676418200002, 1.232792197000038], [117.59677304500008, 1.232790169000054], [117.59688981200009, 1.232783790000042], [117.59701771400012, 1.232799632000024], [117.59704766100003, 1.23279774100007], [117.597046341, 1.232775238000045], [117.59704710400001, 1.232775197000024], [117.59704628800012, 1.232774337000023], [117.59704578300011, 1.232765714000038], [117.59694842700003, 1.232660236000072], [117.59692237200011, 1.232643967000058], [117.5969226740001, 1.232644052000069], [117.59652117200005, 1.232220885000061], [117.59652027100003, 1.232219494000049], [117.59651672500001, 1.232214615000032], [117.59638184200003, 1.231952289000048], [117.59638088000008, 1.231950207000068], [117.5963788250001, 1.231939821000026], [117.59638087500002, 1.231929434000051], [117.59638097000004, 1.231929292000075], [117.59638100300003, 1.231929129000036], [117.59646185500003, 1.231739129000061], [117.59646757100006, 1.231730628000037], [117.5964763180001, 1.23172474200004], [117.59648565700002, 1.231722692000062], [117.59697903200004, 1.231704523000076], [117.5975532970001, 1.23164117400006], [117.59755622800003, 1.231641012000068], [117.59756337800002, 1.231641982000042], [117.59787033700002, 1.231726870000045], [117.59783096700005, 1.231484839000075], [117.597818189, 1.230796982000072], [117.5978052050001, 1.230799258000047], [117.59780785100008, 1.230777246000059], [117.59773663200008, 1.230717538000022], [117.59767727600001, 1.23063393800004], [117.59752952800011, 1.230527768000059], [117.59733614800007, 1.230378710000025], [117.59733682800004, 1.230389296000055], [117.59726184400006, 1.230335412000045], [117.59721437400003, 1.230299090000074], [117.59721437000007, 1.230284844000039], [117.59639697400007, 1.22965479100003], [117.59639637700002, 1.229667722000045], [117.59628852800006, 1.229559220000056], [117.59611047700002, 1.229392033000067], [117.59601552100003, 1.22932038600004], [117.596010094, 1.229319547000046], [117.59604234000005, 1.229312597000046], [117.59544009000001, 1.228862239000023], [117.59481516900007, 1.228366497000025], [117.59418996500006, 1.227870230000065], [117.59416460900002, 1.22780537400007], [117.59416566300001, 1.227879002000066], [117.59425512900009, 1.228108975000055], [117.59425698500002, 1.228118864000066], [117.59425703200009, 1.228333042000031], [117.59425636300011, 1.228339057000028], [117.59420955900009, 1.228546547000064], [117.5942085150001, 1.228549853000061], [117.59420844100009, 1.228550256000062], [117.59411768100006, 1.228788469000051], [117.59411697200005, 1.228789568000025], [117.59411670800012, 1.22879071400007], [117.59404248700002, 1.228942842000038], [117.59401759600007, 1.229030923000039], [117.59420024200006, 1.229285005000065], [117.59439845400004, 1.229528852000044], [117.59451427500005, 1.229645007000045], [117.59451429900002, 1.22964502800005], [117.59451579100005, 1.229646657000046], [117.59460243100011, 1.229749361000074], [117.59460402200011, 1.229751983000028], [117.59460584700003, 1.229754498000034], [117.59466833700003, 1.229876595000064], [117.59466927500011, 1.229878632000066], [117.5946713300001, 1.229889018000051], [117.59467064700004, 1.229895095000074], [117.59465362600008, 1.229969737000033], [117.59465476800005, 1.229968751000058], [117.5946481090001, 1.230012377000037], [117.59464519800008, 1.230006692000075], [117.5945940040001, 1.23023119000004], [117.59464081300007, 1.230442528000026], [117.59472062900011, 1.230623836000063], [117.59472069500009, 1.230624152000075], [117.59472088500002, 1.230624438000063], [117.5947217150001, 1.230628998000043], [117.59472294000011, 1.230634824000049], [117.59472285400011, 1.230635262000021], [117.59472292800001, 1.230635667000058], [117.59471443000007, 1.230913015000056], [117.59472695400007, 1.231122280000022], [117.59468164900011, 1.231165999000041], [117.59467401800009, 1.231133740000075], [117.59467362100008, 1.231130342000029], [117.59467333300006, 1.23112908500002], [117.594660524, 1.230915045000074], [117.59466072100008, 1.230913860000044], [117.59466048800005, 1.230912577000026], [117.59466883400012, 1.23064017300004], [117.59459042300011, 1.230462056000022], [117.59459035600003, 1.23046173900002], [117.5945901660001, 1.230461453000032], [117.59458875700011, 1.230456967000066], [117.5945400390001, 1.230237008000074], [117.5945393930001, 1.230231109000044], [117.59454007600004, 1.230225031000032], [117.59461587700002, 1.229892628000073], [117.59455932000003, 1.229782122000074], [117.59447540800011, 1.229682652000065], [117.59435941200002, 1.229566322000039], [117.59435938800004, 1.229566300000045], [117.59435758100005, 1.229564291000031], [117.59415799500005, 1.22931875200004], [117.59415774700005, 1.229318336000063], [117.59415701800003, 1.229317476000062], [117.59396623400005, 1.229052073000048], [117.59396317100004, 1.229046556000071], [117.59396111600006, 1.229036170000029], [117.5939621440001, 1.229028739000057], [117.59399127800009, 1.228925644000071], [117.59399230000008, 1.228922689000058], [117.59399282900006, 1.228921890000038], [117.59399301000008, 1.22892110600003], [117.59406776300011, 1.228767889000039], [117.59415739500002, 1.228532634000032], [117.59420310200005, 1.228330009000047], [117.59420305600008, 1.228123997000068], [117.59411366200004, 1.227894210000045], [117.59411262300011, 1.227888673000052], [117.59411180900008, 1.227884705000065], [117.59410996100007, 1.227755509000076], [117.59411200800002, 1.227744737000023], [117.59411785100008, 1.227735931000041], [117.59412659800012, 1.227730046000033], [117.59413453700006, 1.227728455000033], [117.59408218100009, 1.227594538000062], [117.59402396900009, 1.227527707000036], [117.59390646500003, 1.227459364000026], [117.59385091200011, 1.227459623000072], [117.59358050600008, 1.22746091700003], [117.59346661600011, 1.227447296000037], [117.59341168500009, 1.227444236000053], [117.59331747500005, 1.227430954000056], [117.59323341400011, 1.22742551500005], [117.59321813000008, 1.227480105000041], [117.59321507200002, 1.227538840000022], [117.59320894500001, 1.227613033000068], [117.59320282200008, 1.227702683000075], [117.59318440700008, 1.227758330000029], [117.59315986100012, 1.227869623000061], [117.59310768300008, 1.228030383000032], [117.59322342500002, 1.228093995000052], [117.59331349700005, 1.228184903000056], [117.59337495400007, 1.228320907000068], [117.59342105400003, 1.228412112000058], [117.59347327500006, 1.228497090000076], [117.59352964900006, 1.228629547000025], [117.59356266800012, 1.228707128000053], [117.59354522300009, 1.228856656000062], [117.59354552600007, 1.22885840400005], [117.59354682100002, 1.228855504000023], [117.59354919200007, 1.228856114000052], [117.5935455340001, 1.228860258000054], [117.59347074800007, 1.228966943000046], [117.59342713500007, 1.22907989600003], [117.59343341600004, 1.229293232000032], [117.59344593700007, 1.229531664000035], [117.59350830800008, 1.229669692000073], [117.59357692800006, 1.229876739000076], [117.5936580020001, 1.230014762000053], [117.59370479000006, 1.230124577000026], [117.59372454100003, 1.230200904000071], [117.59374222300005, 1.230293334000066], [117.59374631600008, 1.230409171000076], [117.59375111000008, 1.230476508000038], [117.59377618600001, 1.23065555200003], [117.59377645000006, 1.230659334000052], [117.59377642600009, 1.230659456000069], [117.59377644900007, 1.23065957600005], [117.59377413200002, 1.230927492000035], [117.59377404800011, 1.230927906000034], [117.59377323600006, 1.230934195000032], [117.59370912100007, 1.23117820300007], [117.5937081400001, 1.231181130000039], [117.5937081080001, 1.231181294000066], [117.59363638400009, 1.231362814000022], [117.59360034600002, 1.231430862000025], [117.59359936400006, 1.231431059000045], [117.593599573, 1.231432321000057], [117.59349627300003, 1.231627374000027], [117.5933778750001, 1.231853286000046], [117.59345892100009, 1.231865817000028], [117.59347511400006, 1.231869073000041], [117.593466594, 1.231877148000024], [117.59363290600004, 1.231977235000045], [117.5937183960001, 1.232142065000062], [117.59382381400007, 1.232645830000024], [117.59404447600002, 1.232891958000039], [117.59405779300005, 1.232906171000025], [117.59406040400006, 1.232905312000071], [117.59407801700002, 1.232854063000048], [117.59413191200008, 1.232700256000044], [117.5941226330001, 1.232648951000044], [117.59410769400006, 1.232615141000053], [117.59410762400012, 1.232614807000061], [117.59410742300008, 1.232614505000072], [117.59410551700012, 1.232606960000055], [117.59408782300011, 1.232438137000031], [117.5940876740001, 1.232435296000062], [117.59408784300001, 1.232434438000041], [117.59408772000006, 1.232433702000037], [117.59409086000005, 1.232379774000037], [117.59408687900009, 1.232284114000038], [117.59407799500002, 1.232266241000048], [117.59403953000003, 1.232210959000042], [117.59403772600001, 1.232207651000067], [117.59403718400006, 1.232206873000052], [117.594001165, 1.232129233000023], [117.593978977, 1.232094156000073], [117.593907048, 1.23199465700003], [117.59368230200005, 1.231822819000058], [117.59362474300008, 1.231757842000036], [117.5936396830001, 1.231746559000044], [117.59369579600002, 1.23177792000007], [117.59378662000006, 1.231788056000028], [117.59379914600004, 1.231804699000065], [117.59388391700008, 1.231885246000047], [117.59390116600002, 1.231898260000037], [117.59390405500005, 1.231900781000036], [117.59390591600004, 1.231902857000023], [117.59391734100006, 1.231917003000035], [117.59396097000001, 1.231958458000065], [117.59401944000001, 1.23204342300005], [117.59402071400007, 1.232045001000074], [117.59402188100012, 1.232046971000045], [117.59404189100007, 1.232076048000067], [117.5941048310001, 1.232175549000033], [117.59413089800012, 1.232247648000055], [117.59414552100009, 1.23226866400006], [117.59414834400002, 1.232273841000051], [117.59415039900011, 1.232284227000036], [117.59415022900009, 1.232285085000058], [117.59415035200004, 1.232285820000072], [117.59414168700005, 1.232434656000066], [117.59415472900002, 1.232559091000041], [117.59417774300005, 1.232640097000058], [117.59419230200001, 1.232673047000048], [117.59419237200007, 1.232673381000041], [117.5941925730001, 1.232673684000019], [117.59419462800008, 1.232684069000072], [117.59419325300007, 1.23269263100002], [117.5941929390001, 1.232693583000071], [117.5941948310001, 1.232700242000021], [117.59414093500004, 1.232854049000025], [117.59414220500003, 1.23285058600004], [117.59420386900001, 1.232926409000072], [117.5942084940001, 1.232925411000053], [117.59420102100012, 1.232976257000075], [117.5941893480001, 1.232993889000056], [117.59414676300003, 1.232981259000042], [117.59411061100002, 1.232976041000029], [117.59410547100003, 1.232974618000071], [117.59408002700002, 1.233061121000048], [117.59403652900005, 1.23339317600005], [117.59403499200005, 1.233398949000048], [117.59403486300005, 1.23339962700004], [117.59403354000005, 1.233402988000023], [117.59403319700004, 1.233405927000035], [117.59390743300003, 1.23373164000003], [117.59387687900005, 1.233800874000053], [117.59387545300001, 1.233804497000051], [117.59391502200003, 1.234003399000073], [117.59396743900004, 1.234069316000046], [117.59396829100001, 1.234070766000059], [117.59396959800006, 1.234072463000075], [117.5939876870001, 1.234103259000051], [117.59401538300006, 1.234138721000022], [117.59404744300002, 1.234179037000047], [117.59400181300009, 1.234250048000035], [117.59399993300008, 1.234252321000042], [117.59394347600005, 1.234138737000023], [117.59391363800012, 1.234088525000061], [117.59386881800003, 1.234032162000062], [117.59386496000002, 1.234025594000059], [117.59386343000006, 1.234020531000056], [117.59382100700009, 1.233807286000058], [117.59382048200007, 1.233801963000076], [117.59382237900002, 1.23379195800004], [117.59384277200002, 1.233740165000029], [117.59384451300002, 1.233722607000061], [117.59395161000009, 1.233463738000069], [117.59398052200004, 1.233390310000061], [117.59398685500003, 1.233357124000065], [117.59401550000007, 1.233138452000048], [117.59399717400004, 1.233089298000039], [117.59402508700009, 1.233008078000069], [117.59402063100003, 1.233006311000054], [117.59395085400001, 1.233013729000049], [117.59382725400008, 1.232981886000061], [117.59374334000006, 1.233021324000049], [117.59366880400012, 1.233296024000026], [117.59371867800007, 1.233417858000053], [117.59372585300002, 1.233661548000043], [117.59370956400005, 1.233989186000031], [117.5939614890001, 1.234301575000075], [117.59397204400011, 1.234293072000071], [117.59400808800001, 1.234432011000024], [117.59414535000008, 1.23494022400007], [117.59424574200011, 1.23530248000003], [117.59421595100002, 1.235377490000076], [117.59422194800004, 1.235509642000068], [117.59418019600002, 1.235620781000023], [117.594135477, 1.235813015000076], [117.59415937400001, 1.235921136000059], [117.59424592300002, 1.235969172000068], [117.59429965100003, 1.236032234000049], [117.5943091900001, 1.236034631000052], [117.59430630500003, 1.236054015000036], [117.59430634000012, 1.236212227000067], [117.5943063740001, 1.236364354000045], [117.59430301600003, 1.23644931900003], [117.59429377700008, 1.236455728000067], [117.59425797900008, 1.236506796000072], [117.59426097500011, 1.236557854000068], [117.59424904800005, 1.236599906000038], [117.59420131900004, 1.236678008000069], [117.59419834500011, 1.236723061000021], [117.59417149700005, 1.236759109000047], [117.59412972700011, 1.236792157000025], [117.59407303100011, 1.23680418400005], [117.59403723800006, 1.236873272000025], [117.59403725000004, 1.236930339000025], [117.59402233600008, 1.236957373000052], [117.59398057200008, 1.237017453000021], [117.59394477100011, 1.237056506000044], [117.59388511300006, 1.237164646000053], [117.59394780600007, 1.237284772000066], [117.5939620900001, 1.237308938000069], [117.5939740980001, 1.237447571000075], [117.5939983290001, 1.237660543000061], [117.59400442200001, 1.237873519000061], [117.59400961900008, 1.237901382000075], [117.59400723100009, 1.237902184000063], [117.593971312, 1.238055987000052], [117.59397134800008, 1.238218829000061], [117.59399832100007, 1.238255010000046], [117.59405751000008, 1.23831455800007], [117.59410843700005, 1.238331631000051], [117.59423203800009, 1.238345425000034], [117.59432599200011, 1.238350967000031], [117.59438646100011, 1.238353489000076], [117.59439565800005, 1.238355529000046], [117.59440440800006, 1.238361411000028], [117.59440654200012, 1.238363831000072], [117.59452062800005, 1.238509872000066], [117.59471326000005, 1.238418115000059], [117.59471398500011, 1.238417951000031], [117.59472129000005, 1.238413679000075], [117.59483264900007, 1.238366780000035], [117.59483591000003, 1.238365507000026], [117.5948345160001, 1.238360601000068], [117.59477130900007, 1.23820960200004], [117.59470398300004, 1.238105402000031], [117.59467755600008, 1.238070847000074], [117.59467687200004, 1.238069658000029], [117.5946758770001, 1.238068382000051], [117.5946143760001, 1.237966479000022], [117.59454290300005, 1.237847842000065], [117.59448559900011, 1.23777515300003], [117.59437569700003, 1.237648791000026], [117.5943037620001, 1.237522152000054], [117.59431272000006, 1.237386448000052], [117.59435762900011, 1.237241690000076], [117.59435788600001, 1.237241357000073], [117.59436211700006, 1.237224991000062], [117.59436329900007, 1.237221444000056], [117.59436692500003, 1.237215167000045], [117.59442200800004, 1.237143852000031], [117.59442600600005, 1.237099473000058], [117.59442900900001, 1.236998972000038], [117.59442907100004, 1.236998684000071], [117.5944292370001, 1.236996178000027], [117.59444796600008, 1.236855735000063], [117.59445639500007, 1.236762188000057], [117.59448330300006, 1.236508872000059], [117.59451024600003, 1.23640935100002], [117.59450124000011, 1.236327932000052], [117.59449836700003, 1.236317821000057], [117.59444584200003, 1.236185741000043], [117.59444538600007, 1.23618177100002], [117.59441514000002, 1.236102671000026], [117.59437829100011, 1.236017949000029], [117.59433446800006, 1.23558884800002], [117.59433437000007, 1.235586930000068], [117.59433433600009, 1.23558676600004], [117.59432627900003, 1.235269268000025], [117.59432330800007, 1.23522159700002], [117.59434489600005, 1.235191163000025], [117.5943760670001, 1.235191156000042], [117.59437837700011, 1.235196386000041], [117.59438822200002, 1.235584336000045], [117.59443296600011, 1.23602246400003], [117.59444839800005, 1.236056778000034], [117.5944711090001, 1.236055944000043], [117.59455510700002, 1.236047470000074], [117.59454610300008, 1.23597509800004], [117.59463598000002, 1.235947937000049], [117.59474384000009, 1.235947913000075], [117.59473318700009, 1.236005352000063], [117.5946331450001, 1.236000862000026], [117.59462187600002, 1.23602994700002], [117.59457960300006, 1.236083156000063], [117.59449380800004, 1.236095132000059], [117.5944668090001, 1.236097717000064], [117.59448485900009, 1.236137851000024], [117.59448498400002, 1.236138433000065], [117.59448532700003, 1.236138958000026], [117.59453627500011, 1.236267072000032], [117.59455516600008, 1.236309827000071], [117.59455572200011, 1.236315975000025], [117.594557688, 1.236320919000036], [117.59455781500003, 1.236321579000048], [117.59455943400008, 1.236327827000025], [117.59456849100002, 1.236405165000065], [117.5945686770001, 1.236408336000068], [117.59456772800002, 1.236415478000026], [117.59455936800009, 1.236446356000044], [117.59448158000009, 1.237045281000064], [117.59447842800012, 1.237150736000046], [117.59447639000007, 1.237160301000074], [117.5944727640001, 1.237166578000028], [117.59441291100006, 1.237244069000042], [117.5944033400001, 1.237281095000071], [117.59439481700008, 1.237334200000021], [117.59437621300003, 1.237534412000059], [117.59441096300009, 1.237589933000038], [117.59442062800008, 1.237603547000049], [117.59453019700004, 1.237744396000039], [117.59458620400005, 1.23781544000002], [117.59458694500006, 1.237816707000036], [117.59458813800006, 1.237818238000045], [117.59466048000002, 1.237938317000044], [117.59472119800012, 1.238038923000033], [117.59473765700011, 1.238060444000041], [117.59486119200005, 1.238209582000025], [117.59488010300004, 1.238323625000021], [117.59488560000011, 1.238342972000055], [117.59490616200003, 1.238336227000048], [117.59495208300007, 1.238327812000023], [117.59495903200002, 1.238325188000033], [117.59507522100012, 1.238244187000021], [117.59514975800005, 1.238179139000067], [117.59514976300011, 1.238202795000063], [117.59512484200002, 1.238271822000058], [117.59509992800008, 1.23837222100002], [117.59509754500004, 1.238377820000039], [117.59509492400002, 1.238363324000034], [117.59503200300003, 1.238354292000054], [117.59497807900004, 1.238381444000026], [117.5949067360001, 1.238417368000057], [117.59491963500011, 1.238462770000069], [117.59495115200002, 1.238553339000021], [117.59500537200006, 1.23870832800003], [117.59512394800004, 1.239025127000048], [117.59512418800011, 1.23902645000004], [117.59512547400004, 1.239031355000066], [117.59515197100006, 1.239246364000053], [117.5951670500001, 1.23934940700002], [117.59504875400012, 1.239815797000063], [117.5950316840001, 1.239853045000075], [117.59500677200003, 1.239965993000055], [117.59498188400005, 1.24017933600004], [117.59498189800001, 1.240242082000066], [117.59496490400011, 1.240313993000029], [117.59495620700011, 1.24029904300005], [117.5947552770001, 1.24048831600004], [117.59463863600001, 1.240723246000073], [117.59454386800007, 1.240967166000075], [117.59441993400003, 1.241345340000066], [117.59452151000005, 1.24164466700006], [117.59456308600011, 1.241952768000033], [117.59440208, 1.242603966000047], [117.59441117500012, 1.242649076000021], [117.59441943400009, 1.242667769000036], [117.59441950500002, 1.242668102000039], [117.59441970600005, 1.242668405000074], [117.59442145600008, 1.242674725000029], [117.59443660000011, 1.24277517500002], [117.59447640400003, 1.242972588000043], [117.59457050900005, 1.243266482000024], [117.59495428200012, 1.24412323100006], [117.59496422300003, 1.244312529000069], [117.59494467400009, 1.244414722000045], [117.59486444800007, 1.244703357000049], [117.59480216800011, 1.244973179000056], [117.59474608700009, 1.245092410000041], [117.59467130100006, 1.245192820000057], [117.59466845300005, 1.245201425000062], [117.59466461300008, 1.245199089000039], [117.5945281810001, 1.245428541000024], [117.59446162200004, 1.245517905000042], [117.59433684500004, 1.245777602000032], [117.59432854200008, 1.245864160000053], [117.5943396670001, 1.245989804000033], [117.59435999400011, 1.246091981000063], [117.5943857200001, 1.246191146000058], [117.59438615700003, 1.246194566000042], [117.59438653500001, 1.246196191000024], [117.59439555400002, 1.246331891000068], [117.59439541900008, 1.246332714000062], [117.59439561400006, 1.246333696000022], [117.59439356400003, 1.246344083000054], [117.59439022400011, 1.246349982000027], [117.59433631000002, 1.246422368000026], [117.594333806, 1.246425276000025], [117.59433091900007, 1.24642779800007], [117.59426850900002, 1.246474931000023], [117.59413451700004, 1.246587369000054], [117.59405132200004, 1.24671582600007], [117.59399310200001, 1.246877784000048], [117.59397927300006, 1.247064860000023], [117.59438746400008, 1.247121007000032], [117.59447017000002, 1.247129907000044], [117.59452398000008, 1.247134061000054], [117.5945300300001, 1.247122552000064], [117.59453458400003, 1.247125432000075], [117.59464506200004, 1.247150116000057], [117.594658933, 1.24715625500005], [117.59471982000002, 1.247176667000076]], [[117.59591096600002, 1.239756002000036], [117.5959131730001, 1.239751309000042], [117.59591317400009, 1.239756343000067], [117.59591096600002, 1.239756002000036]], [[117.59702588300001, 1.231487336000043], [117.59702391600001, 1.231485358000043], [117.59702810400006, 1.231485845000066], [117.59702588300001, 1.231487336000043]], [[117.59472795200008, 1.231121317000031], [117.59473140400007, 1.231086498000025], [117.59473050500003, 1.231118853000055], [117.59472795200008, 1.231121317000031]]], [[[117.59777789200007, 1.232989141000076], [117.59778123700005, 1.232988931000023], [117.5977848010001, 1.232989168000074], [117.5979196290001, 1.233007231000045], [117.59792255100001, 1.233008021000046], [117.5979293480001, 1.232833882000023], [117.59791782600007, 1.232718179000074], [117.5979692840001, 1.232694231000039], [117.59804182700009, 1.232669875000056], [117.59808413500002, 1.232615100000032], [117.5980841270001, 1.23257858900007], [117.5980901580001, 1.232511652000028], [117.59809014900009, 1.23246905700006], [117.59807200000012, 1.232420380000065], [117.59801152300008, 1.232329118000052], [117.59794500200007, 1.232250027000021], [117.59789055600004, 1.232097913000075], [117.59788598900002, 1.232095737000066], [117.59788680400004, 1.231828102000065], [117.59787928300011, 1.231781867000052], [117.59787349400005, 1.231783028000052], [117.59786634300008, 1.231782058000022], [117.59755405500005, 1.231695696000031], [117.59698393400004, 1.231758588000048], [117.59698220000007, 1.231758684000056], [117.5969819820001, 1.23175873200006], [117.59650470300005, 1.231776308000065], [117.59643558900007, 1.231938721000063], [117.59656284400012, 1.232186211000055], [117.5970745080001, 1.232725484000071], [117.5971342150001, 1.232801359000064], [117.59713721500009, 1.232852508000065], [117.59713501100009, 1.232876972000042], [117.59713502800003, 1.232949993000034], [117.59711350500004, 1.232998763000069], [117.59692367000002, 1.233230882000043], [117.59707152900012, 1.233224647000043], [117.597334853, 1.233047871000053], [117.59733949100007, 1.233045377000053], [117.5973464650001, 1.233043519000034], [117.59777789200007, 1.232989141000076]], [[117.59703513700003, 1.232681509000031], [117.59702198800005, 1.232659462000072], [117.59702614000003, 1.232664019000026], [117.59703883700001, 1.232680154000036], [117.59703513700003, 1.232681509000031]]], [[[117.59628436800006, 1.233298018000028], [117.59628924300011, 1.233296858000074], [117.59629018600003, 1.233297046000075], [117.59629098000005, 1.23329691400005], [117.59656513100003, 1.233314654000026], [117.59684911700003, 1.233236631000068], [117.59708855100007, 1.232943865000038], [117.59708173400008, 1.232827665000059], [117.59678234500007, 1.232844021000062], [117.5965991590001, 1.232949435000023], [117.59659610000006, 1.232950945000027], [117.59658578200003, 1.232953014000032], [117.59629727600009, 1.232953079000026], [117.59575234400006, 1.233315957000059], [117.59570509200012, 1.233401633000028], [117.59603207400005, 1.233423148000043], [117.59627718500008, 1.233299726000041], [117.59627803800004, 1.233299523000028], [117.59627892500009, 1.233298926000032], [117.59628436800006, 1.233298018000028]]], [[[117.59704952000004, 1.233530186000053], [117.596836058, 1.233306483000035], [117.59683059600002, 1.23329807500005], [117.59683057900008, 1.233297991000029], [117.59657499200011, 1.233368212000073], [117.5965678980001, 1.233369169000071], [117.59656695500007, 1.233368981000069], [117.59656616200004, 1.233369114000027], [117.59629479400007, 1.233351554000023], [117.59604966900008, 1.233474982000075], [117.596048816, 1.233475185000032], [117.59604792900006, 1.233475782000028], [117.5960425290001, 1.23347668100007], [117.59603761100004, 1.233477850000043], [117.59603665100008, 1.233477659000073], [117.59603584500007, 1.23347779300002], [117.59567775800008, 1.233454231000053], [117.59567148200006, 1.233698675000028], [117.59567139700005, 1.233699080000065], [117.59567110000012, 1.233702580000056], [117.595628024, 1.233954381000046], [117.59562796800003, 1.233954574000052], [117.59562794600004, 1.23395481600005], [117.59557384900006, 1.234242893000044], [117.59557226800007, 1.234248233000073], [117.59557206700003, 1.234248536000052], [117.59557199700009, 1.234248870000044], [117.59550145900005, 1.234408709000036], [117.59550131200001, 1.234408925000025], [117.59550126500005, 1.234409139000036], [117.595379051, 1.234673580000049], [117.59591022600011, 1.235111601000028], [117.59603876300002, 1.23519780700002], [117.59628611500011, 1.235230945000069], [117.59660605800002, 1.234778157000051], [117.59665873400002, 1.234548174000054], [117.59666009500006, 1.234543890000054], [117.5966659390001, 1.234535084000072], [117.596667636, 1.234533515000066], [117.59681731700005, 1.234406590000049], [117.59682097300004, 1.23440439500007], [117.59693582300008, 1.234319178000021], [117.59694070600005, 1.234301961000028], [117.59699855300005, 1.23425290800003], [117.596990602, 1.234149179000042], [117.59699075000003, 1.234148246000075], [117.59699052200006, 1.234147097000061], [117.59699257300008, 1.23413671000003], [117.59699395700011, 1.234133835000023], [117.59711686300011, 1.233912817000032], [117.59713432, 1.233692561000055], [117.59713628500003, 1.233684339000035], [117.59713671600002, 1.233683690000021], [117.59704952000004, 1.233530186000053]]], [[[117.59501353700011, 1.238884112000051], [117.59488822900005, 1.238549327000044], [117.59488818700004, 1.238549097000032], [117.59488753700009, 1.238547221000033], [117.59485787500012, 1.238442819000056], [117.59455587100001, 1.238560939000024], [117.5945402530001, 1.238560576000054], [117.59452425800009, 1.238568195000028], [117.5945236450001, 1.238568334000036], [117.59452304800004, 1.238568736000047], [117.59451273000002, 1.238570804000062], [117.59450241000002, 1.238568740000062], [117.59449366100012, 1.238562859000069], [117.59449152600007, 1.238560439000025], [117.59449073700011, 1.23855942900002], [117.59448899800009, 1.238559388000056], [117.59435387600001, 1.238406457000053], [117.59413736300007, 1.238397426000063], [117.59413464300007, 1.238396823000073], [117.59412995900004, 1.238396059000024], [117.59406575500009, 1.238374534000059], [117.59403129500004, 1.238369988000045], [117.59391203900009, 1.238334636000047], [117.59395487400002, 1.238822009000046], [117.59395492400006, 1.239044197000055], [117.5939272600001, 1.239216086000056], [117.59381988300004, 1.23938619200004], [117.59378421500003, 1.239631959000064], [117.593798493, 1.240090670000029], [117.59382701400011, 1.240255513000022], [117.59384130100011, 1.240456196000025], [117.59388407400002, 1.240664041000059], [117.59395530600011, 1.240757200000075], [117.5940162930001, 1.240821264000033], [117.59418486200002, 1.240873427000054], [117.59422381600007, 1.241127897000069], [117.59416551900006, 1.241349764000063], [117.59412016600004, 1.241473752000047], [117.59416556100007, 1.241538993000063], [117.59424174700007, 1.241575124000065], [117.59440355800007, 1.241665556000044], [117.59442157700005, 1.241855534000024], [117.59443058500005, 1.241946], [117.59424183800002, 1.241982230000076], [117.5942239200001, 1.242244590000041], [117.59425993800005, 1.242534079000052], [117.59435894500007, 1.243140191000066], [117.59441289600011, 1.243230647000075], [117.59448770100005, 1.243246570000053], [117.59441067400007, 1.242998142000033], [117.594362466, 1.24269774000004], [117.59431535800002, 1.242603513000063], [117.59448549600006, 1.241961993000075], [117.59445653700004, 1.241693851000036], [117.59433191000005, 1.241342876000033], [117.594370991, 1.24117745500007], [117.59443733500007, 1.240993693000064], [117.5945575930001, 1.240697164000039], [117.59463222400007, 1.240459111000064], [117.59485895700004, 1.240272964000042], [117.59484597000005, 1.24018161500004], [117.59494963800012, 1.239914062000025], [117.59510412800012, 1.239331328000048], [117.59508741400009, 1.239163482000038], [117.59507338600008, 1.239049651000073], [117.59501353700011, 1.238884112000051]]], [[[117.5981419740001, 1.239900162000026], [117.59807943600003, 1.239318525000044], [117.5980772040001, 1.239320516000021], [117.59768804300006, 1.239756539000041], [117.59753411400004, 1.239983510000059], [117.59747929600007, 1.240116012000044], [117.59747926000011, 1.240116066000041], [117.59747659100003, 1.240121002000024], [117.59726634300011, 1.240427434000026], [117.59714463000012, 1.240789647000042], [117.59714397000005, 1.240790717000039], [117.59714367900006, 1.24079208400002], [117.59704368500002, 1.241015872000048], [117.59696118700003, 1.241270706000023], [117.59687779600006, 1.242033281000033], [117.59687668100003, 1.242037655000047], [117.59687635700004, 1.242039524000063], [117.59680371700006, 1.242242130000022], [117.596803399, 1.242242634000036], [117.59680326800003, 1.242243298000062], [117.59679742500009, 1.242252104000045], [117.59667444700005, 1.24237593700002], [117.5966741740001, 1.242376121000063], [117.59667399900002, 1.242376378000074], [117.596554061, 1.242491660000042], [117.59649549700009, 1.242599784000049], [117.59652337600005, 1.242660545000035], [117.59652348600002, 1.242661052000074], [117.59652380500006, 1.242661532000056], [117.59652467900003, 1.242666513000074], [117.59652586000004, 1.242671918000042], [117.59652573700009, 1.242672540000058], [117.59652583500008, 1.242673097000022], [117.59652027300001, 1.242802530000063], [117.59651824800005, 1.242811738000057], [117.59651821000011, 1.242811795000023], [117.59651819700002, 1.242811861000064], [117.596401667, 1.243091292000031], [117.5963310940001, 1.243381168000042], [117.59641328200007, 1.243733760000055], [117.59645088400009, 1.243847212000048], [117.59657560000005, 1.244032683000057], [117.59674091800002, 1.244182368000054], [117.59674130500002, 1.244182919000025], [117.59674194700006, 1.244183350000071], [117.59674629300002, 1.244189075000065], [117.59692528000005, 1.244504173000053], [117.5969258020001, 1.244505243000049], [117.59707392400003, 1.244397362000029], [117.59720101000005, 1.244320662000064], [117.59728450000011, 1.244272977000037], [117.59732065900005, 1.244189189000053], [117.59737782400009, 1.244128892000049], [117.59748642800002, 1.24399625500007], [117.59761625300007, 1.243859323000038], [117.59771193100005, 1.243656639000051], [117.59772060800003, 1.243529909000074], [117.59773538500008, 1.243450585000062], [117.59774380200008, 1.243274518000021], [117.59778130100005, 1.243185030000063], [117.5979556420001, 1.243026043000043], [117.59799661600005, 1.242839991000039], [117.59793467500003, 1.242525527000055], [117.59783488300002, 1.24236137500003], [117.59784892000005, 1.242249270000059], [117.59794704500007, 1.242125929000053], [117.59802350600012, 1.242069385000036], [117.59814271000005, 1.241924038000036], [117.59818873000006, 1.241819498000041], [117.59830371300006, 1.241361797000025], [117.59833639300007, 1.241070970000067], [117.59835110300003, 1.240979978000041], [117.59832407300007, 1.240769777000025], [117.59821291900005, 1.240568453000037], [117.59804507000001, 1.240484563000052], [117.5979665540001, 1.240391684000031], [117.59810095000012, 1.239995357000055], [117.5981419740001, 1.239900162000026]]], [[[117.59411938400001, 1.246201283000062], [117.59422428100004, 1.246166242000072], [117.59433125100009, 1.246196038000051], [117.59430817900011, 1.246107105000021], [117.59428141500007, 1.246009362000052], [117.59428006400003, 1.245998728000075], [117.5942795630001, 1.245996796000043], [117.59427914700007, 1.24599353800005], [117.5942787570001, 1.24599187900003], [117.59427820000008, 1.245984062000048], [117.59426474100007, 1.245878135000055], [117.59427580500005, 1.245800059000032], [117.59427877300004, 1.245770122000067], [117.59428069, 1.245762436000064], [117.59428116600009, 1.245761719000029], [117.59428132900007, 1.245761001000062], [117.59428134400002, 1.24576096900006], [117.59428135900009, 1.245760862000054], [117.59428296400006, 1.245757598000068], [117.59441609200007, 1.245480520000058], [117.59441684400008, 1.245479455000066], [117.59441855600005, 1.245476377000045], [117.59445046500002, 1.245432197000071], [117.59448933100009, 1.245372707000058], [117.59474722900006, 1.244951035000042], [117.59486364000009, 1.244495890000053], [117.59489558700011, 1.244315974000074], [117.59488913100006, 1.244151233000025], [117.5947740470001, 1.243903429000056], [117.59474564300001, 1.244026688000019], [117.59480859000007, 1.244153329000028], [117.59476365900002, 1.244198573000062], [117.59483557600004, 1.244243790000041], [117.59487156400007, 1.244397577000029], [117.59479069100007, 1.244497110000054], [117.59469189300012, 1.244831864000048], [117.59461998000006, 1.244804740000063], [117.59457499400003, 1.244605721000028], [117.59452105200012, 1.244551452000053], [117.59444914300002, 1.244542422000052], [117.5942424430001, 1.244687217000035], [117.5941885630001, 1.24491339900004], [117.59409873600009, 1.245166729000061], [117.59413471000005, 1.245257189000029], [117.59421561700003, 1.24531145100002], [117.59424263100004, 1.245528568000054], [117.59408986900007, 1.245709538000028], [117.5940899100001, 1.245890474000021], [117.59402701800002, 1.246008096000025], [117.59411938400001, 1.246201283000062]]], [[[117.59548784600008, 1.247749250000027], [117.59557247400005, 1.247694465000052], [117.59568732000002, 1.247584908000022], [117.59571753900002, 1.247542306000071], [117.59574171800011, 1.247524045000034], [117.59584444300003, 1.247286704000032], [117.59596530400006, 1.247043274000021], [117.5960136430001, 1.246921561000022], [117.59608011400007, 1.246775505000073], [117.59609219100003, 1.246714651000048], [117.59614658800001, 1.246647703000065], [117.59618285300007, 1.246605099000021], [117.59620703100006, 1.246580753000046], [117.59621305900009, 1.24650164600007], [117.596207, 1.246440797000048], [117.59620698700007, 1.246386031000043], [117.59623116500006, 1.246361686000057], [117.5962795050001, 1.246246058000054], [117.59632178600009, 1.246069582000075], [117.59633989300005, 1.245935706000068], [117.59635196600004, 1.245850512000061], [117.59635800500007, 1.245820086000037], [117.59636403900004, 1.245771404000038], [117.59635521000007, 1.245750089000069], [117.59637332300008, 1.245667962000027], [117.59638149900002, 1.245610266000028], [117.59637373700002, 1.245571250000069], [117.59636711000007, 1.245551253000031], [117.59623746800003, 1.245712514000047], [117.59624542800009, 1.245715111000038], [117.59622497700002, 1.245728840000027], [117.59618498100008, 1.245780621000051], [117.59618344900002, 1.245779708000043], [117.596088312, 1.245898049000061], [117.59608642100011, 1.245900164000034], [117.59607960200003, 1.24590515400007], [117.59562124800004, 1.246140475000061], [117.59561932000008, 1.246141370000032], [117.59560900100007, 1.246143438000047], [117.59560548400009, 1.246143207000046], [117.59528145500008, 1.246100370000022], [117.59518412400007, 1.246263724000073], [117.59503232200007, 1.246695438000074], [117.59502819700003, 1.246708375000026], [117.59484918400005, 1.246999575000075], [117.59480722600006, 1.247077040000022], [117.59479067500001, 1.247130389000063], [117.59477270700006, 1.247227717000044], [117.59482358600008, 1.247359310000036], [117.5948352580001, 1.247371957000041], [117.59494270800008, 1.247485083000072], [117.59503465800003, 1.247631998000031], [117.59513207900011, 1.247664658000076], [117.59535482700005, 1.247731255000076], [117.59535527900005, 1.247729672000048], [117.59539111200002, 1.247743187000026], [117.59544552700004, 1.24775534500003], [117.59548784600008, 1.247749250000027]]], [[[117.59754074300008, 1.248214738000058], [117.59789386200009, 1.248198502000037], [117.59790540600011, 1.248200537000059], [117.5979067190001, 1.248201420000044], [117.59793279700011, 1.248202554000045], [117.59793832100002, 1.247207480000043], [117.5979124370001, 1.247129384000061], [117.5977313200001, 1.24688065700002], [117.59756170900005, 1.246672425000042], [117.59755589300005, 1.246371590000024], [117.59736612000006, 1.245972447000042], [117.59727124800008, 1.245833621000031], [117.59717922900006, 1.245605123000075], [117.59713344600004, 1.245394622000049], [117.59707447800008, 1.245177196000043], [117.59697048500004, 1.24493114400002], [117.59689884600004, 1.244660381000074], [117.59688947900008, 1.244674530000054], [117.59688611100012, 1.244678667000073], [117.59687982900004, 1.244683374000033], [117.59676514600005, 1.244745561000059], [117.59663567000007, 1.24484986300007], [117.59653920900007, 1.244999983000071], [117.59653874600008, 1.245000559000061], [117.59653843000001, 1.245001129000059], [117.59642289800001, 1.245162213000071], [117.5964082050001, 1.245191806000037], [117.596391, 1.245391477000055], [117.59640816100011, 1.245503581000037], [117.5964254270001, 1.245555676000038], [117.59642557000006, 1.245556559000022], [117.59642628800009, 1.245558936000066], [117.59643528600009, 1.245604168000057], [117.5964358110001, 1.245609490000049], [117.596435541, 1.245613328000047], [117.5964265670001, 1.245676658000036], [117.59642632100008, 1.245677563000072], [117.59642619600004, 1.245678707000025], [117.59639698, 1.245811176000075], [117.5964003150001, 1.245814051000025], [117.59638221400007, 1.24593569600006], [117.59638827000003, 1.245984376000024], [117.59637619400007, 1.246051314000056], [117.59632182700011, 1.246252134000031], [117.59632212300005, 1.246252928000047], [117.59624723800005, 1.246420522000051], [117.59624727100004, 1.246568018000062], [117.5963492520001, 1.246696262000057], [117.59634979600003, 1.246697189000031], [117.59635087800007, 1.246698540000068], [117.5964318020001, 1.246825176000073], [117.59643336400006, 1.246828179000033], [117.59643366900002, 1.246828622000066], [117.59647751900002, 1.246925661000034], [117.59659068000008, 1.247083288000056], [117.59667771300008, 1.247153334000075], [117.5966799360001, 1.247155336000048], [117.59668017600006, 1.247155698000029], [117.59668050500011, 1.247155926000062], [117.5968243530001, 1.24730968800003], [117.59682615200006, 1.247312488000034], [117.59682911700008, 1.247316732000058], [117.59690105900006, 1.247470511000074], [117.59690119100003, 1.247471106000035], [117.59690157300008, 1.247471681000036], [117.59690273900003, 1.247475159000032], [117.59693050600004, 1.247581263000029], [117.5969392940001, 1.247611564000067], [117.59694050400003, 1.24761946700005], [117.59694771900001, 1.247647038000025], [117.59694785200008, 1.247648072000061], [117.5969482160001, 1.247649334000073], [117.59699211200007, 1.247905237000055], [117.59706888000005, 1.248008212000059], [117.59710037700006, 1.248047820000068], [117.59710213900007, 1.248053135000021], [117.59712100500008, 1.248067370000058], [117.5971206480001, 1.248073312000031], [117.59713924300002, 1.248096696000061], [117.59724559100005, 1.248194770000055], [117.59724591300005, 1.248195233000047], [117.59724643800007, 1.248195586000065], [117.59724931400001, 1.248199001000046], [117.59728726900005, 1.248252459000071], [117.59735359500007, 1.248259861000065], [117.59745429700001, 1.248251391000053], [117.59753101700005, 1.24821705100004], [117.59753134800008, 1.248216980000052], [117.59753164900008, 1.248216778000028], [117.59754074300008, 1.248214738000058]]], [[[117.59694007300004, 1.247920915000066], [117.59689527000012, 1.247659727000041], [117.59685121600012, 1.247491387000025], [117.59678215100007, 1.247343758000056], [117.59664254600011, 1.247194532000037], [117.59655413300004, 1.247123374000068], [117.59655191000002, 1.247121373000027], [117.596549116, 1.247118073000024], [117.59643223100011, 1.246955258000071], [117.59643007600005, 1.246951375000037], [117.59642954200001, 1.246950599000058], [117.59638538700005, 1.246852885000067], [117.59630627500007, 1.246729084000037], [117.59622320100004, 1.24662461500003], [117.59617180400005, 1.246708721000061], [117.59610969900007, 1.246824871000058], [117.59577766000007, 1.247556927000062], [117.59577220200003, 1.247564843000021], [117.59567335200006, 1.24766438000006], [117.59567238500006, 1.247665031000054], [117.59567183400009, 1.247665796000035], [117.59554602100002, 1.24777438600006], [117.59554310100009, 1.247776191000071], [117.59554053300008, 1.247778056000072], [117.5954686340001, 1.247814259000052], [117.59546778100002, 1.247814462000065], [117.59546689400008, 1.247815059000061], [117.59545657500007, 1.247817127000076], [117.59544889100005, 1.247816003000025], [117.59511629800011, 1.247716565000076], [117.59511562800003, 1.247716326000045], [117.59511545500004, 1.247716297000068], [117.59503198100003, 1.247688313000026], [117.59494239300011, 1.247959026000046], [117.59494244300004, 1.248181278000061], [117.59511233800004, 1.248340804000065], [117.59525956400012, 1.248409156000037], [117.59618810900008, 1.248329162000061], [117.59652779400005, 1.248180916000024], [117.59707564900009, 1.248103591000074], [117.59702651200007, 1.248041799000021], [117.5970263800001, 1.248041575000059], [117.59702599600007, 1.248041129000057], [117.59694507600011, 1.247932586000047], [117.5969417340001, 1.247926689000053], [117.59694007300004, 1.247920915000066]]], [[[117.59796452, 1.24868562000006], [117.59793636400002, 1.248492574000068], [117.59793568300006, 1.24825172900006], [117.59790673000009, 1.248249802000032], [117.5979054170001, 1.248250686000063], [117.5978963230001, 1.248252726000032], [117.59754828500002, 1.248268728000028], [117.59747204400003, 1.24830285400003], [117.59747171300012, 1.248302925000075], [117.59747141200012, 1.248303127000042], [117.59746333200007, 1.248305101000028], [117.5973554740001, 1.24831417300004], [117.59735323400002, 1.248314267000069], [117.59735025700002, 1.248314102000052], [117.59726935900005, 1.24830507300004], [117.59726201800004, 1.248303175000046], [117.59725326800003, 1.248297294000054], [117.59725039200009, 1.248293878000027], [117.597207077, 1.248232873000063], [117.59711610900001, 1.248148982000032], [117.5970926230001, 1.248540496000032], [117.59745011300004, 1.248713379000037], [117.59789376200001, 1.248686551000048], [117.59796452, 1.24868562000006]]]]}},
{"type": "Feature", "properties": {"ba_code": "4523", "blockid": "4523L27P10", "division": "01"}, "geometry": {"type": "MultiPolygon", "coordinates": [[[[117.61718694500007, 1.247255161000055], [117.61719119600002, 1.247889207000071], [117.61714413400011, 1.248459241000035], [117.6171035640001, 1.250468787000045], [117.61910555100008, 1.250417094000056], [117.62004031800006, 1.25032640400002], [117.62002197400011, 1.248761323000053], [117.61998180300009, 1.247597339000038], [117.62000635600009, 1.247295800000074], [117.61832374900007, 1.24731891600004], [117.6178825720001, 1.247302498000067], [117.61718694500007, 1.247255161000055]]]]}},
{"type": "Feature", "properties": {"ba_code": "4523", "blockid": "4523N27P07", "division": "01"}, "geometry": {"type": "MultiPolygon", "coordinates": [[[[117.6200044310001, 1.238174560000061], [117.61998931700009, 1.236903080000047], [117.6181742330001, 1.237649245000057], [117.61723707700003, 1.238126737000073], [117.6172408010001, 1.23820876800005], [117.61753345200009, 1.238152769000067], [117.6200044310001, 1.238174560000061]]]]}},
{"type": "Feature", "properties": {"ba_code": "4523", "blockid": "4523N15P10", "division": "04"}, "geometry": {"type": "MultiPolygon", "coordinates": [[[[117.58492994500011, 1.230410587000051], [117.58498634300008, 1.230397218000064], [117.58495458100003, 1.230412369000021], [117.58516106900004, 1.230363827000076], [117.58534717500004, 1.230274578000035], [117.58534781900005, 1.230274432000044], [117.5853484490001, 1.230274007000048], [117.5853534800001, 1.23027246700002], [117.58548829900008, 1.230245297000067], [117.58548854500009, 1.230245273000037], [117.58548876300006, 1.230245208000042], [117.58558763100007, 1.230227092000064], [117.58558841600006, 1.230227021000076], [117.58558889100004, 1.230226892000076], [117.58571793100009, 1.230209546000026], [117.58585301300002, 1.230124529000022], [117.58593107500008, 1.23002845700006], [117.58593120000012, 1.230028318000052], [117.58593123000003, 1.230028268000069], [117.5859738260001, 1.229976797000063], [117.58597547300008, 1.229974980000065], [117.58597923100001, 1.229972452000027], [117.58601690500006, 1.22988139000006], [117.58601729500003, 1.229880804000061], [117.58602221900003, 1.229873162000047], [117.58618397100008, 1.229701237000029], [117.58618426600003, 1.229701032000037], [117.58618447900005, 1.229700711000021], [117.58618967200005, 1.229696628000056], [117.58636707800008, 1.229589439000051], [117.58657641900004, 1.229396209000072], [117.58667295400005, 1.229166412000041], [117.58667349100006, 1.229165608000073], [117.5866736690001, 1.229164849000028], [117.5867814820001, 1.228947702000028], [117.58678653200002, 1.228940647000059], [117.58679443900007, 1.228935129000035], [117.58689330100003, 1.228889873000071], [117.58689373600009, 1.228889778000053], [117.58689414000003, 1.22888950600003], [117.58690323400003, 1.22888746600006], [117.58710097500011, 1.228878376000068], [117.58710155200004, 1.228878477000023], [117.58710220000012, 1.228878347000034], [117.58710630000007, 1.228878662000056], [117.5873389200001, 1.22891463000002], [117.58758701200009, 1.228932411000073], [117.58788667700003, 1.228898017000063], [117.58780534700009, 1.227979389000041], [117.58765584000002, 1.227753777000032], [117.58762860700006, 1.227483693000067], [117.58753000600007, 1.227052937000053], [117.58736012000008, 1.22683416700005], [117.58733340100002, 1.226808867000045], [117.58731894900006, 1.226786808000043], [117.5872736990001, 1.226728267000055], [117.58714517900012, 1.226615546000062], [117.58717317800006, 1.226283770000066], [117.5873939280001, 1.226099103000024], [117.5874108380001, 1.225760631000071], [117.58729870700006, 1.225589712000044], [117.58721032900007, 1.225305966000064], [117.58717000900003, 1.225083037000047], [117.58715742800007, 1.22501348000003], [117.58715610900003, 1.225014220000048], [117.58715571200003, 1.225014414000043], [117.58715559000007, 1.225014504000058], [117.58687328300005, 1.225165013000037], [117.58668833400009, 1.22530690800005], [117.58660914900008, 1.225395503000072], [117.58660860300006, 1.225395892000051], [117.58660817400005, 1.225396538000041], [117.58660261200009, 1.225400156000035], [117.58659942700001, 1.225402423000048], [117.58659899300005, 1.225402510000038], [117.58659865100003, 1.225402733000067], [117.5862661110001, 1.225529461000065], [117.58626548500001, 1.225529577000032], [117.58626171500009, 1.225530720000052], [117.58593814900007, 1.22559411900005], [117.58593300300004, 1.225594619000049], [117.58593212200003, 1.225594443000034], [117.58593137100002, 1.225594569000066], [117.58563475300002, 1.225576541000066], [117.585634174, 1.225576407000062], [117.5856319510001, 1.225576222000029], [117.5854788050001, 1.225550566000038], [117.58517114200004, 1.225705484000059], [117.58512320900002, 1.225802025000064], [117.58506998000007, 1.226177642000039], [117.58506820000002, 1.226184190000026], [117.58506810500012, 1.226184333000049], [117.58506807200001, 1.226184495000041], [117.58498721800004, 1.226374496000062], [117.58498150300011, 1.22638299700003], [117.58493657100007, 1.226428241000065], [117.58492782400003, 1.226434126000072], [117.5849247760001, 1.226435188000039], [117.58470008100005, 1.226498565000043], [117.58469281100008, 1.226499571000033], [117.58468075100006, 1.22649670900006], [117.58464479400004, 1.226478623000048], [117.58462681500009, 1.226469580000071], [117.58461980600009, 1.226464498000041], [117.58460182600004, 1.226446408000072], [117.5845984560001, 1.226442272000043], [117.58456646400009, 1.22639399600007], [117.5844898040001, 1.226355437000052], [117.58415349400002, 1.226377439000032], [117.58407062100002, 1.22697198000003], [117.5840050380001, 1.228382934000024], [117.58397608900009, 1.228735286000074], [117.583916853, 1.229053653000051], [117.5839630270001, 1.229272511000033], [117.58399930100006, 1.229418416000044], [117.58402912500003, 1.230207661000065], [117.58417308900005, 1.23025595200005], [117.58417333300008, 1.230256113000053], [117.58417363500007, 1.230256173000043], [117.58418107300008, 1.230260820000069], [117.58432293900012, 1.23038570500006], [117.58448399500003, 1.230479507000041], [117.5846633760001, 1.230462272000068], [117.584895275, 1.230426311000031], [117.58494182700008, 1.230415367000035], [117.58492994500011, 1.230410587000051]], [[117.58664075900003, 1.229154580000056], [117.58664322800007, 1.229146704000073], [117.58664385400004, 1.229149853000024], [117.58664075900003, 1.229154580000056]], [[117.58755693400008, 1.227243628000053], [117.58755030900011, 1.227222209000047], [117.58755125500011, 1.227222685000072], [117.58755693400008, 1.227243628000053]]], [[[117.58341114400002, 1.222657881000032], [117.58342334200006, 1.222654960000057], [117.58346779700003, 1.222654950000049], [117.58353815500004, 1.222654935000037], [117.58364278800002, 1.222628582000027], [117.58364932800009, 1.222627770000031], [117.58365163700012, 1.222627770000031], [117.58396473000005, 1.222461363000036], [117.58417705200009, 1.22221193300004], [117.58417828900008, 1.22221102900005], [117.58417926100003, 1.22220962800003], [117.58474541100009, 1.221684789000051], [117.5847533540001, 1.221679680000022], [117.58475730000009, 1.22167838300004], [117.58508766600005, 1.221597424000038], [117.585463075, 1.221435390000067], [117.58546323600001, 1.221435356000029], [117.5854633780001, 1.221435261000067], [117.58546670900012, 1.221434122000062], [117.58571895300008, 1.221355821000031], [117.58585907100007, 1.221290036000028], [117.58565803800002, 1.221041366000065], [117.58552293700006, 1.220965123000042], [117.58520330400006, 1.220766222000066], [117.58511433900003, 1.220733080000059], [117.58481449300007, 1.220620395000026], [117.58458384200003, 1.220534225000051], [117.58449813700008, 1.220341905000055], [117.584254267, 1.220070031000034], [117.58389180400002, 1.219877771000029], [117.58357873900002, 1.219576067000048], [117.58309430200006, 1.219068796000045], [117.58305147700003, 1.219098651000024], [117.58285711300005, 1.219218076000061], [117.58277559900012, 1.219283219000033], [117.58265877100007, 1.21937658500002], [117.58264958000007, 1.219383930000049], [117.58199732600008, 1.219878184000038], [117.5814175480001, 1.220329312000047], [117.58139449300006, 1.220365795000021], [117.58144722400004, 1.220435423000026], [117.58158563600011, 1.220587938000051], [117.58241282800009, 1.221569349000049], [117.58273909000002, 1.221950640000045], [117.58266343000003, 1.222501143000045], [117.5827260430001, 1.222560821000059], [117.58273592400008, 1.222547554000073], [117.58275238800002, 1.222501124000075], [117.58279519900009, 1.222404945000051], [117.58281373900002, 1.222354259000042], [117.58285185400007, 1.222272618000034], [117.58285217100001, 1.222272165000049], [117.58285339000008, 1.222269781000023], [117.58294324200006, 1.222125013000039], [117.58294704000002, 1.222120205000067], [117.58307284900002, 1.221993522000048], [117.58307668900011, 1.221990314000038], [117.5834152330001, 1.221757062000052], [117.58367224800008, 1.22145364000005], [117.58377791500004, 1.221285164000051], [117.58397472400009, 1.220825682000054], [117.58398041400005, 1.220817240000031], [117.58398292600009, 1.220815007000056], [117.58422556900007, 1.220624972000053], [117.58423180400007, 1.220621319000031], [117.58423413100002, 1.220620472000064], [117.58443447700006, 1.220557843000051], [117.58444246900001, 1.220556622000061], [117.58444930500002, 1.220557989000042], [117.58444579600007, 1.220611143000042], [117.58425481400002, 1.220670845000029], [117.5840215070001, 1.220853569000042], [117.58382660400002, 1.221308602000022], [117.58382645900008, 1.221308818000068], [117.58382464400006, 1.221312345000058], [117.58371682100005, 1.221484258000032], [117.58371517800003, 1.221486328000026], [117.58371453900008, 1.221487378000063], [117.58345394500009, 1.221795026000052], [117.58345249600006, 1.221796605000065], [117.58344865700008, 1.221799814000065], [117.5831092200001, 1.222033680000038], [117.58298735300002, 1.222156393000034], [117.5828999800001, 1.222297168000068], [117.58286027400004, 1.222382217000074], [117.58275339400006, 1.222600156000055], [117.58293652900011, 1.222803462000059], [117.58294588800004, 1.22279379400004], [117.58322968800007, 1.22268133700004], [117.58341114400002, 1.222657881000032]]], [[[117.5844884170001, 1.225354922000065], [117.58491608700001, 1.224924282000075], [117.58492483400005, 1.224918397000067], [117.58492902500006, 1.224917040000037], [117.5851867350001, 1.224852401000021], [117.58523626700003, 1.224783599000034], [117.58542704900003, 1.224617600000045], [117.58547867800007, 1.224539614000037], [117.58552113500002, 1.224471208000068], [117.58557398500011, 1.224258236000026], [117.58557438800005, 1.224257005000027], [117.58557445600002, 1.224256567000054], [117.58570918800001, 1.223831338000025], [117.58570949300008, 1.22383050000002], [117.58570951600007, 1.223830369000041], [117.58590438400006, 1.223287009000046], [117.58591747700007, 1.223224142000049], [117.58591792600009, 1.223222677000024], [117.58591840400004, 1.223220259000072], [117.58592157900011, 1.223214582000026], [117.58595901800004, 1.223163235000072], [117.58596168600002, 1.223160106000023], [117.58597043200007, 1.223154221000073], [117.58597665100001, 1.22315246900007], [117.58650310900009, 1.22307083000004], [117.5867363000001, 1.22302564000006], [117.58674139300001, 1.223025151000058], [117.58674170000006, 1.223025212000039], [117.58674199200004, 1.223025157000052], [117.58714646700003, 1.223034115000075], [117.58715618800011, 1.223036172000036], [117.58715915900007, 1.223037631000068], [117.58728106400008, 1.223107093000067], [117.58728684200003, 1.223111516000074], [117.58728864500006, 1.223113521000073], [117.58731187800004, 1.223142089000021], [117.58731313200008, 1.223144197000067], [117.58753976500009, 1.22301408200002], [117.58761223800002, 1.222961007000038], [117.58748188100003, 1.222709390000034], [117.58741446200008, 1.222543212000062], [117.58733866500006, 1.222460324000053], [117.58709480800007, 1.222248142000069], [117.5864225900001, 1.221830450000027], [117.58605680000005, 1.221492280000064], [117.5859052080001, 1.221339768000064], [117.58576593600003, 1.221409452000046], [117.58548255700009, 1.221486042000038], [117.58510685600004, 1.22164820200004], [117.58510669400005, 1.221648236000021], [117.58510655300006, 1.22164833100004], [117.58510260800006, 1.221649629000069], [117.58477682400007, 1.22172946400002], [117.58423067900003, 1.222235758000068], [117.5842351010001, 1.222233703000029], [117.584172738, 1.222314441000037], [117.5842191800001, 1.222246418000054], [117.58421696900007, 1.222248467000043], [117.58400234100009, 1.222500607000029], [117.58400158200004, 1.222501161000025], [117.58400093600005, 1.22250213500007], [117.58399445600003, 1.222506948000046], [117.5836709140001, 1.222678908000034], [117.58366864700008, 1.222679981000056], [117.58365832800007, 1.22268204900007], [117.58365265900011, 1.22268205000006], [117.58365091600001, 1.222682489000022], [117.58365013900004, 1.222688924000067], [117.58364992700001, 1.222688924000067], [117.5836046280001, 1.223065765000058], [117.5835994140001, 1.223108933000049], [117.58356680400004, 1.223311618000025], [117.58337907000009, 1.223560808000059], [117.58337753300009, 1.223577865000038], [117.58337232800011, 1.223584978000019], [117.58334074900006, 1.223534148000056], [117.58335515600004, 1.223502713000073], [117.58344117800004, 1.223388530000022], [117.58351747900008, 1.223311700000068], [117.58353640100006, 1.22322908700005], [117.5835392350001, 1.223157387000072], [117.58359488500002, 1.222696601000052], [117.58359749500005, 1.222685391000027], [117.58351103400003, 1.222701664000056], [117.5833404010001, 1.222692150000057], [117.58323957100004, 1.222710842000026], [117.58314486600011, 1.222765289000051], [117.58304347100011, 1.222802913000066], [117.58295849800004, 1.222829149000063], [117.58296810500008, 1.222841583000047], [117.58302493800011, 1.222898761000067], [117.58322701500003, 1.223108418000038], [117.58324608700002, 1.223718451000025], [117.5833723940001, 1.223889997000072], [117.58351132900009, 1.224067894000029], [117.58348613400005, 1.224341146000029], [117.58354296100003, 1.22436655100006], [117.58368187500002, 1.224449130000039], [117.5836819650001, 1.224862177000034], [117.583694605, 1.224925720000044], [117.583726178, 1.224951131000068], [117.58390298300003, 1.225078183000051], [117.58404822600005, 1.225230661000069], [117.5841492610001, 1.225319603000059], [117.58419346300002, 1.225351366000041], [117.5843955150001, 1.22544664000003], [117.584427075, 1.225414860000058], [117.5844884170001, 1.225354922000065]]], [[[117.58469781200006, 1.226446189000058], [117.58478084900003, 1.226425157000051], [117.58487554600003, 1.226399718000039], [117.58495129800008, 1.226355220000073], [117.58498285600001, 1.226310731000069], [117.58503333100009, 1.226158210000051], [117.58503963500004, 1.22611372700004], [117.58503406700004, 1.226046653000026], [117.58507043800012, 1.22579], [117.58507221800005, 1.225783451000041], [117.58507281000004, 1.225782558000049], [117.58507301100008, 1.225781700000027], [117.58512691800001, 1.225673126000061], [117.58513196700005, 1.225666072000024], [117.58513897400007, 1.225660986000037], [117.5854625180001, 1.22549807300004], [117.58546337100006, 1.225497870000027], [117.58546425800012, 1.22549727300003], [117.58547457700001, 1.225495205000072], [117.58547901000009, 1.225495573000046], [117.58563941300008, 1.225522445000024], [117.58573935900006, 1.225528519000022], [117.58574030400007, 1.225528953000037], [117.58587289000002, 1.225541633000034], [117.58592339800009, 1.225541622000037], [117.58597882200002, 1.225528736000058], [117.58597802700001, 1.22553100500005], [117.58624915900009, 1.225477880000028], [117.58657343300001, 1.225354302000028], [117.58664993100001, 1.225268714000038], [117.58665047800002, 1.225268325000059], [117.58665090600005, 1.225267678000023], [117.5866536310001, 1.22526528100002], [117.58684235400005, 1.225120490000052], [117.58684461000007, 1.22511918400005], [117.58684607900011, 1.22511809100007], [117.58713008600012, 1.224966676000065], [117.5871474060001, 1.224956948000056], [117.5871502220001, 1.224955575000024], [117.58716054100012, 1.224953507000066], [117.58716563300004, 1.224954525000044], [117.58719663000011, 1.224793138000052], [117.58720679200007, 1.224663219000035], [117.587186373, 1.224485442000059], [117.58716937300005, 1.224410231000036], [117.58703345800006, 1.22420512900004], [117.58690435100004, 1.224068402000057], [117.58684474100005, 1.223783590000039], [117.58692707000012, 1.223601182000039], [117.58704892900005, 1.223388919000058], [117.58726421400002, 1.223175998000045], [117.58726784400005, 1.223173639000038], [117.58725010700005, 1.223151829000074], [117.58713849600008, 1.223088233000055], [117.58674367600008, 1.223079489000042], [117.58651281000004, 1.223124227000028], [117.58651223700008, 1.223124283000061], [117.58651181800008, 1.223124400000074], [117.58599589300002, 1.223204406000036], [117.58596901100009, 1.223241275000021], [117.58595677900007, 1.223300005000056], [117.58595587000002, 1.22330297000002], [117.58595575100003, 1.223303652000027], [117.5857604140001, 1.223848317000034], [117.58562609800003, 1.224272232000033], [117.585572425, 1.224488525000027], [117.585571178, 1.224492328000053], [117.58556913300004, 1.224496327000054], [117.58552420700005, 1.224568711000074], [117.58552398100005, 1.224568998000052], [117.58552377700005, 1.224569382000027], [117.58549330300002, 1.224615413000038], [117.58547494400011, 1.224633019000066], [117.5854187220001, 1.224696292000033], [117.58534233400007, 1.224762223000027], [117.58525401700001, 1.22484276800003], [117.58520933700004, 1.224894285000062], [117.58494878700003, 1.22496813600003], [117.58481843900006, 1.225084337000055], [117.58458279500007, 1.225336669000058], [117.58455333500001, 1.225370350000048], [117.58444603500004, 1.225503820000029], [117.58448938600009, 1.225578164000069], [117.58447621700009, 1.225627910000071], [117.58443339300004, 1.225661081000055], [117.58437409500004, 1.225697572000058], [117.5842884440001, 1.22575396600007], [117.58425038200005, 1.225802527000042], [117.58423574900007, 1.225853464000068], [117.58421929200006, 1.225926423000033], [117.58416007200003, 1.226324379000062], [117.58449265500008, 1.226300691000063], [117.58449502500002, 1.226300585000047], [117.58450534400004, 1.226302649000047], [117.58450623200008, 1.226303245000054], [117.58450708400005, 1.226303448000067], [117.58459697800004, 1.226348662000021], [117.58460398700004, 1.22635374400005], [117.5846073570001, 1.226357880000023], [117.58464184000002, 1.226409917000069], [117.58466089500007, 1.226431538000043], [117.58469781200006, 1.226446189000058]]], [[[117.58776897700011, 1.231599632000041], [117.58797312000002, 1.23099935800002], [117.58799616200008, 1.230903183000066], [117.58801919900009, 1.230783795000036], [117.58800927000004, 1.230578194000032], [117.58794303500008, 1.230384875000027], [117.5878408100001, 1.23015515000003], [117.58779729600008, 1.229995430000031], [117.58788421700001, 1.229831305000062], [117.5880711310001, 1.229625584000075], [117.58823706200008, 1.229466502000037], [117.58823365100011, 1.229401544000041], [117.5881962740001, 1.229343431000075], [117.58812488900003, 1.229100708000033], [117.58806712300009, 1.229008411000052], [117.58793124400006, 1.228970833000062], [117.58791555100004, 1.228946544000053], [117.58791244600002, 1.228948633000073], [117.58790517700004, 1.228950526000062], [117.587590642, 1.22898662700004], [117.58758759300008, 1.228986801000076], [117.58758654100006, 1.228986591000023], [117.58758567200005, 1.228986733000056], [117.58733399500011, 1.228968695000049], [117.58733350400007, 1.228968578000035], [117.58733181600007, 1.228968449000035], [117.58710076000011, 1.228932723000071], [117.5869108920001, 1.228941451000026], [117.58682545600004, 1.228980561000071], [117.5867222930001, 1.229188343000033], [117.58662380600003, 1.229422789000068], [117.58661804100007, 1.22943140600006], [117.58661751700004, 1.229431759000022], [117.58661719500003, 1.229432222000071], [117.5864015190001, 1.229631299000062], [117.58640047800009, 1.229631967000046], [117.58639717200003, 1.229634566000072], [117.586220593, 1.229741256000068], [117.58606478600007, 1.229906862000064], [117.58603529400011, 1.229978146000064], [117.58602538200012, 1.229989790000047], [117.5859835760001, 1.230103155000052], [117.58597685500001, 1.230119399000046], [117.58597683700009, 1.230119427000034], [117.58597508800005, 1.230122924000057], [117.58589426900005, 1.230258566000032], [117.58577920300002, 1.230454658000042], [117.58570954900006, 1.230691457000034], [117.58571835000009, 1.230929217000039], [117.58575396300012, 1.23111717200004], [117.58575444000007, 1.231122251000045], [117.58575444000007, 1.231124004000037], [117.58575239000004, 1.231134391000069], [117.5857465470001, 1.231143197000051], [117.58573780000006, 1.231149082000059], [117.58572748100005, 1.231151151000063], [117.58571716200004, 1.231149087000063], [117.58570841200003, 1.23114320600007], [117.58570256500002, 1.231134402000066], [117.58570152800007, 1.231129160000023], [117.58570098700011, 1.231127341000047], [117.58566499200003, 1.230937366000035], [117.58566466700006, 1.230933908000054], [117.5856645340001, 1.230933292000032], [117.58565549200011, 1.230689031000054], [117.58565557800011, 1.230688552000061], [117.58565547400008, 1.230688026000053], [117.58565658300006, 1.230680316000075], [117.58572843600007, 1.230436036000071], [117.585729377, 1.230433360000063], [117.58573107400002, 1.230429939000032], [117.58584787900008, 1.230230884000036], [117.5858479200001, 1.230230831000029], [117.58584797100002, 1.230230727000048], [117.58591700300008, 1.23013097300003], [117.58574157800001, 1.230258682000056], [117.58573760600007, 1.230260743000031], [117.58573085100011, 1.230262572000072], [117.58559666200006, 1.230280610000023], [117.58549865500004, 1.230298568000023], [117.58536735000007, 1.230325030000074], [117.585181637, 1.230414091000057], [117.58518099300011, 1.230414237000048], [117.58518036300006, 1.230414661000054], [117.58517617100006, 1.230416018000028], [117.58490653500007, 1.23047940500004], [117.58490547100007, 1.230479529000036], [117.58490450800002, 1.230479800000069], [117.58467081900005, 1.230516039000065], [117.58466970500001, 1.230516125000065], [117.58466927600011, 1.23051623300006], [117.58448052500012, 1.230534368000065], [117.5844779680001, 1.230534491000071], [117.58446764900009, 1.230532427000071], [117.58446445700008, 1.230530841000075], [117.5842936570001, 1.230431364000026], [117.58429089900005, 1.230429233000052], [117.58428941000011, 1.230428302000064], [117.58414913600006, 1.230304819000025], [117.58403243300006, 1.230267352000055], [117.58407221400012, 1.231388214000049], [117.58418154000003, 1.231394002000059], [117.58453208100002, 1.231375831000037], [117.5845590350001, 1.231321544000025], [117.5846039600001, 1.231249160000061], [117.58466688100009, 1.231258193000031], [117.58477475900008, 1.231339590000061], [117.584990489, 1.231384777000073], [117.58510733500009, 1.231375704000072], [117.58523317800007, 1.23140281700006], [117.58536045400001, 1.231341503000067], [117.58542635000003, 1.231344805000049], [117.58556574200009, 1.231384649000063], [117.58562866200009, 1.231393682000032], [117.58567346900008, 1.231404442000041], [117.58642468800008, 1.231470599000033], [117.58696174400006, 1.231520223000075], [117.58776897700011, 1.231599632000041]]]]}},
{"type": "Feature", "properties": {"ba_code": "4523", "blockid": "4523M30P07", "division": "01"}, "geometry": {"type": "MultiPolygon", "coordinates": [[[[117.62560071000007, 1.247270741000023], [117.62698842100008, 1.247297582000044], [117.62832213400009, 1.247319001000051], [117.62832188800007, 1.246280971000033], [117.62834310400001, 1.244666856000038], [117.62834370700011, 1.242589469000052], [117.62832551000008, 1.241657661000033], [117.62830710500009, 1.239839274000076], [117.62828757900002, 1.238188691000062], [117.62691353600007, 1.238211195000019], [117.62561023600006, 1.23822055200003], [117.62561075000008, 1.240409860000057], [117.62562028700006, 1.242743914000073], [117.62558402700006, 1.245221857000047], [117.62560071000007, 1.247270741000023]]]]}},
{"type": "Feature", "properties": {"ba_code": "4523", "blockid": "4523K31P10", "division": "01"}, "geometry": {"type": "MultiPolygon", "coordinates": [[[[117.62990349400002, 1.256486292000034], [117.63001291800003, 1.256594172000064], [117.63009607400011, 1.256651408000039], [117.63019673400004, 1.256710843000064], [117.63027332200011, 1.25675046300006], [117.63037180800006, 1.256862750000039], [117.63043308500005, 1.256924396000045], [117.63048560900006, 1.25697503300006], [117.63053812800001, 1.257010255000068], [117.63068255000007, 1.25708068900002], [117.63078101500003, 1.257107091000023], [117.63084010700004, 1.257179749000045], [117.6309429480001, 1.257206150000059], [117.63108736400011, 1.257250158000033], [117.63123178400008, 1.257309581000072], [117.63129305300004, 1.257333790000075], [117.63136748200009, 1.257496733000039], [117.63144620000003, 1.257291912000028], [117.63142193700003, 1.256479317000071], [117.63105654700007, 1.256477204000021], [117.62990349400002, 1.256486292000034]]]]}},
{"type": "Feature", "properties": {"ba_code": "4523", "blockid": "4523N16P10", "division": "04"}, "geometry": {"type": "MultiPolygon", "coordinates": [[[[117.58761083600007, 1.226928283000063], [117.58762115400009, 1.226926214000059], [117.58762169300007, 1.226926322000054], [117.58762218200002, 1.226926234000075], [117.58814566300009, 1.226946216000044], [117.5881462320001, 1.22694634100003], [117.58814945900008, 1.226946633000068], [117.58834855200007, 1.22698302200007], [117.58858540900007, 1.226948081000046], [117.58870529900003, 1.226775615000065], [117.58873400700008, 1.226659927000071], [117.58872164200011, 1.226117557000066], [117.5887216970001, 1.226117257000055], [117.58872163400008, 1.226116940000054], [117.5889251640001, 1.225743419000025], [117.58893091100003, 1.225510022000037], [117.58865692900008, 1.22506484400003], [117.58865494200006, 1.225060944000063], [117.58865288700008, 1.225050558000021], [117.58865317700008, 1.225046580000026], [117.58870970300006, 1.224661963000074], [117.58866413900012, 1.224539322000055], [117.58848107200004, 1.224402677000057], [117.58826879600008, 1.224290250000024], [117.5882622900001, 1.224285427000041], [117.58825644300009, 1.224276623000037], [117.58825455700003, 1.224269264000043], [117.58820860500009, 1.223787376000075], [117.58773956700009, 1.223420361000024], [117.58764278000001, 1.223337968000067], [117.58763902200008, 1.223173140000029], [117.58762409200006, 1.222978346000048], [117.58750872900009, 1.223049547000073], [117.58728544600001, 1.223188202000074], [117.58705845700001, 1.223401780000074], [117.5870026450001, 1.223480461000065], [117.58688534500004, 1.223708677000047], [117.58686233800006, 1.223802842000055], [117.58688106200009, 1.223866577000024], [117.5869300380001, 1.224054887000023], [117.58700777700005, 1.224143235000042], [117.5870668020001, 1.224215653000044], [117.58716182100011, 1.224348905000056], [117.58721365800011, 1.224456092000025], [117.58723241300004, 1.224663240000041], [117.58718787600003, 1.225029750000033], [117.58723542900009, 1.225293388000068], [117.58732472000008, 1.225555569000051], [117.58743558200001, 1.225738070000034], [117.58742985100002, 1.225858307000067], [117.58741839000004, 1.226097331000062], [117.5872529080001, 1.226246576000051], [117.58719678900002, 1.226304533000075], [117.5871867300001, 1.226376966000032], [117.58716375300003, 1.226610199000049], [117.58720406100008, 1.226650751000022], [117.5872875550001, 1.226730407000048], [117.58742143900008, 1.226879585000063], [117.58753372900003, 1.227011384000036], [117.5876015660001, 1.226934709000034], [117.58760186900008, 1.226934499000038], [117.58760208900003, 1.226934168000071], [117.58761083600007, 1.226928283000063]]], [[[117.58950382800003, 1.22524276300004], [117.58950382700004, 1.225237019000076], [117.58949790500003, 1.225016586000038], [117.58952094100005, 1.224935368000047], [117.58951709400003, 1.224912165000035], [117.58941095700004, 1.224618746000033], [117.58933275800007, 1.224438951000025], [117.58925083800011, 1.224262902000021], [117.58919870200009, 1.224124307000068], [117.58894558400004, 1.223993249000046], [117.58833887500009, 1.223806078000052], [117.58824582700004, 1.223802352000064], [117.58830655200006, 1.224248910000028], [117.58850802300003, 1.224355614000046], [117.5885093070001, 1.22435656600004], [117.58851152800003, 1.224357832000067], [117.58870266600002, 1.224500501000023], [117.58870566700011, 1.224503106000043], [117.58871151400001, 1.224511910000047], [117.58871161200011, 1.22451240700002], [117.58871186100009, 1.224512795000066], [117.58876265200001, 1.224649506000048], [117.58876436000003, 1.224659006000024], [117.58876407000002, 1.22466298400002], [117.58870797000009, 1.225044701000058], [117.58897687500007, 1.225481629000058], [117.589016936, 1.225493331000052], [117.58943034800006, 1.225657196000043], [117.58943054000008, 1.225657322000075], [117.5894307750001, 1.225657369000032], [117.58961261900004, 1.225807022000026], [117.58960449000006, 1.225722705000067], [117.58954524300009, 1.225401452000028], [117.58950382800003, 1.22524276300004]]], [[[117.5885384830001, 1.228283812000029], [117.58889581900007, 1.228181823000057], [117.588897298, 1.228181616000029], [117.58889914500003, 1.22818109800005], [117.58922586500012, 1.228131387000076], [117.58922989000007, 1.228131082000061], [117.58947648000003, 1.228131028000064], [117.58947747400009, 1.228131226000073], [117.58947830400007, 1.228131089000044], [117.58983732800004, 1.228155508000043], [117.5899190990001, 1.228131974000064], [117.5899265060001, 1.228130928000041], [117.58992882600012, 1.228131391000034], [117.58998228700011, 1.22800576000003], [117.58998700400002, 1.227843108000059], [117.58998934100009, 1.227661322000074], [117.59004633500001, 1.227474739000058], [117.59004629600008, 1.227297737000072], [117.58984658700001, 1.226900722000039], [117.58983706600009, 1.226833751000072], [117.58980853000003, 1.226747648000071], [117.58974196500003, 1.226637634000042], [117.589599324, 1.226393690000066], [117.58955175400001, 1.226207130000034], [117.58961823100003, 1.225915301000043], [117.58961822100002, 1.22586869600002], [117.58940658900008, 1.225706115000037], [117.58900070100003, 1.225545109000052], [117.58898411300004, 1.225540264000074], [117.588978913, 1.225751475000038], [117.58877572600011, 1.226123714000039], [117.58878800600007, 1.226662335000071], [117.5887879500001, 1.226662635000025], [117.58878801300011, 1.226662952000027], [117.58878720900009, 1.226669535000042], [117.58875641300006, 1.226793638000061], [117.58875516600006, 1.22679744200002], [117.58875234600009, 1.226802621000047], [117.58862292700007, 1.226988795000068], [117.5886199040001, 1.22699242300007], [117.58861115700006, 1.22699830800002], [117.58860474300002, 1.227000089000057], [117.58835199700002, 1.22703737400002], [117.58834809200005, 1.227037661000054], [117.58834326800002, 1.227037225000061], [117.58814170700009, 1.227000385000053], [117.5876323550001, 1.226980942000068], [117.58757646600009, 1.227040439000064], [117.58756719700011, 1.227046866000023], [117.58755676600003, 1.227050492000046], [117.58765330000006, 1.227525617000026], [117.58768788900011, 1.227741454000068], [117.58776563700008, 1.227868915000045], [117.58781314700002, 1.227938438000024], [117.58783186500011, 1.227970304000053], [117.58789967300004, 1.228719224000031], [117.58793138100009, 1.228923473000066], [117.5880004710001, 1.228948084000024], [117.58810698400009, 1.228984276000062], [117.58808910500011, 1.228926870000066], [117.58808895200002, 1.228923984000062], [117.58809100200006, 1.22891359700003], [117.58809147800002, 1.228912880000053], [117.58809164200011, 1.228912162000029], [117.58817623700008, 1.228736096000034], [117.58818144100007, 1.228728725000053], [117.58818706600005, 1.228724386000067], [117.58830643600004, 1.228655267000022], [117.58832504500003, 1.228649799000038], [117.58841808000011, 1.228593587000034], [117.58841874600012, 1.228590236000059], [117.5884231660001, 1.228587676000075], [117.58846420200007, 1.228391273000057], [117.58846465400006, 1.228389800000059], [117.58846476300005, 1.228389057000072], [117.58848726000008, 1.228313599000046], [117.5885384830001, 1.228283812000029]]], [[[117.58982333600011, 1.229244811000058], [117.58983515700004, 1.228967345000058], [117.58983988600005, 1.228857316000074], [117.5898826350001, 1.228732926000021], [117.58994914100003, 1.228570261000073], [117.58998239900006, 1.228517631000045], [117.58998712800008, 1.228407602000061], [117.5899776010001, 1.22831192700005], [117.58992529800003, 1.228216262000046], [117.58992529200009, 1.22818664700003], [117.58984762500006, 1.228209001000039], [117.58984021700007, 1.228210047000061], [117.58983922300001, 1.228209848000063], [117.58983839300004, 1.228209985000035], [117.589475579, 1.228185308000036], [117.58923192600002, 1.228185363000023], [117.58890889100007, 1.228234513000075], [117.58854067000004, 1.228339609000045], [117.58853560000011, 1.22834031900004], [117.58851674400012, 1.228403563000029], [117.58847345900006, 1.22861073100006], [117.58847198600006, 1.228615526000056], [117.58846614200002, 1.228624332000038], [117.58846051700004, 1.228628671000024], [117.58822116700003, 1.228767263000066], [117.58814355000004, 1.228928805000066], [117.58814495000001, 1.228972368000029], [117.5881343310001, 1.228988615000048], [117.58816026700003, 1.229121883000062], [117.58821500300007, 1.229326126000046], [117.58827979600005, 1.229444898000054], [117.58830546400009, 1.229424881000057], [117.58836017100009, 1.229394275000061], [117.58836294700006, 1.22939292500007], [117.58836811900005, 1.229391357000054], [117.58859209600007, 1.229362257000048], [117.58875587000011, 1.229246464000028], [117.58875935700007, 1.229244701000027], [117.58876030300007, 1.229244512000037], [117.5887609890001, 1.229244082000037], [117.58896251200008, 1.229175003000023], [117.5889706160001, 1.229173652000043], [117.58897109500003, 1.229173555000045], [117.58937259800007, 1.229171910000048], [117.589542821, 1.229161071000021], [117.58954359900008, 1.229161201000068], [117.58954451800003, 1.229161017000024], [117.58955483700004, 1.229163081000024], [117.58955947600009, 1.229165572000056], [117.58968895500004, 1.229252411000061], [117.589693065, 1.229255801000022], [117.589698913, 1.229264605000026], [117.5896989470001, 1.229264777000026], [117.58969904000003, 1.229264919000059], [117.58978283600004, 1.229475821000051], [117.58980910100001, 1.229354842000021], [117.58982333600011, 1.229244811000058]]], [[[117.58957254000006, 1.231653901000072], [117.58965789100012, 1.230500081000059], [117.58964668800002, 1.230331509000052], [117.58969876700007, 1.230207875000076], [117.58976199800009, 1.230016810000052], [117.58978053600003, 1.229690894000043], [117.589776529, 1.229668742000058], [117.58978064900009, 1.229651447000037], [117.58977757800005, 1.229559338000058], [117.58977630200002, 1.229559594000023], [117.589765983, 1.229557530000022], [117.58975723300011, 1.22955164900003], [117.58975125900008, 1.22954253100005], [117.5896520770001, 1.229292905000023], [117.58953714400002, 1.229215822000072], [117.5893752070001, 1.229226133000054], [117.58937448100005, 1.229226012000026], [117.58937361400001, 1.229226187000052], [117.58897572400008, 1.229227817000037], [117.5887810590001, 1.229294545000073], [117.58860900500008, 1.229397824000046], [117.588605518, 1.229399586000056], [117.58860034600002, 1.229401154000072], [117.5883805410001, 1.229431838000039], [117.58832441600009, 1.229460823000068], [117.58826827900009, 1.229497094000067], [117.58806484400009, 1.229703693000033], [117.58792057000005, 1.229862032000028], [117.5878527320001, 1.229997818000072], [117.58789686400007, 1.230190249000032], [117.5879484510001, 1.230298876000063], [117.58797514100002, 1.230351947000031], [117.58800414000007, 1.230463407000059], [117.58803699900011, 1.230549659000076], [117.58804069700011, 1.230622690000075], [117.58804414100007, 1.23078190800004], [117.58801815100003, 1.230909771000029], [117.587995567, 1.231025306000049], [117.58779644700007, 1.231576888000063], [117.5881425990001, 1.231578522000063], [117.58814433500004, 1.231575607000025], [117.58950182300009, 1.231650171000069], [117.58957254000006, 1.231653901000072]]]]}},
{"type": "Feature", "properties": {"ba_code": "4523", "blockid": "4523O18P11", "division": "03"}, "geometry": {"type": "MultiPolygon", "coordinates": [[[[117.59605695100004, 1.224375997000038], [117.59617580500003, 1.224218914000062], [117.59629467800005, 1.224151577000043], [117.59637639900006, 1.224084249000043], [117.59648040700006, 1.223994479000055], [117.59651753500009, 1.223882287000038], [117.596480358, 1.223770112000068], [117.5963985950001, 1.223650468000073], [117.59616822700002, 1.223553294000055], [117.59603447600011, 1.223545845000046], [117.59585613400009, 1.223508491000075], [117.59568523400003, 1.223516008000047], [117.59566561300005, 1.223498736000067], [117.59566298700008, 1.223502693000057], [117.59565424000004, 1.223508578000065], [117.59564207900007, 1.223510583000063], [117.59521561800011, 1.223481279000055], [117.59520714100006, 1.22347927900006], [117.595202502, 1.223476787000038], [117.59504068900003, 1.223368262000065], [117.59503860300003, 1.223366541000075], [117.59503784600008, 1.223366067000029], [117.59474117400009, 1.223103777000063], [117.5947402600001, 1.223102492000066], [117.59473893100005, 1.223101547000056], [117.59449618700012, 1.222830197000064], [117.59449551800003, 1.222829130000036], [117.5944932210001, 1.222826194000049], [117.59419650000007, 1.222337734000064], [117.59419459500009, 1.222333968000044], [117.59419254000011, 1.222323583000048], [117.59419263300003, 1.222321329000067], [117.59420901300007, 1.222122963000061], [117.59420704600007, 1.222120370000027], [117.59410223500004, 1.221935367000071], [117.59395526800006, 1.221863581000036], [117.59379736700009, 1.221897076000062], [117.59359431300004, 1.222007838000025], [117.59352738000007, 1.222201661000042], [117.59352744600005, 1.22250466600002], [117.59352696200006, 1.222509792000039], [117.59348216, 1.222744560000024], [117.59341081100001, 1.223203030000036], [117.59342885800004, 1.223842848000061], [117.59342879100006, 1.223843217000024], [117.59342886900004, 1.223843612000053], [117.59342848200004, 1.223848198000042], [117.59338598700003, 1.224098032000029], [117.59339624400002, 1.224273173000029], [117.59354016000009, 1.224525366000023], [117.59399961800011, 1.224679402000049], [117.59449618600001, 1.224768037000047], [117.59477464300005, 1.224852050000038], [117.59516447600004, 1.224936038000067], [117.59527975100002, 1.224879824000027], [117.59528151400002, 1.22488247900003], [117.59534371900008, 1.224832369000069], [117.5954477250001, 1.224735120000048], [117.59557402000007, 1.224622909000061], [117.59571518300004, 1.224548088000063], [117.59578947700004, 1.22449571900006], [117.59590092600001, 1.224450821000062], [117.59605695100004, 1.224375997000038]], [[117.59371647900002, 1.223771174000035], [117.59374343000002, 1.223707840000031], [117.59383331900005, 1.223734961000048], [117.59385129300006, 1.223725910000041], [117.59385130900012, 1.223798284000054], [117.59390522900003, 1.223753038000041], [117.59400409600005, 1.223734923000052], [117.59404904000007, 1.223743960000036], [117.59408498700009, 1.223716811000031], [117.59414789700008, 1.223680610000031], [117.59423777400002, 1.223653450000029], [117.59425574500005, 1.223626305000039], [117.59430967100002, 1.223608200000058], [117.59433664100004, 1.223635334000051], [117.5943456440001, 1.223698659000036], [117.59435463600005, 1.22371675100004], [117.59430972000007, 1.223834369000031], [117.59429175200012, 1.223870560000023], [117.59427378100008, 1.22389770500007], [117.59421985900008, 1.223933904000035], [117.59420188500007, 1.223942955000041], [117.59412100200007, 1.22399725300005], [117.59402947300009, 1.224055907000036], [117.59401802600007, 1.224058344000071], [117.59398905100011, 1.224080656000069], [117.59395025200001, 1.22412394600002], [117.59386936900012, 1.224178245000076], [117.59383341800003, 1.22418730000004], [117.59376151400011, 1.224196363000033], [117.59371657400004, 1.224205420000033], [117.59368062500005, 1.224223521000056], [117.59360871700005, 1.224214490000065], [117.59352780200004, 1.224124041000039], [117.59351880400004, 1.224078809000048], [117.59350980800002, 1.224042624000049], [117.59352778000004, 1.224024526000051], [117.5935727100001, 1.223970235000024], [117.59358169200004, 1.223943093000059], [117.59361764300002, 1.223934038000039], [117.59363561600003, 1.22391594100003], [117.59365357500008, 1.223834515000021], [117.59366255900011, 1.223816420000048], [117.59371647900002, 1.223771174000035]]], [[[117.59569683200004, 1.222631843000045], [117.5956998900001, 1.222588622000046], [117.59570074200008, 1.222585188000039], [117.59569792800005, 1.222581456000057], [117.59569128600003, 1.22259273100002], [117.59562333100007, 1.222528385000032], [117.59543545500003, 1.222351436000054], [117.59522360500011, 1.222194604000038], [117.59497580800007, 1.222142366000071], [117.5948638750001, 1.222001602000034], [117.59467598000003, 1.221740179000051], [117.59447212200007, 1.221579323000071], [117.5942082900001, 1.221301827000048], [117.59415709100006, 1.221372208000048], [117.59415723900008, 1.221372426000073], [117.59415746900004, 1.221372581000026], [117.59415857500005, 1.221374395000055], [117.59416331600005, 1.22138138400004], [117.59416354700011, 1.221382552000023], [117.59416404400008, 1.221383368000033], [117.59428996600002, 1.221772352000073], [117.5942912920001, 1.221780754000065], [117.59429120000004, 1.221783008000045], [117.5942653090001, 1.222096555000064], [117.59456621200002, 1.222206055000072], [117.59508328900006, 1.222223886000052], [117.5950857570001, 1.222224424000046], [117.59509088700008, 1.222225261000062], [117.59525268800007, 1.222279505000074], [117.59525343300004, 1.222279969000056], [117.59525448000011, 1.222280178000062], [117.59525852900003, 1.222282284000073], [117.59550124600003, 1.222436026000025], [117.5955059470001, 1.222439800000075], [117.59569683200004, 1.222631843000045]]], [[[117.59455187200001, 1.222258556000043], [117.59426068200003, 1.222152591000054], [117.59424710700011, 1.222316986000067], [117.5945379320001, 1.222795740000038], [117.59477795200007, 1.223064044000068], [117.59507208800005, 1.223324093000031], [117.59522644200001, 1.223427616000038], [117.59562215000005, 1.223454807000053], [117.595573736, 1.223336539000059], [117.59557369800007, 1.223164525000072], [117.59561824800005, 1.223014937000073], [117.59568509200005, 1.222872823000046], [117.595685075, 1.22279803400005], [117.59569244800002, 1.222693811000056], [117.59568321000006, 1.222691964000035], [117.59567446000005, 1.222686083000042], [117.59546996100005, 1.222480344000076], [117.59523255800002, 1.222329969000043], [117.5950775440001, 1.222278], [117.59456011700001, 1.222260157000051], [117.594556581, 1.222259386000076], [117.59455187200001, 1.222258556000043]]], [[[117.59395317600001, 1.221808551000038], [117.59395873100004, 1.221807968000064], [117.59396905100004, 1.221810032000064], [117.59396978200004, 1.221810523000045], [117.59397051000008, 1.22181069100003], [117.594133295, 1.221890203000044], [117.5941405850001, 1.221895425000071], [117.59414494600003, 1.221901176000074], [117.5942168470001, 1.222028088000059], [117.59423700500008, 1.221783965000043], [117.59411485700002, 1.221406639000065], [117.5938878070001, 1.221186998000064], [117.59369532300002, 1.221060709000028], [117.59343900400006, 1.221172571000068], [117.5934282830001, 1.221174811000026], [117.59341796400008, 1.221172747000026], [117.59340921400008, 1.221166866000033], [117.59340336700006, 1.221158062000029], [117.59340174200008, 1.221149848000039], [117.59324574000004, 1.221192708000046], [117.5931984770001, 1.221254944000066], [117.59315093200007, 1.221302820000062], [117.5930142310001, 1.221398580000027], [117.59282998000003, 1.221518283000023], [117.59270516600009, 1.221602075000021], [117.59257142100012, 1.22162454100004], [117.59237823600006, 1.221669457000075], [117.59205874000008, 1.221744317000059], [117.59201416600001, 1.221789200000046], [117.59205133700004, 1.221871460000045], [117.59212566400004, 1.221968669000034], [117.59217027500006, 1.222095800000034], [117.59222973500005, 1.222170576000053], [117.59233377600003, 1.222230384000056], [117.59244525400004, 1.222320106000041], [117.59256415700008, 1.222387390000051], [117.59270537200007, 1.222544415000073], [117.59274254800005, 1.222649112000056], [117.59283175500002, 1.222836064000035], [117.59287637500006, 1.223000590000026], [117.59288386300011, 1.223262350000027], [117.59290619, 1.223426881000023], [117.59292850800011, 1.223546538000051], [117.5929359700001, 1.22368863500003], [117.59299544400005, 1.223823242000037], [117.59306977900007, 1.223957846000076], [117.59316639400004, 1.224040092000052], [117.59321099400006, 1.22411487100004], [117.5932816610001, 1.224246113000049], [117.59335919800003, 1.224227257000052], [117.5933559560001, 1.224224691000074], [117.59335010900008, 1.224215887000071], [117.5933480540001, 1.224205502000075], [117.59334813300006, 1.224205099000073], [117.59334767500002, 1.224204409000038], [117.59334590000003, 1.224197917000026], [117.5933320040001, 1.224101583000049], [117.59333172400011, 1.224097689000075], [117.59333211100011, 1.224093104000076], [117.593374874, 1.223841695000033], [117.59335683300003, 1.22320207100006], [117.59335690000012, 1.22320170200004], [117.59335682200003, 1.223201307000068], [117.59335714600002, 1.223197101000039], [117.59342895200007, 1.222735699000054], [117.59342906100005, 1.22273530700005], [117.59342911100009, 1.222734779000064], [117.59347351600002, 1.22250209200007], [117.59347344900004, 1.22219708800003], [117.59347494400004, 1.222188171000028], [117.59354680400008, 1.221980079000048], [117.59354719300006, 1.221979455000053], [117.59354736000012, 1.221978609000075], [117.59355320300006, 1.221969803000036], [117.59355942600007, 1.221965128000022], [117.59377512000003, 1.221847472000036], [117.59377764300007, 1.221846261000053], [117.59378240700005, 1.221844777000058], [117.59395317600001, 1.221808551000038]]], [[[117.5953290760001, 1.225819586000057], [117.59532902600006, 1.22559521900007], [117.59529185200006, 1.225498002000052], [117.59521753800004, 1.22546062400005], [117.59515066300003, 1.225460639000062], [117.595046636, 1.225460663000035], [117.59495747100004, 1.225468161000038], [117.59487573800004, 1.225483137000026], [117.59475685600012, 1.225513080000042], [117.59463161600002, 1.225509292000027], [117.5943617800001, 1.225552768000057], [117.59413438400009, 1.225529464000033], [117.59363800500012, 1.225510297000028], [117.59363599900007, 1.225509660000057], [117.59363501000007, 1.22552564700004], [117.5936494230001, 1.225547397000071], [117.59364966700002, 1.225547857000038], [117.5936499280001, 1.22554819000004], [117.59383826500004, 1.225854947000073], [117.59422268700007, 1.226394587000073], [117.59461876000012, 1.226757639000027], [117.59483490500008, 1.226783696000041], [117.59484201200007, 1.226785567000036], [117.59484408100002, 1.226786535000031], [117.59509905000004, 1.226919201000044], [117.5953124030001, 1.226920945000074], [117.59532249800009, 1.226923008000028], [117.5953312470001, 1.226928890000067], [117.59533321000004, 1.226931845000024], [117.5953887500001, 1.226859139000055], [117.59546299400006, 1.226582403000066], [117.59553725500007, 1.226380457000062], [117.59555950700008, 1.226200958000049], [117.59552233400007, 1.226111220000064], [117.5953290760001, 1.225819586000057]]], [[[117.594772153, 1.227487504000067], [117.59498016200007, 1.227278048000073], [117.59529502600003, 1.226975086000039], [117.59509217000004, 1.226973427000075], [117.59508207600004, 1.226971364000065], [117.5950800060001, 1.226970397000059], [117.5948236480001, 1.226837008000075], [117.59460377800008, 1.226810502000035], [117.59459667100009, 1.22680863100004], [117.59458882800004, 1.226803620000055], [117.59418427300011, 1.226432792000026], [117.59418392900011, 1.226432300000056], [117.59418336600004, 1.226431922000074], [117.59418051500006, 1.226428541000075], [117.59379389800006, 1.22588582000003], [117.5937934430001, 1.225884998000026], [117.59379287400009, 1.22588427300002], [117.59360429700007, 1.225577125000029], [117.59358657400003, 1.225550381000062], [117.59358409700008, 1.225545712000041], [117.59358249200011, 1.225537599000063], [117.5935085320001, 1.22555075300005], [117.59325591100003, 1.225633077000055], [117.59315933900007, 1.225745282000048], [117.59315936300004, 1.225857465000047], [117.59320399400008, 1.22607434300005], [117.59324117800008, 1.226216434000037], [117.59323380100011, 1.226455760000022], [117.5932487230001, 1.226732476000052], [117.59321161600008, 1.22694189300006], [117.59318387600001, 1.227059896000071], [117.59321164300002, 1.227064547000055], [117.5931781590001, 1.227084217000026], [117.59314480400008, 1.227226106000046], [117.59319683600006, 1.22730836300002], [117.5932934430001, 1.227353214000061], [117.59340490300008, 1.227360668000074], [117.59362782800008, 1.227398013000027], [117.59378386100002, 1.227360584000053], [117.593962196, 1.227368023000054], [117.5941108290001, 1.227465215000052], [117.59414799900003, 1.227547475000051], [117.59422978300006, 1.227764344000036], [117.59430410400012, 1.227831638000055], [117.59437096700003, 1.227779271000031], [117.59443039900009, 1.227719426000021], [117.59459386100002, 1.227674516000036], [117.5946681470001, 1.227584753000031], [117.594772153, 1.227487504000067]]]]}},
{"type": "Feature", "properties": {"ba_code": "4523", "blockid": "4523O31P10", "division": "03"}, "geometry": {"type": "MultiPolygon", "coordinates": [[[[117.63002649600003, 1.226746151000043], [117.63014546000011, 1.226600313000063], [117.63025419500002, 1.226959605000047], [117.63047154600008, 1.227167855000062], [117.63072515500005, 1.227553151000052], [117.6307872750001, 1.227693739000074], [117.63098721500012, 1.227684108000062], [117.63098266600002, 1.227317973000027], [117.63098250500002, 1.226630423000074], [117.63097343400011, 1.226277603000028], [117.63095537700008, 1.22593383100002], [117.63095271300006, 1.225689799000065], [117.63081771500003, 1.225849178000033], [117.63068550100002, 1.225913092000042], [117.63038929800007, 1.225870574000055], [117.63018830200008, 1.225838680000038], [117.62993440100001, 1.22574823900004], [117.62971750600002, 1.225583259000075], [117.62947944700011, 1.225381020000043], [117.62887106800008, 1.224848805000022], [117.62833337500001, 1.224521141000025], [117.6283396230001, 1.225183572000049], [117.62833981300003, 1.225997778000021], [117.62833098100009, 1.226667237000072], [117.6283323780001, 1.226995508000073], [117.62868772200011, 1.227014499000063], [117.62896542100009, 1.226373706000061], [117.62867014900007, 1.225759308000022], [117.628842587, 1.225277722000044], [117.62916558300003, 1.225477677000072], [117.62914073000002, 1.225719726000023], [117.62939183100002, 1.226232789000051], [117.62927439200007, 1.22712486000006], [117.62926942700005, 1.227377690000026], [117.62968022000007, 1.22814072400007], [117.62991704800004, 1.229063990000043], [117.63016258100004, 1.229058990000055], [117.6301821620001, 1.228672896000035], [117.63047704900009, 1.228573883000024], [117.63054416700004, 1.227964587000031], [117.63048202800007, 1.227740679000021], [117.63011458400001, 1.227313750000064], [117.63002649600003, 1.226746151000043]]], [[[117.63033376200008, 1.224260335000054], [117.63044957400007, 1.22425134100007], [117.63045050100004, 1.224251490000029], [117.63045164200003, 1.224251261000063], [117.63054152500001, 1.224251239000068], [117.63058379600011, 1.22425122900006], [117.63062611700002, 1.224242700000048], [117.63063140500003, 1.224242171000071], [117.63072128700003, 1.224242150000066], [117.63080218200002, 1.22424213100004], [117.63097699900004, 1.224242090000075], [117.630981915, 1.224106388000052], [117.630958254, 1.224110065000048], [117.63074713500009, 1.224018236000063], [117.63055311100004, 1.22383452400004], [117.6306443740001, 1.223736880000047], [117.630524465, 1.223323452000045], [117.63039660100003, 1.223273059000064], [117.63033685700009, 1.223286895000058], [117.62936061300002, 1.223473031000026], [117.62933598200004, 1.223424989000023], [117.62950174800005, 1.222826690000034], [117.62932293600011, 1.222732504000021], [117.62938366300011, 1.222110218000068], [117.62886497500006, 1.222183959000063], [117.628738483, 1.222485321000022], [117.62842888600005, 1.222523814000056], [117.62834799400002, 1.222532880000074], [117.62837501600006, 1.222777135000058], [117.62837275700008, 1.222849509000071], [117.62846491500011, 1.222849488000065], [117.62847523500011, 1.222851551000076], [117.62848368800007, 1.222857140000031], [117.6287803670001, 1.223146565000036], [117.62878100600005, 1.223147510000047], [117.62878181600001, 1.223148092000031], [117.62891582300006, 1.223300883000036], [117.62933742400003, 1.223697955000034], [117.62933767000004, 1.223698313000057], [117.6293380620001, 1.223698576000061], [117.62934143200005, 1.223702712000033], [117.62951748400008, 1.223968372000058], [117.62979842300001, 1.224118507000071], [117.63010697400011, 1.224260389000051], [117.63033376200008, 1.224260335000054]]], [[[117.63094619200001, 1.225092489000076], [117.63097503200004, 1.224296370000047], [117.63080219400001, 1.224296411000068], [117.63072130000012, 1.224296431000027], [117.63063408800008, 1.224296451000043], [117.63059176700006, 1.224304981000046], [117.63058647900004, 1.224305509000033], [117.63054153700011, 1.22430552000003], [117.63045269100007, 1.224305541000035], [117.6303368780001, 1.224314535000076], [117.630335951, 1.224314387000049], [117.63033481000002, 1.224314615000026], [117.6301011160001, 1.224314671000059], [117.6300907960001, 1.224312607000059], [117.63009036500011, 1.224312317000056], [117.6300899040001, 1.224312216000044], [117.62977528200008, 1.224167543000021], [117.62977513900012, 1.224167443000056], [117.62977384200008, 1.224166828000023], [117.62948618300004, 1.224013102000072], [117.62947976500004, 1.224008327000035], [117.6294763950001, 1.224004191000063], [117.6292982980001, 1.223735444000056], [117.62887803600006, 1.223339633000023], [117.62887726200006, 1.22333850800004], [117.62887624500001, 1.22333777700004], [117.62874208000005, 1.223184806000063], [117.62845400100002, 1.222903771000063], [117.62837106300003, 1.222903790000032], [117.6283598220001, 1.223263991000067], [117.629114092, 1.223656266000035], [117.62937862700005, 1.223986265000065], [117.62980186100003, 1.22441737500003], [117.63016157900006, 1.224651528000038], [117.6304420030001, 1.225072024000042], [117.63094920900005, 1.225368790000061], [117.63094619200001, 1.225092489000076]]], [[[117.63100105, 1.229054939000036], [117.63100098900009, 1.228792584000075], [117.630989365, 1.227857087000075], [117.63078733000009, 1.227928077000058], [117.630901246, 1.228318614000045], [117.63089097600005, 1.22865189700002], [117.63080823300004, 1.228813350000053], [117.630642695, 1.22892274700007], [117.63045644200008, 1.228948829000046], [117.63037231900012, 1.229054718000043], [117.63080330600008, 1.229045939000059], [117.63100105, 1.229054939000036]]], [[[117.62860365300003, 1.227882716000067], [117.62833456900012, 1.227510503000076], [117.62834049100002, 1.228901776000043], [117.62832256500008, 1.229118902000039], [117.62945507500001, 1.229073400000061], [117.62951618700004, 1.22907215500004], [117.62944815300011, 1.22890336100005], [117.62929510600009, 1.228646760000061], [117.6291590400001, 1.228316016000065], [117.6290569890001, 1.228059403000032], [117.62860365300003, 1.227882716000067]]], [[[117.62968352400003, 1.229931770000064], [117.63014731200008, 1.229679366000028], [117.63034502200003, 1.229543618000037], [117.63098313700004, 1.229326345000061], [117.6310190480001, 1.229145402000029], [117.63031205800007, 1.229273187000047], [117.63031622900007, 1.229307410000047], [117.63000205100002, 1.229492811000057], [117.62972473700006, 1.22913666300002], [117.62929760000009, 1.22915535900006], [117.62833157200009, 1.229200320000075], [117.62834075500007, 1.230032617000063], [117.62833189800006, 1.230593516000056], [117.62959011300006, 1.22998708700004], [117.62968352400003, 1.229931770000064]]]]}},
{"type": "Feature", "properties": {"ba_code": "4523", "blockid": "4523M34P08", "division": "02"}, "geometry": {"type": "MultiPolygon", "coordinates": [[[[117.63660576100006, 1.247297166000067], [117.63820290400008, 1.247306761000061], [117.63930404200005, 1.247321469000042], [117.63931387900004, 1.246976999000026], [117.63931018300002, 1.245735074000038], [117.63930053500007, 1.242993925000064], [117.63929096000004, 1.24055131700004], [117.639316731, 1.238210534000075], [117.63667798800009, 1.238216166000029], [117.63659872000005, 1.238605584000027], [117.63660345100004, 1.240497689000051], [117.63660390100006, 1.242379404000076], [117.63659550200009, 1.24484011100003], [117.63660576100006, 1.247297166000067]]]]}},
{"type": "Feature", "properties": {"ba_code": "4523", "blockid": "4523O34P10", "division": "03"}, "geometry": {"type": "MultiPolygon", "coordinates": [[[[117.63660940600005, 1.227741827000045], [117.63783294600012, 1.227428794000048], [117.63854427000001, 1.227232301000072], [117.63927874500007, 1.227035543000056], [117.63926066800002, 1.226610352000023], [117.63926943700005, 1.225687586000049], [117.63928691000001, 1.223561606000032], [117.63928671100007, 1.222720262000053], [117.63921472400011, 1.222376505000057], [117.639325428, 1.221663994000039], [117.6391736280001, 1.221950144000061], [117.63910368200004, 1.222072241000035], [117.63899172600009, 1.222091049000028], [117.6388610680001, 1.221931437000023], [117.63895894100006, 1.221541698000067], [117.63869304500008, 1.221584020000023], [117.63803532300005, 1.221776687000045], [117.63680853300002, 1.22224651800002], [117.63643811000009, 1.222314218000065], [117.63646450800002, 1.223137086000065], [117.63649550600007, 1.22385960500003], [117.63650921900012, 1.223851319000062], [117.6368133740001, 1.22389167800003], [117.6372437980001, 1.224018645000058], [117.63758814200003, 1.224139858000058], [117.63791527400008, 1.224278402000039], [117.63836865000007, 1.224393811000027], [117.63886216900005, 1.224393693000025], [117.63875323000002, 1.224792258000036], [117.63864995200004, 1.22486159400006], [117.63835150500006, 1.224694164000027], [117.63816214300005, 1.224740417000021], [117.63785225800007, 1.224734715000068], [117.63756528700003, 1.224561506000043], [117.63710616000003, 1.224394114000063], [117.6365088020001, 1.22416951200006], [117.63652777300001, 1.224611684000024], [117.63652779600011, 1.224711198000023], [117.63655480200009, 1.224883079000051], [117.63659077800003, 1.224982584000031], [117.63683353700003, 1.225308208000058], [117.63687849300004, 1.225371524000025], [117.63692344900005, 1.225434840000048], [117.63694144300007, 1.225507210000046], [117.63694145400007, 1.225552443000026], [117.63691450600004, 1.225624823000032], [117.63690553300012, 1.225688153000021], [117.63681566500009, 1.225751501000047], [117.6366539070001, 1.225878194000074], [117.6365999950001, 1.225950580000074], [117.63659101500002, 1.225986769000031], [117.6365550810001, 1.226068198000064], [117.63652814500006, 1.22618581200004], [117.63667207000003, 1.226665253000021], [117.63673503600012, 1.226873312000066], [117.63673507300007, 1.227027106000037], [117.63677106000011, 1.227171845000044], [117.63676210400001, 1.227307548000056], [117.63675313100009, 1.227370877000055], [117.63662734000002, 1.227560888000028], [117.63659140900006, 1.227651364000053], [117.63660940600005, 1.227741827000045]]], [[[117.63725507000004, 1.220919133000052], [117.63714706300004, 1.220802872000036], [117.63682348300006, 1.220784855000034], [117.63670665100005, 1.220848210000042], [117.63642802700008, 1.220893510000053], [117.6364190920001, 1.221119680000072], [117.63641912000003, 1.221240019000049], [117.6367056040001, 1.22113964700003], [117.63682124200011, 1.221085895000044], [117.63682174600001, 1.221085784000024], [117.63682222300008, 1.221085463000065], [117.63682901100003, 1.22108362900002], [117.63730890200009, 1.221019954000042], [117.637714576, 1.221056044000022], [117.63792853500001, 1.22105599300005], [117.63831929700007, 1.220963759000028], [117.637893125, 1.220974581000064], [117.6374720880001, 1.220975929000076], [117.63725507000004, 1.220919133000052]]], [[[117.63873799500004, 1.220901974000071], [117.6387380000001, 1.220902005000028], [117.6386571170001, 1.220947258000024], [117.63852230000009, 1.220974431000059], [117.63795607700001, 1.221119313000031], [117.63795214200002, 1.221110268000075], [117.63771339300001, 1.221110325000041], [117.63771100500003, 1.221110219000025], [117.63730949300009, 1.221074393000038], [117.63684014000012, 1.221136900000033], [117.63672701900009, 1.221189482000057], [117.63672568000004, 1.221189779000042], [117.6367245780001, 1.221190474000025], [117.6364191340001, 1.221297489000051], [117.63641923400007, 1.221725810000066], [117.63643069400007, 1.222083048000059], [117.6369200800001, 1.22175952200007], [117.63662261500008, 1.221455367000033], [117.63671201300008, 1.221406107000064], [117.63710440800003, 1.221605734000036], [117.6376539360001, 1.221206662000043], [117.63812955800006, 1.221158676000073], [117.63880597700006, 1.220998938000037], [117.63918732500008, 1.221002448000036], [117.63949237000008, 1.221194660000037], [117.63948407500004, 1.221127995000074], [117.63934019700002, 1.220847581000044], [117.63927725600001, 1.220748082000057], [117.6391784010001, 1.220811433000051], [117.63901661300008, 1.220811472000037], [117.63898974500012, 1.220806561000074], [117.63890789200002, 1.220819590000076], [117.63873799500004, 1.220901974000071]]]]}},
{"type": "Feature", "properties": {"ba_code": "4523", "blockid": "4523O32P10", "division": "03"}, "geometry": {"type": "MultiPolygon", "coordinates": [[[[117.63107663500011, 1.229075478000027], [117.63206434000006, 1.229070394000075], [117.63206238300006, 1.229071139000041], [117.63207264800008, 1.229070351000075], [117.63211892000004, 1.229070113000034], [117.63212697300003, 1.229066181000064], [117.6322773820001, 1.229054635000068], [117.63377842400007, 1.229072371000029], [117.63376933500001, 1.228647177000028], [117.63376506200007, 1.228602464000062], [117.63376867400007, 1.22860147800003], [117.63377830400009, 1.228565755000034], [117.63376928200012, 1.228421009000044], [117.6337147270001, 1.225761288000058], [117.63375061800002, 1.225498925000068], [117.63377751000007, 1.22519133000003], [117.63375042000007, 1.224657580000041], [117.63381322700002, 1.224187136000069], [117.63376817200003, 1.223698624000065], [117.63374109900008, 1.223237248000032], [117.63375890500004, 1.222513507000031], [117.63377680500002, 1.222187821000034], [117.63378187, 1.221924691000027], [117.63377541300008, 1.221923400000037], [117.6337713040001, 1.22192125600003], [117.63350459000003, 1.22175132700005], [117.63302473200008, 1.221599402000038], [117.63282925400006, 1.221572620000074], [117.63282723700001, 1.221572071000026], [117.63282549000007, 1.221571825000069], [117.632636724, 1.221517590000076], [117.6326354250001, 1.221517134000067], [117.63263516300003, 1.221517089000031], [117.63236753300009, 1.221422157000063], [117.63236695600006, 1.221421792000058], [117.63236618300004, 1.221421637000049], [117.63235743300004, 1.221415756000056], [117.6323551810001, 1.221413184000028], [117.63204034500006, 1.22100424000007], [117.63192497500006, 1.221093607000057], [117.63189807600008, 1.221374061000063], [117.63210635400003, 1.221964237000066], [117.63280444600002, 1.221938365000028], [117.63346094100007, 1.222290574000056], [117.63340636300006, 1.222819134000076], [117.63324235100004, 1.223204573000032], [117.63311120700007, 1.223799220000046], [117.63249859900009, 1.223986559000025], [117.6317432410001, 1.223978035000073], [117.63122962600005, 1.224383270000033], [117.63145947100008, 1.224812661000044], [117.63182049900001, 1.224812575000044], [117.63191904300004, 1.225164917000029], [117.63206135700011, 1.225550282000029], [117.632258309, 1.225671361000025], [117.63250998600006, 1.225891529000023], [117.63242252100008, 1.22613380100006], [117.63225842000008, 1.226144851000072], [117.63216243300008, 1.226034732000073], [117.63178943100002, 1.22586175400005], [117.631740422, 1.225829127000054], [117.63174262500002, 1.22564856200006], [117.63138648400002, 1.225533771000073], [117.631333702, 1.225255308000044], [117.63099635900005, 1.224978283000041], [117.63099113300007, 1.225092478000022], [117.63100930500002, 1.225924772000042], [117.63102736400003, 1.226277590000052], [117.63104541900009, 1.226612314000022], [117.63104558200007, 1.227308912000069], [117.63106302200003, 1.228712545000064], [117.63107066400005, 1.228975641000034], [117.63107663500011, 1.229075478000027]]], [[[117.63378568500002, 1.22172643600004], [117.63375853200012, 1.220921285000031], [117.63377796700001, 1.220744854000031], [117.63350669400006, 1.22069794600003], [117.63346727200008, 1.220743751000043], [117.63345515100002, 1.220795654000028], [117.63351889800003, 1.221000190000041], [117.63349163300006, 1.221146740000052], [117.63309125300009, 1.221189577000075], [117.63311240700011, 1.220853742000031], [117.63287883400005, 1.220801897000058], [117.632651312, 1.220682884000041], [117.63260275300001, 1.220566882000071], [117.63264215200002, 1.220423381000046], [117.63277560600011, 1.220383661000028], [117.63305466200006, 1.220371383000042], [117.63333065100005, 1.220209509000028], [117.63347926900008, 1.220160626000052], [117.63377389300001, 1.220200861000023], [117.63373133900006, 1.219944246000068], [117.63364137400004, 1.219591445000049], [117.6333357850001, 1.219636751000053], [117.63272460300004, 1.219709270000067], [117.63183482500006, 1.219944695000038], [117.6317360380001, 1.220306587000039], [117.63182599200002, 1.220614154000032], [117.6320528550001, 1.220932040000037], [117.63205393400006, 1.220933272000025], [117.63239294700008, 1.221373619000076], [117.63265231600008, 1.22146562100005], [117.63283843900001, 1.221519097000055], [117.6330342760001, 1.221545929000058], [117.63303695400009, 1.221546657000033], [117.63303873000007, 1.221546931000034], [117.63352413000007, 1.221700611000074], [117.6335263520001, 1.22170142300007], [117.63353046100008, 1.221703568000066], [117.63378302800004, 1.221864485000026], [117.63378568500002, 1.22172643600004]]]]}},
{"type": "Feature", "properties": {"ba_code": "4523", "blockid": "4523N32P08", "division": "01"}, "geometry": {"type": "MultiPolygon", "coordinates": [[[[117.63372664100007, 1.23814623800007], [117.63371725400009, 1.236463551000043], [117.63368990900005, 1.234862290000024], [117.63370781900005, 1.234581837000064], [117.63373469600003, 1.234210915000062], [117.63377005000007, 1.231677827000055], [117.63376046200005, 1.229135702000065], [117.63281325100002, 1.229135928000062], [117.63278794300004, 1.229135934000055], [117.63276756300002, 1.229135939000059], [117.63275173800002, 1.22912586800004], [117.63267666700006, 1.229135961000054], [117.6325365240001, 1.229135994000046], [117.63222347200008, 1.229136069000049], [117.63112690500009, 1.229136330000074], [117.63109994900003, 1.229172523000045], [117.63106399900005, 1.229352773000073], [117.63113786200006, 1.230506169000023], [117.6312203760001, 1.233000655000069], [117.63120655900002, 1.23306900700004], [117.63122642600001, 1.233151763000023], [117.63124343600009, 1.23314319800005], [117.63126462800005, 1.233135334000053], [117.63139540700001, 1.23313427000005], [117.6320568110001, 1.233128893000071], [117.63204471600011, 1.233424256000035], [117.63186495800005, 1.233451439000021], [117.63184698100008, 1.233451443000035], [117.63195330500002, 1.234030173000065], [117.63274593400001, 1.233984984000074], [117.63274597400004, 1.234156872000028], [117.63287988600007, 1.234169141000052], [117.63303360900011, 1.234202037000045], [117.63284201600004, 1.234847702000025], [117.63282449600001, 1.23496357700003], [117.6328990290001, 1.235233395000023], [117.6328838290001, 1.235249057000033], [117.63249458900009, 1.235369192000064], [117.6323229300001, 1.235358630000064], [117.632090102, 1.235305962000041], [117.63189034600009, 1.235422768000035], [117.63176996400011, 1.23562725000005], [117.63168576200007, 1.235866955000063], [117.63162283800011, 1.235839830000032], [117.63156888700007, 1.235749376000058], [117.63148937100004, 1.235742360000074], [117.63150228300003, 1.236197893000053], [117.63149708800006, 1.236201729000072], [117.63130538300004, 1.23621931200006], [117.631326338, 1.236319377000029], [117.63138034700012, 1.236654093000027], [117.63145233900002, 1.237015944000063], [117.63145240500012, 1.237296393000065], [117.63134474200001, 1.238128717000052], [117.63250422700003, 1.238110345000052], [117.63372664100007, 1.23814623800007]]]]}},
{"type": "Feature", "properties": {"ba_code": "4523", "blockid": "4523L35P08", "division": "02"}, "geometry": {"type": "MultiPolygon", "coordinates": [[[[117.63933537900004, 1.256452523000064], [117.6407550240001, 1.25643376000005], [117.64207222800007, 1.256448165000052], [117.64206280300004, 1.254799193000053], [117.64208927400011, 1.252772726000046], [117.64210720000005, 1.252564648000032], [117.64214312700005, 1.252456078000023], [117.64230487900011, 1.252302245000067], [117.6423228000001, 1.252076073000069], [117.64231376100008, 1.251868001000048], [117.64227777500003, 1.251732309000033], [117.64211852400001, 1.251237202000027], [117.64210019300003, 1.251089900000068], [117.64208844000007, 1.249344027000063], [117.64211392200002, 1.247355689000074], [117.64093942300008, 1.247355977000041], [117.63934415200004, 1.247356367000066], [117.63934417700011, 1.247459482000068], [117.6393379750001, 1.249163768000074], [117.63933852000002, 1.251416397000071], [117.63933537900004, 1.256452523000064]]]]}},
{"type": "Feature", "properties": {"ba_code": "4523", "blockid": "4523L30P09", "division": "01"}, "geometry": {"type": "MultiPolygon", "coordinates": [[[[117.62836901900005, 1.252451329000053], [117.62838457200007, 1.252180165000027], [117.6283907940001, 1.251636181000038], [117.62837258700006, 1.250668186000041], [117.62831844900006, 1.24979066700007], [117.6283680030001, 1.248179565000044], [117.62834437700008, 1.247338580000076], [117.62698951200002, 1.247319255000036], [117.62559560400007, 1.247307800000044], [117.6255686400001, 1.248864034000064], [117.62552599000003, 1.250129462000075], [117.62555729600001, 1.250424194000061], [117.62560414600011, 1.250408464000031], [117.6256670350001, 1.250397435000025], [117.62574793200008, 1.250406462000058], [117.62580186000002, 1.250397402000033], [117.62593211400008, 1.250365156000043], [117.62597897300009, 1.250388724000061], [117.62604455600001, 1.250442578000047], [117.62604456000008, 1.250460671000042], [117.62626934100001, 1.250768206000032], [117.62629631000004, 1.250786293000033], [117.62638621100007, 1.250858645000051], [117.62639520100004, 1.250867690000064], [117.62657500900002, 1.251039534000029], [117.62659299000006, 1.251057624000055], [117.62722219500006, 1.251147940000067], [117.6273030960001, 1.251175060000037], [117.62730745400006, 1.251176704000045], [117.62740064600007, 1.251352368000028], [117.62824804000002, 1.252706800000055], [117.62830267800007, 1.252600680000057], [117.62836901900005, 1.252451329000053]]]]}},
{"type": "Feature", "properties": {"ba_code": "4523", "blockid": "4523O36P08", "division": "02"}, "geometry": {"type": "MultiPolygon", "coordinates": [[[[117.64485294400004, 1.229048507000073], [117.64484906700011, 1.228944330000047], [117.64485440100009, 1.228276562000076], [117.64483461100008, 1.227932746000022], [117.64481451900008, 1.226326049000022], [117.64325439400011, 1.226585946000057], [117.64211794900007, 1.226703582000027], [117.64209876200005, 1.228882223000028], [117.64209059100006, 1.229054136000059], [117.64485294400004, 1.229048507000073]]]]}},
{"type": "Feature", "properties": {"ba_code": "4523", "blockid": "4523L36P08", "division": "02"}, "geometry": {"type": "MultiPolygon", "coordinates": [[[[117.64212611800008, 1.256427583000061], [117.643276635, 1.256472532000032], [117.64481363800007, 1.256472151000025], [117.64481323200005, 1.25481660600002], [117.64484446400002, 1.251223923000055], [117.64485924500002, 1.24925786700004], [117.64483741100003, 1.247331754000072], [117.64360740100005, 1.247319769000057], [117.64213628200002, 1.247347779000052], [117.6421423700001, 1.24934401400003], [117.64214279700002, 1.251099074000024], [117.6421787810001, 1.251225719000047], [117.64234069100007, 1.251723247000029], [117.6423766800001, 1.251867985000047], [117.64239470700011, 1.252076055000032], [117.64232286200001, 1.252329380000049], [117.64219706300003, 1.252483205000033], [117.64217012200004, 1.252582725000025], [117.64215219000005, 1.252763664000042], [117.64212572300005, 1.254808224000044], [117.64212611800008, 1.256427583000061]]]]}},
{"type": "Feature", "properties": {"ba_code": "4523", "blockid": "4523L28P09", "division": "01"}, "geometry": {"type": "MultiPolygon", "coordinates": [[[[117.62003207100008, 1.247303407000061], [117.62000372800003, 1.247612392000065], [117.62009387400008, 1.24873416600002], [117.6201024080001, 1.250371708000046], [117.62222757000006, 1.250363827000058], [117.62239612200005, 1.250382226000056], [117.62252436000006, 1.25036375600007], [117.62257564700008, 1.250319489000049], [117.62264890600011, 1.25022358700005], [117.62268920000008, 1.250175635000062], [117.6227404760001, 1.250087113000063], [117.62276244000009, 1.250002287000029], [117.6227512260001, 1.249058192000064], [117.62277648500003, 1.24740601600007], [117.6227581500001, 1.247339638000028], [117.62149037300003, 1.247306749000074], [117.62003207100008, 1.247303407000061]]]]}},
{"type": "Feature", "properties": {"ba_code": "4523", "blockid": "4523N17P10", "division": "04"}, "geometry": {"type": "MultiPolygon", "coordinates": [[[[117.59153523600003, 1.230022888000065], [117.59153517100003, 1.229725717000065], [117.59153722100007, 1.229715330000033], [117.59154203700007, 1.22970761800002], [117.59168692800006, 1.229544555000075], [117.59168750200001, 1.229544145000034], [117.5916879560001, 1.229543461000048], [117.59169434900002, 1.229538694000041], [117.59234350600002, 1.229190605000042], [117.59245543700001, 1.228981271000066], [117.59244731000001, 1.228786003000039], [117.59236287400006, 1.228488804000051], [117.59238090100007, 1.228316507000045], [117.59253185700004, 1.228138754000042], [117.59285684300005, 1.22815369500006], [117.59292195500007, 1.228146399000025], [117.59300902400003, 1.228058725000039], [117.59301777100006, 1.228052840000032], [117.59302692000006, 1.228051006000044], [117.5930971040001, 1.227881230000037], [117.59310547900009, 1.227872063000063], [117.59315329700007, 1.227775751000024], [117.59315926500005, 1.227721579000047], [117.59319509000011, 1.227468778000059], [117.5931771270001, 1.227366461000031], [117.59314721800001, 1.227324336000038], [117.5931232910001, 1.227294247000032], [117.59309934100008, 1.227155818000028], [117.5930994690001, 1.227151023000033], [117.59310901700007, 1.227037799000072], [117.59310269600007, 1.227029841000046], [117.59310527200012, 1.226933118000034], [117.59280622000006, 1.226692429000025], [117.59155618200009, 1.225681534000046], [117.59126909300005, 1.225452880000034], [117.5907022990001, 1.225021692000041], [117.5900762660001, 1.224522767000053], [117.5900017890001, 1.224488627000028], [117.58954738200009, 1.224278097000024], [117.58920610500002, 1.224118775000022], [117.58921648000012, 1.224144390000049], [117.58925797900008, 1.224243055000045], [117.58932588300001, 1.224393898000073], [117.5894730120001, 1.224736379000035], [117.58954280400008, 1.224896709000063], [117.58955223700002, 1.224925171000052], [117.58952209400002, 1.225027647000047], [117.58952210100006, 1.225061803000074], [117.5895230650001, 1.225158579000038], [117.5895221400001, 1.225236380000069], [117.589534404, 1.225282868000022], [117.5895767500001, 1.225417143000072], [117.58963661400003, 1.225712055000031], [117.58964860600008, 1.225856505000024], [117.58964578200005, 1.225942253000028], [117.58959491700011, 1.226116842000067], [117.5895798570001, 1.226222161000067], [117.58960343900003, 1.226293315000021], [117.58963268200011, 1.22638629000005], [117.58971473000008, 1.226554207000049], [117.58984014200007, 1.226728757000046], [117.58986656200011, 1.226847350000071], [117.58987788400009, 1.226893838000024], [117.59004386700008, 1.227235366000059], [117.59007970400012, 1.227311261000068], [117.59007597200002, 1.227484890000028], [117.59001945600005, 1.227683200000058], [117.59003080800005, 1.227868212000033], [117.59002421900004, 1.227910909000059], [117.59001669500003, 1.227988711000023], [117.59000822500002, 1.228052282000021], [117.58995828600007, 1.228151916000058], [117.59001393400001, 1.22829517100007], [117.59001021300003, 1.228521933000025], [117.58998477400007, 1.228580763000025], [117.58995085600009, 1.228659521000054], [117.5898641760001, 1.228861632000076], [117.58986984800003, 1.228938483000036], [117.58986705900008, 1.229114010000046], [117.58985861100007, 1.229278152000063], [117.5898153070001, 1.229543823000029], [117.58981249400006, 1.229611188000035], [117.58983023300004, 1.229612763000034], [117.58984055200006, 1.229614827000034], [117.58984930200006, 1.229620708000027], [117.58985315900009, 1.22962560600007], [117.58988626500002, 1.229679373000067], [117.58988825400002, 1.229683278000039], [117.58988834900003, 1.229683758000021], [117.5898885900001, 1.229684134000024], [117.58997667500012, 1.229920396000068], [117.58997677800005, 1.229920968000044], [117.589977008, 1.229921343000058], [117.59000168800003, 1.229995808000069], [117.59009709200006, 1.230019792000064], [117.59019369300006, 1.229997379000054], [117.59037456600004, 1.229952790000027], [117.5904992830001, 1.229904478000037], [117.59049949100006, 1.229904439000052], [117.59049964100006, 1.229904342000054], [117.59067254600006, 1.229840182000032], [117.59069831200009, 1.229833952000035], [117.59069847900003, 1.229833963000033], [117.59098214800008, 1.229873280000049], [117.59114033500009, 1.229958660000023], [117.59116866200009, 1.230053137000027], [117.59127055200008, 1.230155645000025], [117.59139887300012, 1.230261960000064], [117.59147201000007, 1.230293618000076], [117.59153523600003, 1.230022888000065]]], [[[117.59350097100003, 1.231555532000073], [117.59358465100001, 1.231374947000063], [117.59358758300004, 1.231339435000052], [117.59365739800012, 1.231162749000021], [117.59372023300011, 1.230923611000037], [117.59372250400008, 1.23066112600003], [117.59369757900004, 1.23048316400002], [117.59369747800008, 1.230481715000053], [117.59369738400005, 1.23048131500002], [117.59369249000008, 1.230412563000073], [117.59369255700005, 1.230412142000034], [117.59369243800006, 1.230411588000038], [117.59368755100002, 1.230273318000059], [117.59362797000006, 1.230043075000026], [117.59354257300004, 1.229915585000072], [117.59354002100008, 1.229910805000031], [117.59353988400005, 1.229910109000059], [117.59353955200004, 1.229909583000051], [117.59340552900005, 1.229533816000071], [117.59340499900009, 1.229530755000042], [117.59340400600001, 1.229526495000073], [117.59337500400011, 1.229099080000026], [117.59337514000003, 1.22909824200002], [117.59337494100009, 1.22909723600003], [117.59337636500004, 1.229088526000055], [117.59348831300008, 1.228755749000072], [117.59348996900007, 1.228755525000054], [117.59349017300008, 1.228753143000063], [117.59342558600008, 1.22853776900007], [117.59333723400005, 1.228373683000029], [117.5932624720001, 1.228223270000058], [117.59316054700002, 1.228124146000027], [117.59305352100012, 1.228085700000065], [117.59305301000006, 1.228088292000052], [117.593047167, 1.228097099000024], [117.59295341100005, 1.22819150600003], [117.59294466400002, 1.228197391000037], [117.59293732300011, 1.228199293000046], [117.592860599, 1.228207891000068], [117.592857621, 1.228208057000074], [117.59285684200006, 1.228207901000076], [117.59285616600005, 1.228208018000032], [117.59255415500002, 1.228191654000057], [117.59243171500009, 1.22833806400007], [117.59241618600004, 1.228479020000066], [117.59250114400004, 1.228782568000042], [117.592509629, 1.228986439000039], [117.59250953500009, 1.228986974000065], [117.5925096520001, 1.228987569000026], [117.59250760200007, 1.228997956000057], [117.59250643200005, 1.229000437000025], [117.59238713000002, 1.229223559000047], [117.59238245600011, 1.229229884000063], [117.59237606300007, 1.229234650000024], [117.59172393300003, 1.229584334000037], [117.59158910300005, 1.229736074000073], [117.59158916700005, 1.230026025000029], [117.59158845200011, 1.23003224200005], [117.59152171500011, 1.230317999000022], [117.59158014200011, 1.23058654600004], [117.5915807670001, 1.230592346000037], [117.5915804010001, 1.23059680800003], [117.59154649100003, 1.230801873000075], [117.59152956600008, 1.230972604000044], [117.59152764900011, 1.230980290000048], [117.59152749500004, 1.230980522000038], [117.59152744100004, 1.230980782000074], [117.59146779500009, 1.231118085000048], [117.59146745800001, 1.231118581000032], [117.59146503400007, 1.231122982000045], [117.59137980900005, 1.231243129000063], [117.59137693500008, 1.231246546000023], [117.59137347400008, 1.231249489000049], [117.59110923700007, 1.231438320000052], [117.59107801500011, 1.23139406100006], [117.59133855400012, 1.231207873000074], [117.59141950800006, 1.231093745000067], [117.59147632400004, 1.230962957000031], [117.59148748200005, 1.230850407000048], [117.5915071170001, 1.230784476000053], [117.59152167000002, 1.230622955000058], [117.59152150900002, 1.230622324000024], [117.5915263500001, 1.230593052000074], [117.59147427100004, 1.230353684000022], [117.5913675590001, 1.230306322000047], [117.59127496500003, 1.230229607000069], [117.59119596200003, 1.230157351000059], [117.591120337, 1.23007857500005], [117.59109294900009, 1.229988088000027], [117.59097039000005, 1.229926444000057], [117.59069780200002, 1.229888663000054], [117.59051847600006, 1.229955205000067], [117.59039150700005, 1.230004389000044], [117.59039085600011, 1.230004511000061], [117.59038651300011, 1.230005787000039], [117.59022219200006, 1.230035011000041], [117.59009818200002, 1.230075179000039], [117.58996172900004, 1.230037725000045], [117.58992600700003, 1.229938996000044], [117.58983902900002, 1.229705701000057], [117.58980967600007, 1.22965767900007], [117.58980497800007, 1.22972504400002], [117.5897930320001, 1.229991450000057], [117.5897519020001, 1.230115253000065], [117.58970432000001, 1.23024752200007], [117.58967640500009, 1.23032164500006], [117.5896649870001, 1.230358706000061], [117.58967326000004, 1.230454544000054], [117.58967453500009, 1.230474990000062], [117.58967200100005, 1.230501825000033], [117.58963499900005, 1.231137296000043], [117.58960103800007, 1.231499495000037], [117.5895816200001, 1.231651228000032], [117.59040345400001, 1.231704884000067], [117.5910217390001, 1.231741993000071], [117.59113858700005, 1.231741967000062], [117.59125542800007, 1.231705754000075], [117.59125539800004, 1.231570052000052], [117.59131829600005, 1.231479570000033], [117.59135423100008, 1.231398141000057], [117.59139018500002, 1.231398133000027], [117.59155197900009, 1.231416190000061], [117.59165086000007, 1.231461402000036], [117.59175873800007, 1.231542799000067], [117.59184863100006, 1.231588013000021], [117.59187553800007, 1.231615082000076], [117.59190257300008, 1.231642282000053], [117.59200145500006, 1.231687493000038], [117.59215425600007, 1.231687459000057], [117.59228908300008, 1.231696476000025], [117.59254076200011, 1.231723560000034], [117.59263963400008, 1.23172353800004], [117.59285042700003, 1.231746222000027], [117.59287909600005, 1.23175429500003], [117.59302859800005, 1.231766299000071], [117.59336349700004, 1.231850488000021], [117.59340533900001, 1.231772233000072], [117.59350097100003, 1.231555532000073]]]]}},
{"type": "Feature", "properties": {"ba_code": "4523", "blockid": "4523N35P07", "division": "02"}, "geometry": {"type": "MultiPolygon", "coordinates": [[[[117.63937002600005, 1.232912982000073], [117.63937020000003, 1.233639615000072], [117.63937969100004, 1.235747495000055], [117.6393379430001, 1.238120662000028], [117.6393490690001, 1.238187752000044], [117.64068226600011, 1.23819581500004], [117.64208489200007, 1.238173109000059], [117.6420491560001, 1.235547820000022], [117.64205683800003, 1.233516966000025], [117.64202634700007, 1.233511963000069], [117.64202037200005, 1.233510254000066], [117.64201839800012, 1.233509336000054], [117.64164983500007, 1.233319444000074], [117.64164943300011, 1.233319150000057], [117.64164812100012, 1.233318481000026], [117.64119225000002, 1.233039732000066], [117.640873123, 1.232932750000032], [117.6406949950001, 1.232896938000067], [117.64069199300002, 1.232896021000045], [117.64069121400007, 1.232895885000062], [117.64031898000007, 1.232762181000055], [117.64006965100009, 1.232779549000043], [117.63992192500007, 1.23285831100003], [117.63991962700004, 1.232859400000052], [117.63991480800007, 1.232860897000023], [117.63969910100002, 1.232906182000022], [117.63969456100006, 1.232906654000033], [117.63969411000005, 1.232906749000051], [117.63937002600005, 1.232912982000073]]], [[[117.6420570460001, 1.233462004000046], [117.64205760900006, 1.23331328300003], [117.64208026000006, 1.230443429000047], [117.64207437800007, 1.229073613000025], [117.64098283600003, 1.229101833000072], [117.64097795200007, 1.22912492200004], [117.64091524100002, 1.229712973000062], [117.64046582900005, 1.229713081000057], [117.64032735100011, 1.22910478700004], [117.63969130600003, 1.229093758000033], [117.63971081300008, 1.22969517000007], [117.63980972900004, 1.229885127000045], [117.63973985500002, 1.229963306000059], [117.63994996400004, 1.230068981000045], [117.64037224900005, 1.230227210000066], [117.64037382100003, 1.230228225000076], [117.64037550700004, 1.230228618000069], [117.64048186200012, 1.230280993000065], [117.64049289700006, 1.230147316000057], [117.64080749900006, 1.230201521000026], [117.640762644, 1.230563400000051], [117.64070875300001, 1.230726253000057], [117.64053794400002, 1.230590594000034], [117.64046601000007, 1.230473004000032], [117.64047547000007, 1.230358417000048], [117.64034549900009, 1.230294413000024], [117.6399230720001, 1.230136130000062], [117.63992134700004, 1.23013501500003], [117.63991954500011, 1.230134588000055], [117.63966784400009, 1.230007995000051], [117.63965849800002, 1.230001218000041], [117.6396558460001, 1.229998237000075], [117.63947602700011, 1.229772112000035], [117.63944389000005, 1.229731700000059], [117.63935537300006, 1.229692086000057], [117.63939673100003, 1.231821221000075], [117.6393699790001, 1.232716852000067], [117.63937001300008, 1.232858692000036], [117.6396905580001, 1.232852527000034], [117.6399000560001, 1.232808545000069], [117.6400494610001, 1.232728888000054], [117.64005175800003, 1.232727799000031], [117.6400602220001, 1.232725796000068], [117.64032087700002, 1.232707639000068], [117.6403217190001, 1.23270777800002], [117.64032273200007, 1.232707575000063], [117.64033180100012, 1.23270915300003], [117.64070748800009, 1.232844097000054], [117.64088533300003, 1.232879853000043], [117.64088769500006, 1.232880575000024], [117.64088857200011, 1.232880718000047], [117.64121217400009, 1.23298920000002], [117.64121292000004, 1.232989663000069], [117.64121396700011, 1.232989872000076], [117.64121765400012, 1.232991754000068], [117.64167528200005, 1.233271577000039], [117.64203920300008, 1.233459076000031], [117.6420570460001, 1.233462004000046]]]]}},
{"type": "Feature", "properties": {"ba_code": "4523", "blockid": "4523N28P07", "division": "01"}, "geometry": {"type": "MultiPolygon", "coordinates": [[[[117.62277437600005, 1.238186835000022], [117.62275513000009, 1.236995505000039], [117.6227661910001, 1.235624703000042], [117.62259550400006, 1.235754568000061], [117.6216433840001, 1.236190088000058], [117.62000845500006, 1.236889237000071], [117.62003151600004, 1.238176027000065], [117.62057401900006, 1.238183536000065], [117.62114686900009, 1.238175764000061], [117.62277437600005, 1.238186835000022]]]]}},
{"type": "Feature", "properties": {"ba_code": "4523", "blockid": "4523O21P11", "division": "03"}, "geometry": {"type": "MultiPolygon", "coordinates": [[[[117.60340830700011, 1.234688445000074], [117.60348905700005, 1.23404610700004], [117.60348890900002, 1.233391697000059], [117.6034043200001, 1.233391716000028], [117.60332192400006, 1.23336649700002], [117.60327179100011, 1.233442223000054], [117.60323957800006, 1.233561211000051], [117.60322886000006, 1.233687404000023], [117.60312858100008, 1.233784775000061], [117.60306411700003, 1.233849688000021], [117.60300323900003, 1.233936233000065], [117.60293877600009, 1.234004752000033], [117.60288505800008, 1.234069663000071], [117.60287790000007, 1.234098508000045], [117.60287433700012, 1.234185040000057], [117.6028922590001, 1.234235512000055], [117.60283852900011, 1.234246341000073], [117.602784788, 1.234206693000033], [117.6027382200001, 1.234210309000048], [117.60268807000011, 1.234210321000035], [117.60264507600004, 1.234177881000051], [117.60263073500005, 1.234120197000038], [117.60262713200007, 1.234030061000055], [117.60266652700011, 1.233990392000067], [117.60268801500001, 1.233968754000045], [117.6028312630001, 1.233795659000066], [117.60287781600005, 1.233727145000046], [117.60289212700002, 1.233647821000034], [117.60283481400006, 1.233655045000035], [117.60269153700006, 1.233701949000022], [117.6026234840001, 1.233738019000043], [117.60260915800006, 1.233748839000043], [117.60256617900006, 1.233781298000054], [117.60248737600011, 1.233802949000051], [117.6024228760001, 1.233709221000026], [117.60250165800005, 1.233593828000039], [117.60253746400008, 1.233525316000055], [117.6026162710001, 1.233521693000057], [117.60270224400006, 1.233525279000048], [117.60277387500003, 1.23346757500002], [117.60284192300003, 1.233409872000038], [117.60290997900006, 1.233384618000059], [117.60299594300011, 1.233352149000041], [117.60302101600007, 1.233341327000062], [117.60306040800003, 1.233287236000024], [117.60306669400006, 1.233277741000052], [117.6029445580001, 1.233202130000052], [117.6022804690001, 1.233093895000025], [117.60222655700011, 1.232786812000029], [117.6020919020001, 1.232579102000045], [117.60206148600003, 1.23248336100005], [117.60199106300001, 1.232509960000073], [117.6019056340001, 1.232406826000044], [117.60216178200005, 1.23209730800005], [117.60209343800011, 1.232011362000037], [117.60223002500004, 1.231736256000033], [117.60224705600001, 1.231512753000061], [117.60214453100002, 1.231340854000052], [117.60199078100004, 1.231254928000055], [117.60176868500002, 1.231065864000072], [117.60151242500001, 1.230876808000062], [117.6016489970001, 1.230532933000063], [117.60181973500005, 1.230206242000065], [117.60187090200009, 1.229862386000036], [117.60197331900008, 1.229552903000069], [117.6019903770001, 1.229449745000068], [117.6019220290001, 1.229346608000071], [117.6016828280001, 1.229054394000059], [117.60185356200009, 1.228710511000031], [117.60176809200004, 1.228418263000037], [117.60180220000007, 1.228177564000021], [117.60176279600012, 1.227834520000044], [117.60100674000012, 1.227162079000038], [117.600963352, 1.227118429000029], [117.6009308560001, 1.227249382000025], [117.60091384100008, 1.22754165300006], [117.60115303000009, 1.22778229000005], [117.60122145000003, 1.228212080000048], [117.60106775500003, 1.228366845000039], [117.60084580000012, 1.228813893000051], [117.6006750470001, 1.229071815000054], [117.60069221300012, 1.229450040000074], [117.60108514, 1.22972502600004], [117.60081187600008, 1.229879818000029], [117.60072648200003, 1.229931414000021], [117.60062277100008, 1.230274672000064], [117.60064819900003, 1.231595079000044], [117.60063569800002, 1.232096554000066], [117.60063885400007, 1.232095921000052], [117.60064917300008, 1.232097985000053], [117.60065792300009, 1.232103866000045], [117.6006644680001, 1.23211456100006], [117.60078820600006, 1.232492176000051], [117.60117282300007, 1.232782379000071], [117.6013929610001, 1.232841978000067], [117.60175319500001, 1.232700391000037], [117.60176299700004, 1.23269853100004], [117.60177331700004, 1.23270059500004], [117.60177687100008, 1.232702396000036], [117.60186676700005, 1.232756656000049], [117.60187196100003, 1.232760737000035], [117.60187780900003, 1.232769540000049], [117.60187795000002, 1.232770257000027], [117.60187829000006, 1.232770798000047], [117.60205817100007, 1.233277376000046], [117.60205974400003, 1.233286504000034], [117.602057693, 1.233296891000066], [117.60205710100001, 1.233297784000058], [117.6020569000001, 1.233298642000022], [117.60197604100006, 1.233461502000068], [117.60197326600007, 1.233465380000041], [117.60197176800011, 1.233467742000073], [117.60181364400012, 1.233640797000021], [117.6018108610001, 1.233642755000062], [117.60302178300003, 1.23457092600006], [117.6033903770001, 1.234896525000067], [117.60340830700011, 1.234688445000074]]], [[[117.60290722400009, 1.231200599000033], [117.60299376500006, 1.231183158000022], [117.603045715, 1.231287676000022], [117.60309765400007, 1.231339929000058], [117.60332711, 1.231266940000069], [117.60316480400002, 1.231051701000069], [117.6031521110001, 1.231035434000034], [117.60294295900007, 1.230623983000044], [117.60286804700002, 1.230418494000048], [117.60288599800003, 1.230300882000051], [117.60306566600002, 1.229866597000068], [117.60332620500003, 1.229323731000022], [117.6033172010001, 1.229251359000045], [117.60276882300002, 1.228844379000066], [117.60224737200008, 1.228265504000035], [117.60199538200004, 1.228041383000061], [117.60198918800006, 1.228273975000036], [117.60209309700008, 1.228517854000074], [117.60193739800002, 1.22888374300004], [117.60200667700008, 1.229075366000075], [117.60221441300007, 1.229197270000043], [117.6023183100001, 1.229388884000059], [117.60235297100007, 1.22958051400002], [117.60238766300006, 1.229911517000062], [117.60218004, 1.230294840000056], [117.60204163500009, 1.230591039000046], [117.60223208100001, 1.230800055000032], [117.60242249600003, 1.230869698000049], [117.602543706, 1.231078730000036], [117.60257836000005, 1.231235517000073], [117.60264763900011, 1.231427139000061], [117.6027514970001, 1.231444537000073], [117.60290722400009, 1.231200599000033]]], [[[117.6020035140001, 1.233284738000066], [117.60183075400005, 1.232798212000034], [117.60176048500011, 1.232755798000028], [117.60140432300011, 1.232895785000039], [117.60139452100009, 1.232897644000047], [117.60138751000011, 1.232896713000059], [117.60115380000002, 1.232833438000057], [117.60115049100011, 1.232832306000034], [117.60114463000002, 1.232828946000041], [117.60074907700005, 1.232530492000024], [117.600746189, 1.232527971000025], [117.600740341, 1.232519168000067], [117.60074012200005, 1.232518059000029], [117.60073964300011, 1.232517277000056], [117.60063330000003, 1.232192743000041], [117.60063038200008, 1.232309778000058], [117.60067539900001, 1.23264449800007], [117.60073835500009, 1.232816372000059], [117.60113391000004, 1.233123873000068], [117.60176950700009, 1.233611058000065], [117.60177394900006, 1.233604053000022], [117.60192949900011, 1.233433815000069], [117.6020035140001, 1.233284738000066]]]]}},
{"type": "Feature", "properties": {"ba_code": "4523", "blockid": "4523O34P07", "division": "02"}, "geometry": {"type": "MultiPolygon", "coordinates": [[[[117.63653460700004, 1.229093748000025], [117.6378587050001, 1.229048889000069], [117.63932722600009, 1.229075495000075], [117.63933535400008, 1.228975861000038], [117.63933415800011, 1.228845754000019], [117.63933370500001, 1.228845768000042], [117.6393352770001, 1.228214986000069], [117.63933360700003, 1.228214706000074], [117.63931942400006, 1.22705475500004], [117.63931595800011, 1.227035593000039], [117.6385509810001, 1.227255281000055], [117.63782408100008, 1.227464507000036], [117.63656410700003, 1.227776644000073], [117.63652625300006, 1.228239261000056], [117.63653460700004, 1.229093748000025]], [[117.63782309100009, 1.228890468000031], [117.63783200800003, 1.228591924000057], [117.63769718700007, 1.228601003000051], [117.63787687000001, 1.228257185000075], [117.63930597500007, 1.228249291000054], [117.63931118700009, 1.228846434000047], [117.63782309100009, 1.228890468000031]]]]}},
{"type": "Feature", "properties": {"ba_code": "4523", "blockid": "4523L38P08", "division": "02"}, "geometry": {"type": "MultiPolygon", "coordinates": [[[[117.64761641700011, 1.256420845000036], [117.6485618690001, 1.256429275000073], [117.64892867900005, 1.256415317000062], [117.64901478800004, 1.256423962000042], [117.64901821100011, 1.256335562000061], [117.64904055000011, 1.256137959000057], [117.64913683100008, 1.25571115200006], [117.64913681100006, 1.255629731000056], [117.64910981100002, 1.25548499100006], [117.64895689800005, 1.255032695000068], [117.64893889900009, 1.254942233000065], [117.64898380700004, 1.254806521000035], [117.64908264900009, 1.254688890000068], [117.64928035900004, 1.254553140000041], [117.64931629400007, 1.254480757000067], [117.649334253, 1.25440837900004], [117.64932524400001, 1.254326961000061], [117.64920831200004, 1.253983217000041], [117.64919923900004, 1.253639445000033], [117.64912727700005, 1.253413296000076], [117.64896537100003, 1.252942908000023], [117.64895633900005, 1.252761977000034], [117.64892025400002, 1.252228231000061], [117.64894709700002, 1.251730657000053], [117.64890207500002, 1.251404987000058], [117.64879393800004, 1.250274178000041], [117.64877589900004, 1.250020876000065], [117.64874882800007, 1.249586641000064], [117.64880264600004, 1.249134294000044], [117.64882056500005, 1.248899075000054], [117.648784481, 1.24836533000007], [117.64876646900007, 1.248220587000048], [117.64873047600008, 1.248057756000037], [117.64876288300002, 1.247490519000053], [117.64842015700003, 1.247397005000039], [117.64828754500002, 1.247360638000032], [117.6476520870001, 1.247386795000068], [117.64759427400008, 1.250407979000045], [117.6475874890001, 1.250830909000058], [117.647597915, 1.251208769000073], [117.64758107300008, 1.252536152000062], [117.6475727400001, 1.253885015000037], [117.6476041300001, 1.255479657000024], [117.64761641700011, 1.256420845000036]]]]}},
{"type": "Feature", "properties": {"ba_code": "4523", "blockid": "4523N11P16", "division": "04"}, "geometry": {"type": "MultiPolygon", "coordinates": [[[[117.57464264500004, 1.228300952000041], [117.57463622300008, 1.228301529000021], [117.57439257200008, 1.228316910000046], [117.5742667830001, 1.228543107000064], [117.574356684, 1.228624509000042], [117.57439265300002, 1.228696876000072], [117.57436569600009, 1.228733069000043], [117.57426684100005, 1.228814512000042], [117.57456295500003, 1.229572810000036], [117.57490731100006, 1.23055306200007], [117.57490734200007, 1.230697468000074], [117.57487850000007, 1.230922287000055], [117.5754242910001, 1.230946550000056], [117.57543737900005, 1.230939037000041], [117.5754897170001, 1.230967388000067], [117.5755975830001, 1.230994505000069], [117.57567847300004, 1.230967347000046], [117.57580622600005, 1.230949930000065], [117.57575760300006, 1.230774710000048], [117.57571702500002, 1.230354982000051], [117.57566432500005, 1.230045285000074], [117.5757006450001, 1.229491061000033], [117.57580569700008, 1.228480410000031], [117.57584200100007, 1.22784875900004], [117.57589455100003, 1.227457536000031], [117.57584182500011, 1.227029661000074], [117.57588423600009, 1.226443896000035], [117.57595601000003, 1.225819651000052], [117.57591996700012, 1.225403505000031], [117.57594661600001, 1.224796474000073], [117.57596273700005, 1.224446011000055], [117.57587763900005, 1.224103720000073], [117.5753535560001, 1.224716070000056], [117.57490421600005, 1.225078039000039], [117.57461662000003, 1.225222851000069], [117.5742660950001, 1.225313394000068], [117.573870639, 1.225458229000026], [117.57387067900004, 1.225648212000067], [117.5739606090001, 1.225865316000068], [117.57399618800002, 1.225907078000034], [117.5739786050001, 1.225955780000049], [117.57405053800005, 1.226082420000068], [117.57422137300011, 1.226344741000048], [117.57399554400001, 1.226846680000051], [117.57400368900005, 1.227066734000061], [117.57408064300012, 1.227197121000074], [117.57419812100011, 1.227494580000041], [117.57427915400001, 1.227763520000053], [117.57434799700002, 1.227828707000072], [117.57456666400003, 1.227983514000073], [117.57464264500004, 1.228300952000041]]]]}},
{"type": "Feature", "properties": {"ba_code": "4523", "blockid": "4523O19P11", "division": "03"}, "geometry": {"type": "MultiPolygon", "coordinates": [[[[117.59663028000011, 1.229488379000031], [117.59695606700006, 1.229050242000028], [117.59706068100002, 1.228716550000058], [117.59702542800005, 1.228442046000055], [117.59702520600001, 1.228438572000073], [117.59702725600005, 1.228428186000031], [117.5970330990001, 1.228419379000059], [117.59704184600002, 1.228413494000051], [117.59705216500004, 1.228411426000036], [117.59705855600009, 1.22841270400005], [117.59701890300005, 1.228339061000042], [117.59696363600005, 1.22823642100002], [117.59684461000006, 1.228065359000027], [117.59677659400006, 1.22796272100004], [117.59670433200006, 1.227872916000024], [117.59659807600008, 1.227800227000046], [117.59652157100004, 1.227740364000056], [117.59651294600008, 1.227720120000072], [117.5964859930001, 1.227744442000073], [117.59635617200001, 1.22796407800007], [117.59635591900008, 1.227964405000023], [117.59635564000007, 1.227964941000039], [117.59616075800011, 1.228268229000037], [117.59609891700006, 1.228579805000038], [117.59609739000007, 1.228584869000031], [117.59609154600003, 1.22859367500007], [117.59591182000008, 1.228774651000037], [117.59590307300004, 1.228780536000045], [117.59589543800007, 1.228782469000066], [117.59580555700006, 1.228791536000074], [117.59580287400001, 1.228791671000067], [117.59579434600005, 1.228790281000045], [117.59577134800008, 1.228782570000021], [117.5958478230001, 1.228827848000037], [117.59586139100008, 1.228836984000054], [117.59589277500004, 1.228873072000056], [117.59612644900005, 1.228773505000049], [117.59626131800007, 1.228972504000069], [117.59648603000005, 1.228990547000024], [117.59656690800011, 1.228918155000031], [117.5966208420001, 1.228936236000038], [117.59662988100001, 1.229162404000022], [117.5964950560001, 1.229162434000045], [117.59639623300006, 1.229379579000067], [117.59641235800007, 1.229476823000027], [117.59637409700008, 1.229497035000065], [117.59636088500008, 1.229519210000035], [117.59655753700008, 1.229663006000067], [117.59656090500005, 1.229658289000042], [117.596568821, 1.229651340000032], [117.59657113100002, 1.229622203000019], [117.59657309600004, 1.229613980000067], [117.59657335600002, 1.229613589000053], [117.5965734460001, 1.229613166000036], [117.5966273040001, 1.229493447000038], [117.596627925, 1.229492543000049], [117.59663028000011, 1.229488379000031]]], [[[117.59734527700004, 1.224570750000055], [117.59732802200006, 1.22455654700002], [117.5973196970001, 1.224558215000059], [117.59730937800009, 1.224556152000048], [117.59730501400009, 1.224553843000024], [117.59705161000011, 1.224398391000022], [117.59660011100004, 1.224202561000027], [117.59611967100011, 1.225011557000073], [117.59611942100003, 1.225022212000056], [117.59618432900004, 1.225027945000022], [117.59641537200002, 1.225046251000038], [117.59641904400007, 1.225047138000036], [117.59642199500001, 1.225047633000031], [117.59673360600004, 1.225155088000065], [117.59719784600009, 1.225199912000051], [117.5972055850001, 1.225201851000065], [117.59721343300009, 1.225206867000054], [117.5972287410001, 1.22522090700005], [117.59722642800011, 1.225165325000034], [117.59727740500011, 1.225084047000053], [117.59733263700002, 1.225028430000066], [117.597387862, 1.224942874000021], [117.59742184100003, 1.22486587700007], [117.59744732400009, 1.224797435000028], [117.59740906000002, 1.224720454000021], [117.59734527700004, 1.224570750000055]]], [[[117.59648204200005, 1.22569106900005], [117.59649184400007, 1.225689210000041], [117.59650216400007, 1.225691274000042], [117.59650326500002, 1.22569201400006], [117.59655510800008, 1.225665909000043], [117.59664858800011, 1.225618839000049], [117.59673782000004, 1.22558032400002], [117.59682705800003, 1.225567472000023], [117.5969162990001, 1.225567452000064], [117.5970395380001, 1.225575979000041], [117.59716277900009, 1.225593060000051], [117.59722227500004, 1.225601601000051], [117.59735402400008, 1.225657176000027], [117.59731575400008, 1.225550254000041], [117.59728598800007, 1.225464716000033], [117.59723071200006, 1.225323581000055], [117.59723069900008, 1.225286550000021], [117.59722037400002, 1.225284487000067], [117.59721252600002, 1.225279471000022], [117.59718375200009, 1.225253081000062], [117.59672529500006, 1.22520881500003], [117.59672158600006, 1.225207886000021], [117.59671913000011, 1.225207474000058], [117.596407741, 1.225100095000073], [117.59617997600003, 1.225082048000047], [117.5961799270001, 1.22508203700005], [117.59617973500008, 1.225082028000031], [117.59611609800004, 1.225076408000064], [117.59611607700003, 1.225076440000066], [117.59609879700008, 1.225716443000067], [117.59609675700005, 1.225726086000066], [117.59609530500006, 1.225729081000054], [117.59602715100004, 1.225850198000046], [117.59632344300007, 1.225753405000034], [117.59648204200005, 1.22569106900005]]], [[[117.59604507000006, 1.225708212000029], [117.59606218500005, 1.225074287000041], [117.59606250900003, 1.225072754000053], [117.59602458000006, 1.225068176000036], [117.5960240180001, 1.225068028000067], [117.59602298700008, 1.225067935000027], [117.59535976600012, 1.224947091000047], [117.59535425600006, 1.224945462000051], [117.59534550700005, 1.224939580000068], [117.59534361500005, 1.22493673200006], [117.59533928400003, 1.224940066000045], [117.59522041500009, 1.225029840000047], [117.595089658, 1.22511961500004], [117.5949351270001, 1.225233329000048], [117.59489352300011, 1.225263254000026], [117.5948519320001, 1.225353010000049], [117.59475683800008, 1.22543081200007], [117.59492327300006, 1.225388893000058], [117.59503027000005, 1.22537690300004], [117.59515510500012, 1.225382858000046], [117.59524427200006, 1.225388821000024], [117.59534533800002, 1.225436663000039], [117.59536318100004, 1.22547854100003], [117.59539888100005, 1.225628111000049], [117.59539296700007, 1.225765724000041], [117.59540486500009, 1.225807603000021], [117.59551189900003, 1.225963140000033], [117.59558920200004, 1.226076802000023], [117.59563711500005, 1.22615713700003], [117.59569832300008, 1.226103021000029], [117.59569908000003, 1.22610254600005], [117.59570115600002, 1.226100833000032], [117.5958988000001, 1.225968148000049], [117.59604507000006, 1.225708212000029]]], [[[117.59661928800006, 1.227637689000062], [117.59675951800011, 1.227611994000029], [117.596912502, 1.227611960000047], [117.5969634810001, 1.227539236000041], [117.59707395300006, 1.227462221000053], [117.59713343100009, 1.227393772000028], [117.59722265300002, 1.227308208000068], [117.59728638500007, 1.227256867000051], [117.59732036900004, 1.227196979000041], [117.59736708500009, 1.227068652000071], [117.59740531500006, 1.226995931000033], [117.5973967860001, 1.226859062000074], [117.59732452100002, 1.226760702000036], [117.59726500900001, 1.226679449000073], [117.5972140020001, 1.22662385600006], [117.59714598000005, 1.226491278000026], [117.59707796600003, 1.226397195000061], [117.59700995700007, 1.226324498000054], [117.5969546990001, 1.22626462900007], [117.59689519200003, 1.22620476100002], [117.59684843800005, 1.226162], [117.59681443500006, 1.226136344000054], [117.59677617000011, 1.226050809000071], [117.59673366200002, 1.225995214000022], [117.5966826560001, 1.225943899000072], [117.59663164900007, 1.225888307000048], [117.5965976440001, 1.225849820000064], [117.59656363700003, 1.225802778000059], [117.59653388100003, 1.22576001300007], [117.59651009400011, 1.225736082000026], [117.59650165900007, 1.225741632000052], [117.59634232500002, 1.22580425600006], [117.59634222900002, 1.225804274000041], [117.59634084100003, 1.225804790000041], [117.59603235100008, 1.22590556800003], [117.59602403200006, 1.225906894000047], [117.59601371300005, 1.225904830000047], [117.59600496300004, 1.225898949000054], [117.59600212400005, 1.225894674000074], [117.5959425640001, 1.226000519000024], [117.59593817200005, 1.226006330000075], [117.59593406300007, 1.226009722000072], [117.59573257000011, 1.226144991000069], [117.5956633940001, 1.226206152000032], [117.5956899900001, 1.22621360200003], [117.59596583300004, 1.226231452000036], [117.59597061300008, 1.226232571000025], [117.59597346200007, 1.226233084000057], [117.59621616600009, 1.226323497000067], [117.59621658300011, 1.226323766000064], [117.59621712, 1.226323874000059], [117.59622587000001, 1.226329755000052], [117.59623140400004, 1.226337828000055], [117.59641855300003, 1.226757123000027], [117.59644958100012, 1.226756001000069], [117.59657537700002, 1.226575037000032], [117.5967102080001, 1.226602147000051], [117.5967191960001, 1.226602145000072], [117.59668321700008, 1.226484545000062], [117.59656634500004, 1.226376010000024], [117.59654833800005, 1.226240312000073], [117.59647641400011, 1.22615890700007], [117.59632357100008, 1.225968959000056], [117.59635052400006, 1.225914673000034], [117.59646737300011, 1.225923693000027], [117.59664717600003, 1.226086495000061], [117.59677307200002, 1.226357870000072], [117.59686297300004, 1.226439271000061], [117.5968989380001, 1.226493543000061], [117.5969349070001, 1.226565910000033], [117.59697087900008, 1.226647323000066], [117.59698886300009, 1.226683506000029], [117.59699786200008, 1.22672873700003], [117.59703382700002, 1.22678301000002], [117.59706977200005, 1.22674681500007], [117.59710568900005, 1.226583965000032], [117.59711467700004, 1.226583963000053], [117.59715962300004, 1.226602046000039], [117.597168613, 1.226611091000052], [117.59716861700008, 1.226629185000036], [117.59718661000011, 1.226701555000034], [117.59724055600009, 1.22677391700006], [117.59732146500005, 1.226837226000043], [117.59734985700004, 1.226871781000057], [117.59735354300005, 1.226884408000046], [117.59723160600004, 1.226945808000039], [117.59716872600006, 1.227117711000062], [117.5970788410001, 1.227108684000029], [117.5969620090001, 1.227181084000051], [117.59688117600001, 1.227461553000069], [117.59676435800009, 1.227597281000044], [117.59655763500007, 1.227633514000047], [117.59662952200006, 1.227543030000049], [117.5967463390001, 1.227407302000074], [117.59687213600012, 1.227226339000026], [117.59693502000005, 1.227072529000054], [117.59681815600004, 1.227000181000051], [117.59670128800008, 1.226909740000053], [117.5966652940001, 1.226728812000033], [117.59648661200004, 1.226848767000035], [117.59656021900003, 1.226937630000066], [117.59656441800007, 1.226944618000061], [117.59656580100011, 1.22694898900005], [117.59661078700003, 1.227148008000029], [117.59661145900009, 1.227154023000026], [117.5966097160001, 1.227163628000028], [117.59648664400004, 1.227491225000051], [117.59651578700004, 1.227645033000044], [117.59651612200003, 1.227646019000076], [117.59661928800006, 1.227637689000062]]], [[[117.59562286300002, 1.227688005000061], [117.59571269800006, 1.227470862000075], [117.59575762400004, 1.227398477000065], [117.59580256700008, 1.227407514000049], [117.59583851500008, 1.227380366000034], [117.5957755820001, 1.227317052000046], [117.59556884500012, 1.227289958000028], [117.59549691900008, 1.227199507000023], [117.5954969170001, 1.227190460000031], [117.5958025110001, 1.227154204000044], [117.5957845050001, 1.227018507000025], [117.59577551600012, 1.227018509000061], [117.59579346100008, 1.226873756000032], [117.59591928500004, 1.226819447000025], [117.59593723400008, 1.226692788000037], [117.5958653030001, 1.226584243000048], [117.59571249600003, 1.226557137000043], [117.59571247400004, 1.226457622000055], [117.59590119200004, 1.226294738000036], [117.59590119400002, 1.226303785000027], [117.59605404600006, 1.226529920000075], [117.59615291700004, 1.226529898000024], [117.59618890000002, 1.226665592000074], [117.5961979110001, 1.226765104000037], [117.59636037000007, 1.226759228000049], [117.59618684300005, 1.226370453000072], [117.59595843900001, 1.22628536700006], [117.595683731, 1.22626759000002], [117.5956818410001, 1.226267148000034], [117.59567823100008, 1.226266652000049], [117.5956311860001, 1.226253474000032], [117.59560710000005, 1.226369970000064], [117.59556551700007, 1.226495625000041], [117.59551206200001, 1.226699063000069], [117.59548236900002, 1.226830698000072], [117.59545861600009, 1.226944383000045], [117.5953813530001, 1.227010214000074], [117.59516145300006, 1.227213689000052], [117.59497127300006, 1.227405192000049], [117.59479298000008, 1.227584725000042], [117.59472050200009, 1.227691393000043], [117.59478694600011, 1.227670098000033], [117.5949397500001, 1.227679111000043], [117.59493971600011, 1.227525316000026], [117.59501161600008, 1.227498159000049], [117.59514644100011, 1.227498129000026], [117.59514644300009, 1.227507176000074], [117.59520937700006, 1.227579536000064], [117.59521836500005, 1.227579534000029], [117.59534422200011, 1.227669973000047], [117.59548805700001, 1.227769456000033], [117.59562286300002, 1.227688005000061]]], [[[117.5971761720001, 1.228497283000024], [117.59708018300012, 1.228444979000074], [117.5970912040001, 1.228530790000036], [117.59728589100007, 1.228547075000051], [117.5973016370001, 1.228524877000041], [117.5971761720001, 1.228497283000024]]], [[[117.5958804820001, 1.22872942500004], [117.59604763200002, 1.228561113000069], [117.59610888100008, 1.228252520000069], [117.59611040800007, 1.22824745600002], [117.59611268100002, 1.228243098000064], [117.59631008200006, 1.227935889000037], [117.59644175200003, 1.227713126000026], [117.59644585400008, 1.227707815000031], [117.59644652400004, 1.227707365000072], [117.596446925, 1.227706795000074], [117.59647272200004, 1.227683515000024], [117.59647083700008, 1.227680473000021], [117.59646414500003, 1.227660793000041], [117.5964639880001, 1.227659841000047], [117.5964631700001, 1.227657089000047], [117.59643224400008, 1.227493872000025], [117.59643176700001, 1.227488794000067], [117.59643351000011, 1.227479189000064], [117.59655639900006, 1.227152077000028], [117.596514651, 1.226967384000034], [117.59643697700005, 1.22687361200002], [117.59631478300003, 1.226873639000075], [117.59601816300005, 1.226846565000073], [117.59591931700004, 1.22696419600004], [117.595829492, 1.227226572000063], [117.5960092680001, 1.227271766000058], [117.59603626500007, 1.227416508000033], [117.59602729100004, 1.227479838000022], [117.59612616200002, 1.227479816000027], [117.59621606900009, 1.227588357000059], [117.59618014400007, 1.227715020000062], [117.59608127100012, 1.227705995000065], [117.59607228300001, 1.227705997000044], [117.5959554310001, 1.227687930000059], [117.59589255500009, 1.227877926000076], [117.59573976900003, 1.22795033500006], [117.59574877000011, 1.228004614000042], [117.5959285460001, 1.228049807000048], [117.59575782000002, 1.228285062000054], [117.5957758190001, 1.228384572000039], [117.59580282000002, 1.228547408000054], [117.59580282200011, 1.228556455000046], [117.59571296700005, 1.228683130000036], [117.59564543600004, 1.228683145000048], [117.595805917, 1.228736947000073], [117.5958804820001, 1.22872942500004]]], [[[117.59713314800001, 1.22880946600003], [117.59711421100008, 1.228725147000034], [117.59711390100006, 1.228727175000074], [117.59700611800008, 1.229070977000049], [117.59700531700003, 1.229073191000055], [117.59700199100007, 1.229079072000047], [117.59667521900008, 1.229518533000032], [117.59664591800004, 1.229583665000064], [117.59669310400011, 1.229542246000051], [117.59670050300008, 1.229537629000049], [117.59670826100012, 1.229535684000041], [117.596788005, 1.229528010000024], [117.59691755900008, 1.229397555000048], [117.59696245400005, 1.229189469000062], [117.59713314800001, 1.22880946600003]]], [[[117.59793709000007, 1.229600632000029], [117.59788604900007, 1.229395337000028], [117.59784776000004, 1.229202871000041], [117.5978265010001, 1.229151549000051], [117.59773723600006, 1.229044639000051], [117.59767346800004, 1.228933446000042], [117.59763945400005, 1.228856464000046], [117.59762244700005, 1.228813696000032], [117.59748642800002, 1.228668301000027], [117.59740142300006, 1.228604162000067], [117.5973546680001, 1.228561401000036], [117.59735006800008, 1.228557698000031], [117.59729489100005, 1.228601354000034], [117.59713327400004, 1.229379413000061], [117.59702543900005, 1.229487999000071], [117.59706312300011, 1.229501535000054], [117.59739139500005, 1.229469945000062], [117.59739395500003, 1.229469822000056], [117.59740097800011, 1.229470757000058], [117.59789122000007, 1.229603737000048], [117.5978945170001, 1.229604866000045], [117.5978972260001, 1.229606177000051], [117.59792549200006, 1.229621868000038], [117.59792625800003, 1.229622448000043], [117.59793709000007, 1.229600632000029]]], [[[117.59679177300006, 1.229623753000055], [117.59678277500007, 1.229583041000069], [117.59672202000002, 1.229588888000023], [117.59660120500007, 1.229694937000033], [117.59721433900006, 1.230143271000031], [117.59721432600008, 1.230085043000031], [117.59704352800009, 1.22999461400002], [117.59695362700006, 1.229913213000032], [117.59695360100011, 1.229795605000049], [117.59679177300006, 1.229623753000055]]], [[[117.59787403700011, 1.229655293000064], [117.59739166300005, 1.229524448000063], [117.59715312800006, 1.229547402000037], [117.59717829600004, 1.229741274000048], [117.59709742000007, 1.229822713000033], [117.59707946300011, 1.229913185000044], [117.59726823800008, 1.23000361000004], [117.59743005200005, 1.23011213500007], [117.59735850800007, 1.230249681000032], [117.5978508610001, 1.230613085000073], [117.59788204600011, 1.230503135000049], [117.59790327600001, 1.230421863000061], [117.59789474400009, 1.230276440000068], [117.5978777040001, 1.230088247000026], [117.5978734150001, 1.229908605000048], [117.59786488500004, 1.229771736000032], [117.59789461300011, 1.229686185000048], [117.59790228300005, 1.22967073600006], [117.59790215600003, 1.22967071000005], [117.59789944700003, 1.229669399000045], [117.59787403700011, 1.229655293000064]]]]}},
{"type": "Feature", "properties": {"ba_code": "4523", "blockid": "4523M21P10", "division": "04"}, "geometry": {"type": "MultiPolygon", "coordinates": [[[[117.6009842410001, 1.247010700000033], [117.6009932290001, 1.247010697000064], [117.6019010230001, 1.246874787000024], [117.60204483300004, 1.246856661000038], [117.602080784, 1.246847606000074], [117.60215609600004, 1.246847588000037], [117.60212587900003, 1.246835216000022], [117.60205702200005, 1.246706559000074], [117.60205395700007, 1.246617688000072], [117.60204474800003, 1.246387313000071], [117.60204483900009, 1.246386799000049], [117.60204472600003, 1.246386229000052], [117.60204469100006, 1.246230420000074], [117.60201202500002, 1.246171270000048], [117.60182346200008, 1.246196069000064], [117.60181997400002, 1.246196298000029], [117.60181613100008, 1.246196022000049], [117.60177223000005, 1.246189670000035], [117.60176575300011, 1.246187883000061], [117.60175700400009, 1.246182001000022], [117.60175115700008, 1.246173198000065], [117.6017511230001, 1.246173030000023], [117.60175103200004, 1.246172891000072], [117.6017152820001, 1.246082993000073], [117.60161989700009, 1.245925558000067], [117.60149386600006, 1.245832579000023], [117.60128847600004, 1.245781366000074], [117.60127049500011, 1.245763277000037], [117.60125806700012, 1.24544858400003], [117.60131197800001, 1.245367151000039], [117.60131286900003, 1.245366057000069], [117.60131328800003, 1.245365340000035], [117.60136825100005, 1.245295561000034], [117.60142214400003, 1.245198645000073], [117.60146127900009, 1.245067463000055], [117.60152564300006, 1.24498828000003], [117.6015264030001, 1.244987725000044], [117.60152704900008, 1.244986751000056], [117.6016061470001, 1.244942768000044], [117.60167328800003, 1.244895044000032], [117.6016739150001, 1.244894695000028], [117.60167447100002, 1.244894249000026], [117.6017873080001, 1.244823163000035], [117.60189293100007, 1.244813312000076], [117.60191379700007, 1.244807730000048], [117.60190953600011, 1.244777526000064], [117.6018921750001, 1.24462929200007], [117.60180383200009, 1.244424910000021], [117.60180378400003, 1.244424679000076], [117.6018036480001, 1.244424475000073], [117.60180311800002, 1.244421461000059], [117.60180159300012, 1.244414089000031], [117.60180171400009, 1.244413475000044], [117.60180161800008, 1.244412925000063], [117.60180435000007, 1.244348504000072], [117.60180637500002, 1.244339281000066], [117.60181221900007, 1.244330474000037], [117.60181823200003, 1.244325915000047], [117.60193943400009, 1.244258395000031], [117.6019418520001, 1.244257222000044], [117.60194192800009, 1.244257170000026], [117.60205713000005, 1.244207798000048], [117.60209539300001, 1.244161455000039], [117.60209706100011, 1.244159614000068], [117.60209761800002, 1.244159239000055], [117.60209795800006, 1.244158751000043], [117.6021646160001, 1.244097541000031], [117.60219666800003, 1.244055334000052], [117.60219902000006, 1.244052629000066], [117.602203, 1.244049324000059], [117.60230468100008, 1.243980209000028], [117.60239004300001, 1.243904077000025], [117.60245267700009, 1.243787629000053], [117.60247456700006, 1.24365754300004], [117.60240593000003, 1.243502202000059], [117.60240586000009, 1.243501869000056], [117.60240565800007, 1.24350156600002], [117.60240360400007, 1.243491180000035], [117.60240359500006, 1.243454993000057], [117.6024051070001, 1.243446027000061], [117.60246647200006, 1.243269431000044], [117.60246642800007, 1.243075015000045], [117.602466563, 1.243074329000024], [117.6024664580001, 1.243073724000055], [117.60247540300008, 1.242883739000035], [117.60247550500003, 1.242883282000037], [117.60247545200002, 1.242882949000034], [117.60248440300006, 1.242765477000034], [117.60249321700007, 1.24263194200006], [117.60248437300004, 1.242525411000031], [117.602484279, 1.24252315800004], [117.60248492000005, 1.242517270000064], [117.60250198800009, 1.242439880000063], [117.60249712600012, 1.242381642000055], [117.6024431190001, 1.242430551000041], [117.60235031900004, 1.242563548000021], [117.6023268780001, 1.242707751000069], [117.60232631000008, 1.242709758000046], [117.60232611900005, 1.242711084000064], [117.60229396400007, 1.242820239000025], [117.6022930260001, 1.242822904000036], [117.60228718300004, 1.242831711000065], [117.60228364900001, 1.242834706000053], [117.60219864600003, 1.242895022000027], [117.60219454500009, 1.242897296000024], [117.60219401600011, 1.242897661000029], [117.60198497700003, 1.242990719000034], [117.60198467100008, 1.242990784000028], [117.60198439500004, 1.242990970000051], [117.60197978800011, 1.242992421000054], [117.60183994300007, 1.243022960000076], [117.6018342320001, 1.243023577000031], [117.60182958200005, 1.243023172000051], [117.60172440100007, 1.243004663000022], [117.601718731, 1.243003005000048], [117.60171638400004, 1.243001891000063], [117.60137348800004, 1.242818357000033], [117.6013670860001, 1.242813590000026], [117.60136123900008, 1.242804786000022], [117.6013599900001, 1.242800980000027], [117.60134622500004, 1.242745592000063], [117.60134541900004, 1.242739013000062], [117.6013455100001, 1.24273677900004], [117.60136220000004, 1.242532801000038], [117.60132912800009, 1.242381322000028], [117.60132906400008, 1.242380728000057], [117.6013289010001, 1.242380167000022], [117.60127284100008, 1.242057099000021], [117.60123030200009, 1.24195547100004], [117.6012302370001, 1.241955147000056], [117.60123006200001, 1.241954880000037], [117.60114495000005, 1.241737389000036], [117.60097481300011, 1.241623283000024], [117.60076810700002, 1.241567606000046], [117.600766109, 1.24156692400004], [117.60076578600001, 1.241566866000028], [117.6005851220001, 1.241500116000054], [117.60041317200012, 1.241492944000072], [117.60013471500008, 1.241580370000065], [117.60005047700008, 1.241675798000074], [117.59996707000005, 1.241799956000023], [117.59993060400006, 1.241917501000046], [117.59992977900004, 1.241919792000033], [117.5999239360001, 1.241928599000062], [117.59992289900003, 1.241929296000023], [117.60018864100005, 1.242347340000038], [117.60036035200005, 1.242440893000037], [117.60064818600006, 1.242546421000043], [117.60079786200004, 1.242694652000068], [117.60080697300009, 1.242717277000054], [117.60080841800004, 1.24271774500005], [117.60082868600011, 1.243375417000038], [117.60072272100001, 1.243370109000068], [117.60067907000007, 1.243388749000076], [117.60063572000001, 1.243396459000053], [117.60043176300007, 1.243601836000039], [117.60017935000008, 1.243791824000027], [117.60004169100011, 1.243984352000041], [117.6000278350001, 1.244180085000039], [117.600024759, 1.244377951000047], [117.60006848800003, 1.244566383000063], [117.60010908900006, 1.244723409000073], [117.60011222000003, 1.244770519000042], [117.6002028040001, 1.245175650000022], [117.60020283100005, 1.245291856000051], [117.60022470900003, 1.24544888600002], [117.60025281000003, 1.245524257000056], [117.60030899900005, 1.245618465000064], [117.60049937600002, 1.245753472000047], [117.60055244000011, 1.245828837000033], [117.60060552700008, 1.246004704000029], [117.60062267900003, 1.246127104000038], [117.60052734300007, 1.24626577500004], [117.6004121530001, 1.24641304000005], [117.60034354000004, 1.24657323200006], [117.60030923600004, 1.246664321000026], [117.60030928700007, 1.24689045100007], [117.60031868400006, 1.247047485000053], [117.60050167600002, 1.247071743000049], [117.60051072800002, 1.247062628000037], [117.60074797800007, 1.247103484000036], [117.60074871900008, 1.247095118000061], [117.6009842410001, 1.247010700000033]]], [[[117.60184658900005, 1.233753716000024], [117.601849861, 1.233749544000034], [117.60185436600011, 1.233749775000035], [117.60188615000004, 1.233728438000071], [117.60186495100004, 1.233701779000057], [117.6017695700001, 1.233637809000072], [117.60152581200009, 1.233451222000042], [117.6011283790001, 1.233142020000059], [117.60112138600005, 1.233191366000028], [117.60111594800003, 1.233187204000046], [117.60110699000006, 1.233180338000068], [117.60114955800009, 1.233331810000038], [117.601150576, 1.233339191000027], [117.60114994000003, 1.233345056000076], [117.60109551200003, 1.233592834000035], [117.60108710400004, 1.233791266000026], [117.60115694900003, 1.233863220000046], [117.60115702200005, 1.233863331000066], [117.601157123, 1.233863401000065], [117.60155017800002, 1.234275904000071], [117.60155066100003, 1.234276649000037], [117.60155120600007, 1.234277048000024], [117.60177326300004, 1.234538310000062], [117.60185210400005, 1.234625182000059], [117.60185303800006, 1.234626659000071], [117.60185543800003, 1.234626904000038], [117.60192093300009, 1.234640385000034], [117.60192584300012, 1.234641898000064], [117.60192862000008, 1.234643247000065], [117.60200949800003, 1.234688447000053], [117.60190284200007, 1.234497501000021], [117.60190143700004, 1.234494592000033], [117.60189938200006, 1.234484207000037], [117.60189939000009, 1.234484164000037], [117.60189938200006, 1.234484122000026], [117.60189958800004, 1.234412522000071], [117.60181051600011, 1.234233322000023], [117.60181031500008, 1.234232464000058], [117.60180972100011, 1.234231571000066], [117.6018083460001, 1.234227232000023], [117.60174702000006, 1.233957467000039], [117.60174634100008, 1.233951420000039], [117.60174839100011, 1.233941033000065], [117.6017489830001, 1.233940140000072], [117.60174918500002, 1.233939282000051], [117.6018178280001, 1.233801023000069], [117.6018181500001, 1.233800573000053], [117.60181897500001, 1.233798946000036], [117.60184658900005, 1.233753716000024]]], [[[117.6034334950001, 1.234954591000076], [117.60334340800011, 1.234874622000063], [117.6032056250001, 1.23474133700006], [117.6030360520001, 1.234602727000038], [117.60289297600002, 1.23449077500004], [117.60245315200007, 1.234154919000048], [117.60191794600007, 1.23376042600006], [117.60189937700011, 1.233786604000045], [117.60189274400011, 1.233781728000054], [117.60189253700003, 1.233782134000023], [117.60186554200004, 1.233826351000062], [117.60180174700008, 1.233954843000049], [117.60186019500009, 1.234211949000041], [117.60195068700011, 1.234394006000059], [117.60195088800003, 1.23439486500007], [117.60195148100001, 1.234395758000062], [117.60195343400005, 1.234405709000043], [117.60195353600011, 1.234406143000058], [117.60195352800008, 1.234406186000058], [117.60195353600011, 1.234406228000068], [117.60195333200011, 1.234477131000062], [117.60209578900003, 1.234732170000029], [117.60209719400007, 1.234735078000028], [117.60209772300004, 1.234737753000047], [117.60211409500005, 1.23474690300003], [117.6021149280001, 1.234747535000054], [117.60211636200006, 1.23474832200003], [117.602290476, 1.234869741000068], [117.60251684000002, 1.23495925800006], [117.60289749900005, 1.234933821000027], [117.60289831000011, 1.23493395600002], [117.6028992790001, 1.234933762000026], [117.60290959800011, 1.234935825000036], [117.60291195100001, 1.234936942000047], [117.603125911, 1.235051523000038], [117.60312663400009, 1.235052061000033], [117.60312823900006, 1.235052925000048], [117.60346229000004, 1.235274857000036], [117.60343880000005, 1.234981253000058], [117.60342869100009, 1.234972338000034], [117.6034334950001, 1.234954591000076]]], [[[117.60173665800005, 1.23459682400005], [117.60174518500003, 1.234595429000024], [117.60175334000007, 1.234596841000041], [117.6017331490001, 1.234574592000058], [117.60173287000009, 1.23457415200005], [117.6017325680001, 1.234573931000057], [117.60151072400004, 1.234312919000047], [117.60111828600009, 1.233901063000076], [117.6010403790001, 1.233820803000071], [117.6010347570001, 1.233812228000033], [117.60103270200011, 1.233801843000037], [117.60103282300008, 1.233801229000051], [117.60103272600008, 1.233800680000058], [117.601041731, 1.23358814300002], [117.60104193200004, 1.233587230000069], [117.60104234300002, 1.233583440000075], [117.60109581600011, 1.233340009000074], [117.60104864700008, 1.233172163000063], [117.60104762900005, 1.233164782000074], [117.60104967900008, 1.233154395000042], [117.60105552300001, 1.23314558900006], [117.60105878900004, 1.233143391000056], [117.60105062600007, 1.233136523000042], [117.60108068800002, 1.233110035000038], [117.60073094100005, 1.232811487000049], [117.60072051800012, 1.232858747000023], [117.60071505600001, 1.232854151000026], [117.600753284, 1.235451990000058], [117.60075460300004, 1.235451692000026], [117.60079739600008, 1.235449594000045], [117.6008257420001, 1.235413915000038], [117.6008277310001, 1.235411678000048], [117.60082837200002, 1.235411246000069], [117.60082875900002, 1.235410695000041], [117.60091482900009, 1.235332693000032], [117.60092153000005, 1.235319196000034], [117.6009245680001, 1.235314951000021], [117.60092593400009, 1.235312814000054], [117.60104773100011, 1.235181409000063], [117.6010603090001, 1.235143402000062], [117.60105631400006, 1.23513536400003], [117.60105611200004, 1.235134506000065], [117.60105551900006, 1.235133613000073], [117.60105346400007, 1.235123227000031], [117.60105392300011, 1.235118237000052], [117.60107031300004, 1.235029944000075], [117.60103550100007, 1.234998750000045], [117.6010350790001, 1.23499815100007], [117.6010343690001, 1.234997674000056], [117.60102852200009, 1.234988871000041], [117.60102646700011, 1.234978485000056], [117.60102851700003, 1.234968099000071], [117.60103436000009, 1.234959292000042], [117.6010397550001, 1.234955089000039], [117.6011925360001, 1.234864586000072], [117.60119382200003, 1.234863941000071], [117.6011941480001, 1.23486370400002], [117.60131912600002, 1.234800774000064], [117.6015160290001, 1.234683605000043], [117.60151942700008, 1.234681895000051], [117.60151959400002, 1.234681862000059], [117.60151973200004, 1.234681771000055], [117.60169948200007, 1.234609355000032], [117.60170036200009, 1.234609185000068], [117.60170096900004, 1.234608807000029], [117.60173665800005, 1.23459682400005]]], [[[117.60200358200007, 1.235117118000062], [117.60196031800001, 1.235019451000028], [117.60196026200003, 1.23501918300002], [117.60196009700007, 1.235018936000074], [117.60181695400001, 1.234676978000039], [117.60174492300007, 1.234651270000029], [117.6017187870001, 1.234660046000045], [117.60154169400005, 1.234731390000036], [117.6013457580001, 1.234847983000066], [117.60134443800007, 1.234848647000035], [117.6013441, 1.234848893000049], [117.6012190990001, 1.234911835000048], [117.60109900200007, 1.234982977000072], [117.6011178660001, 1.234999881000022], [117.60126622500002, 1.235100641000031], [117.60128633500005, 1.235114128000021], [117.60129535500005, 1.235114125000052], [117.60144736300003, 1.235105091000037], [117.60144809400003, 1.235105215000033], [117.60144894700011, 1.235105044000022], [117.60145358800003, 1.235106145000032], [117.601459266, 1.235107107000033], [117.60146015300006, 1.235107704000029], [117.60146100600002, 1.235107906000053], [117.60149696400003, 1.235125992000064], [117.60150397300004, 1.235131074000037], [117.6015073430001, 1.235135210000067], [117.60154330800003, 1.235189482000067], [117.60154578600009, 1.235194150000041], [117.601547761, 1.235202454000046], [117.60155636900004, 1.235314759000062], [117.6015986330001, 1.235399789000041], [117.60163422900007, 1.235462454000071], [117.60163573000011, 1.235465533000024], [117.6016357630001, 1.235465701000066], [117.60163585400005, 1.235465839000028], [117.60164804800002, 1.235496501000057], [117.60175432400001, 1.23551175800003], [117.60180075200003, 1.235503958000038], [117.60187850500006, 1.235469156000022], [117.60187883600008, 1.235469085000034], [117.60187913700008, 1.235468882000021], [117.6018823610001, 1.23546777200005], [117.60198050400004, 1.235440808000021], [117.60203372, 1.235422940000035], [117.60212878200002, 1.235391023000034], [117.60213350400011, 1.235376755000061], [117.60213396400002, 1.235376005000035], [117.60213417200009, 1.23537495100004], [117.60213751200001, 1.235369052000067], [117.60216120200005, 1.235337245000039], [117.60216822300004, 1.235308952000025], [117.6021695600001, 1.23528176700006], [117.60200944200005, 1.235125554000035], [117.60200932600003, 1.235125382000035], [117.6020091470001, 1.235125262000054], [117.60200358200007, 1.235117118000062]]], [[[117.60346993000007, 1.235357314000055], [117.60346420600001, 1.235322798000027], [117.60343798100007, 1.235321278000072], [117.60342766200006, 1.235319214000071], [117.60342298100011, 1.235316695000051], [117.60309938000012, 1.235098801000049], [117.60289340300005, 1.234988495000039], [117.60251438700004, 1.235013822000042], [117.6025135750001, 1.235013688000038], [117.60251260700011, 1.235013882000032], [117.60250274000009, 1.235012002000076], [117.60226783600001, 1.234919108000042], [117.60226763300011, 1.234918974000038], [117.60226738300003, 1.234918924000056], [117.60226234000004, 1.234916156000054], [117.602148596, 1.234836837000046], [117.60221660200011, 1.234962221000046], [117.60225956300008, 1.235018308000065], [117.60240295500012, 1.235119963000045], [117.60252826700003, 1.235171864000051], [117.60252894700011, 1.235172320000061], [117.60252964000006, 1.235172478000038], [117.60271187900003, 1.235260198000049], [117.60271333800006, 1.235261237000032], [117.60271684700001, 1.235263296000028], [117.60285112300005, 1.235368897000058], [117.60285358300007, 1.235371087000033], [117.60285943000008, 1.235379891000036], [117.60285950700006, 1.235380277000047], [117.60285970500001, 1.23538058400004], [117.60290871200004, 1.235509501000024], [117.6029088360001, 1.235510177000037], [117.60291007, 1.235514415000068], [117.60299140000006, 1.235971481000036], [117.6030765700001, 1.236046884000075], [117.60332669800005, 1.236193765000053], [117.60333217300001, 1.236198012000045], [117.60333491400002, 1.236201239000025], [117.60345872200003, 1.236348740000039], [117.60346993000007, 1.235357314000055]]], [[[117.6015570730001, 1.236290146000044], [117.60155705700004, 1.236217772000032], [117.60155910700007, 1.236207385000057], [117.60155970000005, 1.236206492000065], [117.60155990100009, 1.236205634000044], [117.60158685400006, 1.236151347000032], [117.60160482200001, 1.236115156000039], [117.6016053410001, 1.236114430000043], [117.60160650300008, 1.236112238000032], [117.6016229170001, 1.236087445000067], [117.60163916200008, 1.236046542000054], [117.60164769900007, 1.236012140000071], [117.60164820200009, 1.236010603000068], [117.6016482770001, 1.236010140000076], [117.60165532600001, 1.235988838000026], [117.60164708200011, 1.235922574000028], [117.60164687300005, 1.235919208000041], [117.60164708000002, 1.235915842000054], [117.60165523, 1.23585010100004], [117.6016085760001, 1.235724968000056], [117.60151444700011, 1.235701305000021], [117.60151066800006, 1.235700051000038], [117.60150978000001, 1.235699454000041], [117.60150892800004, 1.235699252000074], [117.60145499200007, 1.235672124000075], [117.60144798200008, 1.235667041000056], [117.60133345600002, 1.235551822000048], [117.60129135500006, 1.235526410000034], [117.60129023500008, 1.235525530000075], [117.60128904900012, 1.235524850000047], [117.60121713, 1.235470586000019], [117.60118467200004, 1.235446096000032], [117.60108095500004, 1.23541132500003], [117.60108021000008, 1.235410862000037], [117.601079163, 1.235410652000041], [117.6010704140001, 1.235404771000049], [117.60106635700004, 1.235399544000074], [117.60104109100007, 1.23535718100004], [117.60101727200004, 1.235333218000051], [117.6009968510001, 1.235315875000026], [117.60096802900011, 1.23534697100007], [117.60096078800007, 1.235361555000054], [117.60095573800004, 1.235368610000023], [117.60095509700011, 1.235369042000059], [117.60095471000011, 1.23536959200004], [117.60086648400011, 1.23544954800002], [117.60083191900003, 1.235493056000053], [117.60082993000003, 1.235495293000042], [117.6008211840001, 1.235501179000039], [117.60081217100003, 1.235503215000051], [117.60075722700003, 1.23550590900004], [117.60075359500001, 1.235505274000047], [117.60075559300003, 1.235847465000063], [117.6008512950001, 1.235899304000043], [117.60090169000011, 1.235945394000055], [117.60103454700004, 1.23606522700004], [117.6011903110001, 1.236208106000049], [117.60127838800008, 1.236294109000028], [117.6012819560001, 1.236288732000048], [117.60129070200003, 1.236282847000041], [117.60130102100004, 1.236280779000026], [117.60130811600004, 1.236281733000055], [117.601375415, 1.236300190000065], [117.60137864, 1.236301299000047], [117.60138354800006, 1.236303974000066], [117.60152073400002, 1.23639840200002], [117.60155708200011, 1.236328688000071], [117.6015570730001, 1.236290146000044]]], [[[117.60241215100007, 1.235578890000056], [117.60233834900009, 1.235460099000022], [117.60221834300012, 1.23533098200005], [117.60221220500011, 1.235355715000026], [117.6022109590001, 1.235359519000042], [117.60220762000006, 1.235365418000072], [117.6021832880001, 1.235398087000021], [117.6021756880001, 1.23542105100006], [117.60217522800008, 1.23542180100003], [117.60217502000012, 1.235422855000024], [117.60216917600007, 1.235431661000064], [117.60216043000003, 1.235437546000071], [117.60215938300007, 1.235437756000067], [117.6021586380001, 1.235438220000049], [117.60205078600006, 1.235474431000057], [117.6019968600001, 1.235492537000027], [117.6019965480001, 1.235492588000056], [117.601995428, 1.235492974000067], [117.60189854300006, 1.235519593000049], [117.60181953200004, 1.235554959000069], [117.60181920100001, 1.235555029000068], [117.60181890000001, 1.235555232000024], [117.60181301400007, 1.23555693000003], [117.60175908600002, 1.235565989000065], [117.60175465300006, 1.235566359000074], [117.60175084000002, 1.235566087000052], [117.60162499900002, 1.235548023000035], [117.60161849300005, 1.235546231000058], [117.60160974400003, 1.235540350000065], [117.60160389700002, 1.235531546000061], [117.60160386300004, 1.235531378000076], [117.60160377300008, 1.235531240000057], [117.60158648100003, 1.235487759000023], [117.60155144300006, 1.235426076000067], [117.60155092200011, 1.235425006000071], [117.60155073700003, 1.235424748000071], [117.60150577500008, 1.235334291000072], [117.60150557300005, 1.235333433000051], [117.60150498000007, 1.235332540000059], [117.60150300500004, 1.235324235000064], [117.60149453200006, 1.235213701000021], [117.60146645100008, 1.235171325000067], [117.6014433470001, 1.235159705000058], [117.60129774300003, 1.235168359000056], [117.60129701200003, 1.23516823500006], [117.60129615900007, 1.235168406000071], [117.60127818300009, 1.235168410000028], [117.60126786300009, 1.235166346000028], [117.60126322400004, 1.235163855000053], [117.60123625500012, 1.235145768000052], [117.60123619400008, 1.235145717000023], [117.60123612500001, 1.235145680000073], [117.60111851900001, 1.235065806000023], [117.60110860000009, 1.235119238000038], [117.60111353700006, 1.23512917000005], [117.60111373900008, 1.235130028000071], [117.60111433200007, 1.235130921000064], [117.60111638700005, 1.235141307000049], [117.60111500500011, 1.23514988900007], [117.60109704000001, 1.235204174000046], [117.6010965800001, 1.235204924000072], [117.60109637200003, 1.235205978000067], [117.60109117400009, 1.235214111000062], [117.60103368500006, 1.235276135000049], [117.60105292000003, 1.235292471000037], [117.60105459300007, 1.235294018000047], [117.60108156400008, 1.23532115200004], [117.60108562100004, 1.235326379000071], [117.60110746200007, 1.235362999000074], [117.6012058660001, 1.23539598800005], [117.60120661100007, 1.235396452000032], [117.60120765800002, 1.235396661000038], [117.60121351900011, 1.235400022000022], [117.60124947800011, 1.235427154000035], [117.60132028400005, 1.235480579000068], [117.60136403900003, 1.235506989000044], [117.60136923300001, 1.23551106900004], [117.601483013, 1.235625537000033], [117.60153038700003, 1.235649364000039], [117.60163538100005, 1.23567575800007], [117.6016391610001, 1.235677013000043], [117.60164791000011, 1.235682894000036], [117.601653757, 1.235691698000039], [117.60165385200003, 1.235692178000022], [117.60165409300009, 1.235692554000025], [117.601708056, 1.235837290000063], [117.60170977500002, 1.235846819000074], [117.60170956700006, 1.23585018600005], [117.60170101300002, 1.235919196000054], [117.60170959800007, 1.235988201000055], [117.60170980700002, 1.235991568000031], [117.60170842600007, 1.236000151000042], [117.60169977100009, 1.236026304000063], [117.6016910410001, 1.236061482000025], [117.60168995100003, 1.236064808000037], [117.60168991900002, 1.236064979000048], [117.60167195200006, 1.236110217000032], [117.60167186100011, 1.23611035600004], [117.601671828, 1.236110524000026], [117.60166935300003, 1.236115193000046], [117.60165231400003, 1.236140931000023], [117.601635095, 1.236175611000021], [117.60161098800006, 1.236224166000056], [117.60161100300002, 1.236290134000058], [117.60161101300002, 1.236335368000027], [117.6016089630001, 1.23634575400007], [117.60160792500005, 1.236347985000066], [117.60156371100004, 1.236432785000034], [117.60176092900008, 1.236865618000024], [117.60188614600008, 1.237081558000057], [117.6019372400001, 1.237195403000044], [117.60205652900004, 1.237025654000036], [117.60205252800006, 1.236980723000045], [117.60216548800008, 1.236692505000065], [117.60216561200002, 1.236692315000028], [117.60216565700011, 1.236692084000026], [117.60228730100005, 1.236537252000062], [117.60240627500002, 1.236211461000039], [117.602406556, 1.236211018000063], [117.60240666900006, 1.236210444000051], [117.60252683200008, 1.236100832000034], [117.60255790500003, 1.235880810000026], [117.60251593200007, 1.235756239000068], [117.60241215100007, 1.235578890000056]]], [[[117.60341428600009, 1.237065678000022], [117.60342554300007, 1.237063197000055], [117.60345126200002, 1.237062106000053], [117.60346064200007, 1.236413940000034], [117.60343568500002, 1.236413895000055], [117.60342536600001, 1.236411832000044], [117.60341661600012, 1.236405950000062], [117.60341387500011, 1.236402723000026], [117.60329463500011, 1.236237780000067], [117.60304713500011, 1.236092442000029], [117.60294160700005, 1.235995990000049], [117.60285743300005, 1.235526506000042], [117.60281201400005, 1.235407025000029], [117.60268595900004, 1.235307890000058], [117.6025070500001, 1.235221773000035], [117.60237963800012, 1.235169002000021], [117.60237961400003, 1.235168986000076], [117.6023795860001, 1.235168981000072], [117.60237437100011, 1.235166093000032], [117.6022251710001, 1.235060321000049], [117.60222163600008, 1.23505732700005], [117.60221934300012, 1.23505470300006], [117.60217259600006, 1.234993671000041], [117.60217143400007, 1.234991652000076], [117.60217028300008, 1.234990105000065], [117.60205484500011, 1.234777269000062], [117.6020539430001, 1.234775373000048], [117.6019060650001, 1.234692728000027], [117.60187980600006, 1.23468732300006], [117.60200968800007, 1.234997603000068], [117.60205071700011, 1.235090227000057], [117.602240187, 1.23527507600005], [117.60224057300002, 1.235275648000027], [117.60224111100001, 1.23527602300004], [117.60237951800002, 1.235424938000051], [117.60237999300011, 1.235425680000048], [117.60238268900002, 1.235429090000025], [117.60245806700004, 1.23555041700007], [117.60245827100005, 1.235550815000067], [117.6024584380001, 1.235551033000036], [117.6025638100001, 1.235731101000056], [117.60256548600012, 1.235734483000044], [117.602565679, 1.235735456000043], [117.60256611300008, 1.235736158000066], [117.60261104300002, 1.235869506000029], [117.60261247100004, 1.23587821700005], [117.60261220300004, 1.235882042000071], [117.60257036400003, 1.236134364000065], [117.60256988200001, 1.236135042000058], [117.60245452100003, 1.236236685000051], [117.60233215800008, 1.236567706000073], [117.60221416700006, 1.23671622300003], [117.60210551800003, 1.236993439000059], [117.60211212100012, 1.237032387000056], [117.60199003600007, 1.237206577000052], [117.60197797800004, 1.237273410000057], [117.60207659000002, 1.237383347000048], [117.6020955680001, 1.237562324000066], [117.6023190950001, 1.237789760000055], [117.6024612440001, 1.238111477000075], [117.60253723800008, 1.238196426000059], [117.60270863400001, 1.238317124000048], [117.60278834500002, 1.238324399000021], [117.60290862600004, 1.238211355000033], [117.60295100600001, 1.238049114000034], [117.60296844000004, 1.237873246000049], [117.6029507720001, 1.237722388000066], [117.60295058600002, 1.237719217000063], [117.6029507290001, 1.237718495000024], [117.60295062000012, 1.237717862000068], [117.60295956700008, 1.23753692400004], [117.60296158400001, 1.237527893000049], [117.60296742700007, 1.237519087000067], [117.6029699390001, 1.237516854000035], [117.60304480400009, 1.237458220000065], [117.60309602600012, 1.237320643000032], [117.60309626700007, 1.23732026700003], [117.60309636200009, 1.237319787000047], [117.60309905300005, 1.237314796000021], [117.60319789200003, 1.237170026000058], [117.60320104400012, 1.237166209000065], [117.60320885200008, 1.237160737000067], [117.60341428600009, 1.237065678000022]]], [[[117.60135685400007, 1.236351360000072], [117.60132927200004, 1.236343795000039], [117.60134607700002, 1.23636020500004], [117.60146063700006, 1.236586075000048], [117.6014744470001, 1.236894951000068], [117.60131429900002, 1.237623388000031], [117.60106529000007, 1.238014171000032], [117.60092969300001, 1.238264284000024], [117.60072520900007, 1.238474076000045], [117.60108633200002, 1.23831554700007], [117.60135898500005, 1.238066630000048], [117.60160130400004, 1.237943162000022], [117.6017461020001, 1.23777182200007], [117.60187165800005, 1.237489151000034], [117.6019007860001, 1.237397460000068], [117.60192035800003, 1.237288978000038], [117.60191920600005, 1.237287299000059], [117.60183885300012, 1.237107685000069], [117.60171368300007, 1.236891825000043], [117.60171265300005, 1.236889735000034], [117.60171246200002, 1.236889459000054], [117.6015177380001, 1.23646209900005], [117.60135685400007, 1.236351360000072]]], [[[117.60197794600003, 1.23955709300003], [117.60200050500009, 1.239433742000074], [117.60209716200006, 1.239363336000054], [117.6021344190001, 1.239314938000064], [117.60229007900011, 1.239221803000021], [117.60248445500008, 1.239215907000073], [117.60248472300009, 1.239215957000056], [117.60248500500006, 1.239215901000023], [117.60258145500006, 1.239241047000064], [117.60268726400011, 1.239199762000055], [117.60277289600003, 1.239127904000043], [117.602884076, 1.238965902000075], [117.60304252600008, 1.238901037000062], [117.603250763, 1.238998779000042], [117.6034212830001, 1.239147905000038], [117.60343984200006, 1.237115803000052], [117.60323813100001, 1.23720693100006], [117.60314536900012, 1.237342801000068], [117.6030926300001, 1.237484452000047], [117.60309238900004, 1.237484828000049], [117.60309229400002, 1.237485308000032], [117.60308645100008, 1.237494114000071], [117.60308393900004, 1.237496347000047], [117.60301281600005, 1.237552051000023], [117.60300459500002, 1.237718291000022], [117.60302234200003, 1.237869825000075], [117.60302252800011, 1.237872996000021], [117.60302239400005, 1.23787569600006], [117.60300445900009, 1.238056636000067], [117.60300401900008, 1.238058397000032], [117.6030037060001, 1.238060842000039], [117.60295880300009, 1.238232741000047], [117.60295763900001, 1.238236221000022], [117.60295179500008, 1.238245027000062], [117.60295138400011, 1.238245304000031], [117.6029511270001, 1.238245677000066], [117.6028163310001, 1.238372363000053], [117.60280825200005, 1.238377598000056], [117.60279793400002, 1.238379666000071], [117.60279549200004, 1.238379555000051], [117.60269661900008, 1.238370531000044], [117.60268874100007, 1.238368578000063], [117.60268359600002, 1.238365739000074], [117.60250380000002, 1.238239126000053], [117.60250019600005, 1.238236083000061], [117.60249976700004, 1.238235437000071], [117.60249922000003, 1.238235049000025], [117.60241830400003, 1.238144599000066], [117.60241526900006, 1.238139758000045], [117.60241370500012, 1.238137467000058], [117.60227185300005, 1.237816421000048], [117.60204478700007, 1.237585062000051], [117.60202574900006, 1.237405481000053], [117.60196591600004, 1.237340270000061], [117.60195285900011, 1.237411210000062], [117.6019526880001, 1.237412311000071], [117.60192180000001, 1.237509233000026], [117.60192158000007, 1.237509566000028], [117.60192150300009, 1.237509929000055], [117.60179264200008, 1.237799159000076], [117.60163736400011, 1.237984135000033], [117.60139248700011, 1.238109327000075], [117.60111928600008, 1.238358745000028], [117.6007282810001, 1.23853194700007], [117.60071750700001, 1.238534210000068], [117.60070718700001, 1.238532146000068], [117.60069850700006, 1.238526312000033], [117.60062749100007, 1.238711536000039], [117.60065502700002, 1.238951257000053], [117.60073197800011, 1.23902956400002], [117.60105611300003, 1.239101101000074], [117.60122214900002, 1.239212457000065], [117.60138820000009, 1.239387466000039], [117.60141788400006, 1.239444346000028], [117.6015481170001, 1.239509639000062], [117.6017507250001, 1.239548311000021], [117.60175084900004, 1.239548348000028], [117.6017509830001, 1.239548361000061], [117.60183933500002, 1.239566126000057], [117.60197794600003, 1.23955709300003]]], [[[117.60340988000007, 1.24101678300002], [117.60342092000008, 1.239207477000036], [117.60322320700004, 1.239045559000033], [117.60304279900004, 1.238957356000071], [117.60292078400005, 1.23900717600003], [117.60281208600009, 1.239165544000059], [117.60271145900003, 1.239248530000054], [117.60271113800002, 1.23924859400006], [117.602710881, 1.239248763000035], [117.60258297900009, 1.239296703000036], [117.6024817220001, 1.239270255000065], [117.60230802300009, 1.239273863000051], [117.602171687, 1.239354831000071], [117.60213489800003, 1.239402616000064], [117.60204994000003, 1.239460285000064], [117.6020332490001, 1.239554187000067], [117.60211706400003, 1.239550418000022], [117.60211812200009, 1.239550605000034], [117.60227698900007, 1.239557256000069], [117.60267582600011, 1.239702406000049], [117.6026763210001, 1.23970272300005], [117.60267697000006, 1.23970285300004], [117.60281230900011, 1.239823279000063], [117.60281238400012, 1.239823394000041], [117.602898449, 1.240038502000061], [117.60298679400012, 1.240203173000054], [117.60320445900004, 1.24058306400002], [117.60320450100005, 1.240583151000067], [117.6032045290001, 1.240583187000027], [117.60331214400003, 1.240773297000032], [117.60331362500006, 1.240776341000071], [117.60331365200011, 1.240776477000054], [117.60331372600001, 1.240776590000053], [117.60340988000007, 1.24101678300002]]], [[[117.60040158200002, 1.241439723000042], [117.6004096050001, 1.241438491000054], [117.60041019700009, 1.241438610000046], [117.60041072800004, 1.241438515000027], [117.60057409900003, 1.241445329000044], [117.60063545600008, 1.241363696000064], [117.60063788900004, 1.241360883000027], [117.6006793580001, 1.241319126000064], [117.60068256400007, 1.241316367000024], [117.60075462200007, 1.241263596000067], [117.60083372300005, 1.241142441000022], [117.60093536000011, 1.240980463000028], [117.6009883050001, 1.240665863000061], [117.60098944300012, 1.240661881000051], [117.6009896060001, 1.240660966000064], [117.60111718900009, 1.240314400000045], [117.60111745400002, 1.240313985000057], [117.60111755900004, 1.240313450000031], [117.60112248900009, 1.240305609000075], [117.60123401200008, 1.240181693000068], [117.60127410700011, 1.240130307000072], [117.60132359700003, 1.240025393000053], [117.60132379600009, 1.240025110000033], [117.60132458200007, 1.240023500000063], [117.60137364700006, 1.239937656000052], [117.60142515200005, 1.239821339000059], [117.60144236400004, 1.239643664000027], [117.60144260000004, 1.239643308000041], [117.60144268300007, 1.239642920000051], [117.601489162, 1.239538817000039], [117.60148980300005, 1.239537881000047], [117.60141442100007, 1.239492743000028], [117.60140914500005, 1.239488613000049], [117.60140377700009, 1.239480531000027], [117.60134869400008, 1.239474999000038], [117.60119057800011, 1.239435252000021], [117.60089016500001, 1.239387580000027], [117.6008112400001, 1.239379951000046], [117.60054980000007, 1.239490666000052], [117.60042613900009, 1.239527575000068], [117.60025210600008, 1.239619818000051], [117.60016052800006, 1.239748922000047], [117.60006438300002, 1.23993796000002], [117.59988851700007, 1.240026515000068], [117.59979461900002, 1.240171807000024], [117.59975023400011, 1.240324466000061], [117.59957930600001, 1.240682830000026], [117.59953860600001, 1.24081424600007], [117.59958312700007, 1.241247411000074], [117.59962503000008, 1.241542387000038], [117.59969986500005, 1.241711756000029], [117.59977593700012, 1.24182378200004], [117.59988108700009, 1.241894996000042], [117.59991677300002, 1.241779970000039], [117.59991759700006, 1.241777679000052], [117.59992017400009, 1.241772857000058], [117.6000067980001, 1.241643909000061], [117.60000855200008, 1.241641769000069], [117.600008978, 1.241641085000026], [117.60009937500001, 1.241538680000076], [117.6000999790001, 1.241538247000051], [117.60010046200011, 1.241537519000076], [117.60010920800005, 1.241531634000069], [117.60011150300011, 1.241530797000053], [117.60040158200002, 1.241439723000042]]], [[[117.60206645800008, 1.241897945000062], [117.60221522900008, 1.24182303300006], [117.60229054700005, 1.241730336000046], [117.60230303600008, 1.241705182000032], [117.60226949500009, 1.241536584000073], [117.6022079170001, 1.241403852000076], [117.60220786700006, 1.241403626000022], [117.602207711, 1.241403398000045], [117.60217329300008, 1.241325501000063], [117.60203326900012, 1.241158219000056], [117.60190001800004, 1.241042038000046], [117.60189950300003, 1.241041319000033], [117.60189861100002, 1.241040719000068], [117.60189276400001, 1.241031916000054], [117.60189190300002, 1.241029511000022], [117.60185592300002, 1.240911912000058], [117.60185472900002, 1.240903930000059], [117.60185472500007, 1.240885837000064], [117.60185483300006, 1.240885290000051], [117.6018547440001, 1.240884794000067], [117.60186361500007, 1.240651275000062], [117.60184586800005, 1.240446396000038], [117.60182816400004, 1.240357406000044], [117.60182763900002, 1.240352084000051], [117.60182763800003, 1.240345724000065], [117.60180187500009, 1.240216228000065], [117.60175120100007, 1.240114278000021], [117.60166379700001, 1.240017554000076], [117.60166363000008, 1.240017288000047], [117.60166246500012, 1.240015960000051], [117.60159430700003, 1.239922894000074], [117.60156730900007, 1.239778152000042], [117.60156681600006, 1.239637449000043], [117.6015672640001, 1.239632517000075], [117.60157859700007, 1.239570705000062], [117.60153754800001, 1.239562870000043], [117.60149372600006, 1.239661021000074], [117.60147651800003, 1.239838653000049], [117.6014763070001, 1.23983897200003], [117.60147623300008, 1.239839321000034], [117.60142234200009, 1.239961028000039], [117.60142219600004, 1.23996124100006], [117.60142108500008, 1.239963513000021], [117.6013718590001, 1.240049640000052], [117.60132153300003, 1.240156326000033], [117.60132050300001, 1.240157797000052], [117.60131838100006, 1.240161449000027], [117.60127584000008, 1.240215970000065], [117.60127477300011, 1.240217181000048], [117.60127461800005, 1.240217428000051], [117.60116595200009, 1.24033817000003], [117.60104105500011, 1.240677438000034], [117.60098763100007, 1.240994890000024], [117.60098595900001, 1.241000738000025], [117.60098384300011, 1.241004849000035], [117.60087919000011, 1.241171633000022], [117.6008790510001, 1.241171809000036], [117.60087892600006, 1.241172045000042], [117.60079699500011, 1.241297537000037], [117.60079353100002, 1.241301819000057], [117.60079032500005, 1.24130457800004], [117.6007160050001, 1.241359006000039], [117.600677345, 1.241397935000066], [117.6006312070001, 1.241459320000047], [117.60078322600009, 1.241515488000061], [117.60099304300002, 1.241572002000055], [117.60099638500003, 1.241573143000039], [117.60100102400008, 1.241575635000061], [117.6011818930001, 1.241696938000075], [117.60118600300007, 1.241700328000036], [117.60119185000008, 1.24170913100005], [117.60119189900001, 1.241709377000063], [117.60119202900012, 1.241709577000051], [117.60119842200004, 1.241725913000039], [117.60120486700009, 1.241727351000065], [117.6013450150001, 1.241793179000069], [117.60134536100009, 1.241793423000047], [117.60134566500005, 1.241793496000071], [117.60136364400012, 1.241802538000059], [117.60137065300012, 1.241807621000021], [117.60137402300006, 1.241811756000061], [117.60138803200005, 1.241832896000062], [117.6014307690001, 1.241854391000061], [117.60154775300009, 1.241862775000072], [117.60173304300008, 1.241827208000075], [117.60173808900004, 1.241826728000035], [117.60174277500005, 1.241827139000065], [117.6018955830001, 1.24185424500007], [117.60189720700009, 1.241854721000038], [117.60189830500008, 1.241854875000058], [117.60202268100011, 1.24189061200002], [117.60206645800008, 1.241897945000062]]], [[[117.60260606200006, 1.242095216000052], [117.60274905400001, 1.241868559000068], [117.6028202330001, 1.241675952000037], [117.60282364000011, 1.241535393000049], [117.60271577800006, 1.241403860000048], [117.60271283400004, 1.241398935000063], [117.60271194400002, 1.24139763200003], [117.60265756600006, 1.241274816000043], [117.60265749400003, 1.241274473000033], [117.60265728600007, 1.241274161000035], [117.60265523100009, 1.24126377500005], [117.60265680600003, 1.241254631000061], [117.60275912300006, 1.240966608000065], [117.60279114600007, 1.240861761000076], [117.60279195400005, 1.240859500000056], [117.6027919610001, 1.240859465000028], [117.60285460600005, 1.240705237000043], [117.6028690060001, 1.240443746000039], [117.602882743, 1.240123468000036], [117.60285027600003, 1.240062950000038], [117.60284909200004, 1.240060447000076], [117.6028490650001, 1.240060308000068], [117.60284898900011, 1.240060193000033], [117.60276478300011, 1.239849731000049], [117.60265276100006, 1.239751732000059], [117.60226264100004, 1.239609754000071], [117.60211840000011, 1.239604693000047], [117.60200167500011, 1.239609941000026], [117.601832252, 1.239620055000046], [117.60174054700008, 1.239601616000073], [117.60163158300008, 1.239580818000036], [117.6016207460001, 1.239639923000027], [117.60162077600012, 1.239770615000054], [117.6016461050001, 1.239906412000039], [117.60170439100011, 1.239981803000035], [117.60179360000006, 1.240080525000053], [117.60179518600012, 1.240083041000048], [117.60179776700011, 1.240086643000041], [117.6018517220001, 1.240195192000044], [117.60185192300003, 1.240196051000055], [117.601852516, 1.240196944000047], [117.60185404600008, 1.24020200700005], [117.60188104200006, 1.240337702000033], [117.60188156700008, 1.240343025000072], [117.60188156800007, 1.240349384000069], [117.60189904100002, 1.240437212000074], [117.60189924600002, 1.240439284000047], [117.6018994640001, 1.240440184000022], [117.60191748800003, 1.240648255000053], [117.60191759000008, 1.240650606000031], [117.60191748200009, 1.240651154000034], [117.60191757000007, 1.240651650000075], [117.6019086550001, 1.240886346000025], [117.60190865800007, 1.240899837000029], [117.60194117000003, 1.241006103000075], [117.60207018100004, 1.241118587000074], [117.60207069600006, 1.24111930600003], [117.60207158800006, 1.241119906000051], [117.60207314700006, 1.241121614000065], [117.60221700000011, 1.241293470000073], [117.60222003000001, 1.241298484000026], [117.60222101600004, 1.241299928000046], [117.60225688700007, 1.241381113000045], [117.60231973100008, 1.241516574000059], [117.60231985400003, 1.241517131000023], [117.60232020900003, 1.24151766500006], [117.6023217390001, 1.241522728000064], [117.60235773300008, 1.241703655000038], [117.6023582580001, 1.24170897700003], [117.60235620800006, 1.241719364000062], [117.60235561500008, 1.241720257000054], [117.60235541400004, 1.241721116000065], [117.60233744600009, 1.241757307000057], [117.60233599100002, 1.241759338000065], [117.60233419800011, 1.241762356000038], [117.6022533260001, 1.241861889000063], [117.60225152300006, 1.241863895000051], [117.60224451700003, 1.241868980000049], [117.60208274500008, 1.24195043800006], [117.60208189200011, 1.241950641000074], [117.60208100500006, 1.24195123800007], [117.60207068600005, 1.241953306000028], [117.60206625300009, 1.241952938000054], [117.60201232100007, 1.241943903000049], [117.60201058500002, 1.24194340400004], [117.60200934600005, 1.241943229000071], [117.60188484600008, 1.241907457000025], [117.6017382870001, 1.241881460000059], [117.60155439900007, 1.241916758000059], [117.6015493540001, 1.241917238000042], [117.60154830200008, 1.241917028000046], [117.60154743300006, 1.241917170000022], [117.60142159400004, 1.241908152000065], [117.60141319600007, 1.241906157000074], [117.60141230800002, 1.241905560000021], [117.60141145500006, 1.241905358000054], [117.60135751900009, 1.241878230000054], [117.60135051000009, 1.241873148000025], [117.60134714000003, 1.241869012000052], [117.60133313100005, 1.241847872000051], [117.6013218810001, 1.24184221400003], [117.60122638100006, 1.241797357000053], [117.60128012400003, 1.241934690000051], [117.60132372800001, 1.242038860000036], [117.60132374300008, 1.242038938000064], [117.60132378800006, 1.242039006000027], [117.60132544100009, 1.242044728000053], [117.60138192700003, 1.242370247000053], [117.60141574400006, 1.24252513700003], [117.60141637200002, 1.242530955000063], [117.60141628100007, 1.242533189000028], [117.60139962300002, 1.242736768000043], [117.6014093980001, 1.242776099000025], [117.60173791600005, 1.242951937000043], [117.60183366900003, 1.242968787000052], [117.601965672, 1.242939960000058], [117.60216975600008, 1.24284910800003], [117.60224492100008, 1.242795773000068], [117.60227393000002, 1.242697296000074], [117.60229809400005, 1.242548652000039], [117.60229979000007, 1.242542654000033], [117.60230263800008, 1.242537436000021], [117.60240074300009, 1.242396836000069], [117.60240373900001, 1.242393248000042], [117.60240438500011, 1.242392813000038], [117.60240477400009, 1.242392259000042], [117.60254546400006, 1.242264847000058], [117.60260341700007, 1.242100678000043], [117.60260376500003, 1.242100123000057], [117.60260391100007, 1.242099384000028], [117.60260606200006, 1.242095216000052]]], [[[117.60191870000006, 1.244905551000045], [117.60191277400008, 1.24486386600006], [117.60180639700002, 1.244874755000069], [117.60170381800003, 1.24493979500005], [117.60163590200011, 1.244988070000034], [117.601634063, 1.244989091000036], [117.60163308400001, 1.244989822000036], [117.60156331100006, 1.245027458000038], [117.60151129200005, 1.245088569000075], [117.60147294500007, 1.24521710700003], [117.60147203400004, 1.245219683000073], [117.60147064900002, 1.245222558000023], [117.601414255, 1.245323971000062], [117.6014129350001, 1.245325726000033], [117.60141185500004, 1.245327576000022], [117.60135624000009, 1.24539818300002], [117.60130747300002, 1.245471845000054], [117.60130749200005, 1.245553449000056], [117.60131599400006, 1.245732304000057], [117.60132109800008, 1.245737438000049], [117.60152123400007, 1.245785470000044], [117.60165608200009, 1.245884953000029], [117.60165920400004, 1.245887647000075], [117.60166316300001, 1.245892713000046], [117.60176250000006, 1.24605667000003], [117.6017643880001, 1.246060408000062], [117.6017644210001, 1.246060576000048], [117.60176451200005, 1.246060715000056], [117.60179531500012, 1.24613817200003], [117.60181914800012, 1.24614162000006], [117.60182036600008, 1.246139784000036], [117.6018844350001, 1.246075270000063], [117.6019033450001, 1.245989530000031], [117.60190475400009, 1.245985031000032], [117.60190609400001, 1.245982236000032], [117.6019447650001, 1.24591213900004], [117.6019452480001, 1.24591149400004], [117.60194590000003, 1.24591026500002], [117.6019860340001, 1.245849642000053], [117.60204118200011, 1.245731320000061], [117.6020270250001, 1.24561360000007], [117.6020096210001, 1.245552343000043], [117.60200950900003, 1.245551543000033], [117.60200910700007, 1.245550210000033], [117.6019911090001, 1.245459746000051], [117.60199058400008, 1.245454424000059], [117.60199057900002, 1.245429971000021], [117.60196410700007, 1.245296911000025], [117.60196398800008, 1.245295703000068], [117.60196379100012, 1.24529495500002], [117.60194581100006, 1.245150447000071], [117.60192783900004, 1.24502403200006], [117.60192774400002, 1.245022680000034], [117.60192764700002, 1.245022275000053], [117.60191870000006, 1.244905551000045]]], [[[117.60263701000008, 1.246137033000025], [117.60266541100009, 1.246012166000071], [117.60266544800004, 1.246012047000022], [117.60266545900004, 1.246011960000033], [117.60268323000003, 1.245936528000072], [117.60267041600002, 1.245747934000065], [117.60264226700008, 1.245602857000051], [117.60258075400009, 1.245427286000051], [117.60258072900001, 1.245427139000071], [117.60258044700004, 1.245426356000053], [117.60243089100004, 1.244944715000031], [117.60242966300007, 1.244936626000026], [117.60242994200007, 1.244932727000048], [117.60246011900006, 1.244723149000038], [117.60246189100008, 1.244716660000051], [117.60251056100003, 1.244598342000074], [117.60251389900009, 1.244592445000023], [117.60257433100003, 1.244511307000039], [117.60257683500004, 1.24450839900004], [117.60258084200007, 1.244505076000053], [117.60274604300002, 1.244393073000026], [117.60298146500008, 1.244040810000058], [117.60298476800006, 1.244036771000026], [117.602990212, 1.244032538000056], [117.60319672300011, 1.243910804000052], [117.60320002600008, 1.243909152000072], [117.6032064630001, 1.24390736700002], [117.60339116600005, 1.243880283000067], [117.60339504700005, 1.243879999000058], [117.60340138000004, 1.243881266000074], [117.60341024900004, 1.243273827000053], [117.6034097810001, 1.241211164000049], [117.60340975800011, 1.241107315000022], [117.60340645600002, 1.24110797700007], [117.60339613600001, 1.241105913000069], [117.60338738700011, 1.24110003200002], [117.60338143900003, 1.241090979000035], [117.60326438400011, 1.240798576000032], [117.60315770600005, 1.240610120000042], [117.60293162700009, 1.240214586000036], [117.60292288800008, 1.24044604300002], [117.60292283100011, 1.240446306000024], [117.60292286600009, 1.240446515000031], [117.60290820300008, 1.240712791000021], [117.60290636500008, 1.240720915000054], [117.60290623900005, 1.240721559000065], [117.60284233900006, 1.240878877000057], [117.6028104930001, 1.240983143000051], [117.6028101390001, 1.24098413400003], [117.60281011000006, 1.24098430600003], [117.6027112270001, 1.241262660000075], [117.60275970900011, 1.241372159000036], [117.60287163900011, 1.24150865200005], [117.60287575300003, 1.241515536000065], [117.60287780800002, 1.241525922000051], [117.60287774000005, 1.24152626700004], [117.6028778000001, 1.241526590000035], [117.6028740370001, 1.241681818000075], [117.60287329300002, 1.241685358000041], [117.60287235300007, 1.241690618000064], [117.60279861200002, 1.241890158000047], [117.60279835500012, 1.241890561000048], [117.60279825300006, 1.241891077000048], [117.60279610200007, 1.241895245000023], [117.60265321700001, 1.242121732000044], [117.60259399300003, 1.242289505000031], [117.60259364500007, 1.242290060000073], [117.60259349900002, 1.242290799000045], [117.60259051500009, 1.242295047000027], [117.6025876550001, 1.242299606000074], [117.6025870090001, 1.242300040000032], [117.60258662000001, 1.242300594000028], [117.60254322600008, 1.242339893000064], [117.60254694600007, 1.242345493000073], [117.60254890600004, 1.242353612000045], [117.60255607300007, 1.242439454000021], [117.60255616800009, 1.242441720000045], [117.60255552700005, 1.24244760800002], [117.60253845700004, 1.242525004000072], [117.60254712900007, 1.242629451000028], [117.60254722200011, 1.242631704000075], [117.60254702800012, 1.242632687000025], [117.60254716300005, 1.242633510000076], [117.60253820500009, 1.242769213000031], [117.60253816800002, 1.242769376000069], [117.60253818600006, 1.242769490000057], [117.60252925400005, 1.242886705000046], [117.6025203580001, 1.243075648000058], [117.60252040300009, 1.243274031000055], [117.60251889100005, 1.243282997000051], [117.60245752600008, 1.243459593000068], [117.60245753200002, 1.243485408000026], [117.60252715100012, 1.243642971000043], [117.60252722100006, 1.243643305000035], [117.6025274220001, 1.24364360800007], [117.60252947700008, 1.243653993000066], [117.6025290990001, 1.24365853200004], [117.6025051040001, 1.24380112700004], [117.60250343200005, 1.243806975000041], [117.60250223100002, 1.243809516000056], [117.60243520200004, 1.243934132000049], [117.602430561, 1.243940398000063], [117.60242981400006, 1.243940900000041], [117.60242937300006, 1.243941524000036], [117.60233912300009, 1.24402201700002], [117.60233842800005, 1.24402245400006], [117.60233633100006, 1.244024195000065], [117.60223683700008, 1.244091823000076], [117.60220599700006, 1.244132434000051], [117.60220364500003, 1.244135139000036], [117.60220308800001, 1.24413551400005], [117.60220274700009, 1.244136002000062], [117.60213568100005, 1.24419758800002], [117.602094437, 1.244247542000039], [117.60209276900002, 1.244249383000067], [117.60208426200006, 1.244255167000063], [117.60196433500005, 1.244306564000055], [117.60185758500006, 1.244366032000073], [117.6018557640001, 1.244408991000057], [117.601943215, 1.244611311000028], [117.60194326300007, 1.24461154100004], [117.6019433990001, 1.244611746000032], [117.60194526900011, 1.244618961000072], [117.60196346700002, 1.244782774000043], [117.60196395600008, 1.244840675000034], [117.60197221100009, 1.244898737000028], [117.6019723060001, 1.244900089000055], [117.6019724030001, 1.244900494000035], [117.60198135000007, 1.245017218000044], [117.60199923100004, 1.245142994000048], [117.60199925400002, 1.245143312000039], [117.60199929400005, 1.245143465000069], [117.60201718100006, 1.245287226000073], [117.60204398400003, 1.245421949000047], [117.60204450800006, 1.24542727100004], [117.60204451400011, 1.24545172400002], [117.60206177300006, 1.245538475000046], [117.6020794640001, 1.245600743000068], [117.60207975300011, 1.24560281600003], [117.60208030800004, 1.245604943000046], [117.60209565100001, 1.245732532000034], [117.60209584600011, 1.245735787000058], [117.60209379600008, 1.245746174000033], [117.60209342300004, 1.245746737000047], [117.60209329400004, 1.245747320000021], [117.60203400300009, 1.245874531000027], [117.60203356500006, 1.245875160000026], [117.60203203100002, 1.245878054000059], [117.60199138400003, 1.245939450000037], [117.60195514500003, 1.246005140000022], [117.60193538200008, 1.246094748000075], [117.6019339720001, 1.246099247000075], [117.60192812900004, 1.246108053000057], [117.60190584500003, 1.246130493000067], [117.60202320000008, 1.246115058000044], [117.60202668800002, 1.246114830000067], [117.60203700700004, 1.246116893000021], [117.60204575700004, 1.24612277500006], [117.60205026300002, 1.246128784000064], [117.6020952230001, 1.24621019500006], [117.60209656400002, 1.246212989000071], [117.60209861900012, 1.246223374000067], [117.60209865600007, 1.246385674000067], [117.60210784600008, 1.246615580000025], [117.6021078340001, 1.246615648000045], [117.60210785200002, 1.24661573000003], [117.60211069400009, 1.24669814400005], [117.60216313700005, 1.246793103000073], [117.60225804100003, 1.246826959000032], [117.60226566500012, 1.246847563000074], [117.60234144700007, 1.246847545000037], [117.60235942400004, 1.246847541000022], [117.60236569800009, 1.246847540000033], [117.60236648400007, 1.246843556000044], [117.60237232700001, 1.246834750000062], [117.60253365400001, 1.246793526000033], [117.60256027100002, 1.246776357000044], [117.6025701850001, 1.246732419000068], [117.60256138700004, 1.246692616000075], [117.60254618300007, 1.246641649000026], [117.60254612900007, 1.246641281000052], [117.60254585000007, 1.24664043100006], [117.60253621800007, 1.246601678000047], [117.60253570900011, 1.246597526000073], [117.60253543800002, 1.246596300000022], [117.60253105700008, 1.246497440000041], [117.60253115600005, 1.246496873000069], [117.60253103000002, 1.246496237000031], [117.60253175500009, 1.246489982000071], [117.6025789360001, 1.246289273000059], [117.60257995400002, 1.246286099000031], [117.60258001800003, 1.246285755000031], [117.60263701000008, 1.246137033000025]]], [[[117.60327628000005, 1.247037312000032], [117.60331219400007, 1.246865415000059], [117.60331219200009, 1.246856369000056], [117.60335622600007, 1.246794394000062], [117.60335711900007, 1.246793031000038], [117.6033840450001, 1.246621136000044], [117.60337484700005, 1.245698368000035], [117.60340061600004, 1.243933532000028], [117.60339894100002, 1.243933996000067], [117.60321944100008, 1.243960317000074], [117.60302277800008, 1.24407624600002], [117.602787852, 1.244427769000026], [117.60278454900003, 1.244431808000058], [117.602780542, 1.244435131000046], [117.60261475000004, 1.244547534000048], [117.60255908900001, 1.244622266000022], [117.60251300900006, 1.244734290000054], [117.602484193, 1.244934409000052], [117.60263177600007, 1.245409697000071], [117.60269378400005, 1.245586679000041], [117.6026939300001, 1.245587536000073], [117.60269481900002, 1.245590503000074], [117.60272366800007, 1.24573919200003], [117.60272391, 1.245741705000057], [117.6027241050001, 1.245742542000073], [117.60273731400002, 1.245936932000063], [117.60273717700011, 1.245937771000058], [117.60273737600005, 1.245938777000049], [117.602736649, 1.245945046000031], [117.60271795800008, 1.246024381000041], [117.60268914900007, 1.246151042000065], [117.60268809200011, 1.246154379000075], [117.60268802300004, 1.246154752000052], [117.60263099500003, 1.246303567000041], [117.60258510100005, 1.24649880000004], [117.60258919400007, 1.246591153000054], [117.60259801600012, 1.24662664400006], [117.60261332200002, 1.246677953000074], [117.6026134120001, 1.246678574000043], [117.60261381700002, 1.246679864000043], [117.60262414400006, 1.246726587000069], [117.60262478800007, 1.246732474000055], [117.60262411800011, 1.246738491000031], [117.60261041600006, 1.246799219000025], [117.60260903500011, 1.246803589000024], [117.60260319200006, 1.246812396000053], [117.60259867000002, 1.246816059000025], [117.6025586930001, 1.246841846000052], [117.60255446800011, 1.24684406800003], [117.6025499220001, 1.246845505000067], [117.60246229600011, 1.246864857000048], [117.60246225500009, 1.246864862000052], [117.602462209, 1.246864876000075], [117.60244416500007, 1.246868798000037], [117.60275493600011, 1.246956011000066], [117.60284483200007, 1.247010271000022], [117.60314145600012, 1.247046390000037], [117.6031504450001, 1.247046388000058], [117.60315943300009, 1.247046386000022], [117.60327628000005, 1.247037312000032]]]]}},
{"type": "Feature", "properties": {"ba_code": "4523", "blockid": "4523L32P10", "division": "01"}, "geometry": {"type": "MultiPolygon", "coordinates": [[[[117.63383416800002, 1.256412175000037], [117.63373972200009, 1.255262618000074], [117.63359560800006, 1.254014207000068], [117.6335916700001, 1.253524792000064], [117.63348053100003, 1.25252025900005], [117.6334804710001, 1.252269119000061], [117.63355434700009, 1.252036563000047], [117.63358202900008, 1.251859828000022], [117.63362802400002, 1.250976176000052], [117.63368422400004, 1.24873090400007], [117.63376478100008, 1.247319597000057], [117.63132895500007, 1.247347327000057], [117.63134712600004, 1.248161527000036], [117.63134729600006, 1.248876218000021], [117.63134748200002, 1.249654235000037], [117.63133855600006, 1.249916592000034], [117.63136588900011, 1.251454528000068], [117.6313840790001, 1.252350148000062], [117.63140231000011, 1.253408610000065], [117.631447492, 1.254412785000056], [117.63144766300002, 1.255127475000052], [117.63146572900007, 1.255498386000056], [117.63146588300003, 1.256140703000028], [117.6314293690001, 1.25646531600006], [117.63305094500004, 1.256447403000038], [117.63383416800002, 1.256412175000037]]]]}},
{"type": "Feature", "properties": {"ba_code": "4523", "blockid": "4523M26P08", "division": "01"}, "geometry": {"type": "MultiPolygon", "coordinates": [[[[117.6162838030001, 1.238536804000034], [117.61611867600004, 1.238593706000074], [117.615885, 1.238684228000068], [117.61530082500008, 1.238964813000052], [117.61495929600005, 1.239082501000041], [117.61450787000001, 1.239246631000071], [117.61447857900009, 1.239472173000024], [117.61452821600005, 1.240638642000022], [117.61448337000002, 1.241054803000054], [117.61450142600006, 1.241398575000062], [117.614510515, 1.241832817000045], [117.61445787500008, 1.242234987000074], [117.61447487700002, 1.243198884000037], [117.61446602700005, 1.243795972000044], [117.61452903100007, 1.24416687400003], [117.6144770730001, 1.244501077000052], [117.61447458000009, 1.245258232000026], [117.6144639580001, 1.245464975000061], [117.61443995700006, 1.245497200000045], [117.61432793600011, 1.245577775000072], [117.61418128600008, 1.245873154000037], [117.61417863500003, 1.245945648000031], [117.61423200100012, 1.246004704000029], [117.61438406600007, 1.246052997000049], [117.61438942300003, 1.246146969000051], [117.61437077500011, 1.246257056000047], [117.61436032800009, 1.247220954000056], [117.61434700200004, 1.247271971000032], [117.61519263100001, 1.247255663000033], [117.615942227, 1.247242062000055], [117.61651043200004, 1.247258038000041], [117.61716666000007, 1.247241773000042], [117.61715063200006, 1.247145119000038], [117.6171901130001, 1.246473168000023], [117.61711808000007, 1.245930380000061], [117.61714499100003, 1.245695159000036], [117.6171898230001, 1.245224718000031], [117.61716279300003, 1.244944275000023], [117.6171446830001, 1.244374334000042], [117.61722537900005, 1.243514875000074], [117.617153346, 1.242972087000055], [117.61716212200008, 1.242058364000059], [117.61714409100011, 1.241823153000041], [117.61721593900006, 1.241569827000035], [117.61720680200006, 1.240927511000052], [117.61719811000012, 1.240529378000076], [117.61719772100003, 1.240529456000047], [117.61718740200001, 1.240527393000036], [117.617178652, 1.240521511000054], [117.617177093, 1.240519803000041], [117.61674553500006, 1.240004239000029], [117.61674124600006, 1.239997145000075], [117.61674124100011, 1.23999711600004], [117.61674122500006, 1.239997092000067], [117.6166153150001, 1.239689522000049], [117.616614346, 1.239686736000067], [117.6162838030001, 1.238536804000034]]], [[[117.61719657000003, 1.240458825000076], [117.61717954700009, 1.239679066000065], [117.61723314900007, 1.238258715000029], [117.61707904800005, 1.238276670000062], [117.61633488500001, 1.23851920200002], [117.616665742, 1.239670225000054], [117.61678948600002, 1.239972501000068], [117.61719657000003, 1.240458825000076]]]]}},
{"type": "Feature", "properties": {"ba_code": "4523", "blockid": "4523M20P10", "division": "04"}, "geometry": {"type": "MultiPolygon", "coordinates": [[[[117.600435607, 1.249207499000022], [117.60051541200005, 1.249088481000058], [117.60031301200002, 1.24905233800007], [117.600189279, 1.248903347000066], [117.600283998, 1.248771804000057], [117.60052422500007, 1.248895130000051], [117.60069710100004, 1.248788030000071], [117.60074716400004, 1.248857411000074], [117.60097678400007, 1.248942698000064], [117.60150753900007, 1.248455742000033], [117.60154318000002, 1.248294564000048], [117.60127992900004, 1.248270414000046], [117.60135398000011, 1.247946655000021], [117.6014735010001, 1.247702817000061], [117.60144817600008, 1.24756534900007], [117.60122405400011, 1.247635301000059], [117.6009223740001, 1.247795926000038], [117.60046305900005, 1.247773450000068], [117.6004643010001, 1.247792569000069], [117.60018510900011, 1.247747311000069], [117.59997145800003, 1.247763750000047], [117.5998731840001, 1.247807129000023], [117.59971584000004, 1.247878565000065], [117.59939365100001, 1.247621167000034], [117.59937193200005, 1.247604981000052], [117.59921341900008, 1.247491908000029], [117.59913566700004, 1.247430887000064], [117.59904071300002, 1.247249746000023], [117.59896632700008, 1.247022857000047], [117.59896720000006, 1.247020599000052], [117.59896716600008, 1.247020497000051], [117.59898073300008, 1.246985578000022], [117.59905451100008, 1.246794649000037], [117.5991068410001, 1.246724381000035], [117.5991471000001, 1.246667624000054], [117.59914852000009, 1.246668415000045], [117.5991689440001, 1.246679799000049], [117.59927639000011, 1.246739688000048], [117.59930026500001, 1.246790387000033], [117.59936079300007, 1.246910605000039], [117.5995550560001, 1.246857232000025], [117.5995547870001, 1.246861312000021], [117.59955553400005, 1.24686110600004], [117.59955166300006, 1.246908641000061], [117.59953714100004, 1.247128640000028], [117.59953715900008, 1.247208166000064], [117.599539789, 1.247300626000026], [117.59956696300003, 1.247318505000067], [117.59967176700002, 1.247381764000068], [117.59975245600003, 1.247336019000045], [117.59994164000011, 1.247228061000044], [117.6000313940001, 1.246658094000054], [117.60007257100006, 1.246803023000041], [117.60010222200003, 1.24685127500004], [117.60022053600005, 1.246946497000067], [117.60028680800008, 1.247067924000021], [117.60028118800005, 1.246706750000044], [117.6002762820001, 1.246692059000054], [117.60027018200003, 1.246693282000024], [117.600262573, 1.246692180000025], [117.60005946600006, 1.24663210500006], [117.60005675500008, 1.246631143000059], [117.60004800600007, 1.246625262000066], [117.60004532700009, 1.24662212100003], [117.5999138730001, 1.246441786000048], [117.59991177200004, 1.246438031000025], [117.59991113400008, 1.246437111000034], [117.5998394180001, 1.24628081100002], [117.59983930700002, 1.246280304000038], [117.59983898900009, 1.246279824000055], [117.59983693400011, 1.24626943800007], [117.59983690400009, 1.246137858000054], [117.59977491500001, 1.246085889000028], [117.59977311000011, 1.246084231000054], [117.59976726200011, 1.246075427000051], [117.59976712800005, 1.246074749000059], [117.59976680300008, 1.246074234000048], [117.59965921500009, 1.245773651000036], [117.59965761900003, 1.245764458000053], [117.59965918800003, 1.245755329000076], [117.59971613900007, 1.245594715000038], [117.59966192500008, 1.245376660000034], [117.59964949100004, 1.245386216000043], [117.5996452920001, 1.245371437000074], [117.59965936200001, 1.245366349000051], [117.599634863, 1.245267811000076], [117.59951681100006, 1.244970960000046], [117.59933898500003, 1.244672811000044], [117.59933403600007, 1.244665343000065], [117.5993271970001, 1.244663823000053], [117.5991931640001, 1.244601142000022], [117.59918546300003, 1.244595725000067], [117.59907748600006, 1.244487096000057], [117.59893305800006, 1.244487129000049], [117.59878768500005, 1.244633512000064], [117.59860872800004, 1.244839459000048], [117.59860805500011, 1.244839945000024], [117.59860750200005, 1.244840778000025], [117.59860316800007, 1.244843476000028], [117.59859875600011, 1.244846663000033], [117.59859770900005, 1.244846873000029], [117.59859696400008, 1.244847337000067], [117.59840455500012, 1.244911939000076], [117.59840348500006, 1.244912114000044], [117.59840085200005, 1.244912894000038], [117.59826105400009, 1.244938510000054], [117.59817595700008, 1.244963003000066], [117.5980557260001, 1.245035648000055], [117.5979444080001, 1.245197564000023], [117.59780427800001, 1.24545413900006], [117.59774383100012, 1.245575888000076], [117.59775533100003, 1.245702894000033], [117.59787940300009, 1.245877639000071], [117.59788237400005, 1.245883027000048], [117.59788325900001, 1.24588551100004], [117.59797312400008, 1.246182457000032], [117.59797326600005, 1.246183418000044], [117.59797380700002, 1.246185234000052], [117.59803802400006, 1.246520920000023], [117.59803820000002, 1.246522777000052], [117.59803839900007, 1.246523588000059], [117.59805126000003, 1.246665613000062], [117.59805137100011, 1.246668070000055], [117.59805140000003, 1.246796338000024], [117.59806422200006, 1.247002075000069], [117.59806409300006, 1.247002852000037], [117.59806427500007, 1.24700376800007], [117.59806222500004, 1.247014155000045], [117.59805903300003, 1.24701985300004], [117.59797801600007, 1.247130740000046], [117.59797536400004, 1.247133847000043], [117.59797190200004, 1.247136177000073], [117.5979729170001, 1.247137570000064], [117.59797853900011, 1.248193289000028], [117.59798049300002, 1.248192811000024], [117.598043071, 1.248187548000033], [117.59804531100008, 1.24818745400006], [117.59805383800006, 1.248188845000072], [117.59816170700003, 1.24822500700003], [117.598163354, 1.248226031000058], [117.59816523900008, 1.248226479000039], [117.59829109100008, 1.248289777000025], [117.59829225300007, 1.248290620000034], [117.59829495500003, 1.248292148000075], [117.59866354000008, 1.248563467000054], [117.59866668500001, 1.248566179000022], [117.59867253200002, 1.248574982000036], [117.598674587, 1.248585368000022], [117.59867253700008, 1.248595754000064], [117.59866669300004, 1.248604561000036], [117.59865794600012, 1.248610446000043], [117.5986476280001, 1.248612514000058], [117.5986373080001, 1.248610451000047], [117.59863170300002, 1.248607281000034], [117.59826495200002, 1.248337311000057], [117.59814284600009, 1.248275897000042], [117.59804204700004, 1.248242104000042], [117.59798498400005, 1.248246903000052], [117.59798274400009, 1.24824699800007], [117.59797882100008, 1.248246213000073], [117.59798238500002, 1.248473718000071], [117.59798449000004, 1.248608065000042], [117.5979979440001, 1.248634576000029], [117.59860853400005, 1.248684922000052], [117.59889880700007, 1.248990108000044], [117.59905297000012, 1.249256431000049], [117.5997839690001, 1.249366943000041], [117.6000127430001, 1.249329543000044], [117.60010222900007, 1.249201504000041], [117.6003287310001, 1.249357265000071], [117.60046880000004, 1.24952066100002], [117.60063551500002, 1.24940151100003], [117.600435607, 1.249207499000022]]], [[[117.5989234970001, 1.231880653000076], [117.59893327000009, 1.231878805000065], [117.5989395150001, 1.231879542000058], [117.59912990900011, 1.231925123000053], [117.59913094400008, 1.23192546000007], [117.59913141200002, 1.231925529000023], [117.59922158900008, 1.231952736000039], [117.5993928900001, 1.231997395000064], [117.59948951800004, 1.23199154200006], [117.59928203600009, 1.231866791000073], [117.59926882200011, 1.231849599000043], [117.59916611100005, 1.231750516000034], [117.5991684710001, 1.231746556000076], [117.59904355100002, 1.23162330100007], [117.59895730000005, 1.231542877000038], [117.5988563200001, 1.231430704000047], [117.59876166200002, 1.231375686000035], [117.59872220600005, 1.231344829000022], [117.5978827890001, 1.230680839000058], [117.59785027600003, 1.23081595900004], [117.5978870460001, 1.231528362000063], [117.59791556200003, 1.231712600000037], [117.59794156400005, 1.231786827000064], [117.59794299300006, 1.231785866000052], [117.59795331200007, 1.231783797000048], [117.59796332700012, 1.231785736000063], [117.59797321600001, 1.231789715000048], [117.59797335400003, 1.231789806000052], [117.5979735200001, 1.231789840000033], [117.59797914800004, 1.231793027000037], [117.59811515900003, 1.231893369000034], [117.59811705200002, 1.231895004000023], [117.59811743400007, 1.231895248000058], [117.5982202130001, 1.231990032000056], [117.59844369100006, 1.232024586000023], [117.59860934500011, 1.231998221000026], [117.59876072200007, 1.231944408000061], [117.5989234970001, 1.231880653000076]]], [[[117.59983603100011, 1.233008875000053], [117.59998598900006, 1.232883040000047], [117.60001927100006, 1.232732135000049], [117.60001926900009, 1.232720362000066], [117.59996757300007, 1.232512435000046], [117.59984557200005, 1.232363396000039], [117.5998441370001, 1.232360992000054], [117.59984254100004, 1.232358815000055], [117.5997837220001, 1.232246750000058], [117.59978265400002, 1.232244464000075], [117.59978059900004, 1.232234079000023], [117.59978264900008, 1.232223692000048], [117.599788493, 1.232214886000065], [117.59978988800003, 1.232213947000048], [117.59952179200002, 1.232030683000062], [117.59951821900006, 1.23203606800007], [117.59950947300001, 1.232041953000021], [117.59950109100009, 1.232043951000037], [117.59939235800005, 1.232051855000066], [117.59939148300009, 1.232051713000033], [117.59939042100007, 1.232051926000054], [117.599383654, 1.232051059000071], [117.59920757300006, 1.232005154000035], [117.59920688000011, 1.232004921000055], [117.59920659200009, 1.232004878000055], [117.59911667200004, 1.231977749000066], [117.59893521700008, 1.231934308000064], [117.59877988300002, 1.231995149000056], [117.59877941500008, 1.231995238000025], [117.59877908400006, 1.231995447000031], [117.5986249770001, 1.232050231000073], [117.59862374200009, 1.232050444000038], [117.59862020800006, 1.23205144700006], [117.59844796300001, 1.232078861000048], [117.59844375700004, 1.23207919400005], [117.59843965700009, 1.232078879000028], [117.59820393600012, 1.232042433000061], [117.59819771700006, 1.232040684000026], [117.59818981400008, 1.232035618000054], [117.59808208800007, 1.231936272000041], [117.59795002300007, 1.231838841000069], [117.59791965800002, 1.231839523000076], [117.5979278420001, 1.232056520000071], [117.5979617590001, 1.232117434000031], [117.59807842700002, 1.232298126000046], [117.598141037, 1.232448091000037], [117.5981410710001, 1.232598971000073], [117.59812661600006, 1.232679094000048], [117.59812179000005, 1.23271070900006], [117.59811385100011, 1.232712043000049], [117.59796460500002, 1.232736170000067], [117.59798496500002, 1.233024116000024], [117.59798758400007, 1.233023591000062], [117.5979949770001, 1.233025070000053], [117.5980059530001, 1.233025067000028], [117.59807542800002, 1.233025051000027], [117.5982707710001, 1.232989258000032], [117.59827559400003, 1.23298881900007], [117.5984188220001, 1.232988787000068], [117.59861922100004, 1.232979972000066], [117.59863205300007, 1.232973510000022], [117.59863290600003, 1.232973307000066], [117.59863379300009, 1.23297271000007], [117.5986441120001, 1.232970642000055], [117.59864854500006, 1.232971010000028], [117.5988103410001, 1.232998114000054], [117.59881472600011, 1.232999377000056], [117.59881550700004, 1.232999522000057], [117.59900199300012, 1.233070978000057], [117.59923850900009, 1.233115006000048], [117.5994135740001, 1.233097346000022], [117.59957387500003, 1.233070418000068], [117.59969865300002, 1.233043476000034], [117.59983603100011, 1.233008875000053]]], [[[117.59824264100007, 1.233757043000026], [117.59830774900001, 1.23366234100007], [117.59830829400005, 1.233657391000065], [117.59831645000008, 1.233666006000021], [117.59838632200001, 1.233564374000025], [117.59843901600004, 1.233413994000045], [117.59843937900007, 1.233413416000076], [117.59843953100005, 1.233412641000029], [117.5984453750001, 1.233403835000047], [117.59845412200002, 1.23339795000004], [117.59845859100005, 1.233396529000061], [117.59870126300007, 1.233342193000055], [117.59870501900002, 1.233341777000021], [117.59870594100005, 1.233341572000029], [117.59891267100011, 1.233332478000023], [117.59891322400006, 1.233332576000066], [117.59891384200012, 1.23333245200007], [117.59901838200005, 1.23333242800004], [117.59908706500005, 1.233315130000051], [117.59909360400002, 1.233314318000055], [117.59910392400002, 1.233316381000066], [117.59910440100009, 1.233316702000025], [117.5991049050001, 1.233316813000044], [117.59922176500004, 1.233371067000064], [117.59922953400007, 1.233376517000067], [117.59925122200002, 1.23339833700004], [117.59927671100002, 1.23340474400004], [117.59929136800008, 1.233404741000072], [117.59929754400002, 1.233405461000075], [117.5994473070001, 1.233440893000022], [117.59962394400009, 1.233440852000058], [117.5996292320001, 1.233441378000066], [117.599674176, 1.23345041500005], [117.599679207, 1.233451953000042], [117.59968009400006, 1.233452549000049], [117.59968094700002, 1.233452752000062], [117.59969892600009, 1.23346179400005], [117.5997151900001, 1.233469975000048], [117.59976221200009, 1.233485739000059], [117.59986472800006, 1.233478345000037], [117.59988598300004, 1.233414117000052], [117.59988700100007, 1.233412459000021], [117.59988744500004, 1.233410562000074], [117.59989290800002, 1.23339955900002], [117.59987602700005, 1.233238499000038], [117.59985896700005, 1.233187025000063], [117.59985758100004, 1.233178443000043], [117.59985778900011, 1.233175077000055], [117.59986550400004, 1.233112838000068], [117.59983357400006, 1.233065448000048], [117.59971130100007, 1.23309624500007], [117.59971092600006, 1.233096291000038], [117.59971041100005, 1.23309645300003], [117.59958458100004, 1.233123622000051], [117.59958393400007, 1.23312369100006], [117.59958336400007, 1.233123855000031], [117.59942158100012, 1.233151032000023], [117.59942035400002, 1.233151135000071], [117.59941983100009, 1.233151267000039], [117.59924006800009, 1.233169402000044], [117.59923738500004, 1.233169537000038], [117.599232475, 1.233169084000053], [117.59898978000001, 1.23312390500007], [117.59898574100009, 1.23312270200006], [117.59898509100003, 1.233122582000021], [117.59879883300005, 1.233051214000056], [117.59864834000007, 1.233026004000067], [117.59863820800001, 1.233031106000055], [117.59863735500005, 1.233031308000022], [117.59863646800011, 1.233031905000075], [117.5986273200001, 1.23303394800007], [117.59842059100004, 1.23304304100003], [117.59842003800009, 1.233042943000044], [117.59841942000003, 1.23304306700004], [117.5982780380001, 1.233043099000042], [117.59808269500002, 1.233078893000027], [117.59807787200009, 1.233079332000045], [117.59800596500008, 1.233079348000047], [117.59798798800011, 1.233079352000061], [117.59798468100007, 1.23307869000007], [117.59798380100005, 1.233247360000064], [117.59797477600011, 1.233254534000025], [117.59797479600002, 1.233341937000034], [117.59798930600004, 1.233509457000025], [117.59799594200001, 1.233754514000054], [117.59799563700005, 1.233754306000037], [117.59799548, 1.23375431300002], [117.59799601700001, 1.233769727000038], [117.59800181100002, 1.23392651100005], [117.59801119300005, 1.233928554000045], [117.59808737800006, 1.233963388000063], [117.59812631200009, 1.233946583000034], [117.59813198900008, 1.233917982000037], [117.5981319760001, 1.233861192000063], [117.5981847600001, 1.233808041000032], [117.59824264100007, 1.233757043000026]]], [[[117.60005186600006, 1.234142664000046], [117.6000959370001, 1.234138838000035], [117.60021309600006, 1.234004011000025], [117.60030126700008, 1.233844185000066], [117.6003452330001, 1.233755631000065], [117.60038022800006, 1.233658700000035], [117.60041579100005, 1.233524352000074], [117.6004418760001, 1.233419232000074], [117.60044186400012, 1.23336402700005], [117.60040804300002, 1.233270481000034], [117.60037472500005, 1.23320344900003], [117.6003688290001, 1.233197518000054], [117.60036298200009, 1.23318871500004], [117.6003629490001, 1.233188547000054], [117.60036285800004, 1.233188408000046], [117.60034487100006, 1.233143178000034], [117.600344844, 1.233143035000069], [117.60034385200004, 1.233140092000042], [117.60030786900006, 1.233004399000038], [117.60030695700004, 1.232997406000038], [117.6003070490001, 1.232995152000058], [117.60032497700001, 1.232778025000073], [117.60032579300002, 1.232774635000055], [117.60032626700001, 1.232771696000043], [117.60037117800005, 1.232635984000069], [117.60037393900006, 1.23263148500007], [117.59998323200011, 1.232346111000027], [117.59984854100003, 1.232254040000043], [117.599888942, 1.232331015000057], [117.6000130650001, 1.23248264700004], [117.60001716400006, 1.232489513000075], [117.60001841300004, 1.232493316000046], [117.60007239100003, 1.23271042600004], [117.60007319800002, 1.232717009000055], [117.60007320200009, 1.232735102000049], [117.60007256100005, 1.232740990000025], [117.60003664400006, 1.232903840000063], [117.60003523500006, 1.232908339000062], [117.60002939100002, 1.232917145000044], [117.60002758700011, 1.232918804000064], [117.59988215600004, 1.233040841000047], [117.59991583600004, 1.233090828000059], [117.59991842800002, 1.233095669000022], [117.599920483, 1.233106055000064], [117.59992027600003, 1.233109421000051], [117.59991206100005, 1.233175688000074], [117.59992811400002, 1.233224125000049], [117.5999284930001, 1.233226467000065], [117.59992935100001, 1.233229866000045], [117.59994736600004, 1.233401751000031], [117.59994751500005, 1.233404592000056], [117.59994546500002, 1.233414979000031], [117.59994487200004, 1.233415872000023], [117.59994467100012, 1.233416730000044], [117.59993654300001, 1.23343310000007], [117.59991020200005, 1.233512697000037], [117.59990974200002, 1.233513448000053], [117.59990953400006, 1.233514501000059], [117.599903691, 1.233523308000031], [117.59989494400008, 1.233529193000038], [117.5998865460001, 1.233531192000044], [117.59976071200003, 1.233540267000024], [117.59975984300002, 1.233540125000047], [117.59975879100011, 1.233540336000033], [117.59975026300003, 1.233538946000067], [117.59966007000003, 1.233502932000022], [117.59962128600012, 1.233495134000066], [117.59943801300005, 1.233494454000038], [117.59928825000009, 1.233459022000034], [117.5992734030001, 1.233459025000059], [117.59926686300003, 1.23345821700002], [117.5992309080001, 1.233449178000058], [117.59922712800005, 1.233447923000028], [117.59921837900004, 1.233442042000036], [117.5991948090001, 1.233418330000063], [117.59909094200009, 1.233370108000031], [117.59902825400002, 1.233385896000073], [117.59902171400006, 1.233386708000069], [117.59891444000004, 1.233386733000032], [117.59871066200003, 1.233395696000059], [117.598484901, 1.233446245000039], [117.59843598000009, 1.233585856000047], [117.59843561800005, 1.233586435000063], [117.59843546500008, 1.233587209000063], [117.59843272400008, 1.233592272000067], [117.59835444100008, 1.233706138000059], [117.59835680100002, 1.23370863100007], [117.59832224500008, 1.233764308000048], [117.59823541900005, 1.233822597000028], [117.59819201000005, 1.233866308000074], [117.5981920260001, 1.233939145000022], [117.59819147900009, 1.23394038400005], [117.59818591100009, 1.233884470000021], [117.59818591900012, 1.233920657000056], [117.59818539700007, 1.233925980000038], [117.59817641900008, 1.233971216000043], [117.5981748910001, 1.233976280000036], [117.59816904800005, 1.233985086000075], [117.5981606040001, 1.233990843000072], [117.59809769100002, 1.234017997000024], [117.59809753000002, 1.234018031000062], [117.59809738900003, 1.234018126000024], [117.59808707000002, 1.234020194000038], [117.59807675000002, 1.234018131000028], [117.59807634600008, 1.234017859000062], [117.59807591100002, 1.234017764000043], [117.59800396800006, 1.233984869000039], [117.5980146500001, 1.234273945000041], [117.59801113800006, 1.234479756000042], [117.5979998250001, 1.234906908000028], [117.59799318600005, 1.235118857000032], [117.59798437800009, 1.235361715000067], [117.59805525900003, 1.235364971000024], [117.59818922400007, 1.235359322000022], [117.59841632500002, 1.23526255500002], [117.59851205500001, 1.235201209000024], [117.59855585100001, 1.235165929000061], [117.59855753800002, 1.235164925000049], [117.59855931700008, 1.235163557000021], [117.59862222700008, 1.235127355000031], [117.59862329000009, 1.235126831000059], [117.59862354600011, 1.235126645000037], [117.59864109000011, 1.23511781000002], [117.59873896600004, 1.235064048000027], [117.59894352000003, 1.234938663000037], [117.5990409210001, 1.234858416000066], [117.59904352600006, 1.23485684700006], [117.5990456080001, 1.234855314000072], [117.5993042450001, 1.234720592000031], [117.59933686300008, 1.234695958000032], [117.59938725500001, 1.234645215000057], [117.59943055300005, 1.234575452000058], [117.59943435100001, 1.234570645000076], [117.59944135800004, 1.234565559000032], [117.59945542000003, 1.234558479000043], [117.59946762900006, 1.234546185000056], [117.59950921500001, 1.234470803000022], [117.59952632700004, 1.234410470000057], [117.59952704900002, 1.234408383000073], [117.59952708600008, 1.234408183000028], [117.59957200100007, 1.234290565000038], [117.59957218600005, 1.234290279000049], [117.5995722560001, 1.234289922000073], [117.59957810000003, 1.234281115000044], [117.59958684700007, 1.234275230000037], [117.59959151500004, 1.234273765000069], [117.59973348100004, 1.234244707000073], [117.599834783, 1.234200982000061], [117.60005186600006, 1.234142664000046]]], [[[117.60004838600003, 1.236362324000027], [117.60002178600007, 1.236290978000056], [117.60002006700006, 1.236281449000046], [117.60002006600007, 1.236277771000061], [117.59995914500007, 1.236128955000027], [117.59995912600004, 1.236128859000075], [117.59995738400005, 1.236122460000047], [117.59993037600009, 1.235932484000045], [117.599930104, 1.235928646000048], [117.59993034100012, 1.235925050000048], [117.59996669500003, 1.235650811000028], [117.5999676990001, 1.235647050000068], [117.59996764100003, 1.23564675700004], [117.59996969100007, 1.235636370000066], [117.59997551700008, 1.235627581000074], [117.60009968800011, 1.235502320000023], [117.60010210400003, 1.235500161000061], [117.60022711200008, 1.235401255000056], [117.60033266000005, 1.235303830000021], [117.6004391890001, 1.23516974000006], [117.60051081200004, 1.23507958700003], [117.60056402500004, 1.235008143000073], [117.60059955100007, 1.234954481000045], [117.60060291900004, 1.234950344000026], [117.60060580600009, 1.234947822000038], [117.6006417540001, 1.234920673000033], [117.60066680700004, 1.234901752000042], [117.6006716490001, 1.234894455000074], [117.60068039600003, 1.234888570000066], [117.60069051000005, 1.234886542000027], [117.60068644700004, 1.232835919000024], [117.6006443770001, 1.232810526000037], [117.60042560600004, 1.232653924000033], [117.60037845400007, 1.232785763000038], [117.60036118200003, 1.23299495200007], [117.60039554100001, 1.233124520000047], [117.60041087000002, 1.233163066000031], [117.600415945, 1.233168172000035], [117.60042099800012, 1.233175224000036], [117.60045696700001, 1.233247590000076], [117.6004573140001, 1.233249067000031], [117.60045819100003, 1.233250453000039], [117.60049416700008, 1.233349959000066], [117.60049579300005, 1.233359234000034], [117.60049580700002, 1.233422561000054], [117.6004950030001, 1.23342914400007], [117.60046806200012, 1.233537711000054], [117.60046797600012, 1.233537974000058], [117.60046795700009, 1.233538122000027], [117.60043203400005, 1.233673831000033], [117.60043138100002, 1.233675772000026], [117.60043132200008, 1.233676114000048], [117.600395391, 1.233775636000075], [117.60039451400007, 1.233777022000027], [117.6003941680001, 1.233778499000039], [117.60034924700005, 1.233868977000043], [117.60034910700006, 1.233869172000027], [117.60034870100003, 1.23387002000004], [117.60025885400012, 1.234032882000065], [117.60025668300011, 1.234035780000056], [117.60025557600011, 1.234037575000059], [117.60012977200006, 1.234182352000062], [117.60012909900001, 1.234182838000038], [117.60012854700005, 1.234183671000039], [117.6000668590001, 1.234197208000069], [117.59992886600003, 1.234237379000035], [117.59975089300008, 1.234292886000048], [117.59973093700012, 1.234299071000066], [117.59973021600001, 1.23429918100004], [117.59972865800012, 1.234299670000041], [117.59961710300001, 1.234323756000038], [117.59957785600011, 1.234426531000054], [117.59956022300003, 1.234488702000021], [117.59955920800007, 1.234491632000072], [117.59955786800003, 1.234494427000072], [117.59951294500001, 1.234575858000028], [117.59950844100001, 1.234581870000056], [117.5994904690001, 1.234599967000065], [117.59948346200008, 1.234605053000053], [117.59947227300006, 1.234610687000043], [117.59943136700008, 1.234676595000053], [117.59942756900011, 1.234681403000025], [117.59937365100006, 1.23473569500004], [117.59937076300002, 1.234738217000029], [117.59933481600001, 1.234765366000033], [117.5993323780001, 1.234766765000074], [117.59933102600007, 1.234767761000057], [117.59907289900002, 1.234902217000069], [117.59897622800008, 1.23498186300003], [117.59897496400004, 1.234982625000043], [117.5989731740001, 1.234984041000075], [117.5987664700001, 1.235110743000064], [117.59876568000004, 1.235111147000055], [117.59876536200011, 1.235111386000028], [117.59866650300012, 1.235165689000041], [117.5986658060001, 1.235166025000069], [117.59866565000004, 1.235166138000068], [117.59864834500002, 1.235174852000057], [117.59858790900012, 1.235209629000053], [117.59854461700002, 1.235244505000026], [117.59854364000012, 1.23524508600002], [117.59854224900005, 1.235246209000024], [117.59844339100005, 1.235309559000029], [117.598439546, 1.235311574000036], [117.59843942200007, 1.235311658000057], [117.59820574700007, 1.235411226000053], [117.5982056470001, 1.235411246000069], [117.59820556000011, 1.235411305000071], [117.59819636400005, 1.235413349000055], [117.59805633700012, 1.235419253000032], [117.59805515200003, 1.235419042000046], [117.59805398000003, 1.235419249000074], [117.59798224400004, 1.235406228000045], [117.59808809800006, 1.235447751000038], [117.59814244600011, 1.235475417000032], [117.59866589500007, 1.235741874000041], [117.59867278800004, 1.235746898000059], [117.59867636100012, 1.23575134400005], [117.59877526700006, 1.235905117000073], [117.59877754100012, 1.235909474000039], [117.59877765800002, 1.235910064000052], [117.59877794600004, 1.235910517000036], [117.59882723900012, 1.236045732000036], [117.59887889800007, 1.236046495000039], [117.59888881600011, 1.236048556000071], [117.5988953420001, 1.236052436000023], [117.5990301920001, 1.236160967000046], [117.59903241400002, 1.236162968000031], [117.599034404, 1.236165204000031], [117.59913913000003, 1.236296902000049], [117.5992762300001, 1.236376750000034], [117.59931789900008, 1.236334792000036], [117.59932664500002, 1.236328907000029], [117.59933696400003, 1.236326838000025], [117.59934728300004, 1.236328902000025], [117.59934758400004, 1.236329104000049], [117.59934791600006, 1.236329175000037], [117.59942881900008, 1.236365344000035], [117.59943693600007, 1.236370952000073], [117.59944278300009, 1.236379756000076], [117.59944299200004, 1.236380809000025], [117.59944345200006, 1.236381559000051], [117.59945244700009, 1.236408697000059], [117.59945383200011, 1.236417280000069], [117.59945372200002, 1.236419737000062], [117.59944475600003, 1.23651925300004], [117.59944453800006, 1.236520147000022], [117.59944434400006, 1.236522119000028], [117.59941208200007, 1.23668466700002], [117.59954010900003, 1.23676516300003], [117.59954240400009, 1.236767], [117.5995434780001, 1.236767667000038], [117.59967815000005, 1.236885088000065], [117.59974168300005, 1.236938537000071], [117.59985648400004, 1.236907697000049], [117.60001740500002, 1.236805350000054], [117.60004912500006, 1.236741462000055], [117.60008337600004, 1.236637964000067], [117.60009178900009, 1.236519032000047], [117.60008394500005, 1.236487485000055], [117.60004838600003, 1.236362324000027]]], [[[117.59939117700003, 1.236512907000076], [117.59939950300009, 1.236420489000068], [117.59939605700004, 1.236410092000028], [117.59934294900006, 1.236386349000043], [117.59931900600009, 1.236410458000023], [117.59931900700008, 1.236417310000036], [117.59931695700004, 1.236427697000067], [117.5993111140001, 1.23643650300005], [117.59930236700006, 1.236442388000057], [117.59929204900004, 1.236444457000061], [117.59928172900004, 1.236442393000061], [117.59927853700003, 1.236440807000065], [117.59910773700005, 1.236341332000052], [117.59910217900006, 1.236337036000066], [117.59910019000006, 1.236334800000066], [117.59899417100007, 1.236201477000066], [117.59886887400012, 1.236100634000024], [117.59884713600002, 1.236100312000076], [117.59907474300007, 1.23672466000005], [117.599076394, 1.236734002000048], [117.5990743430001, 1.236744389000023], [117.59907117700004, 1.236750053000037], [117.59888350100005, 1.237007761000029], [117.59898642400003, 1.237202653000054], [117.59901715300009, 1.237241610000069], [117.59911717600005, 1.237152230000049], [117.599210201, 1.237058558000058], [117.59921894800004, 1.237052673000051], [117.59922758400012, 1.237050658000044], [117.59936855100011, 1.237041758000032], [117.59959050100008, 1.236979154000039], [117.5995906060001, 1.236979139000027], [117.59959082400007, 1.236979065000071], [117.59967794400006, 1.236955660000035], [117.59964338000009, 1.236926582000024], [117.59964309600002, 1.236926320000066], [117.59964301800005, 1.236926272000062], [117.59950975400011, 1.236810079000065], [117.59936770200011, 1.23672076400004], [117.59936292600003, 1.236716941000054], [117.59935707900001, 1.23670813800004], [117.59935502400003, 1.236697752000055], [117.59935554600008, 1.236692429000072], [117.59939117700003, 1.236512907000076]]], [[[117.60088089200008, 1.238222603000054], [117.60125714700007, 1.237592065000058], [117.60142348800002, 1.236860996000075], [117.60139950500002, 1.236595254000065], [117.60128605000011, 1.236389261000056], [117.60115167300012, 1.236248062000072], [117.60082618800004, 1.235941639000032], [117.60073380800009, 1.235890578000067], [117.60069344800002, 1.235865930000045], [117.60069070500003, 1.234951566000063], [117.60067412100011, 1.234964090000062], [117.60064186900001, 1.23498844900007], [117.60060848900002, 1.23503886900005], [117.60060793800005, 1.235039546000053], [117.60060762500007, 1.23504009800007], [117.60055371100009, 1.235112485000059], [117.60055332700006, 1.23511293100006], [117.60055319500009, 1.235113155000022], [117.60048130900009, 1.235203639000076], [117.60037348000003, 1.235339365000073], [117.60037149100003, 1.235341603000052], [117.60037096700012, 1.235341955000024], [117.60037064500011, 1.235342418000073], [117.60026280800002, 1.235441957000035], [117.60026257000004, 1.235442110000065], [117.60026124600006, 1.23544329200007], [117.60013670900003, 1.235541825000041], [117.6000199340001, 1.235659625000039], [117.59998429000007, 1.235928509000075], [117.60001029300008, 1.23611141300006], [117.60007196100003, 1.236262057000033], [117.60007399500012, 1.236272390000067], [117.6000739960001, 1.236276515000043], [117.6000992590001, 1.236344276000068], [117.60009930100011, 1.236344510000038], [117.60009993900007, 1.23634634900003], [117.60013592100006, 1.236472996000032], [117.60013596100009, 1.23647328200002], [117.60013615300011, 1.236473869000065], [117.60014515000012, 1.236510054000064], [117.600145956, 1.236516637000022], [117.60014574700006, 1.236517696000021], [117.60014588800004, 1.236518570000044], [117.6001369280001, 1.236645227000054], [117.60013615200012, 1.236648537000065], [117.60013561500011, 1.236651876000053], [117.60009968600002, 1.236760446000062], [117.6000986680001, 1.236762104000036], [117.60009822300003, 1.23676400100004], [117.60006228600002, 1.236836383000025], [117.6000572370001, 1.236843438000051], [117.60005257000012, 1.236847195000053], [117.5998818160001, 1.236955795000029], [117.59987773600005, 1.236957924000023], [117.599874365, 1.236959074000026], [117.5996048930001, 1.237031466000076], [117.59938036000005, 1.237094799000033], [117.59937666700012, 1.237095311000076], [117.59937477200003, 1.237095753000062], [117.59924113600005, 1.237104190000025], [117.59915475100001, 1.237191175000021], [117.59915401700005, 1.237191669000026], [117.5991535820001, 1.237192284000059], [117.59903564000001, 1.237297677000072], [117.59902073800004, 1.23731976800002], [117.599018956, 1.237321938000036], [117.59879562000003, 1.23764198300006], [117.598792849, 1.237645302000033], [117.59879276800007, 1.237645425000039], [117.59868982400008, 1.23775065600006], [117.59883139700003, 1.237747348000028], [117.5988834310001, 1.23773860700004], [117.59888786400006, 1.23773823700003], [117.59889685200005, 1.237738235000052], [117.59893280500012, 1.237738227000023], [117.59913054900005, 1.237738182000044], [117.59914086800006, 1.237740246000044], [117.59914147300003, 1.23774065200007], [117.59914209300007, 1.237740792000068], [117.59931288900009, 1.23782217400003], [117.59932041400009, 1.237827509000056], [117.59932076500002, 1.237828036000053], [117.59932122500004, 1.237828360000037], [117.59941438100009, 1.237930600000027], [117.59948699000006, 1.237946823000073], [117.59948739600009, 1.237946952000073], [117.59948768100003, 1.237946987000043], [117.5995595920001, 1.237965064000036], [117.59956242500004, 1.237966005000033], [117.5995627320001, 1.237966062000055], [117.59967722600004, 1.238010355000029], [117.59987009300005, 1.238045604000035], [117.59994855600007, 1.238045586000055], [117.59995754500005, 1.23804558400002], [117.5999602280001, 1.238045718000023], [117.60005011300007, 1.238054744000067], [117.60005042900002, 1.238054824000073], [117.60005124400004, 1.238054882000029], [117.60017708400005, 1.238072947000035], [117.60017905100005, 1.238073489000044], [117.60018067900012, 1.238073718000066], [117.60030652400008, 1.238109876000067], [117.6003094350001, 1.23811089700007], [117.600316528, 1.238115245000074], [117.60037433600007, 1.238164421000022], [117.60037599200007, 1.238165954000067], [117.60038184000007, 1.238174758000071], [117.60038187700002, 1.238174945000026], [117.60038197800009, 1.238175100000035], [117.60057704300004, 1.238667612000029], [117.60065359900011, 1.238465776000055], [117.60088089200008, 1.238222603000054]]], [[[117.598079256, 1.235504078000019], [117.59798102800005, 1.235454076000053], [117.59797976200002, 1.235488985000075], [117.59800885200002, 1.236161791000029], [117.59801044400001, 1.236572175000049], [117.598030042, 1.23712752800003], [117.5980761290001, 1.237258202000021], [117.59804311300002, 1.237522809000041], [117.59806562300002, 1.237720978000027], [117.59807568500003, 1.238032424000039], [117.59808223300001, 1.238283967000029], [117.59807590100002, 1.238996133000057], [117.59810516900006, 1.239250938000055], [117.59817750500008, 1.239139260000059], [117.59818032900012, 1.239135784000041], [117.59818055900007, 1.239135431000022], [117.59829063500001, 1.239020484000037], [117.59829083600005, 1.239020346000075], [117.59829097800002, 1.239020132000064], [117.59829288200001, 1.239018851000026], [117.59827874700011, 1.238792653000075], [117.5982024970001, 1.238581749000048], [117.59820087100002, 1.238572475000069], [117.59820104000005, 1.238571616000058], [117.5982009170001, 1.238570881000044], [117.59821369600002, 1.23835138100003], [117.59821533700006, 1.23834418000007], [117.5982155910001, 1.238342857000021], [117.59832309500007, 1.238073333000045], [117.59835863600006, 1.237948024000048], [117.59835965100001, 1.237945094000054], [117.59836549400006, 1.237936287000025], [117.59836726600008, 1.237935095000068], [117.59837109000011, 1.237929331000032], [117.59837443600009, 1.237926472000026], [117.59860545700008, 1.237759531000052], [117.59875277200001, 1.237608944000044], [117.59897529200009, 1.237290069000039], [117.5989768280001, 1.237288229000058], [117.59898085000009, 1.237282266000022], [117.59897903600006, 1.237280378000037], [117.59897895200004, 1.237280248000047], [117.59897730600005, 1.237278391000075], [117.59894265300011, 1.237234460000025], [117.59894129300005, 1.237232134000067], [117.59893996200003, 1.237230323000063], [117.59882793600002, 1.237018195000076], [117.59882683600006, 1.237015848000055], [117.59882478100008, 1.23700546300006], [117.59882683100011, 1.236995076000028], [117.59882999800004, 1.236989412000071], [117.59901913400006, 1.236729698000033], [117.59872835600004, 1.235932066000032], [117.59863505100009, 1.235787001000062], [117.598254128, 1.235576434000052], [117.59819238600005, 1.235548824000034], [117.598079256, 1.235504078000019]]], [[[117.599678218, 1.239362577000065], [117.59978078600011, 1.23910432200006], [117.59983053700012, 1.238979051000058], [117.59984299400003, 1.238815583000076], [117.59985546700011, 1.238601323000069], [117.59978030500008, 1.238361950000069], [117.599656879, 1.238064446000067], [117.59965605600007, 1.23806031700002], [117.59954492300005, 1.238017325000044], [117.5994749570001, 1.237999736000063], [117.599394404, 1.23798173900002], [117.5993899340001, 1.23798032000002], [117.59938118500008, 1.237974439000027], [117.59938083400004, 1.23797391100004], [117.59938037400002, 1.237973587000056], [117.5992850450001, 1.23786896200005], [117.59912449700005, 1.237792464000051], [117.5989328180001, 1.237792508000041], [117.59889686400004, 1.23779251600007], [117.59889010800009, 1.237792517000059], [117.59883838100006, 1.237801206000029], [117.59883491200003, 1.237801496000031], [117.59883456800003, 1.237801569000055], [117.5986358350001, 1.237806213000056], [117.59863384500011, 1.237805839000032], [117.59840895600007, 1.237968348000038], [117.59837457000003, 1.238089587000047], [117.59837368400008, 1.238092146000042], [117.59837366400006, 1.238092248000044], [117.5982672770001, 1.23835897400005], [117.59825508100005, 1.238568458000032], [117.598330755, 1.238777766000055], [117.59833130600009, 1.238780911000049], [117.5983323270001, 1.238785343000075], [117.59834748800006, 1.239027947000068], [117.59841970500008, 1.239064666000047], [117.59842660900006, 1.239069695000069], [117.59843245700006, 1.239078499000072], [117.59843440000009, 1.239086428000064], [117.59844687300006, 1.239224170000057], [117.59848164700009, 1.239305787000035], [117.5985368470001, 1.239361321000047], [117.59857569500002, 1.239371087000052], [117.59872205600004, 1.239348942000049], [117.59872605800001, 1.23934864000006], [117.59873637800001, 1.23935070400006], [117.59874434400001, 1.239355829000033], [117.59880919000011, 1.239416015000074], [117.59896138400006, 1.239518088000068], [117.59896379100007, 1.239520073000051], [117.59896448600011, 1.239520515000038], [117.59905284900003, 1.239600686000074], [117.59919282500005, 1.23969913600007], [117.5991964420001, 1.239702188000024], [117.59933281400004, 1.239839384000049], [117.59942606000004, 1.239867900000036], [117.59942549700008, 1.239864781000051], [117.59942506200002, 1.239859934000037], [117.59942711300005, 1.239849547000063], [117.59942729600004, 1.239849270000036], [117.59942736000005, 1.239848964000032], [117.59950480000009, 1.239672460000065], [117.59951039500004, 1.239664236000067], [117.599510742, 1.23966400300003], [117.59951096100008, 1.23966368300006], [117.5996155260001, 1.239564383000072], [117.59967751700003, 1.239364561000059], [117.59967820300005, 1.239362657000072], [117.599678218, 1.239362577000065]]], [[[117.6005965710001, 1.239391072000046], [117.60064649200001, 1.239366659000041], [117.60066852500006, 1.239371239000036], [117.60069973100008, 1.239362261000053], [117.60072186200011, 1.239358829000025], [117.60082399900011, 1.239326250000033], [117.600931252, 1.23932793900002], [117.60097722000012, 1.239341636000063], [117.60101127400003, 1.239369044000057], [117.60136880200002, 1.23946320400006], [117.60138752600005, 1.239454632000047], [117.60137220100012, 1.239437501000054], [117.60134495900002, 1.239423799000065], [117.601077626, 1.239183973000024], [117.60085970400007, 1.239120624000066], [117.60075244500001, 1.239091520000045], [117.60072009900011, 1.23908810000006], [117.60060214200007, 1.238967356000046], [117.600573241, 1.23871093300005], [117.60056718200008, 1.238715010000021], [117.60055686300007, 1.238717078000036], [117.60054654300006, 1.238715015000025], [117.60053779400005, 1.238709134000032], [117.60053180900002, 1.238699988000064], [117.60033437700008, 1.238201500000059], [117.60028614400005, 1.238160470000025], [117.60016764600005, 1.23812642200005], [117.60004419300003, 1.238108700000055], [117.59995621200005, 1.238099865000038], [117.59994856900005, 1.238099867000074], [117.59986767400005, 1.238099885000054], [117.59986285000002, 1.238099448000071], [117.59971893000011, 1.238073145000044], [117.59983053600001, 1.238342155000055], [117.59983054300005, 1.238342190000026], [117.59983056300007, 1.238342221000039], [117.59983136400001, 1.238344434000055], [117.599908389, 1.238589736000051], [117.59990964200006, 1.238597909000021], [117.59990947300003, 1.238598767000042], [117.59990959600009, 1.238599503000046], [117.59989681700006, 1.238819002000071], [117.59989675200006, 1.238819287000069], [117.59989678400007, 1.238819490000026], [117.59988399400004, 1.238987344000066], [117.59988235800006, 1.238994237000043], [117.59988214700002, 1.238995342000067], [117.59983086300008, 1.239124470000036], [117.59972868400007, 1.239381746000049], [117.59966490200009, 1.239587340000071], [117.59966407700006, 1.239589631000058], [117.59965823400012, 1.239598437000041], [117.59965788700003, 1.239598671000067], [117.59965766800008, 1.239598991000037], [117.59955193300004, 1.239699402000042], [117.59948003800002, 1.239863270000058], [117.599485834, 1.239895364000063], [117.59953068400011, 1.24003199200007], [117.59953204500005, 1.240040500000021], [117.5995319760001, 1.240040850000071], [117.59953203700002, 1.240041179000059], [117.599527996, 1.240205353000022], [117.59952793700006, 1.240205635000052], [117.59952773500004, 1.24020850900007], [117.59951208500001, 1.240319073000023], [117.59951096200007, 1.240323206000028], [117.5995107330001, 1.240324515000054], [117.599459496, 1.240466433000051], [117.5993797750001, 1.240693950000036], [117.59937941300007, 1.240694528000063], [117.59937926000009, 1.240695303000052], [117.59937797500004, 1.240697997000041], [117.59933313700003, 1.240780094000058], [117.59933096100008, 1.240783013000055], [117.59932980500002, 1.240784887000075], [117.59925062500008, 1.240876008000043], [117.59924679200003, 1.241041639000059], [117.59943692800005, 1.24083990400004], [117.599446166, 1.240833511000062], [117.59945570000002, 1.240831600000035], [117.59948819100009, 1.240802358000053], [117.5997282400001, 1.240211010000053], [117.59974106600009, 1.24012556100007], [117.59982426900001, 1.239986492000071], [117.60000057800005, 1.239882052000041], [117.60009446100003, 1.239708090000022], [117.60020713400002, 1.239556812000046], [117.60038181000004, 1.239471692000052], [117.6005151710001, 1.239433849000022], [117.60058091100007, 1.239409255000055], [117.6005965710001, 1.239391072000046]]], [[[117.60016365500007, 1.242383339000071], [117.60010728200007, 1.242325122000068], [117.60012757400011, 1.242412632000025], [117.60022197800004, 1.242614426000046], [117.60022205300004, 1.242614764000052], [117.6002222840001, 1.242615104000038], [117.60030595400008, 1.242807474000074], [117.60030600800008, 1.242807734000053], [117.60030616300003, 1.242807966000044], [117.60030821700002, 1.242818352000029], [117.60030826000002, 1.243005313000026], [117.60042482200004, 1.243286700000056], [117.60050723000006, 1.243416975000059], [117.60050939400003, 1.243421160000025], [117.60050981300003, 1.243423277000034], [117.60062476300004, 1.243340409000041], [117.60078379900006, 1.243324038000026], [117.60076748600011, 1.242951626000036], [117.60076094200008, 1.242719684000065], [117.6006602970001, 1.242592301000059], [117.60033894600008, 1.242481303000034], [117.60016365500007, 1.242383339000071]]], [[[117.60035816800007, 1.243550508000055], [117.60047339700009, 1.243456108000032], [117.60046542100008, 1.243450747000054], [117.60046173800004, 1.243446128000073], [117.60037808200002, 1.243313879000027], [117.60037596400002, 1.243309784000076], [117.60037593900006, 1.243309748000058], [117.60025640700007, 1.243021191000025], [117.60025640200001, 1.243021163000037], [117.60025638600007, 1.243021139000064], [117.60025433100009, 1.243010753000021], [117.60025428900008, 1.242824041000063], [117.60017302900008, 1.242637213000023], [117.60007756700008, 1.242433159000029], [117.60007743500012, 1.242432564000069], [117.60007705300006, 1.242431989000067], [117.600075704, 1.242427765000059], [117.60004444900005, 1.242292976000044], [117.60004374300001, 1.242286814000067], [117.60004579300005, 1.242276427000036], [117.60005163700009, 1.242267621000053], [117.60006038400002, 1.242261736000046], [117.6000650950001, 1.242260791000035], [117.59988766900005, 1.241939116000026], [117.59974842000008, 1.241878438000072], [117.59968639300007, 1.241752954000049], [117.59958248100008, 1.24153410100007], [117.59948496100003, 1.240874228000052], [117.59946877800007, 1.240884981000022], [117.59902851600009, 1.241352100000029], [117.59881813200002, 1.241638549000072], [117.59877005100009, 1.241714791000049], [117.59869986500007, 1.241766366000036], [117.59863829200003, 1.241910287000053], [117.59846599000002, 1.242300725000064], [117.59846041800006, 1.242308895000065], [117.59846000700009, 1.242309172000034], [117.59845975000007, 1.242309545000069], [117.59838764500012, 1.242377311000041], [117.59829198800003, 1.242468690000067], [117.59827777500004, 1.242717152000068], [117.59831755300002, 1.242753925000045], [117.59848748700006, 1.242983569000046], [117.59848844700002, 1.242985330000067], [117.5984891380001, 1.24298626500007], [117.59857045500007, 1.243138180000074], [117.59874595200006, 1.24329119600003], [117.59874646700007, 1.243291915000043], [117.59874735900007, 1.243292514000075], [117.59875307900006, 1.243301013000064], [117.59887569200009, 1.243588789000057], [117.59922777500003, 1.243573117000039], [117.59950139300008, 1.243537132000029], [117.59950488100003, 1.243536903000063], [117.59951520100003, 1.243538966000074], [117.59952023100004, 1.243541725000057], [117.59982440100009, 1.243753570000024], [117.60009768500004, 1.243763389000037], [117.60010703700004, 1.243765435000057], [117.60011253800008, 1.243769133000058], [117.60015028500004, 1.243720362000033], [117.60035816800007, 1.243550508000055]]], [[[117.59980020600005, 1.243802728000048], [117.59949808300007, 1.243592309000064], [117.5992336160001, 1.243627090000075], [117.5992316380001, 1.243627220000064], [117.59923131300002, 1.243627293000031], [117.59889809300012, 1.243642126000054], [117.59893317600006, 1.243747980000023], [117.59893353300004, 1.243750188000035], [117.59893439600012, 1.24375356500002], [117.59894611700008, 1.243859515000054], [117.59896888700007, 1.243939659000034], [117.59901568100008, 1.244045566000068], [117.59911021000005, 1.244235744000036], [117.59928844400008, 1.244498724000039], [117.59928851000006, 1.244498847000045], [117.59928860100001, 1.244498959000055], [117.59938420700007, 1.244643229000076], [117.59938455400004, 1.244643882000048], [117.59938489300009, 1.24464432000002], [117.5995641610001, 1.244944887000031], [117.59956595200003, 1.244948464000061], [117.59956598500003, 1.244948632000046], [117.59956607600009, 1.244948770000065], [117.59968561100004, 1.245249351000041], [117.59968564400003, 1.245249522000051], [117.59968673500009, 1.245252848000064], [117.59977043800006, 1.245589509000069], [117.59977124500006, 1.245596092000028], [117.59976967600005, 1.245605220000073], [117.59971323000002, 1.24576440900006], [117.5998150590001, 1.246048900000062], [117.59988112400004, 1.246104287000037], [117.59988292900005, 1.246105945000068], [117.59988877600006, 1.246114748000025], [117.59989083100004, 1.246125134000067], [117.59989086300004, 1.246263465000027], [117.5999589590001, 1.246411876000025], [117.60008341700006, 1.246582614000033], [117.60027217000004, 1.246638443000052], [117.60028480100004, 1.246522365000033], [117.6003639160001, 1.246362877000024], [117.60056632900012, 1.246150564000061], [117.6005638580001, 1.246094839000023], [117.60049974500009, 1.245883701000025], [117.60045493200005, 1.245807012000057], [117.60025523400009, 1.245655100000022], [117.60015735500008, 1.245462692000046], [117.60014652000007, 1.245354907000035], [117.60012924800003, 1.245147416000066], [117.60004567200008, 1.244784879000065], [117.60002522600007, 1.244605173000025], [117.59996936000005, 1.244366337000031], [117.59997904500005, 1.244134391000046], [117.5999919950001, 1.243990648000022], [117.60007556000005, 1.243816909000032], [117.59981458800007, 1.243807533000052], [117.59980523600007, 1.243805487000031], [117.59980020600005, 1.243802728000048]]], [[[117.59839016800004, 1.244856807000076], [117.59840052700008, 1.244855158000064], [117.59839634600007, 1.244857474000071], [117.59840569100004, 1.24485433600006], [117.5984332810001, 1.244849945000055], [117.59845796600007, 1.244836785000075], [117.59857295300003, 1.244798177000064], [117.59874768200007, 1.244597097000053], [117.59874835500011, 1.24459661100002], [117.59874890800006, 1.244595778000075], [117.59890281100002, 1.244440804000021], [117.59891155800005, 1.244434919000071], [117.59892187700007, 1.244432850000067], [117.59908864300007, 1.24443281200007], [117.59909896300007, 1.244434876000071], [117.59910771200009, 1.244440757000064], [117.59922021500006, 1.24455393900007], [117.59927817100004, 1.24458104200005], [117.59924381300004, 1.24452919600003], [117.59906463200002, 1.244264819000023], [117.5990633780001, 1.244262485000036], [117.59906279300003, 1.244261668000036], [117.59896717600009, 1.244069301000025], [117.59896705100005, 1.244068769000023], [117.59896665300005, 1.24406818600005], [117.5989188420001, 1.243959978000021], [117.59891877100006, 1.243959644000029], [117.59891857000002, 1.24395934100005], [117.59891755400008, 1.243956412000045], [117.598893642, 1.24387224700007], [117.59889332300008, 1.243869956000026], [117.59889276900003, 1.243867788000045], [117.59888111400005, 1.243762430000061], [117.59887728600006, 1.243750882000029], [117.59887446000005, 1.243728168000075], [117.59885274400006, 1.243699038000045], [117.59882376600001, 1.243560656000056], [117.59872241000005, 1.243364022000037], [117.5987198150001, 1.243360665000068], [117.5987059570001, 1.243328139000027], [117.598531406, 1.243175948000044], [117.59853089100011, 1.24317523000002], [117.59852999800012, 1.243174630000055], [117.59852532200011, 1.243168307000076], [117.5984424080001, 1.243013407000035], [117.59836047400006, 1.242890669000076], [117.59823018600002, 1.242759594000063], [117.59824774800006, 1.242441413000051], [117.59836035300009, 1.242351682000049], [117.59841823600004, 1.242307967000045], [117.59844716200007, 1.242220557000053], [117.5986613340001, 1.241743396000061], [117.5987382620001, 1.241668825000033], [117.59890289100008, 1.241441106000025], [117.59893906100001, 1.241382829000031], [117.59897522900008, 1.241317268000046], [117.59901140200009, 1.241273558000046], [117.59905480900011, 1.241215280000063], [117.59915107400002, 1.241143195000063], [117.59919148900008, 1.24110031500004], [117.5991969370001, 1.240864911000074], [117.5991989800001, 1.240855163000049], [117.59920359800003, 1.240847676000044], [117.59928728500006, 1.24075136700003], [117.59932965000007, 1.240673798000046], [117.59940867900002, 1.240448258000072], [117.59940874000006, 1.240448160000028], [117.59940876500002, 1.240448015000027], [117.5994590890001, 1.240308626000058], [117.59947412100007, 1.240202424000074], [117.59947800700002, 1.240044546000036], [117.59944004800002, 1.239928908000024], [117.599310682, 1.239889346000041], [117.59930820800002, 1.239888455000028], [117.599299459, 1.239882574000035], [117.59915999200007, 1.239742264000029], [117.59902058900002, 1.239644217000034], [117.59901852200005, 1.23964247300006], [117.5990179800001, 1.23964212900006], [117.5989298400001, 1.239562160000048], [117.59877751800002, 1.239460001000054], [117.5987748010001, 1.23945776100004], [117.59877419000009, 1.239457368000046], [117.5987172880001, 1.239404554000032], [117.59857839100005, 1.239425570000037], [117.59857438800009, 1.239425871000037], [117.59856784800002, 1.239425062000066], [117.59851653300007, 1.239412162000065], [117.59851275300002, 1.239410908000025], [117.598504004, 1.239405026000043], [117.59843984800011, 1.239340483000035], [117.59843412900011, 1.239331984000046], [117.59839562400009, 1.239241612000058], [117.5983955910001, 1.239241449000076], [117.59839549600008, 1.239241307000043], [117.59839355300005, 1.239233379000041], [117.59838204900007, 1.239106333000052], [117.59831565400009, 1.239072575000023], [117.59822108800006, 1.239171325000029], [117.59815651100007, 1.23926928100002], [117.59815635500001, 1.239269472000046], [117.59815624500004, 1.239269676000049], [117.5981477260001, 1.239282118000062], [117.59814459400002, 1.239285904000042], [117.59813584800008, 1.239291789000049], [117.59812816500005, 1.23929332900002], [117.59817608700007, 1.239706448000049], [117.59819857500008, 1.239899774000037], [117.5980307640001, 1.240345336000075], [117.59802103700008, 1.240391074000058], [117.59805675100006, 1.240443335000066], [117.5982774900001, 1.240577224000049], [117.59831970700009, 1.240681752000057], [117.59836517100007, 1.240786280000066], [117.59838142100011, 1.240884280000046], [117.5983911730001, 1.240946347000033], [117.5983976760001, 1.240998615000024], [117.59838901400008, 1.241084326000021], [117.5983095040001, 1.241492227000037], [117.59826612000006, 1.24165247600007], [117.59821551000005, 1.241856429000052], [117.59816487500007, 1.241951128000039], [117.59807805800006, 1.242045834000066], [117.5979984810001, 1.242162390000033], [117.59795507500007, 1.242220669000062], [117.59791166700006, 1.242271664000043], [117.59787549700002, 1.242329941000037], [117.59791169200003, 1.242380918000038], [117.59795512700009, 1.242453745000034], [117.5979985670001, 1.242541138000036], [117.59802755100009, 1.242708655000058], [117.5980420630001, 1.242883458000051], [117.5979986860001, 1.243072842000061], [117.59780818900003, 1.243242106000025], [117.59780236600011, 1.243250769000042], [117.59780185000011, 1.243249081000044], [117.59779408000009, 1.243263095000032], [117.5977922080001, 1.243305756000041], [117.59778781500006, 1.243456150000043], [117.59777259100008, 1.243496758000049], [117.59775442600005, 1.243672513000035], [117.59766418400011, 1.243884494000042], [117.59753591300012, 1.24402626400007], [117.59741950900002, 1.244169516000056], [117.59735855300005, 1.244225148000055], [117.59734010800003, 1.244309130000033], [117.59726002200011, 1.244350698000062], [117.59712596700001, 1.244433007000055], [117.59693159200003, 1.244568356000059], [117.59702133200005, 1.244901018000064], [117.59713136200003, 1.24516963800005], [117.597187684, 1.245378972000026], [117.59721747300011, 1.245589126000027], [117.59731692200012, 1.245832595000024], [117.59741339700008, 1.245999237000035], [117.59760150300008, 1.246372535000035], [117.59760668600006, 1.246656521000034], [117.59768021500008, 1.246735778000073], [117.5979395490001, 1.24709176500005], [117.59800978400006, 1.246995636000065], [117.59799752300012, 1.246798891000026], [117.59799765100001, 1.246798114000057], [117.59799747000011, 1.246797198000024], [117.59799744100008, 1.246669313000041], [117.59798481300004, 1.246529858000031], [117.59792111900003, 1.246196903000055], [117.59783295600005, 1.245905581000045], [117.59770720200004, 1.24572846600006], [117.59770423100008, 1.245723078000026], [117.59770228700006, 1.245715150000024], [117.59768942700009, 1.245573125000021], [117.59768931600001, 1.245570668000028], [117.59769136600005, 1.245560282000042], [117.59769195900003, 1.245559388000061], [117.59769216000007, 1.245558530000039], [117.59775627200008, 1.245429400000035], [117.59775639700001, 1.245429225000066], [117.597756763, 1.245428458000049], [117.59789781500001, 1.245170194000025], [117.59789844800002, 1.245169345000022], [117.59789927100007, 1.245167824000021], [117.59801468700005, 1.244999947000053], [117.59801779000009, 1.244996204000074], [117.59802298300008, 1.244992121000053], [117.59815124700003, 1.244914623000057], [117.59815480100008, 1.244912820000025], [117.5981577120001, 1.244911798000032], [117.59824750400003, 1.24488595400004], [117.5982485290001, 1.244885809000039], [117.5982500880001, 1.244885347000036], [117.59838930700005, 1.244859837000035], [117.59839466200003, 1.244858039000064], [117.59839016800004, 1.244856807000076]]]]}},
{"type": "Feature", "properties": {"ba_code": "4523", "blockid": "4523M29P07", "division": "01"}, "geometry": {"type": "MultiPolygon", "coordinates": [[[[117.62279525000008, 1.247302880000063], [117.62422329700007, 1.247302540000021], [117.62557456200011, 1.247282898000037], [117.62553099000002, 1.245231786000033], [117.62554838200003, 1.242752978000055], [117.62555682000004, 1.240409873000033], [117.6255570720001, 1.238210752000043], [117.62439006900001, 1.238203301000055], [117.62281615300003, 1.238207537000051], [117.62282003100006, 1.23837754300007], [117.62284206700008, 1.239189208000028], [117.62280668500011, 1.241631835000021], [117.62281632800011, 1.244427273000042], [117.62280642500002, 1.245846232000019], [117.62279525000008, 1.247302880000063]]]]}},
{"type": "Feature", "properties": {"ba_code": "4523", "blockid": "4523O27P10", "division": "03"}, "geometry": {"type": "MultiPolygon", "coordinates": [[[[117.619887102, 1.23520508200005], [117.61992206500008, 1.234044716000028], [117.61970395900005, 1.234060448000037], [117.61962306700002, 1.234069514000055], [117.61952420400007, 1.234105724000074], [117.61942534500008, 1.234160028000076], [117.61870638100004, 1.234585393000032], [117.61840081600008, 1.234748306000029], [117.61831992600003, 1.234766418000049], [117.61820309000007, 1.234820726000066], [117.61756492400002, 1.234829922000074], [117.61751998200009, 1.234829932000025], [117.61745706800002, 1.234848041000021], [117.61731644200006, 1.234791463000022], [117.61740060000011, 1.235136387000068], [117.61741222900002, 1.23529134100005], [117.61740931400004, 1.235612669000034], [117.61734052600002, 1.23579453900004], [117.6172889390001, 1.235950426000045], [117.61725962800006, 1.236159865000047], [117.61730638300003, 1.236972267000056], [117.61732365600005, 1.237258033000046], [117.61730659300008, 1.237881536000032], [117.61730662500008, 1.238020091000067], [117.61813249500005, 1.237621551000075], [117.61993050900003, 1.236876394000035], [117.61990466100008, 1.236720526000056], [117.619887102, 1.23520508200005]]], [[[117.6175199700001, 1.234775652000053], [117.61756490700009, 1.234757548000061], [117.61818509900002, 1.23475740300006], [117.61831092500006, 1.234712140000056], [117.61839181300002, 1.234684981000044], [117.61869738000007, 1.234531114000049], [117.61938938000003, 1.234105756000019], [117.61948823800003, 1.234051452000074], [117.61963204100005, 1.234006185000055], [117.61970394500008, 1.233997121000073], [117.6199216550001, 1.233975691000069], [117.619919578, 1.233626154000035], [117.619937531, 1.233526636000022], [117.6199824580001, 1.233463298000061], [117.6203239560001, 1.23321895600003], [117.62044975300012, 1.233047038000052], [117.62062047400002, 1.232802736000053], [117.62113268600001, 1.232286952000038], [117.62133038600007, 1.232105971000067], [117.62145619700004, 1.231997381000042], [117.62148314100011, 1.231906907000052], [117.62150110300001, 1.231843576000074], [117.62126722800008, 1.23106561100002], [117.62120428900005, 1.230975159000025], [117.62109640400001, 1.230866623000054], [117.62097055000004, 1.230785232000073], [117.62088065800003, 1.230749066000044], [117.62076381500003, 1.230767187000026], [117.62065596000002, 1.23078530600003], [117.62039474200003, 1.230778954000073], [117.62041953300002, 1.230875106000042], [117.62039375600011, 1.231022327000062], [117.62029913800006, 1.231126266000047], [117.62024758400003, 1.23142070800003], [117.62005836000003, 1.231671884000036], [117.61989502100005, 1.232243462000042], [117.61977461400011, 1.232442664000075], [117.61967997900001, 1.232468665000056], [117.61956813200004, 1.232477351000057], [117.61945629000002, 1.232503356000052], [117.61935306100008, 1.232572658000038], [117.61893152500011, 1.232780589000072], [117.61885230000007, 1.232790927000053], [117.61887675300011, 1.232830285000034], [117.61887675700007, 1.232848379000075], [117.61887675900005, 1.23285742500002], [117.61889474000009, 1.232875515000046], [117.61884982700008, 1.233002180000028], [117.6188318610001, 1.233047417000023], [117.61884084700011, 1.233038369000042], [117.6185713640001, 1.233753124000032], [117.61853541900007, 1.233789320000028], [117.61852643300006, 1.233798368000066], [117.61840959800008, 1.233852676000026], [117.61832871100012, 1.233888882000031], [117.61831073700012, 1.233897933000037], [117.61825681100004, 1.233916039000064], [117.61788833900005, 1.234124200000053], [117.6178344120001, 1.234133260000021], [117.61782542300011, 1.234133262000057], [117.61786134500005, 1.233997552000062], [117.61794222500009, 1.233934206000072], [117.61794222300011, 1.233925159000023], [117.61796912500006, 1.23365375100002], [117.61796912300008, 1.233644704000028], [117.61799607800003, 1.233599464000065], [117.61800506400004, 1.233590415000037], [117.61822077700003, 1.233563225000069], [117.61822077000011, 1.233536084000036], [117.61822076800001, 1.233527038000034], [117.618234142, 1.233482781000021], [117.61843919600005, 1.233191643000055], [117.618107484, 1.232922718000054], [117.61801096700003, 1.232971318000068], [117.6177959260001, 1.233196521000025], [117.61773571700007, 1.233274472000062], [117.61766691500009, 1.233395724000047], [117.61752066500003, 1.233456376000049], [117.61740884200003, 1.233568978000051], [117.61735722800006, 1.233603629000072], [117.61729700800004, 1.233629622000024], [117.61713353000005, 1.233603681000034], [117.61686678400008, 1.233473848000074], [117.61671190400011, 1.233421926000062], [117.61645378000003, 1.233370028000024], [117.61630120500001, 1.233377044000065], [117.6163691800001, 1.23352747000007], [117.61645912600011, 1.233798851000074], [117.61675583100009, 1.234196839000049], [117.61709747400005, 1.234576722000043], [117.617178383, 1.234640031000026], [117.61729524600003, 1.234703331000048], [117.6174390750001, 1.234775671000023], [117.6175199700001, 1.234775652000053]]]]}},
{"type": "Feature", "properties": {"ba_code": "4523", "blockid": "4523O37P11", "division": "03"}, "geometry": {"type": "MultiPolygon", "coordinates": [[[[117.64683085200011, 1.223962351000068], [117.64677900800007, 1.223759624000024], [117.646865337, 1.223771189000047], [117.64755766300004, 1.223844476000068], [117.647658062, 1.223867866000035], [117.64766496400011, 1.223523397000065], [117.64763791700011, 1.223179629000072], [117.64765563100002, 1.22208497500003], [117.64761949800004, 1.221334108000065], [117.64765533900004, 1.220863672000064], [117.64760129900003, 1.220402304000061], [117.64748428200005, 1.219687643000043], [117.64752012400004, 1.219226253000045], [117.64749308600005, 1.218918672000029], [117.64746173600008, 1.218729630000041], [117.6473492340001, 1.218746820000035], [117.64728611900011, 1.21880305600007], [117.64700147200006, 1.219447292000041], [117.64700704300003, 1.219590618000041], [117.64685704200008, 1.219662667000023], [117.64672317400004, 1.219639469000072], [117.64675618600006, 1.219470699000055], [117.64698150800007, 1.21897503100007], [117.64705068100011, 1.218698578000044], [117.64720293700009, 1.218403521000027], [117.6472329290001, 1.218357054000023], [117.64734601300006, 1.218326828000045], [117.647403112, 1.218317739000042], [117.64739404500006, 1.218204008000043], [117.647393942, 1.21776976700005], [117.64737595200006, 1.217715491000035], [117.6471961740001, 1.217652207000071], [117.64679170300008, 1.217643258000066], [117.6464860960001, 1.217607145000045], [117.64617150700008, 1.217598175000035], [117.64600073600002, 1.21761630900005], [117.6458299520001, 1.217580164000026], [117.64572208700008, 1.21755304900006], [117.64555128100005, 1.217426437000029], [117.6453804890001, 1.217354104000037], [117.64521869300006, 1.217317957000034], [117.64492208900003, 1.217345168000065], [117.64490414000011, 1.217462780000062], [117.64491325800009, 1.218005579000021], [117.64494028000001, 1.218249833000073], [117.64498534800009, 1.218783578000057], [117.64491364300011, 1.219624938000038], [117.644922672, 1.219796823000024], [117.64492268300012, 1.219842056000061], [117.64499473900003, 1.220475308000061], [117.64493192100008, 1.220891471000073], [117.64491401100008, 1.221171923000043], [117.64494103200002, 1.221407130000046], [117.64493376700011, 1.221487780000075], [117.64496365500008, 1.221513753000067], [117.64527032800004, 1.221300386000053], [117.645662721, 1.221307472000035], [117.64603376800005, 1.221549935000041], [117.64616706900006, 1.222076496000057], [117.64609107800004, 1.22253130100006], [117.64582003800001, 1.222813812000027], [117.64532884900007, 1.222886630000062], [117.645120829, 1.222656003000054], [117.64486217000001, 1.222568571000068], [117.64486080900008, 1.222837776000063], [117.64487858700011, 1.223388372000045], [117.6448818660001, 1.223485048000043], [117.64489537600002, 1.223629778000031], [117.6453550550001, 1.223496749000049], [117.64539991800007, 1.223451572000045], [117.64549842300005, 1.223428569000021], [117.64562039200007, 1.223303752000049], [117.64572741100005, 1.223318088000042], [117.64595570900008, 1.223303671000053], [117.6461911990001, 1.223533401000054], [117.64626258900012, 1.223727266000026], [117.6462911750001, 1.223928322000063], [117.6462671590001, 1.224190428000043], [117.64649907800003, 1.224399812000058], [117.64658238100003, 1.224687025000037], [117.64693326400004, 1.22513574200002], [117.64720238500001, 1.225613557000031], [117.64743672600002, 1.225952092000057], [117.64760263500011, 1.225975065000057], [117.64760247400011, 1.225305610000021], [117.64753873000006, 1.224857936000035], [117.64720510000006, 1.224657366000031], [117.646991, 1.224156829000037], [117.64683085200011, 1.223962351000068]]]]}},
{"type": "Feature", "properties": {"ba_code": "4523", "blockid": "4523N33P08", "division": "02"}, "geometry": {"type": "MultiPolygon", "coordinates": [[[[117.63379725300001, 1.238180039000042], [117.63664678700002, 1.238182876000053], [117.63677622600005, 1.237826980000023], [117.63678670200011, 1.237717751000048], [117.63673057500012, 1.237228010000024], [117.63668354000004, 1.237123247000056], [117.63666555300006, 1.237078018000034], [117.63656946200001, 1.236879232000035], [117.63656593300004, 1.236762960000021], [117.63655171700009, 1.23586801600004], [117.6365753560001, 1.235757220000039], [117.6367371120001, 1.23562148000002], [117.63677305600004, 1.23558528500007], [117.63697969400005, 1.235196226000028], [117.636988674, 1.235160037000071], [117.6369526520001, 1.234870551000029], [117.63697947600008, 1.234282509000025], [117.63676368300003, 1.233965926000053], [117.63665580400004, 1.233884532000047], [117.63660187300002, 1.233875498000032], [117.63660176700012, 1.233432209000057], [117.63658329200007, 1.231333377000055], [117.63658027200006, 1.23118314900006], [117.63654170100006, 1.231093619000035], [117.63647306300004, 1.23099867600007], [117.636354202, 1.230887640000049], [117.63607328800003, 1.230817027000057], [117.63607020800009, 1.230816004000076], [117.63606996800002, 1.230815958000051], [117.63581827300004, 1.230716505000032], [117.63581806700006, 1.230716369000049], [117.635817814, 1.23071631800002], [117.63581076300011, 1.230712006000033], [117.63563995200002, 1.230567299000029], [117.63563825400001, 1.23056573100007], [117.63563803400007, 1.230565400000046], [117.63563773200008, 1.230565191000039], [117.63532366400011, 1.230231177000064], [117.63507324900002, 1.229997247000028], [117.63450959500005, 1.229538212000023], [117.63381962300002, 1.229160092000029], [117.63380564400006, 1.229262274000064], [117.63383296600011, 1.231668765000052], [117.63378862400009, 1.234201856000027], [117.63376175100007, 1.234590871000023], [117.63374383700011, 1.234853230000056], [117.63378915800001, 1.236454488000049], [117.63377973700005, 1.238127192000036], [117.63379725300001, 1.238180039000042]]], [[[117.63657761500008, 1.231051041000057], [117.63656510100009, 1.230428710000069], [117.636520098, 1.230166366000049], [117.6365676800001, 1.229381409000041], [117.63652561000004, 1.229117163000069], [117.63563294000005, 1.229092713000057], [117.633826612, 1.229107239000029], [117.63453723700002, 1.229491531000065], [117.63453922300005, 1.229493012000034], [117.63454151400003, 1.229494383000031], [117.63510788300005, 1.229955630000063], [117.63510908900003, 1.229956722000054], [117.6351092650001, 1.229956836000042], [117.63536099200007, 1.230191990000037], [117.63536149200002, 1.230192714000054], [117.63536223300002, 1.230193227000029], [117.6356758500001, 1.230526762000068], [117.63584210300007, 1.230667608000033], [117.63608805000001, 1.230764790000023], [117.63637399700008, 1.230836668000052], [117.63637777600002, 1.230837923000024], [117.63638580600002, 1.230843107000055], [117.63651167000012, 1.230960684000024], [117.63651194600004, 1.230961083000068], [117.63651238900002, 1.230961381000043], [117.63651513000002, 1.230964609000068], [117.63657761500008, 1.231051041000057]]]]}},
{"type": "Feature", "properties": {"ba_code": "4523", "blockid": "4523M24P08", "division": "01"}, "geometry": {"type": "MultiPolygon", "coordinates": [[[[117.60903275500004, 1.242031370000063], [117.60896435100005, 1.24335396400005], [117.60897039400004, 1.244753682000066], [117.60902896800008, 1.244707659000028], [117.60903523600007, 1.244703980000054], [117.60904064500005, 1.244702367000059], [117.60928332000003, 1.244657077000056], [117.60928823000006, 1.244656622000036], [117.60929854900007, 1.244658685000047], [117.60930604500004, 1.244663383000045], [117.60952955000005, 1.244861254000057], [117.60972003900008, 1.244991912000046], [117.6099355130001, 1.245009211000024], [117.61005025000009, 1.245000301000061], [117.61005117600007, 1.245000449000031], [117.61005231800004, 1.245000221000055], [117.61030981400006, 1.245000161000064], [117.61049547900006, 1.24495562200002], [117.61050172400007, 1.244954882000059], [117.61050873500005, 1.244955814000036], [117.61074244600002, 1.24501908700006], [117.61074575500004, 1.245020219000025], [117.61075450500005, 1.245026100000075], [117.61076035200006, 1.245034903000033], [117.61076213500007, 1.24504145100002], [117.61078914400002, 1.245231426000032], [117.6107894160001, 1.245235265000076], [117.61078736600007, 1.245245651000062], [117.61078152200002, 1.245254457000044], [117.6107807510001, 1.245254977000059], [117.61078029600003, 1.245255617000055], [117.61062897700003, 1.245390065000038], [117.61048874500011, 1.245556193000027], [117.6105577840001, 1.24570280100005], [117.61076140300008, 1.245788138000023], [117.61098949500001, 1.245832232000055], [117.61131012600003, 1.245823192000046], [117.61131048800007, 1.245823259000076], [117.61131087500007, 1.245823182000038], [117.61131530800003, 1.245823550000068], [117.61158136300003, 1.245860143000073], [117.61166055600006, 1.242068698000026], [117.61165275000008, 1.24174111800005], [117.6115710570001, 1.24173259600002], [117.61154145800003, 1.241722516000038], [117.61144257600006, 1.241677306000042], [117.61144210100008, 1.241676974000029], [117.61144167500004, 1.241676873000074], [117.61140571800001, 1.241658788000052], [117.61122593000005, 1.241568362000066], [117.61108381500003, 1.241496884000071], [117.610927005, 1.241444315000024], [117.6105728440001, 1.24141766300005], [117.6104657940001, 1.241425976000073], [117.61020314000007, 1.24162220900007], [117.61019545200008, 1.241707553000026], [117.61020434400007, 1.241850222000039], [117.61020421500007, 1.241850998000075], [117.61020439700008, 1.241851915000041], [117.61020323000002, 1.241859817000034], [117.61014035900007, 1.242067907000035], [117.61013947600009, 1.242070391000027], [117.61005276000003, 1.242178731000024], [117.60986293100007, 1.242250051000042], [117.60973798200007, 1.242189665000069], [117.60964368500004, 1.242112047000035], [117.60937409000007, 1.242042089000051], [117.60912584000005, 1.242042147000063], [117.60906292200002, 1.242042161000029], [117.60905260200002, 1.242040098000075], [117.60905237100008, 1.242039943000066], [117.60905211300008, 1.242039888000022], [117.60903275500004, 1.242031370000063]]], [[[117.61165250800002, 1.241686385000037], [117.61165142300001, 1.241441265000049], [117.61165134700002, 1.241109744000028], [117.61161538800002, 1.241082612000071], [117.6115614470001, 1.24103739100002], [117.61126479900008, 1.240892712000061], [117.61118388800003, 1.240820357000075], [117.61108043800004, 1.240657749000036], [117.61098507300005, 1.24087385100006], [117.610913836, 1.241241768000066], [117.61091228300006, 1.241246957000044], [117.61090940200006, 1.24125222300006], [117.61081862200001, 1.241381727000032], [117.61093436200008, 1.241390436000074], [117.61093768100011, 1.241391231000023], [117.61094087300012, 1.241391752000027], [117.6111026750001, 1.241445995000049], [117.61110432300006, 1.24144701900002], [117.61110620800002, 1.241447466000068], [117.6112500370001, 1.241519807000032], [117.61142982500007, 1.241610233000074], [117.61146533600004, 1.241628093000031], [117.61156247500003, 1.241672507000033], [117.61158579200003, 1.241680324000072], [117.61164042900009, 1.241688167000063], [117.61164342000006, 1.241687263000074], [117.6116511680001, 1.241686117000029], [117.61165250800002, 1.241686385000037]]], [[[117.6110382600001, 1.240619607000042], [117.61092701900009, 1.240665226000033], [117.61090740800012, 1.240674960000035], [117.60985510000012, 1.239822281000045], [117.60919526600003, 1.239296766000052], [117.60886536400005, 1.239096259000064], [117.60886146100006, 1.239498496000067], [117.60894179400009, 1.239575741000067], [117.60917876300005, 1.239655183000025], [117.60921825300011, 1.239674740000055], [117.6092184260001, 1.23967486600003], [117.6092191890001, 1.23967523400006], [117.60940505100007, 1.239779295000062], [117.60946853700011, 1.239843441000062], [117.60946921000004, 1.239843927000038], [117.60953214500012, 1.239916286000039], [117.6095322650001, 1.239916481000023], [117.609532908, 1.239917204000051], [117.60957115300005, 1.239965785000038], [117.60967323200009, 1.240146246000052], [117.60970020100001, 1.240290827000024], [117.60975408900003, 1.240561694000064], [117.60982500800003, 1.24087365400004], [117.60994771600008, 1.241076450000037], [117.61001856400003, 1.241165543000022], [117.60997645900011, 1.241199462000054], [117.60990255400009, 1.241106169000034], [117.60977667000009, 1.240898123000022], [117.60970143500003, 1.240573440000048], [117.6097013970001, 1.240573099000073], [117.60970128100007, 1.240572715000042], [117.60964728800002, 1.240301325000075], [117.60964727200007, 1.240301157000033], [117.6096472270001, 1.240301004000059], [117.60962108100011, 1.240160833000061], [117.60952550200011, 1.239994756000044], [117.60949117500002, 1.239951589000043], [117.609429223, 1.239880360000029], [117.60936963800009, 1.239820415000054], [117.60919367300005, 1.239723058000038], [117.6091599020001, 1.239706073000036], [117.60890891100007, 1.239619193000067], [117.60883555500004, 1.239548656000068], [117.6089426850001, 1.241490420000048], [117.60896729800004, 1.241490568000074], [117.60897711500002, 1.241556024000033], [117.60903594000001, 1.241969794000056], [117.6090355770001, 1.241976816000033], [117.60903708100011, 1.241976515000033], [117.60904789000006, 1.24197878800004], [117.60906855000007, 1.241987880000067], [117.60912582800006, 1.241987866000045], [117.60937750100004, 1.241987808000033], [117.60938423900006, 1.241988667000044], [117.60966289400005, 1.242060977000051], [117.60976979600002, 1.242145730000061], [117.60986498700004, 1.242193608000036], [117.61001013100008, 1.242144875000065], [117.61001152400002, 1.242143472000066], [117.61009072400009, 1.242045623000024], [117.6101502140001, 1.241848721000054], [117.61014149800008, 1.241708874000039], [117.61014162600009, 1.241708097000071], [117.61014144500007, 1.241707181000038], [117.61014155500004, 1.241704724000044], [117.6101524610001, 1.241597278000029], [117.61044564100007, 1.241374446000066], [117.61057482300009, 1.241363380000053], [117.610756261, 1.241377034000038], [117.61075751100009, 1.241374750000034], [117.61086200600005, 1.24122568000007], [117.61093272300002, 1.24086045100006], [117.61093427500009, 1.240855263000071], [117.61093447600001, 1.240854960000036], [117.61093454700006, 1.240854626000043], [117.6110382600001, 1.240619607000042]]], [[[117.61172799100007, 1.246952006000072], [117.61185952900007, 1.246860940000033], [117.61194401400007, 1.246767360000035], [117.61197364500003, 1.246692752000058], [117.6119700700001, 1.24668556000006], [117.61196986800007, 1.246684702000039], [117.61196927500009, 1.246683809000046], [117.61196726700007, 1.24667501700003], [117.61194926100006, 1.246368135000068], [117.61193213800004, 1.246213359000024], [117.61183271400012, 1.246079996000049], [117.6117039930001, 1.246019572000023], [117.61170351100009, 1.246019233000027], [117.6117009190001, 1.246017876000053], [117.61160203200006, 1.245954572000073], [117.61159744100007, 1.245950867000033], [117.61157763900007, 1.245930945000055], [117.61157179200006, 1.24592214200004], [117.61157167600004, 1.245921560000056], [117.6115713910001, 1.24592111100003], [117.61156340900004, 1.245906317000049], [117.61155961600002, 1.245908870000051], [117.61154789400007, 1.245910902000048], [117.6114918620001, 1.245907976000069], [117.61149130600006, 1.245907850000037], [117.61148883200008, 1.245907644000056], [117.61130902800005, 1.245877525000026], [117.61098805800009, 1.245886574000053], [117.61098769700004, 1.245886507000023], [117.61098730900005, 1.245886585000051], [117.61098221700001, 1.245886097000039], [117.61074851, 1.245840918000056], [117.61074328200004, 1.245839342000068], [117.61074325800007, 1.245839326000066], [117.61074323000003, 1.245839320000073], [117.6105274890001, 1.245748903000049], [117.61051879200011, 1.245743043000061], [117.61051348800004, 1.245735472000035], [117.61043255300001, 1.245563602000061], [117.61043241400012, 1.245562978000066], [117.61043201000007, 1.245562370000073], [117.61042995500009, 1.24555198500002], [117.610432005, 1.245541598000045], [117.61043637000012, 1.245534406000047], [117.61058913000011, 1.245353435000027], [117.61059060900004, 1.245351821000042], [117.61059138000007, 1.245351302000074], [117.61059183500004, 1.245350661000032], [117.61073369600001, 1.245224617000076], [117.61071126800005, 1.245066855000061], [117.61050133000003, 1.245010019000063], [117.6103192380001, 1.245053701000074], [117.6103129920001, 1.245054440000047], [117.6100533660001, 1.245054501000027], [117.60993755200002, 1.245063495000068], [117.60993662500005, 1.245063346000052], [117.60993548400006, 1.245063575000074], [117.60993333300007, 1.245063489000074], [117.6097086210001, 1.245045448000042], [117.6097004510001, 1.245043470000041], [117.6096955800001, 1.245040821000032], [117.60949780500005, 1.244905166000024], [117.60949585000003, 1.244903536000038], [117.60949518100006, 1.244903117000035], [117.60928026700003, 1.244712852000021], [117.60905695800011, 1.244754528000044], [117.60898937900004, 1.244807628000046], [117.60898311100004, 1.244811306000031], [117.60897279200003, 1.244813375000035], [117.60897065000006, 1.244812946000025], [117.60897182700012, 1.245085427000049], [117.60898171200006, 1.245083446000024], [117.60899245700011, 1.245085691000043], [117.60919040500005, 1.24517219400002], [117.60919872900001, 1.245177894000051], [117.60920094700009, 1.245180422000033], [117.60930067600009, 1.245309416000055], [117.60930430500002, 1.24531569200002], [117.60930437600007, 1.245316049000053], [117.60930456000006, 1.245316335000041], [117.60939449800003, 1.245551530000057], [117.60939454000004, 1.245551757000044], [117.60939532500004, 1.245554055000071], [117.609467171, 1.245815953000033], [117.60955698500004, 1.246104992000028], [117.60955821400012, 1.246113087000026], [117.6095577960001, 1.246117858000048], [117.60951291200001, 1.246371177000071], [117.60951263000004, 1.246372149000024], [117.6095125270001, 1.246372989000065], [117.60950375000004, 1.246408363000057], [117.60946065900009, 1.246642866000059], [117.6095776630001, 1.246878259000027], [117.6098191530001, 1.246965002000024], [117.6098196910001, 1.246965344000046], [117.60982040300007, 1.246965487000068], [117.60982915300008, 1.246971368000061], [117.60983443300006, 1.246978889000047], [117.60992159200009, 1.247163003000026], [117.61010655100006, 1.247306785000035], [117.61033791600005, 1.247298107000063], [117.61057006200008, 1.247262104000072], [117.61057416200003, 1.24726178800006], [117.61057521500004, 1.247261998000056], [117.61057608300007, 1.247261856000023], [117.6108234720001, 1.247279584000069], [117.61085525200008, 1.247271579000028], [117.61085792100005, 1.247271248000061], [117.61085945600007, 1.247270870000023], [117.61106349700003, 1.24725296400004], [117.61136213100008, 1.247164484000052], [117.61161006200007, 1.246986152000034], [117.61161074400002, 1.246985771000027], [117.61161136800001, 1.246985269000049], [117.61165586200002, 1.246957058000021], [117.61165991000007, 1.246954950000031], [117.61166066100009, 1.246954799000036], [117.61166122300006, 1.24695444200006], [117.61169723900002, 1.246941589000073], [117.61170624400006, 1.24694002800004], [117.61171656300007, 1.24694209200004], [117.61172531300008, 1.246947973000033], [117.61172799100007, 1.246952006000072]]], [[[117.60897204500009, 1.245135947000051], [117.60897384300006, 1.245552324000073], [117.60897403800004, 1.246402719000059], [117.608912755, 1.247361566000052], [117.60890150300008, 1.247379696000053], [117.60870565900007, 1.24741599400005], [117.60857960400006, 1.247463606000053], [117.60865166700012, 1.24757461300004], [117.60891736300005, 1.247819259000039], [117.60949820200005, 1.247968667000066], [117.60996649300012, 1.248163418000047], [117.61060583400001, 1.248185926000076], [117.61102004400004, 1.248151842000027], [117.61181013700002, 1.24784124200005], [117.61187766600005, 1.247809505000021], [117.6118186010001, 1.247773188000053], [117.6118172680001, 1.247772132000023], [117.611816094, 1.247771445000069], [117.6116542740001, 1.247644829000023], [117.61165176200006, 1.247642597000038], [117.61164591400006, 1.247633793000034], [117.61164390600004, 1.247625001000074], [117.61163488200009, 1.247471209000025], [117.61163500500004, 1.247470473000021], [117.61163483500002, 1.247469615000057], [117.61163498300004, 1.247466774000031], [117.6116529200001, 1.247294881000073], [117.61165336200008, 1.24729312900007], [117.61165365900001, 1.247290815000042], [117.61169796200011, 1.247121208000067], [117.61170663700011, 1.247016132000056], [117.61170663300004, 1.246995828000024], [117.61168207100002, 1.247004593000042], [117.61164077900003, 1.247030774000052], [117.611389787, 1.247211308000033], [117.61138443300001, 1.247214299000063], [117.61138172300002, 1.247215262000054], [117.61107614000002, 1.247305801000039], [117.61107320800011, 1.247306227000024], [117.61107086800007, 1.247306803000072], [117.61086627000009, 1.247324758000047], [117.61083239300001, 1.247333291000075], [117.61082585300005, 1.247334103000071], [117.61082480000005, 1.247333892000029], [117.61082393200002, 1.247334034000062], [117.61057527800006, 1.247316216000058], [117.61034458600011, 1.247351993000052], [117.61034189200006, 1.247352201000069], [117.61034148400006, 1.247352291000027], [117.61009880100005, 1.247361394000052], [117.61009832500008, 1.247361308000052], [117.61009780300003, 1.247361413000021], [117.61008748300003, 1.247359350000067], [117.61008131400001, 1.247355752000033], [117.60988353500011, 1.24720200400003], [117.60988095500011, 1.247199720000026], [117.60987567400002, 1.24719219800005], [117.60979053800008, 1.247012357000074], [117.60954933200003, 1.246925716000021], [117.60954879500002, 1.246925374000057], [117.60954808200006, 1.246925231000034], [117.60953933300004, 1.246919350000042], [117.60953428000005, 1.246912297000051], [117.60940838500005, 1.246659018000059], [117.60940818300003, 1.246658159000049], [117.60940759000005, 1.246657266000057], [117.60940553500006, 1.246646881000061], [117.60940598500008, 1.246641939000028], [117.60945087000005, 1.246397666000064], [117.6094511330001, 1.246396772000026], [117.60945122400005, 1.246396025000024], [117.6094599810001, 1.246360735000053], [117.60950354600004, 1.246114861000024], [117.60941556400007, 1.245831719000023], [117.6094155290001, 1.245831491000047], [117.60941530700006, 1.245830841000043], [117.60934369200004, 1.245569785000043], [117.60925566300011, 1.245339581000053], [117.60916261300008, 1.245219225000028], [117.60897204500009, 1.245135947000051]]]]}},
{"type": "Feature", "properties": {"ba_code": "4523", "blockid": "4523L33P10", "division": "02"}, "geometry": {"type": "MultiPolygon", "coordinates": [[[[117.63382770100009, 1.247328629000037], [117.63374714400004, 1.24873993600005], [117.63365781400012, 1.251046869000049], [117.63358610300008, 1.251861091000023], [117.63357714900008, 1.252005841000027], [117.63351429000011, 1.252250117000074], [117.63354131100004, 1.252485325000066], [117.63360447700006, 1.25351663500004], [117.633649536, 1.254005147000044], [117.63379365000003, 1.255253558000049], [117.63385549800012, 1.256270847000053], [117.63387782100006, 1.256427848000044], [117.63483978700003, 1.256446304000065], [117.6353523360001, 1.256438702000025], [117.63657056900001, 1.256427189000021], [117.63658883800008, 1.255178608000051], [117.63655158900008, 1.254733764000036], [117.63657978200001, 1.254212506000044], [117.63659601600011, 1.25414310900004], [117.63664031500002, 1.253021622000063], [117.63662541700012, 1.252853404000064], [117.63660674300002, 1.252423509000039], [117.63657856300006, 1.249155396000049], [117.63656015100003, 1.247346058000062], [117.63491528600002, 1.247328365000044], [117.63382770100009, 1.247328629000037]]]]}},
{"type": "Feature", "properties": {"ba_code": "4523", "blockid": "4523N13P10", "division": "04"}, "geometry": {"type": "MultiPolygon", "coordinates": [[[[117.57976194500009, 1.229862315000048], [117.57977079000011, 1.229843611000035], [117.57981534400005, 1.229843601000027], [117.57983849800007, 1.229828058000066], [117.57989638900006, 1.229816391000043], [117.58002375500007, 1.229816363000054], [117.5801472600001, 1.229816336000056], [117.58022831100004, 1.229816318000076], [117.58027462300004, 1.22980465400002], [117.5803633920001, 1.229800750000038], [117.58044058000007, 1.229785195000034], [117.58048303500004, 1.229785185000026], [117.58053706900012, 1.229785173000039], [117.58061040000007, 1.229785157000038], [117.58073389900005, 1.229750168000066], [117.58075319300008, 1.229734626000038], [117.58070314600002, 1.229004140000029], [117.58085126800006, 1.228280570000038], [117.58084715500001, 1.22819619400002], [117.58077453700002, 1.228114772000026], [117.58050053000011, 1.22792094700003], [117.5803650260001, 1.227856601000042], [117.58031834100007, 1.227849408000054], [117.58023367700002, 1.227816164000046], [117.58011290500008, 1.227729852000039], [117.58011030700004, 1.227724952000074], [117.58002127500004, 1.227659810000034], [117.57962569000006, 1.227371894000044], [117.57962352100003, 1.227370034000046], [117.5796414890001, 1.227340190000064], [117.57967043400004, 1.227337474000024], [117.58005290400001, 1.22761584400007], [117.58005293500003, 1.227615871000069], [117.58005295900011, 1.227615884000045], [117.58011121000004, 1.227658505000022], [117.58024721800007, 1.227749697000036], [117.58053151400009, 1.22788199300004], [117.58072804200003, 1.228026380000074], [117.5807988360001, 1.22807692400005], [117.5808022970001, 1.22807986600003], [117.58084982200012, 1.228127679000067], [117.58086158100002, 1.228103418000046], [117.58103890400002, 1.226356904000056], [117.58041064400004, 1.226719975000037], [117.58019570700003, 1.226864266000064], [117.5801939810001, 1.226865194000027], [117.58019326200008, 1.226865726000028], [117.580004529, 1.226965282000037], [117.580002336, 1.226966315000027], [117.57999953500007, 1.226967305000073], [117.57972447000009, 1.227047747000029], [117.57958013700011, 1.22713796000005], [117.57954871600009, 1.227093704000026], [117.57969916600007, 1.226999668000076], [117.57970306600009, 1.226997653000069], [117.57970586700003, 1.226996662000033], [117.57977353600006, 1.226976873000069], [117.57979459800003, 1.226846457000022], [117.5797952690001, 1.226844082000071], [117.5797954740001, 1.226842722000072], [117.57984007900006, 1.22669895000007], [117.57989372800012, 1.226464728000053], [117.57989381900006, 1.226464442000065], [117.57989384200005, 1.22646424800007], [117.57992062800008, 1.22635630700006], [117.57996539600003, 1.226130760000046], [117.57996692400002, 1.226125696000054], [117.57996792900008, 1.226123528000073], [117.58007574400006, 1.225915428000064], [117.58007582800008, 1.22591531300003], [117.58007602300006, 1.225914903000046], [117.58017388100006, 1.225735730000054], [117.5802989440001, 1.225393836000023], [117.580299222, 1.225393399000041], [117.58029933400007, 1.225392833000058], [117.58030495900005, 1.225384248000069], [117.58069137200005, 1.224986105000028], [117.58069150100005, 1.224986017000049], [117.58069159000001, 1.224985883000045], [117.58072680300006, 1.224950425000031], [117.58078304900005, 1.224884348000046], [117.58084090800003, 1.224843818000068], [117.5809566580001, 1.22467675300004], [117.58098751500006, 1.224587399000029], [117.58104539600004, 1.224529116000042], [117.58108011800005, 1.224463069000024], [117.58110712900009, 1.224435871000026], [117.58113027600007, 1.224389250000058], [117.5811379920001, 1.22437370900002], [117.58112255100002, 1.224362059000043], [117.58105693000005, 1.22432322700007], [117.58085621600003, 1.224237808000055], [117.580798318, 1.224218397000072], [117.5807603940001, 1.224207996000075], [117.58076276800011, 1.224203215000045], [117.58074782000006, 1.224198793000028], [117.58074616600004, 1.22419820600004], [117.58074596100005, 1.224198168000044], [117.58067424700005, 1.224171119000061], [117.58054860100003, 1.224125984000068], [117.58054765500003, 1.224125382000068], [117.58054651200007, 1.22412513300003], [117.58049803000006, 1.224102965000043], [117.58048955900006, 1.224214580000023], [117.58048328600012, 1.22427463300005], [117.58048254100004, 1.224276208000049], [117.58047635100002, 1.22428771500006], [117.58048234000012, 1.224283695000054], [117.58048185000007, 1.224288390000027], [117.58044326900006, 1.224354438000034], [117.58044087200005, 1.224358729000073], [117.58044087100006, 1.224353759000053], [117.58044094000002, 1.224353549000057], [117.58040273100005, 1.224424585000065], [117.58036610400006, 1.22447487900007], [117.58031593800001, 1.224513736000063], [117.5802716720001, 1.224543453000024], [117.58026656700008, 1.224545852000062], [117.58021174100008, 1.224564260000022], [117.58018201900006, 1.224567590000049], [117.58014238500004, 1.224561900000026], [117.58011792400009, 1.22456190500003], [117.58010367300005, 1.22456039900004], [117.5800496390001, 1.224560410000038], [117.57999560500002, 1.224556538000058], [117.5799415680001, 1.224541011000042], [117.57989524900006, 1.224521597000034], [117.57986437300008, 1.22452548900003], [117.57981420400006, 1.224548808000065], [117.57976403300006, 1.22456435700002], [117.57969070400009, 1.224572143000046], [117.57960965400002, 1.224576045000049], [117.57955176200005, 1.22458382700006], [117.57947071700005, 1.224607152000033], [117.57943793100003, 1.22462572400002], [117.57916573000011, 1.224732026000027], [117.57899532300007, 1.22480428700004], [117.5789952450001, 1.224804302000052], [117.57899517800001, 1.224804348000021], [117.57898941600001, 1.224806025000021], [117.57867483600012, 1.224860374000059], [117.5786702800001, 1.224860765000074], [117.57866646700006, 1.224860493000051], [117.57860354600007, 1.224851460000025], [117.57860223000012, 1.224851097000055], [117.57860082000002, 1.22485092300002], [117.57856556400009, 1.224842060000071], [117.57843982300005, 1.224817548000033], [117.57844513400005, 1.224846912000032], [117.5784455700001, 1.224851767000075], [117.57844540600001, 1.22485259900003], [117.57844552600011, 1.224853315000075], [117.57845480500009, 1.225143457000058], [117.5784596520001, 1.225245428000051], [117.57848379000006, 1.225323116000027], [117.57852240800003, 1.225425080000036], [117.57860444800008, 1.225541602000021], [117.57864788800009, 1.225633853000033], [117.57867202600005, 1.225706685000034], [117.57870582100009, 1.225818362000041], [117.57872513600012, 1.225900907000039], [117.57873963700001, 1.226027155000054], [117.57879273300011, 1.22615339500004], [117.57883424800002, 1.226269926000043], [117.5789114700001, 1.226413642000068], [117.57898096300005, 1.226510743000063], [117.57903887400005, 1.226596193000034], [117.57916241700002, 1.226767092000046], [117.57924349100006, 1.226875844000062], [117.57934386800002, 1.227011786000048], [117.57943652400002, 1.227136075000033], [117.57943653100006, 1.22716715200005], [117.57942495600003, 1.227182693000032], [117.579390235, 1.227252625000062], [117.57933622700011, 1.227373061000037], [117.57930151300002, 1.227474070000028], [117.57925521700008, 1.227559542000051], [117.579197356, 1.227711057000022], [117.57905847800009, 1.228017975000057], [117.57904304500005, 1.228041287000053], [117.57904305200009, 1.228076249000026], [117.5790392130001, 1.228169481000066], [117.57901222600003, 1.228309335000063], [117.57900454000003, 1.228464723000059], [117.57896983100011, 1.228589040000031], [117.5789505460001, 1.228647314000057], [117.57893604100002, 1.22869406600006], [117.578932312, 1.228693726000074], [117.57883310900002, 1.228963496000063], [117.57878468400008, 1.229105741000069], [117.57890789600003, 1.229100654000035], [117.57891475800011, 1.229101546000038], [117.57897620000006, 1.229117805000044], [117.57901514900004, 1.229128113000058], [117.57902860500008, 1.22913167400003], [117.57903206200001, 1.229132845000038], [117.57903295000006, 1.229133442000034], [117.57903380300002, 1.229133644000058], [117.57904913300001, 1.229141355000024], [117.57915412800003, 1.229167750000045], [117.579154388, 1.229167837000034], [117.57915453500004, 1.229167856000061], [117.579287496, 1.229203512000026], [117.57943399100009, 1.229220826000073], [117.57957903300007, 1.229190060000064], [117.57957902400005, 1.22914875400005], [117.579579093, 1.229148404000057], [117.57957903200008, 1.229148075000069], [117.57958790400005, 1.228787772000032], [117.57956101600007, 1.228490798000053], [117.57956090500011, 1.228488341000059], [117.57956088500009, 1.228397873000063], [117.57956101400009, 1.228397220000033], [117.57956091300002, 1.228396640000028], [117.5795697750001, 1.228199456000027], [117.57956093200005, 1.228101785000035], [117.57956082100009, 1.228099328000042], [117.57956080300005, 1.228017907000037], [117.57956107400003, 1.228014069000039], [117.57956895300003, 1.227958467000065], [117.57950016300003, 1.227802773000064], [117.5795000920001, 1.227802439000072], [117.57949989100007, 1.227802136000037], [117.57949843600011, 1.227797437000049], [117.5794714650001, 1.227670888000034], [117.57945357000006, 1.227589920000071], [117.57943566400002, 1.227517895000062], [117.57943541000009, 1.227515825000069], [117.57943502300009, 1.227514310000061], [117.57943347300011, 1.227500298000052], [117.57945500800008, 1.227440008000031], [117.57947518700007, 1.227446839000038], [117.57948181000006, 1.227446717000021], [117.57948842100006, 1.227506490000053], [117.5795059730001, 1.227577090000068], [117.57950600900006, 1.227577377000046], [117.57950613700007, 1.227577784000061], [117.57952413100008, 1.227659202000041], [117.57952414100009, 1.227659295000024], [117.57952417400008, 1.227659403000075], [117.57955057900006, 1.227783294000062], [117.57962138200003, 1.227943543000038], [117.57962145200008, 1.22794387700003], [117.57962165300012, 1.227944180000065], [117.5796237080001, 1.227954565000061], [117.57962343800011, 1.227958404000049], [117.57961473400007, 1.228019824000057], [117.579614751, 1.228098085000056], [117.57962364900004, 1.22819637200007], [117.57962376100011, 1.228198829000064], [117.57962363200011, 1.228199482000036], [117.57962373300006, 1.228200062000042], [117.57961481500001, 1.228398477000042], [117.57961483500003, 1.228487098000073], [117.57964175300003, 1.228784411000049], [117.57964186400011, 1.228786868000043], [117.57964179500004, 1.228787217000047], [117.57964185600008, 1.228787546000035], [117.57963295400009, 1.22914908100006], [117.57963296700007, 1.229212069000027], [117.57963091700003, 1.229222456000059], [117.57962507400009, 1.229231262000042], [117.57961632700005, 1.229237148000038], [117.57961156300007, 1.229238632000033], [117.57944079300012, 1.229274857000064], [117.57943523800009, 1.229275440000038], [117.5794320870001, 1.229275255000061], [117.57927928100003, 1.229257195000059], [117.57927752, 1.229256733000057], [117.57927548400005, 1.229256465000049], [117.5791408550001, 1.229220362000035], [117.5790331930001, 1.229193296000062], [117.57902941400005, 1.229192042000022], [117.57902852600012, 1.229191445000026], [117.57902767300004, 1.229191243000059], [117.57901219200005, 1.229183456000044], [117.57895518300006, 1.229168369000035], [117.57881557300004, 1.229167888000063], [117.57911668600002, 1.22937896600007], [117.57911979200003, 1.229381419000049], [117.57912083100007, 1.229382082000029], [117.57931861300005, 1.229562975000022], [117.57931936200009, 1.229564047000054], [117.57932042700008, 1.229564800000048], [117.57941033200007, 1.229664295000021], [117.57941062700002, 1.229664763000073], [117.57941232300004, 1.229666777000034], [117.57945721100009, 1.22973], [117.57952907100002, 1.229829405000032], [117.57953199300005, 1.229834650000043], [117.5795321170001, 1.229834836000066], [117.579597884, 1.22999195400007], [117.57962144500004, 1.229963625000039], [117.57962305, 1.22996185900007], [117.57962653100003, 1.229958902000021], [117.57976194500009, 1.229862315000048]]], [[[117.579791795, 1.221623830000055], [117.57980211400002, 1.221621762000041], [117.57981243300003, 1.221623826000041], [117.57981332100007, 1.221624422000048], [117.57981417400003, 1.221624625000061], [117.580173091, 1.221805154000037], [117.58064741100009, 1.222012208000024], [117.58103243700009, 1.222129277000022], [117.58103365700003, 1.22212971600004], [117.58103384900005, 1.222129749000032], [117.58123160700006, 1.222202081000034], [117.58123208600011, 1.222202387000038], [117.5812327110001, 1.222202512000024], [117.581240836, 1.222207785000023], [117.581358883, 1.222319126000059], [117.58135483500007, 1.222022190000075], [117.58134774500002, 1.222016014000076], [117.58135747000006, 1.221976826000059], [117.58136131600008, 1.221910786000024], [117.58138059700002, 1.221836973000052], [117.5814403810001, 1.221651468000061], [117.5815271670001, 1.221403802000054], [117.581599503, 1.22126296700003], [117.58163806900006, 1.22112699500002], [117.58168147200001, 1.221044437000046], [117.58173934500007, 1.220952164000039], [117.58162834100006, 1.220757955000067], [117.58151252700009, 1.220626873000072], [117.58140153600004, 1.220490934000054], [117.58136148400001, 1.220378009000058], [117.58120199700011, 1.22045831500003], [117.58100401700005, 1.220574613000053], [117.58034956600011, 1.220879231000026], [117.58004119800012, 1.221195324000064], [117.5796649560001, 1.221491611000033], [117.57902339600003, 1.221909352000068], [117.57887386000004, 1.222011357000042], [117.578516895, 1.222210523000058], [117.57793805300003, 1.222633105000057], [117.57798659900004, 1.222787311000047], [117.57801154100002, 1.222864359000027], [117.57809614200005, 1.223125702000061], [117.57814479400008, 1.223211478000053], [117.578374789, 1.223495685000046], [117.57839665300003, 1.223393549000036], [117.57839806700008, 1.223388988000067], [117.5783980760001, 1.223388940000063], [117.57849217900002, 1.223158719000025], [117.57849278700007, 1.223157800000024], [117.57849299500003, 1.223156913000025], [117.578519948, 1.22310262600007], [117.5785223790001, 1.223099231000049], [117.57852402200001, 1.223096607000059], [117.57868577300007, 1.222915636000039], [117.57868632000009, 1.222915246000071], [117.5786867490001, 1.222914600000024], [117.57878288800009, 1.222817794000036], [117.57887919500001, 1.222641461000023], [117.57895025900007, 1.222471484000039], [117.57902189300012, 1.222273073000054], [117.57902219800008, 1.222272592000024], [117.57902232200001, 1.222271962000036], [117.57902411200007, 1.222268384000074], [117.57907802200009, 1.222177905000024], [117.57908129000009, 1.222173690000034], [117.57908169100006, 1.222173072000032], [117.57929736200003, 1.221946855000056], [117.57929758800003, 1.221946700000046], [117.57929774700006, 1.221946459000037], [117.57930049800007, 1.221944042000075], [117.57952516900002, 1.221772103000035], [117.57952704000002, 1.221771021000052], [117.57952845800003, 1.221769947000041], [117.5797890880001, 1.22162514200005], [117.579791795, 1.221623830000055]]], [[[117.57980042800011, 1.223655158000042], [117.57982224300008, 1.223611221000056], [117.5798934070001, 1.22336032000004], [117.57989442200005, 1.223357389000057], [117.57989451600008, 1.223357247000024], [117.57989455000006, 1.223357085000032], [117.57994845200005, 1.223230418000071], [117.57994895500008, 1.223229670000023], [117.57994911800006, 1.223228971000026], [117.57995810300008, 1.223210875000063], [117.579960174, 1.223207982000019], [117.57996192700011, 1.223205140000061], [117.58008773200004, 1.223060364000048], [117.58008910600006, 1.223059371000033], [117.58009011000001, 1.223057950000054], [117.58017098900007, 1.222985558000062], [117.58017110900005, 1.222985483000059], [117.5801716410001, 1.222984993000068], [117.58022462200006, 1.222940536000067], [117.58025071600002, 1.222914260000039], [117.58025970300002, 1.222905212000057], [117.5802623290001, 1.222902890000057], [117.58036364400004, 1.222824413000069], [117.58038118600007, 1.222816125000065], [117.58039661900011, 1.222792814000059], [117.5804660760001, 1.222726760000057], [117.58058570100002, 1.22262573200004], [117.58062589600002, 1.222574218000034], [117.58100224000009, 1.222280828000066], [117.58100249100005, 1.222280682000076], [117.58100289900005, 1.222280331000036], [117.58109781400003, 1.222210899000061], [117.58101612900009, 1.222181022000029], [117.58063031800009, 1.222063714000058], [117.58062780300008, 1.222062810000068], [117.58062760700011, 1.222062679000032], [117.58062738700005, 1.222062633000064], [117.58015096200006, 1.22185466000002], [117.58015027500005, 1.221854190000045], [117.58014963700009, 1.22185403800006], [117.57980274300007, 1.221679557000073], [117.57955624400006, 1.221816512000032], [117.57933481600003, 1.221985967000023], [117.5791227090001, 1.222208446000025], [117.57907169500004, 1.222294064000039], [117.57900071600011, 1.222490658000027], [117.57900036900003, 1.222491207000076], [117.57900022700005, 1.222491915000035], [117.57892835700011, 1.222663820000037], [117.5789283260001, 1.222663867000051], [117.5789271330001, 1.222666368000034], [117.57882830000005, 1.222847325000032], [117.57882374200005, 1.222853438000072], [117.57872539300001, 1.222952469000063], [117.57856655800003, 1.223130178000019], [117.57854167800008, 1.223180289000027], [117.57844886600003, 1.223407351000048], [117.57842040700007, 1.223540295000021], [117.57841896200011, 1.223544960000027], [117.57841311800007, 1.223553766000066], [117.57840437100003, 1.223559651000073], [117.57840303000012, 1.223559920000071], [117.57840822500009, 1.223577485000021], [117.57840934500007, 1.223585222000054], [117.57840811900007, 1.223593317000052], [117.57839581300004, 1.223632984000062], [117.57839724200005, 1.223632697000028], [117.57840184100007, 1.223633094000036], [117.57843974800005, 1.223639689000038], [117.57854642300003, 1.223648613000023], [117.57897675200002, 1.223684613000046], [117.57915539700002, 1.22368457500005], [117.57974226100009, 1.223684447000039], [117.57980042800011, 1.223655158000042]]], [[[117.58053846200005, 1.223110501000065], [117.58020317800003, 1.223029386000064], [117.5801272120001, 1.223097381000059], [117.58000479800012, 1.223238255000069], [117.57999771400011, 1.223252522000053], [117.57994479600006, 1.223376875000042], [117.57987341300009, 1.223628547000033], [117.57987239900001, 1.223631477000026], [117.57987180600003, 1.223632370000075], [117.57987160500011, 1.223633229000029], [117.57984465200002, 1.223687515000051], [117.57984441500003, 1.223687846000075], [117.58002394400012, 1.223851085000035], [117.58028000400009, 1.223957666000047], [117.58039644000007, 1.224002711000026], [117.580468246, 1.224029796000025], [117.58046902800004, 1.224030302000074], [117.5804699360001, 1.224030500000026], [117.58056779100002, 1.224075243000073], [117.58069257500006, 1.224120068000047], [117.58069273800004, 1.224120172000028], [117.58069297300005, 1.224120215000028], [117.58076396700005, 1.224146993000033], [117.58079114600002, 1.224155032000056], [117.58079137300001, 1.224154652000038], [117.58080934500003, 1.22413655500003], [117.58081521800011, 1.224131381000063], [117.58088803400005, 1.223851769000021], [117.58084521900003, 1.223765628000024], [117.58079128500003, 1.223747546000027], [117.58072835700011, 1.223702326000023], [117.58067441600008, 1.223648057000048], [117.58070136700007, 1.223584723000045], [117.58073712800001, 1.223542167000062], [117.58053846200005, 1.223110501000065]]], [[[117.58128846000011, 1.224121174000061], [117.58130387500012, 1.224012400000049], [117.5813231410001, 1.223864779000053], [117.5813183570001, 1.223847943000067], [117.58132688700005, 1.223727390000022], [117.58133808100001, 1.223288048000029], [117.58133752200001, 1.223288160000038], [117.58132720300011, 1.223286096000038], [117.58131927300008, 1.223281006000036], [117.5812600060001, 1.223226201000045], [117.58113610700002, 1.22314607200002], [117.58113594000008, 1.223145936000037], [117.58113573100002, 1.223145824000028], [117.5811087620001, 1.223127736000038], [117.58110833100011, 1.223127380000051], [117.581107932, 1.223127156000032], [117.58096060700007, 1.223020111000039], [117.58094471900006, 1.222998582000059], [117.58092541500002, 1.222971393000023], [117.58097908600007, 1.222966592000034], [117.5811390880001, 1.223082847000057], [117.58116544900008, 1.223100528000032], [117.58129111400001, 1.223181799000031], [117.58129403400005, 1.223184167000056], [117.58129478100011, 1.22318464600005], [117.58133965800005, 1.223226144000023], [117.58134092500006, 1.223176405000061], [117.58135906500002, 1.222563645000037], [117.58136146000004, 1.222508135000055], [117.58135972500008, 1.222380907000058], [117.58135680200007, 1.222381493000057], [117.58134648200007, 1.222379429000057], [117.58133835800004, 1.222374157000047], [117.58120799300002, 1.222251197000048], [117.58115896800007, 1.222233266000046], [117.58103493800002, 1.222323996000057], [117.58071259100007, 1.222575292000045], [117.5807127380001, 1.222575973000062], [117.58071623700005, 1.222669513000028], [117.58074679300012, 1.222747257000037], [117.5807980300001, 1.222795636000058], [117.58076327800006, 1.222804388000043], [117.5807092340001, 1.222753899000054], [117.58067729000004, 1.222717981000073], [117.58066439000004, 1.222685161000072], [117.58066387500003, 1.222682441000075], [117.58066251900004, 1.222676198000045], [117.58066027000007, 1.222616080000023], [117.58062027100004, 1.222647263000056], [117.58062027100004, 1.222649922000073], [117.58061658100007, 1.222645149000073], [117.58058956900004, 1.222664578000035], [117.58054712400008, 1.222715088000029], [117.58049696100011, 1.22276559900007], [117.58046223300005, 1.222800569000071], [117.58042750400011, 1.222835538000027], [117.580422042, 1.222846539000045], [117.58042058100011, 1.222843966000028], [117.5804205170001, 1.222844286000054], [117.58041467400005, 1.222853092000037], [117.58041204800008, 1.222855414000037], [117.58029660700004, 1.222944832000053], [117.580288859, 1.222952634000023], [117.5802619000001, 1.222979781000049], [117.58026009600007, 1.222981440000069], [117.58025464700006, 1.222986011000046], [117.58056374900002, 1.223060792000069], [117.58056776100011, 1.223062104000064], [117.58057651000001, 1.223067985000057], [117.58058191400005, 1.223075773000062], [117.5807635110001, 1.223470349000024], [117.58077114800005, 1.223503625000035], [117.58077887700006, 1.223550240000066], [117.58076730700009, 1.223592973000052], [117.58075573700012, 1.223631823000062], [117.58075574300005, 1.223659015000067], [117.5807943420001, 1.223678430000064], [117.58084838600007, 1.22372503400004], [117.58086768600003, 1.223732799000061], [117.5808869870001, 1.223752218000072], [117.58091015700006, 1.223810483000022], [117.58093333400006, 1.223899825000046], [117.58093333700003, 1.223914429000047], [117.58092856200005, 1.223910226000044], [117.58088685400003, 1.224070384000072], [117.58089621700003, 1.224065669000026], [117.5808793440001, 1.224105724000026], [117.58086005300004, 1.224132921000034], [117.58086006300005, 1.224179537000055], [117.58086006600001, 1.224195076000058], [117.58089094200011, 1.224195069000075], [117.58097585900009, 1.224226128000055], [117.58102604200008, 1.224264963000053], [117.58108393900011, 1.224284374000035], [117.58111482000004, 1.224307675000034], [117.58123448600008, 1.224396996000053], [117.58125377800002, 1.224373684000057], [117.58125377200008, 1.22434260700004], [117.58126148200006, 1.224303759000065], [117.5812614680001, 1.22423771900003], [117.58128846000011, 1.224121174000061]]], [[[117.57866988800004, 1.224806154000021], [117.5789772390001, 1.224753054000075], [117.57914514700008, 1.22468185200006], [117.57914554100012, 1.224681772000054], [117.579145863, 1.224681561000068], [117.5795862540001, 1.224509576000059], [117.57959600200002, 1.224507738000057], [117.57963195500008, 1.224507730000028], [117.57965891800006, 1.224498678000032], [117.5797847550001, 1.224498650000044], [117.5798926010001, 1.224435299000049], [117.57991058100004, 1.224453389000075], [117.57995553100011, 1.224489566000045], [117.57996677000006, 1.22450765800005], [117.58014428900003, 1.224507619000065], [117.58014810300006, 1.22450789100003], [117.58020307900006, 1.224515783000072], [117.5803225520001, 1.224459635000073], [117.58043237900006, 1.224255453000069], [117.58044574000007, 1.224079274000076], [117.58037740800012, 1.224053500000025], [117.58037731900004, 1.22405344200007], [117.58037719700008, 1.224053419000029], [117.580260339, 1.224008210000022], [117.58026005900001, 1.224008027000025], [117.58025970800009, 1.224007957000026], [117.57999901900007, 1.223899450000033], [117.57999125200001, 1.223894511000026], [117.5797967850001, 1.223717687000033], [117.5797606970001, 1.223735859000044], [117.57975984400002, 1.223736061000068], [117.57975895700008, 1.223736658000064], [117.57974863800007, 1.223738726000022], [117.579155409, 1.223738855000022], [117.57897564200005, 1.223738894000064], [117.57897340300008, 1.223738801000025], [117.5785419560001, 1.223702708000076], [117.57843409400004, 1.223693684000068], [117.57843346000004, 1.223693530000048], [117.5784317340001, 1.223693381000032], [117.57839265500002, 1.223686582000028], [117.57838693400004, 1.223684914000046], [117.57838095000011, 1.223680892000061], [117.57830500900002, 1.224031504000038], [117.57830986400006, 1.224172322000072], [117.5783340270001, 1.224361695000027], [117.57842575100005, 1.224643313000058], [117.57842982900002, 1.224762290000058], [117.57843355700004, 1.224761543000056], [117.57843869100009, 1.224762038000051], [117.578576526, 1.224788907000061], [117.57857730800004, 1.224789144000056], [117.57857793300002, 1.224789221000037], [117.578612539, 1.224797921000061], [117.57866988800004, 1.224806154000021]]], [[[117.58102381800006, 1.226303288000054], [117.58103413600008, 1.226301220000039], [117.58104435000007, 1.226303263000034], [117.58112151800003, 1.225543213000037], [117.58119402300008, 1.224829090000071], [117.581234117, 1.224434196000061], [117.58123399700003, 1.224434220000035], [117.58122367800001, 1.224432156000034], [117.5812178330001, 1.224428807000038], [117.58119437500011, 1.224411135000025], [117.58106587800012, 1.224540984000043], [117.58098705900011, 1.224726203000046], [117.58098643200003, 1.224727135000023], [117.5809827490001, 1.22473317500004], [117.58076708300007, 1.224986533000049], [117.58076632400002, 1.224987088000034], [117.58076567800003, 1.224988062000023], [117.5807298420001, 1.225024146000067], [117.58034756300003, 1.225418031000061], [117.5802237900001, 1.225756396000065], [117.58022351200009, 1.225756834000038], [117.58022340100001, 1.22575740000002], [117.58022211600007, 1.225760094000066], [117.58012342600011, 1.225940790000038], [117.58001752700011, 1.226145192000047], [117.5799733880001, 1.226367574000051], [117.57997317400009, 1.226368283000056], [117.57997310700011, 1.226368834000027], [117.57994622400008, 1.226477162000037], [117.57989240000006, 1.226712150000026], [117.57989195200003, 1.226713562000043], [117.57989186400005, 1.226714143000038], [117.57984752300001, 1.226857065000047], [117.57983088200001, 1.226960102000021], [117.57998189000011, 1.226915940000026], [117.58016696700008, 1.226818313000024], [117.58038147100001, 1.226674312000057], [117.58038244000011, 1.226673791000053], [117.58038300700002, 1.22667335400007], [117.58102071500002, 1.226304824000067], [117.58102381800006, 1.226303288000054]]], [[[117.5808538550001, 1.231183582000028], [117.58081130200003, 1.230732971000066], [117.58077643900003, 1.23014639400003], [117.58076092800002, 1.229808432000027], [117.58075706400007, 1.229789010000047], [117.58069145500008, 1.229804563000073], [117.58058339100012, 1.22982012500006], [117.58047146600006, 1.229827919000059], [117.58041357500008, 1.229839586000026], [117.58021288400005, 1.22986682200002], [117.58009323800002, 1.229866848000029], [117.57998902800011, 1.229859102000034], [117.57990797700006, 1.229859120000071], [117.57988096000008, 1.229859126000065], [117.57984622900005, 1.229882441000029], [117.57979220000004, 1.229905761000055], [117.5797458940001, 1.229944618000047], [117.57974014600006, 1.229951563000043], [117.57974103900006, 1.229943756000068], [117.5796605590001, 1.230001160000029], [117.5796195470001, 1.230050472000073], [117.57970326600002, 1.230287777000058], [117.57972990500002, 1.230350302000033], [117.57973008400006, 1.230351180000071], [117.57973051400006, 1.230351864000056], [117.57977493500005, 1.230476966000026], [117.57978319900008, 1.230493592000073], [117.5797834010001, 1.230494451000027], [117.57978399400008, 1.230495344000076], [117.57978533000005, 1.230499513000041], [117.57982113000003, 1.230652503000044], [117.5798477190001, 1.23074163800004], [117.57987452300006, 1.230819522000047], [117.57987600900003, 1.230828400000064], [117.579873958, 1.230838786000049], [117.57986811500007, 1.230847593000021], [117.57985936800003, 1.230853478000029], [117.57984904900002, 1.230855546000043], [117.57983873, 1.230853482000043], [117.5798299810001, 1.23084760100005], [117.5798235640001, 1.230837289000021], [117.57979657500005, 1.230758869000056], [117.57979654300004, 1.230758678000029], [117.57979622800008, 1.230757790000041], [117.57976924400009, 1.230667327000049], [117.57976917100007, 1.230666832000054], [117.57976882300011, 1.230665745000067], [117.57973355900003, 1.230515043000025], [117.57972597500009, 1.230499786000053], [117.57972560900009, 1.230498223000041], [117.57972469900005, 1.230496777000042], [117.57968001100005, 1.230370923000066], [117.57965336100006, 1.230308373000071], [117.57965317500009, 1.230307463000031], [117.5796527330001, 1.23030675800004], [117.57955406000008, 1.230027065000058], [117.57948362800005, 1.22985880300007], [117.57941353500007, 1.229761842000073], [117.5794134890001, 1.229761759000041], [117.57941340000002, 1.229761654000072], [117.57936936700003, 1.229699636000021], [117.57928139400008, 1.229602278000073], [117.57908648500006, 1.229424014000074], [117.57877699100004, 1.229230051000059], [117.57875386, 1.22935048100004], [117.57875004200002, 1.229544715000031], [117.57871537100004, 1.229843841000047], [117.57873470900006, 1.230034186000069], [117.57870386200011, 1.230170156000042], [117.578680727, 1.230271162000065], [117.57863834200009, 1.230597483000054], [117.57859977200008, 1.23071791600006], [117.57858435300011, 1.230807266000056], [117.57857279300003, 1.23089273100004], [117.5788452270001, 1.230953502000034], [117.57909002200006, 1.231013785000073], [117.579259879, 1.231053972000041], [117.57945972200002, 1.231154489000062], [117.57985435900002, 1.231104122000033], [117.5804313320001, 1.231165586000031], [117.58044078500006, 1.231158137000023], [117.580556666, 1.23116810800002], [117.58076508300007, 1.231175832000019], [117.58083455700012, 1.231183586000043], [117.5808538550001, 1.231183582000028]]]]}},
{"type": "Feature", "properties": {"ba_code": "4523", "blockid": "4523O28P10", "division": "03"}, "geometry": {"type": "MultiPolygon", "coordinates": [[[[117.6227333170001, 1.235371513000075], [117.62273302000006, 1.234094728000059], [117.62160051100011, 1.234159517000023], [117.62144770200007, 1.234123366000063], [117.62130387500008, 1.234060072000034], [117.62119601500001, 1.234060098000043], [117.62008146100004, 1.234033219000025], [117.61998020100009, 1.234040523000033], [117.61997387400004, 1.23520932100007], [117.62001017800003, 1.236720117000061], [117.62002818400003, 1.236846768000021], [117.62160996800003, 1.236176937000039], [117.62259857700008, 1.235733414000038], [117.62276932100008, 1.235588626000037], [117.6227333170001, 1.235371513000075]]], [[[117.62247157600007, 1.23057076200007], [117.622503907, 1.230535246000045], [117.62266333500008, 1.230572963000043], [117.62267174500005, 1.230572961000064], [117.622660203, 1.230169658000023], [117.62267808100012, 1.229744457000038], [117.62267800300003, 1.229409728000064], [117.62261472300008, 1.227844657000048], [117.62250316900008, 1.227344995000067], [117.6223906240001, 1.227288390000069], [117.62221242100009, 1.227165729000035], [117.62188416100003, 1.226977034000072], [117.62169658800008, 1.226882692000061], [117.62157469600004, 1.226958229000047], [117.62142469800006, 1.227147036000076], [117.6214153730001, 1.22737356500005], [117.62143416300012, 1.227524579000033], [117.62140609100004, 1.227788867000072], [117.62124673500011, 1.228062624000074], [117.62119034000011, 1.228334131000054], [117.62125759300011, 1.228270172000066], [117.62137448400006, 1.228460126000073], [117.62208486500003, 1.229789830000072], [117.62213887000007, 1.230115500000068], [117.62215695200007, 1.23056783200002], [117.62237267800003, 1.230603968000025], [117.62247157600007, 1.23057076200007]]], [[[117.62273299900005, 1.234005857000056], [117.62273292400005, 1.233679773000063], [117.62270593400001, 1.233571219000055], [117.62249014800011, 1.233281774000034], [117.6223822610001, 1.233164192000061], [117.6224091580001, 1.232874690000074], [117.62246302300002, 1.232594229000028], [117.62240906000011, 1.232449494000036], [117.62239601300007, 1.232235832000072], [117.62224822200005, 1.232216708000067], [117.62141904400005, 1.232127776000027], [117.62138433100006, 1.232169286000044], [117.62120460100004, 1.232323122000025], [117.62068339400003, 1.232811768000033], [117.62051267700008, 1.233074164000072], [117.62035992000006, 1.233264181000038], [117.62005437100004, 1.233490421000056], [117.6200094400001, 1.233535666000023], [117.61998249400006, 1.233617093000021], [117.61998058400002, 1.233969891000072], [117.62007245600012, 1.233960848000038], [117.62116003900007, 1.233960592000074], [117.62130386000001, 1.23399674500007], [117.6214566650001, 1.234014803000036], [117.62160947200005, 1.234041907000062], [117.62273299900005, 1.234005857000056]]]]}},
{"type": "Feature", "properties": {"ba_code": "4523", "blockid": "4523N37P07", "division": "02"}, "geometry": {"type": "MultiPolygon", "coordinates": [[[[117.64757225500011, 1.235238887000037], [117.6475494340001, 1.233348131000071], [117.64754028800007, 1.232696771000064], [117.64747696400002, 1.231014102000074], [117.64749490400004, 1.230860304000032], [117.64753964200008, 1.230018951000034], [117.64756827000008, 1.22907927600005], [117.64487979300009, 1.229070232000026], [117.64491605400008, 1.234072510000033], [117.64490042300008, 1.234484141000053], [117.64531263600009, 1.23452471500002], [117.646047339, 1.234506500000066], [117.6467657070001, 1.234452095000051], [117.64676661400006, 1.234452241000042], [117.64676772400003, 1.234452019000059], [117.64677359400002, 1.234453365000036], [117.64677804300004, 1.23445408200007], [117.64677873000005, 1.234454544000073], [117.646779422, 1.23445470200005], [117.64702213300006, 1.234572250000042], [117.6470295040001, 1.234577511000055], [117.64703411000005, 1.234583704000045], [117.64724987400007, 1.234981613000059], [117.64729270200007, 1.235059160000048], [117.64741213100001, 1.235170725000046], [117.64748876400006, 1.235204983000074], [117.64755049200005, 1.235231592000048], [117.64757225500011, 1.235238887000037]]], [[[117.64486422800007, 1.238179236000065], [117.64763726700005, 1.238164855000036], [117.64761760800002, 1.23728604400003], [117.64757695000003, 1.235627890000046], [117.64757294800006, 1.235296331000029], [117.64753238700007, 1.235282734000066], [117.64753149900002, 1.235282182000049], [117.64753029100007, 1.235281933000067], [117.6474673670001, 1.235254808000036], [117.64746720800008, 1.235254700000041], [117.64746703800006, 1.235254664000024], [117.64738613500003, 1.235218497000062], [117.64738315300008, 1.23521643600003], [117.64737873700005, 1.235213586000043], [117.64725287300007, 1.235096009000074], [117.64725259700003, 1.23509561000003], [117.64725215400006, 1.235095312000055], [117.64724764800008, 1.235089303000052], [117.64720268700012, 1.235007894000034], [117.64720262100002, 1.235007757000062], [117.64720258600005, 1.235007710000048], [117.64699093000002, 1.234617375000028], [117.64676254900007, 1.234506768000074], [117.64605070700009, 1.234560678000037], [117.6460501150001, 1.234560583000075], [117.64604934800002, 1.234560747000046], [117.64531231600006, 1.234579020000069], [117.64531199700002, 1.234578960000022], [117.64531165900007, 1.234579028000041], [117.64530902800004, 1.234578899000041], [117.64489836000007, 1.234538477000058], [117.64489819100004, 1.234542942000076], [117.6448718040001, 1.236940323000056], [117.64485253700002, 1.238085289000026], [117.64486422800007, 1.238179236000065]]]]}},
{"type": "Feature", "properties": {"ba_code": "4523", "blockid": "4523O24P10", "division": "03"}, "geometry": {"type": "MultiPolygon", "coordinates": [[[[117.60962289300005, 1.23963457900004], [117.60978828900011, 1.239757763000057], [117.60982738700011, 1.23954991100004], [117.60989008400009, 1.239044127000057], [117.60989058500002, 1.239042219000055], [117.6098908460001, 1.239040276000026], [117.60996269200007, 1.238777903000027], [117.60996338900009, 1.238775860000032], [117.60996343800002, 1.238775591000035], [117.61004320800009, 1.238561337000021], [117.61006004100011, 1.23843404500002], [117.61002615000007, 1.238306246000036], [117.60998241700008, 1.238218261000043], [117.60998221500006, 1.238217403000021], [117.60998162200008, 1.238216510000029], [117.60998044000007, 1.238209840000025], [117.6099795670001, 1.238206124000044], [117.60997968000004, 1.238205554000047], [117.6099795880001, 1.238205040000025], [117.60998852500006, 1.237978869000074], [117.60998951800002, 1.23797431600002], [117.609990218, 1.237970423000036], [117.61004411500005, 1.237825663000024], [117.61004426700003, 1.23782542500004], [117.61004432700008, 1.237825113000042], [117.61013415800005, 1.237598923000064], [117.61013458900004, 1.237598265000031], [117.6101347450001, 1.237597557000072], [117.61031435100006, 1.237208658000043], [117.61039513500009, 1.237027859000023], [117.61039516700009, 1.237027813000054], [117.6103951770001, 1.23702776600004], [117.61048501500011, 1.236828717000037], [117.61048534400004, 1.236828238000044], [117.61048544500011, 1.236827810000023], [117.61062919100004, 1.236538280000048], [117.61062924300006, 1.23653820800007], [117.61062940300008, 1.23653786400007], [117.61073721500009, 1.236329763000072], [117.61073750900005, 1.23632936000007], [117.61073811300002, 1.236328165000032], [117.61083670700009, 1.236165695000068], [117.61095239200006, 1.235959581000031], [117.61096876800002, 1.235918347000052], [117.6110038380001, 1.235741646000065], [117.61101262800003, 1.235599572000069], [117.61101260700002, 1.235509952000029], [117.6110127500001, 1.235509231000037], [117.61101264000001, 1.235508597000035], [117.6110215540001, 1.235328337000055], [117.61102154200012, 1.23527623800004], [117.6110130730001, 1.235199677000026], [117.61096029100008, 1.235058109000022], [117.61095955300004, 1.235054018000028], [117.6109585910001, 1.23504958500007], [117.61094065900011, 1.234565287000066], [117.61066326900004, 1.233791306000057], [117.61066323900002, 1.233791134000057], [117.61066286300002, 1.233790085000066], [117.610626883, 1.233672485000056], [117.61062649500002, 1.233669893000069], [117.61062582300008, 1.233667204000028], [117.61060780500009, 1.23348627300004], [117.61060767100003, 1.233483573000058], [117.61060765700006, 1.233420413000033], [117.61059876700006, 1.232708876000061], [117.61057154000002, 1.232705560000056], [117.60996023500002, 1.232262410000033], [117.60944447400004, 1.232024271000057], [117.60859610400007, 1.231791682000051], [117.60860337200006, 1.231846413000028], [117.60861193300002, 1.232009411000035], [117.60878301000002, 1.232847646000039], [117.608982136, 1.233404302000054], [117.60900698000012, 1.234267610000074], [117.60889985800009, 1.23450303900006], [117.60890161000009, 1.235003003000031], [117.60885539600008, 1.235438077000026], [117.60878358200011, 1.23584519700006], [117.6087566870001, 1.236152793000031], [117.60876581000002, 1.236740830000031], [117.60875685000008, 1.23686748700004], [117.6086221160001, 1.237265575000038], [117.60860421000007, 1.237573169000029], [117.60866722300011, 1.237989306000031], [117.60884710100004, 1.238477789000058], [117.60889209600009, 1.238712994000025], [117.6088652200001, 1.239102011000057], [117.60908995900002, 1.239237660000072], [117.60956907600007, 1.239594497000041], [117.60949583900003, 1.239372777000028], [117.60949446200004, 1.239364221000073], [117.60949477500003, 1.239360094000062], [117.60953067500009, 1.239124871000058], [117.6095315120001, 1.239121853000029], [117.60953174400004, 1.239120415000059], [117.60959156100012, 1.23893965600007], [117.60955006800009, 1.238831146000052], [117.60954996700002, 1.238830600000028], [117.60954973500009, 1.238830226000061], [117.60945079700002, 1.238540753000052], [117.60945069800005, 1.238540155000067], [117.60945002300002, 1.238538033000054], [117.6094237530001, 1.238423578000038], [117.60935408600005, 1.238283419000027], [117.60925624300012, 1.238140247000047], [117.60925554100004, 1.238138948000028], [117.60925496100003, 1.238138177000053], [117.60917403300004, 1.237993448000054], [117.60917357500011, 1.237992502000054], [117.60917341600009, 1.237992279000025], [117.609039617, 1.237723097000071], [117.60896015700007, 1.237616512000045], [117.60895681500006, 1.237610614000062], [117.60895476000007, 1.237600229000066], [117.60895489600011, 1.237599543000044], [117.60895479100009, 1.237598938000076], [117.60896373600008, 1.237408954000045], [117.6089657550001, 1.23739985800006], [117.60897159900003, 1.237391052000021], [117.60897224100006, 1.237390620000042], [117.60897262700007, 1.237390069000071], [117.6090596030001, 1.237311246000047], [117.60912836300008, 1.23719872700002], [117.60919942800001, 1.237028741000074], [117.60919958800002, 1.237028501000054], [117.60920285800012, 1.237022786000068], [117.609317959, 1.236871220000069], [117.60940658700008, 1.236683780000021], [117.6094118630001, 1.236676256000067], [117.6094137880001, 1.236674497000024], [117.60956656100007, 1.236547807000022], [117.60956659900012, 1.236547783000049], [117.60956669900008, 1.236547693000034], [117.60970817200007, 1.23643194400006], [117.60984111100004, 1.236262380000028], [117.60984320700004, 1.236260006000066], [117.60985180900002, 1.236254181000049], [117.61002257100006, 1.236181768000051], [117.610023049, 1.236181671000054], [117.61002343500002, 1.236181419000047], [117.61020370800009, 1.23611224900003], [117.61024383400002, 1.236047598000027], [117.6102476320001, 1.236042790000056], [117.61025025800006, 1.236040469000045], [117.61036386900003, 1.235952466000072], [117.61050512000008, 1.235751657000037], [117.61041304000003, 1.235557988000039], [117.61041289000002, 1.235557321000044], [117.61041245400008, 1.235556664000057], [117.61041143800003, 1.235553734000064], [117.61035953300006, 1.235371045000022], [117.61024101700002, 1.235260330000074], [117.61007233100008, 1.235153153000056], [117.610067662, 1.235149398000033], [117.61006181500011, 1.235140595000075], [117.61006160600004, 1.235139541000024], [117.61006114500003, 1.235138791000054], [117.61000793800008, 1.234978254000055], [117.60990118300003, 1.234781371000054], [117.60990101900006, 1.234781025000075], [117.609900949, 1.234780929000067], [117.60979304200009, 1.234572879000041], [117.60979203500005, 1.23457071100006], [117.60978998100006, 1.234560326000064], [117.6097920310001, 1.234549939000033], [117.6097923850001, 1.234549405000053], [117.60979250800006, 1.234548848000031], [117.60985429900006, 1.234415496000054], [117.60987019400011, 1.234351443000037], [117.60983530900012, 1.234167336000041], [117.60983483100006, 1.234162258000026], [117.60983500100008, 1.234161399000072], [117.60983487800002, 1.234160664000058], [117.60984383100003, 1.234006867000062], [117.60984506200009, 1.234001464000073], [117.60984554900006, 1.233998799000062], [117.60991741200007, 1.23380880000002], [117.60991763400011, 1.23380845500003], [117.60991772000011, 1.233808024000041], [117.6100073670001, 1.23359133200006], [117.61005993300012, 1.233450144000074], [117.61008646700009, 1.23321822600002], [117.61008651300006, 1.233218045000058], [117.61008654200009, 1.233217629000023], [117.61012196900003, 1.232958670000073], [117.61009534300001, 1.232726875000026], [117.61009516500008, 1.23272376400007], [117.61009515, 1.23266043600006], [117.61009524300005, 1.232658182000023], [117.61010411400002, 1.232550744000037], [117.61010409500011, 1.23247045200003], [117.61010614600002, 1.232460066000044], [117.61011198900007, 1.232451260000062], [117.61012073500001, 1.232445374000065], [117.61013105400002, 1.23244330600005], [117.61014137400002, 1.23244537000005], [117.61015012300004, 1.232451251000043], [117.61015597000005, 1.232460054000057], [117.61015802500003, 1.232470440000043], [117.61015804400006, 1.232551861000047], [117.61015795100002, 1.232554115000028], [117.61014908000004, 1.232661553000071], [117.610149094, 1.23272219100005], [117.61017593400004, 1.232955850000053], [117.61017611300008, 1.232958961000065], [117.61017586100002, 1.232962669000074], [117.61014000800003, 1.233224735000022], [117.61011313100005, 1.233459658000072], [117.61011186000007, 1.233464594000054], [117.61011159300006, 1.23346607700006], [117.61005769700012, 1.233610837000072], [117.6100574400001, 1.233611238000037], [117.61005733900004, 1.233611746000065], [117.6099676660001, 1.233828503000041], [117.60989742600009, 1.234014210000055], [117.6098889110001, 1.234160476000056], [117.60992428000009, 1.234347141000057], [117.60992475800003, 1.234352219000073], [117.60992395400001, 1.234358802000031], [117.60990599400009, 1.234431180000058], [117.60990474700009, 1.234434984000075], [117.60990439300008, 1.234435518000055], [117.60990427000002, 1.234436075000076], [117.60984701200005, 1.234559643000068], [117.60994864100007, 1.234755588000041], [117.61005642700002, 1.234954372000061], [117.61005766800008, 1.234956982000028], [117.61005787600004, 1.234958035000034], [117.61005833700005, 1.23495878500006], [117.61010925800008, 1.235112424000022], [117.61027192100005, 1.235215774000039], [117.61027512200008, 1.235218348000046], [117.61027587100011, 1.235218832000044], [117.6104017340001, 1.235336411000048], [117.61040201000003, 1.235336810000035], [117.610402453, 1.235337107000021], [117.61040830000002, 1.235345911000024], [117.61040931600007, 1.235348841000075], [117.6104626660001, 1.235536616000047], [117.61056060600004, 1.235742609000056], [117.61056075600004, 1.235743276000051], [117.61056119300008, 1.235743933000037], [117.61056324700007, 1.235754319000023], [117.61056119700004, 1.235764705000065], [117.61055829000009, 1.235770007000042], [117.610405538, 1.23598716500004], [117.61040260200002, 1.235990669000046], [117.61039997700004, 1.235992990000057], [117.6102869990001, 1.236080503000039], [117.61024464800005, 1.236148740000033], [117.61024085000008, 1.236153548000061], [117.61023210300004, 1.236159433000068], [117.61023170200008, 1.236159514000065], [117.61023138400003, 1.236159721000035], [117.61004308100007, 1.236231972000041], [117.60987914600003, 1.236301490000073], [117.60974866200002, 1.236467924000067], [117.60974656500002, 1.236470299000075], [117.60974450200001, 1.236472172000049], [117.60960078500011, 1.236589757000047], [117.60945270700006, 1.236712553000075], [117.60936544300012, 1.23689710900004], [117.60936453400006, 1.236898405000034], [117.60936251900011, 1.236901927000019], [117.60924779900006, 1.237052992000031], [117.60917726900004, 1.237221699000031], [117.60917721300007, 1.237221783000052], [117.60917538300009, 1.237225391000038], [117.60910350300003, 1.237343016000068], [117.60909960600009, 1.237347984000053], [117.60909896500004, 1.237348415000042], [117.60909857800004, 1.23734896600007], [117.60901707300002, 1.23742283200005], [117.609009119, 1.237591748000057], [117.60908421300007, 1.237692476000063], [117.60908581400008, 1.23769530200002], [117.60908676000008, 1.237696622000044], [117.60922135300007, 1.237967402000038], [117.60930136400009, 1.238110491000043], [117.60939958100005, 1.238254210000036], [117.60940086800008, 1.238256594000063], [117.60940148000009, 1.23825744800007], [117.6094734190001, 1.238402179000047], [117.609473621, 1.238403038000058], [117.6094742140001, 1.23840393100005], [117.60947557700001, 1.23840821400006], [117.60950225200008, 1.238524435000045], [117.60960057300008, 1.238812106000069], [117.6096453670001, 1.238929246000055], [117.60964716700005, 1.238938989000076], [117.60964578500011, 1.23894757100004], [117.60958363200007, 1.239135385000054], [117.6095490670001, 1.239361865000035], [117.60962987800008, 1.239606515000048], [117.60963125500007, 1.23961507100006], [117.60962920400004, 1.239625457000045], [117.6096233610001, 1.239634264000074], [117.60962289300005, 1.23963457900004]]], [[[117.6111254430001, 1.240462570000034], [117.61115638600006, 1.240398810000045], [117.61114997800007, 1.240224584000032], [117.6111843540001, 1.239860400000055], [117.6111753020001, 1.239436783000031], [117.61117535400001, 1.239436502000046], [117.61117529500007, 1.23943620600005], [117.61117546500009, 1.239433161000022], [117.6112382550001, 1.238872247000074], [117.61124013500012, 1.23886490600006], [117.61124597900005, 1.238856099000031], [117.6112465970001, 1.238855683000054], [117.61124697100001, 1.238855149000074], [117.61152305500002, 1.238604046000034], [117.61162628300008, 1.238448120000044], [117.61167768100006, 1.238223711000046], [117.61164301600002, 1.238066878000041], [117.61164237300011, 1.238060991000054], [117.6116425780001, 1.238059952000071], [117.6116424390001, 1.238059091000025], [117.61167827400004, 1.23754341800003], [117.61167844200008, 1.237542697000038], [117.61167864200002, 1.237540462000027], [117.6116959850001, 1.237444327000048], [117.61164213100005, 1.23669688800004], [117.61164227200004, 1.236696004000066], [117.61164206, 1.236694931000045], [117.61164382900006, 1.236686300000031], [117.61164411000004, 1.23668454500006], [117.6116442230001, 1.236684374000049], [117.61164426300002, 1.236684181000044], [117.61183813500008, 1.236231541000052], [117.61175072500009, 1.235915102000035], [117.61174973900006, 1.235907839000049], [117.61174969000001, 1.235690717000068], [117.61174991900009, 1.235687176000056], [117.61179478200006, 1.235343389000036], [117.61179660300002, 1.235336543000074], [117.61179672900005, 1.235336353000037], [117.61179677300004, 1.235336138000036], [117.61190969600011, 1.235073687000067], [117.61176848700006, 1.234585543000037], [117.61176741200006, 1.23457796200006], [117.61176757600003, 1.234574965000036], [117.6117765460001, 1.234493542000052], [117.61177843200005, 1.234486152000045], [117.61178304900011, 1.23447866600003], [117.61190145000012, 1.234342407000042], [117.6118937110001, 1.234233711000059], [117.61178031700001, 1.234049439000046], [117.6117783310001, 1.234045540000068], [117.61177711900007, 1.234041881000053], [117.61167949100002, 1.233658128000059], [117.61149550300001, 1.233411334000039], [117.61132668100004, 1.233259370000042], [117.61132627300003, 1.233258793000061], [117.61132559300006, 1.233258336000063], [117.61132091700006, 1.233252013000026], [117.61113208200004, 1.232899233000069], [117.6111117590001, 1.232812299000045], [117.61088364700004, 1.232745696000052], [117.61086816300008, 1.232741679000071], [117.61065278300009, 1.232715453000026], [117.61066158400001, 1.233419898000022], [117.61066155300011, 1.23342006300004], [117.6106615860001, 1.233420233000061], [117.61066160000007, 1.233482207000066], [117.61067921600011, 1.233659097000043], [117.61071421600002, 1.233773494000047], [117.61099281400004, 1.234550844000069], [117.61099361200002, 1.234555435000061], [117.61099439500003, 1.234559043000047], [117.6110123200001, 1.235043162000068], [117.61106474600001, 1.235183774000063], [117.611065026, 1.235185326000021], [117.61106629900007, 1.23519030600005], [117.61107530600009, 1.235271725000075], [117.61107547200004, 1.235274722000042], [117.61107548400003, 1.235329003000061], [117.61107534200005, 1.235329724000053], [117.61107545100003, 1.235330358000056], [117.61106653700006, 1.235510618000035], [117.61106655800006, 1.235600407000049], [117.61106637700004, 1.235601324000072], [117.61106650600004, 1.235602100000051], [117.61105755000006, 1.235746850000055], [117.61105735100011, 1.235747716000049], [117.61105708000002, 1.235750480000036], [117.6110211680001, 1.235931424000057], [117.61101981900003, 1.235935897000047], [117.61101976400005, 1.235936181000056], [117.61100179800007, 1.235981419000041], [117.61100170700001, 1.235981557000059], [117.61100167400002, 1.235981725000045], [117.6110002370001, 1.235984694000024], [117.6108834370001, 1.236192797000058], [117.61088324700006, 1.236193048000075], [117.61088297100002, 1.236193594000042], [117.61078461200009, 1.236355675000027], [117.61067732900005, 1.236562753000044], [117.61053391000007, 1.236851624000053], [117.61044430000004, 1.237050169000042], [117.61036346700007, 1.237231077000047], [117.61036336000006, 1.237231232000056], [117.61036332700007, 1.23723138500003], [117.61018396100008, 1.237619762000065], [117.61009451300004, 1.237844987000074], [117.6100422400001, 1.237985385000059], [117.61003375100006, 1.238200220000067], [117.61007561000008, 1.238284432000057], [117.61007581100012, 1.238285290000022], [117.6100764040001, 1.238286183000071], [117.61007754700006, 1.238289576000057], [117.61011353200001, 1.238425269000061], [117.61011444400003, 1.23843226200006], [117.61011420800003, 1.238435849000041], [117.61009626200007, 1.238571554000032], [117.61009500500006, 1.238576267000042], [117.61009478300002, 1.238577497000051], [117.61001436200002, 1.238793499000053], [117.60994335700002, 1.239052801000071], [117.60988079600008, 1.23955748000003], [117.60988063200011, 1.239558106000061], [117.60988053300002, 1.239559169000074], [117.60983861800003, 1.239781998000069], [117.60983703800002, 1.23978733000007], [117.60983119500008, 1.239796136000052], [117.60982244800005, 1.239802022000049], [117.60981917600009, 1.239802678000046], [117.60981666600003, 1.239813812000023], [117.61090812200007, 1.240674960000035], [117.61092773200005, 1.240665225000043], [117.61105177800005, 1.240614356000037], [117.61107240100011, 1.240571862000024], [117.61107135200007, 1.240566561000037], [117.61107340300009, 1.240556174000062], [117.61107481200008, 1.240553254000019], [117.61112494200006, 1.240463506000026], [117.6111254430001, 1.240462570000034]]]]}},
{"type": "Feature", "properties": {"ba_code": "4523", "blockid": "4523K36P10", "division": "02"}, "geometry": {"type": "MultiPolygon", "coordinates": [[[[117.64206956800001, 1.26152785000005], [117.64219420600011, 1.261671910000075], [117.6422896360001, 1.261629193000033], [117.64235855100003, 1.261570472000074], [117.6424486740001, 1.261506409000049], [117.64255207000008, 1.26151438900007], [117.64277212800005, 1.261573037000062], [117.64325199200005, 1.261615612000071], [117.64351182400003, 1.261700934000032], [117.6438751280001, 1.262106431000063], [117.64396797800009, 1.262351895000052], [117.6439971530001, 1.262402586000064], [117.64453539100009, 1.262645270000064], [117.64476871500005, 1.262746609000033], [117.64484560500011, 1.26277327300005], [117.644850872, 1.262631850000048], [117.64482368100005, 1.260766659000069], [117.64478756800008, 1.260115306000046], [117.64469762400006, 1.259871068000052], [117.64468859100009, 1.259690136000074], [117.644796358, 1.259310148000054], [117.64478722100012, 1.258704022000074], [117.64481398600003, 1.25788981300002], [117.64483345600001, 1.256492008000066], [117.64327195100009, 1.256516411000064], [117.64209749300005, 1.256471340000076], [117.64213557200003, 1.258333766000021], [117.64209307400006, 1.26008160400005], [117.64206956800001, 1.26152785000005]]]]}},
{"type": "Feature", "properties": {"ba_code": "4523", "blockid": "4523K35P10", "division": "02"}, "geometry": {"type": "MultiPolygon", "coordinates": [[[[117.64203712400001, 1.261505249000038], [117.64205797900001, 1.260069054000041], [117.6420636690001, 1.258345499000029], [117.64206922000005, 1.256480101000022], [117.64074226800005, 1.25646213400006], [117.63933352700008, 1.256486875000064], [117.63934625400009, 1.258987246000061], [117.63933416300006, 1.259097021000059], [117.63925984600007, 1.260553587000061], [117.64040134800007, 1.260480932000064], [117.64051819000008, 1.260453763000044], [117.64068902100007, 1.260670841000035], [117.64100364600006, 1.260806464000041], [117.64105756800006, 1.26077026300004], [117.6413182230001, 1.260743059000049], [117.64142609200007, 1.260779219000028], [117.64156097700004, 1.261023446000024], [117.64165990000004, 1.26123149600005], [117.64203712400001, 1.261505249000038]]]]}},
{"type": "Feature", "properties": {"ba_code": "4523", "blockid": "4523M22P10", "division": "04"}, "geometry": {"type": "MultiPolygon", "coordinates": [[[[117.60396293400004, 1.235358869000038], [117.60387790300001, 1.235737374000053], [117.60383125800001, 1.23596567200002], [117.60384899600001, 1.236197073000028], [117.6038488480001, 1.236198006000052], [117.60384907600007, 1.236199155000065], [117.60384726600012, 1.236208936000025], [117.60369593200005, 1.236603436000053], [117.60367833300006, 1.236807678000048], [117.6036763840001, 1.236815714000045], [117.60367621300009, 1.236815971000055], [117.60367615300004, 1.236816258000033], [117.60357733300009, 1.237042450000047], [117.6035717200001, 1.237050712000041], [117.60356642700003, 1.237054855000054], [117.60351129300011, 1.237087841000061], [117.60350783900003, 1.237089583000056], [117.603497521, 1.237091651000071], [117.60349127500001, 1.237090402000035], [117.60347272500007, 1.239092287000062], [117.60366318800004, 1.238954512000021], [117.6036686010001, 1.238951479000036], [117.60367891900012, 1.238949411000021], [117.60368923900012, 1.238951474000032], [117.60369279300005, 1.238953275000028], [117.60378268900001, 1.239007535000042], [117.6037878840001, 1.239011615000038], [117.6037902170001, 1.239014293000025], [117.60399527100003, 1.239283366000052], [117.60422915100003, 1.239483800000073], [117.60433085900002, 1.239491651000037], [117.60447771100007, 1.239430750000054], [117.60448797800007, 1.239428703000044], [117.60449451800002, 1.239429512000072], [117.60471025000004, 1.239483743000051], [117.60471140400011, 1.239484126000036], [117.60471183000004, 1.23948419200002], [117.60488149900004, 1.23953807700002], [117.60496125000009, 1.23955589600007], [117.60512304800011, 1.239592046000041], [117.60512751800002, 1.239593464000052], [117.60512840500007, 1.239594061000048], [117.60512925800003, 1.239594263000072], [117.6052730880001, 1.239666604000035], [117.6052800970001, 1.239671686000065], [117.60528594400012, 1.239680490000069], [117.6052879990001, 1.239690876000054], [117.60528683200005, 1.239698778000047], [117.60522557700006, 1.239901522000025], [117.60524047900003, 1.240036235000048], [117.60535279100009, 1.240043745000037], [117.60536131700007, 1.240045749000046], [117.60537006600009, 1.240051630000039], [117.60537591400009, 1.240060433000053], [117.60537796900007, 1.240070819000039], [117.60537591800005, 1.24008120600007], [117.60537007500011, 1.240090012000053], [117.60536132800007, 1.24009589700006], [117.60534921600004, 1.240097906000074], [117.60521438900003, 1.240088890000038], [117.60520586300004, 1.240086886000029], [117.60519711400002, 1.240081005000036], [117.60519126600002, 1.240072201000032], [117.6051893770001, 1.24006481300006], [117.60517136300007, 1.239901975000066], [117.60517119800011, 1.239898978000042], [117.60517236400005, 1.239891076000049], [117.60522861000004, 1.239704914000072], [117.60510812000007, 1.239644312000053], [117.60494956200012, 1.239608886000042], [117.60486866300005, 1.239590811000028], [117.60486705500011, 1.239590301000021], [117.60486639300007, 1.23959019900002], [117.60469638500001, 1.239536206000025], [117.60449005600003, 1.239484339000057], [117.604345469, 1.239544300000034], [117.604335203, 1.239546347000044], [117.60433406100003, 1.239546118000021], [117.60433313500005, 1.239546267000037], [117.60421628400002, 1.239537247000044], [117.60420803300008, 1.23953526300005], [117.60420086500005, 1.23953085100004], [117.6039581330001, 1.239322831000038], [117.60395655100001, 1.239321362000055], [117.60395421800001, 1.239318684000068], [117.60375055000009, 1.239051429000028], [117.6036802640001, 1.239009005000071], [117.60348842100007, 1.239147777000028], [117.60348300900012, 1.239150810000069], [117.6034726900001, 1.239152879000073], [117.6034721640001, 1.239152774000047], [117.60346315600009, 1.240124944000058], [117.60346362900009, 1.24012480500005], [117.60370949600008, 1.240080831000057], [117.60385239400011, 1.240044840000053], [117.60385893400007, 1.240044028000057], [117.60402971200006, 1.240043989000071], [117.60403195200001, 1.240044082000054], [117.60413981400006, 1.240053104000026], [117.60414492900009, 1.240054351000026], [117.60414704300001, 1.240054737000037], [117.60429086800002, 1.240108984000074], [117.60429124200004, 1.240109226000072], [117.6042917200001, 1.240109322000023], [117.60429767300002, 1.240112753000062], [117.60463029900006, 1.240365986000029], [117.60463309500005, 1.24036843600004], [117.60463671100001, 1.240372950000051], [117.60471763500004, 1.240499586000055], [117.6047198660001, 1.240503876000048], [117.604721046, 1.240507411000067], [117.60477502300012, 1.240715474000069], [117.60477589800007, 1.240722325000036], [117.60477384800004, 1.240732711000021], [117.6047680050001, 1.24074151800005], [117.60475925800006, 1.240747403000057], [117.60474893900005, 1.240749471000072], [117.60473862000003, 1.240747408000061], [117.60472987000003, 1.240741526000022], [117.60472402300002, 1.240732723000065], [117.6047228430001, 1.240729188000046], [117.60466995200011, 1.240525310000066], [117.60459394400004, 1.240406368000038], [117.60426826900004, 1.24015842700004], [117.60413162000009, 1.240106886000035], [117.60402860300007, 1.240098270000033], [117.60386226600008, 1.240098308000029], [117.60372168100002, 1.240133717000049], [117.60372083000004, 1.240133822000075], [117.60371985200004, 1.240134110000042], [117.60347306400001, 1.240178248000063], [117.60346835200005, 1.240178667000066], [117.60346266900001, 1.240177530000039], [117.60346230200003, 1.240217121000057], [117.603471162, 1.240215345000024], [117.60348322200002, 1.240218208000044], [117.60364329300012, 1.24029871800002], [117.6042242310001, 1.240424517000065], [117.60422887300001, 1.240425973000072], [117.60423762200003, 1.240431854000065], [117.60424347000003, 1.240440658000068], [117.60424552500001, 1.240451044000054], [117.6042434740001, 1.240461430000039], [117.60423763100005, 1.240470237000068], [117.604228884, 1.240476122000075], [117.6042185660001, 1.240478190000033], [117.604212888, 1.240477583000029], [117.60362861700003, 1.240351062000059], [117.60362397600011, 1.240349606000052], [117.60362308800006, 1.240349009000056], [117.6036222350001, 1.240348807000032], [117.60346182900003, 1.240268129000071], [117.6034546840001, 1.24103926500004], [117.60344573100008, 1.241193062000036], [117.6034551890001, 1.243264769000064], [117.60345445500002, 1.24331542300007], [117.60346501700008, 1.243317622000063], [117.60394848700003, 1.243528007000066], [117.60404431900008, 1.243545521000044], [117.60404981500005, 1.243547148000061], [117.60405856400007, 1.243553030000044], [117.60406291100003, 1.243558754000048], [117.60408978500004, 1.243606066000041], [117.60438623200002, 1.24356337100005], [117.60439004500006, 1.243563097000049], [117.60439486900009, 1.243563534000032], [117.60449023600006, 1.243580964000046], [117.60454551900011, 1.243576314000052], [117.6044314830001, 1.243425741000067], [117.60442801800002, 1.243419680000045], [117.60442793800007, 1.243419276000054], [117.60442773200009, 1.243418956000028], [117.60428413300008, 1.243039819000046], [117.60424563400011, 1.24295462200007], [117.60413441600008, 1.242938657000025], [117.6041279100001, 1.242936865000047], [117.60412578800003, 1.242935871000043], [117.60390105300007, 1.242818314000033], [117.60389442500002, 1.242813428000034], [117.60389377800004, 1.242812454000045], [117.603893018, 1.242811900000049], [117.60378513, 1.242685270000038], [117.60378068900002, 1.242677994000076], [117.60377863400004, 1.242667608000033], [117.60377860900007, 1.242559047000043], [117.60378065900011, 1.242548661000058], [117.60378650300004, 1.242539854000029], [117.60379525000008, 1.242533969000021], [117.6038055680001, 1.242531901000063], [117.6038158880001, 1.242533964000074], [117.60382463700012, 1.242539846000057], [117.60383048400001, 1.242548649000071], [117.60383253900011, 1.242559035000056], [117.6038325620001, 1.24265755600004], [117.60393055700001, 1.242772574000071], [117.60414658000002, 1.242885573000024], [117.60426787100005, 1.242902985000057], [117.60427437800001, 1.242904776000046], [117.60428312700003, 1.242910657000039], [117.60428861000003, 1.242918617000043], [117.60433357400007, 1.243018121000034], [117.60433375500008, 1.24301895900004], [117.60433422500012, 1.24301968900005], [117.60447673600004, 1.24339595500004], [117.60461434800004, 1.24357765700006], [117.6049586150001, 1.243746369000064], [117.60541649600009, 1.243945045000032], [117.60541662800006, 1.243945135000047], [117.60541922700008, 1.243946419000054], [117.60609344200009, 1.244335274000036], [117.6060943870001, 1.244336002000068], [117.60609572200008, 1.244336747000034], [117.60618828100007, 1.244403378000072], [117.60618846200009, 1.244403533000025], [117.60619422100001, 1.243725019000067], [117.60618642000009, 1.243723459000023], [117.60617829500006, 1.243718186000024], [117.60574747200008, 1.243311851000044], [117.60522694100007, 1.242887499000062], [117.60506361500006, 1.242757780000034], [117.60496511600002, 1.242757803000075], [117.60495620800009, 1.242756281000027], [117.60477642600006, 1.242692995000027], [117.60477582500005, 1.242692616000056], [117.60477501500009, 1.242692453000075], [117.60476741800005, 1.242687666000052], [117.60469490000003, 1.242622816000051], [117.60456617300008, 1.242630943000052], [117.60447096300004, 1.242665815000066], [117.60446174800006, 1.242667451000045], [117.60445609800001, 1.242666850000035], [117.60433025500004, 1.242639739000026], [117.60432558600007, 1.242638276000037], [117.60432177200005, 1.242636317000063], [117.60420490700005, 1.242563970000049], [117.60419997100007, 1.24256004800003], [117.60419425200007, 1.242551549000041], [117.60408700900007, 1.242299849000062], [117.60399795900003, 1.242147560000035], [117.60399628800008, 1.242144185000029], [117.6039942330001, 1.242133800000033], [117.60399453000002, 1.242129774000034], [117.60402145400008, 1.241948832000048], [117.60402211500002, 1.241946434000056], [117.60402234800006, 1.241944876000048], [117.60405744800005, 1.241829966000068], [117.60410202300011, 1.241335202000073], [117.60410396300006, 1.241327273000024], [117.60410980600011, 1.241318467000042], [117.60411855300003, 1.241312581000045], [117.60412887100006, 1.24131051300003], [117.60413142800007, 1.241310635000048], [117.6043201870001, 1.241328685000042], [117.6043203050001, 1.241328715000066], [117.60432066400006, 1.241328735000025], [117.60479705800003, 1.241382906000069], [117.60480434400006, 1.24138479800007], [117.60480870000004, 1.241387101000043], [117.60514104900005, 1.241603972000064], [117.60525352900004, 1.241673605000074], [117.60538362700004, 1.241699762000053], [117.60538865800004, 1.241701300000045], [117.6053939730001, 1.241704259000073], [117.6058614430001, 1.242038882000031], [117.60586487800003, 1.242041804000053], [117.60587072500005, 1.242050607000067], [117.605872255, 1.24205567000007], [117.60587920500006, 1.242090605000044], [117.60619549400008, 1.24232506200002], [117.60619852800005, 1.242327685000021], [117.60622540400004, 1.242332969000074], [117.60619626500011, 1.241644767000025], [117.60618798100006, 1.241379890000076], [117.60618083500003, 1.241381322000052], [117.6061744640001, 1.241380555000035], [117.60592070900009, 1.241318511000031], [117.60574244400004, 1.241282669000043], [117.60552769500009, 1.241255701000057], [117.6055272430001, 1.241255581000075], [117.60552641900006, 1.24125551000003], [117.6053196790001, 1.241219370000067], [117.60531866200006, 1.241219073000025], [117.60531776000005, 1.241218962000062], [117.60506669400002, 1.241155849000052], [117.60502238000004, 1.241146939000032], [117.6050214600001, 1.241146658000048], [117.6050208050001, 1.241146573000037], [117.60485226700007, 1.24110197300007], [117.60470413500002, 1.241089276000025], [117.60470399300004, 1.241089241000054], [117.60470350700007, 1.241089215000045], [117.60417242300002, 1.241031055000064], [117.60407553400012, 1.24110422800004], [117.60398074400007, 1.241217033000055], [117.6039372680001, 1.241304601000024], [117.60393682800009, 1.241305216000057], [117.60393578900005, 1.241307208000023], [117.60383776300012, 1.241459764000069], [117.60373062000008, 1.241675566000026], [117.603729971, 1.24167647400003], [117.603728638, 1.241678928000056], [117.60358487200006, 1.241887036000037], [117.6035818040001, 1.241890729000033], [117.60357769600012, 1.24189412100003], [117.60350078400006, 1.241945755000074], [117.60349614600011, 1.241948248000028], [117.60348582800009, 1.241950316000043], [117.60347550800009, 1.241948253000032], [117.60346675900007, 1.24194237100005], [117.60346091100007, 1.241933568000036], [117.60345885600009, 1.24192318200005], [117.60346090700011, 1.241912795000076], [117.60346675000005, 1.241903989000036], [117.60347085900003, 1.24190059700004], [117.60354351400008, 1.241851821000068], [117.60368324900003, 1.241649549000044], [117.60379018900005, 1.241434155000036], [117.60379062900006, 1.24143354000006], [117.6037916680001, 1.241431548000037], [117.60388969400003, 1.241278993000037], [117.60393394700009, 1.241189859000031], [117.6039356760001, 1.241187444000047], [117.60393747900002, 1.24118446500006], [117.60403632400005, 1.241066834000037], [117.60403784200003, 1.241065174000028], [117.60404072900008, 1.241062652000039], [117.60414857100011, 1.240981206000072], [117.60415443000011, 1.240977843000053], [117.604164749, 1.240975775000038], [117.60416767100003, 1.240975934000062], [117.60470902600002, 1.241035218000036], [117.60485916100004, 1.241048087000024], [117.60486090400002, 1.241048514000056], [117.60486373000003, 1.24104888200003], [117.60488305000001, 1.241053994000026], [117.60488739300001, 1.241050966000046], [117.6050075070001, 1.240996098000039], [117.60500809700011, 1.240995969000039], [117.60500863100003, 1.240995615000031], [117.6052739800001, 1.24088871400005], [117.60548257700009, 1.240704921000031], [117.60569590700004, 1.240311059000021], [117.60569604400007, 1.240310875000034], [117.6056962880001, 1.240310380000039], [117.60575918200004, 1.240201804000037], [117.60576231100003, 1.240197717000058], [117.60576288300001, 1.240196828000023], [117.60602982800003, 1.23991266400003], [117.60603026700005, 1.239912360000062], [117.60603057800006, 1.23991189700007], [117.60615542800008, 1.239789134000034], [117.60616394700003, 1.239783475000024], [117.60617426500005, 1.239781407000066], [117.60618996500011, 1.23978672800007], [117.60618995300001, 1.239734098000042], [117.60604499300007, 1.23974491000007], [117.6060441080001, 1.239744767000047], [117.60604303100001, 1.239744982000047], [117.60603271200011, 1.239742919000037], [117.60602396200011, 1.239737038000044], [117.60602197300011, 1.239734801000054], [117.60591408200003, 1.239599125000041], [117.60591273200009, 1.23959682800006], [117.6059113440001, 1.239594943000043], [117.60584186300002, 1.239463890000025], [117.60562680800001, 1.239282154000023], [117.6053555090001, 1.239238176000072], [117.60534948300005, 1.239236457000061], [117.60534515300003, 1.239234170000032], [117.60519972400004, 1.239139505000026], [117.60489393000012, 1.239157163000073], [117.60489321800003, 1.239157042000045], [117.60489239100002, 1.239157208000051], [117.60488904700003, 1.239156999000045], [117.60474522900006, 1.239138938000053], [117.60474282700011, 1.239138300000036], [117.60474082500002, 1.23913800400004], [117.6046509360001, 1.239110885000059], [117.60464836500012, 1.239109964000022], [117.60464491700009, 1.239108227000031], [117.60435725100001, 1.238936405000061], [117.60435595500007, 1.238935391000041], [117.60435463800002, 1.238934628000038], [117.60420180900007, 1.238817055000027], [117.60419912200007, 1.238814687000058], [117.60419406900007, 1.238807635000057], [117.60409580200007, 1.238609937000035], [117.60385381800006, 1.238231259000031], [117.603851587, 1.238226969000038], [117.60385046700003, 1.238223664000031], [117.60376050800005, 1.237888955000074], [117.60375957300005, 1.237881874000038], [117.60375952900006, 1.237689523000029], [117.60366369400003, 1.23750547800006], [117.60366266800008, 1.237503271000037], [117.60366088500007, 1.237496724000039], [117.6036338770001, 1.237306748000037], [117.60363360500003, 1.237302910000039], [117.60363565500006, 1.237292523000065], [117.60364061400003, 1.237284651000039], [117.60373047400003, 1.237185116000035], [117.60373097400009, 1.237184763000073], [117.60373135900011, 1.237184182000021], [117.60373850500002, 1.237179027000025], [117.60384447800004, 1.237126426000032], [117.60384819300009, 1.237120827000069], [117.60385694000001, 1.237114942000062], [117.60386725900003, 1.237112874000047], [117.60387757800004, 1.237114937000058], [117.60388632800004, 1.23712081900004], [117.60389217500006, 1.237129622000054], [117.60389412800009, 1.237137657000062], [117.60391142500009, 1.237337344000025], [117.604236796, 1.237735453000028], [117.60453998000003, 1.237968697000042], [117.60454266800002, 1.237971064000021], [117.60454851500003, 1.237979868000025], [117.604549431, 1.237982455000065], [117.60460273300009, 1.238161134000052], [117.6046665660001, 1.23828955700003], [117.605028306, 1.238306811000029], [117.60503028100004, 1.238307256000041], [117.60503468400009, 1.238307897000027], [117.60527738500002, 1.238380216000053], [117.6052800440001, 1.238381163000042], [117.60528879300011, 1.238387044000035], [117.60528920700006, 1.23838766700004], [117.60528973700002, 1.238388043000043], [117.60554019300002, 1.23866700800005], [117.60580842700006, 1.238891885000044], [117.60581023200007, 1.238893543000074], [117.60581058200012, 1.238894070000072], [117.60581104200003, 1.238894394000056], [117.60600883500001, 1.239111471000058], [117.60600982000005, 1.23911302800002], [117.60601259400005, 1.239116746000036], [117.60618739600011, 1.239440879000028], [117.60618713600002, 1.238295568000069], [117.60616185600009, 1.238295225000059], [117.60615579300008, 1.238294532000054], [117.60612652000009, 1.238287740000032], [117.60612226400008, 1.238286370000026], [117.60612137600003, 1.23828577300003], [117.60612052400006, 1.238285571000063], [117.60607021500005, 1.238260267000044], [117.60602248400005, 1.238252271000022], [117.606006739, 1.238252275000036], [117.60596179700008, 1.238252285000044], [117.60595697300005, 1.238251849000051], [117.60586049000005, 1.238234215000034], [117.60584494500006, 1.238234219000049], [117.60583641700009, 1.238232828000037], [117.60580945000004, 1.238223787000038], [117.60580870500007, 1.238223324000046], [117.60580765800012, 1.238223115000039], [117.6057989090001, 1.238217233000057], [117.60579442000005, 1.238212718000057], [117.60577349300002, 1.238205702000073], [117.60577184500005, 1.238204678000045], [117.60576996000009, 1.238204230000065], [117.60564411000007, 1.238140932000022], [117.60564298200006, 1.238140115000022], [117.60564030800003, 1.238138607000053], [117.60554142, 1.238066256000025], [117.60553821200006, 1.238063498000031], [117.60553139400008, 1.238056639000035], [117.60546480300002, 1.238014770000063], [117.60544088000006, 1.238006750000068], [117.6054401340001, 1.238006286000029], [117.60543908700004, 1.238006077000023], [117.60543373300004, 1.238003089000074], [117.60537252600011, 1.237959107000052], [117.60533846100009, 1.237941974000023], [117.6053377400001, 1.23794145100004], [117.60533556200005, 1.237940281000022], [117.60531034300004, 1.237923367000064], [117.60519539100005, 1.23787], [117.60519533800004, 1.237869963000037], [117.60519528800012, 1.23786995100005], [117.605060836, 1.237806837000051], [117.60493538100002, 1.237752755000031], [117.60493511900006, 1.237752576000048], [117.60493484500012, 1.237752517000047], [117.6048385250001, 1.237708477000069], [117.60476037300009, 1.237691016000042], [117.60475590300007, 1.237689597000042], [117.60475004200009, 1.237686236000059], [117.6046421640001, 1.237604840000074], [117.60460970600002, 1.23758035000003], [117.60458689000006, 1.237572701000033], [117.6045861450001, 1.237572238000041], [117.60458509800003, 1.237572028000045], [117.60457634900001, 1.237566147000052], [117.60457050100001, 1.237557344000038], [117.60457046800002, 1.237557176000053], [117.60457037700007, 1.237557037000045], [117.60455566500002, 1.237520041000039], [117.6044207010001, 1.237435184000049], [117.6042890440001, 1.237373381000054], [117.60417397100002, 1.237337773000036], [117.60417158200005, 1.237336907000042], [117.60416283200004, 1.237331026000049], [117.6041594620001, 1.237326891000066], [117.6040695480001, 1.237191210000049], [117.60406707100003, 1.237186542000074], [117.60406542800001, 1.237180872000067], [117.60403859300004, 1.23702802400004], [117.60401183400006, 1.236920394000038], [117.60401102700007, 1.236913812000068], [117.60401102100002, 1.236886672000026], [117.60401101700006, 1.236868578000042], [117.60401190900006, 1.236864056000059], [117.60401104200002, 1.236799506000068], [117.60400877300003, 1.236789728000076], [117.6039487270001, 1.236530983000023], [117.60394802100006, 1.236524816000042], [117.60394817800011, 1.236521883000023], [117.60399271300003, 1.236108623000064], [117.60394798300001, 1.235686337000061], [117.60394783100003, 1.235683466000069], [117.60394988100006, 1.235673080000026], [117.6039515010001, 1.235669790000031], [117.60408744800009, 1.235429013000044], [117.60396293400004, 1.235358869000038]]], [[[117.60391562100006, 1.235343843000066], [117.60382098900004, 1.235283717000073], [117.60345490200007, 1.235003112000072], [117.60350732900008, 1.235357884000052], [117.60349177500007, 1.237036372000034], [117.60353144300007, 1.237012639000056], [117.60362499100006, 1.236798517000068], [117.60364253500006, 1.236594909000075], [117.60364394300007, 1.236589104000075], [117.60364424400007, 1.236587478000047], [117.60379475600007, 1.236195120000048], [117.60377719600001, 1.235966037000026], [117.60377734300005, 1.235965104000059], [117.60377711600006, 1.235963955000045], [117.60377766900001, 1.235958482000058], [117.60382510200009, 1.23572632600002], [117.60382513800005, 1.235726207000027], [117.60382515000003, 1.235726096000064], [117.60389971100005, 1.235376507000069], [117.60390116100007, 1.235371823000037], [117.60391562100006, 1.235343843000066]]], [[[117.60428466700012, 1.236876031000065], [117.60423088000005, 1.23700038100003], [117.60430657800009, 1.237099381000064], [117.60465606200012, 1.237239991000024], [117.60486834200003, 1.237266649000048], [117.60486872000001, 1.237266749000071], [117.60486943100011, 1.237266808000072], [117.60503122700004, 1.237293912000041], [117.60503305500004, 1.237294438000049], [117.60503431200004, 1.237294618000021], [117.60531291300003, 1.237375959000076], [117.6053629050001, 1.237390322000067], [117.60547464600006, 1.237305932000027], [117.60539152400008, 1.237191901000074], [117.60538835500006, 1.237186239000039], [117.60538691700003, 1.237181618000022], [117.60534240600009, 1.236975765000068], [117.60530972900006, 1.236893596000073], [117.60525753400009, 1.236848587000054], [117.60510738000005, 1.23682343400003], [117.60481501700008, 1.236868088000051], [117.60481320800011, 1.236868225000023], [117.60481273200003, 1.236868337000033], [117.6043992760001, 1.236895572000037], [117.60439847400005, 1.236895439000023], [117.60439752100001, 1.236895630000049], [117.60439283500011, 1.236895218000029], [117.60428466700012, 1.236876031000065]]], [[[117.60618700500004, 1.237721660000034], [117.60619413400002, 1.236217968000062], [117.60588784900006, 1.236130323000054], [117.60574592500006, 1.23614789800007], [117.60555420900005, 1.236195559000066], [117.60524047900003, 1.236218186000031], [117.60497152900007, 1.236070385000062], [117.60450833100003, 1.235779778000051], [117.60413725500007, 1.235461581000038], [117.60400254600006, 1.235689438000065], [117.60404664600003, 1.236105771000041], [117.60404679800001, 1.236108642000033], [117.60404664100008, 1.236111575000052], [117.60400228900005, 1.236523139000042], [117.60406079400002, 1.236775245000047], [117.60409853600004, 1.236787898000046], [117.60439899500011, 1.236841194000021], [117.60480806300006, 1.23681424800003], [117.60510353000006, 1.236769120000019], [117.60510757000009, 1.236768813000026], [117.60511200300004, 1.236769181000057], [117.60527379900009, 1.236796284000036], [117.60527447700008, 1.23679647900002], [117.605275215, 1.236796561000062], [117.6053416640001, 1.236811407000062], [117.60536714400007, 1.236785749000035], [117.60537589100011, 1.236779864000027], [117.60537920000002, 1.236778730000026], [117.60560861300007, 1.23671650700004], [117.6057127790001, 1.236646577000045], [117.60571741700005, 1.236644084000034], [117.60572773500007, 1.236642015000029], [117.60573805500007, 1.23664407900003], [117.60574680400009, 1.236649960000022], [117.6057526510001, 1.236658764000026], [117.60575470600008, 1.236669150000068], [117.60575265600005, 1.236679536000054], [117.60574681300011, 1.236688342000036], [117.60574270400002, 1.236691734000033], [117.60563486100011, 1.236764133000065], [117.60563022300005, 1.236766627000065], [117.60562691400003, 1.236767760000021], [117.60540019200005, 1.236829253000053], [117.60536934200002, 1.236860318000026], [117.60536059600008, 1.236866203000034], [117.60535718100004, 1.236866887000076], [117.60535721200006, 1.236866930000076], [117.60535724600004, 1.236867098000062], [117.60535733600011, 1.23686723700007], [117.60539331000007, 1.236957696000047], [117.60539335600004, 1.236957935000021], [117.60539462400004, 1.23696201000007], [117.60543839500008, 1.237164441000061], [117.60552814800008, 1.237287569000046], [117.6057703890001, 1.237348464000036], [117.60577416800004, 1.237349718000075], [117.60577731100011, 1.237351831000069], [117.606045687, 1.237383968000074], [117.606052814, 1.237385841000048], [117.60606156400002, 1.23739172300003], [117.60606741100003, 1.237400526000044], [117.60606741700008, 1.237400555000022], [117.60606743300002, 1.237400579000052], [117.60613038600002, 1.237554359000058], [117.60613039300006, 1.237554394000028], [117.60613165400002, 1.237558278000051], [117.60618700500004, 1.237721660000034]]], [[[117.60618712200005, 1.23823542100007], [117.60619200600001, 1.237814386000025], [117.60615110000003, 1.237821094000026], [117.60614235000003, 1.237815212000044], [117.60613650300002, 1.237806409000029], [117.60613521300002, 1.237802438000074], [117.60607974000004, 1.237573127000076], [117.60602359900008, 1.237435986000037], [117.60576295100009, 1.237404775000073], [117.6057558230001, 1.237402901000053], [117.60575071100004, 1.237399465000067], [117.60551808500009, 1.237340987000039], [117.60538456300003, 1.237441828000044], [117.60537870300004, 1.237445192000052], [117.60536838500002, 1.237447260000067], [117.60536097700003, 1.23744621700007], [117.60529805400006, 1.237428138000041], [117.60529797600009, 1.237428111000042], [117.60529794400009, 1.237428106000038], [117.60502081000004, 1.237347194000051], [117.60486111900002, 1.237320443000044], [117.60464593900008, 1.237293421000061], [117.60463987300011, 1.237291808000066], [117.60463926900002, 1.237291691000053], [117.60427970300009, 1.23714702500007], [117.60427956600006, 1.237146934000066], [117.604279399, 1.237146901000074], [117.60427064900011, 1.237141019000035], [117.60426834300006, 1.237138377000065], [117.60417843300002, 1.237020789000042], [117.60417489200006, 1.237014628000054], [117.60417283700008, 1.237004243000058], [117.60417488700011, 1.236993856000026], [117.60417502900009, 1.236993643000062], [117.60417507900002, 1.236993403000042], [117.60423003900007, 1.236866341000052], [117.604087219, 1.236841008000056], [117.60408451100011, 1.23684021300005], [117.60408337800004, 1.236840029000064], [117.6040654410001, 1.236834015000056], [117.60406585500004, 1.236864843000035], [117.6040649470001, 1.236869609000053], [117.60406495100005, 1.236886659000049], [117.60406495600012, 1.236910459000057], [117.60409114000004, 1.237015772000063], [117.60409124600005, 1.237016643000061], [117.60409153500007, 1.237017638000054], [117.60411755100006, 1.237165824000044], [117.60419899900012, 1.237288729000056], [117.60430667600008, 1.237322049000056], [117.60430906500005, 1.23732291400006], [117.60430959500002, 1.237323271000037], [117.60431014900007, 1.237323394000043], [117.60444498800007, 1.23738669100004], [117.60444542700009, 1.237386999000023], [117.6044478770001, 1.237388269000064], [117.60459171100001, 1.237478704000068], [117.6045964870001, 1.237482527000054], [117.6046023350001, 1.237491330000069], [117.60460236800009, 1.237491498000054], [117.60460245900003, 1.237491637000062], [117.60461579800005, 1.237525180000034], [117.60463090000007, 1.237530243000037], [117.60463164500004, 1.23753070600003], [117.60463269200011, 1.237530916000026], [117.6046385520001, 1.237534276000019], [117.60467451200009, 1.237561408000033], [117.60477773700006, 1.237639294000076], [117.60485295900003, 1.237656100000038], [117.60485742900005, 1.237657519000038], [117.6048578330001, 1.237657791000061], [117.60485826800004, 1.237657885000033], [117.60495688300011, 1.237702974000058], [117.60508246200004, 1.237757110000075], [117.60508285000003, 1.237757374000068], [117.60508324300008, 1.237757462000047], [117.60521803100005, 1.237820734000024], [117.60533484000007, 1.237874964000071], [117.6053354170001, 1.237875368000061], [117.60533849800004, 1.237877023000067], [117.60536407000006, 1.237894173000029], [117.60539852600004, 1.237911503000021], [117.60539955700006, 1.237912251000068], [117.60540214000002, 1.237913692000063], [117.60546176900004, 1.237956541000074], [117.60548488900008, 1.237964291000026], [117.60548563500004, 1.237964755000064], [117.60548668100012, 1.237964964000071], [117.60549065400005, 1.237967023000067], [117.60556257100006, 1.238012240000046], [117.60556734700003, 1.238016063000032], [117.60557484100002, 1.238023602000055], [117.60567021300005, 1.238093381000056], [117.60579235300008, 1.238154813000051], [117.60581750200004, 1.23816324400002], [117.6058182480001, 1.238163707000069], [117.60581929400007, 1.238163917000065], [117.60582804400008, 1.238169798000058], [117.60583253200002, 1.238174313000059], [117.60584930800007, 1.238179937000041], [117.60586290900005, 1.238179934000073], [117.60586773300008, 1.238180371000055], [117.60596421600007, 1.238198004000026], [117.60600672600003, 1.238197995000064], [117.60602470300012, 1.23819799000006], [117.60602913600007, 1.238198359000023], [117.60608306800009, 1.238207393000039], [117.60608895400003, 1.238209088000076], [117.60608984200007, 1.238209685000072], [117.60609069500003, 1.238209887000039], [117.60614176100012, 1.238235572000065], [117.60618712200005, 1.23823542100007]]], [[[117.60385842500011, 1.237350443000025], [117.60384427200006, 1.237187051000035], [117.60376694600006, 1.237225432000059], [117.60368906100007, 1.237311703000046], [117.60371361400007, 1.23748441500004], [117.60381037600007, 1.237670240000057], [117.603811403, 1.237672447000023], [117.6038134580001, 1.237682833000065], [117.6038135020001, 1.237878258000023], [117.60390143500001, 1.238205432000029], [117.60414194700002, 1.238581804000034], [117.60414295900011, 1.238583751000021], [117.60414338300006, 1.23858434300007], [117.60423692600011, 1.238772537000045], [117.60429905300009, 1.238678695000033], [117.60429902800001, 1.238569304000066], [117.60430049100012, 1.238560481000036], [117.604491789, 1.237999943000034], [117.60420157400006, 1.237776677000056], [117.60419888600006, 1.237774309000031], [117.60419712400005, 1.23777235600005], [117.60386446400003, 1.23736532700002], [117.60386037800004, 1.237358478000033], [117.60385842500011, 1.237350443000025]]], [[[117.60618745200009, 1.239688988000069], [117.60618989700004, 1.239491002000022], [117.60617076400001, 1.239489972000058], [117.60616044500011, 1.239487908000058], [117.60615169500011, 1.239482027000065], [117.606147125, 1.239475901000048], [117.60596689300007, 1.239145750000034], [117.60577252000007, 1.238932426000076], [117.60550421000005, 1.23870748500002], [117.60550240500004, 1.238705827000047], [117.6055019910001, 1.238705204000041], [117.60550146100002, 1.238704828000039], [117.60525480700005, 1.238430097000048], [117.60502249900003, 1.238360876000058], [117.60464823900008, 1.238343024000073], [117.60463920200004, 1.23834099100003], [117.60463045300003, 1.238335110000037], [117.60462540000003, 1.238328057000047], [117.60455346100002, 1.238183326000069], [117.60455325900011, 1.238182467000058], [117.60455266600002, 1.238181574000066], [117.60455175000004, 1.238178987000026], [117.6045218800001, 1.238078857000062], [117.60435295900004, 1.238573826000049], [117.6043529850001, 1.238686900000062], [117.60435093400008, 1.238697286000047], [117.60434845900011, 1.238701956000057], [117.60427845400011, 1.238807698000073], [117.60438613300005, 1.238890536000042], [117.60466959200005, 1.239059847000021], [117.60475414700011, 1.239085357000022], [117.60489328900007, 1.239102830000036], [117.60520542800009, 1.239084806000051], [117.60520614000006, 1.239084927000022], [117.60520696600008, 1.239084761000072], [117.60521728600008, 1.239086825000072], [117.60522161600011, 1.239089112000045], [117.60536968100007, 1.239185493000036], [117.60564273300008, 1.239229755000054], [117.60564875900002, 1.239231474000064], [117.60565578400008, 1.239235765000046], [117.60588053600009, 1.239425695000023], [117.60588225900005, 1.239427285000033], [117.60588698600009, 1.239433703000032], [117.60595774800004, 1.239567170000043], [117.60605521000002, 1.239689732000045], [117.60616955100011, 1.239681311000027], [117.60618745200009, 1.239688988000069]]], [[[117.60618701100009, 1.241327764000062], [117.60617622200004, 1.239844571000049], [117.60606864800002, 1.239950348000036], [117.60580420600002, 1.240231847000075], [117.6057430730001, 1.240337383000053], [117.60552762900011, 1.240735148000056], [117.60552302500002, 1.240741344000071], [117.60552219700003, 1.240741901000035], [117.605521715, 1.240742578000038], [117.6053060380001, 1.240932610000073], [117.60529860100007, 1.240937261000056], [117.60529843400002, 1.240937294000048], [117.6052982970001, 1.240937386000041], [117.60502923900003, 1.241045780000036], [117.60496423000006, 1.241075476000049], [117.6050337370001, 1.241093869000053], [117.6050778880001, 1.241102746000024], [117.60507859200004, 1.24110296200007], [117.60507914000004, 1.241103029000044], [117.60532987500005, 1.241166059000022], [117.60553501200002, 1.241201918000058], [117.60575009800004, 1.241228929000044], [117.60575084200002, 1.241229126000064], [117.60575204200006, 1.241229246000046], [117.60593181700006, 1.24126539100007], [117.6059324150001, 1.241265574000067], [117.60593290000008, 1.241265632000022], [117.60618701100009, 1.241327764000062]]], [[[117.60619477800003, 1.243659344000037], [117.60622541700002, 1.242393116000073], [117.60619912400011, 1.242393732000039], [117.6061888050001, 1.242391668000039], [117.60618008300003, 1.242385815000034], [117.60616189300003, 1.24236756800002], [117.60583882300011, 1.242128084000058], [117.60583575100009, 1.24212542600003], [117.60582990300009, 1.242116623000072], [117.605828373, 1.242111560000069], [117.6058214740001, 1.24207688000007], [117.60536741200008, 1.241751855000075], [117.60523823100004, 1.241725882000026], [117.60523320000004, 1.241724344000033], [117.605229387, 1.24172238500006], [117.60511252200001, 1.241650038000046], [117.60511230400004, 1.241649865000056], [117.60511198000006, 1.241649693000056], [117.60478469200007, 1.241436126000053], [117.60431484800006, 1.241382699000042], [117.60415328700003, 1.241367250000053], [117.6041109030001, 1.241837687000043], [117.60411024700011, 1.241840371000023], [117.60410982300004, 1.241843211000059], [117.60407449000002, 1.241958883000052], [117.60404928000003, 1.242128309000066], [117.60413435500004, 1.242273802000057], [117.6041358110001, 1.242276740000023], [117.60413589900008, 1.242276871000058], [117.60424044600006, 1.242522245000032], [117.60434607700006, 1.242587637000042], [117.60445980600002, 1.242612139000073], [117.60455138500004, 1.242578597000033], [117.604554516, 1.242578041000058], [117.60455891700008, 1.242577014000062], [117.60470272900011, 1.242567934000022], [117.60470350000003, 1.242568063000022], [117.60470441100006, 1.24256788100007], [117.60471473000007, 1.242569945000071], [117.6047223270001, 1.242574732000037], [117.60479925700008, 1.242643528000031], [117.60496968600012, 1.242703521000067], [117.6050729640001, 1.242703497000036], [117.60508328300011, 1.242705561000037], [117.60508967400006, 1.242709332000061], [117.60526048300005, 1.242844994000052], [117.60526067, 1.242845161000048], [117.60526075100006, 1.242845210000041], [117.60578217200009, 1.24327028700003], [117.60578347300009, 1.243271466000067], [117.60578363800005, 1.243271573000072], [117.60619477800003, 1.243659344000037]]], [[[117.60618025300005, 1.245289612000022], [117.60618792100001, 1.244467359000055], [117.60618809300001, 1.244447044000026], [117.60618291900005, 1.244450525000047], [117.60617260000004, 1.244452594000052], [117.60616228000004, 1.244450530000051], [117.60615690700001, 1.244447528000023], [117.60606545200005, 1.244381692000047], [117.60539374100006, 1.243994281000028], [117.6049366950001, 1.243795968000029], [117.60493611900006, 1.243795575000036], [117.60493556600011, 1.243795446000036], [117.60459164500003, 1.243626904000052], [117.60449117300004, 1.243635355000038], [117.60448893300008, 1.243635449000067], [117.60448411000004, 1.243635012000027], [117.60438953900007, 1.243617728000061], [117.60407928900008, 1.243662411000059], [117.60407547500006, 1.243662684000071], [117.60406515600005, 1.24366062100006], [117.60405640600004, 1.243654740000068], [117.60405206000007, 1.243649015000074], [117.60402232600006, 1.243596670000045], [117.60393580800007, 1.24358085800003], [117.6039303120001, 1.243579231000069], [117.6039301300001, 1.243579109000052], [117.6039299250001, 1.243579066000052], [117.60345363800002, 1.243371807000074], [117.60344581200002, 1.243911845000071], [117.6034472230001, 1.243911562000051], [117.6036289320001, 1.24401819600007], [117.60379726500003, 1.244080573000076], [117.60379770000009, 1.244080853000071], [117.60379826200005, 1.244080965000023], [117.60399455600009, 1.244320163000054], [117.60419002800006, 1.244431306000024], [117.60430122000002, 1.244426177000037], [117.60435134600004, 1.244410229000039], [117.60458663600002, 1.24487483300004], [117.6046463350001, 1.244874819000074], [117.60476776300004, 1.244831139000041], [117.60476885700007, 1.244830948000072], [117.60477239900001, 1.244829926000023], [117.60493418300007, 1.244802748000041], [117.60493861600003, 1.244802378000031], [117.60504647700009, 1.244802353000068], [117.6050567960001, 1.244804416000022], [117.60505697600001, 1.24480453700005], [117.60505718000002, 1.24480458000005], [117.60538373200006, 1.244946619000075], [117.60550299200008, 1.244938018000028], [117.605515233, 1.244940012000029], [117.60552398200002, 1.244945893000022], [117.60552983000002, 1.244954697000026], [117.605531885, 1.244965082000022], [117.6055298340001, 1.244975469000053], [117.60552399100004, 1.244984275000036], [117.60551524400012, 1.244990161000032], [117.60550684700002, 1.244992159000049], [117.60538101200007, 1.245001235000075], [117.60538014300005, 1.245001094000031], [117.60537909100003, 1.245001305000073], [117.605370622, 1.244999543000063], [117.60536877100003, 1.244999241000073], [117.60536859100011, 1.244999120000045], [117.6053683880001, 1.244999078000035], [117.60504090800009, 1.244856635000076], [117.60494086100005, 1.24485665800006], [117.60478364900007, 1.244883067000046], [117.60466008700007, 1.244927515000029], [117.60465101800003, 1.244929099000046], [117.60462307600005, 1.24492910500004], [117.60466260500004, 1.244983785000045], [117.60471505100008, 1.24503654800003], [117.60472077100007, 1.24504504600003], [117.60482428700004, 1.245287999000027], [117.60485886100003, 1.245301909000034], [117.60485899900004, 1.245302001000027], [117.6048591660001, 1.245302034000076], [117.60496681000006, 1.245407407000073], [117.60497018, 1.245411542000056], [117.60501937200002, 1.245485773000041], [117.60512679900012, 1.245527331000062], [117.60536614600005, 1.245589728000027], [117.6056028590001, 1.245616145000042], [117.60582476200011, 1.245573140000033], [117.60600774600005, 1.245397657000069], [117.60600818000012, 1.24539737300006], [117.6060113850001, 1.245394727000075], [117.60609196500002, 1.245340631000033], [117.60609224100006, 1.245340483000064], [117.60609245500007, 1.245340310000074], [117.6061651980001, 1.245293735000075], [117.60616934600012, 1.245291562000034], [117.60617966500001, 1.245289494000076], [117.60618025300005, 1.245289612000022]]], [[[117.60344498200004, 1.243969094000022], [117.60341243300002, 1.245381098000053], [117.60341979100008, 1.245707404000029], [117.60341023100011, 1.246649211000033], [117.60339307100003, 1.246783976000074], [117.60340626000004, 1.246787218000065], [117.60490937500003, 1.247440809000068], [117.60493429100006, 1.247510975000068], [117.60493180800006, 1.247543556000039], [117.60492686700002, 1.247711469000023], [117.6049866620001, 1.247869343000048], [117.60501655000007, 1.24790692800002], [117.60523571100009, 1.248094839000032], [117.60527306800009, 1.248127410000052], [117.6053104230001, 1.248149957000066], [117.60535525000012, 1.248185033000027], [117.60556441200004, 1.248202527000046], [117.60562666300007, 1.248207525000055], [117.60581341300008, 1.248220013000036], [117.60603503800007, 1.248292640000045], [117.60618943700001, 1.248385331000065], [117.60617037400004, 1.246349089000034], [117.60617970100009, 1.245348781000075], [117.60612164800011, 1.24538595100006], [117.60604325500003, 1.245438579000052], [117.60584273200004, 1.24562493600007], [117.60560097500002, 1.245670548000021], [117.60535449300005, 1.245642762000045], [117.6051117930001, 1.245579491000058], [117.60510915600003, 1.245578602000023], [117.60510888100009, 1.245578551000051], [117.60498263300008, 1.24552720600002], [117.60492679600009, 1.245443898000076], [117.6048389560001, 1.245355527000072], [117.6048391920001, 1.245356951000076], [117.6048925880001, 1.245527003000063], [117.60489384200002, 1.245535176000033], [117.60489184300002, 1.245771732000037], [117.60489125000004, 1.245772625000029], [117.60489104900012, 1.24577348300005], [117.6047840330001, 1.245989031000022], [117.6046953450001, 1.246248090000051], [117.60465080100005, 1.246463537000068], [117.60464931600006, 1.246468388000039], [117.60464347300001, 1.246477195000068], [117.60463472600009, 1.246483080000075], [117.60462440800006, 1.246485148000033], [117.60461408800006, 1.246483085000023], [117.60460533900005, 1.24647720300004], [117.60459949100004, 1.246468400000026], [117.60459743600006, 1.246458014000041], [117.6045980020001, 1.246452479000027], [117.60464289400011, 1.246235346000049], [117.60464367100008, 1.246232808000059], [117.60464380000008, 1.246232034000059], [117.60473362300002, 1.245969657000046], [117.60473459000002, 1.245968099000038], [117.60473499600005, 1.245966366000061], [117.60483996200003, 1.245754950000048], [117.60483991300009, 1.245539372000053], [117.60477784400007, 1.245316720000062], [117.6046732530001, 1.245071243000041], [117.60462298300001, 1.245020670000031], [117.60462024200001, 1.245017443000052], [117.604548313, 1.244917945000054], [117.6045469280001, 1.244915459000026], [117.60454609300007, 1.244914302000041], [117.60432583400006, 1.24447937900004], [117.60417025400011, 1.244482405000042], [117.60396349500002, 1.244364845000064], [117.60377166700005, 1.244128930000045], [117.603603141, 1.244065940000041], [117.60344498200004, 1.243969094000022]]]]}},
{"type": "Feature", "properties": {"ba_code": "4523", "blockid": "4523K32P10", "division": "01"}, "geometry": {"type": "MultiPolygon", "coordinates": [[[[117.63140964100012, 1.257429479000052], [117.631397837, 1.257456228000024], [117.63144805200011, 1.257539425000061], [117.63148940500002, 1.257607766000035], [117.63152189300001, 1.257649363000041], [117.63164001100006, 1.257705799000064], [117.63168726000004, 1.257732533000024], [117.63181127700011, 1.257765192000022], [117.63187328800007, 1.257788952000055], [117.63189987700002, 1.25785432400005], [117.63192646800007, 1.257928612000057], [117.63200620400005, 1.257991], [117.63206822000006, 1.258038534000036], [117.63210364800011, 1.258023666000042], [117.63219814600006, 1.258086051000021], [117.63221587300006, 1.258133595000061], [117.63222474300005, 1.258181141000023], [117.63220409400003, 1.258264356000041], [117.63225137000006, 1.258404019000068], [117.63233997400005, 1.258513953000033], [117.63239017400008, 1.258534743000041], [117.63250532000006, 1.258510941000054], [117.63257325600011, 1.258617908000076], [117.63258507100011, 1.258638708000035], [117.63267956300001, 1.258671374000073], [117.63275338100004, 1.258683244000053], [117.63279471900012, 1.258689177000065], [117.63285083300002, 1.258751571000062], [117.63288628300006, 1.258825857000033], [117.63290992400005, 1.258912033000058], [117.63293946500005, 1.258971461000044], [117.63295128300001, 1.259004148000031], [117.6330753100001, 1.259075440000061], [117.63319048100004, 1.259155650000025], [117.63325840300001, 1.259206154000026], [117.63329678900004, 1.259215060000031], [117.633335181, 1.259247740000035], [117.63338862900002, 1.259276503000024], [117.63344740000002, 1.259327951000046], [117.63355962800006, 1.259449766000046], [117.63360392900006, 1.259497304000035], [117.63361763800003, 1.259510105000061], [117.63371321300008, 1.259651810000037], [117.6337545670001, 1.259723123000072], [117.63376047800011, 1.259746895000035], [117.63381659100003, 1.259803346000069], [117.63386089000005, 1.25984494000005], [117.633899283, 1.259883563000074], [117.63394062600003, 1.259907328000054], [117.63393165100001, 1.259422929000038], [117.633961096, 1.259090083000046], [117.63388094600009, 1.257310005000022], [117.63385121500005, 1.256460082000046], [117.63304791600001, 1.256493140000032], [117.63145698200003, 1.256502574000024], [117.63145685200004, 1.257298709000054], [117.63140964100012, 1.257429479000052]]]]}},
{"type": "Feature", "properties": {"ba_code": "4523", "blockid": "4523M25P08", "division": "01"}, "geometry": {"type": "MultiPolygon", "coordinates": [[[[117.61425120100012, 1.247277088000033], [117.61432818500009, 1.247272227000053], [117.61434259700002, 1.247175367000068], [117.61434719400006, 1.246250387000032], [117.61437123200005, 1.246163211000066], [117.61436158600009, 1.246066356000028], [117.61420279200001, 1.246013123000068], [117.61415466100004, 1.245945334000055], [117.61411678000002, 1.245893262000038], [117.61410588700005, 1.245886953000024], [117.61409834800008, 1.24585425500004], [117.61412452900004, 1.245721784000068], [117.61409789800007, 1.245492204000072], [117.6140722990001, 1.245414968000034], [117.61405335500001, 1.245293766000032], [117.61395525600005, 1.244845465000026], [117.61376063500006, 1.244438470000034], [117.61327476300005, 1.244145206000042], [117.61303621200011, 1.243915399000059], [117.61303605800003, 1.243915173000062], [117.61303581900006, 1.243915012000059], [117.61287559300001, 1.243582815000025], [117.6129469660001, 1.243232195000076], [117.6129558130001, 1.242981234000069], [117.61296453600005, 1.242680368000038], [117.61283499300009, 1.242411066000045], [117.61259657800008, 1.242206748000058], [117.61259499700009, 1.242205279000075], [117.61258914900009, 1.242196475000071], [117.61258726000005, 1.242189087000042], [117.61257825300004, 1.242107668000074], [117.61257808700009, 1.24210467100005], [117.612580137, 1.242094284000075], [117.61258218300009, 1.242090286000064], [117.61267098700012, 1.241947202000063], [117.6127330810001, 1.241804261000027], [117.61273321200008, 1.241804067000032], [117.61273454200011, 1.241801378000048], [117.61282439000001, 1.241647562000026], [117.61282530400001, 1.241646372000048], [117.6128260590001, 1.241645038000058], [117.61287891100005, 1.241574077000053], [117.61295833800011, 1.241431879000061], [117.61299558700011, 1.241349348000028], [117.61294814200005, 1.241294799000059], [117.61270207900009, 1.241188726000075], [117.6127018410001, 1.241188564000026], [117.61269774300001, 1.241186363000054], [117.61256429500008, 1.241096864000042], [117.61251311300009, 1.241071122000051], [117.61240925900006, 1.241031818000067], [117.61234017800007, 1.241097902000035], [117.61225253100008, 1.24132742200004], [117.6122523470001, 1.241327708000028], [117.61225227600005, 1.241328066000051], [117.61224913600006, 1.241333694000048], [117.61207841200007, 1.241568949000055], [117.61207570900001, 1.24157212700004], [117.61206696200009, 1.241578013000037], [117.61206679500003, 1.241578046000029], [117.61206665800012, 1.241578138000023], [117.61197782400006, 1.24161392600007], [117.61183503000007, 1.241685828000072], [117.6118341780001, 1.241686031000029], [117.61183329100004, 1.241686628000025], [117.61183072000006, 1.241687550000051], [117.61172319100001, 1.241720046000069], [117.6117154430001, 1.241721192000057], [117.61171413500006, 1.241720931000032], [117.61172564100002, 1.242044132000046], [117.61172418600006, 1.242059636000022], [117.61160821200008, 1.245859299000074], [117.61161011200011, 1.245867841000063], [117.61162067700002, 1.24589677900002], [117.61163418600006, 1.245910370000047], [117.611729093, 1.245971126000029], [117.611862341, 1.246033675000035], [117.61198040500005, 1.246186705000071], [117.612003651, 1.246362828000031], [117.61200371500001, 1.246363994000035], [117.61200376900001, 1.24636423100003], [117.61202149100006, 1.246666256000026], [117.61203085600005, 1.246691502000033], [117.61198791600009, 1.24680023600007], [117.6118980550001, 1.246899771000074], [117.61189755600003, 1.246900125000025], [117.61189717000002, 1.246900706000019], [117.61176127600004, 1.246995337000044], [117.611751432, 1.247132718000046], [117.61170705300003, 1.247302612000055], [117.61168956200004, 1.247470230000033], [117.611697735, 1.247609523000051], [117.61184870300008, 1.247727648000023], [117.61191252000003, 1.247772182000062], [117.61245350900003, 1.247559891000037], [117.6128077510001, 1.247354912000048], [117.61296171400011, 1.247325819000025], [117.61425120100012, 1.247277088000033]]], [[[117.61419082100008, 1.239419240000075], [117.61401561700006, 1.239489825000021], [117.6134796, 1.239693406000072], [117.61279161700008, 1.239988979000032], [117.61240551500009, 1.240118091000056], [117.61112622000007, 1.24058360600003], [117.61122054600003, 1.240784161000022], [117.61128347700003, 1.240838427000028], [117.61158012700002, 1.240992153000036], [117.61164305400007, 1.241028325000059], [117.61169699600009, 1.241082593000044], [117.61170496300008, 1.24146326400006], [117.61171220500012, 1.241666691000034], [117.61181298200006, 1.241636236000033], [117.61195469800009, 1.24156487700003], [117.61195571300004, 1.241564635000032], [117.61195674200007, 1.241563952000035], [117.6120394290001, 1.241530640000065], [117.61220347500011, 1.241304586000069], [117.61229202100003, 1.241072712000062], [117.61229220500002, 1.241072426000073], [117.61229227600006, 1.24107206900004], [117.61229524700002, 1.241067713000064], [117.61229811900012, 1.241063262000068], [117.6122984210001, 1.241063059000055], [117.61229861400011, 1.241062777000025], [117.61247834100004, 1.24089084600007], [117.61247967800011, 1.240889972000048], [117.61248432600007, 1.240886519000071], [117.61280786600003, 1.240714556000057], [117.61280850100002, 1.240714255000057], [117.61280861900002, 1.240714171000036], [117.61319507300004, 1.240524099000027], [117.61319599, 1.240523885000073], [117.61319689100003, 1.24052328700003], [117.61324024200007, 1.240505822000046], [117.61331718500003, 1.240462775000026], [117.61344699200004, 1.240349491000075], [117.61356065400003, 1.24017340000006], [117.6137125570001, 1.239840435000076], [117.61371403700002, 1.239838293000048], [117.61371665100012, 1.23983402500005], [117.61388738300002, 1.239634957000021], [117.61388811100005, 1.239634427000055], [117.61388872300006, 1.239633505000029], [117.613892286, 1.239630489000035], [117.61419082100008, 1.239419240000075]]], [[[117.61415945500005, 1.245867848000046], [117.61431816600009, 1.245567556000026], [117.61438070600002, 1.245519113000057], [117.61444324500007, 1.245470670000032], [117.61445763200004, 1.245267268000021], [117.61446226600003, 1.244502101000023], [117.61449307400005, 1.244148789000064], [117.61441210100008, 1.243814078000071], [117.61443790400006, 1.243184859000053], [117.61444249800002, 1.242245350000076], [117.61448089700002, 1.241838544000075], [117.61447116800002, 1.241378478000058], [117.61444703400002, 1.241049171000043], [117.61449024100011, 1.240627835000055], [117.61444186900007, 1.239518840000073], [117.61448511200001, 1.239252475000058], [117.61431786500009, 1.23935771500004], [117.6143185200001, 1.239358701000072], [117.61432057500008, 1.239369087000057], [117.61431852400005, 1.239379473000042], [117.61431165300007, 1.239389262000032], [117.6142583510001, 1.239437568000028], [117.61425782100002, 1.239437905000045], [117.61425581700007, 1.239439601000072], [117.61392602900003, 1.239672965000068], [117.61375997200003, 1.239866582000047], [117.61360884300007, 1.240197851000062], [117.61360849700009, 1.24019835100006], [117.61360695000008, 1.240201311000021], [117.61349014300004, 1.240382273000023], [117.61348660300007, 1.240386674000035], [117.61348571100007, 1.240387274000057], [117.61348519600006, 1.24038799300007], [117.61335039900007, 1.240505632000065], [117.61334857700001, 1.240506766000067], [117.61334583500002, 1.240508848000047], [117.61326495000003, 1.240554101000043], [117.61326217400006, 1.240555451000034], [117.61326200700012, 1.240555485000073], [117.61326187000009, 1.24055557600002], [117.613217856, 1.240573308000023], [117.61283267600004, 1.24076275300007], [117.61251279800001, 1.240932770000029], [117.61245269500012, 1.24099026600004], [117.61253340400003, 1.241020810000066], [117.61253466300002, 1.24102162600002], [117.6125359670001, 1.241021936000038], [117.61258990300007, 1.241049064000038], [117.61259062400006, 1.241049586000031], [117.61259280200011, 1.24105075600005], [117.6127255880001, 1.24113981000005], [117.61297501000001, 1.241247332000057], [117.61298345600005, 1.24125308400005], [117.6129840100001, 1.241253917000051], [117.61298468300004, 1.241254403000028], [117.61304761800011, 1.241326762000028], [117.61305223900001, 1.241334247000054], [117.61305429400011, 1.24134463300004], [117.61305224300008, 1.241355020000071], [117.6130519730001, 1.24135542700003], [117.61305187900007, 1.24135586400007], [117.61300696100011, 1.241455389000066], [117.61300681400007, 1.241455601000041], [117.61300591500003, 1.241457464000064], [117.61292505300003, 1.241602231000059], [117.61292407500002, 1.241603531000067], [117.61292312400008, 1.241605210000046], [117.61287011600007, 1.241676382000037], [117.61278184900004, 1.241827491000038], [117.61271960900001, 1.241970768000044], [117.61271943100007, 1.241971031000048], [117.61271777200011, 1.241974275000075], [117.61263288900011, 1.242111040000054], [117.61263967600007, 1.242172391000054], [117.6128742730001, 1.242373438000072], [117.61287585500008, 1.242374907000055], [117.61288106200004, 1.242382275000068], [117.61301595200007, 1.242662693000057], [117.61301611500005, 1.242663411000024], [117.613016592, 1.242664128000058], [117.61301785500007, 1.242671039000072], [117.6130186470001, 1.242674513000054], [117.61301856500006, 1.242674927000053], [117.61301863500012, 1.242675311000028], [117.61300971800006, 1.242982903000041], [117.61300969800004, 1.242982995000034], [117.613009712, 1.242983074000051], [117.61300078200009, 1.243236385000046], [117.61300063200008, 1.243237083000054], [117.61300025100002, 1.243240870000022], [117.61293029700005, 1.24358451400002], [117.6130769130001, 1.243879480000032], [117.61330534600006, 1.244100373000038], [117.61380863700003, 1.244411769000067], [117.61381706600002, 1.244437198000071], [117.61400512500006, 1.244824546000075], [117.61400529900004, 1.244825304000074], [117.61400580800012, 1.244826070000045], [117.61410630800003, 1.245283865000033], [117.61410652400002, 1.245284643000048], [117.61412418000009, 1.245399973000076], [117.6141504410001, 1.245479205000038], [117.61415183300005, 1.245513165000034], [117.61417861900009, 1.245719486000041], [117.61415465200002, 1.245854639000072], [117.61415322900007, 1.245869360000029], [117.61415858200007, 1.245879053000067], [117.61415945500005, 1.245867848000046]]]]}},
{"type": "Feature", "properties": {"ba_code": "4523", "blockid": "4523N29P07", "division": "01"}, "geometry": {"type": "MultiPolygon", "coordinates": [[[[117.62283106500001, 1.238166559000035], [117.62439950300006, 1.238162299000066], [117.62554299300007, 1.238154251000026], [117.62552893700001, 1.236492646000045], [117.62553441600005, 1.23452261500006], [117.62552277700001, 1.234308764000048], [117.62551357900008, 1.23428255400006], [117.62551827700008, 1.234284166000066], [117.6255194250001, 1.234284885000022], [117.62550124000006, 1.233362484000054], [117.62548757400009, 1.232446294000056], [117.62517471700005, 1.232691328000044], [117.62418991700008, 1.233982465000054], [117.62404702200001, 1.234161358000051], [117.62352949900003, 1.234752497000045], [117.6227918400001, 1.235619754000027], [117.62280560300007, 1.23699990800003], [117.62283106500001, 1.238166559000035]]]]}},
{"type": "Feature", "properties": {"ba_code": "4523", "blockid": "4523O35P10", "division": "03"}, "geometry": {"type": "MultiPolygon", "coordinates": [[[[117.63935064000009, 1.226990292000039], [117.64085163200002, 1.226808996000045], [117.64205602400011, 1.226682052000058], [117.64207386900011, 1.226130199000067], [117.642092638, 1.225655071000062], [117.64206518500009, 1.225643837000064], [117.64155238800004, 1.225442775000033], [117.64152544700005, 1.225542296000071], [117.6411390400001, 1.225904257000025], [117.6411210120001, 1.225687140000048], [117.64123776200006, 1.225280011000052], [117.64055467000003, 1.225334455000052], [117.6399344890001, 1.225361745000043], [117.64023105100011, 1.225153599000066], [117.6402939400001, 1.225035977000061], [117.64063546500006, 1.224918287000037], [117.64092308400006, 1.224900125000033], [117.64078820600002, 1.224673990000042], [117.64053653400003, 1.22466500400003], [117.64041066000004, 1.224502193000035], [117.64059007500009, 1.223027537000064], [117.6402304500001, 1.222620522000057], [117.64012254400006, 1.222421520000069], [117.6400236390001, 1.222276797000063], [117.63990678200003, 1.222231591000025], [117.63980794400004, 1.222367316000032], [117.63966413700007, 1.222385444000054], [117.63959221800008, 1.222331181000072], [117.63951130900011, 1.222267873000021], [117.639319655, 1.222320190000062], [117.639313592, 1.222367434000034], [117.63934064000011, 1.22272024900002], [117.63934982900003, 1.223570637000023], [117.63933235500008, 1.225687571000037], [117.63933257600002, 1.226619381000035], [117.63935064000009, 1.226990292000039]]], [[[117.64211854100006, 1.224999351000065], [117.64210952000008, 1.224863652000067], [117.64211833600007, 1.224139914000034], [117.64218120400005, 1.223931825000022], [117.64203743300004, 1.224103747000072], [117.64194755300002, 1.224112815000069], [117.64183972700005, 1.224248542000055], [117.6419475990001, 1.224302796000075], [117.64198364800006, 1.224709889000053], [117.64211854100006, 1.224999351000065]]], [[[117.63955597600011, 1.221109884000043], [117.63955598600012, 1.221109999000021], [117.63966994900011, 1.221215094000058], [117.63988869400009, 1.22151462000005], [117.64003454300007, 1.221789707000028], [117.64050845200006, 1.222272585000042], [117.64068465300011, 1.222468186000071], [117.6407211610001, 1.222731071000055], [117.64118279800005, 1.222688164000033], [117.64129210200008, 1.222547519000045], [117.64127381100002, 1.222260174000041], [117.64124337500004, 1.221991173000049], [117.64104888300005, 1.221508227000072], [117.64081798600012, 1.221196478000024], [117.64033802200004, 1.220793080000021], [117.64013752700009, 1.220609714000034], [117.63977912300004, 1.22052420600005], [117.63950579400012, 1.220585410000069], [117.63939405300005, 1.220534831000066], [117.63939406700001, 1.220594261000031], [117.63939412000002, 1.220820428000025], [117.63955597600011, 1.221109884000043]]], [[[117.64204218600003, 1.222344555000063], [117.64202780000005, 1.221389739000074], [117.64198272400006, 1.220819807000055], [117.64200954300009, 1.220204625000065], [117.64201831500009, 1.219290906000026], [117.64196427600007, 1.218829538000023], [117.64196427600007, 1.218828030000054], [117.6417305760001, 1.218802453000023], [117.64159576600002, 1.218856766000044], [117.6412722450001, 1.219083011000066], [117.64087675700011, 1.219055966000042], [117.64075092200005, 1.219055996000066], [117.6405621890001, 1.219137461000059], [117.64043637000009, 1.219200818000047], [117.64004097200007, 1.219553735000034], [117.63960964500006, 1.220006173000058], [117.63983438600008, 1.220159913000032], [117.6399422940001, 1.220367962000068], [117.64002318400003, 1.220349849000058], [117.64017599600004, 1.22040409300007], [117.6402029410001, 1.220322666000072], [117.6403466800001, 1.220015043000046], [117.6401938140001, 1.219734632000041], [117.6402027900001, 1.219680350000033], [117.6402836640001, 1.219598910000059], [117.64036456200006, 1.219616984000027], [117.64058035200003, 1.219924520000063], [117.64081405200011, 1.219951604000073], [117.64111065400004, 1.21991534700004], [117.64123648900011, 1.219915316000026], [117.6412634620001, 1.219951497000068], [117.64138934400012, 1.220150494000052], [117.64140734400007, 1.220250003000046], [117.64134444400008, 1.220322392000071], [117.64102985600005, 1.220322468000063], [117.64106582200009, 1.220376739000073], [117.64110179800002, 1.220476244000054], [117.64120967200006, 1.220539545000065], [117.64129955800001, 1.220557617000054], [117.64130857700002, 1.22068426900006], [117.64134453800011, 1.220720447000076], [117.64135354100006, 1.220783772000061], [117.6412457020001, 1.220865218000029], [117.64137156700008, 1.220991842000046], [117.64149741000006, 1.221027998000068], [117.64162325600012, 1.221073201000024], [117.64179409400003, 1.221335515000021], [117.6417762100001, 1.221724527000049], [117.64180319200011, 1.221796894000022], [117.64178525600005, 1.221968786000048], [117.64179426200008, 1.222041157000035], [117.64172241800009, 1.222303529000044], [117.64180331400007, 1.22231255600002], [117.64204218600003, 1.222344555000063]]], [[[117.64141535300007, 1.217716925000047], [117.64155060100006, 1.217906873000061], [117.64154165700006, 1.218096856000045], [117.64112829200008, 1.218485963000035], [117.64104735800004, 1.218314095000039], [117.64094160600007, 1.217729464000058], [117.64093936000006, 1.217717039000036], [117.64093935800008, 1.217717039000036], [117.64043602800007, 1.217753346000052], [117.64010348800002, 1.217852939000068], [117.63974398800008, 1.217970632000061], [117.6393305470001, 1.218043105000049], [117.63934857700008, 1.218269268000029], [117.6393575840001, 1.218350686000065], [117.63933963800002, 1.218477344000064], [117.639336995, 1.218523337000022], [117.63932172600005, 1.219123472000035], [117.63988807600003, 1.219146669000054], [117.63997796900003, 1.219191881000029], [117.64002293100009, 1.219282338000028], [117.64005889700002, 1.219336609000038], [117.63998399200011, 1.219529414000021], [117.63998036300006, 1.219542624000042], [117.640400408, 1.219164640000031], [117.64052622000008, 1.219065096000065], [117.64073292900002, 1.218983627000057], [117.64088572800006, 1.21898359000005], [117.64119133400004, 1.219010657000069], [117.6415867610001, 1.218784395000057], [117.64172157500002, 1.21874817500003], [117.64194506600006, 1.218748122000022], [117.64196423100009, 1.218747132000033], [117.64193704600007, 1.21770775300007], [117.64141573300003, 1.217716925000047], [117.64141535300007, 1.217716925000047]]], [[[117.64208509900004, 1.223314506000065], [117.64205516700008, 1.223081465000064], [117.64203714100006, 1.222873395000022], [117.6420392230001, 1.222810068000058], [117.6419562320001, 1.222810088000074], [117.64185739600009, 1.222954859000026], [117.64188440400005, 1.223135787000047], [117.64172265500008, 1.223298666000062], [117.64150695, 1.223352998000053], [117.64137216800009, 1.223524918000066], [117.64134524600001, 1.223705859000063], [117.64141718000008, 1.223823448000076], [117.64157001, 1.223950065000054], [117.64173174200005, 1.223714812000026], [117.64208509900004, 1.223314506000065]]]]}},
{"type": "Feature", "properties": {"ba_code": "4523", "blockid": "4523K38P10", "division": "02"}, "geometry": {"type": "MultiPolygon", "coordinates": [[[[117.6476379500001, 1.264486813000076], [117.64764701000001, 1.264776305000055], [117.64762002900011, 1.268038582000031], [117.64929619200007, 1.267759803000047], [117.64926571600006, 1.267274385000064], [117.64927581900008, 1.267213280000021], [117.64929941700007, 1.267169144000036], [117.6493567340001, 1.267091054000048], [117.64942417800012, 1.26705030200003], [117.64970407200008, 1.266890686000067], [117.64992997800005, 1.266632640000068], [117.65001426800006, 1.266520597000067], [117.650024357, 1.26640517900006], [117.6500074810001, 1.266354264000029], [117.64995347900003, 1.266198127000052], [117.64988598500008, 1.266035204000048], [117.6497982090001, 1.265692372000046], [117.64973406000001, 1.265420822000067], [117.64973402300006, 1.265271460000065], [117.64969657800009, 1.263883082000063], [117.64973364100001, 1.263733711000043], [117.64967806100003, 1.263509259000045], [117.64961506600002, 1.263201687000048], [117.64961503300003, 1.263065987000061], [117.64964193700007, 1.262821720000034], [117.64974071400002, 1.262441734000049], [117.64972267000007, 1.262170338000033], [117.64964173300007, 1.261998471000027], [117.64956977000008, 1.26177232200007], [117.64955172400005, 1.261491880000051], [117.64951544100006, 1.260162026000046], [117.64947933500002, 1.259546860000057], [117.64939823200007, 1.258705539000061], [117.64938916500012, 1.25838890700004], [117.6493081860001, 1.258045154000058], [117.64920915500011, 1.257402864000028], [117.64917316900005, 1.25726717200007], [117.64899324800001, 1.256642996000039], [117.64898421100008, 1.256443971000067], [117.64855277800007, 1.256471219000048], [117.64770787200007, 1.256453337000039], [117.64761802500004, 1.256598106000069], [117.6476181050001, 1.256923787000062], [117.64770814400003, 1.257557033000069], [117.6477802180001, 1.25823551600007], [117.6476545490001, 1.258914049000055], [117.64764562300002, 1.25916735900006], [117.64766398200004, 1.260714338000071], [117.64766438900006, 1.262360835000038], [117.64763751300006, 1.262722709000059], [117.64769175700008, 1.263989232000029], [117.6476379500001, 1.264486813000076]]]]}},
{"type": "Feature", "properties": {"ba_code": "4523", "blockid": "4523N31P07", "division": "01"}, "geometry": {"type": "MultiPolygon", "coordinates": [[[[117.63119141400011, 1.235894214000041], [117.63113684600012, 1.233189258000039], [117.63107329600007, 1.230502397000066], [117.63100298300003, 1.229376488000071], [117.63058527300007, 1.229512493000072], [117.63023086300007, 1.229673966000064], [117.62961065700006, 1.230005384000037], [117.62832292200005, 1.230647798000064], [117.62829629700002, 1.232095280000067], [117.62826995600005, 1.234755024000037], [117.62826717000007, 1.234888281000053], [117.62826822200009, 1.234888838000074], [117.62826823900002, 1.234960883000042], [117.6282742950001, 1.234982197000022], [117.62827000900006, 1.234981192000021], [117.62826529200004, 1.23497812100004], [117.62825217900001, 1.23560542000007], [117.62831543700008, 1.237052881000068], [117.62834265300012, 1.238120388000027], [117.63125485300009, 1.238101598000071], [117.63138948500011, 1.237287361000028], [117.63138942300009, 1.237025006000067], [117.63131743300005, 1.236672201000033], [117.63126342500004, 1.236337486000025], [117.63122359600004, 1.23624591600003], [117.63122625300002, 1.236243742000056], [117.6312031760001, 1.236120030000052], [117.63118817200007, 1.236044615000026], [117.63118244500004, 1.235975636000035], [117.63119141400011, 1.235894214000041]]]]}},
{"type": "Feature", "properties": {"ba_code": "4523", "blockid": "4523O38P10", "division": "02"}, "geometry": {"type": "MultiPolygon", "coordinates": [[[[117.64796271600005, 1.229016443000035], [117.64802025000006, 1.228350248000027], [117.64802021600008, 1.228208891000065], [117.6480279750001, 1.228028266000024], [117.6478006430001, 1.228018678000069], [117.64761834100011, 1.227996953000059], [117.64759625400006, 1.22898325400007], [117.64759076200005, 1.229061830000035], [117.64796271600005, 1.229016443000035]]]]}},
{"type": "Feature", "properties": {"ba_code": "4523", "blockid": "4523M23P08", "division": "04"}, "geometry": {"type": "MultiPolygon", "coordinates": [[[[117.60621882100008, 1.241391613000076], [117.60622338400003, 1.241649981000023], [117.6062773330001, 1.242404676000035], [117.60623286200007, 1.244467348000057], [117.606215313, 1.246340032000035], [117.60622477000004, 1.24838459800003], [117.60633264, 1.248429807000036], [117.60659330900012, 1.248456886000042], [117.60671014700006, 1.248411626000063], [117.60698871600005, 1.248103971000035], [117.60722235300011, 1.24784156100003], [117.60760726400008, 1.24734283500004], [117.60769731300002, 1.247252158000038], [117.60779181200007, 1.246925776000069], [117.60793593300002, 1.246962005000057], [117.60805753900001, 1.247007304000022], [117.60826487400004, 1.247280419000049], [117.60838187500008, 1.24736985100003], [117.60857104000002, 1.247442332000048], [117.60869722200005, 1.247406369000032], [117.6087871960001, 1.247387888000048], [117.60889977900001, 1.247365198000068], [117.60893558600003, 1.246404240000061], [117.6089206260001, 1.24555233600006], [117.60892137100006, 1.24333555100003], [117.60897721000003, 1.242203002000053], [117.60895918200004, 1.242221847000053], [117.6088083620001, 1.242463066000028], [117.60875485800011, 1.242561847000047], [117.60875455100006, 1.242562261000046], [117.60875405200011, 1.242563236000024], [117.60866420200011, 1.242708005000054], [117.60866397600012, 1.242708291000042], [117.60866377200011, 1.242708675000074], [117.60864615800006, 1.242735282000069], [117.60855567700003, 1.24288161100003], [117.60852169600003, 1.242950053000072], [117.60852151100005, 1.242950312000062], [117.6085209900001, 1.242951381000069], [117.60848637600009, 1.243012383000064], [117.60845201300003, 1.243116221000037], [117.6084175310001, 1.243342158000075], [117.6084952110001, 1.243550504000041], [117.60859662900009, 1.243734013000051], [117.60859641200011, 1.24373511500005], [117.60859655600007, 1.24373601800005], [117.60857882300002, 1.243977722000068], [117.60860537500002, 1.244208868000044], [117.60865877300012, 1.244441515000062], [117.60872140400011, 1.244639478000067], [117.60872147100008, 1.244639914000061], [117.60872186900008, 1.244641124000054], [117.60873014700007, 1.244674419000035], [117.60886676200005, 1.244949266000049], [117.60887208000008, 1.244959507000033], [117.60887309300006, 1.244961688000046], [117.6088732830001, 1.244962646000033], [117.6088734970001, 1.244962968000038], [117.60887555200009, 1.244973354000024], [117.60887350200005, 1.244983741000055], [117.608867658, 1.244992547000038], [117.60885891200007, 1.244998432000045], [117.60884859300006, 1.24500050100005], [117.60883960500007, 1.245000503000028], [117.60882928500007, 1.244998439000028], [117.60882573000004, 1.244996638000032], [117.60843037500001, 1.244758008000076], [117.60842518000004, 1.244753928000023], [117.60841933300003, 1.244745125000065], [117.6084172940001, 1.244735659000071], [117.60841720600001, 1.24473305500004], [117.60818767900003, 1.243827624000062], [117.60800110100001, 1.243766054000048], [117.60802141700003, 1.243915082000058], [117.6080212810001, 1.243915767000033], [117.60802138600002, 1.243916373000047], [117.60801248400003, 1.24415934600006], [117.60801238300007, 1.244161697000038], [117.6079766260001, 1.244576683000048], [117.60797663400001, 1.244607680000058], [117.60809155100003, 1.244989942000075], [117.60820841300006, 1.245198339000069], [117.60823746200003, 1.245335373000046], [117.60823738300007, 1.245337454000037], [117.60821946100009, 1.245572674000073], [117.6082186640001, 1.245576029000063], [117.60821815800011, 1.245579175000046], [117.60817324700008, 1.24571488700002], [117.60817278700006, 1.245715637000046], [117.6081725790001, 1.245716691000041], [117.60817114200006, 1.24571966000002], [117.6079391940001, 1.246132917000068], [117.60791313700008, 1.246229171000039], [117.60791257200003, 1.246230835000063], [117.60791251600006, 1.246231159000047], [117.60786887400002, 1.246354240000073], [117.60785126000007, 1.246630023000023], [117.60785129700002, 1.24679199000002], [117.6078492470001, 1.246802377000051], [117.60784449000005, 1.246810023000023], [117.60769088100005, 1.246979944000032], [117.60750214400002, 1.246991066000021], [117.60750151400009, 1.246990957000037], [117.60750079700006, 1.246991101000049], [117.60733113800006, 1.246939959000031], [117.60724123800003, 1.246867606000023], [117.60705038100002, 1.246666805000075], [117.60704911000005, 1.246665629000063], [117.60708753000006, 1.246627446000048], [117.60708802600004, 1.246628161000046], [117.60708877800005, 1.246628680000072], [117.6072763310001, 1.24682634800007], [117.60736067300002, 1.24689422900002], [117.60750400600011, 1.246936623000067], [117.60766790900004, 1.246928337000043], [117.60779736500001, 1.246781684000041], [117.60779733000004, 1.246629161000044], [117.60779751700011, 1.246628213000065], [117.60779738500003, 1.246627414000045], [117.6078152980001, 1.246346960000039], [117.6078162550001, 1.246342814000059], [117.60781681100002, 1.24633957900005], [117.60786137600007, 1.246213896000029], [117.60788804600008, 1.246115381000038], [117.60788914700004, 1.246112135000033], [117.60789058400007, 1.246109167000043], [117.60812290400008, 1.245695245000036], [117.60816594200003, 1.245565192000072], [117.60818331200005, 1.245337226000061], [117.60815800300009, 1.245218480000062], [117.60804313500012, 1.245014042000037], [117.60792386000003, 1.244619559000057], [117.60792270400009, 1.244611705000068], [117.60792269600006, 1.244575518000033], [117.60792279700001, 1.244573167000055], [117.6079585540001, 1.244158181000046], [117.60796736000009, 1.243917141000054], [117.60794478200012, 1.243747468000038], [117.6076157870001, 1.243635824000023], [117.60749757400004, 1.243288208000024], [117.60741143700011, 1.243199429000072], [117.60740901000008, 1.243207986000073], [117.60740847000011, 1.243209547000049], [117.60740842500002, 1.243209805000049], [117.60730123300004, 1.243506711000066], [117.60724862100005, 1.243745262000061], [117.60727514400003, 1.244073560000061], [117.6073375310001, 1.24431553300002], [117.60733839600005, 1.244322344000068], [117.60733845800007, 1.244593747000067], [117.60733848500001, 1.244711355000049], [117.60733832100004, 1.244714352000074], [117.60731141100007, 1.244958621000023], [117.6073111290001, 1.244959727000037], [117.6073109350001, 1.244961511000042], [117.60726599000009, 1.245160766000026], [117.60726462900004, 1.245165049000036], [117.60726403700005, 1.245165943000075], [117.60726383500003, 1.245166801000039], [117.60718998400012, 1.245332807000068], [117.60714019800002, 1.245311941000068], [117.60721415900002, 1.245145426000022], [117.60725797000009, 1.244951181000033], [117.6072845540001, 1.244709864000072], [117.60728452800004, 1.244593760000043], [117.60728446600001, 1.24432581800005], [117.60722235600008, 1.244084920000034], [117.60722198300004, 1.244081980000033], [117.6072215800001, 1.244080302000043], [117.60719453900003, 1.243745578000073], [117.60719445000007, 1.243743385000073], [117.60719509100011, 1.243737497000041], [117.60724896500005, 1.243493222000041], [117.60724984400008, 1.243490418000022], [117.60724994500004, 1.243489835000048], [117.60735741300005, 1.243192166000028], [117.60736837400009, 1.243153520000021], [117.606886959, 1.24264028500005], [117.60688165700003, 1.24263204500005], [117.60687993800002, 1.242625924000038], [117.60681692800006, 1.242227881000076], [117.60681659300008, 1.242223617000036], [117.60681864300011, 1.242213230000061], [117.60682448600005, 1.242204424000022], [117.60683323300009, 1.242198538000025], [117.6068375970001, 1.242197142000066], [117.60778271000004, 1.241981533000057], [117.60779493300004, 1.24197214700007], [117.60790388700002, 1.241987660000063], [117.6079602740001, 1.241981752000072], [117.60799443700012, 1.24199870800004], [117.60813538700006, 1.242034140000044], [117.60813583200002, 1.24203428800007], [117.60813606400006, 1.242034320000073], [117.60829509700011, 1.242078743000036], [117.608444243, 1.242087539000067], [117.6085179800001, 1.24208752200002], [117.60853111400002, 1.242081134000045], [117.60869622300004, 1.24203437400007], [117.60888423000006, 1.241998973000022], [117.60868190200006, 1.241884995000021], [117.60867986100004, 1.241883440000038], [117.60867800200003, 1.241882321000048], [117.60848022100004, 1.241719525000065], [117.60847822900007, 1.241717711000035], [117.60847798900011, 1.241717350000044], [117.60847766000006, 1.241717121000022], [117.60833576100003, 1.241565444000059], [117.60810436600002, 1.241404285000044], [117.60810329200001, 1.241403384000023], [117.60810271000003, 1.241403035000076], [117.60795976100007, 1.24128618900005], [117.60773783900004, 1.241134376000048], [117.60752950400001, 1.241038326000023], [117.60748145900004, 1.24103833700002], [117.60746887500011, 1.241038340000046], [117.60737092700003, 1.241079444000036], [117.60736571200005, 1.24108469600003], [117.60736077800004, 1.241088620000028], [117.60724394600004, 1.241161021000039], [117.60724013300012, 1.241162982000048], [117.60723362800002, 1.241164777000051], [117.60717071200008, 1.241173838000066], [117.60716689800006, 1.241174111000021], [117.60716392000006, 1.24117394600006], [117.60708302300009, 1.241164918000038], [117.60707568200007, 1.241163020000045], [117.60707321600012, 1.241161842000054], [117.60695635400009, 1.241098542000032], [117.60684559200001, 1.241038546000027], [117.6066478780001, 1.241040396000074], [117.60651500900008, 1.24119883700007], [117.6064746400001, 1.241357824000033], [117.60647342900006, 1.241361484000038], [117.606467586, 1.24137029000002], [117.60646430700001, 1.241373102000068], [117.60639569200009, 1.241423003000023], [117.60639022400005, 1.241426077000028], [117.60637990600003, 1.241428145000043], [117.6063724070001, 1.241427077000026], [117.60621882100008, 1.241391613000076]]], [[[117.60622885300006, 1.238068192000071], [117.60622954200005, 1.238252433000071], [117.60625969600005, 1.238263309000047], [117.60625971900004, 1.238263324000059], [117.6062597450001, 1.238263330000052], [117.60630045200003, 1.238292983000065], [117.60638901200002, 1.238346436000029], [117.60649599200008, 1.238409214000058], [117.60654161600007, 1.238432161000048], [117.60658902600005, 1.238425333000066], [117.60656714100003, 1.238348303000066], [117.60644923000007, 1.238238153000054], [117.60626628300008, 1.238135705000047], [117.60622885300006, 1.238068192000071]]], [[[117.60621811900012, 1.23830478900004], [117.60623343700001, 1.239294443000063], [117.60626199900003, 1.239299482000035], [117.6064406910001, 1.239170953000041], [117.60655687600001, 1.239106388000039], [117.60651922700004, 1.238930664000065], [117.60659189700004, 1.238760232000061], [117.60660919100008, 1.238638184000024], [117.60661771500008, 1.238526311000044], [117.60660398700008, 1.238477991000025], [117.606603833, 1.238478034000025], [117.60652678400004, 1.23848530500004], [117.60652589600011, 1.238484709000033], [117.60652504400002, 1.23848450600002], [117.60647110700006, 1.238457378000021], [117.6064708020001, 1.238457157000028], [117.60646957900008, 1.238456547000055], [117.60636170500004, 1.238393245000054], [117.60636161100001, 1.238393171000041], [117.60636141900011, 1.238393074000044], [117.60623599900009, 1.238312191000034], [117.60621811900012, 1.23830478900004]]], [[[117.60883942500004, 1.239473641000075], [117.60883720800007, 1.239148315000023], [117.6088206170001, 1.239138653000055], [117.60881909300008, 1.239135817000033], [117.60874475900005, 1.23907024600004], [117.60824025600004, 1.238585355000055], [117.60784391700008, 1.238449463000052], [117.60775831500007, 1.238295368000024], [117.60769524600005, 1.238204727000038], [117.60724930700007, 1.237801412000067], [117.60679435800012, 1.237384501000065], [117.6067312880001, 1.237289327000042], [117.60683481100011, 1.237035468000045], [117.60675372000003, 1.236913101000027], [117.60661407100008, 1.236736355000062], [117.60660955500009, 1.236681962000034], [117.60661852200008, 1.23650518200003], [117.606623, 1.236391861000072], [117.60654191300011, 1.236287626000035], [117.60620863500003, 1.236201580000056], [117.60622853000007, 1.237981772000069], [117.60625139700005, 1.237995864000027], [117.60630531000004, 1.238096585000051], [117.60647812500008, 1.238192199000025], [117.60660934200007, 1.238313669000036], [117.6066096180001, 1.238314068000022], [117.60661006100008, 1.238314366000054], [117.60667171000011, 1.238524674000075], [117.60667185800003, 1.238525606000053], [117.6066628960001, 1.238643216000071], [117.6066628000001, 1.238643621000051], [117.60666270500008, 1.238644973000021], [117.60664475700003, 1.238771632000066], [117.60657442600007, 1.238933539000072], [117.60660614200003, 1.239079101000073], [117.60676097900011, 1.23900883400006], [117.60689132300001, 1.23878131400005], [117.60689561200002, 1.238775685000064], [117.60706635100007, 1.238603757000021], [117.607075097, 1.238597872000071], [117.60708541600002, 1.238595804000056], [117.60709573500003, 1.238597867000067], [117.60710190500004, 1.238601464000055], [117.60729968300006, 1.238755214000037], [117.60730226300007, 1.238757498000041], [117.60730496800011, 1.238760675000037], [117.6074752930001, 1.238995154000065], [117.6075178970001, 1.239046587000075], [117.60767790400007, 1.239173670000071], [117.6079276700001, 1.239147606000074], [117.60821398100006, 1.239211150000074], [117.60846372200001, 1.239247], [117.6085796970001, 1.239255952000065], [117.60883942500004, 1.239473641000075]]], [[[117.60623363900004, 1.23934842400007], [117.60621404500012, 1.240194960000053], [117.6063282560001, 1.240145558000052], [117.6063288470001, 1.240145424000048], [117.60632941800009, 1.240145040000073], [117.60633457800009, 1.240144134000047], [117.6063397370001, 1.240142972000058], [117.60634041700007, 1.240143108000041], [117.60634101900007, 1.240143002000025], [117.60652656200011, 1.240151852000054], [117.60675221000008, 1.240108122000038], [117.60694059000002, 1.239991104000069], [117.60724751300006, 1.239943733000075], [117.60748157000012, 1.240035797000075], [117.60773218500003, 1.240116812000053], [117.6077342530001, 1.240117575000056], [117.60773473000006, 1.240117896000072], [117.60773523400007, 1.240118007000035], [117.60785209500011, 1.240172261000055], [117.60785225900008, 1.240172376000032], [117.6078535790001, 1.240173007000067], [117.60797044200001, 1.240236307000032], [117.60797105000006, 1.240236762000052], [117.60797241400007, 1.240237487000059], [117.60820614600004, 1.240391228000021], [117.60821045700004, 1.240394751000053], [117.60821218000001, 1.240396657000076], [117.60838300600005, 1.240604693000023], [117.60838327500005, 1.240605144000028], [117.60838410000008, 1.240606120000052], [117.60854594200009, 1.240832251000029], [117.60854897200011, 1.240837722000038], [117.60854988800008, 1.240840310000067], [117.60863001700011, 1.241108919000055], [117.60876978700003, 1.241363759000023], [117.60893140000007, 1.241488959000037], [117.60893274300008, 1.241490146000046], [117.60894339900005, 1.241490420000048], [117.60883626800012, 1.239548656000068], [117.60856670300006, 1.239309389000027], [117.60845872200002, 1.239301054000066], [117.60845832100006, 1.239300957000069], [117.60845697700006, 1.239300861000061], [117.60820529600005, 1.239264733000027], [117.6082043460001, 1.23926447100007], [117.60820317000002, 1.239264339000044], [117.60792883200008, 1.239202056000067], [117.60765948200003, 1.239226878000068], [117.60747992300003, 1.239085335000027], [117.60747827500006, 1.239083519000076], [117.60743332100003, 1.239029249000055], [117.60743307500002, 1.23902884000006], [117.60743226400007, 1.239027888000066], [117.60726369000008, 1.238795819000075], [117.6070877190001, 1.238659022000036], [117.60693626700004, 1.238811528000042], [117.60679072500011, 1.239054981000038], [117.60664804400005, 1.239117849000024], [117.60647075800011, 1.239216044000045], [117.60627797000006, 1.239353852000022], [117.60623363900004, 1.23934842400007]]], [[[117.6062140570001, 1.240244821000033], [117.606223311, 1.241332686000021], [117.60624250400008, 1.24133275600002], [117.60637476200009, 1.241371257000026], [117.60642480700005, 1.241334861000041], [117.60646429000008, 1.241179367000029], [117.60646550000001, 1.241175707000025], [117.60646980900003, 1.241168582000057], [117.60661464800012, 1.240995867000038], [117.60661618200004, 1.240994186000023], [117.60662492900008, 1.240988301000073], [117.60663500300006, 1.240986234000047], [117.60685201900003, 1.240984203000039], [117.60685214000011, 1.240984227000069], [117.60685226300006, 1.24098420200005], [117.60686258300007, 1.24098626600005], [117.60686504800003, 1.240987443000051], [117.60698191100005, 1.241050744000063], [117.60709416700001, 1.241111548000049], [117.60716646100002, 1.241119617000038], [117.60722044200008, 1.241111842000066], [117.60732980700004, 1.241044068000065], [117.60733655500007, 1.241037273000074], [117.6073452500001, 1.241031410000062], [117.60745309900005, 1.240986151000072], [117.6074531270001, 1.240986145000022], [117.60745315100007, 1.240986129000021], [117.60746347000008, 1.240984061000063], [117.60748144700005, 1.240984057000048], [117.60753537700009, 1.240984044000072], [117.6075456960001, 1.240986108000072], [117.60754614000007, 1.240986406000047], [117.60754661200008, 1.240986510000027], [117.60776235500009, 1.241085974000043], [117.607762965, 1.241086401000075], [117.60776628300005, 1.241088203000061], [117.60799102700003, 1.241241946000059], [117.60799220500007, 1.24124292700003], [117.60799286800011, 1.241243324000038], [117.60813590400005, 1.241360242000042], [117.60836878700002, 1.241522436000025], [117.60837250600002, 1.241525559000024], [117.6083727460001, 1.241525920000072], [117.60837307500003, 1.241526149000038], [117.60851572000001, 1.241678624000031], [117.60871030900012, 1.241838793000056], [117.60895493700002, 1.241978859000028], [117.60895576100006, 1.241978859000028], [117.60898381800007, 1.241986802000042], [117.60899039200001, 1.241999279000026], [117.60899078900002, 1.241993148000063], [117.60899171400001, 1.241978851000056], [117.60893897300002, 1.241536033000045], [117.60890463900012, 1.241535543000055], [117.60889850600006, 1.241531973000065], [117.6087324450001, 1.241403328000047], [117.60872983000002, 1.241401016000054], [117.6087252860001, 1.241394937000052], [117.60858141200004, 1.241132615000026], [117.60858010900006, 1.241129890000025], [117.60857919300008, 1.241127303000042], [117.60849953800005, 1.240860282000028], [117.60834086500006, 1.240638578000073], [117.60817321700006, 1.24043441200007], [117.60794387300007, 1.240283557000055], [117.60782875200005, 1.240221201000054], [117.60771413400005, 1.240167988000053], [117.60746400200003, 1.240087130000063], [117.60746193400007, 1.240086366000071], [117.60746191100009, 1.24008635000007], [117.60746188200005, 1.240086344000076], [117.60725112000011, 1.239998013000047], [117.60724955600006, 1.239998014000037], [117.60696041900007, 1.240042175000042], [117.6067763850001, 1.240156901000034], [117.60677251100003, 1.24015889900005], [117.60676728500005, 1.240160478000064], [117.60653359800006, 1.240205766000031], [117.60652850600002, 1.240206255000032], [117.60652782500006, 1.24020611900005], [117.60652722300006, 1.240206225000065], [117.60634516400012, 1.240197541000043], [117.6062140570001, 1.240244821000033]]], [[[117.60898170500002, 1.242133529000057], [117.60898859500003, 1.242027047000022], [117.60896857700004, 1.242041911000058], [117.60883403000003, 1.242060005000042], [117.60873778400003, 1.242077641000037], [117.60855206000008, 1.242131055000073], [117.60852435800007, 1.242141801000059], [117.60844346300007, 1.24214181900004], [117.60844261000011, 1.242141649000075], [117.60844187900011, 1.242141773000071], [117.608289076, 1.24213276200004], [117.60828726200009, 1.242132343000037], [117.60828344200002, 1.242131820000054], [117.60812197900009, 1.242086717000063], [117.60797849700009, 1.242050649000021], [117.60794529600003, 1.242034673000035], [117.60789931600004, 1.242041993000043], [117.60781395000004, 1.242026392000071], [117.60780659700004, 1.24203134000004], [117.60687416300004, 1.242244457000027], [117.60693188700009, 1.242609112000025], [117.60754283100005, 1.243253440000046], [117.607543039, 1.243254493000052], [117.60754350000002, 1.243255243000021], [117.60765613700005, 1.243595091000032], [117.60823505700012, 1.243796085000042], [117.60846906400002, 1.244718068000054], [117.6087868940001, 1.244909905000043], [117.60868059100005, 1.244696041000054], [117.60868039000002, 1.244695182000044], [117.60867979700004, 1.244694290000041], [117.60867854900005, 1.244690486000025], [117.60866975800002, 1.244655132000048], [117.60860705200002, 1.244456934000027], [117.60860696100008, 1.244456339000067], [117.608606473, 1.244454807000068], [117.60855248900009, 1.244219604000023], [117.60855228700007, 1.244217818000038], [117.60855197600006, 1.244216613000049], [117.6085249570001, 1.243981403000021], [117.60852477800006, 1.243978292000065], [117.60852499600003, 1.243977190000066], [117.60852485200007, 1.243976287000066], [117.60854215900008, 1.243740375000073], [117.60844742000006, 1.24357575800002], [117.60844584300003, 1.243572546000053], [117.608445748, 1.24357206600007], [117.60844550700006, 1.243571689000021], [117.60836315600011, 1.243340930000045], [117.60839905500006, 1.243105706000051], [117.60843140500003, 1.243006726000033], [117.60847378900007, 1.242925116000038], [117.6085093910001, 1.242853407000041], [117.60860023700002, 1.242706812000051], [117.60860057600007, 1.242706374000022], [117.60860092200005, 1.24270572100005], [117.60861867300002, 1.242678908000073], [117.60870789, 1.242535160000045], [117.60876141500012, 1.242436339000051], [117.60876174200007, 1.242435898000053], [117.60876226800008, 1.242434874000026], [117.6089150140001, 1.242190577000031], [117.6089181100001, 1.24218667100007], [117.6089184110001, 1.242186208000021], [117.6089610780001, 1.242141604000039], [117.60897017800005, 1.242135356000063], [117.60898049700006, 1.242133288000048], [117.60898170500002, 1.242133529000057]]]]}},
{"type": "Feature", "properties": {"ba_code": "4523", "blockid": "4523N14P10", "division": "04"}, "geometry": {"type": "MultiPolygon", "coordinates": [[[[117.58301937200008, 1.229790340000022], [117.58303693300002, 1.229816841000059], [117.58303758500006, 1.229818070000022], [117.58303806900005, 1.229818715000022], [117.58308302800003, 1.229900127000064], [117.58308381800009, 1.229901771000073], [117.58308396000007, 1.229901976000065], [117.5832368340001, 1.230236674000025], [117.58323694, 1.230237161000048], [117.58323724400009, 1.230237619000036], [117.5832382850001, 1.230240637000065], [117.58325902700005, 1.230314590000035], [117.5833070650001, 1.230305114000032], [117.58331224500012, 1.23030460800004], [117.58331704200009, 1.230305567000073], [117.58331887600002, 1.230304334000039], [117.58332919400004, 1.230302265000034], [117.58333448300004, 1.230302791000042], [117.58337423900002, 1.230310785000029], [117.58360228900005, 1.230266592000021], [117.5837995820001, 1.230221416000063], [117.5838001510001, 1.230221351000068], [117.58380073500007, 1.230221178000022], [117.58401095500005, 1.230186870000068], [117.58395812300012, 1.229391421000059], [117.58388970300007, 1.22904096000002], [117.58395014100006, 1.228747542000065], [117.58397478300003, 1.22824930400003], [117.58376460900001, 1.228389719000063], [117.58376155000008, 1.228391230000057], [117.58375123100006, 1.228393298000071], [117.5837505830001, 1.228393168000025], [117.58375000700005, 1.228393270000026], [117.58335451700009, 1.228375263000032], [117.58335328100009, 1.228374987000052], [117.58334920100003, 1.228374482000049], [117.58331324500011, 1.22836544300003], [117.58330946600006, 1.228364189000047], [117.58330906200001, 1.228363917000024], [117.58330862700006, 1.228363822000063], [117.58321001200011, 1.228318732000048], [117.58314735700003, 1.228291721000062], [117.58314728500011, 1.228291672000069], [117.58314536300009, 1.228290762000029], [117.58299254300005, 1.228209374000073], [117.58299006400011, 1.228207532000056], [117.58298774200011, 1.228206108000052], [117.58275647000005, 1.228009230000055], [117.58272340400003, 1.227992599000061], [117.5827218710001, 1.227991487000054], [117.58271895500002, 1.227989785000034], [117.58244027, 1.227772723000044], [117.58243771000002, 1.227770455000041], [117.58243422100009, 1.22776613800005], [117.58226338600002, 1.227503818000059], [117.58226102800006, 1.227499331000047], [117.58225944800006, 1.227494015000048], [117.58221433400001, 1.227255500000069], [117.58217537300004, 1.22723310300006], [117.58209765900006, 1.227607229000057], [117.58214172200007, 1.227881812000021], [117.58216806500002, 1.227996594000047], [117.58224706300007, 1.228199661000076], [117.58229007000011, 1.22826023500005], [117.58229026400011, 1.228260587000022], [117.58229056400012, 1.228260955000053], [117.58236249400011, 1.228369501000032], [117.58236269800011, 1.228369885000063], [117.5823629250001, 1.228370172000041], [117.5824528390001, 1.22851490100004], [117.58245373400007, 1.228516648000038], [117.58245409200003, 1.228517147000048], [117.58245412300005, 1.228517209000074], [117.58240179900008, 1.228519249000044], [117.58239023800002, 1.228517312000065], [117.58238881800003, 1.228514232000066], [117.58231740800011, 1.228399289000038], [117.58224594, 1.228291439000031], [117.58220123700005, 1.228228477000073], [117.58219826600009, 1.228223089000039], [117.5821982120001, 1.228222815000038], [117.58219806700004, 1.228222593000055], [117.58211712700006, 1.228014534000067], [117.5821170690001, 1.22801422200007], [117.58211596300009, 1.228010747000042], [117.58208897200007, 1.227893145000053], [117.58208886800003, 1.227892223000026], [117.5820886250001, 1.227891364000072], [117.58204362300012, 1.227610923000043], [117.58204327800001, 1.227606601000048], [117.58204384900012, 1.227601041000071], [117.58213016900004, 1.227185481000049], [117.58213164900008, 1.227180655000041], [117.58213749200002, 1.227171848000069], [117.58214623900005, 1.227165963000061], [117.58215655700008, 1.227163895000047], [117.58216687700008, 1.227165959000047], [117.58216993700012, 1.227167468000061], [117.58225187200003, 1.227214569000068], [117.58225756200011, 1.227218941000046], [117.582263409, 1.22722774500005], [117.58226498800002, 1.227233061000049], [117.58231142500006, 1.227478569000027], [117.58247684800006, 1.22773257800003], [117.58274987300001, 1.227945231000035], [117.5827834690001, 1.227962129000048], [117.58278586900008, 1.227963869000064], [117.58278882800005, 1.227965685000072], [117.58302034300004, 1.228162768000061], [117.58316960800005, 1.228242263000027], [117.58323151500008, 1.228268951000075], [117.58323177700004, 1.228269130000058], [117.5832320510001, 1.228269189000059], [117.58332869700007, 1.228313379000042], [117.58335965000003, 1.228321161000054], [117.58374463100006, 1.228338689000054], [117.58391948600001, 1.228238071000021], [117.58393233200002, 1.228212196000072], [117.58393738200004, 1.228205142000036], [117.58394612900008, 1.228199256000039], [117.5839564470001, 1.228197188000024], [117.58398301600005, 1.22816903100005], [117.583961767, 1.228138079000075], [117.583952156, 1.228136157000051], [117.5839434070001, 1.228130276000059], [117.58394175900003, 1.22812846000005], [117.58383829200011, 1.228003548000061], [117.58383409300006, 1.227996560000065], [117.58383294100008, 1.22799313400003], [117.58371599700001, 1.227549866000061], [117.58371509400001, 1.227542907000043], [117.58371508800008, 1.227515766000067], [117.58371518000001, 1.22751351200003], [117.58373233900011, 1.227305727000044], [117.58335245500007, 1.227262362000033], [117.5833492370001, 1.227261525000074], [117.58334706900007, 1.22726117600007], [117.58291980000001, 1.227119729000037], [117.58291863400007, 1.227119007000056], [117.5826723890001, 1.227206847000048], [117.58266338700003, 1.227208406000045], [117.58266233400002, 1.22720819500006], [117.5826614660001, 1.227208337000036], [117.58240978800006, 1.227190299000029], [117.58240770400005, 1.227189804000034], [117.5824043020001, 1.22718932500004], [117.58215261300006, 1.227117005000025], [117.58214970100005, 1.227115984000022], [117.58214922400009, 1.227115664000053], [117.58214872000008, 1.227115553000033], [117.581915, 1.227007042000025], [117.5819107850001, 1.227004085000033], [117.58190776900005, 1.22700211800003], [117.58157513200001, 1.226685553000038], [117.58157492400005, 1.226685248000024], [117.581574595, 1.22668502700003], [117.58157091200007, 1.22668040800005], [117.58144503300002, 1.226481406000062], [117.58144406300005, 1.226479530000063], [117.58144366300007, 1.226478973000042], [117.58142567900006, 1.226442789000032], [117.58142547700004, 1.226441931000068], [117.58142488400006, 1.226441038000075], [117.58142282900008, 1.226430652000033], [117.5814248800001, 1.226420266000048], [117.58142515000009, 1.226419859000032], [117.58142524400012, 1.22641942100006], [117.5815150840001, 1.226220372000057], [117.58152056400002, 1.226212410000073], [117.581525811, 1.22620829400006], [117.58192829100005, 1.225966423000045], [117.58190837400002, 1.225729919000059], [117.58186452900009, 1.225579998000057], [117.5818470160001, 1.225535959000069], [117.58184688600011, 1.22553528100002], [117.58184658400012, 1.225534796000034], [117.58177573700004, 1.225329930000044], [117.58151684000006, 1.224934751000035], [117.58151499500002, 1.224931251000044], [117.58151471300005, 1.224930839000024], [117.58147874200006, 1.224849425000059], [117.58147867800005, 1.224849120000044], [117.58147849200009, 1.224848841000039], [117.58143404200007, 1.224741532000053], [117.58132088500008, 1.224530126000047], [117.58132085700004, 1.224530070000071], [117.58129805100009, 1.224487193000073], [117.5812460090001, 1.225003080000022], [117.581224055, 1.225218986000073], [117.58113074900007, 1.226132434000021], [117.58109233000005, 1.226508886000033], [117.58094080400008, 1.227797684000052], [117.58092766800007, 1.228098841000076], [117.58091890100002, 1.228253849000055], [117.58098288200006, 1.228656262000072], [117.58098266500008, 1.228659699000048], [117.5809288270001, 1.229084911000029], [117.58092822800006, 1.229087180000022], [117.58092795000005, 1.22908913200007], [117.5808838150001, 1.229240287000039], [117.58087533000003, 1.22934304100005], [117.58087885200007, 1.229367816000035], [117.58088361700004, 1.229407109000022], [117.58095070200011, 1.229501882000022], [117.58101049700008, 1.229565099000069], [117.58112553800004, 1.229675050000026], [117.58133858300005, 1.22980900400006], [117.58173871300005, 1.230041577000065], [117.58187800200005, 1.230067832000032], [117.58187853000004, 1.230067990000066], [117.5818790290001, 1.230068047000032], [117.582391389, 1.230185543000061], [117.58239364700012, 1.230186266000032], [117.58239425200009, 1.230186369000023], [117.582601, 1.230258698000057], [117.5826016200001, 1.230259089000072], [117.58260246000009, 1.230259257000057], [117.58260709900003, 1.230261748000032], [117.5826610370001, 1.23029792400007], [117.58268219100012, 1.230312112000036], [117.58300671300003, 1.230338524000047], [117.58313783300002, 1.230338495000069], [117.58320592700011, 1.230325063000066], [117.58318695500009, 1.230257422000022], [117.58303539000008, 1.22992559100004], [117.58299146200011, 1.229846047000024], [117.58297408500005, 1.22981982400006], [117.58297366400006, 1.229819031000034], [117.58297327900004, 1.229818530000045], [117.5828821340001, 1.229670730000066], [117.58292686800007, 1.229640216000064], [117.58301937200008, 1.229790340000022]]], [[[117.58270418000006, 1.222841535000043], [117.58290657500004, 1.222792774000027], [117.58274813500009, 1.222624517000042], [117.58270855100011, 1.222704243000067], [117.58264697600009, 1.222828261000075], [117.58264697800007, 1.222836600000051], [117.58264486500002, 1.222841125000059], [117.58264697900006, 1.222840876000021], [117.58264698100004, 1.222850405000031], [117.58270418000006, 1.222841535000043]]], [[[117.5814858120001, 1.222836728000061], [117.58141195900009, 1.222545978000028], [117.58139871800006, 1.223253734000025], [117.58140318800008, 1.223254628000063], [117.58140886600006, 1.223257852000074], [117.58167714700005, 1.22345672900002], [117.58187946900011, 1.223518658000046], [117.5818800080001, 1.223518852000041], [117.58188014500001, 1.223518875000025], [117.58190488500009, 1.223527169000022], [117.58191853500011, 1.223529216000031], [117.58173864500009, 1.223394537000047], [117.58173567500012, 1.223391956000057], [117.58173336900006, 1.223389313000041], [117.58164346, 1.223271724000028], [117.58163992000004, 1.223265563000041], [117.58163979000005, 1.223264908000033], [117.5816394740001, 1.223264408000034], [117.58148658200003, 1.22283924200002], [117.58148651200008, 1.222838841000055], [117.5814858120001, 1.222836728000061]]], [[[117.58264525300001, 1.222489462000055], [117.58271664000006, 1.22195799800005], [117.58259836000002, 1.221831804000033], [117.58182814400004, 1.220915222000031], [117.58141913500003, 1.221849776000056], [117.58141916000011, 1.22196935300002], [117.58142328200006, 1.222014870000066], [117.58142187800001, 1.222015812000052], [117.5814142590001, 1.222423049000042], [117.58141539700011, 1.222422821000066], [117.58142571600001, 1.22242488400002], [117.58143446600002, 1.222430766000059], [117.58144031300003, 1.222439569000073], [117.58144152700004, 1.222443239000029], [117.58153773700008, 1.222822007000048], [117.58168875700005, 1.223241965000057], [117.5817738290001, 1.223353228000065], [117.58195349000005, 1.223487735000049], [117.5819538940001, 1.223488087000021], [117.58195411200006, 1.223488215000032], [117.58201158500003, 1.22353391300004], [117.58214378200012, 1.223440896000056], [117.5821452560001, 1.223440083000071], [117.58214613100006, 1.223439418000055], [117.58222371600004, 1.22339601300007], [117.58238000200004, 1.223238641000023], [117.5824403250001, 1.223125826000057], [117.58254196100006, 1.222873443000026], [117.58254201700004, 1.222873358000072], [117.58254203600006, 1.22287325700006], [117.5825478800001, 1.222864451000021], [117.58255662700003, 1.22285856600007], [117.58256109600006, 1.222857145000035], [117.58257953200007, 1.222853017000034], [117.58258959800003, 1.222831872000029], [117.58261212500008, 1.22278361900004], [117.58264256000007, 1.22275297300007], [117.58271402200012, 1.222569718000045], [117.58264525300001, 1.222489462000055]]], [[[117.58321786500005, 1.225561878000065], [117.58322030700003, 1.225561766000055], [117.58348995600011, 1.225561707000054], [117.58349246400007, 1.225561824000067], [117.58371400600004, 1.225582601000042], [117.5837157200001, 1.225583028000074], [117.58371830500005, 1.22558336100002], [117.58376769100005, 1.225596317000054], [117.58377117000009, 1.225593976000027], [117.58377527300001, 1.225592640000059], [117.58397809500002, 1.225544237000065], [117.58398431, 1.225543505000076], [117.58398516300008, 1.22554367500004], [117.58398589300009, 1.225543551000044], [117.58413790600002, 1.225552518000029], [117.58418763800012, 1.225552507000032], [117.58421311900008, 1.225552501000038], [117.58430972000008, 1.225516016000029], [117.58431079900004, 1.22551614300005], [117.5843117930001, 1.225515233000067], [117.58431970900006, 1.225512243000026], [117.58431577800002, 1.225511585000049], [117.58437019000007, 1.225464646000034], [117.58434268600001, 1.225448044000075], [117.58429593000005, 1.225428678000071], [117.58421891800003, 1.225381640000023], [117.58413915800008, 1.225345674000039], [117.5840126270001, 1.225218375000054], [117.58389159700005, 1.225091076000069], [117.58373756900005, 1.224983159000033], [117.58365780800011, 1.224938889000043], [117.58364624, 1.224856406000072], [117.58364617400002, 1.224555252000073], [117.58364945300002, 1.224454497000067], [117.5834651780001, 1.224360427000022], [117.583467917, 1.224310603000049], [117.5834788630001, 1.224058716000059], [117.5834260470001, 1.223992850000059], [117.58336057400004, 1.223895432000063], [117.58322028200007, 1.223715545000061], [117.58320365300006, 1.223120436000045], [117.58311287900005, 1.223018041000046], [117.58295058500005, 1.222832623000045], [117.58280098800003, 1.222863657000062], [117.5827305900001, 1.222881387000029], [117.58272527800011, 1.222886324000058], [117.58262815800003, 1.222897738000029], [117.5825866240001, 1.222907037000027], [117.5824897550001, 1.22314758400006], [117.582489699, 1.223147668000024], [117.5824896790001, 1.223147769000036], [117.58248850900009, 1.22315025100005], [117.58242561600002, 1.223267873000054], [117.5824209430001, 1.22327419800007], [117.58225918800008, 1.223437075000049], [117.58225321700002, 1.223441611000055], [117.58217354500005, 1.223486184000024], [117.58205577500007, 1.223569049000048], [117.58208753500003, 1.223594301000048], [117.5820898830001, 1.223596403000045], [117.58209124200005, 1.223598450000054], [117.5824763920001, 1.223890127000061], [117.58271946800005, 1.223942498000042], [117.5828244710001, 1.223942475000058], [117.58283207900001, 1.223943576000067], [117.58310687900007, 1.224024849000045], [117.58310959100004, 1.224025812000036], [117.58311314500008, 1.224027613000032], [117.58316744700005, 1.224060390000034], [117.5831732480001, 1.224053798000057], [117.58325018300002, 1.223946487000035], [117.58325443100011, 1.223939742000027], [117.58328443100004, 1.223991479000063], [117.58321619300011, 1.224086660000069], [117.5832148070001, 1.224088299000073], [117.58321451200004, 1.224088774000052], [117.58319483000002, 1.224111140000048], [117.5831458780001, 1.224224623000055], [117.5831458030001, 1.224224734000074], [117.58314483900006, 1.22422676900004], [117.58292117300005, 1.224641206000058], [117.58271603800006, 1.225207137000041], [117.58269850900001, 1.225304291000043], [117.58263174600006, 1.225688540000021], [117.58287023300011, 1.225608469000065], [117.58287124000003, 1.225608305000037], [117.58287379100011, 1.225607541000045], [117.58301759800008, 1.225580369000056], [117.5830193700001, 1.22558020300005], [117.58302012600006, 1.225580015000048], [117.58321786500005, 1.225561878000065]]], [[[117.5830213160001, 1.224360524000076], [117.58308729100008, 1.224236505000022], [117.58309643100006, 1.22420274600006], [117.58309688200006, 1.224201910000033], [117.58313823200001, 1.224106049000056], [117.58308836600008, 1.224075949000053], [117.5828206000001, 1.223996757000066], [117.58271662300001, 1.22399678000005], [117.58271097300008, 1.22399617800005], [117.58245928800011, 1.223941953000065], [117.58245461900003, 1.223940490000075], [117.58244872000012, 1.223937101000047], [117.58205568400001, 1.223639451000054], [117.58205283300003, 1.223636959000032], [117.58205132, 1.223634681000021], [117.58200377600008, 1.223596878000023], [117.5818946170001, 1.223580509000044], [117.58189156600008, 1.223579659000052], [117.58189006900011, 1.223579415000074], [117.58186343800003, 1.223570486000028], [117.58165703300006, 1.223507308000023], [117.581654565, 1.223506418000056], [117.58164888700003, 1.223503195000035], [117.58139753700004, 1.22331686800004], [117.58138671400002, 1.223895361000075], [117.58137997400001, 1.223895864000042], [117.58136680500002, 1.224042016000055], [117.58133603300007, 1.224174885000025], [117.5813272480001, 1.224245747000055], [117.58131144000004, 1.224353309000037], [117.58130553300009, 1.224349913000026], [117.58130240600008, 1.224407288000066], [117.58131066800001, 1.224408940000046], [117.58131941800002, 1.224414821000039], [117.581324128, 1.224421208000024], [117.58136838100006, 1.224504413000034], [117.58148215500012, 1.224716973000056], [117.58148329900007, 1.224719393000044], [117.58152814800007, 1.224827660000074], [117.58156308700006, 1.224906738000072], [117.58182261000002, 1.225302872000043], [117.58182500900011, 1.225307421000025], [117.58182517700004, 1.225308267000059], [117.58182556500003, 1.225308891000054], [117.58189731400012, 1.225516365000033], [117.58191507100003, 1.225561019000054], [117.58191509100004, 1.225561122000045], [117.58191590500007, 1.22556344000003], [117.581960879, 1.225717226000029], [117.58196131300008, 1.225720250000052], [117.58196188000011, 1.225722597000072], [117.58197980700004, 1.225935464000031], [117.58208301500008, 1.225873441000033], [117.58208651400003, 1.22587167100005], [117.5820875610001, 1.225871462000043], [117.58208830600006, 1.225870998000062], [117.5825736060001, 1.225708061000034], [117.58264540000005, 1.225294853000037], [117.58264542300003, 1.225294777000045], [117.58264543100006, 1.225294680000047], [117.58266338600004, 1.225195161000045], [117.5826644330001, 1.225191581000047], [117.58266458600008, 1.225190708000071], [117.58287119400006, 1.224620714000025], [117.5828714910001, 1.224620246000029], [117.58287161100009, 1.224619636000057], [117.58287283100003, 1.22461706200005], [117.58300363500007, 1.224374691000037], [117.5830213160001, 1.224360524000076]]], [[[117.58410354700004, 1.226338152000039], [117.58410869300008, 1.226337652000041], [117.58411901300008, 1.226339716000041], [117.58413662300006, 1.22633937300003], [117.58420907300001, 1.22579676600003], [117.58424375000004, 1.225755310000068], [117.5843124920001, 1.225711007000029], [117.58437083700005, 1.225679122000031], [117.58446070900004, 1.225624821000054], [117.58447867300004, 1.225570537000067], [117.58441970400008, 1.225525530000027], [117.58439219700006, 1.225495088000059], [117.58438287500007, 1.225542278000034], [117.58438088700007, 1.225544515000024], [117.58437214000003, 1.225550401000021], [117.58437166300007, 1.225550496000039], [117.58437128900005, 1.225550739000028], [117.58422748800001, 1.225605051000059], [117.5842180200001, 1.225606781000067], [117.58418764900011, 1.22560678800005], [117.5841371250001, 1.225606799000047], [117.58413627200002, 1.225606628000037], [117.58413554200001, 1.225606752000033], [117.5839866880001, 1.22559797200006], [117.58381293100001, 1.22563943900002], [117.58383906000006, 1.225715622000052], [117.58384053600003, 1.225724472000024], [117.58384041500005, 1.225727046000031], [117.5838224800001, 1.225917032000041], [117.58382239500008, 1.225917373000073], [117.58382233000009, 1.225918297000021], [117.58378680200008, 1.226169002000063], [117.58379878000005, 1.226399639000022], [117.58386179500008, 1.226385530000073], [117.58386213500012, 1.226385493000066], [117.58386249700004, 1.226385383000036], [117.58410354700004, 1.226338152000039]]], [[[117.58348871200008, 1.225615988000072], [117.58322154200005, 1.225616046000027], [117.5830262930001, 1.225633955000035], [117.58288555100012, 1.225660548000064], [117.58210814800009, 1.225921557000049], [117.58156069800009, 1.226250549000042], [117.58147966600006, 1.226430083000025], [117.58149127200011, 1.226453435000053], [117.58161461100008, 1.22664842100005], [117.58194160700009, 1.226959617000034], [117.58216941900002, 1.22706538500006], [117.58241641300003, 1.227136355000027], [117.58265968, 1.227153791000035], [117.5830836560001, 1.227002551000055], [117.5832404350001, 1.226914840000063], [117.5834340770001, 1.226728717000071], [117.58363046000011, 1.226468046000036], [117.58363287500003, 1.226465258000076], [117.58364162100008, 1.226459373000068], [117.58364178800002, 1.22645933900003], [117.58364192600004, 1.226459248000026], [117.58374570100011, 1.226417441000024], [117.58373280900003, 1.226169200000072], [117.58373292100009, 1.226168542000039], [117.58373277200008, 1.226167789000044], [117.58373304200006, 1.226163951000046], [117.58376885100006, 1.225911263000057], [117.58378617400001, 1.225727771000038], [117.58375959900002, 1.225650288000054], [117.58370682200007, 1.225636443000042], [117.58348871200008, 1.225615988000072]]], [[[117.58404325600009, 1.226962186000037], [117.58412563400009, 1.226389199000039], [117.5838731550001, 1.226438594000058], [117.58379474900005, 1.226456149000057], [117.583668912, 1.226506844000028], [117.58347574600009, 1.22676324400004], [117.58347333100005, 1.226766032000057], [117.5834730570001, 1.226766216000044], [117.58347288300001, 1.226766474000044], [117.5832751800001, 1.226956500000028], [117.58327420900002, 1.226957137000056], [117.58326965800006, 1.226960594000047], [117.58310788800009, 1.227051097000071], [117.58310511200011, 1.227052447000062], [117.58310435900012, 1.227052598000057], [117.58310379500006, 1.227052956000023], [117.58300122800006, 1.227089544000023], [117.58336128600001, 1.227208741000027], [117.58375402900003, 1.227253574000031], [117.58376130400006, 1.227255465000042], [117.58377005300008, 1.227261346000034], [117.58377510600008, 1.227268399000025], [117.58378409800002, 1.22728649000004], [117.58378429900006, 1.227287349000051], [117.58378489200004, 1.227288242000043], [117.58378694700002, 1.227298627000039], [117.58378685500008, 1.227300881000076], [117.58376901800011, 1.227516883000021], [117.58376902300006, 1.227539356000023], [117.58388353400005, 1.227973400000053], [117.58398024700011, 1.228080457000033], [117.58404325600009, 1.226962186000037]]], [[[117.58089692700003, 1.228373430000033], [117.58087053400004, 1.228408866000052], [117.58079140200005, 1.228736610000055], [117.58073865100005, 1.228971345000048], [117.58073425900011, 1.229006776000062], [117.58076076400005, 1.229489503000025], [117.5807740030001, 1.22966665000007], [117.58078721100003, 1.22970207700007], [117.5809060040001, 1.229657764000024], [117.5809719990001, 1.229622319000043], [117.58093238700008, 1.229573612000024], [117.58089277700003, 1.229533762000074], [117.58087076700008, 1.229489479000051], [117.58083555400003, 1.229431913000042], [117.58082232700008, 1.229312340000035], [117.58084430500003, 1.229206045000069], [117.58088304800003, 1.229075670000043], [117.58092866100003, 1.228656840000042], [117.58089692700003, 1.228373430000033]]], [[[117.58398682500001, 1.231405572000028], [117.58406890800006, 1.231424992000029], [117.58401096600005, 1.23023392500005], [117.583987, 1.230241600000056], [117.58381097200004, 1.230274475000044], [117.58361381200007, 1.230319622000025], [117.58361338800012, 1.230319670000029], [117.58361292900008, 1.230319808000047], [117.58337924200009, 1.230365094000035], [117.58337415000005, 1.230365583000037], [117.58336886100005, 1.230365057000029], [117.58332391800002, 1.230356020000045], [117.58332381200012, 1.230355988000042], [117.58332257500001, 1.230356820000054], [117.58331743600002, 1.23035838200002], [117.583145639, 1.23039226800006], [117.5831404590001, 1.230392775000041], [117.58300563400007, 1.230392805000065], [117.58300345400005, 1.23039271600004], [117.58267088000002, 1.230365649000021], [117.58266274000005, 1.230363674000046], [117.5826581010001, 1.230361182000024], [117.58263113200007, 1.230343095000023], [117.58258005100004, 1.230308835000073], [117.58237795500008, 1.230238134000047], [117.5818675590001, 1.230121088000033], [117.58172425500004, 1.230094077000047], [117.58171890500012, 1.230092477000028], [117.58171573400011, 1.230090903000075], [117.5813112080001, 1.229855775000033], [117.58131093500003, 1.229855564000047], [117.58131040600006, 1.229855290000046], [117.58109526800001, 1.229720020000059], [117.58109615900003, 1.229721587000029], [117.58101600500004, 1.229644453000049], [117.58100280600001, 1.229653314000075], [117.5809544110001, 1.22967989700004], [117.58088841500012, 1.22971091200003], [117.58078282300005, 1.229759652000041], [117.58079164700007, 1.229870368000036], [117.58081818000005, 1.230480975000035], [117.58085956900004, 1.231120366000027], [117.58086783200008, 1.231175724000025], [117.58088665600008, 1.231313922000027], [117.58157514900006, 1.231313771000032], [117.58251808500006, 1.231313564000061], [117.58267326000009, 1.231288511000059], [117.58287998700007, 1.23127037200004], [117.58300582800007, 1.231288438000036], [117.5831177450001, 1.231337730000064], [117.58323362400006, 1.231352283000035], [117.58334740300006, 1.231369784000037], [117.58347324500005, 1.231396897000025], [117.5835716040001, 1.231400804000032], [117.58367299200006, 1.231386203000056], [117.58378404500002, 1.231415335000065], [117.58392406100006, 1.231415305000041], [117.58398682500001, 1.231405572000028]]]]}},
{"type": "Feature", "properties": {"ba_code": "4523", "blockid": "4523L34P08", "division": "02"}, "geometry": {"type": "MultiPolygon", "coordinates": [[[[117.63661626500004, 1.256401800000049], [117.63824689100011, 1.256442271000026], [117.63929681700006, 1.256450674000064], [117.63927560400009, 1.251425460000064], [117.63928404800004, 1.249172828000042], [117.63931620000005, 1.247346967000055], [117.63818220500002, 1.247327607000045], [117.63660681400006, 1.247330446000035], [117.63662291600008, 1.249171064000052], [117.63669621300005, 1.25248455600007], [117.63667831500004, 1.252810242000066], [117.63670533900006, 1.253054496000061], [117.63666965000004, 1.254149157000029], [117.63663371000007, 1.25420344600002], [117.63661585800003, 1.254719112000032], [117.63662496000006, 1.255189539000071], [117.63661626500004, 1.256401800000049]]]]}},
{"type": "Feature", "properties": {"ba_code": "4523", "blockid": "4523O26P10", "division": "03"}, "geometry": {"type": "MultiPolygon", "coordinates": [[[[117.61619303900011, 1.237747966000029], [117.6162263540001, 1.237806614000021], [117.61625368200009, 1.237902802000065], [117.61625630700007, 1.237909503000026], [117.61625642000001, 1.237910098000043], [117.6162578630001, 1.23791527100002], [117.61625863000006, 1.23792021600002], [117.61626233600009, 1.237933260000034], [117.61629832900007, 1.238105139000027], [117.61630731900004, 1.23811418400004], [117.6163433270001, 1.238349391000042], [117.61635094500002, 1.238454893000039], [117.61643322700002, 1.23842174400005], [117.61715222500004, 1.238132080000071], [117.61720610800012, 1.23793303900004], [117.61722393200012, 1.237272622000035], [117.6172508300001, 1.236983120000048], [117.61719672100003, 1.23620511300004], [117.61717869000006, 1.235969902000022], [117.61725055500006, 1.235788950000028], [117.61732241700008, 1.235598952000032], [117.61734031800006, 1.235273265000046], [117.61734030000002, 1.235191844000042], [117.61728496, 1.23489780500006], [117.61725641400005, 1.234764511000037], [117.61714244400002, 1.234703366000076], [117.61706153300008, 1.234631011000033], [117.61670191200005, 1.234242085000062], [117.61640520200001, 1.233826004000036], [117.61633324000002, 1.23358175900006], [117.61620736200007, 1.233400853000035], [117.61618061800004, 1.233342567000022], [117.61612646100002, 1.233373732000075], [117.61609950200011, 1.233400878000054], [117.61609950600007, 1.233418972000038], [117.61600067100005, 1.233572790000039], [117.61599168200007, 1.233572792000075], [117.61591979500008, 1.233654229000024], [117.61588385200002, 1.233699471000023], [117.61583891900011, 1.233735669000055], [117.61582993500008, 1.233753764000028], [117.61580297400008, 1.233771864000062], [117.61574905700002, 1.233826157000067], [117.61562324800002, 1.233943794000027], [117.6155603420001, 1.233998089000067], [117.61544351900011, 1.234106677000057], [117.6154255570001, 1.234170009000024], [117.61547953700006, 1.234387118000029], [117.61548853300008, 1.234423303000028], [117.61549756900001, 1.234631376000038], [117.61552458200003, 1.234839445000034], [117.61552459100005, 1.234875632000069], [117.61553376600011, 1.235689837000052], [117.61553376800009, 1.235698884000044], [117.61553377000007, 1.235707930000046], [117.6155158040001, 1.235753168000031], [117.615551793, 1.235906955000075], [117.61558777900007, 1.236051694000025], [117.61563274800005, 1.236169291000067], [117.61592051500008, 1.236784403000058], [117.61592950400006, 1.236784401000023], [117.61592950600004, 1.236793448000071], [117.61599245500008, 1.236929134000036], [117.61597452, 1.237110073000053], [117.61583972900007, 1.237254853000024], [117.61571392400003, 1.237390583000035], [117.6157049420001, 1.237417725000057], [117.61570495, 1.237453912000035], [117.61575888400012, 1.237471993000042], [117.61579839600006, 1.237483346000033], [117.61582158100009, 1.237485069000059], [117.61582990800002, 1.237487059000046], [117.61583011200003, 1.237487195000028], [117.6158303410001, 1.237487243000032], [117.61583680100011, 1.237490069000046], [117.61584877200005, 1.237490066000021], [117.615992591, 1.237517172000025], [117.61611845000004, 1.237616657000046], [117.61614521800004, 1.237663781000037], [117.61615862300005, 1.237672951000036], [117.61616252800002, 1.237676202000046], [117.61616837600002, 1.23768500500006], [117.61616842300009, 1.237685247000059], [117.61616855200009, 1.237685444000022], [117.61619303900011, 1.237747966000029]]], [[[117.61451886900011, 1.239082604000032], [117.61452787600001, 1.239164022000068], [117.6149502930001, 1.239019176000056], [117.61528283200005, 1.238892444000044], [117.61586700500004, 1.238602811000021], [117.61611866500004, 1.238548472000048], [117.61628194500008, 1.238482691000058], [117.61628043600001, 1.238467013000047], [117.61626243400008, 1.238358457000061], [117.61625343800006, 1.238322272000062], [117.61622642500004, 1.238114203000066], [117.6162174320001, 1.238096112000051], [117.61619942400011, 1.237960415000032], [117.61619043400003, 1.237951370000076], [117.61610050500008, 1.237752363000027], [117.61606454100001, 1.237707137000029], [117.61592969100002, 1.237598608000042], [117.61592070300003, 1.23759861000002], [117.61569598300002, 1.237544382000067], [117.61557014900006, 1.237553458000036], [117.6152825480001, 1.237662086000057], [117.6152735600001, 1.237662088000036], [117.61510279400011, 1.237716409000029], [117.61491406900006, 1.23784310700006], [117.61465346800003, 1.238105524000048], [117.61465347, 1.23811457000005], [117.61464448400011, 1.238123619000021], [117.61451868100005, 1.23826839700007], [117.61449172900006, 1.238322683000035], [117.61449173300002, 1.238340777000076], [117.61451878700007, 1.238729781000075], [117.6145187940001, 1.238756921000061], [117.6145098510001, 1.238955951000037], [117.61450986800003, 1.239028325000049], [117.61451886900011, 1.239082604000032]]]]}},
{"type": "Feature", "properties": {"ba_code": "4523", "blockid": "4523O29P10", "division": "03"}, "geometry": {"type": "MultiPolygon", "coordinates": [[[[117.624054354, 1.234032812000066], [117.62467954100009, 1.233251114000041], [117.62457538600006, 1.233255697000061], [117.62433472900011, 1.233279976000063], [117.62407599500011, 1.233189202000062], [117.62359466900011, 1.233183260000033], [117.6234863300001, 1.233007670000063], [117.6231553020001, 1.232505126000035], [117.62298080200003, 1.232420387000047], [117.6228062890001, 1.232281147000037], [117.62293262300011, 1.23222056100002], [117.62314315600008, 1.232020673000022], [117.62318169100001, 1.232017164000069], [117.62331452600006, 1.232041337000055], [117.62352489800003, 1.232048176000035], [117.62374178000005, 1.232021317000033], [117.62395484900003, 1.231963819000043], [117.62409811000009, 1.231867802000068], [117.62421700300001, 1.231801949000044], [117.62433436300012, 1.231711552000036], [117.62470127300003, 1.231281512000066], [117.62452655000004, 1.230233918000067], [117.62475516600011, 1.230179363000047], [117.62504405000004, 1.230560804000049], [117.62488186600001, 1.231693256000028], [117.62503234400003, 1.231965727000045], [117.62517675100003, 1.23200808200005], [117.62533315600001, 1.231899043000055], [117.62542652900004, 1.231852025000023], [117.62541908700007, 1.231571853000048], [117.62538364000011, 1.229834815000061], [117.62538349700003, 1.229219638000075], [117.62538348200007, 1.229156311000054], [117.62534730000004, 1.228170226000032], [117.62533818800011, 1.227636471000039], [117.62528415300005, 1.22718414700006], [117.62517414600006, 1.226883860000044], [117.62507159000006, 1.226693401000034], [117.62494537400005, 1.226487074000033], [117.62490592100005, 1.22637596800007], [117.62487045800003, 1.22617101000003], [117.62477967900008, 1.226058525000042], [117.62464562500008, 1.226058557000044], [117.62447214800011, 1.226074471000061], [117.62433809200002, 1.226066566000043], [117.62404634000006, 1.226114255000027], [117.6237388180001, 1.226169885000047], [117.6235022730001, 1.226257245000056], [117.62337613200009, 1.226376327000025], [117.62325001700003, 1.226606524000033], [117.62316331400007, 1.226765280000052], [117.62316338200003, 1.227058942000042], [117.62306882000007, 1.227336753000031], [117.62287956400007, 1.227320924000026], [117.62277703600012, 1.227249516000029], [117.62276913500011, 1.227186024000048], [117.622690282, 1.227193979000049], [117.622575, 1.227275925000072], [117.62257871200006, 1.227293343000042], [117.62266872500004, 1.227854219000051], [117.62273200300001, 1.229410243000075], [117.62273208300007, 1.22975401900004], [117.62271420500008, 1.230179219000036], [117.6227233400001, 1.230812489000073], [117.62272337700006, 1.230975330000035], [117.62269649900009, 1.231346252000037], [117.62267855200002, 1.231472911000026], [117.6226246760001, 1.231708138000045], [117.62255279800002, 1.231825763000074], [117.62249889100008, 1.231925290000049], [117.622453962, 1.231979581000076], [117.62244498400003, 1.232024816000035], [117.62246306200007, 1.232459055000049], [117.62251702500009, 1.232603791000031], [117.62246316100004, 1.232884252000076], [117.62248119800006, 1.233146603000023], [117.62254414100005, 1.233255149000058], [117.62275094100005, 1.23355364300005], [117.62278692200005, 1.233671242000071], [117.622787001, 1.23401341400006], [117.62302069500004, 1.234005916000058], [117.62347909100004, 1.233978667000031], [117.62363189000007, 1.233969585000068], [117.62375774200007, 1.234041929000057], [117.62404294300006, 1.234046898000031], [117.624054354, 1.234032812000066]]], [[[117.62349724, 1.234720495000033], [117.62398400400002, 1.234119649000036], [117.62378472600005, 1.234123343000022], [117.6236498940001, 1.234087188000046], [117.62349709300008, 1.234087224000064], [117.62302071400006, 1.234087336000073], [117.62278702100002, 1.23410070500006], [117.62278732200002, 1.235390121000023], [117.6228053320001, 1.235534864000044], [117.62349724, 1.234720495000033]]]]}},
{"type": "Feature", "properties": {"ba_code": "4523", "blockid": "4523M33P08", "division": "02"}, "geometry": {"type": "MultiPolygon", "coordinates": [[[[117.63382312100009, 1.247276342000021], [117.63487877500006, 1.247286658000064], [117.63656991800008, 1.247291533000066], [117.63652360000003, 1.244858222000062], [117.6365499740001, 1.242388464000044], [117.636549521, 1.240497702000027], [117.63654906600004, 1.238588846000027], [117.63660290900009, 1.238226965000024], [117.63381295300007, 1.238210749000075], [117.63384249600006, 1.240430809000031], [117.6338625200001, 1.242579095000053], [117.63392547, 1.242714781000075], [117.63394347100007, 1.242814290000069], [117.63390753700003, 1.242895720000035], [117.63387161000003, 1.243004289000055], [117.6338435340001, 1.244786573000056], [117.63384393100011, 1.246446416000026], [117.63382312100009, 1.247276342000021]]]]}},
{"type": "Feature", "properties": {"ba_code": "4523", "blockid": "4523O20P11", "division": "03"}, "geometry": {"type": "MultiPolygon", "coordinates": [[[[117.60052905900011, 1.22669327400007], [117.60044461400003, 1.226540261000025], [117.5984658860001, 1.224968668000031], [117.5976567670001, 1.224670162000052], [117.59750683400011, 1.224703732000023], [117.59745084400004, 1.224657645000036], [117.59750680700006, 1.224750373000063], [117.5975238210001, 1.224823082000057], [117.59742187900008, 1.225036965000072], [117.5973114190001, 1.225165306000065], [117.59730294700012, 1.225289347000057], [117.59734546400011, 1.225383436000072], [117.59741847400005, 1.225599652000028], [117.59744396100007, 1.225579140000036], [117.59744443000011, 1.225578861000031], [117.5974452590001, 1.225578159000065], [117.59790779200011, 1.225249819000055], [117.59791300900008, 1.225246926000068], [117.59791703500002, 1.225245609000069], [117.59814173000007, 1.225191278000068], [117.59814802300002, 1.225190527000052], [117.598152894, 1.225190972000064], [117.5985933390001, 1.225272294000035], [117.59859878700001, 1.225273913000024], [117.59860108500004, 1.225275], [117.59875390400009, 1.225356387000033], [117.59876035500008, 1.225361181000039], [117.59876397200003, 1.225365694000061], [117.59884489400008, 1.225492331000055], [117.59884712500002, 1.225496621000048], [117.59884733400008, 1.225497674000053], [117.5988477950001, 1.225498424000023], [117.59889276600006, 1.225634116000037], [117.59889415200007, 1.225642698000058], [117.59889406800005, 1.225643125000033], [117.59889414000008, 1.225643520000062], [117.59888524700011, 1.225941077000073], [117.5989032760001, 1.226365284000053], [117.59890318100008, 1.22636583000002], [117.59890330100006, 1.226366438000071], [117.598902586, 1.226372654000045], [117.59886666700004, 1.226526458000023], [117.59886533200006, 1.226530628000035], [117.59886312200001, 1.22653488900005], [117.59877304400004, 1.226676394000037], [117.59899472900008, 1.226611751000064], [117.59900222700003, 1.226610679000032], [117.59900320300005, 1.226610874000073], [117.59900402000005, 1.226610738000034], [117.59927367300008, 1.226628771000037], [117.59928219900007, 1.226630775000046], [117.59928622000007, 1.226632864000067], [117.59966811700008, 1.226874100000032], [117.5998874070001, 1.226909363000061], [117.59989346600003, 1.226911087000076], [117.59990221500004, 1.226916968000069], [117.60004606000007, 1.227061684000034], [117.60005190700008, 1.227070488000038], [117.60005396200006, 1.227080874000023], [117.60005365000006, 1.227085001000034], [117.60003569900005, 1.227202613000031], [117.60003524800004, 1.227204240000049], [117.60003506300006, 1.227205627000046], [117.59995652600003, 1.227495728000065], [117.59997783800009, 1.227552891000073], [117.6001518380001, 1.227692933000071], [117.60015406100001, 1.227694934000056], [117.60015990800002, 1.227703738000059], [117.60016000300004, 1.227704218000042], [117.60016024400011, 1.227704594000045], [117.60021343200003, 1.227847254000039], [117.6004185380001, 1.228206094000029], [117.60055012600003, 1.22839467600005], [117.60054544900004, 1.228220699000076], [117.60054500600006, 1.228201307000063], [117.60056681600008, 1.228200623000021], [117.60056591500006, 1.226734320000048], [117.60052905900011, 1.22669327400007]]], [[[117.59857952800007, 1.225324931000046], [117.59814877800011, 1.225245399000073], [117.59793465400003, 1.225297174000048], [117.59747700500009, 1.225622046000069], [117.59744544000012, 1.225647449000064], [117.597438925, 1.225651324000069], [117.59743770800003, 1.225651568000046], [117.59745602300006, 1.225699925000072], [117.59745440200004, 1.225710546000073], [117.59746317500003, 1.225712301000044], [117.59747106100008, 1.225717351000071], [117.59752289900007, 1.225765074000037], [117.59752322700001, 1.225765545000058], [117.59752376300003, 1.22576590500006], [117.5975286040001, 1.225772541000026], [117.59762123400003, 1.225951141000053], [117.59775468500004, 1.226060225000026], [117.59812444800002, 1.226104447000068], [117.59813158000009, 1.226106321000032], [117.598131985, 1.226106593000054], [117.59813241900008, 1.226106688000073], [117.59852794500011, 1.226287534000051], [117.59853585500002, 1.226293049000049], [117.59854170200003, 1.226301853000052], [117.59854375700002, 1.226312238000048], [117.59854360000008, 1.226315171000067], [117.59850184100003, 1.226702662000037], [117.59865750000006, 1.226710087000072], [117.59869491600011, 1.226699176000068], [117.59869677900008, 1.226695583000037], [117.59881522300009, 1.226509516000021], [117.59884923700008, 1.226363871000046], [117.5988313250001, 1.225942410000073], [117.59883149500001, 1.225941438000063], [117.59883131200002, 1.225940434000051], [117.59884009000007, 1.22564671300006], [117.59879770600003, 1.225518831000045], [117.59872243600012, 1.225401039000076], [117.59857952800007, 1.225324931000046]]], [[[117.59924521300002, 1.227967640000031], [117.59928112800003, 1.227795743000058], [117.59901143600007, 1.227605822000044], [117.59880466700008, 1.227433980000058], [117.59886755900004, 1.227316357000063], [117.59899338700006, 1.227280142000041], [117.59924511800011, 1.227542442000072], [117.59933496700012, 1.227388626000049], [117.5994607770001, 1.227270990000022], [117.59962258600001, 1.227361421000069], [117.59983826900009, 1.227198530000067], [117.59998980800003, 1.22708183900005], [117.59987027000011, 1.226961577000054], [117.5996541830001, 1.226926828000046], [117.59964812300007, 1.226925104000031], [117.59964410300006, 1.226923016000057], [117.59926331200006, 1.226682479000033], [117.59900517900007, 1.226665216000072], [117.5986682030001, 1.226763479000056], [117.59866070500004, 1.226764551000031], [117.59866002500007, 1.226764415000048], [117.59865942300007, 1.226764520000074], [117.59847066600003, 1.226755516000026], [117.59846163000009, 1.226753483000039], [117.59845288000008, 1.226747601000056], [117.59844703300007, 1.226738798000042], [117.59844497800009, 1.226728412000057], [117.59844513500002, 1.226725479000038], [117.5984878810001, 1.226328835000061], [117.5981139270001, 1.226157851000039], [117.59774056700007, 1.226113199000054], [117.597733435, 1.226111325000034], [117.59772674900012, 1.226107317000071], [117.59758291000003, 1.225989741000035], [117.59758084600003, 1.225987868000061], [117.59757600500006, 1.225981233000027], [117.59748299500006, 1.225801900000022], [117.59743466200007, 1.225757404000035], [117.59743336000008, 1.225755534000029], [117.59738804200003, 1.225755544000037], [117.59732637900004, 1.225724529000047], [117.59732709700006, 1.225729586000057], [117.59732288400005, 1.225853362000066], [117.59736619300008, 1.225878258000023], [117.59740214900012, 1.225887296000053], [117.597438108, 1.225914429000056], [117.59746507900002, 1.225941563000049], [117.59746510900004, 1.226077265000072], [117.59739321600011, 1.226140608000037], [117.59739322000007, 1.226158702000021], [117.59739322500002, 1.226176795000072], [117.59742918600011, 1.22621297400002], [117.59743817800006, 1.226231066000025], [117.59743818200002, 1.22624915900002], [117.59747416100004, 1.22636675900003], [117.59751013900006, 1.226475313000037], [117.59758204500008, 1.226475296000046], [117.5976449750001, 1.226529563000042], [117.59770790100004, 1.226565736000055], [117.59777981000002, 1.226574767000045], [117.59780678100003, 1.226601901000038], [117.59786073300006, 1.22670140300005], [117.59781580300012, 1.226755694000076], [117.59778883800004, 1.226755700000069], [117.59780682700011, 1.226809977000073], [117.59782482100002, 1.226891394000063], [117.5978697810001, 1.226972805000059], [117.5978787790001, 1.227018036000061], [117.59787879300006, 1.227081364000071], [117.59789678400011, 1.22714468700002], [117.5978428620001, 1.227180886000042], [117.59779793300004, 1.227235177000068], [117.5977440050001, 1.227244236000047], [117.59771703600006, 1.227226149000046], [117.59766308000007, 1.227108553000051], [117.59766501000001, 1.227101750000031], [117.59762085000011, 1.227091178000023], [117.59752265800012, 1.227088012000024], [117.59747433400003, 1.227144782000039], [117.59742040800006, 1.227162888000066], [117.59741972100005, 1.227160126000058], [117.59733738600005, 1.227282519000028], [117.59723117800002, 1.22742369100007], [117.59713345300008, 1.227492148000067], [117.59703573000002, 1.22756916000003], [117.59700599500002, 1.227620493000074], [117.59698275300002, 1.227646024000023], [117.59701838600006, 1.227663061000044], [117.59705190900002, 1.227678259000072], [117.59708247100002, 1.227667386000064], [117.59708254100008, 1.227667374000021], [117.59708258600006, 1.227667346000032], [117.59771699800001, 1.227444854000055], [117.59798641700002, 1.227345355000068], [117.59798691300011, 1.227345266000043], [117.59798957300006, 1.227344405000053], [117.59825920800006, 1.227281017000053], [117.59826533500006, 1.227280306000068], [117.59827565400008, 1.227282370000069], [117.59827855500009, 1.227283788000022], [117.5985662170001, 1.227446566000026], [117.5985720650001, 1.227451028000075], [117.59857502900002, 1.227454567000052], [117.59889848600005, 1.227915560000042], [117.59890364700004, 1.227922483000043], [117.5989216160001, 1.227886292000051], [117.59899350600006, 1.227813902000037], [117.59908342900007, 1.227994817000024], [117.59924521300002, 1.227967640000031]]], [[[117.59734874700007, 1.228266611000038], [117.59740266400001, 1.228212318000033], [117.59749258400007, 1.228375140000026], [117.59775324300006, 1.228366034000032], [117.59781613100006, 1.228230319000033], [117.59777116700002, 1.228130814000053], [117.59817562300009, 1.228049302000045], [117.59827243600012, 1.228079261000062], [117.5980621980001, 1.227968480000072], [117.59764758900008, 1.228004089000024], [117.59764530200005, 1.228004188000057], [117.59763498300003, 1.228002124000056], [117.59763461800003, 1.228001879000033], [117.59763422200001, 1.228001793000033], [117.59699598800012, 1.227712440000062], [117.59699573500006, 1.227712264000047], [117.596995493, 1.22771220900006], [117.59695508900006, 1.22769289200005], [117.59694759600006, 1.227687572000036], [117.59694174900005, 1.227678768000033], [117.59694060900006, 1.227673008000068], [117.59668729200007, 1.227689], [117.59659380700009, 1.227710407000075], [117.59664905900001, 1.227744612000038], [117.59674256400001, 1.227813027000025], [117.59680207100007, 1.22786861700007], [117.59687433300007, 1.227958422000029], [117.5969295970001, 1.228048231000059], [117.59701037100001, 1.22819363800005], [117.5970868920001, 1.228321937000032], [117.59715490300005, 1.228403189000062], [117.59727814900009, 1.22844165600003], [117.59733321700003, 1.228454685000031], [117.59734874700007, 1.228266611000038]]], [[[117.60054191300003, 1.228589162000048], [117.60055223100005, 1.228587094000034], [117.60055531500007, 1.228587711000046], [117.60055170500004, 1.228453445000071], [117.60055123400002, 1.228453762000072], [117.60054091500001, 1.228455831000076], [117.60053059600011, 1.228453767000076], [117.6005218460001, 1.228447886000026], [117.60051884300003, 1.228444289000038], [117.60037370500004, 1.228236288000062], [117.6003730320001, 1.228235056000074], [117.6003723990001, 1.228234224000062], [117.6001655870001, 1.227872400000024], [117.6001640500001, 1.227869257000066], [117.60016395500008, 1.227868777000026], [117.60016371400002, 1.227868401000023], [117.60011236000003, 1.22773066000002], [117.59993836000001, 1.227590619000068], [117.5999361370001, 1.227588617000038], [117.59993029000009, 1.227579813000034], [117.59993019500007, 1.227579333000051], [117.59992995400012, 1.227578957000048], [117.5999029730001, 1.227506589000029], [117.59990125400009, 1.227497060000076], [117.59990220200007, 1.22748991800006], [117.59998262700003, 1.227192846000037], [117.59999827000001, 1.227090352000062], [117.59999070900005, 1.227082745000075], [117.59995513500007, 1.227279925000062], [117.59977539600004, 1.227397574000065], [117.59973947100002, 1.227524237000068], [117.59952382200004, 1.227840922000041], [117.59962270900007, 1.227913274000059], [117.59989237000002, 1.22796749400004], [117.60009909100006, 1.227922213000056], [117.60023395600001, 1.228103118000035], [117.60001824900007, 1.228157448000047], [117.60006321100002, 1.228247905000046], [117.6000452720001, 1.228419798000061], [117.59982952100006, 1.22827509800004], [117.59969468800011, 1.228238942000075], [117.5997126850001, 1.228329405000068], [117.59970372100008, 1.228437969000026], [117.59964677300002, 1.228519892000065], [117.59962245200006, 1.22850268600007], [117.59946101700007, 1.228347556000074], [117.59916437000004, 1.228202874000033], [117.59908344900009, 1.22808528500002], [117.59903924100001, 1.228104366000025], [117.5990838670001, 1.228164226000047], [117.59950179700002, 1.228414698000051], [117.59950706400002, 1.228418822000037], [117.59950886800004, 1.228420826000047], [117.59975161800003, 1.228719315000035], [117.59975520700004, 1.228725348000069], [117.5997555670001, 1.228725885000074], [117.59990512500008, 1.22907985400002], [117.60003801800008, 1.229163410000069], [117.60017179200008, 1.229195576000052], [117.6005291570001, 1.228600200000074], [117.6005331660001, 1.228595047000056], [117.60054191300003, 1.228589162000048]]], [[[117.60056127100006, 1.228809281000053], [117.60055721600008, 1.228658426000038], [117.6002268530001, 1.22920881500005], [117.60044721700001, 1.229261801000064], [117.60045126500006, 1.22926312200002], [117.60045404900006, 1.229264475000036], [117.600554869, 1.22932086000003], [117.60056127100006, 1.228809281000053]]], [[[117.59926044100007, 1.229460215000074], [117.5997867420001, 1.229316433000065], [117.5997877850001, 1.229316293000068], [117.59978915200008, 1.229315893000035], [117.60013653500005, 1.229254624000021], [117.60014264100005, 1.229244375000064], [117.60002120200011, 1.229215175000036], [117.60001715400006, 1.229213854000022], [117.600013181, 1.229211796000072], [117.59986934800008, 1.229121361000068], [117.59986457200012, 1.229117538000025], [117.59985882, 1.229108964000034], [117.59970744600002, 1.22875069600002], [117.59947013600004, 1.228458898000042], [117.59905169900003, 1.228208123000059], [117.59904643200002, 1.228203999000073], [117.59904392700003, 1.228201092000063], [117.59904094800004, 1.228197096000031], [117.5990925100001, 1.228410966000069], [117.59892173000003, 1.228401958000063], [117.59882282300009, 1.228239139000038], [117.59865202900005, 1.228166803000022], [117.5986250420001, 1.228067294000027], [117.59876885300002, 1.228058215000033], [117.59887669400007, 1.227976770000055], [117.5988551160001, 1.227947825000058], [117.5988549650001, 1.227947559000029], [117.59885465800005, 1.227947192000045], [117.59853448600006, 1.227490881000051], [117.59826126500002, 1.227336275000027], [117.59800344500002, 1.227396886000065], [117.59773536700004, 1.227495889000068], [117.59773511800006, 1.227495934000046], [117.597734951, 1.227496039000073], [117.59712320400001, 1.227710582000043], [117.5976499840001, 1.22794940600005], [117.59806544600008, 1.227913723000029], [117.59806773300011, 1.227913625000042], [117.598078052, 1.227915688000053], [117.598080245, 1.227916720000053], [117.59845779800003, 1.228115665000075], [117.59846435500003, 1.228120514000068], [117.59846731800008, 1.228124053000045], [117.59857521200001, 1.228277824000031], [117.5985780960001, 1.228283088000069], [117.59858015100008, 1.228293474000054], [117.59857996300002, 1.228294422000033], [117.5985800950001, 1.228295221000053], [117.59857921500009, 1.228308993000041], [117.59857983500001, 1.228309439000043], [117.59915784400005, 1.228972043000056], [117.59916249100002, 1.228979558000049], [117.59916454600011, 1.228989944000034], [117.59916423300001, 1.228994071000045], [117.5991462830001, 1.229111683000042], [117.59914454500006, 1.229117942000073], [117.59914320000007, 1.229120745000046], [117.59911020200002, 1.229180513000074], [117.59911065800009, 1.229179938000073], [117.59918255500008, 1.229134688000045], [117.5992005170001, 1.229071357000066], [117.59920950100002, 1.229053261000047], [117.599218457, 1.228908511000043], [117.59920046500008, 1.228836140000055], [117.59914651300005, 1.228736638000044], [117.59913750800001, 1.228664266000067], [117.59911950700007, 1.228555709000034], [117.59911949500008, 1.228501428000072], [117.59914645600008, 1.228483328000038], [117.59917342100005, 1.228483322000045], [117.59920938200003, 1.228519501000051], [117.59923635300004, 1.228546636000033], [117.599281313, 1.22862804600004], [117.59929030700005, 1.228655185000036], [117.59934424700009, 1.22870040600003], [117.59934424900007, 1.228709453000022], [117.59941617200002, 1.228781811000033], [117.59941617400011, 1.228790858000025], [117.59941617800007, 1.228808951000076], [117.59945214700008, 1.228881317000059], [117.59951509200005, 1.228998911000076], [117.59954205500003, 1.228989858000034], [117.5995959820001, 1.228980799000055], [117.5996229430001, 1.228962700000068], [117.59968586700006, 1.228989826000031], [117.59974880400011, 1.22907123300007], [117.59976678400005, 1.22908932200005], [117.59977577500001, 1.229098367000063], [117.5997847650001, 1.229107412000076], [117.59977578300004, 1.229134554000041], [117.599775797, 1.229197881000061], [117.59975782000004, 1.229197885000076], [117.59969491200002, 1.229243134000058], [117.59964997500003, 1.22926123700006], [117.59962302000008, 1.229306477000023], [117.59951515000012, 1.229261268000073], [117.59951514600004, 1.229243174000032], [117.59952607600007, 1.229205562000061], [117.59952412400003, 1.229197938000027], [117.59946121200005, 1.229225093000025], [117.59938931600004, 1.229270343000053], [117.59937133900007, 1.229270347000067], [117.5993174030001, 1.229243219000068], [117.59926345300005, 1.229152763000059], [117.59922751400006, 1.229216099000041], [117.59915561800005, 1.229261349000069], [117.59911069400005, 1.229342780000025], [117.59907475500006, 1.229406116000064], [117.59899381000002, 1.229391321000037], [117.59896065300006, 1.229451375000053], [117.59902982400001, 1.229451360000041], [117.59903036700007, 1.229451468000036], [117.59903086000008, 1.229451379000068], [117.59926044100007, 1.229460215000074]]], [[[117.598476892, 1.229604044000041], [117.59857032000002, 1.229489608000051], [117.59849060700003, 1.228857807000054], [117.59849039200003, 1.228854394000052], [117.59849058000009, 1.228853446000073], [117.598490448, 1.228852647000053], [117.59852566500001, 1.228301306000048], [117.59843597200006, 1.228173474000073], [117.59827455200002, 1.228311636000058], [117.59824761800007, 1.228447344000074], [117.59811281500004, 1.228546889000029], [117.59796001400002, 1.228546923000067], [117.59791506800002, 1.228528840000024], [117.59787013500011, 1.228565037000067], [117.59794207100003, 1.228700723000031], [117.59793310300006, 1.228791192000074], [117.59803199100008, 1.228863544000035], [117.59818483200002, 1.229044445000056], [117.59842752500003, 1.229080578000037], [117.5984545020001, 1.229134852000072], [117.59835565000003, 1.229225342000063], [117.59808601300006, 1.229279684000062], [117.59791687800009, 1.229174353000076], [117.59797104200004, 1.229403872000034], [117.59799940000005, 1.229549084000041], [117.59829283500005, 1.229478933000053], [117.598476892, 1.229604044000041]]], [[[117.59888468100007, 1.229453458000023], [117.5988949990001, 1.229451390000065], [117.59889894800006, 1.229451389000076], [117.59909371200001, 1.229098632000046], [117.59910901900003, 1.228998343000058], [117.59857433500008, 1.22838540500004], [117.59854443200004, 1.228853542000024], [117.59862514500003, 1.22949327200007], [117.59862536000003, 1.229496685000072], [117.59862331000011, 1.229507071000057], [117.59862038000006, 1.229512406000026], [117.59853203600005, 1.229637612000033], [117.59854974300004, 1.229637828000023], [117.59870905500009, 1.229528518000052], [117.59871363900004, 1.229526023000062], [117.59871377400009, 1.229525932000058], [117.59888453600001, 1.22945351900006], [117.5988846140001, 1.229453503000059], [117.59888468100007, 1.229453458000023]]], [[[117.60006507300011, 1.231736432000048], [117.6001179220001, 1.231185480000022], [117.60011800500001, 1.23118514600003], [117.60011806700004, 1.231184256000063], [117.60011845400004, 1.231181530000072], [117.60007288200006, 1.231305712000051], [117.59982116700007, 1.231115787000022], [117.59976724900002, 1.231170080000027], [117.59995605400002, 1.231396206000056], [117.59998308400009, 1.231685697000046], [117.59977635500002, 1.231694791000052], [117.59918730900006, 1.231242531000021], [117.59889532800003, 1.230926014000033], [117.59907503000011, 1.230636477000076], [117.599164943, 1.230772158000036], [117.59937165200006, 1.230672597000023], [117.5995694290001, 1.230826347000061], [117.59957836100011, 1.230573036000067], [117.59991089800008, 1.230437259000041], [117.59993791600004, 1.230672469000069], [117.59984804300007, 1.230717723000055], [117.59982109200007, 1.230781056000069], [117.60005479200004, 1.230799097000045], [117.60013864100006, 1.231039070000065], [117.60017064800002, 1.230813202000036], [117.60001308100004, 1.230522606000022], [117.60001184100008, 1.230519996000055], [117.600010429, 1.230515498000045], [117.5999744400001, 1.230352664000065], [117.59997379600009, 1.230346777000022], [117.59997396800009, 1.230343712000035], [117.60001856400004, 1.229947924000044], [117.60000999500005, 1.229793312000027], [117.59993279600008, 1.229646623000065], [117.59973977900006, 1.229385508000064], [117.59927059100005, 1.229513687000065], [117.5992635340001, 1.229514634000054], [117.59926299000006, 1.22951452600006], [117.59926249800003, 1.229514614000038], [117.59902931800002, 1.22950564000007], [117.59890045700001, 1.229505669000048], [117.59873720100006, 1.229574899000056], [117.59857310000007, 1.229687495000064], [117.598568236, 1.229690142000038], [117.5985579180001, 1.229692210000053], [117.59855774900007, 1.229692177000061], [117.5985575850001, 1.229692208000074], [117.59850945800008, 1.229691621000029], [117.59851725400006, 1.229745966000053], [117.59854422900003, 1.229917669000031], [117.59854456000005, 1.229921901000068], [117.59854419400006, 1.229926363000061], [117.59851812600004, 1.230084010000041], [117.5985520810001, 1.230237641000031], [117.598720866, 1.230532547000053], [117.59872241000005, 1.230535703000044], [117.59872329500001, 1.230538186000047], [117.59878626000011, 1.230746248000059], [117.59878743000002, 1.230754150000053], [117.5987872710001, 1.230754957000045], [117.59878738900011, 1.230755655000053], [117.59877843700008, 1.23091849900004], [117.59877750100009, 1.230922636000059], [117.59877688600011, 1.230926187000023], [117.5986963580001, 1.231151491000048], [117.59867574700002, 1.231224696000027], [117.5986747180001, 1.231227677000049], [117.59866887500004, 1.231236483000032], [117.59866324500001, 1.231240271000047], [117.59881043200005, 1.231356668000046], [117.59887620100005, 1.231408566000027], [117.59931103100007, 1.23181794900006], [117.59972802400011, 1.232106504000058], [117.59972962000006, 1.232103521000056], [117.59980803600001, 1.231987136000043], [117.59981128200002, 1.231983182000022], [117.59981148700001, 1.23198304400006], [117.59981161900009, 1.23198284800003], [117.60006507300011, 1.231736432000048]]], [[[117.600577498, 1.230232142000034], [117.60055630000011, 1.229379747000053], [117.60055617000012, 1.229379773000062], [117.6005458510001, 1.229377709000062], [117.6005430670001, 1.229376357000035], [117.60043108800005, 1.229313731000047], [117.6001976450001, 1.229257601000029], [117.60017644900006, 1.229293175000066], [117.60017239500007, 1.229298404000076], [117.60016364900002, 1.229304289000027], [117.60015797800008, 1.229305950000025], [117.59979967700008, 1.229369144000032], [117.59979570400003, 1.22937022900004], [117.59997729400004, 1.229615885000044], [117.59997852900005, 1.229618075000076], [117.59997948800003, 1.229619382000067], [117.600060417, 1.229773159000047], [117.60006149900005, 1.229775471000039], [117.60006351200002, 1.229784351000035], [117.60007253700007, 1.229947191000065], [117.60007241900007, 1.229947889000073], [117.60007257900008, 1.229948696000065], [117.60007240700008, 1.229951761000052], [117.60002806300008, 1.230345313000043], [117.60006224500012, 1.230499968000061], [117.60022227700006, 1.230795110000031], [117.60022351700002, 1.230797720000055], [117.60022557200011, 1.230808105000051], [117.60022530200001, 1.230811944000038], [117.6001715430001, 1.231191310000042], [117.60011779800004, 1.231751608000025], [117.60011587200006, 1.231759381000074], [117.600110029, 1.231768187000057], [117.60010982400001, 1.231768325000075], [117.60010969200005, 1.231768521000049], [117.59985110000002, 1.232019933000061], [117.59977425500006, 1.232133987000054], [117.59977189400001, 1.232136862000061], [117.59993004300009, 1.232246300000043], [117.60064055300006, 1.232742515000041], [117.6006215000001, 1.232637674000046], [117.60060666100003, 1.232508394000035], [117.6005773930001, 1.232303285000057], [117.60060265900006, 1.231587536000063], [117.60059611000008, 1.23135146900006], [117.60058514000002, 1.230572622000068], [117.600577498, 1.230232142000034]]]]}},
{"type": "Feature", "properties": {"ba_code": "4523", "blockid": "4523O33P10", "division": "03"}, "geometry": {"type": "MultiPolygon", "coordinates": [[[[117.63382863200002, 1.222594054000069], [117.6338130040001, 1.223237231000041], [117.6338400730001, 1.223680514000023], [117.63389411900005, 1.22417807000005], [117.63381333600012, 1.224648519000027], [117.63386738400004, 1.225155122000047], [117.63384049600006, 1.225480810000022], [117.63378663000003, 1.225752224000075], [117.6338501780001, 1.228430037000066], [117.63384121400009, 1.228529553000044], [117.6338410830001, 1.228536249000058], [117.63465010700008, 1.22832128500005], [117.63650155800008, 1.227787086000035], [117.63653747900003, 1.227651377000029], [117.636582395, 1.227542806000031], [117.63659408300009, 1.227521403000026], [117.63615315200002, 1.22712492200003], [117.63581688600004, 1.226681928000062], [117.63600094300011, 1.226548962000038], [117.6362650320001, 1.226391808000074], [117.63636907900002, 1.226379700000052], [117.63646913000002, 1.22639176000007], [117.63652922000006, 1.226653562000024], [117.6363011410001, 1.226778483000032], [117.63640522500009, 1.226927492000073], [117.63646925300009, 1.22691539300007], [117.6366493910001, 1.227132859000051], [117.636704441, 1.227153258000044], [117.63668114500001, 1.227036166000062], [117.63667212100006, 1.22688237400007], [117.6366091540001, 1.226674315000025], [117.63647421300004, 1.226176778000024], [117.63647418900007, 1.226077264000025], [117.63650112900007, 1.225968697000042], [117.63654605300007, 1.225896313000021], [117.63659996900003, 1.225842020000073], [117.63668314900008, 1.225762667000026], [117.63645299000007, 1.225831879000054], [117.6363769830001, 1.225956763000056], [117.6358568490001, 1.226444269000069], [117.63564071100006, 1.226295287000028], [117.63569268700007, 1.226089849000061], [117.63581672700002, 1.226009260000069], [117.63580861100002, 1.225529936000044], [117.63556041600009, 1.225207760000046], [117.63563237400001, 1.224881479000032], [117.63599256900011, 1.224982091000072], [117.63614867400008, 1.225110948000065], [117.63613674400005, 1.225429159000043], [117.63625681100007, 1.225473438000051], [117.63657293500012, 1.225356552000051], [117.63671702400006, 1.225441104000026], [117.63685156200006, 1.22551233400003], [117.6368515580001, 1.225498185000049], [117.6368425600001, 1.225452953000058], [117.63682457200002, 1.225407724000036], [117.6367886050001, 1.225344406000033], [117.63652786500006, 1.225000693000027], [117.63648290200001, 1.224910237000074], [117.63645589700002, 1.224738356000046], [117.63647385000002, 1.224638837000043], [117.636448943, 1.224175704000061], [117.63637238900003, 1.224192235000032], [117.63611828600006, 1.224080823000065], [117.63577294200002, 1.223825176000048], [117.63519288700002, 1.222808951000047], [117.63504299700003, 1.222599157000047], [117.63488659900008, 1.222415593000051], [117.63480836300005, 1.222166439000034], [117.63480831600009, 1.221963167000069], [117.63502327300012, 1.221831972000075], [117.63542071400002, 1.222002364000048], [117.63605294800004, 1.223274306000064], [117.63628758700008, 1.223726695000039], [117.63643264300003, 1.223872626000059], [117.63639260000002, 1.223128056000064], [117.63635631900001, 1.221734871000024], [117.6363501840001, 1.221321646000035], [117.63610444200003, 1.221407743000043], [117.6361039840001, 1.221407821000071], [117.6361021240001, 1.221408440000062], [117.63606759600009, 1.22141713700006], [117.63548478900009, 1.221633885000074], [117.6354843690001, 1.221633961000066], [117.63548409400005, 1.221634133000066], [117.634904258, 1.221831816000019], [117.63477816200009, 1.221931149000056], [117.63469157500003, 1.222143628000026], [117.63469155000007, 1.222143665000033], [117.63469154100005, 1.222143709000022], [117.63468994900006, 1.22214695100007], [117.63452822700003, 1.222427438000068], [117.63452397600008, 1.222433002000059], [117.63451522900004, 1.222438887000067], [117.63450491100002, 1.222440956000071], [117.63449796300006, 1.222440041000027], [117.63437134700007, 1.22240608900006], [117.63391198500005, 1.222575149000022], [117.63391141700004, 1.222575250000034], [117.63390858100001, 1.222576152000045], [117.63382863200002, 1.222594054000069]], [[117.63423673700004, 1.224095602000034], [117.63421316600011, 1.22410351700006], [117.63402456500012, 1.224008658000059], [117.63403229800008, 1.223478782000029], [117.63396935800006, 1.223138728000038], [117.6341107180001, 1.222822351000048], [117.6342049540001, 1.222592980000059], [117.63442495000004, 1.222537567000074], [117.63478661500005, 1.223486511000033], [117.63510891400006, 1.224095395000063], [117.63523472300005, 1.224474976000067], [117.63495211700001, 1.225590154000031], [117.63480284700006, 1.225685092000049], [117.63450423600011, 1.225566535000041], [117.63450418800005, 1.225360912000042], [117.63446482800009, 1.225052486000038], [117.63440973600007, 1.224672888000043], [117.63418181800012, 1.224451502000022], [117.63423673700004, 1.224095602000034]]], [[[117.633731183, 1.219576092000068], [117.63373125400005, 1.219582377000052], [117.633794254, 1.219935184000065], [117.63387404000002, 1.220407415000068], [117.6341170610001, 1.220394254000041], [117.63417665700001, 1.220325008000032], [117.6341995680001, 1.220251156000074], [117.63391976700007, 1.219909680000058], [117.63376990000006, 1.219568289000051], [117.633731183, 1.219576092000068]]], [[[117.636214633, 1.219763734000026], [117.63621204000003, 1.219744629000047], [117.636140081, 1.219518478000055], [117.636104122, 1.21949134700003], [117.63591537500008, 1.219518532000052], [117.63575355800003, 1.219391916000063], [117.63546591600004, 1.219310564000068], [117.63521420400002, 1.219129690000045], [117.63509737200002, 1.219193045000054], [117.6347468670001, 1.219346922000057], [117.63463002300011, 1.219355996000047], [117.634504192, 1.219374120000055], [117.63437836500009, 1.219410336000067], [117.63414469300005, 1.21950085900005], [117.63422560600009, 1.219582260000038], [117.63436044800005, 1.21966364900004], [117.63438746000008, 1.219862670000055], [117.63446840900008, 1.220097865000071], [117.63443246800011, 1.220152154000061], [117.6344864020001, 1.220170235000069], [117.63459424400003, 1.220097835000047], [117.63458521700011, 1.219934997000053], [117.63478289900002, 1.219681642000069], [117.63502868900002, 1.220195600000068], [117.63543494500004, 1.220138], [117.63554279400012, 1.219856846000027], [117.63587722500006, 1.219758634000073], [117.636214633, 1.219763734000026]]], [[[117.63634933500009, 1.221264469000062], [117.63634718600008, 1.221119697000063], [117.6363828750001, 1.220903854000028], [117.63532083400003, 1.220800838000059], [117.63521500900004, 1.221037801000023], [117.63502238300009, 1.220968524000057], [117.63444647000006, 1.22175207600003], [117.63419144000011, 1.221680374000073], [117.6343994990001, 1.221382902000073], [117.63448712600007, 1.22114018000002], [117.63458089500011, 1.220944563000046], [117.63453329000004, 1.220628986000065], [117.6339353090001, 1.220664851000038], [117.63385709500005, 1.220671466000056], [117.633839426, 1.220921266000062], [117.63385758900006, 1.221717372000057], [117.63384871100004, 1.222187804000043], [117.63383080900007, 1.222504443000048], [117.6338299900001, 1.222538142000076], [117.6338951350001, 1.222523555000066], [117.63436081300006, 1.222352171000068], [117.63437006600009, 1.222350521000067], [117.63437701400005, 1.222351435000064], [117.63449192900009, 1.22238224900002], [117.63464237900007, 1.22212131200007], [117.63473097500002, 1.221903904000044], [117.6347310000001, 1.221903867000037], [117.634731009, 1.221903823000048], [117.63473685200006, 1.221895017000065], [117.63473930400005, 1.221892831000048], [117.63487463700005, 1.221786221000059], [117.63488093100011, 1.221782522000069], [117.63488190400005, 1.221782327000028], [117.63488260500003, 1.221781888000066], [117.63546644400003, 1.221582841000043], [117.63605028100005, 1.221365709000054], [117.63605067800006, 1.221365637000019], [117.63605308100011, 1.221364839000046], [117.636087857, 1.221356079000032], [117.63634933500009, 1.221264469000062]]]]}},
{"type": "Feature", "properties": {"ba_code": "4523", "blockid": "4523O16P11", "division": "03"}, "geometry": {"type": "MultiPolygon", "coordinates": [[[[117.58893682200005, 1.219071272000065], [117.58911916500006, 1.218837008000037], [117.58913381800005, 1.218652133000035], [117.58914106300006, 1.218178859000034], [117.58930985400002, 1.21729883200004], [117.5893098460001, 1.21726185700004], [117.58920692900006, 1.216995664000024], [117.58903057000009, 1.216855200000055], [117.58872929100005, 1.216626025000039], [117.5884153610001, 1.216388417000076], [117.58830833000002, 1.216307640000025], [117.58814512000004, 1.216303669000069], [117.58798032300001, 1.216317888000049], [117.58765676100006, 1.216390333000049], [117.58745902600003, 1.216426564000074], [117.58740509800009, 1.216435622000063], [117.58724074400004, 1.216472538000062], [117.58699389700007, 1.216537667000068], [117.58684695600004, 1.216537699000071], [117.58647033600005, 1.216526295000051], [117.5863429200001, 1.216539003000037], [117.58626279500004, 1.216560060000063], [117.58611082200002, 1.216607795000073], [117.58604681200006, 1.216637251000066], [117.58594578600002, 1.216668832000039], [117.58591443600005, 1.216689878000068], [117.58578904600006, 1.216826661000027], [117.58573680200004, 1.21689329700007], [117.58572635300004, 1.216903819000038], [117.5856765530001, 1.216951168000037], [117.5853096410001, 1.217170827000075], [117.58496349600011, 1.217419449000033], [117.5847421310001, 1.217594973000075], [117.58474376000004, 1.217596068000034], [117.58474805700007, 1.217601706000039], [117.58497166000006, 1.217992010000046], [117.58521280600007, 1.218126783000059], [117.58563961900006, 1.218348389000028], [117.5856396690001, 1.218348426000034], [117.58563986900003, 1.218348520000063], [117.58570502300006, 1.218383220000021], [117.58569773800002, 1.218353917000059], [117.58565278700007, 1.21830869300004], [117.585607836, 1.218263468000032], [117.5855898530001, 1.21823633200006], [117.58553591000009, 1.218173016000037], [117.58555386700004, 1.218082544000026], [117.58558981200008, 1.218046349000076], [117.58561676300008, 1.217983016000062], [117.58550890400011, 1.217983039000046], [117.58548194100001, 1.217992092000031], [117.58542800300006, 1.21795591700004], [117.585374064, 1.217910694000068], [117.58526620000009, 1.217892624000058], [117.58514035500002, 1.217847418000076], [117.58508640900004, 1.217775055000061], [117.5851043780001, 1.217738864000069], [117.58512234700004, 1.217702673000076], [117.5851582900001, 1.217657431000021], [117.58520322000004, 1.217603141000041], [117.585185238, 1.217576004000023], [117.58518523400005, 1.217557911000029], [117.58522118100007, 1.217530762000024], [117.58527511300008, 1.217539797000029], [117.58533802500006, 1.21751264300002], [117.58538296400002, 1.217503587000067], [117.58541891700008, 1.217503579000038], [117.58544588600012, 1.217521666000039], [117.58548184900008, 1.217566893000026], [117.58551781200003, 1.217612119000023], [117.5855357910001, 1.217621162000057], [117.58557175600004, 1.217675435000046], [117.58560771300006, 1.217693520000068], [117.58567962300003, 1.217711598000051], [117.58571558000006, 1.217729684000062], [117.58576951700002, 1.217765859000053], [117.58579648600005, 1.217783947000044], [117.58587737900007, 1.217774882000072], [117.58593129500002, 1.217711543000064], [117.58595824600002, 1.21764821000005], [117.58602115800011, 1.217621055000052], [117.58604811300006, 1.217575816000021], [117.58611102400005, 1.217539615000021], [117.58615596700008, 1.217548652000062], [117.58620091600005, 1.217584829000032], [117.58625485000005, 1.217602911000029], [117.58629079700006, 1.217575762000024], [117.58631775200001, 1.21753052300005], [117.58629077800003, 1.217485295000074], [117.58622784800002, 1.217431028000021], [117.58623682300004, 1.217367698000032], [117.58623681300003, 1.217322464000063], [117.58626377200005, 1.217295318000026], [117.58629071100006, 1.217177703000061], [117.5862008150001, 1.217114396000056], [117.58620080300011, 1.217060115000038], [117.58615585400003, 1.217023937000022], [117.58611988900009, 1.216969665000022], [117.5861019030001, 1.21692443400002], [117.5861378400001, 1.216852052000036], [117.5861737890001, 1.216833951000069], [117.58622771700004, 1.216824892000034], [117.5862457070001, 1.216888216000029], [117.58631761400011, 1.216888200000028], [117.58638053900006, 1.21692437400003], [117.58645244400009, 1.216915311000037], [117.58647940500009, 1.21689721100006], [117.5864883810001, 1.216842929000052], [117.58651533800003, 1.216806736000024], [117.58662318800009, 1.216761478000024], [117.58665914700009, 1.216788611000027], [117.58673106900005, 1.216860969000038], [117.58678499700011, 1.216851911000049], [117.58684791100006, 1.216833803000043], [117.58687487600002, 1.216833797000049], [117.58691982500011, 1.216869975000066], [117.586946796, 1.216897109000058], [117.58696478000002, 1.216933292000022], [117.5870097290001, 1.216969470000038], [117.58703669200008, 1.216960417000053], [117.58704566900008, 1.216906134000055], [117.58705464700006, 1.21686089800005], [117.58707261600011, 1.216824707000058], [117.58707260000006, 1.216752333000045], [117.58709056900011, 1.216716142000053], [117.58710854000003, 1.216688997000062], [117.58717145000003, 1.216652797000052], [117.5872074030001, 1.216652789000022], [117.58727930200007, 1.216616586000043], [117.58730627200009, 1.216643720000036], [117.58733324100001, 1.216661808000026], [117.58736920000001, 1.21668894000004], [117.58736022200003, 1.216734176000045], [117.58736022700009, 1.216761317000021], [117.58736022900007, 1.216770363000023], [117.5873782220001, 1.216842734000068], [117.58738721400005, 1.216860826000072], [117.58739620800009, 1.216887964000023], [117.5873872310001, 1.21694224700002], [117.58739622600001, 1.216969385000027], [117.58735129200011, 1.21700558200007], [117.58733331700012, 1.217014633000076], [117.5872344500001, 1.217032748000065], [117.58722546800004, 1.21705989000003], [117.58711761600011, 1.217096101000038], [117.58715358300003, 1.217159421000076], [117.58716258100003, 1.217204653000067], [117.58716259300002, 1.217258934000029], [117.5871805810001, 1.217313211000032], [117.58715363800002, 1.217412731000024], [117.58718959100008, 1.217412723000052], [117.587234523, 1.217367479000075], [117.58725249100007, 1.217331288000025], [117.58729743700007, 1.217349372000058], [117.58731541700001, 1.217367462000027], [117.58730643700005, 1.217403651000041], [117.58727947600005, 1.217421750000028], [117.58724353600007, 1.217485086000067], [117.5871986090001, 1.217548423000039], [117.58714468900007, 1.217593669000053], [117.58716267500006, 1.217638899000065], [117.58718065500011, 1.217656989000034], [117.58721662000005, 1.217711262000023], [117.58722561700006, 1.217747447000022], [117.58722561800005, 1.217756494000071], [117.58724361100008, 1.217828864000069], [117.58725262200005, 1.21793742400007], [117.58719870300001, 1.217982669000037], [117.587135794, 1.218027917000029], [117.58709083500003, 1.217946506000033], [117.58703690400012, 1.217937471000027], [117.58697396800005, 1.217856064000046], [117.58691103600006, 1.217792750000058], [117.58690205000005, 1.217801799000028], [117.5868571200001, 1.217856089000065], [117.58683016900011, 1.217919423000069], [117.586740286, 1.217919442000039], [117.58671331700009, 1.217901355000038], [117.58664139700011, 1.217838043000029], [117.5865874540001, 1.217774727000062], [117.5865065590001, 1.217774745000042], [117.58653353000011, 1.217801879000035], [117.58655151200003, 1.217829016000053], [117.5866054600001, 1.217910425000071], [117.58663243400008, 1.217955653000047], [117.58665940500009, 1.217982788000029], [117.5866324540001, 1.218046121000043], [117.58656055000006, 1.218055184000036], [117.58654256900002, 1.218037094000067], [117.58649761800007, 1.217991870000048], [117.5864796410001, 1.217991874000063], [117.58642569800008, 1.21792855800004], [117.58633580300011, 1.217874297000037], [117.5862818810001, 1.217910496000059], [117.58625492800002, 1.21796478300007], [117.58617403700009, 1.217982894000045], [117.5861380880001, 1.218000995000068], [117.58613809000008, 1.21801004200006], [117.58611113300003, 1.218046235000031], [117.58601226400003, 1.218055304000075], [117.58588643000007, 1.218064378000065], [117.58587744700003, 1.21809152000003], [117.58588645300006, 1.218172940000045], [117.58587748000002, 1.218245316000036], [117.5858505330001, 1.218326743000034], [117.58584155900007, 1.218390072000034], [117.58585056100003, 1.218453398000065], [117.58585084700007, 1.218460883000034], [117.5858675400001, 1.218469773000038], [117.5861216940001, 1.218456253000056], [117.58631944100011, 1.218442941000035], [117.58647802400003, 1.218309869000052], [117.58647880700005, 1.218309392000037], [117.5864803290001, 1.218308136000076], [117.58672830500007, 1.218141664000029], [117.58673294300002, 1.218139171000075], [117.58673843800011, 1.218137541000033], [117.58688999500009, 1.218109772000048], [117.586894819, 1.218109333000029], [117.58689726000011, 1.218109444000049], [117.58735195800011, 1.218150949000062], [117.58735983600002, 1.218152901000053], [117.58736858600003, 1.218158783000035], [117.58737044700001, 1.218160859000022], [117.58754507900005, 1.218377093000072], [117.58771750000005, 1.21844379700002], [117.5877176460001, 1.218443892000039], [117.58771783500003, 1.218443929000046], [117.58799342800012, 1.218554814000072], [117.58799370800011, 1.218554999000048], [117.58799403600005, 1.218555067000068], [117.58837986900005, 1.218721400000049], [117.58838017000005, 1.218721605000042], [117.58838048200005, 1.218721673000061], [117.58871119800006, 1.218874150000033], [117.58871348000002, 1.218875746000037], [117.58871772000009, 1.218878396000036], [117.58893682200005, 1.219071272000065]], [[117.58887046900008, 1.218528608000042], [117.588878657, 1.218649094000057], [117.58885963600005, 1.218758632000061], [117.58882575000007, 1.218751289000068], [117.5887358550001, 1.218697028000065], [117.58868193100011, 1.218724181000027], [117.58865497400006, 1.218760374000055], [117.588601046, 1.218769432000045], [117.58850217500003, 1.218769454000039], [117.58801674500012, 1.218480064000062], [117.58805268600008, 1.218425775000071], [117.58817849700006, 1.218308139000044], [117.58814252200011, 1.218208632000028], [117.58814250800003, 1.218145305000064], [117.58812451600011, 1.21807293400002], [117.58810650600003, 1.217919143000074], [117.58811547300002, 1.21781962600005], [117.58816939500002, 1.217783427000029], [117.5882233320001, 1.21781960200002], [117.58830424400003, 1.217901006000034], [117.58833121500004, 1.217928140000026], [117.58848402600006, 1.217973340000071], [117.58855593800001, 1.218000465000046], [117.58865480500003, 1.217982350000057], [117.58872671400002, 1.217991381000047], [117.58878963200004, 1.217991367000025], [117.58887951800011, 1.218009441000049], [117.58887054200011, 1.218063723000057], [117.58878068400008, 1.218181351000055], [117.58869080400007, 1.218190418000063], [117.5886638390001, 1.218190424000056], [117.5885649700001, 1.218199492000053], [117.5885380090001, 1.21821759200003], [117.58847510800001, 1.218299027000057], [117.5884751100001, 1.218308074000049], [117.58854702400004, 1.218344245000026], [117.58856500500008, 1.218362335000052], [117.58866389000002, 1.218425641000067], [117.58871783300003, 1.218488956000044], [117.58879873, 1.218497985000056], [117.58885552900006, 1.21852655400005], [117.58887046900008, 1.218528608000042]]], [[[117.58895043500002, 1.223973642000033], [117.58907914400004, 1.224027528000022], [117.58916314300006, 1.224090305000061], [117.58918295500007, 1.224088487000074], [117.58913377500005, 1.224026243000026], [117.58906056600006, 1.223898862000055], [117.58904257800009, 1.223844585000052], [117.58899762400006, 1.223790315000031], [117.58897964000005, 1.223754131000021], [117.58897064500002, 1.223726993000071], [117.588916702, 1.223663677000047], [117.58888973700004, 1.223663683000041], [117.58887175400002, 1.223636547000069], [117.58885377400009, 1.223618457000043], [117.58884476800006, 1.223537038000075], [117.58884476600008, 1.223527991000026], [117.58881779500007, 1.223500857000033], [117.58878183400009, 1.223464678000028], [117.58873686900006, 1.223356126000056], [117.58872787000007, 1.223310894000065], [117.58872786500001, 1.223283754000022], [117.58869188000006, 1.223139013000036], [117.58871884100006, 1.223120914000049], [117.58876376600006, 1.223048529000039], [117.58879070000012, 1.22290377500002], [117.58873676200005, 1.22286759900004], [117.58870081100008, 1.222876654000061], [117.58866485600004, 1.222867615000041], [117.58863788500003, 1.222840481000048], [117.58858394900005, 1.22281335200006], [117.58852102100002, 1.222768132000056], [117.58844010900009, 1.222686729000031], [117.58840414200006, 1.22262340900005], [117.58834119800008, 1.222505815000034], [117.58833220200006, 1.222469630000035], [117.588296237, 1.222415357000045], [117.58827825000003, 1.222370127000033], [117.58825127400007, 1.222315852000065], [117.58825126600004, 1.22227966500003], [117.5882221060001, 1.222255192000034], [117.58817364200002, 1.222224399000027], [117.58815238300008, 1.222225406000064], [117.5881325470001, 1.222218760000032], [117.58811767400005, 1.222207198000035], [117.58809712400011, 1.222193612000069], [117.58808902200008, 1.222181073000058], [117.58806395800002, 1.222142280000071], [117.58806649300004, 1.222070404000021], [117.58813279600008, 1.222039586000051], [117.58819400900006, 1.222057542000073], [117.58825522600011, 1.222096033000071], [117.58831414600002, 1.222107762000064], [117.58839039800012, 1.22210627100003], [117.58843999600003, 1.222171062000029], [117.58844000200008, 1.222198202000072], [117.58846183900005, 1.222244871000044], [117.58851193600003, 1.222324841000045], [117.5885928570001, 1.222442432000037], [117.58860185300011, 1.222478617000036], [117.58860472000003, 1.22252207300005], [117.58870929200009, 1.222552853000025], [117.58877814000004, 1.22249636500004], [117.58882658800007, 1.222455283000045], [117.58886483800006, 1.222427038000035], [117.58889033900005, 1.222416764000059], [117.58891838500006, 1.222375686000021], [117.58893367600001, 1.222324343000025], [117.58909945100004, 1.222326874000032], [117.58912751100002, 1.222357671000054], [117.58914281500006, 1.222362802000021], [117.58917724100002, 1.222335892000046], [117.58921302400006, 1.222324687000025], [117.58922889900009, 1.222301681000033], [117.58926110400012, 1.222290868000073], [117.58929390500009, 1.222261341000035], [117.58935680700006, 1.222188953000057], [117.58936579500005, 1.222188951000021], [117.58944668800007, 1.222179887000038], [117.58945567600006, 1.22217988500006], [117.58952758700002, 1.222197962000052], [117.5895455650001, 1.22220700500003], [117.58953658900009, 1.222261288000027], [117.58952760300008, 1.222270337000054], [117.58941857400009, 1.222352065000052], [117.58931480600006, 1.222398912000074], [117.58922079800004, 1.222417016000065], [117.58916812000007, 1.222496586000034], [117.58916812200005, 1.222505633000026], [117.58918610600006, 1.222541816000046], [117.5892040870001, 1.222559905000026], [117.58927599100002, 1.222550843000022], [117.5892939680001, 1.222550839000064], [117.58932992100006, 1.222550831000035], [117.58939284700011, 1.222587004000047], [117.58942881000007, 1.222632230000045], [117.58944679300009, 1.222659366000073], [117.58943654400002, 1.22270504200003], [117.58940076500005, 1.222737467000059], [117.58933895700011, 1.222767952000027], [117.5892490660001, 1.222731784000075], [117.58915019400001, 1.22273180600007], [117.58906929000011, 1.222686590000023], [117.588988405, 1.22273184200003], [117.589015388, 1.222813257000041], [117.58902438200005, 1.222840396000038], [117.5889794520001, 1.222894686000075], [117.58898845200008, 1.222948965000057], [117.58898845600004, 1.222967059000041], [117.58900643700008, 1.222985148000021], [117.58900644300002, 1.223012289000053], [117.58901543700006, 1.22303942700006], [117.58892558000002, 1.223157055000058], [117.58889862900003, 1.223220389000062], [117.58889865200001, 1.223328950000052], [117.58893461100001, 1.223356082000066], [117.58896158400012, 1.22339226400004], [117.58898855300004, 1.223410351000041], [117.5890065320001, 1.223419394000075], [117.58904248700003, 1.223428433000038], [117.58907417600005, 1.223379338000029], [117.58913792600003, 1.223333118000028], [117.58920405300012, 1.223234566000031], [117.58928993000006, 1.223198528000069], [117.58935076800003, 1.223209320000024], [117.58941877600012, 1.223277740000071], [117.58935472200005, 1.223397245000058], [117.58928456700005, 1.223449601000027], [117.58922213100004, 1.223528189000035], [117.58915937000006, 1.223591249000037], [117.58917735900002, 1.223645526000041], [117.5891863490001, 1.223654571000054], [117.58923131200004, 1.223754076000034], [117.58925828100007, 1.223772163000035], [117.58927626200011, 1.223790253000061], [117.58928525200008, 1.223799298000074], [117.58933919600008, 1.223862613000051], [117.58938414700003, 1.22390783700007], [117.58940212800007, 1.223925927000039], [117.58942909600012, 1.223944015000029], [117.5894311190001, 1.22394401400004], [117.5894366340001, 1.223810082000057], [117.58951575800006, 1.223527487000069], [117.58959729000003, 1.223281119000035], [117.58963106200008, 1.223000950000028], [117.58963266500007, 1.222836084000051], [117.58977194800002, 1.222712384000033], [117.58977344700008, 1.222707676000027], [117.58982427100011, 1.222519947000023], [117.58982423700002, 1.222363426000072], [117.58977165500005, 1.222099110000045], [117.58963168100001, 1.221868682000036], [117.58961940100005, 1.221757875000037], [117.58956084400006, 1.221206478000056], [117.589384128, 1.220996254000056], [117.58913471100004, 1.220931944000029], [117.58913375700001, 1.220928561000051], [117.58888665500001, 1.221190476000061], [117.58868138900004, 1.221479853000062], [117.58857143800003, 1.221645931000069], [117.58856807000006, 1.221650068000031], [117.58855932300003, 1.221655953000038], [117.58855827700006, 1.221656163000034], [117.5885575320001, 1.221656627000073], [117.58823519000009, 1.221764852000035], [117.58803451100005, 1.222047762000045], [117.58779996100009, 1.222466927000028], [117.58780150000007, 1.222490852000021], [117.58785907400011, 1.222494272000063], [117.58785931000011, 1.22249432600006], [117.58786045700003, 1.222494390000065], [117.58808370200006, 1.222519307000027], [117.58809104400007, 1.222521205000021], [117.58809542100005, 1.222523523000064], [117.58837102900009, 1.222703748000072], [117.58837540200011, 1.222707311000022], [117.5883805630001, 1.222714586000052], [117.58897330400009, 1.223934851000024], [117.5889760440001, 1.22394676600004], [117.58897399400007, 1.223957153000072], [117.58896815100002, 1.223965959000054], [117.5889594040001, 1.223971844000062], [117.58895043500002, 1.223973642000033]]], [[[117.589140358, 1.220872353000061], [117.58935847000009, 1.220617351000044], [117.58920034200003, 1.220493443000066], [117.58909745800008, 1.220375148000073], [117.58896871500008, 1.220252100000039], [117.58896758700007, 1.220253799000034], [117.58895884100002, 1.220259684000041], [117.58894852200001, 1.220261752000056], [117.58893820300011, 1.220259689000045], [117.5889339470001, 1.22025745000002], [117.58885615500003, 1.220207175000041], [117.58885480800006, 1.22020608400004], [117.58885388400006, 1.220205534000058], [117.5886802330001, 1.220065772000055], [117.5884913110001, 1.220116524000048], [117.58823196800006, 1.220298673000059], [117.58822686200006, 1.220301488000075], [117.58821654300004, 1.220303556000033], [117.5882101300001, 1.220302274000062], [117.58813885300003, 1.220362084000044], [117.58813586600002, 1.22036390300002], [117.58813365000003, 1.220365511000068], [117.58807854200006, 1.220393259000048], [117.58802343500008, 1.220421008000073], [117.588022582, 1.22042121000004], [117.58802169500007, 1.220421807000037], [117.58801755200011, 1.22042315300007], [117.58778395000002, 1.220478530000037], [117.58750109300001, 1.220559939000054], [117.5872892750001, 1.220748137000044], [117.58748441700004, 1.221133409000061], [117.58748464100006, 1.221134346000042], [117.5874853040001, 1.221135344000061], [117.58748735900008, 1.221145730000046], [117.58748723400004, 1.221148344000028], [117.58744626100008, 1.221575458000075], [117.5874728660001, 1.221815978000052], [117.58769000300003, 1.22215729800007], [117.58769002100007, 1.222157332000052], [117.5876900400001, 1.222157357000071], [117.58778652300009, 1.222309885000072], [117.58778868700006, 1.222314070000039], [117.58779068500007, 1.222322708000036], [117.58779358000004, 1.222367718000044], [117.58798823100005, 1.222019857000021], [117.5879889690001, 1.222018878000029], [117.58798978000004, 1.22201740600002], [117.58803398600003, 1.221955086000037], [117.58798155200009, 1.221981180000057], [117.58791861000009, 1.221872633000032], [117.58793653900011, 1.221655506000047], [117.58776571500005, 1.221438420000027], [117.5874780580001, 1.221293735000074], [117.58759482900007, 1.220940884000072], [117.58773862200007, 1.220850385000062], [117.5878194930001, 1.220741805000046], [117.58786442500002, 1.220696561000068], [117.58789138800012, 1.220687509000072], [117.5879632860001, 1.220651306000036], [117.58803518500008, 1.220615103000057], [117.5880441590001, 1.220551773000068], [117.58806211400008, 1.220452254000065], [117.58813402400006, 1.220470332000048], [117.58819694600004, 1.220488412000066], [117.58825088200001, 1.220515540000065], [117.58827785300002, 1.220542675000047], [117.5883228020001, 1.220578852000074], [117.588376734, 1.220587887000022], [117.5885205190001, 1.220461200000045], [117.58850252700006, 1.220388830000047], [117.58841262400006, 1.220298382000067], [117.58838732600009, 1.220264839000038], [117.5884677140001, 1.220209981000039], [117.58852945400008, 1.220216935000053], [117.5886013710001, 1.220262153000021], [117.58861935300001, 1.220289290000039], [117.58869158100003, 1.220407014000045], [117.58872466200012, 1.220415938000031], [117.58877217000008, 1.22036163000007], [117.58898788700003, 1.220352536000064], [117.58901487700007, 1.220470138000053], [117.58894299100007, 1.22056062200005], [117.58882617400002, 1.220705396000028], [117.58888911400004, 1.22080489700005], [117.5888442160001, 1.221003937000035], [117.58879928800002, 1.221067274000063], [117.58874535100006, 1.221031099000072], [117.58870038900011, 1.220940641000027], [117.58869137900001, 1.220841128000075], [117.58866438700011, 1.220714479000037], [117.5886771810001, 1.220650019000061], [117.58850555100003, 1.220666004000066], [117.5885115860001, 1.220714513000075], [117.58851159200003, 1.220741653000061], [117.58849362700005, 1.220795938000037], [117.5884756580001, 1.22083212900003], [117.58843072500008, 1.220868326000073], [117.58843972500006, 1.220922605000055], [117.58841277400006, 1.220985938000069], [117.58834087700006, 1.22103118800004], [117.58829593200005, 1.221013104000065], [117.58825099, 1.221013114000073], [117.58817010900009, 1.221076459000074], [117.58811617800006, 1.221067425000058], [117.5880532650001, 1.221094579000066], [117.58798137300005, 1.221157922000032], [117.58796339800006, 1.221166973000038], [117.58795442600001, 1.22123934900003], [117.58799938100003, 1.221302667000032], [117.58807128900003, 1.221311698000022], [117.5880982540001, 1.221311692000029], [117.58814319400005, 1.221302635000029], [117.58819711600006, 1.221266436000064], [117.58822407900004, 1.221257383000022], [117.58829598700004, 1.22126641400007], [117.58837688400001, 1.221275443000025], [117.58844880600009, 1.221347802000025], [117.5884937730001, 1.221465400000056], [117.58847582200008, 1.221583012000053], [117.5883679740001, 1.221637317000045], [117.58826011800011, 1.22165543400007], [117.58812530800003, 1.221718792000047], [117.58804443400004, 1.221818324000026], [117.58801747900009, 1.221863564000046], [117.58806460300002, 1.22191192400004], [117.58819639400008, 1.221726129000047], [117.58819926900003, 1.22172271200003], [117.58820801500008, 1.221716827000023], [117.58820906200003, 1.221716617000027], [117.58820980700011, 1.221716154000035], [117.58853169000008, 1.221608082000046], [117.58863675100008, 1.221449389000043], [117.58863705100009, 1.221449021000069], [117.58863724500009, 1.22144866900004], [117.588843859, 1.221157393000055], [117.5888460430001, 1.221154796000064], [117.58884625100006, 1.221154474000059], [117.5891079810001, 1.220877054000027], [117.58911721000004, 1.220870670000068], [117.58912752900005, 1.220868602000053], [117.58913784800006, 1.220870666000053], [117.589140358, 1.220872353000061]]], [[[117.58893512700001, 1.220193706000032], [117.58878140500008, 1.219783627000027], [117.58890535400008, 1.219115009000063], [117.58890271400003, 1.219113359000062], [117.58868517000008, 1.21892185400003], [117.58835832700004, 1.218771163000042], [117.58797310500006, 1.218605094000054], [117.5876979840001, 1.218494399000065], [117.58768938300011, 1.218491072000063], [117.58782646100008, 1.218689367000025], [117.58782686900008, 1.21869011900003], [117.58782733200007, 1.218690710000033], [117.5879789490001, 1.218940303000068], [117.58798085300009, 1.218944069000031], [117.58798290800007, 1.218954455000073], [117.58798293200005, 1.219065400000034], [117.58798088200001, 1.219075787000065], [117.58797964300004, 1.219078397000033], [117.58789700500006, 1.219230965000065], [117.58789570400006, 1.219232715000032], [117.58789449800008, 1.219234786000072], [117.587824339, 1.219324273000041], [117.58786953900005, 1.219532798000046], [117.587985666, 1.219595381000033], [117.58809026600011, 1.219549178000022], [117.58809801100006, 1.219536179000045], [117.58817874600004, 1.219457082000019], [117.58818772600011, 1.219420892000073], [117.58820569900001, 1.219402795000065], [117.58823264800003, 1.219330415000059], [117.58827757400002, 1.219258030000049], [117.58829553700002, 1.21919469900007], [117.5883045170001, 1.219158510000057], [117.58834944900002, 1.219113266000022], [117.58835843500003, 1.219104217000051], [117.58836742300002, 1.219104215000073], [117.58842135300006, 1.219104203000029], [117.58852921900007, 1.219131320000031], [117.58861012900002, 1.219203676000063], [117.58860932000005, 1.219216325000048], [117.58860114900006, 1.219239866000066], [117.58863712100003, 1.219330326000033], [117.58865510200008, 1.21934841500007], [117.5887000570001, 1.219411733000072], [117.58872704400005, 1.219511242000067], [117.5886551530001, 1.219583632000024], [117.58859224500009, 1.219628880000073], [117.58852034600011, 1.219665083000052], [117.5884664240001, 1.219701282000074], [117.5884574480001, 1.219755564000025], [117.58843049100005, 1.219791758000042], [117.58843049500001, 1.219809851000036], [117.58838555700004, 1.219827955000028], [117.58837656700007, 1.219818910000072], [117.58834060000004, 1.219755590000034], [117.58833160600011, 1.219728452000027], [117.58823272900008, 1.219701333000046], [117.58821524600012, 1.21971910600007], [117.58824441500008, 1.219734826000035], [117.58825075000004, 1.219739557000025], [117.58825659700005, 1.219748361000029], [117.58825865200004, 1.219758746000025], [117.5882587000001, 1.219980637000049], [117.58825857900001, 1.219983210000066], [117.58823526600008, 1.220230167000068], [117.58846434100008, 1.220069276000061], [117.58846944700008, 1.220066461000044], [117.58847281800001, 1.220065311000042], [117.58867948300008, 1.220009793000031], [117.58868643100004, 1.220008875000076], [117.58869675000005, 1.22001093800003], [117.58870327700004, 1.220014818000038], [117.58888647100002, 1.220162261000041], [117.58893512700001, 1.220193706000032]]], [[[117.588175664, 1.219759346000046], [117.58814971900006, 1.21978572200004], [117.58814714100004, 1.219803920000061], [117.588062, 1.219927540000072], [117.58796317000008, 1.220117545000051], [117.58788227600007, 1.220117563000031], [117.58785532400009, 1.220180896000045], [117.5878103870001, 1.220199], [117.58773850600005, 1.22031662400002], [117.58767560000001, 1.220370918000071], [117.58763964700006, 1.220370926000044], [117.587533613, 1.220494123000037], [117.58776973500005, 1.220426165000049], [117.58777015400005, 1.220426106000048], [117.5877709670001, 1.220425842000054], [117.58800212300002, 1.220371044000046], [117.58805441400011, 1.220344714000021], [117.58810672300001, 1.220318375000033], [117.588178448, 1.220258189000049], [117.58820477000006, 1.219979359000035], [117.58820472600007, 1.219775008000056], [117.588175664, 1.219759346000046]]], [[[117.58747187200004, 1.220513992000065], [117.58739699600005, 1.220524775000058], [117.58728913800007, 1.220533846000023], [117.5871236160001, 1.220617490000052], [117.58714643700011, 1.220639099000039], [117.5872513280001, 1.220709448000036], [117.5874699740001, 1.220515185000068], [117.58747187200004, 1.220513992000065]]], [[[117.58701522700005, 1.220514858000058], [117.58701049100011, 1.220488673000034], [117.58699248900007, 1.22037106800002], [117.58711832100005, 1.220352947000038], [117.58723517100009, 1.22036196800002], [117.58728009900005, 1.220298631000048], [117.58730706200004, 1.220289578000063], [117.5873789530001, 1.220217188000049], [117.58754970500001, 1.220099542000071], [117.5876305700001, 1.219963823000057], [117.58764852900003, 1.219882397000049], [117.58773909000001, 1.219892393000066], [117.58781929100007, 1.21980998600003], [117.5878192670001, 1.21970142400005], [117.5879271450001, 1.219625415000053], [117.58783311700006, 1.21957474200002], [117.58782678200009, 1.219570010000041], [117.58782093500008, 1.219561207000027], [117.58781950000002, 1.219556600000033], [117.58778109600007, 1.219379428000025], [117.58768787800011, 1.219498326000064], [117.58768578100012, 1.219500701000072], [117.58768405800004, 1.219502291000026], [117.58733966000011, 1.219793598000024], [117.58733263600004, 1.21979789300002], [117.58732781700007, 1.219799389000059], [117.58699714900001, 1.219868802000065], [117.58699164900008, 1.219869374000041], [117.58658379700012, 1.219869464000055], [117.58658045600009, 1.219869255000049], [117.58656791600004, 1.219867682000029], [117.58691628000008, 1.220421166000051], [117.58701522700005, 1.220514858000058]]], [[[117.58585383700006, 1.218522875000076], [117.58585508300007, 1.218532761000063], [117.5859314710001, 1.21852575500003], [117.58603933800009, 1.218561918000034], [117.58610226400003, 1.218598092000036], [117.58612922900011, 1.218598086000043], [117.586129217, 1.218543805000024], [117.58617416100003, 1.218552842000065], [117.58624606900003, 1.218561873000056], [117.58626405500002, 1.218607103000068], [117.58631799300008, 1.218643278000059], [117.58636294200005, 1.218679456000075], [117.58645283100009, 1.218706576000045], [117.58651575700003, 1.218742750000047], [117.58655171200007, 1.218751789000066], [117.5865876690001, 1.218769875000021], [117.5866110400001, 1.218797809000023], [117.58664116000011, 1.218791739000039], [117.58665320700004, 1.21878567300007], [117.5866602000001, 1.218775854000057], [117.58663554600002, 1.218647795000038], [117.58651029900011, 1.218496587000061], [117.58634492200008, 1.218497323000065], [117.58633590800002, 1.218495540000049], [117.58633177900003, 1.218496512000058], [117.58612510500006, 1.218510426000023], [117.58612494500005, 1.218510399000024], [117.58612472900006, 1.218510448000075], [117.58586294100007, 1.218524374000026], [117.58586228100012, 1.218524260000038], [117.58586152400005, 1.218524412000022], [117.58585383700006, 1.218522875000076]]], [[[117.58670344500001, 1.218715142000065], [117.58672247600009, 1.21868842400005], [117.58670448900011, 1.218643194000038], [117.5867134560001, 1.218543677000071], [117.58673142700002, 1.21851653300007], [117.58671344400011, 1.218489396000052], [117.58668647400009, 1.21846226200006], [117.58664152400002, 1.218426084000043], [117.5866774640001, 1.21836274900005], [117.58670442700009, 1.218353696000065], [117.58674037600008, 1.218335595000042], [117.58679430200004, 1.218317489000071], [117.58686619800005, 1.218272240000033], [117.58689315900006, 1.218254140000056], [117.58692011800008, 1.21822699400002], [117.58698304000006, 1.218245074000038], [117.58706394700005, 1.218299337000076], [117.58711788000005, 1.218317419000073], [117.58714485100006, 1.218344553000065], [117.58719878500006, 1.218362635000062], [117.58724372200004, 1.218344531000071], [117.58730663800009, 1.218335471000046], [117.58741064500009, 1.218381970000053], [117.5874573640001, 1.218388337000022], [117.58746843900008, 1.218389716000047], [117.58748642400008, 1.218425899000067], [117.5874864430001, 1.218516367000063], [117.58743252300007, 1.21856161300002], [117.58736062700007, 1.218606863000048], [117.58730229800005, 1.218636233000041], [117.5874058600001, 1.218636210000057], [117.58756523400007, 1.218443043000036], [117.58751901700009, 1.218425162000074], [117.58751873200004, 1.218424977000041], [117.58751837700004, 1.218424906000052], [117.58750962800002, 1.21841902400007], [117.58750776700003, 1.218416948000026], [117.58733576800012, 1.218203974000062], [117.58689604400001, 1.218163836000031], [117.58675358700009, 1.218189938000023], [117.58651145200008, 1.21835248900004], [117.5864038520001, 1.218442779000043], [117.5865227590001, 1.218442250000066], [117.58652281500008, 1.218442261000064], [117.58652287200005, 1.218442250000066], [117.58653319200005, 1.218444314000067], [117.58654194100006, 1.218450195000059], [117.58654359000002, 1.218452011000068], [117.5866814100001, 1.218618398000046], [117.58668560900003, 1.218625386000042], [117.58668717100011, 1.218630615000052], [117.58670344500001, 1.218715142000065]]], [[[117.5871277650001, 1.218719984000074], [117.58714148900003, 1.218776570000045], [117.58707308600003, 1.218995938000035], [117.58722589700005, 1.219041138000023], [117.5873337270001, 1.218905413000073], [117.58745057700003, 1.218914434000055], [117.58748654500005, 1.218986800000039], [117.58785489000002, 1.21884013500005], [117.58778173700011, 1.218719710000073], [117.5876109300001, 1.218472622000036], [117.58743926500006, 1.218680687000074], [117.58743759200001, 1.218682535000028], [117.58742884500009, 1.218688420000035], [117.58741852600008, 1.21869048800005], [117.58729675200004, 1.218690515000048], [117.58713539300004, 1.218717619000074], [117.5871277650001, 1.218719984000074]]], [[[117.58791150800005, 1.218933341000024], [117.58784608300004, 1.219013862000054], [117.58776521200002, 1.219122441000025], [117.58770230800008, 1.219185782000068], [117.58763940900008, 1.21927626400003], [117.5874236840001, 1.219249171000058], [117.58727090500008, 1.219348720000028], [117.58724395200011, 1.21940300600005], [117.5872889420001, 1.219629166000061], [117.58721705500011, 1.219719650000059], [117.58714922800004, 1.219734836000043], [117.58712717000003, 1.219710623000026], [117.58706420700003, 1.219502560000024], [117.58699227000011, 1.219357827000067], [117.58692933200007, 1.219267373000037], [117.58684842600007, 1.219213110000055], [117.58679447400004, 1.219113607000054], [117.58677853300003, 1.219057496000062], [117.58677161800006, 1.219068040000025], [117.58677005400011, 1.219069969000032], [117.58677001800004, 1.21907038300003], [117.58672873400008, 1.219306150000023], [117.58672709300004, 1.21931182000003], [117.58672689200012, 1.219312123000066], [117.58672682200006, 1.219312457000058], [117.58661792800001, 1.219559206000042], [117.58657722100008, 1.219777986000054], [117.58657563200006, 1.219783370000073], [117.58657503900008, 1.219784264000054], [117.58657483800005, 1.219785122000076], [117.58656141100005, 1.219812165000064], [117.586585463, 1.219815182000048], [117.58698885800004, 1.219815094000069], [117.587310161, 1.21974764700002], [117.58764725100002, 1.219462522000072], [117.58785074800005, 1.219202965000022], [117.58792900100002, 1.219058491000055], [117.58792898000002, 1.218962103000024], [117.58791150800005, 1.218933341000024]]], [[[117.5867838260001, 1.21895089100002], [117.58678343400004, 1.218935769000041], [117.58677974700004, 1.218925105000039], [117.58675847600011, 1.218905539000048], [117.58673761900002, 1.218892653000069], [117.58675677300005, 1.218992142000047], [117.5867838260001, 1.21895089100002]]], [[[117.58667554300007, 1.218855547000032], [117.58664117400008, 1.218858437000051], [117.58663772900002, 1.218864519000022], [117.58663264000006, 1.218905567000036], [117.5866146730001, 1.21895080500002], [117.58653378800011, 1.218996056000037], [117.58647985800008, 1.218996068000024], [117.58639895400006, 1.218950852000035], [117.58636299700004, 1.218932766000023], [117.5863360400001, 1.218968959000051], [117.586291114, 1.219041343000072], [117.58624617100008, 1.219032306000031], [117.5861383130001, 1.219041377000053], [117.58611133600004, 1.218987102000028], [117.58612031700011, 1.218950913000072], [117.5861203070001, 1.218905679000045], [117.58613827600004, 1.218869488000053], [117.58616523500007, 1.218842341000027], [117.58619219000002, 1.218797102000053], [117.58614724300003, 1.218769971000029], [117.5860933130001, 1.218769983000072], [117.58604836400002, 1.218733805000056], [117.58599442600007, 1.218697630000065], [117.58596745700004, 1.218679542000075], [117.585958473, 1.218697638000037], [117.58594949400003, 1.218742874000043], [117.58594052800004, 1.218842391000067], [117.58590459200002, 1.218923820000043], [117.58590461500012, 1.219032381000034], [117.58591361000003, 1.21905952000003], [117.58592260600005, 1.219095705000029], [117.58587768000007, 1.21916808900005], [117.58583275, 1.219222380000076], [117.58578782200004, 1.219285717000048], [117.58576986100002, 1.219358095000075], [117.58582380700011, 1.219430458000033], [117.58583279700008, 1.219439503000046], [117.58589572900007, 1.219502817000034], [117.5859317070001, 1.219620417000044], [117.58593172300004, 1.219692791000057], [117.5858957800001, 1.219738033000056], [117.5858328710001, 1.219783281000048], [117.58576096700006, 1.219792344000041], [117.58568008600002, 1.219855689000042], [117.5856531290001, 1.21989188200007], [117.58558122600004, 1.219909991000065], [117.58550932000003, 1.219910007000067], [117.58548236100012, 1.219937153000046], [117.5854913610001, 1.219991432000029], [117.58546592400012, 1.220023450000042], [117.58546921700008, 1.220023449000053], [117.58579385300004, 1.219846368000049], [117.58579637700007, 1.219845158000055], [117.58580669500009, 1.219843089000051], [117.58580734300006, 1.21984321900004], [117.5858079190001, 1.219843117000039], [117.58610968800008, 1.219856857000025], [117.58635430800007, 1.219843125000068], [117.5865010980001, 1.219812214000058], [117.58652490800011, 1.219764258000055], [117.58656550100011, 1.219546095000055], [117.58656709000002, 1.219540710000047], [117.58656729100005, 1.219540407000068], [117.5865673610001, 1.219540073000076], [117.5866761960001, 1.219293458000038], [117.58671604100005, 1.219065906000026], [117.58667554300007, 1.218855547000032]]], [[[117.58540796700004, 1.220023463000075], [117.58535653100012, 1.21996432100002], [117.585338535, 1.219873857000039], [117.58535649700002, 1.21981052600006], [117.58538344700003, 1.219738146000054], [117.58530254400011, 1.219701976000067], [117.58524861100011, 1.21968389400007], [117.58523063000007, 1.219665805000034], [117.58521264400008, 1.219620575000022], [117.58520364800006, 1.219584389000033], [117.58520363800005, 1.219539155000064], [117.58520363000002, 1.219502968000029], [117.58516767100002, 1.219475836000072], [117.58519462600009, 1.219430596000052], [117.58518562200004, 1.219358223000029], [117.58513167500007, 1.219276814000068], [117.58508672900007, 1.219258730000035], [117.58501483900011, 1.219331120000049], [117.58496990900005, 1.219385411000076], [117.58493396500012, 1.219430653000074], [117.58490699900005, 1.219421612000076], [117.58484407800006, 1.21941257900005], [117.58479913100007, 1.219385448000025], [117.5847272090001, 1.219313090000071], [117.58466428300005, 1.219276916000069], [117.5846013690001, 1.219295023000029], [117.58453846500004, 1.219358365000062], [117.58447554300005, 1.219340285000044], [117.58437666600003, 1.219313166000063], [117.58433167400005, 1.219313176000071], [117.58435110900007, 1.219316898000045], [117.58435576800002, 1.219318298000076], [117.58435607800004, 1.219318358000066], [117.58463167200011, 1.219429243000036], [117.58463180900003, 1.219429335000029], [117.58463197600008, 1.219429368000021], [117.5846348770001, 1.219430787000022], [117.58485536, 1.219555552000031], [117.58485833100008, 1.219557819000045], [117.58485998100002, 1.219558855000059], [117.58509426, 1.219766826000068], [117.58509471500008, 1.219767467000054], [117.5850954870001, 1.219767986000022], [117.58509758500009, 1.219770359000051], [117.58529621900004, 1.220023487000049], [117.58540796700004, 1.220023463000075]]], [[[117.58421042500004, 1.219345212000064], [117.58419945300011, 1.219379486000037], [117.58435816800011, 1.219384150000053], [117.58437668500005, 1.219403634000059], [117.58435871200004, 1.219421732000058], [117.58434075100001, 1.219494110000028], [117.58434975500006, 1.219566482000062], [117.58439470300004, 1.219593613000029], [117.58445762300005, 1.219602646000055], [117.58452953300002, 1.219620724000038], [117.5846194180001, 1.21962975100007], [117.58469132800008, 1.219647829000053], [117.58475425000006, 1.219665909000071], [117.58482616800006, 1.219720174000031], [117.58485314500001, 1.219774449000056], [117.58486213900005, 1.219801587000063], [117.58492507100004, 1.219864901000051], [117.5849340630001, 1.219882993000056], [117.58489811400011, 1.219901094000022], [117.58485319400006, 1.220000619000075], [117.58484421700007, 1.220054901000026], [117.58480827800008, 1.220118237000065], [117.58478131100003, 1.220109196000067], [117.58475434200011, 1.22009110800002], [117.58478130100002, 1.22006396200004], [117.58477229900006, 1.220000636000066], [117.58473634400002, 1.219991597000046], [117.58470039300005, 1.220000652000067], [117.58467342800009, 1.22000065800006], [117.58464647300002, 1.220045898000023], [117.58465547300011, 1.220100177000063], [117.58468244500011, 1.220136358000047], [117.58470942600002, 1.220208727000056], [117.58470943800012, 1.220263007000028], [117.58471844000007, 1.22032633300006], [117.58470046700006, 1.220344430000068], [117.58466452000005, 1.220371579000073], [117.58461958400005, 1.220398729000067], [117.58461959400006, 1.220443963000037], [117.58469150000008, 1.220443947000035], [117.58479037300003, 1.220452972000032], [117.58479936200001, 1.220452970000053], [117.58488026000009, 1.220471046000057], [117.58492520800007, 1.220498177000024], [117.58498812800008, 1.220507210000051], [117.58502408900006, 1.220543389000056], [117.58502410200003, 1.220606717000067], [117.58505106900009, 1.220615758000065], [117.58511398500002, 1.220606697000051], [117.5851768980001, 1.220579543000042], [117.58520386500004, 1.220588584000041], [117.58524881400001, 1.220624761000067], [117.585320722, 1.220633792000058], [117.58535667300009, 1.220624738000026], [117.5854195820001, 1.220579490000034], [117.58550046300002, 1.220516144000044], [117.58555438300004, 1.22047089900002], [117.58558134000009, 1.220434706000049], [117.58561727900008, 1.220371370000066], [117.58563524400006, 1.220317085000033], [117.58564422500001, 1.22028089600002], [117.58567116200004, 1.220154235000052], [117.58569812500002, 1.220145183000056], [117.58574305500008, 1.22009089200003], [117.58572506900009, 1.220045662000075], [117.58572506100006, 1.22000947500004], [117.58584190500005, 1.219991355000047], [117.58589583100002, 1.219973250000066], [117.58598570600009, 1.219937043000073], [117.58608458100002, 1.219955115000062], [117.586156501, 1.22001842700007], [117.58616549700002, 1.220054612000069], [117.58603074900009, 1.22040746700003], [117.5859409420001, 1.220760311000049], [117.58579714100006, 1.22081462400007], [117.58580614900006, 1.220905090000031], [117.58608479400004, 1.220941216000028], [117.58602192100011, 1.221149306000029], [117.585851165, 1.221248858000024], [117.58588369400002, 1.221283142000061], [117.58588384300003, 1.221282917000053], [117.58588919100009, 1.221278741000049], [117.58614057200009, 1.221129157000064], [117.58627618100002, 1.220268048000037], [117.58627789800005, 1.220261917000073], [117.58627849100003, 1.220261023000035], [117.58627869200006, 1.22026016500007], [117.58647035000001, 1.219874145000063], [117.58636336200004, 1.21989667400004], [117.58636024900011, 1.219896999000071], [117.58635934100005, 1.219897207000031], [117.58611133200009, 1.219911130000071], [117.58610999100006, 1.219910900000059], [117.58610861200009, 1.219911144000037], [117.58581296400007, 1.219897683000056], [117.58548890500003, 1.220074450000027], [117.58548638100001, 1.22007566000002], [117.58547606200011, 1.220077729000025], [117.58528316400009, 1.220077771000035], [117.58527284400009, 1.220075707000035], [117.58526409500007, 1.220069826000042], [117.58526199700009, 1.220067452000023], [117.58505676800007, 1.219805920000056], [117.58482644600008, 1.219601462000071], [117.58461000000011, 1.219478981000066], [117.5843384750001, 1.219369733000065], [117.58421042500004, 1.219345212000064]]], [[[117.58592124800009, 1.221322724000061], [117.58622876000004, 1.221646834000069], [117.58637254700011, 1.221529194000027], [117.58626626900002, 1.221405249000043], [117.58628181400002, 1.221383], [117.58647136200011, 1.221266816000025], [117.58660619600005, 1.221312020000028], [117.58661513400011, 1.221076801000038], [117.58689376500001, 1.221049600000072], [117.58695667300003, 1.221004352000023], [117.58706451700004, 1.220931954000037], [117.58703753900011, 1.22086863200002], [117.58699258100012, 1.220796268000072], [117.58701959900009, 1.220772303000047], [117.58718133600007, 1.220796226000061], [117.5872712580001, 1.220977142000038], [117.58740040500004, 1.221198775000062], [117.58739513900002, 1.221258035000062], [117.58722640100007, 1.221366164000074], [117.58721745000003, 1.221538056000043], [117.58704676600007, 1.221972339000047], [117.58719960300004, 1.222135148000064], [117.58729851900011, 1.222343202000047], [117.58762399900002, 1.222875288000068], [117.5877551100001, 1.222609833000035], [117.58773731500003, 1.22233316300003], [117.5876445670001, 1.222186539000063], [117.58742405500004, 1.221839913000053], [117.58742185300002, 1.221835670000075], [117.5874199640001, 1.221828281000057], [117.58739235300004, 1.221578661000024], [117.58739218700009, 1.221575663000067], [117.58739231200002, 1.221573049000028], [117.587432798, 1.221151009000039], [117.58723748000011, 1.220765388000075], [117.58711465300007, 1.220683009000027], [117.58711163800001, 1.220680522000066], [117.58711112900005, 1.220680191000042], [117.5868768470001, 1.220458353000026], [117.58687662000011, 1.220458022000059], [117.58687626000005, 1.220457780000061], [117.586872545, 1.220453109000061], [117.58652071800009, 1.219894125000053], [117.58632879400011, 1.220280683000055], [117.58619185000009, 1.22115026900002], [117.58619013200007, 1.22115640100003], [117.58618428900002, 1.221165208000059], [117.58617894000008, 1.221169383000074], [117.58592124800009, 1.221322724000061]]], [[[117.58765358100004, 1.222923648000062], [117.58765817900007, 1.222931165000034], [117.58768237800007, 1.223056929000052], [117.587672816, 1.223221164000051], [117.58768723600008, 1.223325015000057], [117.58809763600004, 1.223658221000051], [117.58823922900001, 1.223740306000025], [117.58837361300004, 1.223776504000057], [117.58863518200008, 1.223841657000037], [117.58892913500006, 1.223964724000041], [117.58892485500007, 1.223958693000043], [117.5883353910001, 1.222745174000067], [117.58807140200008, 1.222572547000027], [117.5878552040001, 1.222548417000041], [117.58780501100011, 1.222545436000075], [117.58780939600001, 1.222613619000072], [117.58780926500003, 1.222614418000035], [117.5878094520001, 1.22261536600007], [117.587808289, 1.222620352000035], [117.58780740200007, 1.222625753000045], [117.58780682800011, 1.22262661700006], [117.58780663300001, 1.222627454000076], [117.58766643400008, 1.22291130900004], [117.5876613590001, 1.222918414000048], [117.58765358100004, 1.222923648000062]]], [[[117.5847008080001, 1.217627739000022], [117.58469854600003, 1.217629533000036], [117.58454201200004, 1.217724611000051], [117.58437132600011, 1.217833351000024], [117.58406130900005, 1.218057839000039], [117.58398467600011, 1.218113960000039], [117.58383141000002, 1.21822971000006], [117.5836990460001, 1.218338442000061], [117.58363118900002, 1.218389255000034], [117.58363588300006, 1.218396323000036], [117.58363793800004, 1.218406709000021], [117.58363785100005, 1.218408897000074], [117.58361559600007, 1.218686554000044], [117.58370739500003, 1.218871248000028], [117.58388469600004, 1.219090787000027], [117.58388648300001, 1.219093803000021], [117.58388788700006, 1.219095764000031], [117.58393900400006, 1.21919860600002], [117.58403350300011, 1.219246138000074], [117.58402609500001, 1.219186588000071], [117.58406203400011, 1.219123252000031], [117.58408000100007, 1.219078014000047], [117.58406201700006, 1.219041831000027], [117.58410694400004, 1.218978493000066], [117.58414288400002, 1.218915158000073], [117.58414286400011, 1.218824690000019], [117.58407094400002, 1.218761378000067], [117.58405295400007, 1.218698054000072], [117.58405294800002, 1.218670914000029], [117.58402598000009, 1.218652826000039], [117.58399003000011, 1.218670928000051], [117.58392711600004, 1.218689035000068], [117.58384621400012, 1.21865286600007], [117.5838012700001, 1.21864382900003], [117.58372037200002, 1.218625753000026], [117.58366644000012, 1.218616718000021], [117.58366641700002, 1.218508156000041], [117.58374729200011, 1.218417670000065], [117.5838461510001, 1.218363368000041], [117.58394501700002, 1.21833620600006], [117.58400792700002, 1.21830000500006], [117.5840438670001, 1.218236670000067], [117.58411577100003, 1.218227607000074], [117.58418768100012, 1.218245685000056], [117.58425059500007, 1.21822757800004], [117.58430451000004, 1.21815519200004], [117.58437639600004, 1.218064708000043], [117.58444828900008, 1.218001365000021], [117.58447524200005, 1.217947078000066], [117.58452017800005, 1.217919928000072], [117.58457409200003, 1.217847542000072], [117.58456509400003, 1.217802310000025], [117.58457406700006, 1.217729933000044], [117.58464596500005, 1.217693730000065], [117.58468191800011, 1.217693722000035], [117.58475383700011, 1.217747988000042], [117.58477182100012, 1.217784171000062], [117.58476284800008, 1.217856547000054], [117.58473589700009, 1.217919881000057], [117.58468197900004, 1.217974173000073], [117.5846280610001, 1.218028466000021], [117.58457414300005, 1.218082758000037], [117.5845292250001, 1.218191330000025], [117.58448429500004, 1.218245620000062], [117.58445734000009, 1.218290860000025], [117.58447532600007, 1.218336090000037], [117.58446635100006, 1.218399420000026], [117.58443041800001, 1.218489896000051], [117.58439447800004, 1.218553231000044], [117.5844034800001, 1.218616557000075], [117.58442146700008, 1.21866178700003], [117.58443046100001, 1.218688925000038], [117.584430472, 1.218743206000056], [117.58444846300006, 1.218806530000052], [117.58445746500001, 1.218869855000037], [117.58446646100003, 1.218906041000025], [117.58449343300003, 1.218942222000067], [117.58451142000001, 1.218987452000022], [117.58456533800006, 1.218933159000073], [117.58454735500004, 1.218906023000045], [117.58453836100011, 1.218878884000048], [117.58459229300001, 1.218887920000043], [117.58465521500011, 1.218905999000071], [117.58469117200002, 1.218924085000026], [117.58477206500004, 1.218915021000043], [117.58479003900004, 1.218905970000037], [117.58483497100008, 1.218860726000059], [117.584861928, 1.218824533000031], [117.58488888900001, 1.218806434000044], [117.58494281100002, 1.218770235000022], [117.5849697760001, 1.218770229000029], [117.58500572100002, 1.218734034000022], [117.58504167500007, 1.21873402600005], [117.5850776320001, 1.218752111000072], [117.58511359300007, 1.218788291000067], [117.58511360200009, 1.218833525000036], [117.58515855200005, 1.218869702000063], [117.58521248200009, 1.21886969000002], [117.58523044800006, 1.218824452000035], [117.58527538200008, 1.21878825500005], [117.58532032700009, 1.218806339000025], [117.58539222800005, 1.218779183000038], [117.58542817700004, 1.218761082000071], [117.58549108300008, 1.218706787000031], [117.58552702700001, 1.218661545000032], [117.58554499800005, 1.218634401000031], [117.5855809410001, 1.218589159000032], [117.58563486900005, 1.218580100000054], [117.58569776200011, 1.218462478000049], [117.585700287, 1.218442109000023], [117.58561477, 1.218396565000035], [117.58518771500007, 1.218174833000035], [117.58518756, 1.218174719000046], [117.58518698700004, 1.218174440000041], [117.5849389440001, 1.218035813000029], [117.58493297200005, 1.218031280000048], [117.58492867500001, 1.218025642000043], [117.58470133800006, 1.217628821000062], [117.5847008080001, 1.217627739000022]]], [[[117.58358239100005, 1.218425797000066], [117.58357717500007, 1.218429703000027], [117.58316311700003, 1.21871634200005], [117.58318112000006, 1.218842993000067], [117.583172138, 1.218870136000021], [117.58318113200005, 1.218897274000028], [117.58327102500004, 1.218942489000028], [117.583315964, 1.218933432000028], [117.5833249530001, 1.21893343000005], [117.58336989600002, 1.218942467000034], [117.58343283800002, 1.219051015000048], [117.5834598140001, 1.219105290000073], [117.58357668000008, 1.219186686000057], [117.58366658600005, 1.219295228000021], [117.58369356100002, 1.219340456000054], [117.58375649000004, 1.21939472300005], [117.58377447100008, 1.21941281200003], [117.58381043200006, 1.219448992000025], [117.58386438700006, 1.219566588000021], [117.58385541000007, 1.219620871000075], [117.58382845900007, 1.219684205000021], [117.58389139300004, 1.219756565000068], [117.58399925200001, 1.219756542000027], [117.58403521000002, 1.219774628000039], [117.58410713400008, 1.219856033000042], [117.58411612600003, 1.219874125000047], [117.58413411200002, 1.219919355000059], [117.58417006500008, 1.21991934700003], [117.58417903200007, 1.219819830000063], [117.58414306100008, 1.21973841700003], [117.58412508100002, 1.219720327000061], [117.58406215500008, 1.219684154000049], [117.58404416300004, 1.219611783000062], [117.58409903800009, 1.219495305000066], [117.584113494, 1.21948220400003], [117.584089059, 1.219403697000075], [117.58408005700005, 1.219340371000044], [117.58406763100004, 1.219317869000065], [117.58405167, 1.21931481300004], [117.58404639600008, 1.219313227000043], [117.58404550800003, 1.219312631000037], [117.58404465500007, 1.219312428000023], [117.58390685600011, 1.219243117000076], [117.58389984700011, 1.219238035000046], [117.58389479400012, 1.219230982000056], [117.5838409810001, 1.219122714000036], [117.58366368000009, 1.218903174000047], [117.58366189300011, 1.218900159000043], [117.58366048800008, 1.218898198000034], [117.58356399700006, 1.218704065000054], [117.58356379600002, 1.218703207000033], [117.58356320300004, 1.218702314000041], [117.58356114800006, 1.218691928000055], [117.58356123500005, 1.218689740000059], [117.58358239100005, 1.218425797000066]]]]}},
{"type": "Feature", "properties": {"ba_code": "4523", "blockid": "4523N38P07", "division": "02"}, "geometry": {"type": "MultiPolygon", "coordinates": [[[[117.64759574900006, 1.229074586000024], [117.64757683500011, 1.230007487000023], [117.64754012100002, 1.230826187000048], [117.64752506200011, 1.231009933000053], [117.64758090600003, 1.232684759000051], [117.64759003200004, 1.233333850000065], [117.64761911500011, 1.235258110000075], [117.64800627300008, 1.235384382000063], [117.64809310100009, 1.235401839000076], [117.64818932100002, 1.235410619000049], [117.648216681, 1.235409808000043], [117.64804982400005, 1.233190132000061], [117.64802769700009, 1.232720756000049], [117.64791718700008, 1.23018169900007], [117.64789917500002, 1.230036957000038], [117.64795117200003, 1.229023589000064], [117.64759574900006, 1.229074586000024]]], [[[117.64761912600011, 1.235303517000034], [117.6476246740001, 1.23563512000004], [117.647643173, 1.237310453000021], [117.64765235200002, 1.238177823000058], [117.64833719700005, 1.238159601000064], [117.648336373, 1.238123495000025], [117.64821914000004, 1.235463147000075], [117.64821507600004, 1.235464893000028], [117.64818811100008, 1.235464900000068], [117.64818567000009, 1.235464789000048], [117.64808679700002, 1.23545576600003], [117.64808590900009, 1.235455546000026], [117.64808395000011, 1.235455351000041], [117.64799406300006, 1.235437280000042], [117.64799170100002, 1.23543655800006], [117.64799082400009, 1.235436415000038], [117.64761912600011, 1.235303517000034]]]]}},
{"type": "Feature", "properties": {"ba_code": "4523", "blockid": "4523O36P10", "division": "03"}, "geometry": {"type": "MultiPolygon", "coordinates": [[[[117.64355549200002, 1.220035577000033], [117.6438921780001, 1.219796135000024], [117.64426037300007, 1.219794844000035], [117.6446338500001, 1.219780569000022], [117.64481907000004, 1.219876550000038], [117.64480967300005, 1.219796850000023], [117.64480064600002, 1.219634012000029], [117.6448633660001, 1.218801700000029], [117.64484526000001, 1.218258903000049], [117.6448092490001, 1.218014651000033], [117.64481810900008, 1.21747184700007], [117.64481536500011, 1.217340018000073], [117.64443157800008, 1.217362029000071], [117.64414396000006, 1.217327262000026], [117.64395522100006, 1.217381588000023], [117.64355974700004, 1.217408823000028], [117.64252613300005, 1.21752667800007], [117.64238232800005, 1.217553852000037], [117.64196890100004, 1.217680605000055], [117.64204119600004, 1.219327088000057], [117.64205937800011, 1.220195567000076], [117.64202356700002, 1.220792657000061], [117.64207763800005, 1.22138972700003], [117.64209590000007, 1.222592934000033], [117.64209597100012, 1.22289147500004], [117.6420960160001, 1.223081455000056], [117.64214102000005, 1.22334379900002], [117.64220397000008, 1.223479484000052], [117.64224896700011, 1.22371468800003], [117.64224000600007, 1.223832297000058], [117.6421591830001, 1.224130857000034], [117.64215936000005, 1.224872687000072], [117.64211472000011, 1.226139236000051], [117.64211272000011, 1.226625606000027], [117.6432260900001, 1.226504761000058], [117.64478337500009, 1.226241955000035], [117.64474807500005, 1.225324396000076], [117.64476595400004, 1.224917291000054], [117.64475684700005, 1.224419724000029], [117.64481065500001, 1.223913096000047], [117.64477457700002, 1.223388397000065], [117.64474212400012, 1.222560538000039], [117.64449209400004, 1.222424174000025], [117.644064017, 1.222374012000046], [117.64377856400006, 1.222050943000056], [117.64366048800002, 1.221543526000062], [117.64359616500008, 1.221066017000055], [117.64361244800011, 1.220928958000059], [117.64358889200003, 1.220484371000055], [117.64355549200002, 1.220035577000033]]]]}},
{"type": "Feature", "properties": {"ba_code": "4523", "blockid": "4523L29P09", "division": "01"}, "geometry": {"type": "MultiPolygon", "coordinates": [[[[117.62554360500008, 1.250407968000047], [117.62550195100005, 1.250073220000047], [117.62554324200005, 1.248872264000056], [117.62557197500007, 1.247311446000026], [117.62424574600004, 1.247324316000061], [117.6228031060001, 1.247328845000027], [117.6227904540001, 1.249068253000075], [117.62278709600002, 1.249965073000055], [117.62282451200008, 1.249956695000037], [117.62286608200009, 1.249935763000053], [117.62301573700006, 1.249877144000038], [117.623103022, 1.249785065000026], [117.6232443560001, 1.249701341000048], [117.62333582100007, 1.249701319000053], [117.62344809400008, 1.249793351000051], [117.6235395650001, 1.249822621000021], [117.62362687500001, 1.249835153000049], [117.62408009700005, 1.250077745000056], [117.62412167800005, 1.250102842000047], [117.6241840450001, 1.250123749000068], [117.624246405, 1.250115365000056], [117.62437111200006, 1.250044199000058], [117.62442100200008, 1.250044188000061], [117.62447504900001, 1.250044175000028], [117.62450416600007, 1.250106935000076], [117.624500022, 1.250165519000063], [117.62448340300011, 1.250211552000053], [117.62459985100008, 1.250374719000035], [117.62484931900008, 1.250458349000041], [117.6249366300001, 1.250475066000035], [117.625406386, 1.25045177800007], [117.62548727900003, 1.250442712000051], [117.62554360500008, 1.250407968000047]]]]}},
{"type": "Feature", "properties": {"ba_code": "4523", "blockid": "4523N34P07", "division": "02"}, "geometry": {"type": "MultiPolygon", "coordinates": [[[[117.63665520400002, 1.231357081000056], [117.63665569900002, 1.233441243000073], [117.63667376600006, 1.233821200000023], [117.63680861600005, 1.233929728000021], [117.63701531000004, 1.234270546000062], [117.63698090600008, 1.234875585000054], [117.6370336230001, 1.235196213000052], [117.636794527, 1.235612794000076], [117.63674617400011, 1.23566844000004], [117.6366114650001, 1.235776266000073], [117.63657694200003, 1.235877112000026], [117.63658752000003, 1.236774224000044], [117.6366025850001, 1.236869959000046], [117.63669813800004, 1.237052372000051], [117.6367396070001, 1.237107997000066], [117.63675690800005, 1.237219263000043], [117.63681576200008, 1.237740827000039], [117.63680542000009, 1.237831236000034], [117.63670531200012, 1.238165070000036], [117.63864341400006, 1.238164601000051], [117.63930326800005, 1.238171395000052], [117.63929880800004, 1.235792749000041], [117.63928931200007, 1.233666775000074], [117.63931627200009, 1.23364867500004], [117.63932318500008, 1.232913883000037], [117.6392177350001, 1.232915911000021], [117.63921748700011, 1.232915864000063], [117.63921722700002, 1.232915916000024], [117.63920836800003, 1.232914412000071], [117.63858812700005, 1.232697441000028], [117.6385879720001, 1.232697343000041], [117.63858773800007, 1.23269730100003], [117.63802142800012, 1.23248936400006], [117.63802086700002, 1.232489004000058], [117.63802015100009, 1.232488857000021], [117.63719314800005, 1.232136235000041], [117.63718460400003, 1.232130440000049], [117.63718054800006, 1.232125214000064], [117.63707264600009, 1.231944306000059], [117.63707085500005, 1.23194072900003], [117.63706880000007, 1.231930343000045], [117.63706877000004, 1.231806668000047], [117.63705141700007, 1.231728160000046], [117.63705116900007, 1.231725888000028], [117.637050885, 1.231724730000053], [117.63704200400002, 1.231626662000053], [117.63702629200009, 1.231547692000049], [117.63681616600002, 1.231387036000058], [117.6366804920001, 1.231378534000044], [117.63667185500003, 1.231376523000051], [117.63666310500003, 1.231370642000059], [117.63665742800003, 1.231362244000024], [117.63665520400002, 1.231357081000056]]], [[[117.63655115300003, 1.229113989000041], [117.6365857620001, 1.229374770000049], [117.63655831100004, 1.230164098000046], [117.6365998230001, 1.23039706000003], [117.63663456300003, 1.231207236000046], [117.63664840900003, 1.231321980000075], [117.63682765700003, 1.231333371000062], [117.63683629500008, 1.231335382000054], [117.6368422920001, 1.231338847000075], [117.63706704000003, 1.231510680000042], [117.63706979100004, 1.231513097000061], [117.63707563800006, 1.231521900000075], [117.637077169, 1.231526963000022], [117.6370951670001, 1.231617426000071], [117.63709536100009, 1.231619397000031], [117.63709558000005, 1.23162029100007], [117.63710443500008, 1.231718071000046], [117.63712205600007, 1.231797789000041], [117.63712269900009, 1.231803676000027], [117.637122728, 1.23192281300004], [117.63722226700008, 1.232089701000064], [117.63804055600008, 1.232438607000063], [117.63860602600005, 1.23264623700004], [117.63922152200007, 1.232861548000074], [117.63932369600002, 1.232859583000049], [117.63932503800004, 1.232716862000075], [117.63930685200012, 1.231839336000064], [117.6393218290001, 1.229092460000061], [117.63787429700005, 1.229061514000023], [117.63655115300003, 1.229113989000041]]]]}},
{"type": "Feature", "properties": {"ba_code": "4523", "blockid": "4523O30P10", "division": "03"}, "geometry": {"type": "MultiPolygon", "coordinates": [[[[117.62715921900008, 1.225827366000033], [117.627715351, 1.225751590000073], [117.6279726890001, 1.226940074000026], [117.62827836100007, 1.22698232700003], [117.62827705300003, 1.22667629700004], [117.62827689300002, 1.225988746000041], [117.62827670500008, 1.22518358700006], [117.62826749200008, 1.224215590000028], [117.62827561300003, 1.223885525000071], [117.62815151100006, 1.223858789000076], [117.62784468200005, 1.223613976000024], [117.62721518700005, 1.22325212100003], [117.62716754700011, 1.223087101000033], [117.62723623200009, 1.222767670000053], [117.627495414, 1.222826169000029], [117.62775460600005, 1.22292193200002], [117.62829297200005, 1.223180051000043], [117.62830310800007, 1.222768105000057], [117.62830070500002, 1.222582791000036], [117.62809063200007, 1.222582841000076], [117.62770987800002, 1.222596146000058], [117.62746603500011, 1.222560334000036], [117.62729908400001, 1.222479195000062], [117.62709273700011, 1.222371636000048], [117.62664627700008, 1.22213387100004], [117.62598971600005, 1.221777220000035], [117.62581913300005, 1.222213355000065], [117.62568784400003, 1.222239816000069], [117.62497886900007, 1.222332487000074], [117.62461125300001, 1.222385433000056], [117.62467696500005, 1.222662932000048], [117.62478201700003, 1.222728983000025], [117.6253072510001, 1.222953515000029], [117.62579309400007, 1.223164841000028], [117.62614762600003, 1.223310123000033], [117.62606901100003, 1.224010536000037], [117.62630562900006, 1.225239475000024], [117.62643700700005, 1.225596249000034], [117.6263350160001, 1.225670944000058], [117.62648486500007, 1.226478859000053], [117.62642939400007, 1.227057104000039], [117.6273655440001, 1.227145800000073], [117.62715921900008, 1.225827366000033]]], [[[117.62674739400006, 1.229146574000026], [117.62702825300005, 1.229110161000051], [117.62826863700002, 1.229127961000074], [117.6282865610001, 1.22890178900002], [117.62828050000007, 1.227483136000046], [117.628181777, 1.227477791000069], [117.62684110900011, 1.227327131000038], [117.62663502200007, 1.227396328000054], [117.62706711600003, 1.228502595000066], [117.62674739400006, 1.229146574000026]]], [[[117.62578607000012, 1.228839007000033], [117.62571583500005, 1.228540527000064], [117.62543326900004, 1.228558369000041], [117.62545532000001, 1.229164813000068], [117.62572497200006, 1.229182843000046], [117.626077817, 1.229187495000076], [117.62596333700003, 1.228951947000041], [117.62578607000012, 1.228839007000033]]], [[[117.62825966800006, 1.229209384000058], [117.62745136900003, 1.229209575000027], [117.62778510200008, 1.229740560000039], [117.6279510920001, 1.230148048000046], [117.62776844200005, 1.230332591000035], [117.62723651700003, 1.230360155000028], [117.62714178200008, 1.230465336000066], [117.62705182900004, 1.230711260000021], [117.62676114600004, 1.231466134000073], [117.62782029700008, 1.230944479000073], [117.62810723400003, 1.230774503000021], [117.62825101600004, 1.230647815000054], [117.62827783700004, 1.230032631000029], [117.62825966800006, 1.229209384000058]]], [[[117.62638635500002, 1.230920980000064], [117.62638049700001, 1.230715721000024], [117.62652443500008, 1.230152722000071], [117.62656986000002, 1.229978588000051], [117.62650947600002, 1.22957406300003], [117.62643943800003, 1.229252795000036], [117.62573084200005, 1.229219339000053], [117.62586133800005, 1.229427570000041], [117.6259518490001, 1.22976129400007], [117.62607747700008, 1.229877569000053], [117.62616800600006, 1.230287144000044], [117.62621940100007, 1.230383098000061], [117.6262533690001, 1.230681632000028], [117.62595678600007, 1.230809648000047], [117.62583652300009, 1.230737273000045], [117.62586659700003, 1.230438918000061], [117.62577609900006, 1.230160818000058], [117.6256303460001, 1.229923186000065], [117.62559514500003, 1.229781605000028], [117.6255850340001, 1.229513600000075], [117.62548453200009, 1.229422602000056], [117.62544879400002, 1.229372822000073], [117.62545547200011, 1.229816177000032], [117.62549184000011, 1.231598374000043], [117.62551898200002, 1.232358293000061], [117.62577956200005, 1.232014456000059], [117.6258424670001, 1.231960161000075], [117.6263244480001, 1.231700972000056], [117.62622399700001, 1.231431183000041], [117.62638635500002, 1.230920980000064]]]]}},
{"type": "Feature", "properties": {"ba_code": "4523", "blockid": "4523O17P11", "division": "03"}, "geometry": {"type": "MultiPolygon", "coordinates": [[[[117.5930890950001, 1.221172401000047], [117.5925550830001, 1.220736142000021], [117.59241148900003, 1.220720537000034], [117.59226586900002, 1.22072405900002], [117.59187270900009, 1.220954259000052], [117.5918693110001, 1.220955968000055], [117.59186891000002, 1.220956049000051], [117.5918685910001, 1.220956256000022], [117.59167985300007, 1.221028672000045], [117.59167025400006, 1.221030452000036], [117.59165993500005, 1.221028389000026], [117.59165118500005, 1.221022507000043], [117.59164533800003, 1.221013704000029], [117.5916452780001, 1.221013400000061], [117.59164511900008, 1.221013155000037], [117.5915192120001, 1.220687498000075], [117.59151911000004, 1.220686956000065], [117.59151887500002, 1.220686577000038], [117.59137497100005, 1.220270457000026], [117.59137483100005, 1.220269621000057], [117.591373997, 1.220266864000052], [117.59136601900002, 1.220226757000034], [117.59123731500006, 1.220028223000043], [117.5910807030001, 1.219931940000038], [117.59107569600008, 1.219927974000029], [117.59107548200006, 1.219927652000024], [117.59107518700011, 1.219927448000021], [117.59091361100002, 1.219755861000067], [117.59090224500005, 1.219744426000034], [117.59085044100004, 1.219736989000069], [117.59059925000008, 1.21988876000006], [117.59058256800006, 1.22010767300003], [117.59060036500011, 1.220295326000041], [117.59060048700007, 1.220297899000059], [117.59059968400004, 1.220304482000074], [117.5905637620001, 1.220449239000061], [117.5905625150001, 1.22045304300002], [117.59055720900005, 1.220461293000028], [117.59041327700004, 1.220614750000038], [117.59065957000007, 1.22103454400002], [117.59088408700006, 1.221386898000048], [117.59088629900009, 1.221391158000074], [117.59088811000004, 1.221397909000075], [117.59093256100005, 1.221728440000049], [117.59109841500003, 1.222079679000046], [117.5914688680001, 1.222328137000034], [117.5916297230001, 1.222418035000032], [117.59163569600003, 1.22242256800007], [117.59163612500004, 1.222423214000059], [117.59163667200005, 1.222423603000038], [117.59171758600007, 1.222514053000054], [117.59172245800005, 1.222521821000043], [117.59172347300012, 1.222524751000037], [117.59181342600004, 1.222841369000037], [117.59181446500008, 1.222848825000028], [117.59181416700005, 1.222852851000027], [117.59178787400003, 1.223029543000052], [117.59183968400009, 1.223341998000024], [117.59200393000003, 1.223498542000073], [117.59200413300005, 1.223498839000058], [117.59200445200008, 1.223499054000058], [117.59200719300009, 1.223502281000037], [117.5921510500001, 1.223701278000021], [117.5921541560001, 1.223706855000046], [117.59215436400007, 1.223707908000051], [117.59215482500008, 1.223708658000021], [117.59219979600005, 1.223844350000036], [117.59220118200005, 1.223852932000057], [117.59220109600005, 1.223855097000069], [117.59218332000012, 1.224079368000048], [117.59220124700005, 1.224376004000021], [117.5922011670001, 1.22437648600004], [117.59220129100004, 1.224377080000068], [117.59221031900006, 1.224808694000046], [117.59229820500002, 1.225215166000055], [117.59259515200006, 1.225544612000022], [117.59303544200009, 1.225627602000031], [117.59304079300011, 1.225629201000061], [117.59304954200002, 1.225635083000043], [117.59305000800009, 1.225635784000076], [117.59304941300002, 1.225622680000072], [117.59331399500002, 1.225476830000048], [117.59347346100003, 1.225372103000041], [117.59344218000001, 1.22502313800004], [117.59334852100005, 1.22481377500003], [117.59308143200008, 1.224279907000039], [117.59294271300007, 1.224133369000072], [117.59280244500007, 1.223739649000038], [117.59274434600002, 1.223345528000038], [117.59267547900004, 1.222936453000045], [117.59257833600009, 1.222653807000029], [117.59237373600001, 1.222482856000056], [117.59216398500007, 1.22228003500004], [117.59201890500003, 1.222061104000034], [117.5918883380001, 1.221885962000044], [117.59187379900004, 1.221725392000053], [117.59197530900008, 1.22166697900002], [117.59236687300006, 1.221564709000063], [117.59255540400011, 1.221520875000067], [117.592682093, 1.221477747000051], [117.59281728600001, 1.221359067000037], [117.5930890950001, 1.221172401000047]]], [[[117.590528618, 1.220105851000028], [117.59054654400006, 1.219870631000049], [117.59054851500002, 1.219862326000055], [117.59055435800008, 1.219853519000026], [117.59055955100007, 1.21984943700005], [117.59082916400007, 1.219686535000051], [117.59083271800012, 1.219684732000076], [117.59084303700001, 1.219682664000061], [117.59085202500012, 1.219682662000025], [117.59085583900003, 1.219682934000048], [117.59087449000003, 1.219685612000035], [117.59085556500008, 1.219610071000034], [117.5907759270001, 1.219436849000033], [117.59055123500002, 1.219235911000055], [117.59050248900007, 1.219255549000025], [117.59041933500009, 1.219926305000058], [117.59023606000005, 1.219859272000065], [117.59001937800008, 1.21938980300007], [117.59006807300011, 1.219256679000068], [117.59006767800008, 1.21925678100007], [117.59006679800007, 1.219256893000022], [117.59006572700002, 1.219257210000023], [117.58974255400005, 1.219315666000057], [117.589770541, 1.219372270000065], [117.5897707370001, 1.219373106000035], [117.58977131100005, 1.219373970000049], [117.58977272200002, 1.219378469000048], [117.58980844200005, 1.219540087000041], [117.58995966600003, 1.220014261000074], [117.59028030500008, 1.220462284000064], [117.59037480000006, 1.220576700000038], [117.59051314900012, 1.220429195000065], [117.5905462400001, 1.220295848000035], [117.59052866200011, 1.220110506000026], [117.59052854000004, 1.220107933000065], [117.59052876600003, 1.220106784000052], [117.590528618, 1.220105851000028]]], [[[117.59014040300008, 1.220685243000048], [117.59032578500012, 1.220602266000071], [117.59023823600012, 1.220496260000061], [117.59023796000008, 1.220495800000037], [117.59023709200005, 1.220494774000031], [117.58991341500007, 1.220042506000027], [117.58991038400006, 1.220037034000029], [117.58990962000007, 1.220034938000026], [117.58975671500002, 1.219555491000051], [117.58975661000011, 1.219554817000073], [117.58975606800004, 1.219553090000034], [117.58972079400007, 1.219393489000026], [117.58968859600009, 1.219328370000028], [117.58968438400007, 1.220631669000056], [117.58972095100012, 1.220623420000038], [117.58993458200007, 1.220623744000022], [117.5899349870001, 1.220623818000035], [117.58993542500002, 1.220623731000046], [117.5899432760001, 1.220624905000022], [117.59014040300008, 1.220685243000048]]], [[[117.59224409500007, 1.220670520000056], [117.59225441400008, 1.220668452000041], [117.5922550470001, 1.220668578000073], [117.59225561100004, 1.22066847800005], [117.59248474200001, 1.220678677000024], [117.592035441, 1.220311622000054], [117.59165226800008, 1.220345244000043], [117.59180216000004, 1.220127221000041], [117.5919327790001, 1.219614400000069], [117.59196862100009, 1.219489983000074], [117.59136877300011, 1.219087673000047], [117.59110958300005, 1.219026351000025], [117.59106752600007, 1.219414162000021], [117.59095199500007, 1.21971773000007], [117.59108445400011, 1.219858381000051], [117.5911118680001, 1.219887494000034], [117.5912706250001, 1.219985096000073], [117.59127563200002, 1.219989062000025], [117.59127915200008, 1.21999342600003], [117.5914140220001, 1.220201472000042], [117.59141634900004, 1.22020591200004], [117.591417879, 1.220210975000043], [117.5914265130001, 1.220254376000071], [117.59156964700003, 1.220668270000033], [117.5916856660001, 1.220968351000067], [117.59184723800001, 1.220906358000036], [117.59224069700008, 1.220672229000058], [117.59224409500007, 1.220670520000056]]], [[[117.59178797900006, 1.223359913000024], [117.5917339780001, 1.223034240000061], [117.59173361, 1.223029778000068], [117.59173390700005, 1.223025752000069], [117.59175996600004, 1.222850633000064], [117.5916733360001, 1.22254570900003], [117.59159960700003, 1.222463291000054], [117.59144173400011, 1.222375059000058], [117.59144109300007, 1.222374572000035], [117.59143987100003, 1.222373917000027], [117.591062308, 1.222120690000054], [117.59105819700005, 1.222117300000036], [117.59105290600007, 1.22210975500002], [117.59088204900002, 1.221747921000031], [117.59088190600005, 1.221747285000049], [117.5908814930001, 1.221746663000033], [117.59087968200004, 1.221739912000032], [117.59083546800002, 1.221411144000058], [117.59061390600004, 1.221063427000047], [117.59061362700004, 1.221062889000052], [117.59061338600009, 1.221062575000076], [117.59036727900002, 1.220643099000029], [117.59015313200007, 1.220738952000033], [117.59015280100004, 1.220739023000021], [117.59015250000004, 1.220739225000045], [117.59014218100003, 1.22074129300006], [117.59013433000007, 1.220740119000027], [117.58993183700011, 1.220678139000029], [117.58973136600002, 1.220689722000031], [117.58968420800011, 1.22068598200002], [117.58968041800006, 1.221858689000044], [117.5898093830001, 1.222084016000053], [117.58986337200008, 1.222355408000055], [117.5898638970001, 1.222360730000048], [117.58986393300006, 1.222523572000057], [117.58986298400009, 1.222530714000072], [117.58981105400005, 1.22272252800002], [117.5898107590001, 1.222723397000038], [117.58981071500011, 1.222723678000023], [117.5898096630001, 1.222726984000076], [117.58981793300006, 1.222732543000063], [117.58982253900001, 1.222738737000043], [117.5898236810001, 1.222740842000064], [117.58985844100005, 1.222804951000057], [117.59016339800007, 1.223076693000053], [117.59042244200009, 1.223111398000071], [117.59095027, 1.223084268000036], [117.59095091000006, 1.223084379000056], [117.59095163900008, 1.223084233000066], [117.59096195900008, 1.22308629600002], [117.59096659800002, 1.223088787000052], [117.59110144200008, 1.223179225000024], [117.59110555300003, 1.223182616000031], [117.59110587400005, 1.223183099000039], [117.59110630000009, 1.22318339800006], [117.59121418500001, 1.223300982000069], [117.59121429200002, 1.223301150000054], [117.59121526000001, 1.223302228000023], [117.5915711340001, 1.223740813000063], [117.59189839800001, 1.223900968000066], [117.59190567000007, 1.223906181000075], [117.5919072370001, 1.223907900000029], [117.5921354190001, 1.224180778000061], [117.59212937500001, 1.224080760000049], [117.59212950000006, 1.224080004000029], [117.59212932500009, 1.22407911800002], [117.5921294100001, 1.224076953000065], [117.59214690100009, 1.223856286000057], [117.59210498700008, 1.223729818000038], [117.59196504600004, 1.223536238000065], [117.59179603500002, 1.223375152000074], [117.59179583200012, 1.223374855000031], [117.59179551300008, 1.223374640000031], [117.59178966600007, 1.223365836000028], [117.59178797900006, 1.223359913000024]]], [[[117.59213628700002, 1.224266112000066], [117.5918696650001, 1.22394726400006], [117.59154221300003, 1.223787016000074], [117.59153494100008, 1.223781803000065], [117.59153311900002, 1.223779776000072], [117.59117400900004, 1.223337202000039], [117.59106886100005, 1.223222602000021], [117.59094411400008, 1.223138936000055], [117.59042271700002, 1.223165736000055], [117.59042207700008, 1.223165625000036], [117.59042134800006, 1.223165771000026], [117.59041778400001, 1.223165534000032], [117.59014812700002, 1.223129406000055], [117.59014137100007, 1.223127580000039], [117.59013381000011, 1.223122824000029], [117.58981915900006, 1.222842443000047], [117.58981871700007, 1.222841820000042], [117.58981797000001, 1.222841318000064], [117.58981336300008, 1.222835124000028], [117.58977744200001, 1.222768875000042], [117.5896771570001, 1.222867690000044], [117.58967683800006, 1.222966671000052], [117.58990510100011, 1.224041159000024], [117.5899639700001, 1.224024410000027], [117.59000901500008, 1.224008449000053], [117.59001705800006, 1.22400721200006], [117.59002247600006, 1.224007764000021], [117.59037303600007, 1.224080061000052], [117.59037793700008, 1.224081572000046], [117.5903866860001, 1.224087454000028], [117.59039030200006, 1.224091968000039], [117.59046825100006, 1.224213950000035], [117.59068376100004, 1.224361381000051], [117.5909195590001, 1.224405277000074], [117.5911339380001, 1.224423210000054], [117.59114201800003, 1.224425181000072], [117.59114224900009, 1.224425336000024], [117.59114250700009, 1.224425390000022], [117.59142964800003, 1.224551756000039], [117.5915893450001, 1.22461422300006], [117.59162365100008, 1.224622848000024], [117.59162743000002, 1.224624102000064], [117.59163617900003, 1.224629984000046], [117.59176054700004, 1.224755105000042], [117.59195163200002, 1.224894916000039], [117.59218291800005, 1.224937226000065], [117.59215706700002, 1.224817667000025], [117.59215656800006, 1.224813003000065], [117.5921564570001, 1.224812467000049], [117.5921473840001, 1.224378762000072], [117.59214080000004, 1.224269810000067], [117.59213785500003, 1.22426783100002], [117.59213628700002, 1.224266112000066]]], [[[117.59306398700005, 1.225943823000023], [117.59305157900008, 1.225670408000042], [117.59304955000005, 1.225673465000057], [117.59304080400011, 1.225679350000064], [117.5930304850001, 1.225681419000068], [117.59302551600001, 1.22568095500003], [117.59257631100002, 1.225596285000051], [117.59257096100009, 1.225594685000033], [117.59256221200008, 1.225588803000051], [117.59256181500007, 1.225588206000054], [117.59256130400001, 1.225587844000074], [117.59225341900003, 1.22524626400002], [117.59224848000008, 1.22523841900005], [117.59224704200005, 1.225233799000023], [117.59219533800001, 1.224994668000022], [117.59193593300006, 1.224947214000053], [117.59193044200003, 1.224945588000026], [117.5919249000001, 1.224942464000037], [117.59172712500003, 1.224797759000069], [117.59172391800007, 1.224795002000064], [117.59160333600005, 1.224673689000042], [117.59157462700011, 1.224666472000024], [117.59157166700004, 1.224665489000074], [117.59157139400008, 1.224665437000056], [117.59140959000001, 1.224602146000052], [117.59140911500003, 1.224601834000055], [117.59140855500004, 1.224601716000052], [117.59112500700007, 1.224476931000027], [117.59091374800005, 1.224459259000071], [117.5909130020001, 1.224459077000063], [117.5909110770001, 1.224458900000059], [117.5906683830001, 1.22441371900004], [117.59066297400011, 1.224412108000024], [117.59065812900008, 1.224409478000041], [117.59043338800006, 1.224255733000064], [117.5904294830001, 1.224252482000054], [117.59042586700002, 1.224247968000043], [117.59035108700004, 1.224130943000034], [117.59001846900003, 1.224062347000029], [117.58991642600006, 1.224094467000043], [117.58999623600005, 1.224470150000059], [117.59006028100009, 1.22452052400007], [117.59068803000002, 1.225021695000066], [117.59097394300011, 1.225218325000071], [117.59153572900004, 1.225524269000061], [117.59205852200012, 1.225849405000019], [117.5924092030001, 1.226108672000066], [117.59279413600007, 1.226457559000039], [117.5930819560001, 1.22666338800002], [117.59312207700009, 1.226294151000047], [117.59306398700005, 1.225943823000023]]]]}},
{"type": "Feature", "properties": {"ba_code": "4523", "blockid": "4523L31P08", "division": "01"}, "geometry": {"type": "MultiPolygon", "coordinates": [[[[117.63026621800009, 1.256462836000026], [117.63029471700008, 1.256449874000054], [117.63102575100004, 1.256447388000026], [117.63138506000007, 1.25643926500004], [117.63143891400011, 1.256122616000027], [117.63139382200006, 1.255498404000036], [117.63141171000007, 1.25512748400007], [117.63138457800005, 1.254430893000062], [117.63134838000008, 1.253408623000041], [117.63133014900006, 1.252350161000038], [117.63129398400008, 1.25146359200005], [117.63127600100006, 1.251436456000022], [117.63126664900005, 1.249916610000071], [117.631284563, 1.249654251000038], [117.63129336200006, 1.24885813700007], [117.63126622900006, 1.24815250000006], [117.63128691700001, 1.247310938000055], [117.62993673100004, 1.247337535000042], [117.62836348500002, 1.24734507900007], [117.62838740900008, 1.248166662000074], [117.62835457200003, 1.249781189000032], [117.62840461300004, 1.25066247500007], [117.62843806500007, 1.251634522000074], [117.62841681600003, 1.252085923000038], [117.62842490100002, 1.252457006000043], [117.62830116900011, 1.252721810000025], [117.62826536900002, 1.253364136000073], [117.62823855900001, 1.25401550600003], [117.62836663900009, 1.254222738000067], [117.6285443270001, 1.254702983000072], [117.62849944800007, 1.254965349000031], [117.62849738400007, 1.254967238000063], [117.62857309500009, 1.254969773000028], [117.63072859400006, 1.255118603000028], [117.63073427200004, 1.255126601000029], [117.63073254100004, 1.255126467000025], [117.63071941400005, 1.255199237000056], [117.63073257200006, 1.255252155000051], [117.6307260100001, 1.255298462000042], [117.63071944900003, 1.255344770000022], [117.6307194740001, 1.255450612000061], [117.6307063590001, 1.255576302000065], [117.63068664900004, 1.255602768000074], [117.63066694400004, 1.255655693000051], [117.63063410100006, 1.255735083000047], [117.63062754100008, 1.255788005000056], [117.63061439800003, 1.255794624000032], [117.63064069200004, 1.255814463000036], [117.6306341400001, 1.255900461000067], [117.6305881510001, 1.25597323900007], [117.63054872600003, 1.256012939000072], [117.63045015000012, 1.256059269000048], [117.63033843000005, 1.256105602000048], [117.63024643100005, 1.256171775000041], [117.63001642100005, 1.256277673000056], [117.62994413500007, 1.256323997000038], [117.62991129000011, 1.256396771000027], [117.62992445100008, 1.256462919000057], [117.62993759300002, 1.256449686000053], [117.62994034500002, 1.256448762000048], [117.62994040100011, 1.256449127000053], [117.62995013800003, 1.256451045000063], [117.63013029900003, 1.256450433000055], [117.63026621800009, 1.256462836000026]]]]}},
{"type": "Feature", "properties": {"ba_code": "4523", "blockid": "4523O25P10", "division": "03"}, "geometry": {"type": "MultiPolygon", "coordinates": [[[[117.6121179910001, 1.23948917000007], [117.61214816400002, 1.239458786000057], [117.61215554300009, 1.239421608000043], [117.61215707000008, 1.23941654500004], [117.61216226800002, 1.239408411000056], [117.61228744200002, 1.239273362000063], [117.612403674, 1.239129310000067], [117.6124046760001, 1.23912819100002], [117.61240478700006, 1.239128015000063], [117.61251262000008, 1.23901038200006], [117.61251304600012, 1.239010083000039], [117.61251336700002, 1.239009600000031], [117.61254931200006, 1.238973404000035], [117.61255390100007, 1.238969697000073], [117.6127516150001, 1.238842997000063], [117.61275577200001, 1.238840819000075], [117.61275602600006, 1.238840768000046], [117.61275623200004, 1.238840632000063], [117.61300168600008, 1.238743511000052], [117.61316806800005, 1.238549515000045], [117.61316879600008, 1.238548985000023], [117.61316940800009, 1.238548063000053], [117.61317121200011, 1.238546404000033], [117.61332933000006, 1.23841372000004], [117.61345229200003, 1.238201445000072], [117.613568697, 1.237966985000071], [117.61357062500008, 1.237964291000026], [117.6135724070001, 1.237961382000037], [117.6137429040001, 1.23776258700002], [117.61382069700005, 1.237666843000056], [117.61390728300012, 1.237431374000039], [117.61390724500006, 1.237264350000032], [117.6139078860001, 1.237258462000057], [117.6139607230001, 1.237018889000069], [117.61392545600006, 1.236753141000065], [117.61387176200003, 1.236483247000024], [117.61381793800001, 1.23626676400005], [117.61381777500003, 1.236265440000068], [117.61381742300011, 1.236264159000029], [117.61378141400007, 1.236019905000035], [117.61378112200009, 1.236015928000029], [117.61378297400006, 1.236006038000028], [117.61386295600005, 1.235800169000072], [117.61387010500005, 1.235764148000044], [117.61381179300008, 1.235579837000046], [117.61366022600009, 1.235461242000042], [117.61363764100008, 1.235453670000027], [117.61363689600012, 1.235453207000035], [117.61363584900005, 1.235452997000039], [117.61362710000003, 1.235447116000046], [117.61362373000009, 1.235442981000062], [117.61357126300004, 1.235363808000045], [117.61356416100011, 1.235356663000061], [117.61355831300011, 1.235347860000047], [117.613556259, 1.235337474000062], [117.61355637600002, 1.235336879000045], [117.6135562820001, 1.235336344000075], [117.61356522000005, 1.235119220000058], [117.61356525600002, 1.235119055000041], [117.61356523400002, 1.235118924000062], [117.61357414600002, 1.234947746000046], [117.6135741270001, 1.234867039000051], [117.6135743110001, 1.234863868000048], [117.61359225300009, 1.234710069000073], [117.61359245800008, 1.234709276000046], [117.61359259100004, 1.234707917000037], [117.61362850300009, 1.234526974000062], [117.61362859200005, 1.234526679000055], [117.61362862100009, 1.234526409000068], [117.61366453700009, 1.23436355900003], [117.6136652990001, 1.234361126000067], [117.61366540800009, 1.234360481000067], [117.61379116100011, 1.233998582000027], [117.61379153900009, 1.233997977000058], [117.61379170000009, 1.233997161000048], [117.61379754300003, 1.233988355000065], [117.61380202900011, 1.233983837000039], [117.61380899900007, 1.23396277400002], [117.61380946000008, 1.233962023000061], [117.61380966800004, 1.233960970000055], [117.6138144250001, 1.233953324000026], [117.61395820000007, 1.233790449000026], [117.61395880400005, 1.233790017000047], [117.61395928700006, 1.233789289000072], [117.61396517900005, 1.233783355000071], [117.61400783500005, 1.233697439000025], [117.6140692780001, 1.233555997000053], [117.61408885300011, 1.233457365000049], [117.6140903810001, 1.233452301000057], [117.61409264200006, 1.233448894000048], [117.61347647100001, 1.233554986000058], [117.61340642900007, 1.233540813000047], [117.61282839100011, 1.233336318000056], [117.61233844900005, 1.233126857000059], [117.61229715600007, 1.233293266000032], [117.61239688800003, 1.233614226000043], [117.61233723500004, 1.234236144000022], [117.61237716800008, 1.234537056000022], [117.61237723600004, 1.23483797800003], [117.61243713700003, 1.235299377000047], [117.61249698400002, 1.235520038000061], [117.61247709300005, 1.235700596000072], [117.61273620700001, 1.235700536000024], [117.61281905900012, 1.235658816000068], [117.61297536100005, 1.235580112000036], [117.61313481600007, 1.23558007500003], [117.61331420200008, 1.235580033000076], [117.6134103070001, 1.235627142000055], [117.6134581230001, 1.235695349000025], [117.61340016500003, 1.235792941000057], [117.6132512590001, 1.235850743000071], [117.6131038200001, 1.235880698000074], [117.61290145300006, 1.235945612000023], [117.61268077000011, 1.235989706000055], [117.61249099600002, 1.236004591000039], [117.61227552900004, 1.235978790000047], [117.61217815200007, 1.235861157000045], [117.61221796100006, 1.235620410000024], [117.61225773700005, 1.235239234000062], [117.61227759100007, 1.23489818500002], [117.61221772700003, 1.234597277000034], [117.6122375760001, 1.234236167000063], [117.61225737500001, 1.233654381000065], [117.61221741500003, 1.233233100000064], [117.61220006000008, 1.233113799000023], [117.61143012900004, 1.232828967000046], [117.61120005900011, 1.232846833000053], [117.61136615400005, 1.233222081000065], [117.61153344400009, 1.233372665000047], [117.6115338510001, 1.233373243000074], [117.61153453100007, 1.233373700000072], [117.61153703700006, 1.233376606000036], [117.6117258490001, 1.233629872000051], [117.61172919100011, 1.233635769000045], [117.61173040300002, 1.23363942900005], [117.61182833900011, 1.234024391000048], [117.61194305700008, 1.234210812000072], [117.61194504200012, 1.23421471100005], [117.61194702800003, 1.234223163000024], [117.61195604600005, 1.234349816000019], [117.61195590500006, 1.234350690000042], [117.61195611500011, 1.234351749000041], [117.61195406400009, 1.234362136000072], [117.61194944700003, 1.234369623000021], [117.61182921500006, 1.234507989000065], [117.61182177, 1.234575566000046], [117.61196419300006, 1.23506790700003], [117.61196526800006, 1.235075487000074], [117.61196321800003, 1.235085874000049], [117.61196309200011, 1.235086064000029], [117.611963048, 1.235086279000029], [117.61184776200002, 1.235354223000058], [117.61180362000005, 1.235692482000047], [117.6118036680001, 1.235904127000026], [117.61189264200004, 1.236226225000053], [117.61189362700009, 1.236233488000039], [117.61189157700005, 1.236243875000071], [117.61189146400011, 1.236244045000035], [117.61189142400008, 1.23624423900003], [117.61169639600007, 1.236699578000071], [117.61174810200009, 1.237418131000027], [117.61180559200011, 1.237401584000054], [117.61180566500002, 1.237401574000046], [117.6118058290001, 1.237401517000023], [117.61205913000003, 1.237331123000047], [117.61217559700003, 1.237205467000024], [117.61223654900004, 1.237012506000042], [117.6123083230001, 1.236768487000063], [117.61230912100007, 1.236766218000071], [117.6123091400001, 1.236766117000059], [117.61239725000007, 1.236544261000063], [117.6124059660001, 1.236323688000027], [117.61228536400006, 1.236159030000067], [117.61228215900007, 1.23615331700006], [117.61228010400009, 1.236142931000074], [117.61228215400001, 1.236132545000032], [117.61228799700007, 1.23612373800006], [117.61229210600004, 1.236120346000064], [117.61231906700004, 1.236102247000076], [117.612323704, 1.236099753000076], [117.61233402300002, 1.236097685000061], [117.61233700100001, 1.236097850000021], [117.612416413, 1.236106713000027], [117.61261191400001, 1.236106667000058], [117.61277295400009, 1.23609762500007], [117.61277364800003, 1.236097743000073], [117.61277445000007, 1.23609758300006], [117.61278477000008, 1.236099646000071], [117.612792366, 1.236104434000026], [117.61287327800005, 1.236176789000069], [117.61287370700006, 1.236177397000063], [117.61287443000003, 1.236177883000039], [117.61287623300007, 1.236179887000048], [117.61295715100005, 1.236279383000067], [117.61296119500003, 1.236286182000072], [117.61296221100008, 1.236289112000065], [117.61299819300007, 1.236415758000021], [117.6129992330001, 1.236423214000069], [117.61299871000006, 1.236428536000062], [117.61298993800006, 1.236472734000074], [117.61296339400008, 1.236695810000072], [117.61297238000009, 1.236974197000052], [117.6129723040001, 1.236974616000055], [117.61297239400005, 1.236975072000064], [117.61297243800004, 1.237164150000069], [117.61299024400012, 1.237432056000046], [117.6130345680001, 1.237601423000058], [117.61303545800001, 1.237608329000068], [117.61303525000005, 1.237611696000045], [117.61301730700006, 1.237756448000027], [117.61301570400008, 1.237762553000039], [117.61301558800005, 1.237763162000022], [117.61294372300006, 1.237944113000026], [117.61294363200011, 1.237944252000034], [117.61294359900012, 1.237944420000076], [117.61293775600006, 1.237953226000059], [117.61293517700005, 1.237955511000052], [117.61273746900008, 1.238109352000038], [117.61273130200004, 1.238112952000051], [117.61272098300003, 1.238115021000056], [117.61271688300008, 1.238114706000033], [117.61248317800005, 1.238078573000053], [117.6124769590001, 1.238076824000075], [117.61246821000009, 1.238070943000025], [117.61233457000003, 1.237936497000021], [117.61226826100005, 1.237949861000061], [117.61215208500005, 1.23809191600003], [117.61209078600007, 1.238303630000075], [117.61203694800008, 1.238493457000061], [117.611992772, 1.238653665000072], [117.61198416500008, 1.238766632000022], [117.61199292900005, 1.238889732000075], [117.61201964300005, 1.23903295100007], [117.61202010600005, 1.239037952000047], [117.61202011000012, 1.239054356000054], [117.61202860600008, 1.239122641000051], [117.61207286100012, 1.239265060000037], [117.61207409000008, 1.239273155000035], [117.61207409300005, 1.239285678000044], [117.61212489500008, 1.239404910000076], [117.61214150400008, 1.239429973000028], [117.61214398100003, 1.239434641000059], [117.61214603600001, 1.239445027000045], [117.61214398600009, 1.23945541300003], [117.61213814300004, 1.239464220000059], [117.61212939600011, 1.239470105000066], [117.6121190770001, 1.239472173000024], [117.61210875800009, 1.23947011000007], [117.61210000800008, 1.239464229000021], [117.61209663800003, 1.239460093000048], [117.61207865600011, 1.23943295700002], [117.61207646700007, 1.239428833000034], [117.61207630600006, 1.23942859400006], [117.6120223470001, 1.239301952000062], [117.61202231400011, 1.239301789000024], [117.6120222190001, 1.239301647000048], [117.61202016400011, 1.239291261000062], [117.61202016100003, 1.239277310000034], [117.61197641500007, 1.239136525000049], [117.61197611000011, 1.239134516000036], [117.61197539400007, 1.239131796000038], [117.61196638900003, 1.23905942500005], [117.61196618000008, 1.239056058000074], [117.61196617700011, 1.239040487000068], [117.61193964100005, 1.238898225000071], [117.61193942900002, 1.238895929000023], [117.611939247, 1.238895157000059], [117.6119302300001, 1.238768504000063], [117.61193055500007, 1.238766480000038], [117.6119302400001, 1.238764489000062], [117.61193920100004, 1.238646879000044], [117.61193967100007, 1.238644897000029], [117.61194010400004, 1.238641697000048], [117.61198500800003, 1.238478845000031], [117.61198505400012, 1.238478712000074], [117.61198506200003, 1.238478652000026], [117.61203894800008, 1.238288658000045], [117.61203898400004, 1.238288557000033], [117.6120389890001, 1.238288515000022], [117.61210185800007, 1.238071378000029], [117.61210283100002, 1.238068591000058], [117.61210692700001, 1.238061723000044], [117.6122327280001, 1.237907899000049], [117.61223447600003, 1.237905961000024], [117.61224322200007, 1.237900076000074], [117.61224825300008, 1.237898536000046], [117.6123381320001, 1.237880421000057], [117.61234342000012, 1.23787989300007], [117.61235373900001, 1.237881956000024], [117.61236248900002, 1.237887838000063], [117.61250009200012, 1.238026271000024], [117.61271363700007, 1.238059287000056], [117.6128963750001, 1.237917094000068], [117.61296422200007, 1.237746260000051], [117.61298109000006, 1.237610178000068], [117.61293743600004, 1.23744337100004], [117.61293699300006, 1.23743993100004], [117.61293660700005, 1.237438269000052], [117.61291856800005, 1.237166871000056], [117.61291870200012, 1.237166048000063], [117.612918508, 1.237165066000045], [117.61291846400002, 1.236975522000023], [117.6129094260001, 1.23669551200004], [117.6129095020001, 1.236695092000048], [117.61290941200002, 1.236694637000028], [117.61290960300005, 1.236691403000066], [117.6129365160001, 1.236465228000043], [117.61293671900012, 1.236464449000039], [117.61293684700001, 1.236463139000023], [117.61294454500012, 1.236424356000043], [117.61291189100007, 1.236309426000048], [117.61283585800004, 1.236215936000065], [117.6127648580001, 1.236152444000027], [117.61261417100002, 1.23616090500002], [117.61261347700008, 1.236160787000074], [117.61261267500004, 1.23616094800002], [117.61241493200009, 1.236160993000055], [117.61241195500008, 1.236160828000038], [117.61234849400012, 1.23615374600007], [117.61245464900003, 1.236298679000072], [117.61245785400001, 1.236304392000022], [117.61245990900011, 1.236314778000065], [117.61245991100009, 1.236323825000056], [117.61245979900002, 1.236324395000054], [117.61245989000008, 1.236324909000075], [117.612450953, 1.236551080000027], [117.61244945200008, 1.236557964000042], [117.61244904800003, 1.236560075000057], [117.61235968000005, 1.236785099000031], [117.61228818400002, 1.237028174000045], [117.61228804400002, 1.237028571000053], [117.61228802500011, 1.23702869300007], [117.61222515300005, 1.237227736000023], [117.61222437000004, 1.237229894000052], [117.61221917300008, 1.237238027000046], [117.61209336700006, 1.237373758000047], [117.61209299600011, 1.237374017000036], [117.61209272200006, 1.237374431000035], [117.61208397500002, 1.237380316000042], [117.61208082700011, 1.237381405000065], [117.61182030100008, 1.237453807000065], [117.61175750500001, 1.237471881000033], [117.61175009800002, 1.237472927000056], [117.61174563700001, 1.237472928000045], [117.61173196900006, 1.237548693000065], [117.61169651000012, 1.238058942000066], [117.61173165000002, 1.238217924000026], [117.61173229300005, 1.238223811000069], [117.61173160400006, 1.238229914000044], [117.61167772800002, 1.238465142000052], [117.61167636700009, 1.238469426000051], [117.61167389200011, 1.238474095000072], [117.6115660700001, 1.238636962000044], [117.61156270100003, 1.238641099000063], [117.61156208300008, 1.23864151500004], [117.61156170900006, 1.238642049000021], [117.611290703, 1.238888534000068], [117.6112292580001, 1.239437432000045], [117.61123819000011, 1.239863962000072], [117.61120551700003, 1.240210112000057], [117.61120475500002, 1.240300934000061], [117.61120596, 1.240311982000037], [117.6112506070001, 1.24022848200002], [117.61125528000002, 1.240222157000062], [117.61126353800012, 1.240216481000061], [117.61140620200001, 1.240153620000058], [117.61166395500004, 1.240010410000025], [117.6117777720001, 1.239922246000049], [117.61201625400008, 1.239682104000053], [117.61211317300001, 1.23949576800004], [117.6121179910001, 1.23948917000007]]], [[[117.61505783400003, 1.237634998000033], [117.61507580600005, 1.237616901000024], [117.61508479500003, 1.237616899000045], [117.61511175800001, 1.23760784600006], [117.61543531600012, 1.237517303000061], [117.61544430200001, 1.237508254000034], [117.6154622790001, 1.237508250000076], [117.61548025500008, 1.237508245000072], [117.61555215100009, 1.237462995000044], [117.61557012600008, 1.237453944000038], [117.61557911200009, 1.237444895000067], [117.61562404300003, 1.237399651000032], [117.61564200900011, 1.237354413000048], [117.61574984200001, 1.237236780000046], [117.61587565700006, 1.237146283000072], [117.61592956800007, 1.237064850000024], [117.61593853200009, 1.236956287000055], [117.61552489000007, 1.236178363000022], [117.61550691000002, 1.236160274000042], [117.61550690800004, 1.23615122700005], [117.6154979150001, 1.236133136000035], [117.61545293000006, 1.235943165000037], [117.61542592100011, 1.235753189000036], [117.61543487200004, 1.235590346000038], [117.61547072300004, 1.235147047000055], [117.61547072100007, 1.235138], [117.61547071700011, 1.235119907000069], [117.6154617200001, 1.23508372200007], [117.61544369800004, 1.234884697000041], [117.6154347050001, 1.234866606000026], [117.61542566500009, 1.234640440000021], [117.61536268500004, 1.234369052000034], [117.61532667300003, 1.234115751000047], [117.615416535, 1.234025263000035], [117.6155782940001, 1.233889524000062], [117.61558727800002, 1.233871428000043], [117.61569512100004, 1.233799029000068], [117.61571309300007, 1.233780932000059], [117.6157670120001, 1.233735685000056], [117.6157759990001, 1.233726637000075], [117.61595572100009, 1.233536613000069], [117.61596470500001, 1.23351851700005], [117.61607252700003, 1.233355651000068], [117.61609049700007, 1.233328506000021], [117.61611678600002, 1.233255590000056], [117.61568574900002, 1.233361467000066], [117.61540348200003, 1.233345780000036], [117.61526057300011, 1.233337052000024], [117.61493562300006, 1.233362625000041], [117.61459188600008, 1.233364868000024], [117.61420798400002, 1.233429034000039], [117.61413225600006, 1.233442073000049], [117.61413435800011, 1.233443486000056], [117.61414020500001, 1.233452290000059], [117.61414226000011, 1.233462675000055], [117.61414173800006, 1.233467998000037], [117.61412159200006, 1.233569503000069], [117.61412006500007, 1.233574566000073], [117.61411991000011, 1.233574799000053], [117.61411985600012, 1.233575059000032], [117.61405697200007, 1.233719821000022], [117.61405652700012, 1.23372047600003], [117.61405638600002, 1.233721080000066], [117.61401146500009, 1.23381155800007], [117.61400641600005, 1.233818613000039], [117.61399799000003, 1.233827098000063], [117.61385841700007, 1.23398521200005], [117.61385118400005, 1.234007069000029], [117.61385072300004, 1.234007819000055], [117.61385051500008, 1.23400887300005], [117.61384467200003, 1.234017679000033], [117.61384003600006, 1.234022348000053], [117.61371684000005, 1.234376887000053], [117.61368133100007, 1.23453789000007], [117.61364568800002, 1.234717481000075], [117.61362805700003, 1.234868617000075], [117.61362807600005, 1.234948447000022], [117.61362792500006, 1.234949209000035], [117.6136280390001, 1.234949874000051], [117.61361909800007, 1.235121616000072], [117.61361065500012, 1.235326692000058], [117.61361127600003, 1.235327317000042], [117.61361464700008, 1.235331453000072], [117.6136634610001, 1.235405114000059], [117.6136816500001, 1.235411212000031], [117.61368239600006, 1.235411675000023], [117.61368344300001, 1.23541188400003], [117.61368967900012, 1.235415534000026], [117.61385149800003, 1.235542151000061], [117.61385401000007, 1.235544383000047], [117.61385985800007, 1.235553186000061], [117.61386064100009, 1.235555343000044], [117.61392360500008, 1.235754357000076], [117.61392487700004, 1.235762586000021], [117.613924354, 1.235767908000071], [117.61391537600002, 1.235813144000076], [117.61391412700004, 1.235817286000042], [117.6139140470001, 1.235817712000028], [117.61383581300004, 1.236019081000052], [117.61387057500008, 1.236254877000022], [117.61392423400002, 1.236470696000026], [117.6139243020001, 1.236471247000054], [117.61392451600011, 1.236471956000059], [117.61397850800006, 1.236743346000026], [117.6139786110001, 1.236744392000048], [117.61397879600008, 1.236745082000027], [117.61401481100006, 1.237016476000065], [117.61401504900005, 1.237020063000045], [117.61401440800012, 1.237025950000032], [117.6139611750001, 1.237267317000033], [117.61396121400003, 1.237436226000057], [117.61395953800002, 1.237445652000019], [117.613869711, 1.237689935000049], [117.6138694440001, 1.237690355000041], [117.6138693370001, 1.237690895000071], [117.61386529600009, 1.237697696000055], [117.61378442400007, 1.237797230000069], [117.61378403800006, 1.237797659000023], [117.61378396200007, 1.237797783000076], [117.61361543300006, 1.237994283000035], [117.6135001450001, 1.238226491000034], [117.61349992500004, 1.238226799000074], [117.61349931900008, 1.238228029000027], [117.61337353300007, 1.238445180000042], [117.61336930900006, 1.238450697000076], [117.61336750500004, 1.238452356000039], [117.61320744600005, 1.238586669000028], [117.6130381590001, 1.238784052000028], [117.61303743000008, 1.238784582000051], [117.61303681900006, 1.23878550400002], [117.61302978600008, 1.238790143000074], [117.61302807200002, 1.238791390000074], [117.61302781900008, 1.238791440000057], [117.6130276130001, 1.23879157600004], [117.61277838400008, 1.238890191000053], [117.61258536200012, 1.23901388500002], [117.61255189100007, 1.239047589000052], [117.61244500100008, 1.239164194000068], [117.61232872200003, 1.239308304000076], [117.61232761500003, 1.239309541000068], [117.61232750800002, 1.239309708000064], [117.6122069270001, 1.23943980100006], [117.61219945000005, 1.239477477000037], [117.61219792200006, 1.239482541000029], [117.61219207900001, 1.239491347000069], [117.61215904300002, 1.239524613000071], [117.61206212400009, 1.239710949000028], [117.61205730600011, 1.239717548000044], [117.6118146770001, 1.239961866000044], [117.61181205200012, 1.239964188000044], [117.61169522400007, 1.240054683000039], [117.61169332100008, 1.240055791000032], [117.61169181000002, 1.240056935000041], [117.61143118200005, 1.240201743000057], [117.61142909800003, 1.240202753000062], [117.61142896400008, 1.240202845000056], [117.61129368800005, 1.240262451000035], [117.6111723140001, 1.240489450000041], [117.61117223300005, 1.240489559000025], [117.61117207400002, 1.24048988900006], [117.61113303800005, 1.240559775000065], [117.61112949100004, 1.240582415000063], [117.61240551500009, 1.240118091000056], [117.61239975900003, 1.240094939000073], [117.61250365700005, 1.24004152200007], [117.61266748100002, 1.239978664000034], [117.61338647800005, 1.239679953000064], [117.61399763000009, 1.239444595000066], [117.6143930720001, 1.239254521000021], [117.61446496400004, 1.239191177000066], [117.61446407300002, 1.239180342000054], [117.614455969, 1.239164039000059], [117.6144199680001, 1.238955972000042], [117.61441093000008, 1.238738853000029], [117.61443782800006, 1.238449350000053], [117.61442883600012, 1.238431259000038], [117.61446474700006, 1.238250316000062], [117.61472532700009, 1.237897432000068], [117.614734311, 1.237879336000049], [117.61486012400007, 1.237779793000072], [117.61487809500011, 1.237752648000026], [117.61489606700002, 1.237734550000027], [117.61505783400003, 1.237634998000033]]]]}},
{"type": "Feature", "properties": {"ba_code": "4523", "blockid": "4523M32P08", "division": "01"}, "geometry": {"type": "MultiPolygon", "coordinates": [[[[117.63132023800006, 1.247285920000024], [117.63379005000002, 1.247273840000048], [117.63381266200008, 1.246424164000075], [117.6337894720001, 1.244856871000025], [117.63382895200004, 1.242979547000061], [117.63386315600007, 1.24289916400005], [117.63389165400008, 1.242807301000028], [117.63387451800008, 1.242703967000068], [117.633808595, 1.24259720200007], [117.63379010300002, 1.240435042000058], [117.63378220300001, 1.238283403000025], [117.633770776, 1.238203031000069], [117.63251589800007, 1.238157405000038], [117.6313637080001, 1.238180645000057], [117.6313352300001, 1.238358624000057], [117.63124972100002, 1.238571062000062], [117.63127311400001, 1.239304807000053], [117.63126444600005, 1.240652770000054], [117.63129206100007, 1.243393920000074], [117.63133772100002, 1.246415513000045], [117.63132023800006, 1.247285920000024]]]]}},
{"type": "Feature", "properties": {"ba_code": "4523", "blockid": "4523O23P10", "division": "03"}, "geometry": {"type": "MultiPolygon", "coordinates": [[[[117.60884629300006, 1.234931460000041], [117.6088365390001, 1.234917362000033], [117.60884619600006, 1.234506263000071], [117.6088372050001, 1.234497218000058], [117.60893602700003, 1.234280073000036], [117.6089449970001, 1.234198650000053], [117.60894498700009, 1.234153416000026], [117.60891790300002, 1.233628711000051], [117.60890886100003, 1.233393497000066], [117.60889987100006, 1.233384452000053], [117.60889985000006, 1.233293985000046], [117.60889086000009, 1.233284940000033], [117.6088279170001, 1.233176393000065], [117.60881892600003, 1.233167349000041], [117.608755975, 1.233022615000039], [117.60868398700006, 1.232660761000034], [117.60867499400001, 1.232642670000075], [117.608666, 1.232615532000068], [117.60854901700009, 1.232018473000039], [117.60854002400004, 1.232000381000034], [117.6084860410001, 1.231765178000046], [117.60829727200007, 1.231701894000025], [117.60797369300008, 1.231701968000039], [117.6076231620001, 1.231756329000063], [117.60753327700002, 1.23174730300002], [117.60750631000008, 1.231738262000022], [117.60742540500007, 1.231693047000022], [117.60718270200005, 1.23161168200005], [117.60711978400002, 1.231611696000073], [117.60710180600006, 1.231602654000028], [117.60697597300009, 1.231620776000057], [117.60689508500002, 1.231647935000069], [117.60687711000003, 1.231656986000075], [117.6062749250001, 1.23179282500007], [117.60624839000002, 1.231806905000042], [117.6062389760001, 1.231810927000026], [117.60623907200011, 1.232236125000043], [117.60625752300007, 1.234334969000031], [117.606240522, 1.235112995000065], [117.60624871100003, 1.23511299300003], [117.606258077, 1.235114680000038], [117.60649939300004, 1.235204575000068], [117.60667773300008, 1.235249406000037], [117.60668151200002, 1.235250661000066], [117.60668219900003, 1.235251123000069], [117.6066828910001, 1.235251282000036], [117.60692560200005, 1.235368834000042], [117.60692579700003, 1.23536897200006], [117.60692596400008, 1.235369012000035], [117.6069619210001, 1.235387097000057], [117.60696568600008, 1.235389827000063], [117.60696808400007, 1.235391364000066], [117.60707596600002, 1.235490854000034], [117.60707628800003, 1.235491317000026], [117.60707681300005, 1.235491669000055], [117.60710378400006, 1.235518803000048], [117.60710680800003, 1.23552243000006], [117.60715141000003, 1.235586531000024], [117.6072621720001, 1.235242115000062], [117.6071507800001, 1.235035245000063], [117.60714957700009, 1.235032705000037], [117.6071475220001, 1.235022319000052], [117.60714832600002, 1.235015736000037], [117.60715619900009, 1.234984008000026], [117.60714760300004, 1.234889075000069], [117.60714749100009, 1.234886618000075], [117.60714746400004, 1.234764367000025], [117.60713085900011, 1.234714269000051], [117.60712947400009, 1.234705686000041], [117.60712946100011, 1.234651406000069], [117.6071307420001, 1.234643134000066], [117.60720177700011, 1.234419530000025], [117.60722839000005, 1.234177954000074], [117.60722883300002, 1.234176218000073], [117.60722911200003, 1.234174044000042], [117.60727312800009, 1.234005542000034], [117.60727309000004, 1.233839093000029], [117.60724635300005, 1.233651027000064], [117.60724608200007, 1.233647189000067], [117.6072477030001, 1.233637913000052], [117.60731956400002, 1.233438868000064], [117.6073198690001, 1.233438386000046], [117.60731999300003, 1.233437757000047], [117.60732583600009, 1.233428951000064], [117.60733458300001, 1.233423065000068], [117.60733836200006, 1.233421809000049], [117.60744621600008, 1.233394644000043], [117.60745275500005, 1.233393832000047], [117.60746307500006, 1.233395895000058], [117.60747182400007, 1.23340177700004], [117.60747588000004, 1.233407003000025], [117.60758076400009, 1.233582856000055], [117.60769105400004, 1.233659135000039], [117.60771243700003, 1.233599905000062], [117.60768707000011, 1.233480886000052], [117.60768686400002, 1.233478941000044], [117.60768660400004, 1.233477900000025], [117.60766858700003, 1.233296969000037], [117.6076684520001, 1.233294268000066], [117.6076684300001, 1.233194754000067], [117.607669998, 1.233185625000033], [117.60771491100002, 1.233058960000051], [117.60771525100006, 1.233058419000031], [117.60771539300003, 1.233057702000053], [117.60772123600009, 1.233048896000071], [117.60772968000003, 1.233043139000074], [117.60779259200001, 1.233015984000076], [117.60779275300001, 1.233015951000027], [117.6077928950001, 1.233015856000065], [117.60780321300001, 1.233013787000061], [117.60781353300001, 1.233015851000062], [117.60781708700006, 1.233017652000058], [117.60786203500004, 1.233044782000036], [117.60786355300002, 1.233045974000049], [117.60786487100006, 1.233046752000064], [117.60803287500005, 1.233180187000073], [117.60815544000002, 1.233233023000025], [117.60816388700005, 1.233238776000064], [117.60816973400006, 1.233247580000068], [117.60817178900004, 1.233257965000064], [117.60816973900012, 1.233268352000039], [117.60816389600006, 1.233277158000021], [117.60815514900003, 1.233283043000029], [117.60814483000001, 1.233285112000033], [117.60813420800002, 1.233282920000022], [117.60800835900011, 1.233228668000038], [117.60800780600005, 1.233228291000046], [117.60800227200002, 1.233225026000071], [117.60783281800002, 1.233090440000069], [117.60780117500008, 1.233071341000027], [117.60776174800003, 1.233088358000032], [117.60772236000003, 1.233199442000057], [117.60772238200002, 1.233292902000073], [117.60774011500007, 1.23347098000005], [117.60776679300011, 1.23359614900005], [117.60776739300002, 1.233601835000059], [117.6077657720001, 1.233611110000027], [117.60772984100004, 1.233710633000044], [117.60772953700007, 1.233711115000062], [117.60772941200003, 1.233711744000061], [117.60772356900009, 1.233720551000033], [117.60771482200005, 1.23372643600004], [117.60770450400003, 1.233728504000055], [117.60769418400002, 1.233726441000044], [117.60768922600005, 1.233723732000044], [117.60754539100003, 1.233624251000037], [117.60754159900011, 1.233621078000056], [117.60753754300003, 1.233615851000025], [117.6074399260001, 1.233452182000065], [117.60736535700005, 1.233470964000048], [117.60730069600004, 1.233650065000063], [117.6073267480001, 1.233833314000037], [117.60732701900008, 1.233837152000035], [117.60732705800001, 1.234009040000046], [117.60732617200006, 1.234015948000035], [117.60728177300007, 1.234185918000037], [117.60725508200005, 1.234428205000029], [117.60725431900005, 1.234431193000034], [117.60725396500004, 1.234433480000064], [117.60718339200002, 1.23465563000002], [117.60718340300002, 1.234701270000073], [117.60720000700007, 1.234751368000047], [117.60720139200009, 1.234759950000068], [117.60720142100001, 1.234885374000044], [117.60721032100003, 1.234983660000069], [117.6072104320001, 1.234986117000062], [117.60720962800008, 1.234992700000021], [117.60720318800008, 1.235018655000033], [117.60731509200002, 1.235226476000037], [117.60731629400004, 1.235229016000062], [117.60731834900002, 1.235239402000047], [117.607317039, 1.235247766000043], [117.60719163500005, 1.235637713000074], [117.60719089600002, 1.235639735000063], [117.60719072100005, 1.235639999000057], [117.60719706600003, 1.235649573000046], [117.60719871100002, 1.235652673000061], [117.60719911300009, 1.235653254000056], [117.60725307000007, 1.235770849000062], [117.60725318100003, 1.235771356000043], [117.60725349900008, 1.235771836000026], [117.60725451500002, 1.23577476600002], [117.60729037600004, 1.235900986000047], [117.60737019500004, 1.23615073000002], [117.60744041900011, 1.236265527000057], [117.60744236700009, 1.236269365000055], [117.60744442200007, 1.236279750000051], [117.60744445900002, 1.23644259200006], [117.60744446900003, 1.236484780000069], [117.60748748600008, 1.236675084000069], [117.60762717500006, 1.236859530000061], [117.60777034700004, 1.23702157200006], [117.60777045500004, 1.23702174500005], [117.60777112200003, 1.237022488000036], [117.6078874000001, 1.237166463000051], [117.6080216040001, 1.23731047900003], [117.60802170800002, 1.237310642000068], [117.60802286100011, 1.237311927000064], [117.60813923400008, 1.237456020000025], [117.6082331670001, 1.237559110000063], [117.60839602400006, 1.23761945800004], [117.60848973300006, 1.237639646000048], [117.60854414700009, 1.237650552000048], [117.60853230300006, 1.23757318600002], [117.60856818600007, 1.237265588000071], [117.60870291800006, 1.236858453000025], [117.60871188200008, 1.236749890000056], [117.60870276000003, 1.236161852000066], [117.60872965700003, 1.235863303000031], [117.60879247800005, 1.235438091000049], [117.60884629300006, 1.234931460000041]]], [[[117.60623973500003, 1.235167276000027], [117.6062399650001, 1.236180513000022], [117.60625582700004, 1.236187117000043], [117.60648882300006, 1.236244104000036], [117.60659204900003, 1.236293361000037], [117.60664848800002, 1.236418595000032], [117.60661971800005, 1.236688153000046], [117.606635578, 1.236741321000068], [117.60680640100009, 1.236940311000069], [117.60685136400002, 1.237030768000068], [117.60673457700011, 1.237302198000066], [117.60680650000006, 1.237374555000031], [117.60724702100003, 1.237781558000052], [117.60768753900004, 1.238179514000024], [117.60775946800004, 1.238279012000021], [117.60785837700007, 1.238441830000056], [117.60825389400009, 1.238577440000029], [117.60877533200005, 1.239083938000022], [117.60884715400005, 1.238713005000022], [117.60879317100012, 1.238477802000034], [117.60860431700007, 1.238043601000072], [117.60855252400006, 1.237705275000053], [117.60854811200011, 1.237706159000027], [117.60854284000004, 1.237705636000044], [117.6084790110001, 1.237692844000037], [117.60847881900008, 1.237692785000036], [117.60847863400011, 1.23769276500002], [117.60838286300009, 1.237672132000057], [117.6083797880001, 1.237671169000066], [117.60837919000005, 1.237671062000061], [117.6082083980001, 1.237607774000026], [117.60820796300004, 1.23760749500002], [117.60820740100007, 1.237607382000022], [117.60820328300008, 1.237604482000052], [117.60819865100007, 1.237601501000029], [117.60819830100002, 1.237600973000042], [117.6081978410001, 1.237600649000058], [117.60809894500005, 1.237492111000051], [117.608098831, 1.237491932000069], [117.60809789400003, 1.237490886000046], [117.60798161500009, 1.237346911000031], [117.60784741100008, 1.237202896000042], [117.60784730700004, 1.237202733000061], [117.60784615500006, 1.237201448000064], [117.60772965100011, 1.237057194000045], [117.60758619800004, 1.236894835000044], [117.60758599700011, 1.236894512000049], [117.60758490300009, 1.236893252000073], [117.60744104600008, 1.23670330300007], [117.60743758100011, 1.236697242000048], [117.60743619800007, 1.236692871000059], [117.60739121100005, 1.23649385300007], [117.60739053900011, 1.236487838000073], [117.6073905290001, 1.236442604000047], [117.60739049400001, 1.236287445000073], [117.60732256200004, 1.23617639500003], [117.60732061400006, 1.236172557000032], [117.60731985400002, 1.236170476000041], [117.60723890200006, 1.235917186000052], [117.60723887100005, 1.235916986000063], [117.60723864600004, 1.235916336000059], [117.60720323600003, 1.235791705000054], [117.60715103400003, 1.235677932000044], [117.60713569900008, 1.235654792000048], [117.60712859700004, 1.235647647000064], [117.60712557300008, 1.235644021000041], [117.60706398800005, 1.235555514000055], [117.60703910100005, 1.235530477000054], [117.60693443600007, 1.23543395400003], [117.60690203700005, 1.235417658000074], [117.60666199100001, 1.235301397000057], [117.60648488800007, 1.23525687700004], [117.6064824550001, 1.235256069000059], [117.60648206300004, 1.235255998000071], [117.60624389000009, 1.235167275000038], [117.60623973500003, 1.235167276000027]]]]}},
{"type": "Feature", "properties": {"ba_code": "4523", "blockid": "4523K34P10", "division": "02"}, "geometry": {"type": "MultiPolygon", "coordinates": [[[[117.63916996000012, 1.260544563000053], [117.63930855700005, 1.259107959000062], [117.63930291300005, 1.259028693000062], [117.6393022950001, 1.256492122000054], [117.63821658200004, 1.256492389000073], [117.6366076920001, 1.256453150000027], [117.63663064600007, 1.258321602000024], [117.6366347720001, 1.258591099000057], [117.63662598300004, 1.259414352000022], [117.63668907300007, 1.260119979000024], [117.63694077800005, 1.260246571000039], [117.63733634200003, 1.260563109000032], [117.63794757100004, 1.260653425000044], [117.63837901700003, 1.260671412000022], [117.63916996000012, 1.260544563000053]]]]}},
{"type": "Feature", "properties": {"ba_code": "4523", "blockid": "4523N36P07", "division": "02"}, "geometry": {"type": "MultiPolygon", "coordinates": [[[[117.64482885300004, 1.234476638000046], [117.64484415000004, 1.234081574000072], [117.64482497100005, 1.229078756000035], [117.64279830400005, 1.22907887100007], [117.64210478300004, 1.229087449000076], [117.64211984000008, 1.23044546400007], [117.64212951500008, 1.233313266000039], [117.64213085800009, 1.233474115000035], [117.64247401000011, 1.233530418000043], [117.64264331600009, 1.233539346000043], [117.64264841400006, 1.233540506000054], [117.6426514420001, 1.233541063000075], [117.642984038, 1.233667636000064], [117.64298438000003, 1.233667858000047], [117.6429848140001, 1.233667945000036], [117.64298820800002, 1.233670346000054], [117.64299356300012, 1.233673826000029], [117.64299394900002, 1.233674407000024], [117.64299444900007, 1.233674760000042], [117.64317426200012, 1.23387374400005], [117.64317745100004, 1.233878803000039], [117.64317899200012, 1.233881069000063], [117.64327587900004, 1.234102552000024], [117.6433199170001, 1.234146856000052], [117.64374251700008, 1.234208781000063], [117.64374894500008, 1.234210561000054], [117.64375769500009, 1.234216442000047], [117.64376159400001, 1.234221408000053], [117.64382722100004, 1.234328687000072], [117.64430888900006, 1.234416711000051], [117.64482885300004, 1.234476638000046]]], [[[117.64211114000011, 1.238178712000035], [117.64484346300003, 1.238182250000023], [117.64483926700007, 1.238106561000052], [117.64483481000002, 1.236950180000065], [117.64482628500002, 1.234542960000056], [117.64482674600004, 1.234531031000074], [117.64430187500011, 1.23447053700005], [117.6443012740001, 1.234470381000051], [117.64430012500009, 1.234470277000071], [117.64380575000007, 1.234379931000035], [117.6438002540001, 1.234378304000074], [117.64379150400009, 1.234372423000025], [117.64378760500006, 1.234367457000076], [117.64372227800004, 1.234260667000058], [117.6433032970001, 1.234199273000058], [117.6432968680001, 1.234197492000021], [117.64328811900009, 1.234191611000028], [117.64323417700007, 1.234137344000032], [117.64322856000001, 1.234129085000063], [117.64313140700006, 1.233906992000072], [117.64295890900007, 1.233716103000063], [117.64263629900006, 1.233593330000076], [117.64246971600005, 1.233584546000031], [117.64246918100002, 1.23358442500006], [117.64246678800009, 1.233584230000019], [117.64213131800011, 1.233529187000045], [117.64214802300012, 1.235529703000054], [117.64211114000011, 1.238178712000035]]]]}},
{"type": "Feature", "properties": {"ba_code": "4523", "blockid": "4523M36P07", "division": "02"}, "geometry": {"type": "MultiPolygon", "coordinates": [[[[117.642134155, 1.24732246800005], [117.6435904870001, 1.247297308000043], [117.64482997900006, 1.247304443000075], [117.64481068900011, 1.244385768000029], [117.64480095400006, 1.24130989400004], [117.64479170100003, 1.240215246000048], [117.64483270100004, 1.238209530000063], [117.64415258400004, 1.238202256000022], [117.64212456000007, 1.238205232000041], [117.64216739100004, 1.24131053900004], [117.642168007, 1.243861708000054], [117.64213876800011, 1.246020359000056], [117.642134155, 1.24732246800005]]]]}},
{"type": "Feature", "properties": {"ba_code": "4523", "blockid": "4523N12P16", "division": "04"}, "geometry": {"type": "MultiPolygon", "coordinates": [[[[117.57896217700011, 1.227980642000034], [117.57938345900004, 1.22713512100006], [117.5788893130001, 1.226472074000071], [117.57871473400007, 1.226104815000042], [117.5786352020001, 1.225827222000021], [117.57858373800002, 1.225634318000061], [117.57845278700006, 1.225375557000064], [117.5783966570001, 1.22522970700004], [117.57838003400002, 1.225071679000052], [117.57841005600005, 1.224833628000056], [117.5783776830001, 1.224645888000055], [117.57827565100001, 1.224360535000073], [117.57824824800002, 1.224152768000067], [117.57823826700007, 1.224002573000064], [117.57835011500003, 1.223664604000021], [117.57804511600011, 1.223690584000053], [117.57796684700008, 1.223725540000032], [117.5779479040001, 1.22373563900004], [117.5779093430001, 1.223774946000049], [117.57780658700005, 1.223895660000039], [117.57775414500009, 1.224142241000038], [117.57775404100005, 1.224142577000066], [117.57775401100002, 1.224142841000059], [117.57770911000011, 1.224332833000062], [117.57770779100008, 1.224336934000064], [117.57770629200002, 1.224340013000074], [117.5776716360001, 1.224401086000057], [117.57752049600003, 1.224848824000048], [117.57744056500007, 1.225350097000046], [117.57744935700009, 1.225473615000055], [117.5774492160001, 1.225474489000021], [117.57744942600004, 1.22547554800002], [117.57744946800005, 1.225673864000044], [117.5774674810001, 1.226016926000057], [117.57746726700009, 1.226018185000044], [117.57746749600005, 1.226019483000073], [117.57745855400003, 1.226236608000022], [117.57745844300007, 1.22623711600005], [117.57745821100002, 1.226239940000028], [117.57744923400003, 1.226294223000025], [117.57744815900003, 1.226298005000046], [117.57744797900011, 1.226299037000047], [117.57741204700005, 1.226398559000074], [117.5774117420001, 1.226399041000036], [117.57741161800004, 1.226399670000035], [117.57740982900009, 1.226403248000054], [117.57732896300001, 1.226538968000057], [117.57732768700009, 1.226540613000054], [117.57732689700003, 1.226541959000031], [117.57731373100012, 1.22655853200007], [117.57738832500002, 1.226590490000035], [117.57738837600004, 1.226590524000073], [117.57739010700004, 1.226591332000055], [117.57768675500006, 1.226745063000067], [117.57769347500005, 1.226749998000059], [117.57769574500003, 1.226752594000061], [117.57784581100009, 1.226947972000062], [117.57807573700006, 1.227099216000056], [117.57808004900005, 1.227102739000031], [117.57808063000004, 1.227103615000033], [117.57808133000003, 1.227104121000025], [117.5782611410001, 1.227312159000064], [117.57826570700001, 1.227319581000074], [117.57826687300008, 1.227323059000071], [117.57831185100008, 1.227494939000053], [117.5783127410001, 1.227501846000052], [117.57831135900005, 1.227510429000063], [117.57828481600006, 1.227590633000034], [117.57825868400005, 1.22770472000002], [117.57825001200001, 1.227862458000061], [117.57827605500006, 1.228036953000071], [117.57830468300006, 1.228101148000064], [117.57851722500004, 1.228001894000045], [117.57851775000006, 1.228001777000031], [117.57851824900001, 1.22800144200005], [117.57852856800002, 1.227999373000046], [117.57853888700004, 1.228001437000046], [117.57854321700006, 1.228003724000075], [117.57869604000007, 1.228103206000071], [117.57869825900002, 1.228105011000025], [117.57869914900004, 1.228105566000067], [117.57877106900003, 1.22816887800002], [117.5787720400001, 1.228170240000054], [117.57877343700011, 1.228171238000073], [117.57893369300007, 1.228353165000044], [117.57896217700011, 1.227980642000034]]], [[[117.57833404200005, 1.223608391000027], [117.57833659000005, 1.223608269000067], [117.57834488000003, 1.223609926000051], [117.57835561500008, 1.223575326000059], [117.57834216700007, 1.22352985200007], [117.578113744, 1.223219070000027], [117.5780639830001, 1.223128962000033], [117.57792710100011, 1.222705936000068], [117.5778848000001, 1.222608317000038], [117.57736799300005, 1.222960553000064], [117.57719348400008, 1.223074078000025], [117.57748805300002, 1.223522345000049], [117.57759959600003, 1.223634567000033], [117.5777427920001, 1.223702353000022], [117.57790216, 1.223703466000075], [117.57790342400006, 1.223703724000075], [117.577912437, 1.223694536000039], [117.57791250600008, 1.223694489000025], [117.57791255300003, 1.223694418000036], [117.57791900300003, 1.223689622000052], [117.5779424320001, 1.223677131000045], [117.57794399800002, 1.223676389000047], [117.57794411700002, 1.223676307000062], [117.57802725500005, 1.223639176000063], [117.57802757700006, 1.223639108000043], [117.57802786800005, 1.223638912000069], [117.57803563800007, 1.223636966000072], [117.57833404200005, 1.223608391000027]]], [[[117.57746870000005, 1.224833531000058], [117.57762140500006, 1.224381157000039], [117.57762183300008, 1.224380464000035], [117.57762202200001, 1.224379507000037], [117.57762352200007, 1.224376428000028], [117.57765754000002, 1.224316479000038], [117.57770147400004, 1.224130578000029], [117.57775528600007, 1.223877557000037], [117.57775673900005, 1.22387285700006], [117.57776117600008, 1.223865579000062], [117.57785325600003, 1.223757407000051], [117.5777364920001, 1.22375659100004], [117.5777263650001, 1.223754528000029], [117.57772579300001, 1.223754144000054], [117.57772520200001, 1.22375401100004], [117.57757238500005, 1.223681670000076], [117.57756479900002, 1.223676306000073], [117.57744792500011, 1.223558722000064], [117.57744438200007, 1.223554321000051], [117.57715121000001, 1.223109134000026], [117.57696254700011, 1.223292050000055], [117.57677823000006, 1.223512244000062], [117.57648729200002, 1.22368448800006], [117.57625351900003, 1.223830276000058], [117.57590289100006, 1.22408568700007], [117.57599001800008, 1.22445114900006], [117.57598418300006, 1.224797355000021], [117.57598418700002, 1.224817248000022], [117.575993175, 1.224815446000036], [117.576003495, 1.224817510000037], [117.57601224400003, 1.224823392000076], [117.57624424000005, 1.225056797000036], [117.57638603400005, 1.22515486900005], [117.5763870190001, 1.225155694000023], [117.57638760300006, 1.225156040000059], [117.57656740000004, 1.22530075100002], [117.57656962300007, 1.225302752000061], [117.576569973, 1.225303280000048], [117.57657043300003, 1.225303604000032], [117.57666668200011, 1.225409239000044], [117.57679416000008, 1.225486186000069], [117.57687946700003, 1.225503339000056], [117.57688334300008, 1.22550452400003], [117.57688385900008, 1.225504620000038], [117.57700071700003, 1.225549829000045], [117.57700106800007, 1.225550059000057], [117.57700150100004, 1.225550147000035], [117.57717229500008, 1.225622484000041], [117.57717246200002, 1.22562259700004], [117.57717748300001, 1.225625396000055], [117.57740134800008, 1.225785938000058], [117.57739557600007, 1.225676016000023], [117.57739568900001, 1.225675352000053], [117.577395539, 1.22567459000004], [117.577395496, 1.225476528000058], [117.57738655000003, 1.225350840000033], [117.57738669000003, 1.225349966000067], [117.57738648100008, 1.225348907000068], [117.57738682100012, 1.225344600000028], [117.577467608, 1.224837961000048], [117.57746848600004, 1.224834838000049], [117.57746870000005, 1.224833531000058]]], [[[117.57620786500001, 1.225096949000033], [117.5759751820001, 1.22485668500002], [117.5759677640001, 1.225059453000028], [117.57595789100003, 1.225414923000073], [117.575995282, 1.225810434000039], [117.57597302200008, 1.22638869900004], [117.5759849640001, 1.226397564000024], [117.57600558700005, 1.226404612000067], [117.57600580000008, 1.226404745000025], [117.57600612800002, 1.226404803000037], [117.57619149900006, 1.226472604000037], [117.57619197800011, 1.22647291100003], [117.57619260400008, 1.226473036000073], [117.57619780300001, 1.226475914000048], [117.57644052500007, 1.226647750000041], [117.57644407500004, 1.226650754000048], [117.57644450400005, 1.226651400000037], [117.57644505100006, 1.226651789000073], [117.57652496000003, 1.226741116000028], [117.57660474700003, 1.226812468000048], [117.57660517600004, 1.226813076000042], [117.57660590000012, 1.226813562000075], [117.57660770300004, 1.226815566000028], [117.57668508900008, 1.22691072300006], [117.57678614400004, 1.226963319000049], [117.57701618300007, 1.226705946000038], [117.57701673000008, 1.226705557000059], [117.57701715900009, 1.22670491100007], [117.5770214690001, 1.226701385000069], [117.57725152600005, 1.226549913000042], [117.57728364500008, 1.226509485000065], [117.57736224500002, 1.226377568000032], [117.5773964440001, 1.226282846000061], [117.57740473900003, 1.226232683000035], [117.57741355900009, 1.226018513000042], [117.57740498400005, 1.225855196000055], [117.57714862300008, 1.225671349000038], [117.5769809730001, 1.225600343000053], [117.57686665200004, 1.225556116000064], [117.57677901500006, 1.225538494000034], [117.57677398400006, 1.225536956000042], [117.57677042900002, 1.225535155000046], [117.57663558600007, 1.225453763000075], [117.57663039200008, 1.225449683000022], [117.57663004100004, 1.225449155000035], [117.57662958100002, 1.225448831000051], [117.57653209400007, 1.225341835000052], [117.57635468500007, 1.225199048000036], [117.57621165600005, 1.225100122000072], [117.57620786500001, 1.225096949000033]]], [[[117.57598797700007, 1.226455918000056], [117.57597301800001, 1.226450806000059], [117.57587680600011, 1.22705908100005], [117.57593082200003, 1.227457129000072], [117.57587697300005, 1.227837107000028], [117.57586829600007, 1.22843978100002], [117.57596046800006, 1.228375776000064], [117.57608610400007, 1.228285411000059], [117.57609145800006, 1.228282420000028], [117.57609734300001, 1.228280722000022], [117.57615020900005, 1.228271842000026], [117.57625701900008, 1.228244941000071], [117.57625907600004, 1.228244686000039], [117.57626058100004, 1.228244296000071], [117.57633095900007, 1.228236410000022], [117.57649089600011, 1.228049934000069], [117.57654230500009, 1.227868686000022], [117.57655110100006, 1.227690856000038], [117.57655117000002, 1.227690546000076], [117.57655127500004, 1.227688845000046], [117.57656922000001, 1.227544093000063], [117.57656937900003, 1.227543490000073], [117.57656947400005, 1.227542457000027], [117.57659640800011, 1.227397702000076], [117.57659753300004, 1.22739389100002], [117.57659766200004, 1.227393174000042], [117.57665156100006, 1.227248413000041], [117.57665202200008, 1.227247692000049], [117.5766522030001, 1.227246841000067], [117.57675777600002, 1.227009663000047], [117.57665536700006, 1.226956362000067], [117.57664869000007, 1.226951450000058], [117.57664688700004, 1.226949445000059], [117.57656732600003, 1.226851615000044], [117.5764880160001, 1.226780689000066], [117.57648714100003, 1.226779452000073], [117.5764858870001, 1.226778560000071], [117.57640700900004, 1.22669038600003], [117.57616971000004, 1.226522388000035], [117.57598797700007, 1.226455918000056]]], [[[117.57736629600004, 1.226640046000057], [117.57727351800008, 1.226600297000061], [117.57705392900004, 1.226744876000055], [117.57681648100004, 1.227010539000048], [117.57670176500005, 1.227268258000038], [117.57664898500002, 1.227410013000053], [117.57662263400005, 1.227551635000054], [117.57660491400009, 1.227694564000046], [117.57659601400007, 1.227874494000048], [117.57659560400009, 1.227876329000026], [117.5765950120001, 1.227880595000045], [117.5765411220001, 1.228070589000026], [117.57654010800002, 1.228073520000066], [117.57653560500012, 1.228080874000057], [117.576419557, 1.228216179000071], [117.57651038000006, 1.228390851000029], [117.57679534700003, 1.228686508000067], [117.57679577500005, 1.228687163000075], [117.57679628200003, 1.228687529000069], [117.57685921600012, 1.228759890000049], [117.57686026600004, 1.228761590000033], [117.57686242600005, 1.228764456000022], [117.57694335200006, 1.228909187000056], [117.57694412300009, 1.228910781000025], [117.57694428600007, 1.228911015000051], [117.57700696000006, 1.229046115000074], [117.57709586300007, 1.229216041000029], [117.57722832600007, 1.229411492000054], [117.57752053400009, 1.229696827000055], [117.57753165000008, 1.229688721000059], [117.57759304000001, 1.229626905000032], [117.57761101200003, 1.229608808000023], [117.57765999100002, 1.229559489000053], [117.57767499900001, 1.229506575000073], [117.57767498300007, 1.22942895500006], [117.5776770330001, 1.229418568000028], [117.57767735100003, 1.229418088000045], [117.57767746200011, 1.229417581000064], [117.57769153700008, 1.229386870000042], [117.5776945670001, 1.22938249300006], [117.57781033900005, 1.228862087000039], [117.57781071800002, 1.22886088000007], [117.57781080400002, 1.228860289000067], [117.57790960300008, 1.228525536000063], [117.5779105370001, 1.228522883000039], [117.57791433200009, 1.228516391000028], [117.5781270330001, 1.228246683000066], [117.578137878, 1.228236092000031], [117.57817357500005, 1.228198150000026], [117.57817650400011, 1.228192578000062], [117.57825812700003, 1.228129306000028], [117.57822533800004, 1.228055782000069], [117.57822525800009, 1.228055405000021], [117.578225029, 1.228055060000031], [117.57822327300005, 1.228048700000045], [117.57819626900005, 1.227867770000046], [117.57819597000002, 1.227863744000047], [117.57819612900005, 1.227862936000065], [117.57819601100005, 1.227862238000057], [117.57820496500005, 1.227699394000069], [117.57820522200007, 1.227698257000043], [117.57820561300002, 1.227694796000037], [117.57823255200003, 1.227577182000061], [117.5782331470001, 1.22757531000002], [117.57823324500009, 1.227574702000027], [117.57825765400003, 1.227500946000021], [117.5782163240001, 1.227343008000048], [117.57804309900007, 1.227142592000064], [117.577812504, 1.226990909000051], [117.57780819300001, 1.226987385000029], [117.57780592200004, 1.226984789000028], [117.57765674200004, 1.226790563000066], [117.57736629600004, 1.226640046000057]]], [[[117.57866511400005, 1.228147718000059], [117.57852642400007, 1.228057437000075], [117.5783070970001, 1.228159859000073], [117.57819713900005, 1.228245095000034], [117.5779598150001, 1.22854602600006], [117.57786276400009, 1.228874855000072], [117.57774623000012, 1.22939868800006], [117.57774483100002, 1.229403139000055], [117.5777404370001, 1.229409762000046], [117.57772891400009, 1.229434904000072], [117.57772893000003, 1.229510365000067], [117.57772789400008, 1.229517821000059], [117.57770993100007, 1.229581152000037], [117.57770891700011, 1.22958408300002], [117.57770307300007, 1.22959288900006], [117.57764915500002, 1.229647182000065], [117.57763118200012, 1.229665279000073], [117.57756827700007, 1.229728621000049], [117.57756502600012, 1.229731412000035], [117.57755216400005, 1.22974079100004], [117.57759948700004, 1.229822403000071], [117.57760110900006, 1.22982569100003], [117.57760131700002, 1.229826745000025], [117.57760177800003, 1.229827495000052], [117.57762499700004, 1.229897554000047], [117.57777593300011, 1.229965034000031], [117.57777783600011, 1.229966349000051], [117.5777827820001, 1.22996944700003], [117.5780793670001, 1.230231662000051], [117.57827706, 1.23040343200006], [117.57827800700011, 1.230404752000027], [117.57827942600011, 1.230405758000074], [117.57851447700011, 1.230666993000057], [117.57851586900006, 1.230659545000037], [117.57859034300009, 1.230379590000041], [117.57864471200003, 1.230116345000056], [117.578668547, 1.230016933000059], [117.57866791200001, 1.230016507000073], [117.57866882700012, 1.230014894000021], [117.57868284100005, 1.229967839000039], [117.57868280800005, 1.229812565000032], [117.57869212700007, 1.229671405000033], [117.57869677500003, 1.22954436200007], [117.57869207300007, 1.229422027000055], [117.57871541700001, 1.229280864000032], [117.57872225100004, 1.229135761000066], [117.57873251600006, 1.229071624000028], [117.57884424400004, 1.228749032000053], [117.5789062020001, 1.228538459000049], [117.57891589700012, 1.228400587000067], [117.57890637800006, 1.228398683000023], [117.57889657100009, 1.228391675000069], [117.5787343080001, 1.22820863000004], [117.57866511400005, 1.228147718000059]]], [[[117.57675615800008, 1.228723805000072], [117.57646894800007, 1.22842582100003], [117.5764683220001, 1.228424864000033], [117.57646441100007, 1.228419508000059], [117.57638166100003, 1.228260362000071], [117.57636486900003, 1.228279941000039], [117.57636414100011, 1.228280471000062], [117.5763635290001, 1.228281393000032], [117.57635478200007, 1.228287278000039], [117.57634744100005, 1.228289180000047], [117.57626835100007, 1.228298042000063], [117.57616225600009, 1.228324763000046], [117.5761612440001, 1.228324888000031], [117.57616014900009, 1.228325204000043], [117.57611238000004, 1.228333228000054], [117.57599164200008, 1.228420070000027], [117.57599147000008, 1.228420166000035], [117.57599127800006, 1.228420327000038], [117.5758830960001, 1.228495450000025], [117.5758781080001, 1.228498182000067], [117.57586778900009, 1.228500251000071], [117.57586182600005, 1.228499058000068], [117.5757245310001, 1.229519847000063], [117.5757066650001, 1.230035519000069], [117.5757606630001, 1.23035214600003], [117.57579549500008, 1.230745587000058], [117.57579616400005, 1.230745345000059], [117.57613037500005, 1.230642743000033], [117.57613146000006, 1.230642580000051], [117.5761334120001, 1.230642001000035], [117.57652888400003, 1.230569540000033], [117.57653092100009, 1.230569355000057], [117.57653163900011, 1.230569182000067], [117.57664339000007, 1.230560505000028], [117.57692877400007, 1.230421161000038], [117.57699425400006, 1.230322255000033], [117.57706495100001, 1.23007300200004], [117.57706596600008, 1.230070072000046], [117.57707029200003, 1.230062926000073], [117.57716913800004, 1.229945296000039], [117.57717065500003, 1.229943635000041], [117.57718862800004, 1.229925538000032], [117.57719459900011, 1.229921003000072], [117.57727407300001, 1.229876541000067], [117.57747619400004, 1.229729158000055], [117.57718881200003, 1.229448536000064], [117.57718869900009, 1.229448369000067], [117.5771885260001, 1.229448252000054], [117.57718531300009, 1.229444351000041], [117.57705044500005, 1.229245350000042], [117.5770494630001, 1.229243524000026], [117.57704886200008, 1.229242702000022], [117.57695894100004, 1.229070832000048], [117.5769584630001, 1.229069805000051], [117.57695836800008, 1.229069669000069], [117.57689585300011, 1.228934913000046], [117.5768167980001, 1.22879352800004], [117.57675615800008, 1.228723805000072]]], [[[117.57668657600004, 1.230876660000035], [117.5772977790001, 1.230858433000037], [117.57846893400006, 1.230910567000024], [117.57850390100009, 1.230723557000033], [117.57849440700011, 1.230721659000039], [117.57848473400009, 1.230714800000044], [117.57824056400011, 1.230443431000026], [117.57804403800003, 1.230272675000037], [117.57804398100006, 1.230272595000031], [117.57804386300006, 1.230272521000074], [117.57775028100002, 1.230012961000057], [117.57759223500011, 1.22994230200004], [117.57758411800012, 1.22993669400006], [117.5775782710001, 1.229927890000056], [117.57757806200004, 1.22992683700005], [117.57757760100003, 1.229926087000024], [117.577551502, 1.229847337000024], [117.5775082780001, 1.229772792000063], [117.57730440500006, 1.229921452000042], [117.57730276600012, 1.229922374000068], [117.57730168500007, 1.229923195000026], [117.57722410100007, 1.229966600000068], [117.57720959100004, 1.229981211000052], [117.57711521600004, 1.230093519000036], [117.57704495700011, 1.230341229000032], [117.57704394300004, 1.230344160000072], [117.57704146700007, 1.230348829000036], [117.57696958400004, 1.230457406000028], [117.57696621600007, 1.230461543000047], [117.5769589140001, 1.230466775000025], [117.57669032400008, 1.230597920000037], [117.576832996, 1.230680170000028], [117.57710567400011, 1.230786341000055], [117.57729006000011, 1.230795138000076], [117.57729290300006, 1.230795778000072], [117.57753562000005, 1.230777250000074], [117.57781155100008, 1.230696555000065], [117.57781906900004, 1.23069547700004], [117.57786297500002, 1.230695467000032], [117.5779787890001, 1.230686475000027], [117.57797971500008, 1.230686624000043], [117.57798085700006, 1.230686395000021], [117.57804377500008, 1.230686381000055], [117.57804712000006, 1.230686590000062], [117.57811902900005, 1.230695621000052], [117.57812600300008, 1.230697476000046], [117.57813475300009, 1.230703357000039], [117.5781406000001, 1.230712161000042], [117.57814265500008, 1.230722547000028], [117.57814060500004, 1.23073293300007], [117.57813476100011, 1.230741740000042], [117.57812601400008, 1.230747625000049], [117.57811569600005, 1.230749693000064], [117.57811235100007, 1.230749484000057], [117.57804210800009, 1.230740662000073], [117.57798190400001, 1.23074067500005], [117.57786609000004, 1.230749668000044], [117.57786516300007, 1.230749519000028], [117.57786402200009, 1.230749748000051], [117.57782291500007, 1.230749757000069], [117.57754797700011, 1.230830162000075], [117.57754470000009, 1.23083063200005], [117.57754249200002, 1.230831162000072], [117.57729078000011, 1.230850376000035], [117.57728315300005, 1.23084915000004], [117.57709874900002, 1.23084035200003], [117.57709309400002, 1.230839080000067], [117.57709029700004, 1.230838555000048], [117.57681163500001, 1.230730054000048], [117.57681137400004, 1.230729883000038], [117.57681105000006, 1.230729818000043], [117.57680796200009, 1.230728292000038], [117.57663151400004, 1.230626570000027], [117.57662585300011, 1.230622215000039], [117.5766221230001, 1.23061659900003], [117.576537174, 1.230623194000032], [117.57614461100002, 1.230695122000043], [117.5758118980001, 1.230797265000035], [117.57580591900012, 1.230798163000031], [117.5758416860001, 1.230949218000035], [117.57668657600004, 1.230876660000035]]]]}},
{"type": "Feature", "properties": {"ba_code": "4523", "division": "04"}, "geometry": {"type": "MultiLineString", "coordinates": [[[117.60856555530033, 1.247459087015427], [117.6089089555433, 1.247370022263281], [117.60891016933694, 1.247160442098933], [117.60891285536373, 1.247110935811075], [117.6089509493385, 1.246408705922228], [117.60894848358652, 1.24569524940026], [117.60894682853052, 1.245216178776386], [117.6089368007346, 1.243376076173635], [117.6089900830032, 1.242419939203391], [117.609015327164, 1.241958514365142], [117.60894693893309, 1.241559681319447], [117.60894577707349, 1.241490419616271], [117.60893217977159, 1.241243974628259], [117.60884510048787, 1.239665637808257], [117.60883864621576, 1.239548655681474], [117.60890363316717, 1.239157075274672], [117.60890147925575, 1.239155723282711], [117.6088548213649, 1.239126441579602], [117.60876519197468, 1.239092716094475], [117.60823679139946, 1.238590883369103], [117.60797523651762, 1.238496083975983], [117.60784040135154, 1.238450881303476], [117.60771451536375, 1.238233788128136], [117.60762461152947, 1.238143341272038], [117.6075257214374, 1.238061943241757], [117.60742682929194, 1.237971498445273], [117.60719720275215, 1.237761918940027], [117.60689573241027, 1.237484361390891], [117.60681168573227, 1.237407160303804], [117.60672215219532, 1.237300542216546], [117.60674953555099, 1.237223315475268], [117.60677049663258, 1.237157441183631], [117.60682439778635, 1.23703077412414], [117.60671291726068, 1.236851929025263], [117.60661760066385, 1.236741325345446], [117.60660875593427, 1.236680963769185], [117.60660856921255, 1.236551345433702], [117.60662695861983, 1.236397816759582], [117.60653742305469, 1.23628200623086], [117.60620096897227, 1.236208002337367], [117.60619502851495, 1.236207663543946], [117.60588041887794, 1.236126314943086], [117.60573660986466, 1.236144441485772], [117.60554786539362, 1.236189718624094], [117.60525125696334, 1.236216926970625], [117.60497258420355, 1.236063195891045], [117.60451411436695, 1.235773804481739], [117.60413653131437, 1.235448207371981], [117.60383988202275, 1.235294480213468], [117.60344432654283, 1.234986980571968], [117.60343401575759, 1.234977754320949], [117.60301114237406, 1.234599402905238], [117.60112493132016, 1.233169108575691], [117.60069698881554, 1.232829673226483], [117.60068442466368, 1.232816384562307], [117.59929641528203, 1.231839305779497], [117.59893477525625, 1.231498903199361], [117.59886811752095, 1.231420665480629], [117.59787389076746, 1.230660716607731], [117.59774956583166, 1.230598533586256], [117.59636431357619, 1.229582514202501], [117.59600967926474, 1.229240318953064], [117.59449194224975, 1.228069710901226], [117.59423131939757, 1.227831576485937], [117.59407453000523, 1.227501801133492], [117.59388929833503, 1.22740146486163], [117.59361861360533, 1.227430204550172], [117.59322649912997, 1.227375857613617], [117.59317248630023, 1.227333846452322], [117.5931216640478, 1.227249786932324], [117.59311473155631, 1.22693644495739], [117.59279242369462, 1.226668579120122], [117.5927216299494, 1.226611304325502], [117.59234592401202, 1.226308921427349], [117.59157711909342, 1.225695994487368], [117.59122897833478, 1.225404120259059], [117.59080831858093, 1.225097665048371], [117.5900745486341, 1.224520520467682], [117.58919818676897, 1.224112667997078], [117.58893939860647, 1.223987184692484], [117.58835355082537, 1.22380261207397], [117.58820559159001, 1.223777824856257], [117.58765683549414, 1.223343606629242], [117.58763209509223, 1.222971321141777], [117.58739059293211, 1.222558465992139], [117.58719103690161, 1.222407780372946], [117.58691197232453, 1.22221237852863], [117.5863856946841, 1.221869294067885], [117.58593975891458, 1.221429896801518], [117.58561068421793, 1.221083776106259], [117.58520685399286, 1.220812932013688], [117.58456375723416, 1.220572242488045], [117.58447398421514, 1.220361536844449], [117.58423465356418, 1.2200906556216], [117.58389065783803, 1.219895056635217], [117.58357654478179, 1.219579036334967], [117.58309602207329, 1.219048432256716], [117.58283458497688, 1.219220757513051], [117.58236010962884, 1.219580504713917], [117.5813659665255, 1.220351781923019], [117.5812282638017, 1.220435259594354], [117.58106595057419, 1.220533136079847], [117.58091644604382, 1.220607612930107], [117.58033226221305, 1.220870097227982], [117.5799817859637, 1.221186811553364], [117.57968522012277, 1.221413046101848], [117.57884043866929, 1.221974131445502], [117.57848094471609, 1.222155145551588], [117.57813944474873, 1.222417577015381], [117.57790286811367, 1.222587737232464], [117.57788781049882, 1.222598567715703], [117.57737554775983, 1.222933410609072], [117.5771778336658, 1.223069155561423], [117.57693519725345, 1.223295378337901], [117.57676446353337, 1.223503491933477], [117.57648586022334, 1.223666394804583], [117.57631510520349, 1.223774993472084], [117.576090429857, 1.223928837852634], [117.57591069032995, 1.224055532076948], [117.57588400116894, 1.224084473170441], [117.57585973739651, 1.224110785640695], [117.57585930336062, 1.224111256168747], [117.57585930365153, 1.224108406422713], [117.57408004262767, 1.225339852049742], [117.5740274263715, 1.225376267782166], [117.57400219516681, 1.225384489541054], [117.5738709408038, 1.225446003620378], [117.57387070366525, 1.225484733994189], [117.57309647954594, 1.22602056736701], [117.57037685056879, 1.227902798348342], [117.56913510656491, 1.228762216138791], [117.569359258489, 1.229077927510376], [117.56980881047716, 1.229711108554474], [117.56980959822529, 1.233420305292829], [117.56991762999523, 1.234225449117598], [117.5703404437816, 1.235915703869262], [117.57091331577179, 1.238205834859787], [117.57101514869666, 1.23861291965893], [117.57113209455123, 1.239065235255287], [117.57310101776237, 1.241236312759156], [117.57384723154345, 1.242059140449167], [117.5758251653654, 1.244311363524928], [117.57570864002851, 1.245804113007792], [117.5753652698022, 1.247333099697573], [117.57470291106355, 1.250282506320304], [117.57453259565848, 1.252417591675895], [117.57586282474193, 1.252152687717777], [117.57680656800447, 1.251964748578599], [117.57862216730238, 1.251684515594798], [117.57968276447009, 1.251520816786474], [117.57970397229563, 1.25151927230318], [117.57968310676762, 1.251425921157729], [117.5786927887789, 1.247332365439481], [117.57862115035651, 1.247036233171924], [117.57648462123949, 1.23820462151636], [117.5758592406679, 1.235619503376848], [117.57469080448287, 1.230789553713015], [117.57490711548233, 1.230802161479022], [117.57487849892253, 1.230922286756235], [117.57542428946766, 1.230946550356433], [117.57543737849299, 1.23093903684998], [117.57548971655417, 1.23096738814621], [117.57559758259262, 1.230994505154534], [117.57567847193543, 1.23096734714408], [117.5757773399183, 1.230949232037667], [117.57580423453338, 1.23095188233759], [117.5766851477608, 1.23087666013478], [117.57729635159845, 1.230858433432437], [117.57841514199646, 1.230908235504698], [117.57851915592869, 1.230911851424467], [117.57852022554859, 1.230907711371653], [117.57852681614767, 1.230909303075637], [117.57861987734151, 1.230931746884834], [117.57872649488107, 1.230954751345343], [117.57924175965425, 1.231065928050739], [117.57945362000463, 1.231172489291571], [117.57982840089423, 1.231131404454922], [117.58043132910348, 1.231155874313689], [117.58044200290233, 1.231156518821721], [117.58085836643765, 1.231181666341763], [117.58085820679692, 1.231179138699687], [117.58086149082689, 1.231181854734936], [117.5825264917195, 1.231282417080486], [117.5826714756452, 1.231291503465467], [117.58287820356045, 1.231273364384529], [117.58300404426193, 1.23129143029398], [117.58313887526879, 1.231318541018005], [117.58324673732118, 1.23132756407157], [117.58334561889849, 1.231372776298506], [117.58347146156471, 1.231399888981458], [117.58354336238487, 1.231372732742971], [117.58369616219717, 1.231363652277208], [117.58381301848709, 1.231399813722017], [117.58392087856349, 1.231399789946729], [117.58399302341911, 1.231383015751028], [117.58406719955204, 1.231394754806786], [117.58418153843667, 1.231390685673336], [117.58453207971166, 1.231372514743899], [117.58455903290292, 1.231318228007052], [117.58460395882815, 1.2312458437081], [117.58466687916471, 1.231254876620204], [117.58477475696108, 1.231336273989204], [117.58499048693048, 1.231381460343407], [117.58510733334842, 1.231372387738274], [117.5852331759927, 1.231399500328977], [117.58536798131897, 1.231309002572958], [117.58542191331414, 1.231318037451394], [117.5854563161043, 1.231330072039243], [117.58555209707941, 1.231385245374145], [117.58562866085418, 1.231390366123471], [117.58696388204483, 1.231502473381711], [117.58752251146826, 1.231547201714127], [117.58777588207877, 1.231577046051043], [117.5881425983449, 1.231578521591472], [117.58957487556735, 1.231659843175144], [117.59102173805232, 1.231741992991123], [117.59113858633147, 1.231741966909125], [117.59125542663254, 1.231705753674934], [117.59125539672604, 1.231570051873452], [117.59131829508587, 1.231479569959649], [117.59135423045338, 1.2313981408531], [117.59139018376351, 1.231398132826146], [117.59155197764507, 1.231416190271404], [117.59165085921842, 1.231461402119052], [117.59175873710211, 1.231542799096949], [117.59184863035354, 1.231588012941548], [117.59187553659272, 1.231615082150265], [117.59190257229314, 1.23164228160324], [117.59200145387626, 1.23168749343079], [117.59215425544132, 1.231687459267506], [117.59228908234549, 1.231696475901176], [117.59254076149153, 1.231723559953744], [117.59263963308459, 1.231723537828314], [117.59289131222083, 1.231750621844596], [117.59289102264216, 1.231749922592997], [117.59336912253428, 1.231855709917206], [117.59346659309114, 1.231877147947778], [117.59363290556585, 1.231977234130214], [117.59371839497132, 1.23214206453811], [117.5938238137778, 1.232645829998815], [117.59374333996644, 1.2330213230264], [117.59366880308544, 1.233296023613125], [117.59371867756889, 1.233417858110021], [117.59372585303628, 1.233661546979325], [117.5937095633119, 1.233989185312908], [117.59396148839082, 1.234301574731405], [117.59401805828168, 1.2345041710423], [117.59423410022922, 1.235277897353353], [117.59421594973527, 1.23537748932001], [117.59422194735166, 1.235509641553445], [117.59418019515235, 1.235620780718041], [117.59413547594383, 1.235813015002387], [117.59415937299744, 1.235921134953821], [117.59424592249944, 1.235969171972999], [117.59429964993072, 1.236032233133049], [117.5942937767346, 1.236455727886985], [117.59425797854323, 1.236506795084164], [117.59426097402687, 1.236557853541952], [117.59424904686247, 1.236599905671545], [117.5942013190634, 1.236678007341713], [117.59419834495351, 1.236723060081602], [117.59417149580659, 1.236759108510276], [117.59412972624364, 1.236792156768737], [117.5940730304587, 1.236804182762881], [117.59403723716643, 1.236873272055148], [117.5940372498561, 1.236930338250269], [117.59402233521982, 1.236957373395633], [117.59398057076385, 1.237017452533967], [117.59394477078939, 1.237056505606592], [117.59388511313648, 1.237164645284506], [117.5939478056815, 1.237284771527474], [117.59400723015746, 1.237902183840463], [117.59397131100208, 1.238055987237252], [117.59397133776544, 1.238176238871049], [117.59391203914564, 1.238334636069592], [117.59395487376119, 1.238822008237453], [117.59395492324309, 1.239044197199149], [117.59392725943425, 1.23921608597196], [117.59381988204096, 1.239386191519239], [117.59378421438052, 1.239631958128288], [117.5937984921155, 1.2400906692977], [117.5938270138454, 1.240255512422916], [117.59384130062723, 1.240456195779684], [117.59388407311243, 1.240664040466055], [117.59395530503018, 1.240757199897681], [117.59401629182756, 1.240821263570311], [117.59418486119331, 1.240873426308153], [117.59422381599084, 1.241127897138704], [117.59416551849567, 1.241349763644531], [117.59412016485572, 1.241473751902861], [117.59416556073771, 1.241538992455137], [117.59424174603369, 1.241575124353912], [117.59440355666506, 1.24166555556149], [117.5944215758186, 1.241855533891918], [117.59443058438812, 1.241945999666097], [117.59424183694898, 1.241982229506128], [117.59422391883594, 1.242244590227516], [117.59425993695794, 1.24253407908541], [117.59435894442507, 1.243140191021007], [117.59441289482996, 1.243230646611656], [117.59448770044561, 1.243246570090689], [117.59457050749495, 1.24326648138421], [117.59481633442418, 1.24381527212465], [117.59477404683071, 1.243903429022907], [117.59474564243416, 1.244026687900286], [117.59480858935001, 1.244153328548306], [117.5947636576556, 1.244198572645108], [117.59483557470755, 1.244243790230405], [117.59487156262051, 1.244397577331078], [117.5947906896217, 1.244497110269886], [117.59469189257725, 1.244831863573997], [117.59461997955823, 1.244804739552143], [117.59457499314391, 1.244605720581365], [117.59452105078786, 1.244551452133224], [117.59444914182839, 1.244542421663362], [117.59424244178804, 1.244687217040913], [117.59418856220908, 1.244913398795781], [117.59409873522827, 1.245166729051266], [117.59413470896162, 1.245257188707914], [117.5942156164441, 1.245311451043245], [117.59424263018377, 1.245528567667413], [117.59408986840542, 1.245709537959325], [117.59408990893276, 1.245890473582006], [117.59402701667204, 1.246008096014982], [117.59411938312864, 1.246201282643004], [117.59416431803635, 1.246186271974426], [117.59414715776064, 1.246576760288658], [117.59413451619189, 1.246587368701094], [117.59405132162073, 1.246715825653664], [117.59399310156358, 1.246877783502063], [117.5939792726362, 1.247064859612752], [117.5943874635748, 1.24712100710122], [117.59447016941685, 1.247129906620579], [117.59452397926137, 1.24713406043184], [117.5946446418809, 1.247149930003263], [117.5946589321212, 1.247156254072439], [117.59471981946587, 1.247176666048548], [117.59477270594533, 1.247227716764102], [117.59482358453162, 1.247359309609793], [117.59483525698019, 1.247371956162762], [117.5949427069656, 1.247485082510377], [117.59503465780435, 1.247631997576237], [117.5949423918846, 1.24795902620042], [117.59494244182845, 1.248181277529468], [117.5951123373753, 1.248340804135919], [117.59525956351777, 1.248409155205417], [117.59618810789175, 1.248329160859386], [117.59652779288773, 1.248180916115222], [117.59707564840657, 1.248103590329073], [117.59711610812948, 1.248148981427814], [117.597092621737, 1.248540495997095], [117.5974501132075, 1.248713378668507], [117.5978937608055, 1.248686550269883], [117.59797715147415, 1.248691039189256], [117.59860853399681, 1.248684920990406], [117.5988988062199, 1.248990107065135], [117.59905296952286, 1.249256431325021], [117.59978396789289, 1.249366942616234], [117.60001274230527, 1.249329542260925], [117.60010222847441, 1.249201503545593], [117.6003287294946, 1.249357264016472], [117.60046879916607, 1.249520660813879], [117.60063551363437, 1.249401510869531], [117.60043560591048, 1.249207499096763], [117.6005154109249, 1.249088481330893], [117.60031301153165, 1.24905233716535], [117.60018927794422, 1.248903346285476], [117.60028399723146, 1.248771803462409], [117.60052422417773, 1.248895129910879], [117.60069710018355, 1.248788029768731], [117.6007471631877, 1.248857410602061], [117.60097678331492, 1.24894269776674], [117.60150753839702, 1.248455741791015], [117.60154317929901, 1.248294563584853], [117.60127992876885, 1.248270413211179], [117.601353979607, 1.247946653908598], [117.60147350006714, 1.247702815976282], [117.60144817468684, 1.24756534800176], [117.60122405307307, 1.24763530032038], [117.60092237341703, 1.247795926329121], [117.6004630582222, 1.247773449329062], [117.60046430025581, 1.247792568489401], [117.60018510767502, 1.24774731099714], [117.59997145787204, 1.247763749172856], [117.59987318347738, 1.2478071283808], [117.59971583937241, 1.24787856432415], [117.59939365051031, 1.247621166171584], [117.59937193094665, 1.247604981046622], [117.5992134179374, 1.247491907388568], [117.59913566642389, 1.24743088572315], [117.59904071187661, 1.247249745843438], [117.59896632677324, 1.247022857138078], [117.59896719903331, 1.247020598863676], [117.59896716575327, 1.247020496642763], [117.59898073209344, 1.246985577514068], [117.59905450950009, 1.246794648370649], [117.59910684006908, 1.246724380955549], [117.59914709961664, 1.246667623137301], [117.59914851905862, 1.246668414404905], [117.5991689432013, 1.246679798710399], [117.59927638929605, 1.246739688165245], [117.59930026397527, 1.246790387144484], [117.59936079186146, 1.24691060488862], [117.59955505524981, 1.246857232361008], [117.59955478652148, 1.246861310707631], [117.59955553340826, 1.24686110517471], [117.59955166208725, 1.246908640518645], [117.59953713992448, 1.247128639641993], [117.59953715792031, 1.247208165291435], [117.59953978816783, 1.247300625417224], [117.59956696225372, 1.247318504656098], [117.59967176656481, 1.247381762796462], [117.59975245557555, 1.247336019190433], [117.59994163896621, 1.247228061376235], [117.60003139357767, 1.246658094168446], [117.60007257063278, 1.246803022148359], [117.60010222069471, 1.246851274445407], [117.60022053544623, 1.246946496233959], [117.60028430701422, 1.247105248816956], [117.60029762460292, 1.247051583027449], [117.60050167586459, 1.247071742150587], [117.6005107277799, 1.247062628164697], [117.60074797776234, 1.247103483179126], [117.60074871830476, 1.247095118365049], [117.60083148865499, 1.247067760916927], [117.60097822611783, 1.247018905405261], [117.60156702917185, 1.24692991449648], [117.60207931113983, 1.246859126900551], [117.60236849523905, 1.24686185939732], [117.60244416444287, 1.246868798031818], [117.60275493531321, 1.246956011462698], [117.60276392161659, 1.246946962624829], [117.60284483127398, 1.247010271348244], [117.60295386761614, 1.247023547676974], [117.60314145542515, 1.247046390032716], [117.60328618817513, 1.247036124761325], [117.60331946354768, 1.246864439318045], [117.60337783922368, 1.246788860930907], [117.60490153292596, 1.247441062974749], [117.60492760352167, 1.247523091185189], [117.60491928215181, 1.247712221128955], [117.6049829509281, 1.247872319631845], [117.60501903832778, 1.247911783211975], [117.60524183478589, 1.248105132423588], [117.60535801825377, 1.248191209886832], [117.60582124992241, 1.248227849577782], [117.60601801583046, 1.248294178232616], [117.6061993663989, 1.248398423611441], [117.6063326457367, 1.248456946941281], [117.60659331440165, 1.24848402671462], [117.6067281252833, 1.248420668087708], [117.60701568432204, 1.248122058217177], [117.60724033102413, 1.247850603240717], [117.60762671412306, 1.247343894950624], [117.60771657691325, 1.247253406480059], [117.60780638989162, 1.246945795813104], [117.6078782987887, 1.246954825861856], [117.60804010366618, 1.247018115562925], [117.60823790764971, 1.247280425553089], [117.60834578658466, 1.247361821279103], [117.6084443260361, 1.247405432673661], [117.60855016837058, 1.247452276578997], [117.60856555530033, 1.247459087015427]]]}},
{"type": "Feature", "properties": {"ba_code": "4523", "division": "02"}, "geometry": {"type": "MultiLineString", "coordinates": [[[117.64974144488907, 1.263732490315812], [117.64966513969802, 1.263227576060665], [117.64965166129987, 1.263045051733382], [117.64977241722926, 1.262463636177136], [117.64977235010399, 1.262193225367181], [117.64969842071743, 1.262010716236773], [117.64961776017233, 1.261767366216382], [117.64954647654355, 1.259765986914135], [117.64944911196997, 1.258813161975636], [117.64943994010677, 1.258387316893484], [117.64937971027003, 1.258103791672691], [117.64923382022081, 1.25736651427462], [117.64904557958022, 1.256663491832845], [117.64902538445311, 1.256440612769856], [117.64902528462099, 1.256440362201611], [117.64902623689983, 1.256416554704079], [117.6490273212861, 1.256330743900173], [117.64904906282571, 1.256125575001503], [117.64907867137892, 1.255987757621069], [117.64915853296282, 1.255701687780056], [117.64915082158616, 1.255540130369041], [117.64899401695304, 1.255073703399725], [117.64896397307135, 1.25498433506834], [117.6489545257235, 1.254956232991159], [117.64899796104535, 1.254818534292977], [117.64908622471378, 1.254702958026429], [117.64928428626527, 1.254566802986022], [117.64933427740243, 1.254475531153388], [117.6493541139275, 1.254345205976919], [117.6492767710522, 1.254132481614245], [117.64922915083223, 1.253985858482353], [117.64922005045857, 1.253644050719416], [117.6491656663467, 1.253449091013554], [117.64904184022875, 1.253096357220679], [117.6489864481674, 1.252939932109992], [117.64897746527224, 1.252768310563479], [117.64894424426981, 1.252332534520793], [117.6489486708132, 1.25203569896353], [117.64895963067319, 1.251737668521051], [117.64891331770153, 1.251303031989444], [117.64887980721137, 1.250990769508949], [117.6488342033732, 1.25045310277938], [117.64879273884544, 1.249864678570077], [117.64876420737558, 1.249593880320698], [117.64880233125605, 1.24925332368829], [117.64884206736284, 1.248907938442196], [117.64880267512119, 1.2483866808287], [117.6487779217022, 1.248200974770733], [117.64875352867756, 1.248059098011547], [117.64875347305457, 1.247832084073174], [117.64877047026616, 1.247485001887723], [117.64877043230751, 1.247484153317883], [117.64876566075175, 1.247375382561722], [117.64875716533064, 1.247207793882048], [117.64876481821763, 1.247062038090081], [117.64880451046976, 1.246918854467085], [117.6487453572924, 1.246068855055094], [117.64870973368625, 1.24562641391893], [117.6486782035099, 1.245070467494678], [117.64865187842155, 1.244727498703694], [117.64864376087334, 1.244634563185541], [117.6486847563225, 1.244579089605663], [117.64866669044764, 1.244511470086864], [117.64834157672728, 1.238206008662552], [117.64833656735945, 1.238160731218501], [117.64833656015257, 1.238160664274791], [117.64833645025435, 1.238159670070737], [117.64833256869385, 1.238124590681216], [117.64833260804548, 1.238123780992886], [117.64821164739172, 1.235410613730706], [117.64804374974176, 1.233194216022017], [117.64802565951626, 1.232723792594405], [117.64791718684842, 1.23018169929397], [117.64789917548175, 1.230036956654794], [117.64795737397283, 1.229018085212227], [117.64789402437671, 1.228974579766269], [117.64776395532165, 1.228390492048989], [117.64771491141474, 1.228242522773449], [117.64770961773662, 1.228217985821295], [117.64761112289077, 1.228254828968764], [117.64758371865909, 1.226427404113195], [117.64758360995611, 1.225975069596599], [117.6472555440153, 1.226002450535644], [117.64628933525883, 1.226092991329726], [117.64483329599197, 1.226310465366941], [117.64325142960057, 1.226564155965106], [117.64209197887749, 1.226691089987132], [117.64084265411255, 1.22685423203737], [117.63932369054643, 1.227053625266078], [117.6385417679656, 1.227279980887286], [117.6378137702718, 1.227488229987629], [117.63656447809096, 1.22779611771548], [117.63465910337116, 1.228357469849197], [117.633799551481, 1.228580053364563], [117.63381438105442, 1.229090455540947], [117.63379644764387, 1.229273204374669], [117.63379701304137, 1.231668773482565], [117.63376166117246, 1.234210908845446], [117.63373478204758, 1.234572783887395], [117.63371687192495, 1.234853236345794], [117.63375320448976, 1.236454496145912], [117.63377116466735, 1.23811639411873], [117.63378956981624, 1.238191456614242], [117.63379986691878, 1.23833202289181], [117.63382605628847, 1.240435033009514], [117.63383555734165, 1.24258814870975], [117.63389850774594, 1.242723834219464], [117.63389853147171, 1.242823348068275], [117.63388056998213, 1.242886679405083], [117.6338446448454, 1.243004295365957], [117.63382710861971, 1.244849829277426], [117.63382748906707, 1.246442050845648], [117.63380971584104, 1.247292446259582], [117.63372017703995, 1.248730895486509], [117.63361287234024, 1.25104688031901], [117.63355913777622, 1.251861097642051], [117.63355018419634, 1.252005847243782], [117.63346935006894, 1.252259174896835], [117.63346940002644, 1.252467249310116], [117.6335775142607, 1.253525688537896], [117.63362257336756, 1.254014200110347], [117.63376668711868, 1.255262611458812], [117.63384505511318, 1.256253410091579], [117.63386584215327, 1.256438659990707], [117.63388402824063, 1.257307140008913], [117.63397433753715, 1.259071226949072], [117.63393847156513, 1.259433104240067], [117.63395656414703, 1.259912575589313], [117.634037476814, 1.259984929475422], [117.63412738221302, 1.26007537457867], [117.63428022578263, 1.260247224662921], [117.6347926363473, 1.260554687220353], [117.63489151699393, 1.260590849804901], [117.63497241436116, 1.260599876664763], [117.63530496147844, 1.260509327931618], [117.63544858128705, 1.260462443373936], [117.63553863449732, 1.260409756741509], [117.6355360935342, 1.260313534749001], [117.63550264381308, 1.260255971509593], [117.63534981992707, 1.260165541926628], [117.63521496617551, 1.260047967787822], [117.63514958725511, 1.259961162548014], [117.63516998717358, 1.259894184743988], [117.63523711056085, 1.259857831257411], [117.63543064493467, 1.259876027360096], [117.63568091705277, 1.25996710880794], [117.63596096630454, 1.259912083980932], [117.63605084101488, 1.259875875065158], [117.63634745430994, 1.259866755467908], [117.63641037713528, 1.259884833418137], [117.63644633711277, 1.259911964703393], [117.63647331313415, 1.259957191613209], [117.63661479777437, 1.260116179858919], [117.63664204436071, 1.260135533112839], [117.63664413566994, 1.260138083770124], [117.63692280742356, 1.260273715826134], [117.63733634400761, 1.260572155348314], [117.63794757589453, 1.260671518485195], [117.63837902318305, 1.260698552183196], [117.63922390127206, 1.260589783139399], [117.64041933116638, 1.260508067226851], [117.64050921017392, 1.260489951578754], [117.64068003511795, 1.260679890008099], [117.64097668804331, 1.260833610437692], [117.64105757870433, 1.260815496993819], [117.64132721791368, 1.26077019666535], [117.64140812406349, 1.260815410105732], [117.64154300678015, 1.261050590841963], [117.64164192729162, 1.261249593684937], [117.64199280688224, 1.26149827814715], [117.64205464268409, 1.261533274420232], [117.6421918369461, 1.261682651994945], [117.64230384732555, 1.261629021578716], [117.6424465094126, 1.261515393082251], [117.64252236091635, 1.261514470469053], [117.64276386737848, 1.261582321284001], [117.64324880013527, 1.261626195668555], [117.64350152515294, 1.261705873972124], [117.64386972802059, 1.262111370060189], [117.64396106463015, 1.262358883873357], [117.64398993733425, 1.262407786728367], [117.64475589168363, 1.262754856651057], [117.64486013261683, 1.262789378141523], [117.64486017655828, 1.262967664933033], [117.64494516184158, 1.262969656600624], [117.64514780577298, 1.262976639790761], [117.64648707094084, 1.262985351577264], [117.64685572936816, 1.263537107334505], [117.64762922993992, 1.263445691115077], [117.6476579943544, 1.263978820612724], [117.64761041363015, 1.264530058123527], [117.64760195467663, 1.264798316264821], [117.64758491165183, 1.268078361972156], [117.64931059911595, 1.267770339643558], [117.6492745217808, 1.267272781072752], [117.64929247820682, 1.267191356378061], [117.64931943424614, 1.267155162838466], [117.64938233467248, 1.267082773492154], [117.64946321855294, 1.267037519663385], [117.64971485626684, 1.266892709218542], [117.64994848794662, 1.266630296418441], [117.65002935827343, 1.266530762485239], [117.65003831506415, 1.26640410665261], [117.64999334178307, 1.266277464429548], [117.6499303828063, 1.266114640005293], [117.64987641443913, 1.265960859991564], [117.64979543601294, 1.265626153100565], [117.64975044476466, 1.265427137389598], [117.64974142490753, 1.265300486082837], [117.64970814037184, 1.264072350971947], [117.64970967957571, 1.264005250421047], [117.64971232138613, 1.263890072797274], [117.64974144488907, 1.263732490315812]]]}},
{"type": "Feature", "properties": {"ba_code": "4523", "division": "03"}, "geometry": {"type": "MultiLineString", "coordinates": [[[117.59425736793713, 1.221250161050274], [117.59369322925892, 1.22100276831422], [117.59343900395972, 1.221172570521765], [117.59335987088052, 1.221020132595408], [117.59326642061319, 1.220840116004503], [117.59314052905597, 1.220586833980793], [117.5930236456333, 1.220424017791075], [117.59272698656494, 1.22021600753252], [117.59240335079801, 1.219953722479343], [117.59234040508659, 1.219827081418577], [117.59210663842975, 1.219501448875511], [117.59182828840427, 1.219341663705586], [117.59155966196717, 1.219169690317505], [117.59124364639557, 1.218967879289375], [117.59112007678779, 1.218825721837683], [117.5911160625684, 1.218829611938679], [117.59108181581654, 1.218777932487215], [117.59101888795392, 1.218732712442744], [117.59083011226153, 1.218633239447556], [117.59056941846966, 1.218479501565118], [117.59046154328095, 1.218407151047181], [117.59035366022012, 1.218298613365446], [117.5901378941243, 1.218081537975958], [117.58994910865474, 1.217936830930886], [117.58977828404134, 1.217719745583079], [117.58964339097518, 1.217403137603632], [117.58934713527299, 1.217278713510767], [117.58935057291521, 1.217223159123388], [117.58919439530537, 1.21692136355203], [117.58837263288915, 1.216276103342135], [117.58791172275346, 1.21627620442706], [117.58739072843598, 1.216437679030944], [117.5869699056707, 1.216478110845274], [117.58652903566616, 1.216478207322115], [117.58628856036808, 1.216478259915458], [117.58594791334349, 1.216599355191274], [117.58574756553577, 1.216821268958114], [117.5853869138179, 1.217103728156403], [117.58502625332122, 1.217345847670293], [117.58472570749352, 1.21756778330293], [117.58438507322171, 1.217749387994185], [117.58408452727836, 1.217971324506141], [117.58380402068373, 1.21819325573385], [117.5836036543085, 1.218334490116867], [117.58358239146611, 1.218425795968172], [117.58357717460018, 1.218429702609249], [117.58316311660722, 1.218716342129042], [117.58304280938069, 1.218985018537373], [117.58309602297211, 1.219048432256521], [117.58357654568063, 1.219579036334771], [117.58389065873686, 1.219895056635021], [117.58423465446303, 1.220090655621403], [117.58447398511396, 1.220361536844252], [117.58456375813302, 1.220572242487848], [117.5852068548917, 1.220812932013491], [117.58561068511678, 1.221083776106062], [117.58593975981343, 1.221429896801321], [117.58638569558293, 1.221869294067688], [117.58691197322337, 1.222212378528432], [117.58719103780044, 1.222407780372748], [117.58739059383093, 1.222558465991941], [117.58763209599108, 1.222971321141578], [117.58765683639297, 1.223343606629044], [117.58820559248883, 1.223777824856059], [117.58835355172423, 1.223802612073771], [117.58893939950529, 1.223987184692285], [117.58919818766779, 1.224112667996879], [117.59007454953293, 1.224520520467483], [117.59080831947975, 1.225097665048172], [117.5912289792336, 1.225404120258859], [117.59157711999224, 1.225695994487169], [117.59234592491084, 1.226308921427149], [117.59272163084822, 1.226611304325302], [117.59279242459345, 1.226668579119922], [117.59311473245513, 1.226936444957189], [117.59312166494662, 1.227249786932123], [117.59317248719908, 1.227333846452121], [117.59322650002879, 1.227375857613417], [117.59361861450415, 1.227430204549971], [117.59388929923387, 1.22740146486143], [117.59407453090405, 1.227501801133291], [117.59423132029639, 1.227831576485736], [117.59430663597111, 1.22790039389089], [117.59449194314857, 1.228069710901026], [117.59600968016359, 1.229240318952862], [117.59636431447501, 1.229582514202298], [117.59774956673051, 1.230598533586053], [117.5978738916663, 1.230660716607528], [117.59886811841977, 1.231420665480427], [117.59893477615508, 1.231498903199158], [117.59929641618085, 1.231839305779294], [117.6006844255625, 1.232816384562103], [117.60069341590705, 1.232825429292483], [117.6006969897144, 1.232829673226279], [117.60112493221898, 1.233169108575487], [117.60301114327291, 1.234599402905033], [117.60343401665642, 1.234977754320744], [117.60344432744166, 1.234986980571763], [117.60383988292158, 1.235294480213263], [117.60413653221319, 1.235448207371775], [117.6045141152658, 1.235773804481533], [117.6049725851024, 1.236063195890838], [117.60525125786216, 1.236216926970419], [117.60554786629245, 1.236189718623888], [117.60573661076351, 1.236144441485566], [117.60588041977677, 1.236126314942879], [117.60619430940716, 1.236207477345858], [117.6062009698711, 1.236208002337161], [117.60653742395353, 1.236282006230653], [117.60662695951865, 1.236397816759375], [117.60660857011138, 1.236551345433496], [117.6066087568331, 1.236680963768979], [117.60661760156268, 1.236741325345239], [117.60671291815953, 1.236851929025057], [117.6068243986852, 1.237030774123933], [117.60677049753143, 1.237157441183424], [117.60674953644981, 1.237223315475061], [117.60672215309414, 1.237300542216339], [117.60681168663109, 1.237407160303597], [117.60689573330909, 1.237484361390685], [117.60719720365098, 1.23776191893982], [117.60742683019076, 1.237971498445066], [117.60752572233623, 1.238061943241549], [117.60762461242831, 1.238143341271831], [117.60771451626258, 1.238233788127929], [117.60784040225037, 1.238450881303269], [117.60797523741644, 1.238496083975776], [117.60823679229829, 1.238590883368896], [117.60876519287353, 1.239092716094267], [117.60885482226372, 1.239126441579394], [117.6091378593506, 1.239304069782807], [117.6096721663311, 1.239703249974732], [117.61090910520444, 1.24066670379917], [117.61109141326504, 1.240606324106825], [117.61148865361554, 1.24046314106537], [117.61257167310687, 1.240072773173165], [117.61399315224322, 1.239477862273586], [117.61449641268592, 1.239240282147841], [117.6146008563825, 1.239187272769716], [117.61495928986243, 1.239055360758259], [117.61529182825089, 1.238928628602095], [117.61587600172459, 1.238638996152211], [117.61612765771405, 1.238566563322312], [117.61644221930537, 1.238439835284333], [117.61685899588724, 1.238293611981075], [117.61706204097104, 1.238212382564941], [117.61723432908465, 1.238213360864413], [117.61723435514033, 1.238151137358188], [117.61723428229924, 1.238150982675955], [117.61723435513235, 1.238151102980573], [117.61814982391375, 1.237688555495029], [117.6199922452921, 1.236910103170468], [117.6216189628719, 1.236204074810423], [117.62260757388842, 1.235769598472401], [117.62277831978969, 1.235633857181594], [117.62353312726978, 1.234738052464578], [117.62405405644564, 1.23412736371546], [117.62406827114243, 1.234110772271647], [117.62413153827352, 1.234035409817966], [117.62414329715364, 1.234021742857782], [117.624206425257, 1.233939931927016], [117.62516851762415, 1.232693104982303], [117.62550102047186, 1.232421624519475], [117.62580653098456, 1.232032542954504], [117.62586045006022, 1.231987296564337], [117.62677713954687, 1.231498556434139], [117.62781066968205, 1.230982648298379], [117.62812521449185, 1.230792592528042], [117.62830494588961, 1.230647802327554], [117.6283053663809, 1.2306471210095], [117.62960809327326, 1.230005175791955], [117.63022820455798, 1.229670299797514], [117.63057870833225, 1.229507375521959], [117.63097526988815, 1.229379886223017], [117.63101284827981, 1.229369666252878], [117.63101373446516, 1.229369425399365], [117.63105499025777, 1.229100159870458], [117.63222346301413, 1.229099881751802], [117.63381438105442, 1.229090455540947], [117.633799551481, 1.228580053364563], [117.63465910337116, 1.228357469849197], [117.63656447809096, 1.22779611771548], [117.6378137702718, 1.227488229987629], [117.6385417679656, 1.227279980887286], [117.63932369054643, 1.227053625266078], [117.64084265411255, 1.22685423203737], [117.64209197887749, 1.226691089987132], [117.64325142960057, 1.226564155965106], [117.64483329599197, 1.226310465366941], [117.64628933525883, 1.226092991329726], [117.6472555440153, 1.226002450535644], [117.64758360995611, 1.225975069596599], [117.64761054633891, 1.225857456059124], [117.64768237596977, 1.225540804400103], [117.64761041161026, 1.225296561258909], [117.64761029431624, 1.224808039979369], [117.64763719379881, 1.224536632711628], [117.64766402382979, 1.223975731355456], [117.64766391316117, 1.223514350147398], [117.64764585649036, 1.2231796269694], [117.64766357057054, 1.222084973061284], [117.64762743797115, 1.221334106469306], [117.64766327600336, 1.220854623152069], [117.64760025041765, 1.220402303869893], [117.64748322869718, 1.21966955021493], [117.64751907769757, 1.219235300346428], [117.6475010235142, 1.218909623822834], [117.64742001531451, 1.218430168765697], [117.6473929967625, 1.218204008006741], [117.6474108695104, 1.217769762482606], [117.64737489733936, 1.217688350951169], [117.64717714213494, 1.21762507189331], [117.64678166191776, 1.217625167411792], [117.64646706458375, 1.217580009886127], [117.6461524758568, 1.217571039091808], [117.64598170458784, 1.217589173666015], [117.64581092254653, 1.217562074760084], [117.6457120438608, 1.217525911816421], [117.64554123814834, 1.217399299249239], [117.64536145716595, 1.217326968996839], [117.64519966116632, 1.217290821179607], [117.64486710461681, 1.21731804132581], [117.64479067538488, 1.217318229797294], [117.6444643129939, 1.217335905950803], [117.64417501183114, 1.217309161109009], [117.64396829417223, 1.217354444288881], [117.64357282017838, 1.217381679406854], [117.64253021764007, 1.217499536749107], [117.64239540114868, 1.217526709182187], [117.64198197200275, 1.217644415407161], [117.64194708769557, 1.217658688606358], [117.64182877564237, 1.217687298202322], [117.6413791538537, 1.217691877685579], [117.6408964312156, 1.217704193613033], [117.64043602345916, 1.217735252510161], [117.64009449323754, 1.217825801197518], [117.63970803263469, 1.217961594113498], [117.63927603493102, 1.218032096026612], [117.63917491809387, 1.218041590256494], [117.63619332175048, 1.218860703814782], [117.6352382105243, 1.219123094511601], [117.6350973590099, 1.219138764290405], [117.63475583657703, 1.219265499338276], [117.6346479843663, 1.219292665070293], [117.6344951953157, 1.219337934887371], [117.63413569212895, 1.219446580718901], [117.6339559405162, 1.219500903622207], [117.63367731850853, 1.219555249944769], [117.63333578529816, 1.219636751293104], [117.63272460337492, 1.21970926970586], [117.63183482450057, 1.219944694785678], [117.63116319655678, 1.220538056826108], [117.62938366338211, 1.222110218066813], [117.62886497496974, 1.222183958957274], [117.62873848353208, 1.222485320677687], [117.62842888641093, 1.22252381415308], [117.62834799439285, 1.222532879930514], [117.62831204355264, 1.222541935122393], [117.62820418682362, 1.222551007246119], [117.62747555111066, 1.222552004680142], [117.62595456248903, 1.221714770536115], [117.6257920661703, 1.222185740663015], [117.62457207391871, 1.222351388954408], [117.62463536683985, 1.222707113336565], [117.62610961509466, 1.223321640421237], [117.6260280576567, 1.224015966174552], [117.62632319027861, 1.22560718470107], [117.62621899214965, 1.225622482813498], [117.62476980393633, 1.22592566455965], [117.62413465718188, 1.225972875636198], [117.62341561253791, 1.226146118183898], [117.62311090308735, 1.226665411492277], [117.62304069842186, 1.227271186397765], [117.62283746741765, 1.227224031792095], [117.62276734114816, 1.227057555741952], [117.62267746272637, 1.227075670266971], [117.62256063416048, 1.227157118245776], [117.62252141996744, 1.227300070365453], [117.62165805127286, 1.226812526713448], [117.62137404994336, 1.22713150686401], [117.62135227217746, 1.227450425715641], [117.62115569836081, 1.22785736225013], [117.62110115742645, 1.228242271155547], [117.62106845862455, 1.22858318700607], [117.62103577507645, 1.228990084330212], [117.62101398630382, 1.22926501525436], [117.62113826390322, 1.229422187697562], [117.6212302354821, 1.229499909297598], [117.62123260214065, 1.229682851858449], [117.62081751751572, 1.230122830377057], [117.62070828072406, 1.230221829072261], [117.62043795730605, 1.23064528241038], [117.62036832666122, 1.230749186024984], [117.62028743843868, 1.230776345174022], [117.62023352340589, 1.230839684963071], [117.62016176661682, 1.23090682222551], [117.61974849702756, 1.232314416960578], [117.61973951292624, 1.232332512542888], [117.61972154054148, 1.232350610229803], [117.61972154263245, 1.232359656968699], [117.61967660539673, 1.232377760969144], [117.61964963845519, 1.232368720543351], [117.61956874390224, 1.232368739481242], [117.6195597556185, 1.2323687415853], [117.61909242333734, 1.232622159673334], [117.61900254883876, 1.232658367661133], [117.61883178811664, 1.232730781529073], [117.61802257582062, 1.23285387970503], [117.61788205019194, 1.23298241245835], [117.61769038407319, 1.233201478862427], [117.61769039450112, 1.233246712574044], [117.61769039658677, 1.233255759316366], [117.6176185090362, 1.233337196790995], [117.61759154625068, 1.233346249830636], [117.61750166960165, 1.23337341104724], [117.61748369719068, 1.233391508730038], [117.61733092751787, 1.233527245547922], [117.61718711693743, 1.233536325862279], [117.61704329176487, 1.233482078965422], [117.61703430347309, 1.233482081062797], [117.61687249338667, 1.23339165137321], [117.61684553059436, 1.233400704406796], [117.61673764818286, 1.233301215380135], [117.61671967159945, 1.23330121957216], [117.61668371635017, 1.233292181211802], [117.61662978659943, 1.233292193786319], [117.61627925153016, 1.233328462472816], [117.61625224679425, 1.233295860676934], [117.61617009486234, 1.233230147070618], [117.61616089467611, 1.233231148879334], [117.61605139843704, 1.233243072665778], [117.6156784602884, 1.233323598650939], [117.61532125853232, 1.233301212378483], [117.61502360186387, 1.233331241728215], [117.61457711084364, 1.233346325129586], [117.61417527339506, 1.233383868402823], [117.6134460306251, 1.233526347565753], [117.61233844870118, 1.233126856364165], [117.61144134635656, 1.232776590853023], [117.61114464225636, 1.232826389410186], [117.61100837793255, 1.232736157797266], [117.61074714396017, 1.232693581659708], [117.61066948235303, 1.232693599584271], [117.61058475647789, 1.232672300458654], [117.61004241602399, 1.232289752299511], [117.60995630321298, 1.232224764870233], [117.60944545266115, 1.232001088388011], [117.60896017120174, 1.231864644673747], [117.60855663684949, 1.231792919759286], [117.60847131464759, 1.231749965454268], [117.60837213450061, 1.231700034754453], [117.60831930292501, 1.231679596692858], [117.60789668835677, 1.231687873818528], [117.60775853024272, 1.231712445770177], [117.60758786227863, 1.231728845094888], [117.60753097172062, 1.231728858147498], [117.60734808791179, 1.231634829169471], [117.60720991589562, 1.231598050489074], [117.60713676903964, 1.231589887177844], [117.60703517875373, 1.231589910465287], [117.60691327688471, 1.231618568688792], [117.60677105790296, 1.231655411644836], [117.606567886558, 1.231696358598164], [117.60639722224792, 1.231729118012936], [117.60621658792374, 1.231769048355749], [117.60606806505737, 1.231712833202226], [117.60597052357755, 1.231647414861178], [117.60589736192819, 1.23157381085364], [117.60581606661849, 1.231475667548309], [117.60578758624536, 1.231320252481423], [117.60563294063405, 1.231120917080394], [117.60533354493955, 1.230974387217676], [117.60516279087145, 1.230832325982171], [117.60499340773865, 1.230679197506554], [117.60484105530684, 1.230436705705256], [117.6045689629128, 1.230239769937639], [117.60448381217836, 1.229900026317922], [117.6044024591646, 1.229708688579549], [117.60400417124274, 1.229488223669177], [117.60346957181332, 1.229262084780155], [117.60335806647413, 1.229237737241934], [117.60276881892578, 1.228826285724092], [117.60226534444284, 1.228247406780308], [117.60102471054209, 1.227134934982271], [117.60068504383305, 1.226793211151601], [117.60056591598729, 1.226734319150349], [117.60056474991575, 1.226733021201925], [117.60052905841256, 1.226693273222884], [117.60044461430792, 1.226540260710698], [117.59846588608058, 1.22496866753775], [117.59827214640428, 1.224897191787186], [117.59734008918021, 1.224049800291182], [117.59719011949208, 1.223915686472682], [117.59709974243741, 1.22383953827998], [117.5958570694175, 1.222792500509696], [117.59576801794525, 1.222674404731388], [117.5957382040545, 1.222634867007502], [117.5956481995567, 1.222515507597488], [117.59549044220941, 1.222306298008778], [117.59487390635717, 1.221786613765963], [117.59425736793713, 1.221250161050274]]]}},
{"type": "Feature", "properties": {"ba_code": "4523", "division": "01"}, "geometry": {"type": "MultiLineString", "coordinates": [[[117.60890363316717, 1.239157075274672], [117.60883864621576, 1.239548655681474], [117.60884510048787, 1.239665637808257], [117.60893217977159, 1.241243974628259], [117.60894577707349, 1.241490419616271], [117.60894693893309, 1.241559681319447], [117.609015327164, 1.241958514365142], [117.6089900830032, 1.242419939203391], [117.6089368007346, 1.243376076173635], [117.60894682853052, 1.245216178776386], [117.60894848358652, 1.24569524940026], [117.6089509493385, 1.246408705922228], [117.60891285536373, 1.247110935811075], [117.60891016933694, 1.247160442098933], [117.6089089555433, 1.247370022263281], [117.60856555530033, 1.247459087015427], [117.60857051827503, 1.247461283317673], [117.6086424500469, 1.247569827661265], [117.60891215888736, 1.247823074049054], [117.60949643726038, 1.247976732725524], [117.60996387538943, 1.248166605531364], [117.61060205469585, 1.248193596755193], [117.61102449888584, 1.248157310998862], [117.61177945137412, 1.247858591556364], [117.6119032936816, 1.247807714395531], [117.61246250100986, 1.24757798232582], [117.61282198464815, 1.247360776085111], [117.61301551719475, 1.247337354825502], [117.61434006952634, 1.247280048566326], [117.61514994257954, 1.247260715269247], [117.6158779960856, 1.247251497164577], [117.61649819573397, 1.247269444519081], [117.61708107367103, 1.247243798847303], [117.61718130525485, 1.247251189904767], [117.61718145704009, 1.247902555343928], [117.61713665031591, 1.248481557459112], [117.61709505632898, 1.250471142323856], [117.6172464909225, 1.250470204533061], [117.61912353317453, 1.250444229783102], [117.62008527119798, 1.250380674173394], [117.62226044991505, 1.250380156209483], [117.62240426548291, 1.250389168633057], [117.6225300979752, 1.250371045139921], [117.62259300356297, 1.25031674972784], [117.62269184332014, 1.25018102514131], [117.62274575416745, 1.250099591677161], [117.62277269999872, 1.250018164649376], [117.6227720430274, 1.249949814024827], [117.62286255779698, 1.249909582408181], [117.62302433081001, 1.24983716993068], [117.62309621618267, 1.249746685444534], [117.62326697324518, 1.249656177351201], [117.62334786826634, 1.249656158033082], [117.6234647422268, 1.249764690899698], [117.62354564578273, 1.249800858498188], [117.6236355291396, 1.249800837021376], [117.62364451960921, 1.249809881604455], [117.62410298450854, 1.250063080465804], [117.62412995378781, 1.250081167476119], [117.62418388807448, 1.250099248035393], [117.62423781595179, 1.250090188403525], [117.62438161222308, 1.250017780155929], [117.6244265538982, 1.250017769401649], [117.62447149129858, 1.249999665187623], [117.62452544695678, 1.250108213033392], [117.62451647144701, 1.2501624955612], [117.6245074916621, 1.250198684630322], [117.62460639969906, 1.250352455358658], [117.6248670764055, 1.250415720035317], [117.62492999689366, 1.250424751691268], [117.62540638507701, 1.250451777702757], [117.62548727794794, 1.250442711578301], [117.62555018986501, 1.250415556307547], [117.62563107844852, 1.250388396724545], [117.62566703392703, 1.250397434828798], [117.62574793107592, 1.250406462152041], [117.62580185893742, 1.250397402487402], [117.62593667108737, 1.250343089777523], [117.62598161918349, 1.250370219174181], [117.62604455466366, 1.250442577888972], [117.62604455895034, 1.250460671342424], [117.626269340197, 1.25076820609601], [117.62629630948955, 1.250786293072675], [117.62638620999365, 1.250858645292981], [117.62639520047334, 1.250867689859919], [117.62657500793406, 1.25103953445972], [117.62659298889602, 1.251057623590926], [117.62722219377801, 1.251147939547984], [117.62730309523003, 1.251175060257549], [117.62740237190148, 1.251355050811547], [117.62760998473853, 1.251677634164783], [117.62783815472855, 1.252037439790222], [117.62819171376273, 1.252585417726762], [117.62825749897578, 1.252715695478072], [117.62829540462184, 1.252825233102375], [117.6282653681576, 1.253364135558306], [117.62823855840003, 1.254015506101294], [117.62836663867188, 1.254222737394677], [117.62854432607449, 1.254702983149867], [117.62849944697419, 1.254965348957988], [117.62849738370092, 1.254967237507935], [117.62857309493614, 1.25496977308842], [117.63072859285147, 1.255118603176872], [117.63071516624336, 1.25529191171318], [117.63071068119655, 1.255390009087571], [117.63070172754098, 1.255534758761623], [117.63064782783482, 1.255661425910698], [117.6306029186381, 1.255797137597363], [117.63061190915029, 1.255806182133491], [117.63062091484078, 1.255878553698175], [117.63057599913905, 1.255987125231414], [117.63049511270879, 1.256023331746865], [117.63045916366498, 1.256041433912982], [117.63016258727858, 1.256204346852685], [117.6301356265746, 1.256222446835238], [117.62991993442625, 1.256340106533585], [117.62990196639905, 1.256376297773564], [117.62991939330652, 1.256490122996048], [117.62991994245473, 1.256493708982642], [117.62991997126338, 1.256493900766111], [117.63008178969692, 1.256611468851837], [117.63009977072798, 1.256629557926519], [117.63028855205005, 1.256738072725403], [117.63048634559719, 1.256946099222799], [117.6304953361151, 1.256955143757459], [117.630558265402, 1.257000362061501], [117.63081894051915, 1.257054579014711], [117.63082793103817, 1.25706362354744], [117.63087289231989, 1.257145033081517], [117.63129538160628, 1.257298724518047], [117.63133134151774, 1.257325855919854], [117.63137630934011, 1.257434405585661], [117.63138530203577, 1.257452496831721], [117.63141682716153, 1.257502331142891], [117.63151118674556, 1.257651493966291], [117.63153815396639, 1.257660534116937], [117.63169097546958, 1.257741917351402], [117.6318707554972, 1.257796153853494], [117.63191572988401, 1.257931843642013], [117.63192472040946, 1.257940888167434], [117.63206856011605, 1.258049413702821], [117.63209552298626, 1.258040360413312], [117.63218541736386, 1.258085572075939], [117.63221240201061, 1.258166985939513], [117.63219444926808, 1.258266504193326], [117.63221243903556, 1.258320780101644], [117.6322484142175, 1.258411238486013], [117.63232933333342, 1.258510732619467], [117.63238327215088, 1.258546906321598], [117.63240124667233, 1.258537855220066], [117.6325001141652, 1.258519737662664], [117.6325720493016, 1.258637327405141], [117.6326080070626, 1.258655412058232], [117.63276081991808, 1.258700608324975], [117.6327787944377, 1.258691557220961], [117.63285072086695, 1.25877296008975], [117.63287769900484, 1.258827233789239], [117.63288668953652, 1.258836278308014], [117.6329046858701, 1.258917694344492], [117.63291367640228, 1.258926738862962], [117.63294066108958, 1.259008152702531], [117.63296762832411, 1.259017192828615], [117.63324631303745, 1.25920710572057], [117.63328226862485, 1.259216143644409], [117.6333272191138, 1.259252319510159], [117.63339014412223, 1.259279444265296], [117.63355197594417, 1.259451292243552], [117.63359693080989, 1.259505561526411], [117.63361490969777, 1.25951460384105], [117.63374079469959, 1.259713600727804], [117.63374978742313, 1.259731691953075], [117.63374979179478, 1.259749785378306], [117.6337587823327, 1.259758829890848], [117.63376777287068, 1.259767874403327], [117.6338486877153, 1.259849275012781], [117.63393705727803, 1.259929737456877], [117.6339565632482, 1.259912575589533], [117.63393847066631, 1.259433104240286], [117.63397433663833, 1.259071226949292], [117.63388402734178, 1.257307140009132], [117.63386584125442, 1.256438659990927], [117.63384505421436, 1.256253410091797], [117.63376668621983, 1.255262611459031], [117.63362257246874, 1.254014200110566], [117.63357751336186, 1.253525688538115], [117.63346939912762, 1.252467249310334], [117.63346934917011, 1.252259174897054], [117.6335501832975, 1.252005847244001], [117.63355913687737, 1.251861097642269], [117.63361287144139, 1.251046880319228], [117.6337201761411, 1.248730895486727], [117.63380971494222, 1.247292446259799], [117.63382748816822, 1.246442050845866], [117.63382710772089, 1.244849829277644], [117.63384464394657, 1.243004295366174], [117.6338805690833, 1.2428866794053], [117.63389853057288, 1.242823348068492], [117.63389850684709, 1.242723834219682], [117.63383555644283, 1.242588148709967], [117.63382605538963, 1.24043503300973], [117.63379986601994, 1.238332022892026], [117.63378956891742, 1.238191456614458], [117.6337711637685, 1.238116394118946], [117.63375320359093, 1.236454496146128], [117.63371687102612, 1.234853236346009], [117.63373478114875, 1.234572783887611], [117.63376166027363, 1.234210908845662], [117.63379701214255, 1.231668773482779], [117.63379644674504, 1.229273204374884], [117.6338143801556, 1.229090455541161], [117.6322234621153, 1.229099881752016], [117.63105498935894, 1.229100159870671], [117.63101373356633, 1.229369425399578], [117.63101284738097, 1.229369666253092], [117.63097526898933, 1.229379886223231], [117.63057870743346, 1.229507375522172], [117.63022820365916, 1.229670299797727], [117.62960809237444, 1.230005175792168], [117.62830536548206, 1.230647121009713], [117.62830494499079, 1.230647802327766], [117.62812521359302, 1.230792592528255], [117.62781066878323, 1.230982648298592], [117.62677713864805, 1.231498556434351], [117.6258604491614, 1.23198729656455], [117.62580653008574, 1.232032542954716], [117.62550101957304, 1.232421624519687], [117.62516851672532, 1.232693104982515], [117.62420642435818, 1.233939931927228], [117.62414329625481, 1.234021742857994], [117.6241315373747, 1.234035409818178], [117.62406827024361, 1.234110772271859], [117.62405405554682, 1.234127363715672], [117.62353312637096, 1.23473805246479], [117.62277831889087, 1.235633857181806], [117.62260757298958, 1.235769598472613], [117.62161896197308, 1.236204074810635], [117.61999224439327, 1.23691010317068], [117.61814982301493, 1.237688555495239], [117.61723435423353, 1.238151102980784], [117.6172343281858, 1.238213360864624], [117.61706204007221, 1.238212382565152], [117.61685899498842, 1.238293611981285], [117.61644221840655, 1.238439835284544], [117.61612765681522, 1.238566563322522], [117.61587600082574, 1.238638996152421], [117.61529182735205, 1.238928628602305], [117.6149592889636, 1.239055360758469], [117.61460085548367, 1.239187272769926], [117.6144964117871, 1.239240282148051], [117.61399315134437, 1.239477862273796], [117.61257167220805, 1.240072773173375], [117.6114886527167, 1.240463141065579], [117.61109141236622, 1.240606324107034], [117.61090910430559, 1.240666703799379], [117.60967216543224, 1.23970324997494], [117.60913785845175, 1.239304069783015], [117.60890363316717, 1.239157075274672]]]}}
]
}
