{
"type": "FeatureCollection",
"features": [
{"type": "Feature", "properties": {"ba_code": "4721", "blockid": "C26P18", "division": "02"}, "geometry": {"type": "MultiPolygon", "coordinates": [[[[103.924638, -1.974683], [103.921962, -1.974683], [103.921954, -1.974107], [103.921953, -1.973976], [103.921856, -1.972082], [103.923182, -1.973354], [103.923815, -1.97395], [103.923974, -1.97408], [103.924102, -1.974186], [103.924182, -1.974267], [103.924262, -1.974387], [103.924393, -1.974477], [103.924638, -1.974683]]]]}},
{"type": "Feature", "properties": {"ba_code": "4721", "blockid": "C25P17", "division": "02"}, "geometry": {"type": "MultiPolygon", "coordinates": [[[[103.921992, -1.983378], [103.919498, -1.983377], [103.919519, -1.978174], [103.921917, -1.978174], [103.921992, -1.983378]]]]}},
{"type": "Feature", "properties": {"ba_code": "4721", "blockid": "C25P18", "division": "02"}, "geometry": {"type": "MultiPolygon", "coordinates": [[[[103.921917, -1.978174], [103.919519, -1.978174], [103.919536, -1.974068], [103.919537, -1.973937], [103.919516, -1.973139], [103.919485, -1.971922], [103.920933, -1.971449], [103.921772, -1.972013], [103.921796, -1.97255], [103.921858, -1.973976], [103.921858, -1.974107], [103.921917, -1.978174]]]]}},
{"type": "Feature", "properties": {"ba_code": "4721", "blockid": "C24P19", "division": "02"}, "geometry": {"type": "MultiPolygon", "coordinates": [[[[103.919434, -1.975676], [103.919403, -1.983377], [103.916497, -1.983366], [103.916437, -1.975676], [103.916428, -1.974574], [103.917294, -1.974082], [103.917381, -1.974062], [103.917958, -1.97394], [103.919426, -1.973193], [103.919441, -1.973937], [103.91944, -1.974067], [103.919434, -1.975676]]]]}},
{"type": "Feature", "properties": {"ba_code": "4721", "blockid": "E24P14", "division": "02"}, "geometry": {"type": "MultiPolygon", "coordinates": [[[[103.916557, -1.992867], [103.919398, -1.992872], [103.919345, -2.001609], [103.916626, -2.001629], [103.916557, -1.992867]]]]}},
{"type": "Feature", "properties": {"ba_code": "4721", "blockid": "C06P09", "division": "01"}, "geometry": {"type": "MultiPolygon", "coordinates": [[[[103.86598, -1.978599], [103.865994, -1.974009], [103.868714, -1.973993], [103.868681, -1.978613], [103.86598, -1.978599]]]]}},
{"type": "Feature", "properties": {"ba_code": "4721", "blockid": "D16P09", "division": "01"}, "geometry": {"type": "MultiPolygon", "coordinates": [[[[103.894096, -1.983368], [103.896816, -1.983385], [103.896833, -1.992622], [103.894154, -1.992601], [103.894096, -1.983368]]]]}},
{"type": "Feature", "properties": {"ba_code": "4721", "blockid": "D26P11", "division": "02"}, "geometry": {"type": "MultiPolygon", "coordinates": [[[[103.922125, -1.986952], [103.924984, -1.986953], [103.925064, -1.992804], [103.922191, -1.99277], [103.922125, -1.986952]]]]}},
{"type": "Feature", "properties": {"ba_code": "4721", "blockid": "E18P09", "division": "02"}, "geometry": {"type": "MultiPolygon", "coordinates": [[[[103.899713, -2.001529], [103.89973, -1.992727], [103.8998, -1.992728], [103.902483, -1.992757], [103.902541, -2.001691], [103.90233, -2.001691], [103.900056, -2.001713], [103.899713, -2.001713], [103.899713, -2.001529]]]]}},
{"type": "Feature", "properties": {"ba_code": "4721", "blockid": "E25P17", "division": "02"}, "geometry": {"type": "MultiPolygon", "coordinates": [[[[103.919492, -1.992872], [103.922097, -1.992901], [103.9221, -2.001607], [103.919438, -2.001609], [103.919492, -1.992872]]]]}},
{"type": "Feature", "properties": {"ba_code": "4721", "blockid": "C30P12", "division": "03"}, "geometry": {"type": "MultiPolygon", "coordinates": [[[[103.933423, -1.978411], [103.93607, -1.977698], [103.936086, -1.983447], [103.933432, -1.983443], [103.933423, -1.978411]]]]}},
{"type": "Feature", "properties": {"ba_code": "4721", "blockid": "D28P17", "division": "03"}, "geometry": {"type": "MultiPolygon", "coordinates": [[[[103.930554, -1.989357], [103.927992, -1.989357], [103.927963, -1.98355], [103.930563, -1.983569], [103.930554, -1.989357]]]]}},
{"type": "Feature", "properties": {"ba_code": "4721", "blockid": "H19P15", "division": "05"}, "geometry": {"type": "MultiPolygon", "coordinates": [[[[103.905196, -2.020421], [103.905191, -2.029149], [103.902712, -2.029081], [103.902659, -2.020473], [103.905196, -2.020421]]]]}},
{"type": "Feature", "properties": {"ba_code": "4721", "blockid": "H24P19", "division": "05"}, "geometry": {"type": "MultiPolygon", "coordinates": [[[[103.916755, -2.029399], [103.916747, -2.020134], [103.919411, -2.020095], [103.91952, -2.029446], [103.916755, -2.029399]]]]}},
{"type": "Feature", "properties": {"ba_code": "4721", "blockid": "H23P11", "division": "05"}, "geometry": {"type": "MultiPolygon", "coordinates": [[[[103.916656, -2.020134], [103.91665, -2.029395], [103.913998, -2.029321], [103.913899, -2.020223], [103.916656, -2.020134]]]]}},
{"type": "Feature", "properties": {"ba_code": "4721", "blockid": "D12P09", "division": "01"}, "geometry": {"type": "MultiPolygon", "coordinates": [[[[103.882693, -1.983322], [103.885758, -1.983344], [103.885732, -1.992552], [103.882594, -1.992483], [103.882693, -1.983322]]]]}},
{"type": "Feature", "properties": {"ba_code": "4721", "blockid": "C18P12", "division": "02"}, "geometry": {"type": "MultiPolygon", "coordinates": [[[[103.89962, -1.974322], [103.89962, -1.974103], [103.901109, -1.97416], [103.902408, -1.975134], [103.902449, -1.983187], [103.902449, -1.983334], [103.899666, -1.983321], [103.899665, -1.98312], [103.89962, -1.974322]]]]}},
{"type": "Feature", "properties": {"ba_code": "4721", "blockid": "B03P12", "division": "06"}, "geometry": {"type": "MultiPolygon", "coordinates": [[[[103.860328, -1.967382], [103.86029, -1.973957], [103.857535, -1.973973], [103.857493, -1.968244], [103.860328, -1.967382]]]]}},
{"type": "Feature", "properties": {"ba_code": "4721", "blockid": "E19P09", "division": "02"}, "geometry": {"type": "MultiPolygon", "coordinates": [[[[103.902631, -1.992757], [103.905238, -1.992784], [103.905238, -1.992792], [103.905247, -2.001688], [103.902622, -2.001694], [103.902548, -1.992757], [103.902631, -1.992757]]]]}},
{"type": "Feature", "properties": {"ba_code": "4721", "blockid": "D06P08", "division": "01"}, "geometry": {"type": "MultiPolygon", "coordinates": [[[[103.865966, -1.983787], [103.865966, -1.983372], [103.866824, -1.983372], [103.867259, -1.983372], [103.867259, -1.983808], [103.868649, -1.983805], [103.868608, -1.987138], [103.865966, -1.983787]]]]}},
{"type": "Feature", "properties": {"ba_code": "4721", "blockid": "B02P12", "division": "06"}, "geometry": {"type": "MultiPolygon", "coordinates": [[[[103.855167, -1.968935], [103.857444, -1.968259], [103.857489, -1.973973], [103.855405, -1.973975], [103.855357, -1.97394], [103.855271, -1.973817], [103.855158, -1.973599], [103.855164, -1.968948], [103.855167, -1.968935]]]]}},
{"type": "Feature", "properties": {"ba_code": "4721", "blockid": "C32P12", "division": "03"}, "geometry": {"type": "MultiPolygon", "coordinates": [[[[103.93913, -1.983494], [103.939158, -1.974458], [103.941648, -1.97448], [103.941689, -1.983542], [103.93913, -1.983494]]]]}},
{"type": "Feature", "properties": {"ba_code": "4721", "blockid": "H33P13", "division": "04"}, "geometry": {"type": "MultiPolygon", "coordinates": [[[[103.941943, -2.029614], [103.941869, -2.01989], [103.944545, -2.019862], [103.944573, -2.02966], [103.941943, -2.029614]]]]}},
{"type": "Feature", "properties": {"ba_code": "4721", "blockid": "B13P12", "division": "06"}, "geometry": {"type": "MultiPolygon", "coordinates": [[[[103.888643, -1.973889], [103.886103, -1.973907], [103.885876, -1.973909], [103.885936, -1.971211], [103.886342, -1.971256], [103.887032, -1.971405], [103.887638, -1.971554], [103.887964, -1.971629], [103.888654, -1.971796], [103.888646, -1.973411], [103.888643, -1.973889]]]]}},
{"type": "Feature", "properties": {"ba_code": "4721", "blockid": "G32P19", "division": "04"}, "geometry": {"type": "MultiPolygon", "coordinates": [[[[103.939111, -2.019779], [103.939102, -2.010731], [103.941793, -2.010729], [103.941773, -2.019759], [103.939111, -2.019779]]]]}},
{"type": "Feature", "properties": {"ba_code": "4721", "blockid": "F30P17", "division": "04"}, "geometry": {"type": "MultiPolygon", "coordinates": [[[[103.936237, -2.005371], [103.933537, -2.005371], [103.933524, -2.00174], [103.936228, -2.001751], [103.936237, -2.005371]]]]}},
{"type": "Feature", "properties": {"ba_code": "4721", "blockid": "C38P13", "division": "07"}, "geometry": {"type": "MultiPolygon", "coordinates": [[[[103.955747, -1.974701], [103.957962, -1.974694], [103.957958, -1.983826], [103.956791, -1.983792], [103.956693, -1.983796], [103.955747, -1.983796], [103.955776, -1.981858], [103.955788, -1.981698], [103.955747, -1.974701]]]]}},
{"type": "Feature", "properties": {"ba_code": "4721", "blockid": "C29P17", "division": "03"}, "geometry": {"type": "MultiPolygon", "coordinates": [[[[103.930691, -1.978298], [103.931613, -1.978899], [103.933328, -1.978437], [103.933337, -1.983443], [103.930657, -1.983438], [103.930644, -1.978321], [103.930691, -1.978298]]]]}},
{"type": "Feature", "properties": {"ba_code": "4721", "blockid": "G22P13", "division": "05"}, "geometry": {"type": "MultiPolygon", "coordinates": [[[[103.913766, -2.011033], [103.913806, -2.020098], [103.912144, -2.02011], [103.911846, -2.020143], [103.911187, -2.020143], [103.91112, -2.011039], [103.913766, -2.011033]]]]}},
{"type": "Feature", "properties": {"ba_code": "4721", "blockid": "G27P18", "division": "05"}, "geometry": {"type": "MultiPolygon", "coordinates": [[[[103.928075, -2.012467], [103.925341, -2.012467], [103.925356, -2.011756], [103.925339, -2.010972], [103.928, -2.011025], [103.928075, -2.012467]]]]}},
{"type": "Feature", "properties": {"ba_code": "4721", "blockid": "C21P12", "division": "02"}, "geometry": {"type": "MultiPolygon", "coordinates": [[[[103.908095, -1.979177], [103.909845, -1.978169], [103.910746, -1.977663], [103.910789, -1.983352], [103.910789, -1.983379], [103.908073, -1.983365], [103.908095, -1.979177]]]]}},
{"type": "Feature", "properties": {"ba_code": "4721", "blockid": "C14P09", "division": "01"}, "geometry": {"type": "MultiPolygon", "coordinates": [[[[103.888668, -1.983258], [103.888728, -1.97402], [103.891289, -1.974021], [103.891229, -1.983272], [103.888668, -1.983258]]]]}},
{"type": "Feature", "properties": {"ba_code": "4721", "blockid": "B38P13", "division": "07"}, "geometry": {"type": "MultiPolygon", "coordinates": [[[[103.958426, -1.971612], [103.958442, -1.974591], [103.957958, -1.974563], [103.955747, -1.974567], [103.95574, -1.974406], [103.956804, -1.9733], [103.957907, -1.972152], [103.958426, -1.971604], [103.958426, -1.971612]]], [[[103.95869, -1.971337], [103.958569, -1.97132], [103.958559, -1.971319], [103.958559, -1.971302], [103.958567, -1.971304], [103.95869, -1.971337]]], [[[103.955545, -1.970907], [103.955552, -1.970612], [103.95558, -1.970618], [103.955583, -1.970434], [103.955586, -1.970341], [103.958435, -1.970391], [103.958435, -1.971269], [103.958437, -1.97127], [103.958437, -1.971302], [103.955545, -1.970907]]]]}},
{"type": "Feature", "properties": {"ba_code": "4721", "blockid": "B14P12", "division": "01"}, "geometry": {"type": "MultiPolygon", "coordinates": [[[[103.891264, -1.9729], [103.891265, -1.973888], [103.888739, -1.973889], [103.888739, -1.973393], [103.888738, -1.971824], [103.891264, -1.972346], [103.891264, -1.9729]]], [[[103.899634, -1.973971], [103.899635, -1.973343], [103.901145, -1.973995], [103.90121, -1.97403], [103.899634, -1.973971]]], [[[103.896863, -1.973931], [103.896866, -1.972775], [103.896997, -1.972775], [103.897164, -1.972802], [103.897351, -1.972858], [103.897472, -1.972858], [103.897752, -1.972896], [103.898013, -1.972933], [103.898246, -1.972989], [103.898386, -1.973017], [103.898507, -1.973017], [103.898684, -1.973073], [103.898954, -1.973082], [103.899141, -1.973082], [103.899262, -1.973073], [103.899346, -1.973147], [103.899467, -1.973231], [103.899538, -1.973296], [103.899539, -1.973971], [103.896863, -1.973931]]], [[[103.894077, -1.97391], [103.89406, -1.972747], [103.89448, -1.972747], [103.895076, -1.972747], [103.895654, -1.972737], [103.896288, -1.972747], [103.896791, -1.972756], [103.896767, -1.973931], [103.894077, -1.97391]]], [[[103.891361, -1.973888], [103.891348, -1.972365], [103.89214, -1.972523], [103.892448, -1.972588], [103.892839, -1.972625], [103.893231, -1.972691], [103.893632, -1.972728], [103.893966, -1.972748], [103.893981, -1.97391], [103.891361, -1.973888]]]]}},
{"type": "Feature", "properties": {"ba_code": "4721", "blockid": "G27P17", "division": "05"}, "geometry": {"type": "MultiPolygon", "coordinates": [[[[103.925341, -2.012467], [103.928075, -2.012467], [103.928081, -2.012582], [103.928076, -2.012838], [103.928064, -2.013694], [103.928081, -2.015161], [103.928064, -2.015673], [103.928099, -2.016289], [103.928076, -2.017063], [103.928081, -2.018151], [103.928076, -2.018878], [103.928006, -2.01942], [103.927863, -2.019881], [103.925098, -2.019924], [103.925304, -2.019216], [103.925362, -2.018896], [103.925368, -2.018605], [103.925351, -2.017534], [103.925292, -2.016033], [103.925269, -2.015457], [103.925327, -2.013571], [103.925333, -2.01285], [103.925341, -2.012467]]]]}},
{"type": "Feature", "properties": {"ba_code": "4721", "blockid": "D18P09", "division": "02"}, "geometry": {"type": "MultiPolygon", "coordinates": [[[[103.899667, -1.9834], [103.902449, -1.983416], [103.902484, -1.992675], [103.899731, -1.992646], [103.899667, -1.9834]]]]}},
{"type": "Feature", "properties": {"ba_code": "4721", "blockid": "E34P16", "division": "07"}, "geometry": {"type": "MultiPolygon", "coordinates": [[[[103.947345, -1.996732], [103.947349, -2.001669], [103.944653, -2.001667], [103.944654, -2.000017], [103.944843, -1.999893], [103.947345, -1.996732]]]]}},
{"type": "Feature", "properties": {"ba_code": "4721", "blockid": "B06P11", "division": "01"}, "geometry": {"type": "MultiPolygon", "coordinates": [[[[103.865992, -1.973122], [103.865997, -1.97296], [103.865997, -1.972846], [103.866, -1.972773], [103.866004, -1.972596], [103.866007, -1.972563], [103.866008, -1.972438], [103.866014, -1.972293], [103.866012, -1.972238], [103.866018, -1.972094], [103.866011, -1.971986], [103.866016, -1.971904], [103.866016, -1.971721], [103.866017, -1.971634], [103.866021, -1.971474], [103.866019, -1.971423], [103.866024, -1.971278], [103.866025, -1.971157], [103.866025, -1.971057], [103.86603, -1.9709], [103.86603, -1.970862], [103.866032, -1.970718], [103.866035, -1.970588], [103.866032, -1.970547], [103.866034, -1.970383], [103.866038, -1.9703], [103.866038, -1.970199], [103.866042, -1.970053], [103.866042, -1.970014], [103.866045, -1.969872], [103.866042, -1.969744], [103.866042, -1.969659], [103.866047, -1.969496], [103.866045, -1.96943], [103.866047, -1.969272], [103.866049, -1.969173], [103.866048, -1.969045], [103.866052, -1.968909], [103.866052, -1.968871], [103.86605, -1.968756], [103.866055, -1.968629], [103.866056, -1.968607], [103.866055, -1.968484], [103.866059, -1.968346], [103.866057, -1.968311], [103.866059, -1.968182], [103.866061, -1.968053], [103.866061, -1.968014], [103.866065, -1.967875], [103.866069, -1.967763], [103.866068, -1.96776], [103.866066, -1.967704], [103.866068, -1.967567], [103.86607, -1.967468], [103.866071, -1.967411], [103.866057, -1.967262], [103.866054, -1.96719], [103.866055, -1.96719], [103.866057, -1.967087], [103.866058, -1.966968], [103.866063, -1.966904], [103.866063, -1.966905], [103.866073, -1.966829], [103.866055, -1.965535], [103.86747, -1.965046], [103.867472, -1.965048], [103.86747, -1.965099], [103.86746, -1.965148], [103.867456, -1.965202], [103.86746, -1.965254], [103.867463, -1.965304], [103.867453, -1.965351], [103.867457, -1.96541], [103.867449, -1.965465], [103.867447, -1.96552], [103.867448, -1.965566], [103.867444, -1.965574], [103.867459, -1.965606], [103.867486, -1.965599], [103.867522, -1.965577], [103.867549, -1.965536], [103.86759, -1.965502], [103.867629, -1.965467], [103.867926, -1.965226], [103.868484, -1.964775], [103.868501, -1.964752], [103.868688, -1.964733], [103.868694, -1.964733], [103.868688, -1.964625], [103.868701, -1.96462], [103.868705, -1.965289], [103.868713, -1.973909], [103.865993, -1.973924], [103.865992, -1.973173], [103.865992, -1.973122]]]]}},
{"type": "Feature", "properties": {"ba_code": "4721", "blockid": "D13P09", "division": "01"}, "geometry": {"type": "MultiPolygon", "coordinates": [[[[103.888604, -1.983338], [103.888555, -1.992572], [103.885794, -1.99255], [103.885794, -1.992527], [103.885779, -1.983328], [103.888604, -1.983338]]]]}},
{"type": "Feature", "properties": {"ba_code": "4721", "blockid": "C20P13", "division": "06"}, "geometry": {"type": "MultiPolygon", "coordinates": [[[[103.905348, -1.977448], [103.905363, -1.97483], [103.905356, -1.974501], [103.908055, -1.974358], [103.908055, -1.974535], [103.90803, -1.979214], [103.907704, -1.979402], [103.905348, -1.977448]]]]}},
{"type": "Feature", "properties": {"ba_code": "4721", "blockid": "G11P12", "division": "06"}, "geometry": {"type": "MultiPolygon", "coordinates": [[[[103.87945, -2.020894], [103.879418, -2.013912], [103.880996, -2.011453], [103.882392, -2.011445], [103.882398, -2.020865], [103.87945, -2.020894]]]]}},
{"type": "Feature", "properties": {"ba_code": "4721", "blockid": "G17P12", "division": "07"}, "geometry": {"type": "MultiPolygon", "coordinates": [[[[103.899702, -2.011155], [103.899757, -2.020401], [103.897015, -2.020448], [103.897004, -2.011183], [103.899702, -2.011155]]]]}},
{"type": "Feature", "properties": {"ba_code": "4721", "blockid": "C13P10", "division": "01"}, "geometry": {"type": "MultiPolygon", "coordinates": [[[[103.885836, -1.97404], [103.888667, -1.974019], [103.888604, -1.983255], [103.885779, -1.983247], [103.885836, -1.97404]]]]}},
{"type": "Feature", "properties": {"ba_code": "4721", "blockid": "G18P10", "division": "05"}, "geometry": {"type": "MultiPolygon", "coordinates": [[[[103.902547, -2.011122], [103.902564, -2.020347], [103.899852, -2.020401], [103.899797, -2.011155], [103.902547, -2.011122]]]]}},
{"type": "Feature", "properties": {"ba_code": "4721", "blockid": "E32P13", "division": "03"}, "geometry": {"type": "MultiPolygon", "coordinates": [[[[103.939084, -2.001612], [103.939067, -1.992917], [103.941783, -1.99292], [103.94179, -2.001624], [103.939084, -2.001612]]]]}},
{"type": "Feature", "properties": {"ba_code": "4721", "blockid": "D28P18", "division": "03"}, "geometry": {"type": "MultiPolygon", "coordinates": [[[[103.927992, -1.989357], [103.930554, -1.989357], [103.930549, -1.992854], [103.92801, -1.992842], [103.927992, -1.989357]]]]}},
{"type": "Feature", "properties": {"ba_code": "4721", "blockid": "C22P13", "division": "06"}, "geometry": {"type": "MultiPolygon", "coordinates": [[[[103.910831, -1.976597], [103.913511, -1.975319], [103.913514, -1.976126], [103.910839, -1.97763], [103.910831, -1.976597]]]]}},
{"type": "Feature", "properties": {"ba_code": "4721", "blockid": "C28P17", "division": "03"}, "geometry": {"type": "MultiPolygon", "coordinates": [[[[103.927963, -1.983419], [103.927945, -1.976793], [103.92819, -1.97693], [103.929322, -1.977591], [103.930549, -1.978306], [103.930563, -1.983438], [103.927963, -1.983419]]]]}},
{"type": "Feature", "properties": {"ba_code": "4721", "blockid": "G20P14", "division": "05"}, "geometry": {"type": "MultiPolygon", "coordinates": [[[[103.905291, -2.020295], [103.905301, -2.011093], [103.908142, -2.011062], [103.908156, -2.02022], [103.905291, -2.020295]]]]}},
{"type": "Feature", "properties": {"ba_code": "4721", "blockid": "H11P12", "division": "06"}, "geometry": {"type": "MultiPolygon", "coordinates": [[[[103.879454, -2.020977], [103.882395, -2.020951], [103.882408, -2.024297], [103.879492, -2.024294], [103.879454, -2.020977]]], [[[103.879497, -2.026172], [103.882417, -2.026182], [103.882397, -2.027031], [103.879505, -2.027031], [103.879497, -2.026172]]]]}},
{"type": "Feature", "properties": {"ba_code": "4721", "blockid": "D29P17", "division": "03"}, "geometry": {"type": "MultiPolygon", "coordinates": [[[[103.930643, -1.992854], [103.930658, -1.983569], [103.933337, -1.983574], [103.933374, -1.992833], [103.930643, -1.992854]]]]}},
{"type": "Feature", "properties": {"ba_code": "4721", "blockid": "G23P16", "division": "05"}, "geometry": {"type": "MultiPolygon", "coordinates": [[[[103.916588, -2.011034], [103.916653, -2.02001], [103.9139, -2.020098], [103.91386, -2.011034], [103.916588, -2.011034]]]]}},
{"type": "Feature", "properties": {"ba_code": "4721", "blockid": "E10P12", "division": "06"}, "geometry": {"type": "MultiPolygon", "coordinates": [[[[103.876998, -1.992579], [103.879689, -1.992595], [103.879689, -1.99319], [103.879488, -2.002053], [103.87913, -2.002053], [103.877105, -2.002053], [103.876868, -2.002056], [103.876869, -2.00179], [103.876985, -1.993037], [103.876998, -1.992579]]]]}},
{"type": "Feature", "properties": {"ba_code": "4721", "blockid": "B04P12", "division": "06"}, "geometry": {"type": "MultiPolygon", "coordinates": [[[[103.863052, -1.966552], [103.863113, -1.973952], [103.860346, -1.973957], [103.86038, -1.967368], [103.863052, -1.966552]]]]}},
{"type": "Feature", "properties": {"ba_code": "4721", "blockid": "F34P12", "division": "04"}, "geometry": {"type": "MultiPolygon", "coordinates": [[[[103.944658, -2.010525], [103.94467, -2.003863], [103.944877, -2.004033], [103.94527, -2.004445], [103.94586, -2.005094], [103.94641, -2.005683], [103.947357, -2.00667], [103.94734, -2.010432], [103.944658, -2.010525]]]]}},
{"type": "Feature", "properties": {"ba_code": "4721", "blockid": "D23P12", "division": "02"}, "geometry": {"type": "MultiPolygon", "coordinates": [[[[103.913616, -1.983478], [103.916402, -1.983498], [103.916464, -1.992737], [103.913783, -1.992753], [103.913616, -1.983478]]]]}},
{"type": "Feature", "properties": {"ba_code": "4721", "blockid": "E15P12", "division": "07"}, "geometry": {"type": "MultiPolygon", "coordinates": [[[[103.891448, -2.001621], [103.891367, -1.99266], [103.894091, -1.992681], [103.894112, -2.001797], [103.894112, -2.002273], [103.891448, -2.002185], [103.891448, -2.001621]]]]}},
{"type": "Feature", "properties": {"ba_code": "4721", "blockid": "H15P13", "division": "07"}, "geometry": {"type": "MultiPolygon", "coordinates": [[[[103.894195, -2.023035], [103.894157, -2.028928], [103.893149, -2.02893], [103.892777, -2.023048], [103.894195, -2.023035]]]]}},
{"type": "Feature", "properties": {"ba_code": "4721", "blockid": "D33P13", "division": "03"}, "geometry": {"type": "MultiPolygon", "coordinates": [[[[103.941879, -1.992789], [103.941785, -1.983673], [103.944638, -1.983739], [103.944617, -1.99277], [103.941879, -1.992789]]]]}},
{"type": "Feature", "properties": {"ba_code": "4721", "blockid": "D37P13", "division": "03"}, "geometry": {"type": "MultiPolygon", "coordinates": [[[[103.952961, -1.983886], [103.955653, -1.983928], [103.955653, -1.986226], [103.953923, -1.988447], [103.953018, -1.989469], [103.952961, -1.983886]]]]}},
{"type": "Feature", "properties": {"ba_code": "4721", "blockid": "H17P12", "division": "07"}, "geometry": {"type": "MultiPolygon", "coordinates": [[[[103.899758, -2.020527], [103.899755, -2.026249], [103.899753, -2.029041], [103.897041, -2.028987], [103.897033, -2.026249], [103.897015, -2.020575], [103.899758, -2.020527]]]]}},
{"type": "Feature", "properties": {"ba_code": "4721", "blockid": "D25P12", "division": "02"}, "geometry": {"type": "MultiPolygon", "coordinates": [[[[103.919492, -1.992741], [103.919495, -1.988298], [103.922045, -1.988269], [103.922096, -1.99277], [103.919492, -1.992741]]]]}},
{"type": "Feature", "properties": {"ba_code": "4721", "blockid": "D30P19", "division": "03"}, "geometry": {"type": "MultiPolygon", "coordinates": [[[[103.933432, -1.983574], [103.936086, -1.983578], [103.936197, -1.9928], [103.933469, -1.992833], [103.933432, -1.983574]]]]}},
{"type": "Feature", "properties": {"ba_code": "4721", "blockid": "D39P13", "division": "07"}, "geometry": {"type": "MultiPolygon", "coordinates": [[[[103.9589, -1.989092], [103.958878, -1.98909], [103.958842, -1.989075], [103.958795, -1.989062], [103.958749, -1.989061], [103.958719, -1.98906], [103.958675, -1.989068], [103.958626, -1.98907], [103.958505, -1.989065], [103.958467, -1.989063], [103.958422, -1.989065], [103.95838, -1.989061], [103.958306, -1.989062], [103.958201, -1.989064], [103.958137, -1.989054], [103.95813, -1.98882], [103.95807, -1.983968], [103.958939, -1.98399], [103.958959, -1.984005], [103.959001, -1.984203], [103.959027, -1.984493], [103.958976, -1.98516], [103.959126, -1.986038], [103.959179, -1.986257], [103.959498, -1.986273], [103.959464, -1.987813], [103.959488, -1.988005], [103.959517, -1.988139], [103.959895, -1.98879], [103.960013, -1.988969], [103.960099, -1.989156], [103.960106, -1.989265], [103.960085, -1.989321], [103.960021, -1.989357], [103.959964, -1.989359], [103.95982, -1.989336], [103.959631, -1.989292], [103.959458, -1.989236], [103.959009, -1.989105], [103.9589, -1.989092]]]]}},
{"type": "Feature", "properties": {"ba_code": "4721", "blockid": "G30P18", "division": "04"}, "geometry": {"type": "MultiPolygon", "coordinates": [[[[103.933561, -2.019886], [103.933558, -2.010843], [103.93625, -2.010749], [103.936256, -2.019825], [103.933561, -2.019886]]]]}},
{"type": "Feature", "properties": {"ba_code": "4721", "blockid": "C34P12", "division": "03"}, "geometry": {"type": "MultiPolygon", "coordinates": [[[[103.944774, -1.974516], [103.947415, -1.974553], [103.947342, -1.983665], [103.944734, -1.983608], [103.944774, -1.974516]]]]}},
{"type": "Feature", "properties": {"ba_code": "4721", "blockid": "B31P13", "division": "07"}, "geometry": {"type": "MultiPolygon", "coordinates": [[[[103.937176, -1.970177], [103.939068, -1.970148], [103.939062, -1.974327], [103.936428, -1.974341], [103.936179, -1.974352], [103.93618, -1.973909], [103.937176, -1.970177]]]]}},
{"type": "Feature", "properties": {"ba_code": "4721", "blockid": "H10P12", "division": "06"}, "geometry": {"type": "MultiPolygon", "coordinates": [[[[103.87939, -2.020976], [103.879443, -2.026664], [103.877294, -2.026664], [103.877276, -2.020973], [103.87939, -2.020976]]]]}},
{"type": "Feature", "properties": {"ba_code": "4721", "blockid": "C06P12", "division": "01"}, "geometry": {"type": "MultiPolygon", "coordinates": [[[[103.865962, -1.981964], [103.865962, -1.978599], [103.868683, -1.978613], [103.868672, -1.981964], [103.865962, -1.981964]]]]}},
{"type": "Feature", "properties": {"ba_code": "4721", "blockid": "B12P12", "division": "06"}, "geometry": {"type": "MultiPolygon", "coordinates": [[[[103.884462, -1.97391], [103.884487, -1.97365], [103.884487, -1.973343], [103.884497, -1.972514], [103.884506, -1.972234], [103.88458, -1.971889], [103.884683, -1.971675], [103.885028, -1.971386], [103.885419, -1.971172], [103.885839, -1.971203], [103.885779, -1.973909], [103.884462, -1.97391]]]]}},
{"type": "Feature", "properties": {"ba_code": "4721", "blockid": "B05P12", "division": "06"}, "geometry": {"type": "MultiPolygon", "coordinates": [[[[103.866022, -1.965549], [103.865907, -1.97395], [103.863175, -1.973965], [103.863122, -1.966523], [103.866022, -1.965549]]]]}},
{"type": "Feature", "properties": {"ba_code": "4721", "blockid": "F11P13", "division": "06"}, "geometry": {"type": "MultiPolygon", "coordinates": [[[[103.879556, -2.002693], [103.879556, -2.002207], [103.882333, -2.002282], [103.882326, -2.004796], [103.879556, -2.002693]]]]}},
{"type": "Feature", "properties": {"ba_code": "4721", "blockid": "H22P11", "division": "05"}, "geometry": {"type": "MultiPolygon", "coordinates": [[[[103.913811, -2.020223], [103.91389, -2.029314], [103.911273, -2.02926], [103.911173, -2.020197], [103.913811, -2.020223]]]]}},
{"type": "Feature", "properties": {"ba_code": "4721", "blockid": "G12P12", "division": "06"}, "geometry": {"type": "MultiPolygon", "coordinates": [[[[103.885729, -2.020799], [103.88249, -2.020858], [103.882455, -2.011331], [103.88565, -2.01129], [103.885729, -2.020799]]]]}},
{"type": "Feature", "properties": {"ba_code": "4721", "blockid": "E09P13", "division": "06"}, "geometry": {"type": "MultiPolygon", "coordinates": [[[[103.876874, -1.998182], [103.876102, -1.9983], [103.87519, -1.998875], [103.874209, -1.99874], [103.874211, -1.99249], [103.876893, -1.992533], [103.876874, -1.998182]]]]}},
{"type": "Feature", "properties": {"ba_code": "4721", "blockid": "C09P08", "division": "01"}, "geometry": {"type": "MultiPolygon", "coordinates": [[[[103.87448, -1.974043], [103.877055, -1.974047], [103.876976, -1.983209], [103.874389, -1.983198], [103.87448, -1.974043]]]]}},
{"type": "Feature", "properties": {"ba_code": "4721", "blockid": "C37P13", "division": "03"}, "geometry": {"type": "MultiPolygon", "coordinates": [[[[103.952962, -1.983755], [103.953048, -1.974652], [103.955615, -1.974693], [103.953794, -1.977116], [103.95568, -1.981632], [103.955652, -1.983797], [103.952962, -1.983755]]]]}},
{"type": "Feature", "properties": {"ba_code": "4721", "blockid": "B07P18", "division": "06"}, "geometry": {"type": "MultiPolygon", "coordinates": [[[[103.870662, -1.962954], [103.870662, -1.964498], [103.870244, -1.964498], [103.86953, -1.964516], [103.869178, -1.964497], [103.869144, -1.964519], [103.869105, -1.964541], [103.869068, -1.964579], [103.869019, -1.964615], [103.868971, -1.964648], [103.868925, -1.964697], [103.868878, -1.964731], [103.868831, -1.96476], [103.868782, -1.964773], [103.868747, -1.964769], [103.868733, -1.964768], [103.86872, -1.964734], [103.868694, -1.964733], [103.868621, -1.963455], [103.868625, -1.963454], [103.868632, -1.963437], [103.86864, -1.96339], [103.868632, -1.963347], [103.86864, -1.963345], [103.868651, -1.963377], [103.868663, -1.963417], [103.868678, -1.963471], [103.86868, -1.963474], [103.868747, -1.963467], [103.868771, -1.963464], [103.868781, -1.963464], [103.868816, -1.963453], [103.868856, -1.96343], [103.868845, -1.963412], [103.868852, -1.963381], [103.868852, -1.963367], [103.868875, -1.963335], [103.868917, -1.963311], [103.868969, -1.963317], [103.869019, -1.963309], [103.86907, -1.963318], [103.869113, -1.96332], [103.869147, -1.963341], [103.869282, -1.963285], [103.869323, -1.963261], [103.869371, -1.963245], [103.869421, -1.963239], [103.86946, -1.963212], [103.86946, -1.963186], [103.86946, -1.963185], [103.869741, -1.963116], [103.869781, -1.963095], [103.869826, -1.963072], [103.869874, -1.963055], [103.869919, -1.963067], [103.869944, -1.963068], [103.870556, -1.963085], [103.870566, -1.963075], [103.870556, -1.963054], [103.870555, -1.963045], [103.870574, -1.963015], [103.870595, -1.962988], [103.870635, -1.962961], [103.870662, -1.962954]]]]}},
{"type": "Feature", "properties": {"ba_code": "4721", "blockid": "H21P10", "division": "05"}, "geometry": {"type": "MultiPolygon", "coordinates": [[[[103.911175, -2.02926], [103.908305, -2.029213], [103.908251, -2.020346], [103.91108, -2.020196], [103.911175, -2.02926]]]]}},
{"type": "Feature", "properties": {"ba_code": "4721", "blockid": "B08P11", "division": "01"}, "geometry": {"type": "MultiPolygon", "coordinates": [[[[103.871425, -1.973892], [103.871452, -1.964565], [103.871479, -1.964587], [103.871509, -1.964608], [103.871523, -1.964607], [103.871562, -1.96463], [103.87159, -1.964637], [103.871631, -1.964659], [103.872176, -1.964974], [103.872676, -1.965268], [103.872981, -1.965447], [103.873264, -1.965605], [103.873368, -1.965545], [103.873684, -1.965751], [103.874493, -1.966332], [103.874387, -1.973911], [103.871425, -1.973892]]]]}},
{"type": "Feature", "properties": {"ba_code": "4721", "blockid": "G34P12", "division": "04"}, "geometry": {"type": "MultiPolygon", "coordinates": [[[[103.944641, -2.019731], [103.944658, -2.010656], [103.94734, -2.010563], [103.947335, -2.019712], [103.944641, -2.019731]]]]}},
{"type": "Feature", "properties": {"ba_code": "4721", "blockid": "E30P12", "division": "04"}, "geometry": {"type": "MultiPolygon", "coordinates": [[[[103.933468, -1.992964], [103.936197, -1.992931], [103.936228, -2.00162], [103.933524, -2.001609], [103.933468, -1.992964]]]]}},
{"type": "Feature", "properties": {"ba_code": "4721", "blockid": "F28P17", "division": "04"}, "geometry": {"type": "MultiPolygon", "coordinates": [[[[103.928064, -2.001739], [103.930607, -2.001736], [103.930649, -2.004947], [103.930638, -2.007344], [103.930626, -2.008206], [103.930649, -2.00891], [103.930667, -2.009329], [103.930661, -2.009527], [103.930649, -2.009725], [103.93063, -2.010881], [103.928095, -2.010896], [103.928064, -2.001739]]]]}},
{"type": "Feature", "properties": {"ba_code": "4721", "blockid": "C31P13", "division": "07"}, "geometry": {"type": "MultiPolygon", "coordinates": [[[[103.93906, -1.974956], [103.936807, -1.977499], [103.936166, -1.977672], [103.936158, -1.974549], [103.936293, -1.974476], [103.939062, -1.974459], [103.93906, -1.974956]]]]}},
{"type": "Feature", "properties": {"ba_code": "4721", "blockid": "F26P17", "division": "05"}, "geometry": {"type": "MultiPolygon", "coordinates": [[[[103.922193, -2.001738], [103.925159, -2.001731], [103.925245, -2.010841], [103.922279, -2.010837], [103.922193, -2.001738]]]]}},
{"type": "Feature", "properties": {"ba_code": "4721", "blockid": "H30P12", "division": "04"}, "geometry": {"type": "MultiPolygon", "coordinates": [[[[103.933561, -2.020017], [103.936256, -2.019956], [103.936198, -2.029556], [103.933617, -2.02956], [103.933561, -2.020017]]]]}},
{"type": "Feature", "properties": {"ba_code": "4721", "blockid": "E35P16", "division": "07"}, "geometry": {"type": "MultiPolygon", "coordinates": [[[[103.950132, -1.993019], [103.950148, -1.997276], [103.947489, -1.997219], [103.947468, -1.996184], [103.950132, -1.993019]]]]}},
{"type": "Feature", "properties": {"ba_code": "4721", "blockid": "D19P09", "division": "02"}, "geometry": {"type": "MultiPolygon", "coordinates": [[[[103.902513, -1.983415], [103.905251, -1.983431], [103.905239, -1.992703], [103.902548, -1.992676], [103.902513, -1.983415]]]]}},
{"type": "Feature", "properties": {"ba_code": "4721", "blockid": "H16P12", "division": "07"}, "geometry": {"type": "MultiPolygon", "coordinates": [[[[103.89692, -2.020574], [103.896946, -2.02899], [103.894275, -2.02895], [103.894296, -2.020686], [103.895963, -2.020593], [103.89692, -2.020574]]]]}},
{"type": "Feature", "properties": {"ba_code": "4721", "blockid": "G16P12", "division": "07"}, "geometry": {"type": "MultiPolygon", "coordinates": [[[[103.89691, -2.011184], [103.896921, -2.020449], [103.894294, -2.020554], [103.894231, -2.011181], [103.89691, -2.011184]]]]}},
{"type": "Feature", "properties": {"ba_code": "4721", "blockid": "E34P13", "division": "03"}, "geometry": {"type": "MultiPolygon", "coordinates": [[[[103.947374, -1.992869], [103.947318, -1.996543], [103.947216, -1.9968], [103.946508, -1.997665], [103.94582, -1.998549], [103.945407, -1.99906], [103.945152, -1.999374], [103.944876, -1.999748], [103.944563, -1.999978], [103.944713, -1.992901], [103.947374, -1.992869]]]]}},
{"type": "Feature", "properties": {"ba_code": "4721", "blockid": "B39P13", "division": "07"}, "geometry": {"type": "MultiPolygon", "coordinates": [[[[103.958567, -1.971465], [103.95869, -1.971337], [103.958569, -1.971321], [103.958572, -1.971162], [103.958568, -1.970395], [103.95897, -1.970381], [103.960623, -1.970328], [103.961183, -1.970326], [103.961107, -1.974551], [103.96068, -1.974556], [103.958577, -1.974562], [103.958558, -1.97203], [103.958567, -1.971465]]]]}},
{"type": "Feature", "properties": {"ba_code": "4721", "blockid": "H13P13", "division": "06"}, "geometry": {"type": "MultiPolygon", "coordinates": [[[[103.885823, -2.023427], [103.888027, -2.023487], [103.888004, -2.026508], [103.885815, -2.026478], [103.885823, -2.023427]]]]}},
{"type": "Feature", "properties": {"ba_code": "4721", "blockid": "C03P12", "division": "06"}, "geometry": {"type": "MultiPolygon", "coordinates": [[[[103.860291, -1.974037], [103.860289, -1.974046], [103.8603, -1.979706], [103.859575, -1.978835], [103.857586, -1.976453], [103.857541, -1.974042], [103.860291, -1.974037]]]]}},
{"type": "Feature", "properties": {"ba_code": "4721", "blockid": "E08P18", "division": "06"}, "geometry": {"type": "MultiPolygon", "coordinates": [[[[103.874106, -1.995364], [103.874077, -1.996898], [103.874077, -1.996895], [103.874059, -1.996897], [103.873999, -1.996899], [103.873937, -1.996901], [103.873873, -1.99689], [103.873813, -1.99689], [103.873752, -1.996896], [103.87369, -1.99689], [103.873634, -1.996896], [103.873573, -1.996898], [103.873511, -1.996896], [103.873447, -1.996902], [103.873389, -1.9969], [103.873328, -1.996904], [103.873274, -1.996899], [103.873211, -1.996902], [103.873155, -1.996901], [103.873102, -1.996907], [103.873044, -1.996899], [103.872994, -1.996908], [103.872938, -1.99691], [103.872891, -1.99691], [103.872839, -1.996904], [103.872785, -1.996908], [103.872727, -1.99691], [103.872675, -1.996916], [103.872638, -1.996911], [103.872614, -1.996917], [103.872583, -1.996923], [103.872573, -1.996923], [103.872545, -1.996858], [103.872344, -1.996541], [103.872304, -1.996351], [103.872369, -1.99614], [103.872364, -1.996127], [103.872348, -1.996102], [103.87231, -1.996092], [103.872277, -1.996082], [103.872237, -1.99607], [103.872215, -1.996063], [103.872218, -1.996037], [103.872217, -1.996004], [103.872214, -1.995996], [103.872211, -1.995975], [103.872205, -1.995946], [103.872201, -1.995934], [103.872219, -1.9959], [103.872222, -1.995896], [103.872224, -1.995859], [103.87225, -1.995832], [103.872269, -1.995841], [103.872311, -1.995842], [103.87236, -1.995829], [103.872627, -1.995801], [103.87263, -1.995801], [103.872632, -1.995794], [103.872637, -1.995788], [103.872655, -1.995767], [103.87266, -1.995721], [103.872669, -1.995633], [103.872677, -1.995605], [103.872666, -1.995564], [103.872694, -1.995475], [103.872718, -1.995466], [103.872726, -1.995423], [103.872734, -1.995369], [103.872738, -1.995349], [103.872738, -1.995339], [103.872736, -1.995316], [103.872746, -1.995317], [103.872751, -1.995317], [103.872783, -1.995319], [103.872834, -1.995329], [103.872886, -1.995333], [103.872942, -1.995326], [103.873003, -1.995329], [103.87306, -1.995328], [103.873123, -1.995329], [103.873181, -1.995328], [103.873244, -1.995329], [103.873299, -1.99533], [103.873358, -1.995339], [103.873418, -1.995333], [103.873472, -1.995333], [103.87352, -1.995337], [103.873575, -1.995343], [103.873638, -1.995339], [103.873695, -1.995341], [103.873746, -1.995343], [103.8738, -1.995344], [103.87386, -1.99535], [103.873923, -1.995356], [103.87398, -1.995351], [103.874032, -1.99536], [103.874106, -1.995364]]], [[[103.874071, -1.997944], [103.874117, -1.997943], [103.874159, -1.997947], [103.874165, -1.998003], [103.874163, -1.998066], [103.874153, -1.99812], [103.874148, -1.998165], [103.874148, -1.998217], [103.874156, -1.998386], [103.874157, -1.998419], [103.874154, -1.998472], [103.874161, -1.998494], [103.874151, -1.998724], [103.874157, -1.998782], [103.87415, -1.998837], [103.87415, -1.998868], [103.874156, -1.998891], [103.874182, -1.998911], [103.874183, -1.999395], [103.874142, -1.99941], [103.873966, -1.999457], [103.873696, -1.999512], [103.87361, -1.999319], [103.873421, -1.999111], [103.873423, -1.998901], [103.873317, -1.998724], [103.873319, -1.998724], [103.87333, -1.998714], [103.873341, -1.998696], [103.873513, -1.998403], [103.873404, -1.998163], [103.873069, -1.998148], [103.873042, -1.998068], [103.873222, -1.997935], [103.873239, -1.997932], [103.873275, -1.997941], [103.873277, -1.997943], [103.873333, -1.997943], [103.873397, -1.997939], [103.873464, -1.997941], [103.873528, -1.997937], [103.873586, -1.997938], [103.873646, -1.997949], [103.873705, -1.997943], [103.873769, -1.997939], [103.873826, -1.997944], [103.87389, -1.997946], [103.873949, -1.997954], [103.873983, -1.997946], [103.874038, -1.99795], [103.874071, -1.997944]]]]}},
{"type": "Feature", "properties": {"ba_code": "4721", "blockid": "C36P13", "division": "03"}, "geometry": {"type": "MultiPolygon", "coordinates": [[[[103.950263, -1.983712], [103.950305, -1.9746], [103.952952, -1.974652], [103.952865, -1.983755], [103.950263, -1.983712]]]]}},
{"type": "Feature", "properties": {"ba_code": "4721", "blockid": "F16P12", "division": "07"}, "geometry": {"type": "MultiPolygon", "coordinates": [[[[103.896829, -2.002433], [103.89691, -2.011058], [103.894231, -2.011055], [103.894174, -2.002413], [103.896829, -2.002433]]]]}},
{"type": "Feature", "properties": {"ba_code": "4721", "blockid": "E14P12", "division": "07"}, "geometry": {"type": "MultiPolygon", "coordinates": [[[[103.88879, -2.002141], [103.88851, -2.002141], [103.88851, -2.001698], [103.888612, -1.993625], [103.888613, -1.992644], [103.888707, -1.992646], [103.891236, -1.992661], [103.891308, -1.992661], [103.891385, -2.001621], [103.891386, -2.002188], [103.891125, -2.002188], [103.88879, -2.002141]]]]}},
{"type": "Feature", "properties": {"ba_code": "4721", "blockid": "F32P12", "division": "04"}, "geometry": {"type": "MultiPolygon", "coordinates": [[[[103.939102, -2.0106], [103.939084, -2.001743], [103.94179, -2.001756], [103.941793, -2.010598], [103.939102, -2.0106]]]]}},
{"type": "Feature", "properties": {"ba_code": "4721", "blockid": "B01P13", "division": "06"}, "geometry": {"type": "MultiPolygon", "coordinates": [[[[103.855106, -1.973553], [103.853511, -1.969448], [103.855106, -1.968953], [103.855106, -1.973553]]]]}},
{"type": "Feature", "properties": {"ba_code": "4721", "blockid": "E29P11", "division": "04"}, "geometry": {"type": "MultiPolygon", "coordinates": [[[[103.930644, -1.992985], [103.933374, -1.992965], [103.933429, -2.001609], [103.930702, -2.001606], [103.930644, -1.992985]]]]}},
{"type": "Feature", "properties": {"ba_code": "4721", "blockid": "F18P10", "division": "05"}, "geometry": {"type": "MultiPolygon", "coordinates": [[[[103.902541, -2.001821], [103.902547, -2.010996], [103.899797, -2.011029], [103.899729, -2.001821], [103.902541, -2.001821]]]]}},
{"type": "Feature", "properties": {"ba_code": "4721", "blockid": "G28P18", "division": "04"}, "geometry": {"type": "MultiPolygon", "coordinates": [[[[103.928093, -2.011025], [103.93063, -2.011011], [103.930633, -2.011402], [103.930686, -2.012277], [103.93069, -2.014224], [103.930686, -2.017401], [103.930689, -2.019241], [103.93064, -2.019909], [103.927955, -2.01988], [103.92807, -2.019443], [103.928151, -2.018896], [103.928157, -2.018693], [103.928151, -2.018151], [103.928145, -2.016871], [103.928175, -2.016277], [103.92814, -2.015701], [103.928157, -2.015288], [103.928151, -2.01445], [103.928134, -2.013693], [103.928145, -2.012908], [103.928151, -2.012606], [103.928093, -2.011025]]]]}},
{"type": "Feature", "properties": {"ba_code": "4721", "blockid": "B08P18", "division": "06"}, "geometry": {"type": "MultiPolygon", "coordinates": [[[[103.872361, -1.965083], [103.873919, -1.963526], [103.87392, -1.963549], [103.876437, -1.963665], [103.87588, -1.964026], [103.875374, -1.964332], [103.874802, -1.964718], [103.87437, -1.96495], [103.87393, -1.965223], [103.873911, -1.965234], [103.873556, -1.965436], [103.873264, -1.965605], [103.872981, -1.965447], [103.872676, -1.965268], [103.872361, -1.965083]]]]}},
{"type": "Feature", "properties": {"ba_code": "4721", "blockid": "E23P09", "division": "02"}, "geometry": {"type": "MultiPolygon", "coordinates": [[[[103.91378, -1.99287], [103.916464, -1.992867], [103.916532, -2.00163], [103.913832, -2.001632], [103.91378, -1.99287]]]]}},
{"type": "Feature", "properties": {"ba_code": "4721", "blockid": "D32P12", "division": "03"}, "geometry": {"type": "MultiPolygon", "coordinates": [[[[103.939067, -1.992786], [103.93913, -1.983625], [103.941689, -1.983673], [103.941783, -1.992789], [103.939067, -1.992786]]]]}},
{"type": "Feature", "properties": {"ba_code": "4721", "blockid": "E17P12", "division": "07"}, "geometry": {"type": "MultiPolygon", "coordinates": [[[[103.896898, -1.992703], [103.896995, -1.992704], [103.899414, -1.992722], [103.899666, -1.992727], [103.899669, -2.000799], [103.89967, -2.001718], [103.898278, -2.00207], [103.897343, -2.002279], [103.897068, -2.002307], [103.896918, -2.002321], [103.896898, -1.992703]]]]}},
{"type": "Feature", "properties": {"ba_code": "4721", "blockid": "E09P18", "division": "06"}, "geometry": {"type": "MultiPolygon", "coordinates": [[[[103.874193, -1.999392], [103.874183, -1.999395], [103.874182, -1.998911], [103.874191, -1.998918], [103.874192, -1.998918], [103.874201, -1.998917], [103.874209, -1.998917], [103.874241, -1.998916], [103.874287, -1.998932], [103.874332, -1.9989], [103.874378, -1.99888], [103.874426, -1.998879], [103.874467, -1.998878], [103.874502, -1.99887], [103.874545, -1.998872], [103.874585, -1.998879], [103.874631, -1.998882], [103.874681, -1.998887], [103.87473, -1.998885], [103.874771, -1.998877], [103.874811, -1.998874], [103.874833, -1.998859], [103.874875, -1.998857], [103.874909, -1.998863], [103.874948, -1.998859], [103.874994, -1.998864], [103.875028, -1.998865], [103.875049, -1.998858], [103.875061, -1.998859], [103.875072, -1.998857], [103.87508, -1.998864], [103.875092, -1.998869], [103.875121, -1.998874], [103.875154, -1.998879], [103.875185, -1.998895], [103.875205, -1.998898], [103.875221, -1.998907], [103.875214, -1.998931], [103.875195, -1.998937], [103.87518, -1.998947], [103.875159, -1.998957], [103.875153, -1.998972], [103.875154, -1.998972], [103.874803, -1.999101], [103.874519, -1.999276], [103.87421, -1.999386], [103.874202, -1.999389], [103.874193, -1.999392]]]]}},
{"type": "Feature", "properties": {"ba_code": "4721", "blockid": "C15P09", "division": "01"}, "geometry": {"type": "MultiPolygon", "coordinates": [[[[103.89403, -1.983285], [103.891291, -1.98327], [103.891351, -1.974019], [103.893997, -1.974041], [103.89403, -1.983285]]]]}},
{"type": "Feature", "properties": {"ba_code": "4721", "blockid": "H32P13", "division": "04"}, "geometry": {"type": "MultiPolygon", "coordinates": [[[[103.939111, -2.01991], [103.941773, -2.01989], [103.941849, -2.029614], [103.939112, -2.029568], [103.939111, -2.01991]]]]}},
{"type": "Feature", "properties": {"ba_code": "4721", "blockid": "H11P12", "division": "06"}, "geometry": {"type": "MultiPolygon", "coordinates": [[[[103.879505, -2.027031], [103.882397, -2.027031], [103.882331, -2.028163], [103.881016, -2.028555], [103.879527, -2.028488], [103.879505, -2.027031]]]]}},
{"type": "Feature", "properties": {"ba_code": "4721", "blockid": "H35P13", "division": "04"}, "geometry": {"type": "MultiPolygon", "coordinates": [[[[103.947567, -2.02971], [103.947431, -2.019843], [103.950166, -2.019833], [103.950353, -2.029759], [103.947567, -2.02971]]]]}},
{"type": "Feature", "properties": {"ba_code": "4721", "blockid": "H36P13", "division": "04"}, "geometry": {"type": "MultiPolygon", "coordinates": [[[[103.950262, -2.019833], [103.952979, -2.019867], [103.952997, -2.021417], [103.952743, -2.021996], [103.952389, -2.022664], [103.952015, -2.02343], [103.951897, -2.023804], [103.951681, -2.024983], [103.951543, -2.026005], [103.951288, -2.027086], [103.951111, -2.028147], [103.950855, -2.028835], [103.950698, -2.029169], [103.950447, -2.0297], [103.950262, -2.019833]]]]}},
{"type": "Feature", "properties": {"ba_code": "4721", "blockid": "C07P09", "division": "01"}, "geometry": {"type": "MultiPolygon", "coordinates": [[[[103.868775, -1.978613], [103.868808, -1.97404], [103.871333, -1.974028], [103.87139, -1.978607], [103.868775, -1.978613]]]]}},
{"type": "Feature", "properties": {"ba_code": "4721", "blockid": "C35P12", "division": "03"}, "geometry": {"type": "MultiPolygon", "coordinates": [[[[103.950207, -1.975174], [103.947506, -1.975174], [103.947511, -1.974552], [103.95021, -1.9746], [103.950207, -1.975174]]]]}},
{"type": "Feature", "properties": {"ba_code": "4721", "blockid": "B32P13", "division": "07"}, "geometry": {"type": "MultiPolygon", "coordinates": [[[[103.939151, -1.970147], [103.941551, -1.97011], [103.939536, -1.97433], [103.939158, -1.974327], [103.939151, -1.970147]]]]}},
{"type": "Feature", "properties": {"ba_code": "4721", "blockid": "F23P10", "division": "05"}, "geometry": {"type": "MultiPolygon", "coordinates": [[[[103.913806, -2.002327], [103.914697, -2.002327], [103.914704, -2.001757], [103.916532, -2.001761], [103.916589, -2.010904], [103.91386, -2.010902], [103.913806, -2.002327]]]]}},
{"type": "Feature", "properties": {"ba_code": "4721", "blockid": "E21P09", "division": "02"}, "geometry": {"type": "MultiPolygon", "coordinates": [[[[103.910882, -1.99283], [103.910883, -1.992993], [103.910908, -2.001477], [103.910909, -2.001681], [103.908261, -2.00168], [103.908186, -2.00168], [103.908186, -2.001596], [103.908132, -1.992808], [103.908205, -1.992807], [103.910882, -1.99283]]]]}},
{"type": "Feature", "properties": {"ba_code": "4721", "blockid": "G29P18", "division": "04"}, "geometry": {"type": "MultiPolygon", "coordinates": [[[[103.930725, -2.011011], [103.933462, -2.010843], [103.933466, -2.019886], [103.930735, -2.019909], [103.930789, -2.019258], [103.930785, -2.012321], [103.930725, -2.011011]]]]}},
{"type": "Feature", "properties": {"ba_code": "4721", "blockid": "H28P12", "division": "04"}, "geometry": {"type": "MultiPolygon", "coordinates": [[[[103.927957, -2.020009], [103.93064, -2.02004], [103.930637, -2.021567], [103.930661, -2.022814], [103.930673, -2.023828], [103.930704, -2.025326], [103.930728, -2.027], [103.930721, -2.027722], [103.930732, -2.029077], [103.93072, -2.02958], [103.928045, -2.029564], [103.927957, -2.020009]]]]}},
{"type": "Feature", "properties": {"ba_code": "4721", "blockid": "C11P09", "division": "01"}, "geometry": {"type": "MultiPolygon", "coordinates": [[[[103.880049, -1.974038], [103.882625, -1.974041], [103.882564, -1.983237], [103.879906, -1.983244], [103.879906, -1.983154], [103.879906, -1.98307], [103.880046, -1.974289], [103.880049, -1.974038]]]]}},
{"type": "Feature", "properties": {"ba_code": "4721", "blockid": "C10P08", "division": "01"}, "geometry": {"type": "MultiPolygon", "coordinates": [[[[103.877148, -1.974047], [103.879953, -1.974049], [103.879818, -1.98317], [103.877071, -1.983209], [103.877148, -1.974047]]]]}},
{"type": "Feature", "properties": {"ba_code": "4721", "blockid": "D27P11", "division": "03"}, "geometry": {"type": "MultiPolygon", "coordinates": [[[[103.925031, -1.98353], [103.927868, -1.98355], [103.927915, -1.992842], [103.925158, -1.992804], [103.925031, -1.98353]]]]}},
{"type": "Feature", "properties": {"ba_code": "4721", "blockid": "H37P13", "division": "04"}, "geometry": {"type": "MultiPolygon", "coordinates": [[[[103.953075, -2.019867], [103.953934, -2.019876], [103.953093, -2.021277], [103.953075, -2.019867]]]]}},
{"type": "Feature", "properties": {"ba_code": "4721", "blockid": "E28P11", "division": "04"}, "geometry": {"type": "MultiPolygon", "coordinates": [[[[103.92801, -1.992972], [103.930549, -1.992986], [103.930607, -2.001607], [103.928064, -2.001608], [103.92801, -1.992972]]]]}},
{"type": "Feature", "properties": {"ba_code": "4721", "blockid": "E11P12", "division": "06"}, "geometry": {"type": "MultiPolygon", "coordinates": [[[[103.879972, -1.992595], [103.882512, -1.992611], [103.882406, -2.001703], [103.882406, -2.002127], [103.879557, -2.002056], [103.879557, -2.001796], [103.879752, -1.99319], [103.879752, -1.992594], [103.879972, -1.992595]]]]}},
{"type": "Feature", "properties": {"ba_code": "4721", "blockid": "C20P12", "division": "02"}, "geometry": {"type": "MultiPolygon", "coordinates": [[[[103.905348, -1.977448], [103.907704, -1.979402], [103.90803, -1.979214], [103.908008, -1.983287], [103.908008, -1.983365], [103.905315, -1.983349], [103.905315, -1.983285], [103.905348, -1.977448]]]]}},
{"type": "Feature", "properties": {"ba_code": "4721", "blockid": "D07P08", "division": "01"}, "geometry": {"type": "MultiPolygon", "coordinates": [[[[103.869134, -1.983795], [103.869481, -1.983792], [103.869481, -1.983788], [103.870568, -1.983802], [103.870569, -1.983804], [103.871441, -1.983799], [103.871364, -1.992367], [103.868695, -1.987249], [103.868736, -1.983796], [103.869134, -1.983795]]]]}},
{"type": "Feature", "properties": {"ba_code": "4721", "blockid": "G36P12", "division": "04"}, "geometry": {"type": "MultiPolygon", "coordinates": [[[[103.952922, -2.014865], [103.950274, -2.014865], [103.950284, -2.010749], [103.950654, -2.010785], [103.951268, -2.010793], [103.9517, -2.010793], [103.952074, -2.010793], [103.952389, -2.010793], [103.952526, -2.010931], [103.952782, -2.011206], [103.952881, -2.011317], [103.952922, -2.014865]]]]}},
{"type": "Feature", "properties": {"ba_code": "4721", "blockid": "D38P13", "division": "07"}, "geometry": {"type": "MultiPolygon", "coordinates": [[[[103.955748, -1.983927], [103.956754, -1.983927], [103.957038, -1.984531], [103.955762, -1.98615], [103.955748, -1.983927]]]]}},
{"type": "Feature", "properties": {"ba_code": "4721", "blockid": "C16P09", "division": "01"}, "geometry": {"type": "MultiPolygon", "coordinates": [[[[103.89406, -1.974041], [103.896783, -1.974061], [103.896816, -1.983302], [103.894095, -1.983286], [103.89406, -1.974041]]]]}},
{"type": "Feature", "properties": {"ba_code": "4721", "blockid": "D31P12", "division": "03"}, "geometry": {"type": "MultiPolygon", "coordinates": [[[[103.936293, -1.9928], [103.936182, -1.983578], [103.939034, -1.983625], [103.938971, -1.992786], [103.936293, -1.9928]]]]}},
{"type": "Feature", "properties": {"ba_code": "4721", "blockid": "C35P13", "division": "03"}, "geometry": {"type": "MultiPolygon", "coordinates": [[[[103.947438, -1.983665], [103.947506, -1.975174], [103.950207, -1.975174], [103.950166, -1.983712], [103.947438, -1.983665]]]]}},
{"type": "Feature", "properties": {"ba_code": "4721", "blockid": "H25P19", "division": "05"}, "geometry": {"type": "MultiPolygon", "coordinates": [[[[103.922177, -2.020064], [103.922119, -2.029487], [103.919605, -2.029453], [103.919515, -2.020095], [103.922177, -2.020064]]]]}},
{"type": "Feature", "properties": {"ba_code": "4721", "blockid": "F27P17", "division": "05"}, "geometry": {"type": "MultiPolygon", "coordinates": [[[[103.925339, -2.010841], [103.925252, -2.00173], [103.92797, -2.001739], [103.928, -2.010896], [103.925339, -2.010841]]]]}},
{"type": "Feature", "properties": {"ba_code": "4721", "blockid": "B07P11", "division": "01"}, "geometry": {"type": "MultiPolygon", "coordinates": [[[[103.870189, -1.9739], [103.868808, -1.973909], [103.868804, -1.969466], [103.8688, -1.96526], [103.869033, -1.965191], [103.869884, -1.964864], [103.870822, -1.964601], [103.871355, -1.964502], [103.871344, -1.973893], [103.870189, -1.9739]]], [[[103.876009, -1.967152], [103.874489, -1.973659], [103.87459, -1.966371], [103.876009, -1.967152]]]]}},
{"type": "Feature", "properties": {"ba_code": "4721", "blockid": "H12P12", "division": "06"}, "geometry": {"type": "MultiPolygon", "coordinates": [[[[103.882478, -2.020947], [103.885624, -2.020898], [103.885636, -2.02699], [103.882479, -2.02699], [103.882478, -2.020947]]]]}},
{"type": "Feature", "properties": {"ba_code": "4721", "blockid": "E33P16", "division": "07"}, "geometry": {"type": "MultiPolygon", "coordinates": [[[[103.944578, -2.000081], [103.944582, -2.001671], [103.943082, -2.001669], [103.944578, -2.000081]]]]}},
{"type": "Feature", "properties": {"ba_code": "4721", "blockid": "F35P12", "division": "04"}, "geometry": {"type": "MultiPolygon", "coordinates": [[[[103.947436, -2.010432], [103.947453, -2.006725], [103.947708, -2.00698], [103.948279, -2.007668], [103.948554, -2.008022], [103.948987, -2.008513], [103.949223, -2.008828], [103.949341, -2.008946], [103.94946, -2.010425], [103.947436, -2.010432]]]]}},
{"type": "Feature", "properties": {"ba_code": "4721", "blockid": "C07P12", "division": "01"}, "geometry": {"type": "MultiPolygon", "coordinates": [[[[103.868765, -1.980173], [103.868768, -1.978613], [103.87139, -1.978607], [103.871393, -1.980173], [103.868765, -1.980173]]]]}},
{"type": "Feature", "properties": {"ba_code": "4721", "blockid": "F13P12", "division": "06"}, "geometry": {"type": "MultiPolygon", "coordinates": [[[[103.88849, -2.011115], [103.885737, -2.011175], [103.885681, -2.002302], [103.888415, -2.002279], [103.88849, -2.011115]]]]}},
{"type": "Feature", "properties": {"ba_code": "4721", "blockid": "E16P12", "division": "07"}, "geometry": {"type": "MultiPolygon", "coordinates": [[[[103.894245, -1.992682], [103.896832, -1.992703], [103.896849, -2.002287], [103.894177, -2.002275], [103.894154, -1.992682], [103.894245, -1.992682]]]]}},
{"type": "Feature", "properties": {"ba_code": "4721", "blockid": "B37P13", "division": "03"}, "geometry": {"type": "MultiPolygon", "coordinates": [[[[103.955458, -1.970896], [103.955458, -1.971191], [103.955441, -1.971667], [103.955509, -1.972227], [103.955641, -1.974562], [103.953048, -1.974521], [103.953046, -1.970564], [103.953046, -1.970497], [103.95316, -1.970487], [103.953301, -1.970461], [103.953878, -1.970411], [103.954116, -1.970377], [103.955475, -1.970529], [103.955458, -1.970818], [103.955458, -1.970896]]]]}},
{"type": "Feature", "properties": {"ba_code": "4721", "blockid": "C05P12", "division": "06"}, "geometry": {"type": "MultiPolygon", "coordinates": [[[[103.865922, -1.97402], [103.865879, -1.981593], [103.863204, -1.981565], [103.86318, -1.974045], [103.865922, -1.97402]]]]}},
{"type": "Feature", "properties": {"ba_code": "4721", "blockid": "C19P12", "division": "02"}, "geometry": {"type": "MultiPolygon", "coordinates": [[[[103.902472, -1.975183], [103.903983, -1.976316], [103.905285, -1.977395], [103.905251, -1.983351], [103.902512, -1.983332], [103.902513, -1.983187], [103.902472, -1.975183]]]]}},
{"type": "Feature", "properties": {"ba_code": "4721", "blockid": "D38P13", "division": "07"}, "geometry": {"type": "MultiPolygon", "coordinates": [[[[103.955771, -1.98631], [103.957143, -1.98454], [103.956843, -1.983927], [103.957959, -1.983961], [103.958003, -1.988927], [103.958005, -1.988994], [103.957983, -1.988993], [103.957963, -1.98899], [103.957915, -1.988987], [103.957876, -1.989], [103.957835, -1.989005], [103.957803, -1.989043], [103.95771, -1.989128], [103.957543, -1.989333], [103.957381, -1.98953], [103.957209, -1.989761], [103.956878, -1.990193], [103.956309, -1.990585], [103.956258, -1.990641], [103.956315, -1.990841], [103.955867, -1.991447], [103.955852, -1.991168], [103.955771, -1.98631]]]]}},
{"type": "Feature", "properties": {"ba_code": "4721", "blockid": "E31P12", "division": "03"}, "geometry": {"type": "MultiPolygon", "coordinates": [[[[103.936323, -2.00162], [103.936293, -1.992931], [103.938971, -1.992917], [103.938989, -2.001612], [103.936323, -2.00162]]]]}},
{"type": "Feature", "properties": {"ba_code": "4721", "blockid": "D37P13", "division": "07"}, "geometry": {"type": "MultiPolygon", "coordinates": [[[[103.953038, -1.989665], [103.953982, -1.988624], [103.955653, -1.986462], [103.955732, -1.991237], [103.955693, -1.991375], [103.955594, -1.991572], [103.955358, -1.991906], [103.95475, -1.992663], [103.954674, -1.99277], [103.953084, -1.992782], [103.953073, -1.99269], [103.953038, -1.989665]]]]}},
{"type": "Feature", "properties": {"ba_code": "4721", "blockid": "B34P12", "division": "03"}, "geometry": {"type": "MultiPolygon", "coordinates": [[[[103.944774, -1.974384], [103.944791, -1.970003], [103.947067, -1.970071], [103.947492, -1.970105], [103.947415, -1.974421], [103.944774, -1.974384]]]]}},
{"type": "Feature", "properties": {"ba_code": "4721", "blockid": "G37P13", "division": "04"}, "geometry": {"type": "MultiPolygon", "coordinates": [[[[103.95302, -2.011735], [103.953018, -2.011442], [103.955162, -2.013328], [103.956853, -2.014783], [103.956655, -2.015133], [103.955122, -2.017848], [103.953965, -2.019746], [103.953075, -2.019736], [103.95302, -2.011735]]]]}},
{"type": "Feature", "properties": {"ba_code": "4721", "blockid": "G25P17", "division": "05"}, "geometry": {"type": "MultiPolygon", "coordinates": [[[[103.922185, -2.010968], [103.922179, -2.019915], [103.919529, -2.019969], [103.919446, -2.011006], [103.922185, -2.010968]]]]}},
{"type": "Feature", "properties": {"ba_code": "4721", "blockid": "B06P18", "division": "06"}, "geometry": {"type": "MultiPolygon", "coordinates": [[[[103.868621, -1.963455], [103.868694, -1.964733], [103.868688, -1.964733], [103.868501, -1.964752], [103.868484, -1.964775], [103.867926, -1.965226], [103.867629, -1.965467], [103.86759, -1.965502], [103.867549, -1.965536], [103.867522, -1.965577], [103.867486, -1.965599], [103.867459, -1.965606], [103.867444, -1.965574], [103.867448, -1.965566], [103.867447, -1.96552], [103.867449, -1.965465], [103.867457, -1.96541], [103.867453, -1.965351], [103.867463, -1.965304], [103.86746, -1.965254], [103.867456, -1.965202], [103.86746, -1.965148], [103.86747, -1.965099], [103.867472, -1.965048], [103.867456, -1.965029], [103.867449, -1.965034], [103.866975, -1.965011], [103.866942, -1.965019], [103.866943, -1.965002], [103.866936, -1.964951], [103.866943, -1.964898], [103.866935, -1.964854], [103.866942, -1.964812], [103.866946, -1.964764], [103.866935, -1.96471], [103.866925, -1.964673], [103.866926, -1.964625], [103.866927, -1.964575], [103.866923, -1.964525], [103.866916, -1.964491], [103.86692, -1.96427], [103.866921, -1.964219], [103.866922, -1.964163], [103.866918, -1.964116], [103.866919, -1.964068], [103.866928, -1.964027], [103.866922, -1.963966], [103.866965, -1.963951], [103.867015, -1.963961], [103.867067, -1.963957], [103.867119, -1.963978], [103.867155, -1.963961], [103.867189, -1.963921], [103.867244, -1.963931], [103.867286, -1.963946], [103.867483, -1.963867], [103.867501, -1.963833], [103.86752, -1.963802], [103.867522, -1.963763], [103.867536, -1.963714], [103.867572, -1.963708], [103.86762, -1.963705], [103.867661, -1.963707], [103.867713, -1.963716], [103.867756, -1.963732], [103.868163, -1.963655], [103.868198, -1.963633], [103.868473, -1.963482], [103.868507, -1.963475], [103.868521, -1.963469], [103.868621, -1.963455]]]]}},
{"type": "Feature", "properties": {"ba_code": "4721", "blockid": "G10P13", "division": "06"}, "geometry": {"type": "MultiPolygon", "coordinates": [[[[103.877829, -2.014643], [103.879352, -2.014767], [103.879365, -2.018579], [103.87786, -2.018571], [103.877803, -2.019048], [103.877766, -2.019048], [103.877829, -2.014643]]]]}},
{"type": "Feature", "properties": {"ba_code": "4721", "blockid": "D11P08", "division": "01"}, "geometry": {"type": "MultiPolygon", "coordinates": [[[[103.879912, -1.983296], [103.882599, -1.983322], [103.882499, -1.992483], [103.879802, -1.992439], [103.879912, -1.983296]]]]}},
{"type": "Feature", "properties": {"ba_code": "4721", "blockid": "F30P18", "division": "04"}, "geometry": {"type": "MultiPolygon", "coordinates": [[[[103.933537, -2.005371], [103.936237, -2.005371], [103.93625, -2.010618], [103.933557, -2.010712], [103.933537, -2.005371]]]]}},
{"type": "Feature", "properties": {"ba_code": "4721", "blockid": "C27P17", "division": "03"}, "geometry": {"type": "MultiPolygon", "coordinates": [[[[103.925031, -1.983399], [103.924968, -1.974944], [103.925224, -1.975088], [103.925375, -1.975168], [103.925605, -1.975328], [103.925825, -1.975458], [103.926126, -1.975639], [103.926397, -1.975789], [103.926467, -1.975839], [103.926527, -1.975869], [103.926677, -1.975959], [103.926868, -1.976079], [103.926948, -1.976139], [103.927258, -1.97634], [103.927549, -1.97651], [103.92785, -1.976733], [103.927868, -1.983419], [103.925031, -1.983399]]]]}},
{"type": "Feature", "properties": {"ba_code": "4721", "blockid": "H34P13", "division": "04"}, "geometry": {"type": "MultiPolygon", "coordinates": [[[[103.944668, -2.02966], [103.944641, -2.019862], [103.947335, -2.019843], [103.947471, -2.02971], [103.944668, -2.02966]]]]}},
{"type": "Feature", "properties": {"ba_code": "4721", "blockid": "E35P19", "division": "07"}, "geometry": {"type": "MultiPolygon", "coordinates": [[[[103.950151, -1.998866], [103.950149, -1.998869], [103.950037, -1.999028], [103.950034, -1.999029], [103.949822, -1.999336], [103.949822, -1.999334], [103.949619, -1.999621], [103.949622, -1.999625], [103.949614, -1.999634], [103.949284, -2.000172], [103.949281, -2.000203], [103.949152, -2.000402], [103.949151, -2.000411], [103.948903, -2.000651], [103.948908, -2.000656], [103.948706, -2.000864], [103.948548, -2.000921], [103.94847, -2.001026], [103.948447, -2.001073], [103.948432, -2.001132], [103.948403, -2.001175], [103.948409, -2.001209], [103.948413, -2.001211], [103.94841, -2.001217], [103.948401, -2.001239], [103.948369, -2.00127], [103.948346, -2.001295], [103.948356, -2.001333], [103.94827, -2.001507], [103.948269, -2.001507], [103.948242, -2.001542], [103.948219, -2.001582], [103.948198, -2.001622], [103.948184, -2.001669], [103.948167, -2.001714], [103.948139, -2.001747], [103.948119, -2.001787], [103.948103, -2.001821], [103.94811, -2.001829], [103.948111, -2.001829], [103.948052, -2.001926], [103.948032, -2.001925], [103.948014, -2.001917], [103.94797, -2.001903], [103.947916, -2.001891], [103.947862, -2.001884], [103.947813, -2.001882], [103.947764, -2.001878], [103.947717, -2.001869], [103.947664, -2.001865], [103.94762, -2.001862], [103.947576, -2.00186], [103.947531, -2.001856], [103.947484, -2.00185], [103.947452, -2.001851], [103.947442, -2.001849], [103.947433, -2.001849], [103.947423, -2.001848], [103.947411, -2.001815], [103.947416, -2.00177], [103.947421, -2.00149], [103.947414, -2.001463], [103.947408, -2.001425], [103.94741, -2.001376], [103.947411, -2.001328], [103.947412, -2.001277], [103.947411, -2.001226], [103.947412, -2.001169], [103.947412, -2.001126], [103.947413, -2.001072], [103.947415, -2.001023], [103.947419, -2.000973], [103.947418, -2.000928], [103.94744, -2.000881], [103.947444, -2.000835], [103.947446, -2.00079], [103.947442, -2.000747], [103.947441, -2.000705], [103.94744, -2.000662], [103.947422, -2.00058], [103.947423, -2.000531], [103.947426, -2.000488], [103.94743, -2.000441], [103.947441, -2.000393], [103.947445, -2.000347], [103.947428, -2.000305], [103.947426, -2.000257], [103.947425, -2.000209], [103.947425, -2.000163], [103.947434, -2.000032], [103.947446, -1.999989], [103.947453, -1.999939], [103.947449, -1.99989], [103.947441, -1.999838], [103.947432, -1.999799], [103.947447, -1.999726], [103.947448, -1.999673], [103.947447, -1.999624], [103.947444, -1.999587], [103.947443, -1.99954], [103.947443, -1.9995], [103.94744, -1.999477], [103.947437, -1.999464], [103.947433, -1.999395], [103.947428, -1.99915], [103.947426, -1.999091], [103.947421, -1.999046], [103.947427, -1.998995], [103.947426, -1.998951], [103.94745, -1.998898], [103.947445, -1.998851], [103.947438, -1.998802], [103.947436, -1.998762], [103.947453, -1.998574], [103.947457, -1.998532], [103.947454, -1.998485], [103.947451, -1.998436], [103.947453, -1.998389], [103.947453, -1.9983], [103.947448, -1.998252], [103.947446, -1.998206], [103.947444, -1.998162], [103.947442, -1.99812], [103.947445, -1.998072], [103.947442, -1.998026], [103.947446, -1.997977], [103.947447, -1.997931], [103.947456, -1.997885], [103.947455, -1.997839], [103.947459, -1.997795], [103.947459, -1.997759], [103.947476, -1.997209], [103.947675, -1.997219], [103.948223, -1.997236], [103.948989, -1.99727], [103.949529, -1.997298], [103.950057, -1.99733], [103.950106, -1.997338], [103.950148, -1.997337], [103.95015, -1.997337], [103.950151, -1.997337], [103.950152, -1.998864], [103.950151, -1.998866]]]]}},
{"type": "Feature", "properties": {"ba_code": "4721", "blockid": "B07P19", "division": "06"}, "geometry": {"type": "MultiPolygon", "coordinates": [[[[103.870662, -1.964498], [103.870662, -1.962954], [103.870679, -1.96295], [103.870718, -1.962922], [103.870757, -1.962934], [103.870803, -1.962943], [103.870846, -1.962952], [103.870887, -1.962969], [103.870923, -1.963001], [103.870933, -1.963049], [103.870953, -1.963086], [103.870963, -1.963101], [103.870965, -1.963109], [103.870974, -1.963118], [103.871398, -1.963153], [103.871418, -1.963155], [103.87159, -1.96292], [103.871493, -1.962771], [103.871514, -1.962754], [103.87154, -1.962723], [103.871557, -1.962707], [103.871559, -1.962696], [103.871559, -1.962693], [103.871568, -1.962679], [103.87161, -1.962657], [103.871654, -1.962647], [103.871708, -1.962663], [103.871749, -1.962669], [103.87179, -1.962685], [103.871831, -1.962661], [103.871859, -1.96262], [103.871877, -1.962574], [103.8719, -1.962568], [103.871399, -1.964546], [103.871398, -1.964546], [103.871383, -1.964549], [103.871338, -1.96453], [103.871279, -1.964524], [103.870695, -1.964498], [103.870662, -1.964498]]]]}},
{"type": "Feature", "properties": {"ba_code": "4721", "blockid": "C29P13", "division": "07"}, "geometry": {"type": "MultiPolygon", "coordinates": [[[[103.930691, -1.978298], [103.933325, -1.977009], [103.933328, -1.978437], [103.931613, -1.978899], [103.930691, -1.978298]]]]}},
{"type": "Feature", "properties": {"ba_code": "4721", "blockid": "E36P13", "division": "07"}, "geometry": {"type": "MultiPolygon", "coordinates": [[[[103.952987, -1.992834], [103.953017, -1.994294], [103.950206, -1.992915], [103.950236, -1.992864], [103.952987, -1.992834]]]]}},
{"type": "Feature", "properties": {"ba_code": "4721", "blockid": "D22P10", "division": "02"}, "geometry": {"type": "MultiPolygon", "coordinates": [[[[103.910854, -1.983462], [103.913521, -1.983478], [103.913672, -1.992757], [103.910946, -1.992749], [103.910946, -1.992588], [103.910854, -1.983462]]]]}},
{"type": "Feature", "properties": {"ba_code": "4721", "blockid": "C08P08", "division": "01"}, "geometry": {"type": "MultiPolygon", "coordinates": [[[[103.871543, -1.983196], [103.871478, -1.978027], [103.871427, -1.974028], [103.874387, -1.974042], [103.874294, -1.983198], [103.873092, -1.983197], [103.871543, -1.983196]]]]}},
{"type": "Feature", "properties": {"ba_code": "4721", "blockid": "H29P12", "division": "04"}, "geometry": {"type": "MultiPolygon", "coordinates": [[[[103.930735, -2.02004], [103.933466, -2.020017], [103.933521, -2.02956], [103.930816, -2.02958], [103.93084, -2.025539], [103.930735, -2.02004]]]]}},
{"type": "Feature", "properties": {"ba_code": "4721", "blockid": "B33P12", "division": "03"}, "geometry": {"type": "MultiPolygon", "coordinates": [[[[103.941744, -1.974347], [103.941798, -1.970106], [103.944706, -1.97002], [103.944678, -1.974384], [103.941744, -1.974347]]]]}},
{"type": "Feature", "properties": {"ba_code": "4721", "blockid": "H11P13", "division": "06"}, "geometry": {"type": "MultiPolygon", "coordinates": [[[[103.882002, -2.026181], [103.880395, -2.026175], [103.880397, -2.024295], [103.882393, -2.024297], [103.882387, -2.02618], [103.882002, -2.026181]]]]}},
{"type": "Feature", "properties": {"ba_code": "4721", "blockid": "D20P10", "division": "02"}, "geometry": {"type": "MultiPolygon", "coordinates": [[[[103.905315, -1.983431], [103.908008, -1.983447], [103.908069, -1.992725], [103.905303, -1.992706], [103.905303, -1.992555], [103.905315, -1.983431]]]]}},
{"type": "Feature", "properties": {"ba_code": "4721", "blockid": "D14P09", "division": "01"}, "geometry": {"type": "MultiPolygon", "coordinates": [[[[103.888618, -1.992565], [103.888668, -1.983338], [103.891229, -1.983353], [103.891306, -1.992581], [103.888618, -1.992565]]]]}},
{"type": "Feature", "properties": {"ba_code": "4721", "blockid": "E35P13", "division": "03"}, "geometry": {"type": "MultiPolygon", "coordinates": [[[[103.94747, -1.992869], [103.950117, -1.99289], [103.948239, -1.995247], [103.947964, -1.995581], [103.947898, -1.995673], [103.947468, -1.996184], [103.94747, -1.996271], [103.947416, -1.996346], [103.94747, -1.992869]]]]}},
{"type": "Feature", "properties": {"ba_code": "4721", "blockid": "B35P13", "division": "03"}, "geometry": {"type": "MultiPolygon", "coordinates": [[[[103.947511, -1.974421], [103.947594, -1.970122], [103.949377, -1.97019], [103.950226, -1.970275], [103.950209, -1.974468], [103.947511, -1.974421]]]]}},
{"type": "Feature", "properties": {"ba_code": "4721", "blockid": "G36P13", "division": "04"}, "geometry": {"type": "MultiPolygon", "coordinates": [[[[103.950262, -2.019702], [103.950274, -2.014865], [103.952922, -2.014865], [103.952979, -2.019736], [103.950262, -2.019702]]]]}},
{"type": "Feature", "properties": {"ba_code": "4721", "blockid": "G10P12", "division": "06"}, "geometry": {"type": "MultiPolygon", "coordinates": [[[[103.879366, -2.018624], [103.879391, -2.020895], [103.877279, -2.020895], [103.87729, -2.01907], [103.877833, -2.019063], [103.877891, -2.018617], [103.879366, -2.018624]]]]}},
{"type": "Feature", "properties": {"ba_code": "4721", "blockid": "G13P12", "division": "06"}, "geometry": {"type": "MultiPolygon", "coordinates": [[[[103.888531, -2.020689], [103.885819, -2.020793], [103.885745, -2.011288], [103.888491, -2.01124], [103.888531, -2.020689]]]]}},
{"type": "Feature", "properties": {"ba_code": "4721", "blockid": "E37P13", "division": "07"}, "geometry": {"type": "MultiPolygon", "coordinates": [[[[103.953404, -1.994521], [103.953348, -1.99448], [103.953118, -1.994324], [103.95309, -1.992884], [103.954709, -1.992851], [103.954709, -1.992853], [103.953404, -1.994521]]]]}},
{"type": "Feature", "properties": {"ba_code": "4721", "blockid": "C04P12", "division": "06"}, "geometry": {"type": "MultiPolygon", "coordinates": [[[[103.863107, -1.974038], [103.863133, -1.981566], [103.862766, -1.981553], [103.862507, -1.981258], [103.86035, -1.978926], [103.860347, -1.974035], [103.863107, -1.974038]]]]}},
{"type": "Feature", "properties": {"ba_code": "4721", "blockid": "G26P17", "division": "05"}, "geometry": {"type": "MultiPolygon", "coordinates": [[[[103.92522748700009, -2.014232060999973], [103.92522584000005, -2.014267238999935], [103.92519, -2.015033], [103.925181, -2.015459], [103.925247, -2.016893], [103.925285, -2.018593], [103.925274, -2.018888], [103.925214, -2.019226], [103.925005, -2.019925], [103.923961, -2.019936], [103.923439, -2.019908], [103.922272, -2.019916], [103.922282, -2.017334], [103.922276, -2.016088], [103.9223, -2.015861], [103.922295, -2.01509], [103.92229130000004, -2.014223376999951], [103.922291, -2.014153], [103.922287, -2.012945], [103.925236, -2.012915], [103.925231, -2.014157], [103.92522748700009, -2.014232060999973]]]]}},
{"type": "Feature", "properties": {"ba_code": "4721", "blockid": "F33P12", "division": "04"}, "geometry": {"type": "MultiPolygon", "coordinates": [[[[103.941886, -2.001755], [103.94258, -2.001756], [103.944574, -2.003789], [103.944562, -2.010525], [103.941889, -2.010597], [103.941886, -2.001755]]]]}},
{"type": "Feature", "properties": {"ba_code": "4721", "blockid": "G24P16", "division": "05"}, "geometry": {"type": "MultiPolygon", "coordinates": [[[[103.916681, -2.011035], [103.919353, -2.011006], [103.919435, -2.019968], [103.918621, -2.019983], [103.918023, -2.019997], [103.917352, -2.019989], [103.916746, -2.020009], [103.916681, -2.011035]]]]}},
{"type": "Feature", "properties": {"ba_code": "4721", "blockid": "F19P10", "division": "05"}, "geometry": {"type": "MultiPolygon", "coordinates": [[[[103.905207, -2.010968], [103.902641, -2.010996], [103.902623, -2.001819], [103.905224, -2.001814], [103.905207, -2.010968]]]]}},
{"type": "Feature", "properties": {"ba_code": "4721", "blockid": "C31P12", "division": "03"}, "geometry": {"type": "MultiPolygon", "coordinates": [[[[103.936166, -1.977672], [103.936807, -1.977499], [103.93906, -1.974956], [103.939034, -1.983494], [103.936182, -1.983447], [103.936166, -1.977672]]]]}},
{"type": "Feature", "properties": {"ba_code": "4721", "blockid": "E36P19", "division": "06"}, "geometry": {"type": "MultiPolygon", "coordinates": [[[[103.950153, -1.998863], [103.950152, -1.998864], [103.950151, -1.997337], [103.950152, -1.997337], [103.95019, -1.997337], [103.950224, -1.997336], [103.95023, -1.997274], [103.950237, -1.997212], [103.950239, -1.997151], [103.950237, -1.997093], [103.950231, -1.997032], [103.950225, -1.996971], [103.950224, -1.996914], [103.950228, -1.996854], [103.950234, -1.996796], [103.950225, -1.996738], [103.950223, -1.996681], [103.950223, -1.996616], [103.950221, -1.996558], [103.950222, -1.996494], [103.950219, -1.996437], [103.95022, -1.996384], [103.95022, -1.996323], [103.950219, -1.996259], [103.950218, -1.996205], [103.950216, -1.99615], [103.950216, -1.996086], [103.950216, -1.996026], [103.950214, -1.995966], [103.950214, -1.995906], [103.950215, -1.995845], [103.950213, -1.995787], [103.950208, -1.99573], [103.95021, -1.995675], [103.950215, -1.995618], [103.950218, -1.99556], [103.950221, -1.995502], [103.950223, -1.995443], [103.950223, -1.995394], [103.950221, -1.99471], [103.950244, -1.994727], [103.950272, -1.994749], [103.95029, -1.994754], [103.950322, -1.99477], [103.950354, -1.994783], [103.95038, -1.994798], [103.950415, -1.994817], [103.950452, -1.99484], [103.950495, -1.994859], [103.950535, -1.994876], [103.950573, -1.994897], [103.950613, -1.994925], [103.950657, -1.994943], [103.9507, -1.994964], [103.950743, -1.994984], [103.950781, -1.995007], [103.95082, -1.995027], [103.950858, -1.995048], [103.950898, -1.995068], [103.950945, -1.995091], [103.950993, -1.995114], [103.951039, -1.995135], [103.951085, -1.995156], [103.951129, -1.99518], [103.951173, -1.995201], [103.951218, -1.995227], [103.951262, -1.995249], [103.95131, -1.995278], [103.951359, -1.995297], [103.951409, -1.995324], [103.951461, -1.995349], [103.951502, -1.995376], [103.951547, -1.995398], [103.951594, -1.995423], [103.951632, -1.995448], [103.95168, -1.995469], [103.951723, -1.995501], [103.951765, -1.995527], [103.951818, -1.995555], [103.951865, -1.995586], [103.951913, -1.995612], [103.951957, -1.995639], [103.952004, -1.995666], [103.952052, -1.995689], [103.952102, -1.99571], [103.95214, -1.995723], [103.952152, -1.995732], [103.952178, -1.995745], [103.952209, -1.995736], [103.952232, -1.995734], [103.952272, -1.995729], [103.952317, -1.995732], [103.952356, -1.995759], [103.952389, -1.995793], [103.952379, -1.995827], [103.952352, -1.995861], [103.952346, -1.99587], [103.952343, -1.995872], [103.952148, -1.996146], [103.952118, -1.996178], [103.952091, -1.996207], [103.952075, -1.996235], [103.951973, -1.996354], [103.951951, -1.996383], [103.951941, -1.996407], [103.951906, -1.996452], [103.951866, -1.996489], [103.951836, -1.996525], [103.951722, -1.996676], [103.951677, -1.996707], [103.951657, -1.996742], [103.951638, -1.996774], [103.951633, -1.996792], [103.951632, -1.996795], [103.951506, -1.996967], [103.951473, -1.997001], [103.951432, -1.997038], [103.951421, -1.997075], [103.951389, -1.997109], [103.951367, -1.997153], [103.951338, -1.997189], [103.951277, -1.997314], [103.951269, -1.997314], [103.951247, -1.997319], [103.951242, -1.997322], [103.951242, -1.997323], [103.951211, -1.997389], [103.951202, -1.997404], [103.951184, -1.997431], [103.951144, -1.997463], [103.951113, -1.997494], [103.951093, -1.997534], [103.951065, -1.997573], [103.951031, -1.997601], [103.951017, -1.99763], [103.950993, -1.997669], [103.95097, -1.997706], [103.950934, -1.99774], [103.950908, -1.997763], [103.950898, -1.9978], [103.95087, -1.997845], [103.950843, -1.997877], [103.950821, -1.997913], [103.950802, -1.997948], [103.950782, -1.997988], [103.950759, -1.998024], [103.950728, -1.99806], [103.950704, -1.998092], [103.950667, -1.998126], [103.950648, -1.998168], [103.950635, -1.998194], [103.950611, -1.998225], [103.95058, -1.998265], [103.95055, -1.99831], [103.950518, -1.998346], [103.950487, -1.998389], [103.950452, -1.998415], [103.950416, -1.998454], [103.950379, -1.998484], [103.950361, -1.998532], [103.950329, -1.998579], [103.950299, -1.998613], [103.950276, -1.99864], [103.950254, -1.99866], [103.950226, -1.998761], [103.95019, -1.998812], [103.950153, -1.998863]]]]}},
{"type": "Feature", "properties": {"ba_code": "4721", "blockid": "C26P17", "division": "02"}, "geometry": {"type": "MultiPolygon", "coordinates": [[[[103.921962, -1.974683], [103.924638, -1.974683], [103.924643, -1.974687], [103.924871, -1.974876], [103.924936, -1.983399], [103.922087, -1.983378], [103.921962, -1.974683]]]]}},
{"type": "Feature", "properties": {"ba_code": "4721", "blockid": "D21P10", "division": "02"}, "geometry": {"type": "MultiPolygon", "coordinates": [[[[103.908132, -1.992573], [103.908073, -1.983447], [103.91079, -1.98346], [103.910882, -1.992588], [103.910882, -1.992748], [103.908132, -1.992726], [103.908132, -1.992573]]]]}},
{"type": "Feature", "properties": {"ba_code": "4721", "blockid": "C39P13", "division": "07"}, "geometry": {"type": "MultiPolygon", "coordinates": [[[[103.958063, -1.981126], [103.958063, -1.978134], [103.958059, -1.974698], [103.960294, -1.974683], [103.961184, -1.97469], [103.961177, -1.97502], [103.960294, -1.975031], [103.959381, -1.97502], [103.959379, -1.977169], [103.958936, -1.97753], [103.958754, -1.977613], [103.95847, -1.977904], [103.958284, -1.978127], [103.958209, -1.978274], [103.958175, -1.978426], [103.958167, -1.978513], [103.958175, -1.978698], [103.958177, -1.97881], [103.958157, -1.979003], [103.958115, -1.979193], [103.958088, -1.979387], [103.958082, -1.979559], [103.95809, -1.979844], [103.958104, -1.980056], [103.958079, -1.980234], [103.958107, -1.980823], [103.958103, -1.981021], [103.958183, -1.9812], [103.958336, -1.981589], [103.958407, -1.981696], [103.958552, -1.981708], [103.958663, -1.982023], [103.958607, -1.982457], [103.958709, -1.982917], [103.95876, -1.983229], [103.958793, -1.983505], [103.958906, -1.983737], [103.958939, -1.98386], [103.958901, -1.983856], [103.95807, -1.983833], [103.958063, -1.981126]]]]}},
{"type": "Feature", "properties": {"ba_code": "4721", "blockid": "E20P09", "division": "02"}, "geometry": {"type": "MultiPolygon", "coordinates": [[[[103.905301, -1.992792], [103.905299, -1.992784], [103.908069, -1.992806], [103.908123, -2.001596], [103.908123, -2.001681], [103.905312, -2.001686], [103.905311, -2.001501], [103.905301, -1.992792]]]]}},
{"type": "Feature", "properties": {"ba_code": "4721", "blockid": "G31P18", "division": "04"}, "geometry": {"type": "MultiPolygon", "coordinates": [[[[103.936345, -2.010749], [103.939007, -2.010731], [103.939015, -2.019779], [103.936352, -2.019825], [103.936345, -2.010749]]]]}},
{"type": "Feature", "properties": {"ba_code": "4721", "blockid": "C02P12", "division": "06"}, "geometry": {"type": "MultiPolygon", "coordinates": [[[[103.857478, -1.974043], [103.85752, -1.976378], [103.855575, -1.974034], [103.857478, -1.974043]]]]}},
{"type": "Feature", "properties": {"ba_code": "4721", "blockid": "H26P18", "division": "05"}, "geometry": {"type": "MultiPolygon", "coordinates": [[[[103.922198, -2.029493], [103.922265, -2.020064], [103.925003, -2.020048], [103.925093, -2.029523], [103.922198, -2.029493]]]]}},
{"type": "Feature", "properties": {"ba_code": "4721", "blockid": "E22P09", "division": "02"}, "geometry": {"type": "MultiPolygon", "coordinates": [[[[103.913687, -1.992854], [103.913738, -2.001633], [103.911001, -2.001681], [103.910982, -1.992831], [103.913687, -1.992854]]]]}},
{"type": "Feature", "properties": {"ba_code": "4721", "blockid": "F14P12", "division": "07"}, "geometry": {"type": "MultiPolygon", "coordinates": [[[[103.891368, -2.002311], [103.891453, -2.011067], [103.888585, -2.011114], [103.88852, -2.002285], [103.891368, -2.002311]]]]}},
{"type": "Feature", "properties": {"ba_code": "4721", "blockid": "E33P09", "division": "03"}, "geometry": {"type": "MultiPolygon", "coordinates": [[[[103.944464, -2.000023], [103.942965, -2.001624], [103.941886, -2.001623], [103.941879, -1.99292], [103.944617, -1.992901], [103.944464, -2.000023]]]]}},
{"type": "Feature", "properties": {"ba_code": "4721", "blockid": "C37P13", "division": "07"}, "geometry": {"type": "MultiPolygon", "coordinates": [[[[103.955639, -1.97481], [103.955684, -1.981429], [103.954247, -1.977996], [103.953887, -1.977136], [103.955639, -1.97481]]]]}},
{"type": "Feature", "properties": {"ba_code": "4721", "blockid": "D36P13", "division": "03"}, "geometry": {"type": "MultiPolygon", "coordinates": [[[[103.950263, -1.983843], [103.952865, -1.983886], [103.95292, -1.989606], [103.950213, -1.992758], [103.950263, -1.983843]]]]}},
{"type": "Feature", "properties": {"ba_code": "4721", "blockid": "D36P13", "division": "07"}, "geometry": {"type": "MultiPolygon", "coordinates": [[[[103.952939, -1.989744], [103.952976, -1.992697], [103.950357, -1.992734], [103.952939, -1.989744]]]]}},
{"type": "Feature", "properties": {"ba_code": "4721", "blockid": "C12P09", "division": "01"}, "geometry": {"type": "MultiPolygon", "coordinates": [[[[103.882694, -1.97404], [103.885765, -1.97404], [103.885714, -1.983246], [103.882628, -1.983235], [103.882694, -1.97404]]]]}},
{"type": "Feature", "properties": {"ba_code": "4721", "blockid": "C17P09", "division": "01"}, "geometry": {"type": "MultiPolygon", "coordinates": [[[[103.896847, -1.974061], [103.899555, -1.974103], [103.899601, -1.98332], [103.89688, -1.983302], [103.896847, -1.974061]]]]}},
{"type": "Feature", "properties": {"ba_code": "4721", "blockid": "F21P10", "division": "05"}, "geometry": {"type": "MultiPolygon", "coordinates": [[[[103.908237, -2.010936], [103.908186, -2.001801], [103.910912, -2.001812], [103.911024, -2.010915], [103.908237, -2.010936]]]]}},
{"type": "Feature", "properties": {"ba_code": "4721", "blockid": "D34P13", "division": "03"}, "geometry": {"type": "MultiPolygon", "coordinates": [[[[103.944713, -1.99277], [103.944734, -1.983739], [103.947342, -1.983796], [103.947374, -1.992738], [103.944713, -1.99277]]]]}},
{"type": "Feature", "properties": {"ba_code": "4721", "blockid": "F25P17", "division": "05"}, "geometry": {"type": "MultiPolygon", "coordinates": [[[[103.919438, -2.001738], [103.922099, -2.001738], [103.922185, -2.010837], [103.919448, -2.010875], [103.919438, -2.001738]]]]}},
{"type": "Feature", "properties": {"ba_code": "4721", "blockid": "D09P08", "division": "01"}, "geometry": {"type": "MultiPolygon", "coordinates": [[[[103.874388, -1.983324], [103.876976, -1.983335], [103.8769, -1.992427], [103.874249, -1.992399], [103.874388, -1.983324]]]]}},
{"type": "Feature", "properties": {"ba_code": "4721", "blockid": "C30P13", "division": "07"}, "geometry": {"type": "MultiPolygon", "coordinates": [[[[103.936063, -1.973982], [103.936061, -1.974603], [103.93607, -1.977698], [103.933423, -1.978411], [103.93342, -1.976958], [103.936063, -1.973982]]]]}},
{"type": "Feature", "properties": {"ba_code": "4721", "blockid": "G33P12", "division": "04"}, "geometry": {"type": "MultiPolygon", "coordinates": [[[[103.941889, -2.010729], [103.944562, -2.010656], [103.944545, -2.019731], [103.941869, -2.019759], [103.941889, -2.010729]]]]}},
{"type": "Feature", "properties": {"ba_code": "4721", "blockid": "C22P12", "division": "02"}, "geometry": {"type": "MultiPolygon", "coordinates": [[[[103.910839, -1.97776], [103.910839, -1.97763], [103.913514, -1.976126], [103.913513, -1.976243], [103.913521, -1.983346], [103.910876, -1.983329], [103.910839, -1.97776]]]]}},
{"type": "Feature", "properties": {"ba_code": "4721", "blockid": "F24P10", "division": "05"}, "geometry": {"type": "MultiPolygon", "coordinates": [[[[103.916626, -2.00176], [103.919344, -2.001738], [103.919353, -2.010875], [103.916682, -2.010904], [103.916626, -2.00176]]]]}},
{"type": "Feature", "properties": {"ba_code": "4721", "blockid": "G35P12", "division": "04"}, "geometry": {"type": "MultiPolygon", "coordinates": [[[[103.950178, -2.014374], [103.950166, -2.019702], [103.947431, -2.019712], [103.947434, -2.014374], [103.947436, -2.010563], [103.948908, -2.010557], [103.949498, -2.010557], [103.949793, -2.010616], [103.950187, -2.01073], [103.950178, -2.014374]]]]}},
{"type": "Feature", "properties": {"ba_code": "4721", "blockid": "D35P13", "division": "03"}, "geometry": {"type": "MultiPolygon", "coordinates": [[[[103.94747, -1.992738], [103.947438, -1.983796], [103.950166, -1.983843], [103.950117, -1.992758], [103.94747, -1.992738]]]]}},
{"type": "Feature", "properties": {"ba_code": "4721", "blockid": "F29P17", "division": "04"}, "geometry": {"type": "MultiPolygon", "coordinates": [[[[103.930702, -2.001737], [103.933429, -2.00174], [103.933462, -2.010712], [103.930725, -2.010879], [103.930739, -2.009667], [103.930759, -2.009348], [103.930719, -2.008196], [103.930742, -2.007376], [103.930702, -2.001737]]]]}},
{"type": "Feature", "properties": {"ba_code": "4721", "blockid": "B08P19", "division": "06"}, "geometry": {"type": "MultiPolygon", "coordinates": [[[[103.873919, -1.963526], [103.872361, -1.965083], [103.872176, -1.964974], [103.871631, -1.964659], [103.87159, -1.964637], [103.871562, -1.96463], [103.871523, -1.964607], [103.871509, -1.964608], [103.871479, -1.964587], [103.871448, -1.964562], [103.871441, -1.964545], [103.87143, -1.964539], [103.871399, -1.964546], [103.8719, -1.962568], [103.871922, -1.962562], [103.871963, -1.9626], [103.871996, -1.962609], [103.871931, -1.962884], [103.872312, -1.962885], [103.872763, -1.962879], [103.873188, -1.962889], [103.873898, -1.962893], [103.873911, -1.963281], [103.873919, -1.963526]]]]}},
{"type": "Feature", "properties": {"ba_code": "4721", "blockid": "D10P08", "division": "01"}, "geometry": {"type": "MultiPolygon", "coordinates": [[[[103.87707, -1.983335], [103.879818, -1.983296], [103.879707, -1.992439], [103.876998, -1.992427], [103.87707, -1.983335]]]]}},
{"type": "Feature", "properties": {"ba_code": "4721", "blockid": "F20P10", "division": "05"}, "geometry": {"type": "MultiPolygon", "coordinates": [[[[103.908094, -2.001806], [103.908142, -2.010936], [103.905301, -2.010967], [103.905315, -2.00181], [103.908094, -2.001806]]]]}},
{"type": "Feature", "properties": {"ba_code": "4721", "blockid": "G14P12", "division": "07"}, "geometry": {"type": "MultiPolygon", "coordinates": [[[[103.89154, -2.020625], [103.888618, -2.02068], [103.888585, -2.011239], [103.891454, -2.011195], [103.89154, -2.020625]]]]}},
{"type": "Feature", "properties": {"ba_code": "4721", "blockid": "D17P09", "division": "01"}, "geometry": {"type": "MultiPolygon", "coordinates": [[[[103.896881, -1.983385], [103.899602, -1.9834], [103.899666, -1.992644], [103.896897, -1.992621], [103.896881, -1.983385]]]]}},
{"type": "Feature", "properties": {"ba_code": "4721", "blockid": "H18P10", "division": "05"}, "geometry": {"type": "MultiPolygon", "coordinates": [[[[103.899844, -2.029048], [103.899853, -2.020527], [103.902564, -2.020473], [103.902614, -2.029075], [103.899844, -2.029048]]]]}},
{"type": "Feature", "properties": {"ba_code": "4721", "blockid": "C21P13", "division": "06"}, "geometry": {"type": "MultiPolygon", "coordinates": [[[[103.908119, -1.974535], [103.908119, -1.974354], [103.910721, -1.974209], [103.910721, -1.97445], [103.910746, -1.977663], [103.909845, -1.978169], [103.908095, -1.979177], [103.908119, -1.974535]]]]}},
{"type": "Feature", "properties": {"ba_code": "4721", "blockid": "H27P18", "division": "05"}, "geometry": {"type": "MultiPolygon", "coordinates": [[[[103.927863, -2.020009], [103.927951, -2.029564], [103.92517, -2.029521], [103.925183, -2.027638], [103.925183, -2.026789], [103.925134, -2.024785], [103.925116, -2.023764], [103.925122, -2.023135], [103.925098, -2.021119], [103.925098, -2.020053], [103.927863, -2.020009]]]]}},
{"type": "Feature", "properties": {"ba_code": "4721", "blockid": "H20P10", "division": "05"}, "geometry": {"type": "MultiPolygon", "coordinates": [[[[103.905275, -2.029156], [103.905291, -2.020421], [103.908156, -2.020346], [103.908203, -2.029199], [103.905275, -2.029156]]]]}},
{"type": "Feature", "properties": {"ba_code": "4721", "blockid": "C33P12", "division": "03"}, "geometry": {"type": "MultiPolygon", "coordinates": [[[[103.941785, -1.983542], [103.941745, -1.974479], [103.944678, -1.974516], [103.944638, -1.983607], [103.941785, -1.983542]]]]}},
{"type": "Feature", "properties": {"ba_code": "4721", "blockid": "B36P13", "division": "03"}, "geometry": {"type": "MultiPolygon", "coordinates": [[[[103.950306, -1.974469], [103.950328, -1.970309], [103.951228, -1.97036], [103.951993, -1.970411], [103.952248, -1.970461], [103.952401, -1.970461], [103.952927, -1.970495], [103.952951, -1.970495], [103.952952, -1.974521], [103.950306, -1.974469]]]]}},
{"type": "Feature", "properties": {"ba_code": "4721", "blockid": "F15P12", "division": "07"}, "geometry": {"type": "MultiPolygon", "coordinates": [[[[103.894086, -2.002413], [103.894138, -2.011055], [103.891549, -2.011067], [103.891448, -2.002315], [103.894086, -2.002413]]]]}},
{"type": "Feature", "properties": {"ba_code": "4721", "blockid": "G19P15", "division": "05"}, "geometry": {"type": "MultiPolygon", "coordinates": [[[[103.905206, -2.011093], [103.905196, -2.020295], [103.902658, -2.020347], [103.902642, -2.011123], [103.905206, -2.011093]]]]}},
{"type": "Feature", "properties": {"ba_code": "4721", "blockid": "G15P12", "division": "07"}, "geometry": {"type": "MultiPolygon", "coordinates": [[[[103.894137, -2.011181], [103.894205, -2.020556], [103.891635, -2.020612], [103.891549, -2.011194], [103.894137, -2.011181]]]]}},
{"type": "Feature", "properties": {"ba_code": "4721", "blockid": "E12P12", "division": "06"}, "geometry": {"type": "MultiPolygon", "coordinates": [[[[103.882734, -2.002133], [103.882469, -2.002127], [103.882469, -2.001703], [103.882575, -1.993189], [103.882576, -1.99261], [103.88267, -1.99261], [103.885562, -1.992626], [103.885731, -1.992626], [103.885732, -1.993252], [103.885625, -2.001698], [103.885625, -2.002171], [103.885497, -2.002172], [103.882734, -2.002133]]]]}},
{"type": "Feature", "properties": {"ba_code": "4721", "blockid": "D24P12", "division": "02"}, "geometry": {"type": "MultiPolygon", "coordinates": [[[[103.916559, -1.992737], [103.916497, -1.983497], [103.919403, -1.983508], [103.919397, -1.992741], [103.916559, -1.992737]]]]}},
{"type": "Feature", "properties": {"ba_code": "4721", "blockid": "F22P09", "division": "05"}, "geometry": {"type": "MultiPolygon", "coordinates": [[[[103.911, -2.001811], [103.913738, -2.001761], [103.913766, -2.010902], [103.911122, -2.010909], [103.911, -2.001811]]]]}},
{"type": "Feature", "properties": {"ba_code": "4721", "blockid": "F12P12", "division": "06"}, "geometry": {"type": "MultiPolygon", "coordinates": [[[[103.882462, -2.002257], [103.885583, -2.002299], [103.885648, -2.011178], [103.882448, -2.011225], [103.882462, -2.002257]]]]}},
{"type": "Feature", "properties": {"ba_code": "4721", "blockid": "E13P12", "division": "06"}, "geometry": {"type": "MultiPolygon", "coordinates": [[[[103.885968, -2.002169], [103.885688, -2.002169], [103.885688, -2.001698], [103.885795, -1.993252], [103.885794, -1.992628], [103.885994, -1.992628], [103.888301, -1.992651], [103.888549, -1.992651], [103.888549, -1.993625], [103.888447, -2.001698], [103.888448, -2.002143], [103.888319, -2.002143], [103.885968, -2.002169]]]]}},
{"type": "Feature", "properties": {"ba_code": "4721", "blockid": "B32P12", "division": "03"}, "geometry": {"type": "MultiPolygon", "coordinates": [[[[103.939633, -1.97433], [103.941658, -1.970108], [103.941704, -1.970108], [103.941648, -1.974349], [103.939633, -1.97433]]]]}},
{"type": "Feature", "properties": {"ba_code": "4721", "blockid": "B38P13", "division": "03"}, "geometry": {"type": "MultiPolygon", "coordinates": [[[[103.955545, -1.970907], [103.958433, -1.971301], [103.958437, -1.971302], [103.958437, -1.971601], [103.95843, -1.971608], [103.956762, -1.973343], [103.955707, -1.97444], [103.95553, -1.971483], [103.955545, -1.970907]]], [[[103.958559, -1.971473], [103.958559, -1.971319], [103.958569, -1.97132], [103.95869, -1.971337], [103.958567, -1.971465], [103.958559, -1.971473]]]]}},
{"type": "Feature", "properties": {"ba_code": "4721", "blockid": "G21P14", "division": "05"}, "geometry": {"type": "MultiPolygon", "coordinates": [[[[103.908251, -2.020219], [103.908237, -2.011062], [103.911022, -2.011039], [103.911077, -2.020064], [103.908251, -2.020219]]]]}},
{"type": "Feature", "properties": {"ba_code": "4721", "blockid": "H15P13", "division": "07"}, "geometry": {"type": "MultiPolygon", "coordinates": [[[[103.894249, -2.020691], [103.894227, -2.022983], [103.892497, -2.022982], [103.892494, -2.021869], [103.892076, -2.021848], [103.892072, -2.020745], [103.894249, -2.020691]]]]}},
{"type": "Feature", "properties": {"ba_code": "4721", "blockid": "F17P12", "division": "07"}, "geometry": {"type": "MultiPolygon", "coordinates": [[[[103.899655, -2.001841], [103.899702, -2.011029], [103.897006, -2.011058], [103.896918, -2.00244], [103.897347, -2.002406], [103.899655, -2.001841]]]]}},
{"type": "Feature", "properties": {"ba_code": "4721", "blockid": "E26P17", "division": "02"}, "geometry": {"type": "MultiPolygon", "coordinates": [[[[103.922191, -1.992901], [103.92507, -1.992935], [103.925159, -2.001601], [103.922212, -2.001608], [103.922191, -1.992901]]]]}},
{"type": "Feature", "properties": {"ba_code": "4721", "blockid": "E08P13", "division": "06"}, "geometry": {"type": "MultiPolygon", "coordinates": [[[[103.874106, -1.992497], [103.874092, -1.994818], [103.873395, -1.994803], [103.871501, -1.994807], [103.871273, -1.994563], [103.871312, -1.992479], [103.874106, -1.992497]]]]}},
{"type": "Feature", "properties": {"ba_code": "4721", "blockid": "D15P09", "division": "01"}, "geometry": {"type": "MultiPolygon", "coordinates": [[[[103.891292, -1.983354], [103.894031, -1.983367], [103.89409, -1.992599], [103.891369, -1.992582], [103.891292, -1.983354]]]]}},
{"type": "Feature", "properties": {"ba_code": "4721", "blockid": "B40P13", "division": "07"}, "geometry": {"type": "MultiPolygon", "coordinates": [[[[103.961269, -1.9703], [103.961914, -1.97026], [103.961868, -1.970418], [103.961808, -1.970554], [103.961768, -1.97066], [103.961763, -1.970816], [103.961758, -1.971118], [103.961727, -1.971375], [103.961642, -1.971888], [103.961616, -1.97207], [103.961561, -1.972296], [103.961506, -1.972427], [103.96147, -1.972482], [103.96147, -1.972774], [103.961259, -1.972769], [103.961269, -1.9703]]]]}},
{"type": "Feature", "properties": {"ba_code": "4721", "blockid": "C23P12", "division": "02"}, "geometry": {"type": "MultiPolygon", "coordinates": [[[[103.91361, -1.976222], [103.91361, -1.976091], [103.913607, -1.975274], [103.916351, -1.973964], [103.916333, -1.974494], [103.916333, -1.974625], [103.916402, -1.983366], [103.913616, -1.983346], [103.91361, -1.976222]]]]}},
{"type": "Feature", "properties": {"ba_code": "4721", "blockid": "D08P08", "division": "01"}, "geometry": {"type": "MultiPolygon", "coordinates": [[[[103.871542, -1.983322], [103.874294, -1.983324], [103.874154, -1.992399], [103.871446, -1.992361], [103.871425, -1.991166], [103.871542, -1.983322]]]]}},
{"type": "Feature", "properties": {"ba_code": "4721", "blockid": "F31P18", "division": "04"}, "geometry": {"type": "MultiPolygon", "coordinates": [[[[103.936323, -2.001751], [103.938989, -2.001744], [103.939007, -2.0106], [103.936345, -2.010618], [103.936323, -2.001751]]]]}},
{"type": "Feature", "properties": {"ba_code": "4721", "blockid": "E27P18", "division": "02"}, "geometry": {"type": "MultiPolygon", "coordinates": [[[[103.925162, -1.992919], [103.927916, -1.992973], [103.92797, -2.001609], [103.925253, -2.001601], [103.925162, -1.992919]]]]}},
{"type": "Feature", "properties": {"ba_code": "4721", "blockid": "H31P12", "division": "04"}, "geometry": {"type": "MultiPolygon", "coordinates": [[[[103.936293, -2.029556], [103.936351, -2.019956], [103.939015, -2.01991], [103.939017, -2.029568], [103.936293, -2.029556]]]]}},
{"type": "Feature", "properties": {"ba_code": "4721", "blockid": "F10P18", "division": "06"}, "geometry": {"type": "MultiPolygon", "coordinates": [[[[103.877914, -2.00218], [103.877916, -2.0022], [103.877917, -2.002248], [103.877912, -2.002302], [103.877913, -2.002356], [103.877913, -2.002414], [103.877911, -2.002469], [103.87791, -2.002525], [103.87791, -2.002584], [103.87791, -2.002641], [103.877903, -2.002699], [103.877904, -2.002757], [103.877901, -2.002818], [103.877898, -2.002879], [103.877891, -2.002934], [103.877892, -2.002993], [103.877883, -2.003382], [103.877877, -2.003437], [103.877875, -2.003498], [103.87787, -2.003554], [103.877869, -2.003611], [103.877868, -2.003671], [103.877865, -2.003729], [103.877867, -2.003785], [103.877866, -2.00384], [103.877863, -2.003901], [103.877819, -2.003912], [103.877767, -2.003912], [103.877706, -2.003909], [103.877643, -2.003907], [103.8776, -2.003906], [103.877547, -2.003901], [103.87749, -2.003884], [103.877468, -2.003874], [103.877407, -2.003747], [103.877408, -2.003737], [103.877395, -2.003683], [103.877377, -2.003631], [103.877373, -2.00358], [103.877356, -2.003527], [103.87734, -2.003468], [103.877332, -2.003417], [103.877319, -2.003359], [103.877298, -2.003312], [103.877285, -2.003252], [103.877272, -2.003193], [103.877251, -2.003135], [103.877227, -2.003077], [103.877216, -2.003019], [103.877197, -2.002965], [103.877176, -2.002905], [103.877156, -2.002845], [103.877139, -2.002788], [103.877122, -2.00273], [103.877102, -2.002667], [103.87709, -2.002608], [103.877065, -2.002553], [103.876954, -2.002326], [103.876948, -2.002278], [103.876949, -2.00225], [103.876949, -2.002212], [103.876944, -2.00218], [103.877914, -2.00218]]]]}},
{"type": "Feature", "properties": {"ba_code": "4721", "division": "01"}, "geometry": {"type": "MultiLineString", "coordinates": [[[103.87710150000004, -1.974047], [103.87999936800009, -1.974165887999959], [103.88265950000005, -1.974040499999944], [103.88447450000007, -1.973735749999946], [103.88450150000006, -1.972374], [103.88463150100006, -1.971781998999973], [103.88522350000005, -1.971279], [103.88611475000005, -1.971231499999931], [103.887032, -1.971405], [103.887801, -1.971591499999931], [103.888696, -1.97181], [103.891306, -1.972355499999935], [103.892294, -1.972555498999952], [103.893035, -1.972658], [103.89382250000006, -1.972737749999965], [103.89448, -1.972747], [103.895076, -1.972747], [103.895654, -1.972737], [103.896288, -1.972747], [103.89710683400006, -1.972804], [103.89788250000004, -1.972914498999955], [103.89859933300005, -1.973042582999938], [103.89939816700007, -1.973195332999978], [103.89959360000006, -1.974094], [103.89964020000008, -1.983312199999943], [103.89963166500007, -1.99269084499997], [103.896891, -1.99267059999994], [103.89414680000004, -1.992649], [103.89131720000006, -1.992629], [103.88852066200008, -1.992614140999933], [103.88577157100008, -1.992591], [103.88257020000003, -1.992559399999948], [103.87978440000006, -1.99253239899997], [103.87694725000006, -1.992491499999971], [103.87420466700007, -1.992429332999961], [103.871446, -1.992361], [103.87137750000005, -1.991166], [103.86864750000007, -1.987201], [103.865929, -1.983274], [103.86891525000004, -1.983313749999979], [103.86936533300008, -1.983791665999945], [103.87056850100004, -1.983802998999977], [103.87148793300008, -1.983799708999925], [103.87154250100008, -1.983259], [103.87150642700004, -1.978581120999934], [103.868728, -1.978613], [103.86593800200006, -1.978598758999965], [103.865954, -1.973975749999966], [103.86597396800005, -1.972984417999953], [103.86598575000005, -1.972430676999977], [103.86599303300005, -1.971741372999929], [103.86600400200007, -1.971044108999934], [103.86601445800005, -1.970397821999939], [103.86602219800005, -1.96950557699995], [103.86603360900006, -1.968794112999944], [103.86604043400007, -1.96822336699995], [103.86605160600004, -1.967641877999938], [103.86606815600004, -1.966989516999945], [103.86646255600004, -1.966435444999945], [103.86698235100005, -1.965995849999956], [103.86767825000004, -1.965501248999942], [103.86884566700007, -1.965246666999974], [103.86967, -1.964946], [103.87062450000008, -1.964658499999928], [103.87140350000004, -1.964507998999977], [103.872039, -1.964749], [103.872779, -1.965159], [103.873684, -1.965751], [103.87454150000008, -1.966351499999973], [103.876009, -1.967152], [103.87442670900003, -1.973862520999944], [103.87710150000004, -1.974047]]]}},
{"type": "Feature", "properties": {"ba_code": "4721", "division": "02"}, "geometry": {"type": "MultiLineString", "coordinates": [[[103.91850150000005, -1.971391499999925], [103.91924650000004, -1.971814748999975], [103.920933, -1.971449], [103.92182593700005, -1.972297663999939], [103.923182, -1.973354], [103.92367244500008, -1.973969899999929], [103.92423475000004, -1.974329249999926], [103.92482733300005, -1.974835666999979], [103.92498350000005, -1.983464499999968], [103.92511350000007, -1.992865499999937], [103.92796275000006, -1.992907249999973], [103.928017, -2.001673749999952], [103.92520575000003, -2.001665749999972], [103.922151, -2.001672749999955], [103.91939125000005, -2.001673499999924], [103.916579, -2.001695], [103.91470395400006, -2.001694176999933], [103.91376933300006, -2.00167533399997], [103.91094599900003, -2.001692398999978], [103.90816557200009, -2.001691428999948], [103.90528180000007, -2.001699799999926], [103.90256199900006, -2.001742399999955], [103.899876, -2.001745699999958], [103.89969170500007, -2.000799043999962], [103.89963166500007, -1.99269084499997], [103.89964020000008, -1.983312199999943], [103.89959360000006, -1.974094], [103.89939816700007, -1.973195332999978], [103.90115466600008, -1.974061666999944], [103.90244, -1.975158499999964], [103.903983, -1.976316], [103.90531650000008, -1.977421499999934], [103.90788325000005, -1.979298749999941], [103.909845, -1.978169], [103.91095284000005, -1.977614505999952], [103.910831, -1.976597], [103.913559, -1.975296499999956], [103.91641905100005, -1.973878895999974], [103.91644650100005, -1.972503], [103.91679716700008, -1.970446998999932], [103.917678, -1.970946], [103.91850150000005, -1.971391499999925]]]}},
{"type": "Feature", "properties": {"ba_code": "4721", "division": "03"}, "geometry": {"type": "MultiLineString", "coordinates": [[[103.94730500100007, -1.970092249999936], [103.949377, -1.97019], [103.950277, -1.970292], [103.951228, -1.97036], [103.952214, -1.970444332999932], [103.95311579300005, -1.970528457999933], [103.95398759800008, -1.970499963999941], [103.95546650000006, -1.970739623999975], [103.955441, -1.971667], [103.955509, -1.972227], [103.955628, -1.974627498999951], [103.953794, -1.977116], [103.955728, -1.981744998999943], [103.95672350000007, -1.983861499999932], [103.957038, -1.984531], [103.95570750000007, -1.986188], [103.953923, -1.988447], [103.95296900100004, -1.989537499999926], [103.95014899900008, -1.992802], [103.94810150000006, -1.995414], [103.94729150100005, -1.996622249999973], [103.946508, -1.997665], [103.94582, -1.998549], [103.94527950000008, -1.999217], [103.94469475100004, -1.999874248999959], [103.94277253000007, -2.001656909999951], [103.941838, -2.001689499999941], [103.93903650000004, -2.001677749999942], [103.93627550000008, -2.001685499999951], [103.936245, -1.992865499999937], [103.93342125000004, -1.992898749999938], [103.93059625000006, -1.992919748999952], [103.92796275000006, -1.992907249999973], [103.92511350000007, -1.992865499999937], [103.92498350000005, -1.983464499999968], [103.92482733300005, -1.974835666999979], [103.92550725100006, -1.975260499999933], [103.92632150000009, -1.975751499999944], [103.926908, -1.976108998999962], [103.92740350000008, -1.976425], [103.92798259400007, -1.976846667999951], [103.929322, -1.977591], [103.93064375000006, -1.978305749999947], [103.93337250100006, -1.97698349999996], [103.936235, -1.974492249999969], [103.937913, -1.970055], [103.93911550000007, -1.970082], [103.94168075000005, -1.970107499999926], [103.94474850000006, -1.970011499999941], [103.94730500100007, -1.970092249999936]]]}},
{"type": "Feature", "properties": {"ba_code": "4721", "division": "07"}, "geometry": {"type": "MultiLineString", "coordinates": [[[103.899805, -2.020464], [103.89981256400006, -2.029106467999952], [103.89904891700007, -2.029153466999958], [103.89700810200009, -2.029051778999929], [103.89639457700008, -2.029104764999943], [103.89423933300009, -2.029066666999938], [103.89425858100009, -2.022983081999939], [103.892497, -2.022982], [103.892285, -2.021858499999951], [103.89182898300004, -2.020646134999936], [103.88857450000006, -2.020684499999959], [103.88853775000007, -2.011177], [103.88851001300009, -2.001950388999944], [103.88858050000005, -1.993625], [103.88852066200008, -1.992614140999933], [103.89131720000006, -1.992629], [103.89414680000004, -1.992649], [103.896891, -1.99267059999994], [103.89963166500007, -1.99269084499997], [103.89969170500007, -2.000799043999962], [103.899876, -2.001745699999958], [103.89974950000004, -2.011092], [103.899805, -2.020464]], [[103.88244025000006, -2.020905249999942], [103.88244329700007, -2.02429699299995], [103.87946356500004, -2.024294390999955], [103.87942125000006, -2.02093549999995], [103.88244025000006, -2.020905249999942]], [[103.882419, -2.028173], [103.881286, -2.028615], [103.880161, -2.028573], [103.87954, -2.02856], [103.879544, -2.026183], [103.88244808200005, -2.026379511999949], [103.882419, -2.028173]]]}},
{"type": "Feature", "properties": {"ba_code": "4721", "division": "04"}, "geometry": {"type": "MultiLineString", "coordinates": [[[103.936245, -1.992865499999937], [103.93627550000008, -2.001685499999951], [103.93903650000004, -2.001677749999942], [103.941838, -2.001689499999941], [103.94277253000007, -2.001656909999951], [103.94467285200005, -2.00395001399994], [103.94527, -2.004445], [103.94586, -2.005094], [103.94641, -2.005683], [103.94755650000008, -2.006838749999929], [103.94841650000006, -2.007845], [103.94913450100006, -2.00869999899993], [103.94958366600008, -2.01053266699995], [103.95044475000009, -2.010762249999971], [103.951268, -2.010793], [103.95188700100005, -2.010793], [103.95245750000004, -2.010862], [103.95289366700007, -2.011321665999958], [103.955162, -2.013328], [103.956853, -2.014783], [103.955122, -2.017848], [103.95394950000008, -2.019811], [103.953045, -2.021347], [103.952743, -2.021996], [103.952389, -2.022664], [103.951956, -2.023616998999955], [103.951681, -2.024983], [103.951543, -2.026005], [103.951288, -2.027086], [103.951111, -2.028147], [103.95077650000007, -2.029001998999945], [103.95038359400007, -2.029783127999963], [103.94973942700005, -2.029835892999927], [103.94907576100007, -2.029824187999964], [103.94733647800007, -2.029774870999972], [103.94450200700004, -2.029724143999942], [103.94179725000004, -2.029678], [103.93912050000006, -2.029633499999932], [103.93626115000006, -2.029599646999941], [103.93556926900004, -2.029641641999945], [103.93355310400005, -2.029602951999948], [103.93220503500004, -2.029651499999943], [103.930754, -2.029622332999963], [103.92969258000005, -2.02965755699995], [103.92801329000008, -2.029603849999944], [103.92790950000006, -2.019944748999933], [103.928038, -2.019431499999939], [103.92812799900008, -2.018822332999946], [103.928116, -2.018151], [103.92811050000006, -2.016967], [103.92813700100004, -2.016283], [103.92811050000006, -2.015455748999955], [103.92811188500008, -2.014450458999931], [103.928099, -2.013693499999931], [103.92811325000008, -2.012733499999968], [103.928047, -2.010960499999953], [103.928017, -2.001673749999952], [103.92796275000006, -1.992907249999973], [103.93059625000006, -1.992919748999952], [103.93342125000004, -1.992898749999938], [103.936245, -1.992865499999937]]]}},
{"type": "Feature", "properties": {"ba_code": "4721", "division": "05"}, "geometry": {"type": "MultiLineString", "coordinates": [[[103.928017, -2.001673749999952], [103.928047, -2.010960499999953], [103.92811325000008, -2.012733499999968], [103.928099, -2.013693499999931], [103.92811188500008, -2.014450458999931], [103.92811050000006, -2.015455748999955], [103.92813700100004, -2.016283], [103.92811050000006, -2.016967], [103.928116, -2.018151], [103.92812799900008, -2.018822332999946], [103.928038, -2.019431499999939], [103.92790950000006, -2.019944748999933], [103.92801329000008, -2.029603849999944], [103.92687797000008, -2.029630647999966], [103.92514380200004, -2.029565082999966], [103.92419609900008, -2.029597794999972], [103.92217111900004, -2.029530873999931], [103.92082688600004, -2.029552655999964], [103.91943515600008, -2.029508198999963], [103.916705, -2.029460499999971], [103.91371256700006, -2.029386713999941], [103.91099538800006, -2.029355255999974], [103.90826970700004, -2.029270320999956], [103.90738695000005, -2.029316857999959], [103.90524579800007, -2.029215726999951], [103.90463945400006, -2.029265032999945], [103.90267768500007, -2.029146740999977], [103.90202764500003, -2.029202664999957], [103.89981256400006, -2.029106467999952], [103.899805, -2.020464], [103.89974950000004, -2.011092], [103.899876, -2.001745699999958], [103.90256199900006, -2.001742399999955], [103.90528180000007, -2.001699799999926], [103.90816557200009, -2.001691428999948], [103.91094599900003, -2.001692398999978], [103.91376933300006, -2.00167533399997], [103.91377286700003, -2.002327101999924], [103.914697, -2.002327], [103.91470395400006, -2.001694176999933], [103.916579, -2.001695], [103.91939125000005, -2.001673499999924], [103.922151, -2.001672749999955], [103.92520575000003, -2.001665749999972], [103.928017, -2.001673749999952]], [[103.92223861800005, -2.015089960999944], [103.92523048800007, -2.015246214999934], [103.925327, -2.013571], [103.925333, -2.01285], [103.925356, -2.011756], [103.92530766700008, -2.010884666999971], [103.92221633300005, -2.010880665999935], [103.92223861800005, -2.015089960999944]]]}},
{"type": "Feature", "properties": {"ba_code": "4721", "division": "06"}, "geometry": {"type": "MultiLineString", "coordinates": [[[103.88858050000005, -1.993625], [103.88851001300009, -2.001950388999944], [103.88853775000007, -2.011177], [103.88857450000006, -2.020684499999959], [103.885724, -2.02083], [103.885651, -2.026573], [103.88244808200005, -2.026379511999949], [103.88244329700007, -2.02429699299995], [103.88244025000006, -2.020905249999942], [103.87942125000006, -2.02093549999995], [103.87946356500004, -2.024294390999955], [103.879453, -2.025609], [103.877247, -2.025585], [103.87727750000005, -2.020934], [103.87729, -2.01907], [103.87786200100004, -2.01884], [103.87940283400008, -2.018623829999967], [103.879407, -2.011445], [103.88243166700005, -2.011333666999974], [103.88249908100005, -2.001941963999968], [103.87932698300006, -2.001988942999958], [103.87690740000005, -2.001987057999941], [103.875988, -2.002166], [103.875241, -2.002151], [103.874602, -1.999106], [103.874211, -1.998406], [103.87420466700007, -1.992429332999961], [103.87694725000006, -1.992491499999971], [103.87978440000006, -1.99253239899997], [103.88257020000003, -1.992559399999948], [103.88577157100008, -1.992591], [103.88852066200008, -1.992614140999933], [103.88858050000005, -1.993625]], [[103.86593800200006, -1.978598758999965], [103.865879, -1.981593], [103.86316850000009, -1.981565499999931], [103.86184400100007, -1.981513499999949], [103.86032550000004, -1.979726998999979], [103.859575, -1.978835], [103.857553, -1.976415499999973], [103.85526700100007, -1.973758749999945], [103.853511, -1.969448], [103.855146, -1.968944], [103.857464, -1.968234], [103.860354, -1.967375], [103.863087, -1.966537499999959], [103.866022, -1.965549], [103.86606815600004, -1.966989516999945], [103.86605160600004, -1.967641877999938], [103.86604043400007, -1.96822336699995], [103.86603360900006, -1.968794112999944], [103.86602219800005, -1.96950557699995], [103.86601445800005, -1.970397821999939], [103.86600400200007, -1.971044108999934], [103.86599303300005, -1.971741372999929], [103.86598575000005, -1.972430676999977], [103.86597396800005, -1.972984417999953], [103.865954, -1.973975749999966], [103.86593800200006, -1.978598758999965]]]}}
]
}
