{
"type": "FeatureCollection",
"features": [
{"type": "Feature", "properties": {"ba_code": "6921", "blockid": "G20AP11", "division": "06"}, "geometry": {"type": "MultiPolygon", "coordinates": [[[[104.063053, -2.097139], [104.060915, -2.097139], [104.060892, -2.097115], [104.060835, -2.095541], [104.060843, -2.095539], [104.060847, -2.095535], [104.0609, -2.095477], [104.060943, -2.095435], [104.060944, -2.095433], [104.060969, -2.0954], [104.061016, -2.095367], [104.06102, -2.095364], [104.061058, -2.095318], [104.06112, -2.095256], [104.06112, -2.095255], [104.061147, -2.095227], [104.061191, -2.095187], [104.061193, -2.095186], [104.061244, -2.095125], [104.061269, -2.095096], [104.06133, -2.095046], [104.061332, -2.095045], [104.06142, -2.09496], [104.061474, -2.094907], [104.061476, -2.094905], [104.061502, -2.09487], [104.061565, -2.0948], [104.061636, -2.094742], [104.061718, -2.094671], [104.061759, -2.09464], [104.061761, -2.094638], [104.061822, -2.094575], [104.061911, -2.094492], [104.061912, -2.094492], [104.06196, -2.094443], [104.061991, -2.094419], [104.061994, -2.094416], [104.062042, -2.094358], [104.062128, -2.094283], [104.062128, -2.094282], [104.062208, -2.094209], [104.062299, -2.094125], [104.062339, -2.094088], [104.06234, -2.094088], [104.062425, -2.094003], [104.062492, -2.093944], [104.06252, -2.09392], [104.062522, -2.093919], [104.06261, -2.09383], [104.062649, -2.093803], [104.062654, -2.093799], [104.062681, -2.09376], [104.062746, -2.093702], [104.062814, -2.09364], [104.062815, -2.09364], [104.06287, -2.093584], [104.06287, -2.093583], [104.062899, -2.093551], [104.062971, -2.093494], [104.062973, -2.093493], [104.063031, -2.093436], [104.063063, -2.093407], [104.063065, -2.093405], [104.063111, -2.093349], [104.06317, -2.093308], [104.063172, -2.093306], [104.063267, -2.093217], [104.063319, -2.093175], [104.06332, -2.093174], [104.063417, -2.093084], [104.063473, -2.09303], [104.063475, -2.093029], [104.063524, -2.09297], [104.063593, -2.092902], [104.063646, -2.092857], [104.063725, -2.092791], [104.063726, -2.09279], [104.063786, -2.092728], [104.063832, -2.09269], [104.063834, -2.092689], [104.063914, -2.092609], [104.064004, -2.092531], [104.064004, -2.09253], [104.06406, -2.092478], [104.064062, -2.092477], [104.064099, -2.092432], [104.064135, -2.092415], [104.064137, -2.092415], [104.064141, -2.092412], [104.064233, -2.09232], [104.064285, -2.092287], [104.064288, -2.092285], [104.064349, -2.092224], [104.064392, -2.092184], [104.064462, -2.092125], [104.064516, -2.092078], [104.064517, -2.092076], [104.064555, -2.092035], [104.064621, -2.09198], [104.064719, -2.091896], [104.064747, -2.091878], [104.06475, -2.091876], [104.064783, -2.091847], [104.064825, -2.091821], [104.064826, -2.091821], [104.06489, -2.091781], [104.064891, -2.09178], [104.064936, -2.091746], [104.064937, -2.091745], [104.065045, -2.091646], [104.065046, -2.091645], [104.065097, -2.091592], [104.06513, -2.091565], [104.065131, -2.091564], [104.065186, -2.091508], [104.065264, -2.091437], [104.065342, -2.091371], [104.065411, -2.091313], [104.065413, -2.091312], [104.065443, -2.091282], [104.06548, -2.091256], [104.065483, -2.091254], [104.065543, -2.091195], [104.065635, -2.091122], [104.065699, -2.091078], [104.065702, -2.091076], [104.065764, -2.091013], [104.065765, -2.091012], [104.065793, -2.090978], [104.065864, -2.090907], [104.065921, -2.090858], [104.065976, -2.090816], [104.066012, -2.090802], [104.066066, -2.090807], [104.066144, -2.09086], [104.066145, -2.090861], [104.066154, -2.090863], [104.066195, -2.090863], [104.066203, -2.090861], [104.066262, -2.090833], [104.066263, -2.090833], [104.066264, -2.090832], [104.066324, -2.090789], [104.066327, -2.090787], [104.066374, -2.09074], [104.066415, -2.090714], [104.066451, -2.090722], [104.066473, -2.090743], [104.066498, -2.090827], [104.06652, -2.090906], [104.066543, -2.090985], [104.066571, -2.091094], [104.066576, -2.091167], [104.066577, -2.091209], [104.066577, -2.091213], [104.066589, -2.091268], [104.066607, -2.091351], [104.066605, -2.091386], [104.066605, -2.091387], [104.066605, -2.091391], [104.066614, -2.091429], [104.066608, -2.091464], [104.066608, -2.091467], [104.066608, -2.09147], [104.066616, -2.091511], [104.066626, -2.091602], [104.066635, -2.091671], [104.066635, -2.091751], [104.066635, -2.091754], [104.066639, -2.091781], [104.06664, -2.091785], [104.06666, -2.091836], [104.066663, -2.091912], [104.066663, -2.091913], [104.066672, -2.091991], [104.066679, -2.092049], [104.06667, -2.092135], [104.06667, -2.092136], [104.066667, -2.09218], [104.066647, -2.092269], [104.066625, -2.092349], [104.066581, -2.09245], [104.066533, -2.092559], [104.066532, -2.09256], [104.066491, -2.092683], [104.066454, -2.092768], [104.066453, -2.092769], [104.066425, -2.092844], [104.066425, -2.092845], [104.066397, -2.092944], [104.06636, -2.093022], [104.06631, -2.093124], [104.066292, -2.093155], [104.066231, -2.093262], [104.066206, -2.093297], [104.066171, -2.093342], [104.06617, -2.093344], [104.066148, -2.093378], [104.066099, -2.093424], [104.066098, -2.093425], [104.066058, -2.093469], [104.066056, -2.093471], [104.066028, -2.093514], [104.065952, -2.093586], [104.065883, -2.093647], [104.065847, -2.093679], [104.065777, -2.093732], [104.065776, -2.093732], [104.065711, -2.093788], [104.06564, -2.093847], [104.065639, -2.093849], [104.065584, -2.093909], [104.065571, -2.093916], [104.06554, -2.093933], [104.065539, -2.093933], [104.065536, -2.093936], [104.065463, -2.094002], [104.065462, -2.094002], [104.065429, -2.094036], [104.065338, -2.094107], [104.065257, -2.094169], [104.065256, -2.09417], [104.065203, -2.094217], [104.065202, -2.094218], [104.065149, -2.094276], [104.065114, -2.094297], [104.06511, -2.0943], [104.065074, -2.094338], [104.065023, -2.094386], [104.064953, -2.094449], [104.06492, -2.094476], [104.064918, -2.094478], [104.064868, -2.09453], [104.064819, -2.094583], [104.064818, -2.094583], [104.064795, -2.09461], [104.064758, -2.094645], [104.064756, -2.094647], [104.064711, -2.094706], [104.06466, -2.094757], [104.064624, -2.094793], [104.064623, -2.094795], [104.064596, -2.09483], [104.064568, -2.094855], [104.064567, -2.094856], [104.064543, -2.094881], [104.064513, -2.094915], [104.06448, -2.094947], [104.064435, -2.094991], [104.064394, -2.095028], [104.064353, -2.095063], [104.064314, -2.095092], [104.064312, -2.095093], [104.064236, -2.09517], [104.064185, -2.095221], [104.064148, -2.095254], [104.064146, -2.095255], [104.064104, -2.095305], [104.064049, -2.095368], [104.064048, -2.095368], [104.063969, -2.095461], [104.06391, -2.09553], [104.063909, -2.095531], [104.06386, -2.095599], [104.063806, -2.095658], [104.063778, -2.095683], [104.063763, -2.095692], [104.063758, -2.095697], [104.063702, -2.095766], [104.063679, -2.095796], [104.063641, -2.095835], [104.063639, -2.095837], [104.063606, -2.095883], [104.06358, -2.095909], [104.063576, -2.095913], [104.063576, -2.095915], [104.063562, -2.095946], [104.063499, -2.096007], [104.063497, -2.096011], [104.063464, -2.096065], [104.063422, -2.096123], [104.063381, -2.09618], [104.06338, -2.096181], [104.063352, -2.09622], [104.063324, -2.096249], [104.063323, -2.09625], [104.063291, -2.096287], [104.06329, -2.096289], [104.063258, -2.096339], [104.063258, -2.09634], [104.063219, -2.096405], [104.063186, -2.096452], [104.063185, -2.096453], [104.063185, -2.096455], [104.063161, -2.09651], [104.06316, -2.096512], [104.063142, -2.09657], [104.063141, -2.096573], [104.063134, -2.096648], [104.063134, -2.09665], [104.063134, -2.096651], [104.063138, -2.096699], [104.063129, -2.096803], [104.063116, -2.096899], [104.063113, -2.096932], [104.063093, -2.096998], [104.063092, -2.097], [104.063082, -2.097061], [104.063056, -2.097127], [104.063054, -2.097132], [104.063053, -2.097139]]], [[[104.060832, -2.097054], [104.060181, -2.096328], [104.060143, -2.096284], [104.060122, -2.096221], [104.060141, -2.0962], [104.06017, -2.096162], [104.060214, -2.096132], [104.060305, -2.096042], [104.060379, -2.095966], [104.060447, -2.095909], [104.060538, -2.095806], [104.060606, -2.09573], [104.06066, -2.095684], [104.060722, -2.095629], [104.060762, -2.095583], [104.060832, -2.097054]]]]}},
{"type": "Feature", "properties": {"ba_code": "6921", "blockid": "F23P08", "division": "04"}, "geometry": {"type": "MultiPolygon", "coordinates": [[[[104.071959, -2.110864], [104.071934, -2.115465], [104.069249, -2.115463], [104.069288, -2.108398], [104.069297, -2.10684], [104.071975, -2.107935], [104.071959, -2.110864]]]]}},
{"type": "Feature", "properties": {"ba_code": "6921", "blockid": "C38P07", "division": "01"}, "geometry": {"type": "MultiPolygon", "coordinates": [[[[104.113887, -2.134497], [104.113782, -2.143505], [104.111, -2.143484], [104.11103, -2.134442], [104.113887, -2.134497]]]]}},
{"type": "Feature", "properties": {"ba_code": "6921", "blockid": "B39P07", "division": "01"}, "geometry": {"type": "MultiPolygon", "coordinates": [[[[104.11652, -2.143655], [104.11643, -2.152757], [104.113759, -2.152764], [104.113758, -2.152636], [104.113884, -2.143643], [104.11652, -2.143655]]]]}},
{"type": "Feature", "properties": {"ba_code": "6921", "blockid": "B40P07", "division": "01"}, "geometry": {"type": "MultiPolygon", "coordinates": [[[[104.119307, -2.143679], [104.119231, -2.152773], [104.116525, -2.152757], [104.116607, -2.143665], [104.119307, -2.143679]]]]}},
{"type": "Feature", "properties": {"ba_code": "6921", "blockid": "B46P06", "division": "01"}, "geometry": {"type": "MultiPolygon", "coordinates": [[[[104.136136, -2.143784], [104.136134, -2.143982], [104.136131, -2.144261], [104.136125, -2.144611], [104.136118, -2.145033], [104.136114, -2.145324], [104.136113, -2.14554], [104.136112, -2.145913], [104.136107, -2.146285], [104.136102, -2.146639], [104.136101, -2.146995], [104.1361, -2.147316], [104.136098, -2.147671], [104.136097, -2.147908], [104.136096, -2.148239], [104.136094, -2.148568], [104.136093, -2.148864], [104.136089, -2.152886], [104.133351, -2.152847], [104.133434, -2.143783], [104.136136, -2.143784]]]]}},
{"type": "Feature", "properties": {"ba_code": "6921", "blockid": "B29P07", "division": "02"}, "geometry": {"type": "MultiPolygon", "coordinates": [[[[104.088562, -2.14334], [104.088492, -2.152432], [104.085787, -2.152398], [104.085844, -2.143332], [104.088562, -2.14334]]]]}},
{"type": "Feature", "properties": {"ba_code": "6921", "blockid": "A33P07", "division": "02"}, "geometry": {"type": "MultiPolygon", "coordinates": [[[[104.099605, -2.163032], [104.096907, -2.162902], [104.096988, -2.152677], [104.099692, -2.152718], [104.099605, -2.163032]]]]}},
{"type": "Feature", "properties": {"ba_code": "6921", "blockid": "A31P09", "division": "02"}, "geometry": {"type": "MultiPolygon", "coordinates": [[[[104.094035, -2.162703], [104.09131, -2.163202], [104.09143, -2.152621], [104.094113, -2.152598], [104.094035, -2.162703]]]]}},
{"type": "Feature", "properties": {"ba_code": "6921", "blockid": "F25P09", "division": "06"}, "geometry": {"type": "MultiPolygon", "coordinates": [[[[104.074904, -2.109184], [104.075983, -2.109791], [104.07772, -2.112503], [104.077692, -2.115476], [104.076957, -2.115474], [104.074865, -2.11547], [104.074877, -2.113565], [104.074904, -2.109184]]]]}},
{"type": "Feature", "properties": {"ba_code": "6921", "blockid": "F15P12", "division": "06"}, "geometry": {"type": "MultiPolygon", "coordinates": [[[[104.044839, -2.109894], [104.046956, -2.107942], [104.046955, -2.108058], [104.046962, -2.108098], [104.046994, -2.110421], [104.046992, -2.110485], [104.046825, -2.110461], [104.046653, -2.110412], [104.0465, -2.110369], [104.046285, -2.11031], [104.04605, -2.110246], [104.045814, -2.110173], [104.045601, -2.110115], [104.0456, -2.110115], [104.045384, -2.110059], [104.045195, -2.110005], [104.045075, -2.109967], [104.045074, -2.109967], [104.045031, -2.109956], [104.04503, -2.109955], [104.044966, -2.109943], [104.044964, -2.109943], [104.044904, -2.109941], [104.04487, -2.109927], [104.044851, -2.109912], [104.044841, -2.109897], [104.044839, -2.109894]]]]}},
{"type": "Feature", "properties": {"ba_code": "6921", "blockid": "A30P08", "division": "02"}, "geometry": {"type": "MultiPolygon", "coordinates": [[[[104.088523, -2.163761], [104.088582, -2.152558], [104.091323, -2.152621], [104.09116, -2.163288], [104.090482, -2.163419], [104.088523, -2.163761]]]]}},
{"type": "Feature", "properties": {"ba_code": "6921", "blockid": "C46P08", "division": "01"}, "geometry": {"type": "MultiPolygon", "coordinates": [[[[104.133441, -2.143656], [104.133507, -2.136663], [104.135713, -2.136675], [104.135762, -2.143656], [104.133441, -2.143656]]]]}},
{"type": "Feature", "properties": {"ba_code": "6921", "blockid": "C35P07", "division": "02"}, "geometry": {"type": "MultiPolygon", "coordinates": [[[[104.105408, -2.143479], [104.102702, -2.14344], [104.102801, -2.13438], [104.105527, -2.134407], [104.105408, -2.143479]]]]}},
{"type": "Feature", "properties": {"ba_code": "6921", "blockid": "A32P07", "division": "02"}, "geometry": {"type": "MultiPolygon", "coordinates": [[[[104.094143, -2.162791], [104.094202, -2.152615], [104.096893, -2.152677], [104.096812, -2.162897], [104.094143, -2.162791]]]]}},
{"type": "Feature", "properties": {"ba_code": "6921", "blockid": "G22P11", "division": "04"}, "geometry": {"type": "MultiPolygon", "coordinates": [[[[104.067225, -2.106522], [104.065966, -2.106521], [104.065968, -2.105416], [104.06597, -2.10397], [104.069221, -2.104652], [104.069189, -2.106524], [104.067225, -2.106522]]], [[[104.065975, -2.102327], [104.066046, -2.102359], [104.066111, -2.102411], [104.066179, -2.102464], [104.066261, -2.102527], [104.06632, -2.102578], [104.066357, -2.102609], [104.066406, -2.10265], [104.066455, -2.102695], [104.066488, -2.102724], [104.066533, -2.102766], [104.066566, -2.102797], [104.066618, -2.102827], [104.066673, -2.102859], [104.066709, -2.10288], [104.066745, -2.102901], [104.066772, -2.102917], [104.066804, -2.102936], [104.066856, -2.10297], [104.066908, -2.103004], [104.066954, -2.103034], [104.067004, -2.103067], [104.06705, -2.103102], [104.067092, -2.103134], [104.06714, -2.103171], [104.067183, -2.103203], [104.067263, -2.103278], [104.067372, -2.103359], [104.067401, -2.10338], [104.067448, -2.103419], [104.067501, -2.103462], [104.06758, -2.103527], [104.06764, -2.103576], [104.067702, -2.103627], [104.067759, -2.103664], [104.067825, -2.10371], [104.067931, -2.10378], [104.068024, -2.103855], [104.068072, -2.103888], [104.068134, -2.103932], [104.06817, -2.103951], [104.068211, -2.103971], [104.06826, -2.103994], [104.068319, -2.104022], [104.068402, -2.104075], [104.068459, -2.104109], [104.068537, -2.104172], [104.068578, -2.104205], [104.068757, -2.104293], [104.068837, -2.104334], [104.068965, -2.104378], [104.069009, -2.104409], [104.069034, -2.104427], [104.06905, -2.104466], [104.069048, -2.104555], [104.067667, -2.10426], [104.067476, -2.104223], [104.06733, -2.104193], [104.06674, -2.10407], [104.066613, -2.104042], [104.066468, -2.104008], [104.066344, -2.103979], [104.066277, -2.103965], [104.066215, -2.103952], [104.065963, -2.103896], [104.065975, -2.102327]]]]}},
{"type": "Feature", "properties": {"ba_code": "6921", "blockid": "A23P09", "division": "06"}, "geometry": {"type": "MultiPolygon", "coordinates": [[[[104.071596, -2.163262], [104.069135, -2.162595], [104.068846, -2.162517], [104.068981, -2.152326], [104.071667, -2.152367], [104.071599, -2.162777], [104.071596, -2.163262]]]]}},
{"type": "Feature", "properties": {"ba_code": "6921", "blockid": "C48P07", "division": "01"}, "geometry": {"type": "MultiPolygon", "coordinates": [[[[104.141372, -2.143679], [104.139486, -2.143674], [104.139462, -2.136694], [104.139744, -2.136696], [104.141282, -2.136705], [104.141385, -2.143679], [104.141372, -2.143679]]]]}},
{"type": "Feature", "properties": {"ba_code": "6921", "blockid": "C42P10", "division": "01"}, "geometry": {"type": "MultiPolygon", "coordinates": [[[[104.122352, -2.139114], [104.122862, -2.139088], [104.12283, -2.13877], [104.123461, -2.138763], [104.123529, -2.13876], [104.123584, -2.138771], [104.123644, -2.138776], [104.123815, -2.138756], [104.12388, -2.138766], [104.123962, -2.138769], [104.124008, -2.138758], [104.124093, -2.138769], [104.124093, -2.138742], [104.124097, -2.138734], [104.124093, -2.138516], [104.124095, -2.137555], [104.124997, -2.137564], [104.124969, -2.139368], [104.122351, -2.139368], [104.122352, -2.139114]]]]}},
{"type": "Feature", "properties": {"ba_code": "6921", "blockid": "A43P09", "division": "05"}, "geometry": {"type": "MultiPolygon", "coordinates": [[[[104.127583, -2.158034], [104.127572, -2.159801], [104.12491, -2.160434], [104.12492, -2.159271], [104.124933, -2.15842], [104.124965, -2.156703], [104.124951, -2.155497], [104.124945, -2.154547], [104.12495, -2.153771], [104.124944, -2.152922], [104.127638, -2.152919], [104.127639, -2.152945], [104.127583, -2.158034]]]]}},
{"type": "Feature", "properties": {"ba_code": "6921", "blockid": "A27P19", "division": "03"}, "geometry": {"type": "MultiPolygon", "coordinates": [[[[104.082847, -2.158425], [104.082822, -2.161528], [104.082805, -2.163611], [104.082795, -2.16483], [104.08109, -2.16489], [104.081092, -2.164869], [104.081207, -2.163572], [104.081388, -2.161525], [104.081645, -2.158625], [104.081748, -2.158561], [104.081739, -2.158409], [104.082847, -2.158425]]]]}},
{"type": "Feature", "properties": {"ba_code": "6921", "blockid": "A41P07", "division": "01"}, "geometry": {"type": "MultiPolygon", "coordinates": [[[[104.122074, -2.16077], [104.122075, -2.161091], [104.119253, -2.161759], [104.11932, -2.152907], [104.12213, -2.152925], [104.122128, -2.152925], [104.122075, -2.160594], [104.122074, -2.16077]]]]}},
{"type": "Feature", "properties": {"ba_code": "6921", "blockid": "D25P08", "division": "03"}, "geometry": {"type": "MultiPolygon", "coordinates": [[[[104.074713, -2.133831], [104.074806, -2.124792], [104.077591, -2.124819], [104.077428, -2.133867], [104.074713, -2.133831]]]]}},
{"type": "Feature", "properties": {"ba_code": "6921", "blockid": "B37P07", "division": "02"}, "geometry": {"type": "MultiPolygon", "coordinates": [[[[104.110872, -2.152727], [104.108164, -2.152694], [104.108253, -2.143586], [104.110906, -2.14361], [104.110872, -2.152727]]]]}},
{"type": "Feature", "properties": {"ba_code": "6921", "blockid": "G20P11", "division": "04"}, "geometry": {"type": "MultiPolygon", "coordinates": [[[[104.06358, -2.102464], [104.063575, -2.102513], [104.063576, -2.102954], [104.063567, -2.103264], [104.063568, -2.103346], [104.063569, -2.103401], [104.062256, -2.103094], [104.061941, -2.102941], [104.06125, -2.102594], [104.061007, -2.102478], [104.060975, -2.101028], [104.060891, -2.097219], [104.063538, -2.099998], [104.06358, -2.102464]]], [[[104.063559, -2.103482], [104.063529, -2.106506], [104.061041, -2.106479], [104.061015, -2.102575], [104.061032, -2.102582], [104.061746, -2.10293], [104.062208, -2.103154], [104.063559, -2.103482]]], [[[104.060915, -2.097139], [104.062127, -2.097139], [104.063053, -2.097139], [104.063071, -2.097139], [104.063046, -2.097206], [104.063033, -2.097254], [104.062999, -2.097361], [104.062966, -2.097445], [104.062962, -2.097474], [104.062955, -2.097513], [104.062933, -2.097568], [104.062895, -2.097693], [104.062877, -2.097758], [104.062853, -2.097833], [104.062834, -2.097899], [104.06282, -2.097971], [104.062831, -2.098018], [104.062841, -2.098097], [104.062853, -2.098153], [104.062865, -2.09819], [104.062887, -2.098256], [104.062918, -2.098357], [104.062952, -2.098468], [104.06299, -2.098586], [104.063001, -2.098642], [104.063023, -2.098707], [104.06303, -2.098745], [104.063048, -2.098791], [104.063072, -2.098858], [104.063084, -2.098892], [104.063098, -2.098945], [104.063117, -2.099009], [104.063135, -2.099072], [104.063154, -2.099149], [104.063173, -2.099234], [104.063184, -2.099271], [104.063205, -2.099321], [104.063227, -2.099392], [104.063242, -2.099444], [104.063265, -2.099597], [104.060915, -2.097139]]]]}},
{"type": "Feature", "properties": {"ba_code": "6921", "blockid": "A37P07", "division": "01"}, "geometry": {"type": "MultiPolygon", "coordinates": [[[[104.110838, -2.163575], [104.108044, -2.163434], [104.108163, -2.15282], [104.110872, -2.152853], [104.110838, -2.163575]]]]}},
{"type": "Feature", "properties": {"ba_code": "6921", "blockid": "B33P07", "division": "02"}, "geometry": {"type": "MultiPolygon", "coordinates": [[[[104.096992, -2.152551], [104.097045, -2.143489], [104.099752, -2.143516], [104.09969, -2.152592], [104.096992, -2.152551]]]]}},
{"type": "Feature", "properties": {"ba_code": "6921", "blockid": "A19P09", "division": "06"}, "geometry": {"type": "MultiPolygon", "coordinates": [[[[104.057938, -2.152226], [104.060606, -2.152249], [104.06043, -2.160286], [104.060418, -2.160291], [104.060402, -2.160301], [104.060382, -2.160303], [104.060358, -2.160307], [104.060336, -2.160308], [104.060311, -2.160309], [104.060285, -2.160308], [104.060261, -2.160309], [104.060239, -2.160307], [104.060214, -2.160305], [104.060191, -2.160303], [104.060166, -2.160305], [104.060145, -2.160302], [104.060121, -2.160294], [104.060097, -2.160289], [104.060071, -2.160291], [104.060047, -2.160298], [104.060022, -2.160299], [104.059997, -2.160295], [104.059969, -2.160293], [104.059944, -2.160292], [104.05992, -2.160293], [104.059896, -2.160296], [104.05987, -2.160293], [104.059844, -2.160295], [104.059822, -2.160293], [104.059798, -2.160291], [104.059771, -2.160289], [104.059748, -2.160277], [104.059729, -2.160267], [104.059709, -2.160263], [104.059684, -2.160265], [104.059661, -2.160267], [104.059641, -2.160256], [104.059622, -2.160245], [104.059598, -2.160242], [104.059573, -2.160236], [104.059554, -2.160224], [104.059531, -2.160213], [104.059513, -2.1602], [104.059489, -2.160197], [104.059466, -2.160194], [104.059441, -2.160191], [104.059416, -2.160184], [104.059392, -2.160175], [104.059369, -2.160165], [104.059351, -2.160154], [104.059331, -2.160149], [104.059309, -2.160156], [104.059284, -2.160157], [104.059259, -2.160147], [104.059236, -2.160135], [104.059213, -2.16013], [104.05919, -2.160128], [104.059168, -2.160117], [104.059146, -2.160104], [104.059122, -2.160097], [104.059098, -2.16009], [104.059073, -2.160082], [104.059048, -2.160082], [104.059026, -2.16008], [104.059001, -2.160077], [104.058973, -2.160078], [104.058946, -2.160076], [104.058923, -2.160079], [104.0589, -2.160084], [104.058875, -2.160089], [104.058851, -2.160093], [104.058825, -2.160088], [104.0588, -2.160082], [104.058773, -2.160079], [104.058745, -2.160082], [104.058717, -2.160084], [104.058692, -2.160085], [104.058669, -2.160076], [104.058646, -2.160067], [104.05862, -2.160063], [104.058595, -2.160067], [104.058571, -2.160068], [104.058546, -2.16007], [104.058517, -2.160067], [104.058489, -2.160066], [104.058462, -2.160064], [104.058438, -2.16006], [104.058413, -2.160057], [104.058388, -2.160052], [104.058364, -2.16005], [104.058339, -2.16005], [104.058315, -2.16005], [104.058291, -2.160047], [104.058264, -2.16004], [104.058234, -2.160035], [104.058207, -2.160033], [104.05818, -2.160029], [104.058155, -2.160023], [104.058132, -2.160012], [104.058107, -2.160001], [104.058081, -2.159998], [104.058057, -2.160001], [104.058033, -2.159994], [104.05801, -2.159991], [104.057983, -2.15999], [104.057958, -2.159986], [104.057935, -2.159978], [104.057887, -2.159967], [104.057938, -2.152226]]]]}},
{"type": "Feature", "properties": {"ba_code": "6921", "blockid": "A22P11", "division": "06"}, "geometry": {"type": "MultiPolygon", "coordinates": [[[[104.066248, -2.152299], [104.068886, -2.152327], [104.068764, -2.162467], [104.06864, -2.162449], [104.068239, -2.162365], [104.067696, -2.162277], [104.067202, -2.162224], [104.066849, -2.162233], [104.066628, -2.162221], [104.066373, -2.162188], [104.066269, -2.162153], [104.066248, -2.152299]]]]}},
{"type": "Feature", "properties": {"ba_code": "6921", "blockid": "D29P09", "division": "05"}, "geometry": {"type": "MultiPolygon", "coordinates": [[[[104.088658, -2.13149], [104.088601, -2.134058], [104.085896, -2.133979], [104.085924, -2.131458], [104.085937, -2.130248], [104.088679, -2.130532], [104.088658, -2.13149]]]]}},
{"type": "Feature", "properties": {"ba_code": "6921", "blockid": "A25P08", "division": "03"}, "geometry": {"type": "MultiPolygon", "coordinates": [[[[104.075161, -2.163418], [104.075159, -2.163178], [104.074444, -2.163147], [104.074556, -2.152396], [104.077258, -2.15242], [104.077235, -2.163471], [104.077232, -2.164944], [104.076464, -2.165021], [104.075174, -2.16502], [104.075161, -2.163418]]]]}},
{"type": "Feature", "properties": {"ba_code": "6921", "blockid": "A35P07", "division": "02"}, "geometry": {"type": "MultiPolygon", "coordinates": [[[[104.105192, -2.16329], [104.102528, -2.163156], [104.102623, -2.152747], [104.105313, -2.152773], [104.105192, -2.16329]]]]}},
{"type": "Feature", "properties": {"ba_code": "6921", "blockid": "A46P09", "division": "05"}, "geometry": {"type": "MultiPolygon", "coordinates": [[[[104.136079, -2.154118], [104.13604, -2.157764], [104.135888, -2.157815], [104.135715, -2.157855], [104.134725, -2.158074], [104.134286, -2.158177], [104.133908, -2.158272], [104.133401, -2.158401], [104.133308, -2.158424], [104.133333, -2.155376], [104.133352, -2.152991], [104.13609, -2.153031], [104.136079, -2.154118]]]]}},
{"type": "Feature", "properties": {"ba_code": "6921", "blockid": "C32P07", "division": "02"}, "geometry": {"type": "MultiPolygon", "coordinates": [[[[104.096951, -2.143363], [104.094252, -2.143328], [104.09433, -2.134282], [104.097053, -2.134329], [104.096951, -2.143363]]]]}},
{"type": "Feature", "properties": {"ba_code": "6921", "blockid": "F20P10", "division": "04"}, "geometry": {"type": "MultiPolygon", "coordinates": [[[[104.063501, -2.115464], [104.060895, -2.115454], [104.061035, -2.106605], [104.063528, -2.106632], [104.063501, -2.115464]]]]}},
{"type": "Feature", "properties": {"ba_code": "6921", "blockid": "B19P10", "division": "06"}, "geometry": {"type": "MultiPolygon", "coordinates": [[[[104.057942, -2.14293], [104.060646, -2.142957], [104.060606, -2.152123], [104.057938, -2.152101], [104.057942, -2.14293]]]]}},
{"type": "Feature", "properties": {"ba_code": "6921", "blockid": "D30P09", "division": "05"}, "geometry": {"type": "MultiPolygon", "coordinates": [[[[104.091446, -2.131523], [104.0914, -2.134106], [104.088695, -2.134058], [104.088751, -2.131491], [104.088772, -2.130536], [104.091463, -2.130575], [104.091446, -2.131523]]]]}},
{"type": "Feature", "properties": {"ba_code": "6921", "blockid": "E24P08", "division": "04"}, "geometry": {"type": "MultiPolygon", "coordinates": [[[[104.074711, -2.124666], [104.071973, -2.124646], [104.072026, -2.115591], [104.074771, -2.115596], [104.074711, -2.124666]]]]}},
{"type": "Feature", "properties": {"ba_code": "6921", "blockid": "C33P07", "division": "02"}, "geometry": {"type": "MultiPolygon", "coordinates": [[[[104.099752, -2.14339], [104.097045, -2.143363], [104.097147, -2.134329], [104.099848, -2.134366], [104.099752, -2.14339]]]]}},
{"type": "Feature", "properties": {"ba_code": "6921", "blockid": "B18P09", "division": "06"}, "geometry": {"type": "MultiPolygon", "coordinates": [[[[104.055307, -2.142911], [104.057845, -2.142929], [104.057843, -2.152102], [104.055342, -2.152072], [104.055307, -2.142911]]]]}},
{"type": "Feature", "properties": {"ba_code": "6921", "blockid": "E18P09", "division": "04"}, "geometry": {"type": "MultiPolygon", "coordinates": [[[[104.057929, -2.124521], [104.055347, -2.124528], [104.055296, -2.115573], [104.057956, -2.115577], [104.057929, -2.124521]]]]}},
{"type": "Feature", "properties": {"ba_code": "6921", "blockid": "C42P10", "division": "01"}, "geometry": {"type": "MultiPolygon", "coordinates": [[[[104.122351, -2.139368], [104.124969, -2.139368], [104.124917, -2.142704], [104.122345, -2.142759], [104.122351, -2.139368]]]]}},
{"type": "Feature", "properties": {"ba_code": "6921", "blockid": "G19P11", "division": "04"}, "geometry": {"type": "MultiPolygon", "coordinates": [[[[104.060921, -2.102532], [104.060946, -2.106479], [104.05809, -2.106451], [104.058052, -2.103705], [104.05802, -2.101992], [104.05905, -2.101973], [104.060921, -2.102532]]]]}},
{"type": "Feature", "properties": {"ba_code": "6921", "blockid": "C37P07", "division": "02"}, "geometry": {"type": "MultiPolygon", "coordinates": [[[[104.110906, -2.143484], [104.108253, -2.14346], [104.108322, -2.134433], [104.110936, -2.134442], [104.110906, -2.143484]]]]}},
{"type": "Feature", "properties": {"ba_code": "6921", "blockid": "D35P11", "division": "05"}, "geometry": {"type": "MultiPolygon", "coordinates": [[[[104.102834, -2.130847], [104.103054, -2.130991], [104.103552, -2.131388], [104.103591, -2.131416], [104.103635, -2.131447], [104.103676, -2.131471], [104.103711, -2.131498], [104.103745, -2.131525], [104.103785, -2.131553], [104.103823, -2.131572], [104.103861, -2.131595], [104.103908, -2.131622], [104.103943, -2.131639], [104.103981, -2.131671], [104.104016, -2.131706], [104.104052, -2.131736], [104.104102, -2.13175], [104.104143, -2.131765], [104.10419, -2.131782], [104.104233, -2.131805], [104.104277, -2.131819], [104.104325, -2.131839], [104.104371, -2.131857], [104.104412, -2.131875], [104.104463, -2.13189], [104.104508, -2.1319], [104.10453, -2.131906], [104.104566, -2.13192], [104.1046, -2.131931], [104.104638, -2.131942], [104.104669, -2.131948], [104.104717, -2.13195], [104.10474, -2.131963], [104.104782, -2.131971], [104.104822, -2.131991], [104.104865, -2.132004], [104.104902, -2.132016], [104.104945, -2.13203], [104.10499, -2.132047], [104.105036, -2.132066], [104.105087, -2.132079], [104.10513, -2.132094], [104.105185, -2.13211], [104.105233, -2.132127], [104.10528, -2.132139], [104.105323, -2.132156], [104.105372, -2.132166], [104.105423, -2.132176], [104.10547, -2.13218], [104.10552, -2.132188], [104.105536, -2.1322], [104.105541, -2.132201], [104.105538, -2.132558], [104.105537, -2.132851], [104.102824, -2.131398], [104.102834, -2.130847]]]]}},
{"type": "Feature", "properties": {"ba_code": "6921", "blockid": "A48P09", "division": "05"}, "geometry": {"type": "MultiPolygon", "coordinates": [[[[104.141607, -2.153074], [104.141574, -2.15622], [104.141388, -2.156275], [104.141078, -2.156368], [104.14072, -2.156489], [104.140473, -2.156567], [104.140041, -2.15671], [104.139743, -2.156814], [104.139489, -2.156896], [104.139174, -2.157], [104.138995, -2.157071], [104.138931, -2.157089], [104.138958, -2.153056], [104.141607, -2.153074]]]]}},
{"type": "Feature", "properties": {"ba_code": "6921", "blockid": "A15P10", "division": "06"}, "geometry": {"type": "MultiPolygon", "coordinates": [[[[104.046863, -2.157552], [104.047009, -2.152107], [104.049696, -2.15213], [104.049612, -2.158123], [104.049457, -2.1581], [104.049436, -2.158095], [104.049414, -2.158088], [104.049388, -2.158084], [104.049362, -2.15808], [104.049338, -2.158077], [104.049315, -2.158073], [104.049291, -2.158066], [104.049271, -2.158058], [104.049247, -2.158053], [104.049222, -2.15805], [104.049197, -2.158047], [104.049172, -2.158046], [104.049149, -2.158046], [104.049124, -2.158044], [104.049098, -2.158042], [104.049074, -2.158039], [104.049052, -2.158035], [104.049028, -2.158032], [104.049004, -2.158029], [104.04898, -2.158025], [104.048958, -2.158021], [104.048937, -2.158016], [104.048916, -2.158004], [104.048895, -2.157993], [104.048873, -2.157991], [104.048847, -2.157992], [104.048821, -2.157989], [104.048796, -2.157986], [104.048771, -2.157985], [104.048746, -2.157985], [104.04872, -2.157983], [104.048694, -2.157977], [104.04867, -2.157972], [104.048645, -2.157969], [104.04862, -2.157965], [104.048595, -2.157959], [104.048569, -2.157955], [104.048545, -2.157954], [104.048518, -2.157951], [104.048491, -2.157946], [104.048465, -2.157941], [104.048442, -2.157937], [104.048419, -2.157935], [104.048393, -2.15793], [104.048368, -2.157925], [104.048345, -2.157922], [104.04832, -2.157917], [104.048293, -2.157915], [104.048267, -2.157916], [104.048243, -2.157913], [104.048217, -2.157912], [104.048189, -2.15791], [104.048165, -2.157902], [104.048143, -2.157893], [104.048118, -2.157892], [104.048091, -2.157888], [104.047799, -2.157839], [104.047778, -2.157834], [104.047756, -2.157829], [104.04773, -2.157823], [104.047704, -2.157816], [104.047678, -2.157811], [104.047655, -2.157806], [104.047605, -2.157797], [104.047579, -2.157789], [104.047556, -2.157784], [104.04753, -2.157782], [104.047503, -2.157779], [104.047479, -2.157773], [104.047457, -2.157767], [104.047431, -2.157762], [104.047404, -2.157756], [104.047378, -2.157751], [104.047353, -2.157748], [104.047329, -2.157744], [104.047306, -2.157738], [104.047281, -2.157735], [104.047255, -2.157732], [104.047232, -2.157727], [104.047209, -2.157719], [104.047182, -2.157716], [104.04716, -2.157711], [104.047138, -2.157706], [104.047118, -2.157695], [104.047093, -2.157689], [104.047072, -2.157681], [104.047051, -2.157669], [104.047028, -2.15766], [104.047005, -2.157653], [104.046985, -2.15764], [104.046863, -2.157552]]]]}},
{"type": "Feature", "properties": {"ba_code": "6921", "blockid": "B24P10", "division": "06"}, "geometry": {"type": "MultiPolygon", "coordinates": [[[[104.07176, -2.152241], [104.071869, -2.143105], [104.07457, -2.14315], [104.074464, -2.15227], [104.07176, -2.152241]]]]}},
{"type": "Feature", "properties": {"ba_code": "6921", "blockid": "A50P09", "division": "05"}, "geometry": {"type": "MultiPolygon", "coordinates": [[[[104.147424, -2.154397], [104.147448, -2.153202], [104.150155, -2.153203], [104.150136, -2.153574], [104.147424, -2.154397]]], [[[104.151245, -2.153221], [104.150262, -2.153534], [104.150268, -2.153202], [104.151245, -2.153221]]]]}},
{"type": "Feature", "properties": {"ba_code": "6921", "blockid": "E21P08", "division": "04"}, "geometry": {"type": "MultiPolygon", "coordinates": [[[[104.063591, -2.11559], [104.066065, -2.115584], [104.066249, -2.124593], [104.063547, -2.12459], [104.063591, -2.11559]]]]}},
{"type": "Feature", "properties": {"ba_code": "6921", "blockid": "C20P10", "division": "03"}, "geometry": {"type": "MultiPolygon", "coordinates": [[[[104.060737, -2.142825], [104.060818, -2.133705], [104.063479, -2.133747], [104.063471, -2.142858], [104.060737, -2.142825]]]]}},
{"type": "Feature", "properties": {"ba_code": "6921", "blockid": "D21P10", "division": "03"}, "geometry": {"type": "MultiPolygon", "coordinates": [[[[104.06625, -2.126499], [104.06625, -2.126837], [104.066239, -2.126907], [104.066207, -2.133674], [104.06357, -2.133623], [104.063561, -2.126951], [104.06355, -2.126777], [104.063549, -2.126523], [104.06625, -2.126499]]]]}},
{"type": "Feature", "properties": {"ba_code": "6921", "blockid": "B22P10", "division": "06"}, "geometry": {"type": "MultiPolygon", "coordinates": [[[[104.069003, -2.143057], [104.068923, -2.144932], [104.068887, -2.152201], [104.066248, -2.152174], [104.066276, -2.143021], [104.069003, -2.143057]]]]}},
{"type": "Feature", "properties": {"ba_code": "6921", "blockid": "F26P09", "division": "06"}, "geometry": {"type": "MultiPolygon", "coordinates": [[[[104.077814, -2.112541], [104.077812, -2.111979], [104.080333, -2.114183], [104.080334, -2.115474], [104.077786, -2.115476], [104.077814, -2.112541]]]]}},
{"type": "Feature", "properties": {"ba_code": "6921", "blockid": "C29P07", "division": "02"}, "geometry": {"type": "MultiPolygon", "coordinates": [[[[104.088558, -2.143214], [104.085846, -2.143206], [104.085892, -2.134105], [104.088604, -2.134182], [104.088558, -2.143214]]]]}},
{"type": "Feature", "properties": {"ba_code": "6921", "blockid": "B52P09", "division": "05"}, "geometry": {"type": "MultiPolygon", "coordinates": [[[[104.150265, -2.147578], [104.150263, -2.14503], [104.150322, -2.143975], [104.153017, -2.14401], [104.153014, -2.146321], [104.152933, -2.152572], [104.151541, -2.15302], [104.150245, -2.15299], [104.150265, -2.147578]]]]}},
{"type": "Feature", "properties": {"ba_code": "6921", "blockid": "B23P10", "division": "06"}, "geometry": {"type": "MultiPolygon", "coordinates": [[[[104.069097, -2.143054], [104.071775, -2.143105], [104.071667, -2.152241], [104.068981, -2.1522], [104.069097, -2.143054]]]]}},
{"type": "Feature", "properties": {"ba_code": "6921", "blockid": "B25P08", "division": "03"}, "geometry": {"type": "MultiPolygon", "coordinates": [[[[104.074665, -2.14315], [104.077362, -2.143182], [104.077259, -2.152294], [104.074558, -2.15227], [104.074665, -2.14315]]]]}},
{"type": "Feature", "properties": {"ba_code": "6921", "blockid": "D23P10", "division": "03"}, "geometry": {"type": "MultiPolygon", "coordinates": [[[[104.069186, -2.124749], [104.071879, -2.124772], [104.071778, -2.13377], [104.069156, -2.133735], [104.069186, -2.124749]]]]}},
{"type": "Feature", "properties": {"ba_code": "6921", "blockid": "D27P08", "division": "03"}, "geometry": {"type": "MultiPolygon", "coordinates": [[[[104.083142, -2.124817], [104.083005, -2.133938], [104.080252, -2.133925], [104.080376, -2.12481], [104.083142, -2.124817]]]]}},
{"type": "Feature", "properties": {"ba_code": "6921", "blockid": "A38P07", "division": "01"}, "geometry": {"type": "MultiPolygon", "coordinates": [[[[104.113378, -2.163116], [104.111416, -2.163581], [104.110989, -2.163578], [104.110931, -2.163578], [104.110966, -2.152853], [104.11368, -2.15289], [104.113607, -2.163062], [104.113385, -2.163115], [104.113378, -2.163116]]]]}},
{"type": "Feature", "properties": {"ba_code": "6921", "blockid": "B17P09", "division": "06"}, "geometry": {"type": "MultiPolygon", "coordinates": [[[[104.052638, -2.142934], [104.055213, -2.142911], [104.055247, -2.152072], [104.052567, -2.152038], [104.052638, -2.142934]]]]}},
{"type": "Feature", "properties": {"ba_code": "6921", "blockid": "A44P09", "division": "05"}, "geometry": {"type": "MultiPolygon", "coordinates": [[[[104.130453, -2.156703], [104.130453, -2.159116], [104.127658, -2.159785], [104.127677, -2.157991], [104.127723, -2.152919], [104.130453, -2.152917], [104.130453, -2.15295], [104.130453, -2.156703]]]]}},
{"type": "Feature", "properties": {"ba_code": "6921", "blockid": "D37P09", "division": "05"}, "geometry": {"type": "MultiPolygon", "coordinates": [[[[104.108326, -2.132982], [104.108327, -2.131935], [104.108317, -2.131658], [104.10856, -2.131443], [104.108851, -2.131441], [104.110931, -2.131448], [104.110931, -2.131932], [104.110935, -2.132972], [104.110937, -2.134318], [104.108324, -2.134307], [104.108326, -2.132982]]]]}},
{"type": "Feature", "properties": {"ba_code": "6921", "blockid": "E28P12", "division": "06"}, "geometry": {"type": "MultiPolygon", "coordinates": [[[[104.083225, -2.124694], [104.083291, -2.12014], [104.083285, -2.117942], [104.083317, -2.11793], [104.083327, -2.117936], [104.083327, -2.117937], [104.083379, -2.117966], [104.083384, -2.117968], [104.08344, -2.11798], [104.083489, -2.118004], [104.083529, -2.118025], [104.083552, -2.118044], [104.083568, -2.118069], [104.083569, -2.118072], [104.083603, -2.118111], [104.083635, -2.11815], [104.083651, -2.118189], [104.083652, -2.11819], [104.083671, -2.118231], [104.083671, -2.118232], [104.083672, -2.118232], [104.083697, -2.118274], [104.083698, -2.118276], [104.083726, -2.118313], [104.08375, -2.118357], [104.083756, -2.118389], [104.083758, -2.118394], [104.083764, -2.1184], [104.083789, -2.118416], [104.083811, -2.118456], [104.08383, -2.118492], [104.08383, -2.118493], [104.083832, -2.118495], [104.083866, -2.118539], [104.083884, -2.118584], [104.083885, -2.118586], [104.083887, -2.118588], [104.083917, -2.118625], [104.083919, -2.118628], [104.083952, -2.118657], [104.083953, -2.118657], [104.083991, -2.118688], [104.084027, -2.118726], [104.084044, -2.118748], [104.084057, -2.118782], [104.084058, -2.118784], [104.084064, -2.11879], [104.084094, -2.118811], [104.084126, -2.118833], [104.084137, -2.118856], [104.084141, -2.118895], [104.084143, -2.118902], [104.084148, -2.118907], [104.084188, -2.11894], [104.08419, -2.118941], [104.084228, -2.118965], [104.084246, -2.11899], [104.084261, -2.119038], [104.084261, -2.11904], [104.084281, -2.119091], [104.084282, -2.119093], [104.084284, -2.119095], [104.08431, -2.119129], [104.084331, -2.119167], [104.084338, -2.119213], [104.084348, -2.119264], [104.08435, -2.11927], [104.084352, -2.119273], [104.084382, -2.119307], [104.084397, -2.119349], [104.084414, -2.1194], [104.084415, -2.119403], [104.084416, -2.119403], [104.084441, -2.119444], [104.084462, -2.119492], [104.084473, -2.119548], [104.084475, -2.119553], [104.084476, -2.119554], [104.084505, -2.119597], [104.084523, -2.119643], [104.084524, -2.119645], [104.084525, -2.119645], [104.084546, -2.119681], [104.084548, -2.119709], [104.08455, -2.119716], [104.084571, -2.119756], [104.08459, -2.119801], [104.084591, -2.119803], [104.084595, -2.119807], [104.084628, -2.119837], [104.084645, -2.119887], [104.084659, -2.119928], [104.08466, -2.119931], [104.084662, -2.119933], [104.084681, -2.119957], [104.084699, -2.11999], [104.084704, -2.120035], [104.084704, -2.120037], [104.084712, -2.120075], [104.084714, -2.12008], [104.084717, -2.120084], [104.084747, -2.120115], [104.084756, -2.120164], [104.084756, -2.120165], [104.084768, -2.120214], [104.084762, -2.12026], [104.084762, -2.120262], [104.084763, -2.120266], [104.084775, -2.120318], [104.084784, -2.120373], [104.084786, -2.12043], [104.08478, -2.120483], [104.08478, -2.120485], [104.084781, -2.120536], [104.084781, -2.120538], [104.084786, -2.120591], [104.084775, -2.120636], [104.084774, -2.12064], [104.084775, -2.120688], [104.084776, -2.120694], [104.084793, -2.120742], [104.084804, -2.120785], [104.084803, -2.120828], [104.084797, -2.120877], [104.084797, -2.120879], [104.084797, -2.120882], [104.084806, -2.12093], [104.084814, -2.120983], [104.08482, -2.121033], [104.08482, -2.121035], [104.084825, -2.12106], [104.084827, -2.121065], [104.084844, -2.121096], [104.084849, -2.121142], [104.084849, -2.121143], [104.084856, -2.121179], [104.084857, -2.121181], [104.084871, -2.121225], [104.084871, -2.121227], [104.084887, -2.121268], [104.084876, -2.121295], [104.084874, -2.121302], [104.084874, -2.121303], [104.084876, -2.121334], [104.084877, -2.121338], [104.084892, -2.121389], [104.084896, -2.121443], [104.084896, -2.121445], [104.084906, -2.121497], [104.084906, -2.121498], [104.084919, -2.121553], [104.084928, -2.121611], [104.084937, -2.121672], [104.084937, -2.121673], [104.08495, -2.121732], [104.084959, -2.121797], [104.084965, -2.121851], [104.084966, -2.121856], [104.084985, -2.121903], [104.084984, -2.121946], [104.08497, -2.121978], [104.084969, -2.121985], [104.084971, -2.121994], [104.084983, -2.122015], [104.084982, -2.122048], [104.084975, -2.122089], [104.084956, -2.122138], [104.084955, -2.122142], [104.084948, -2.122198], [104.084948, -2.122199], [104.084944, -2.122247], [104.084926, -2.122293], [104.084925, -2.122299], [104.084921, -2.12235], [104.084916, -2.122396], [104.084907, -2.122448], [104.084896, -2.122493], [104.084879, -2.122523], [104.084877, -2.122532], [104.084878, -2.122536], [104.084884, -2.122564], [104.084872, -2.122608], [104.084871, -2.122611], [104.084866, -2.122667], [104.084846, -2.122714], [104.084845, -2.12272], [104.084842, -2.122776], [104.08483, -2.122827], [104.08483, -2.122829], [104.084825, -2.122881], [104.084816, -2.12293], [104.084806, -2.122984], [104.084788, -2.123031], [104.084788, -2.123032], [104.084773, -2.12308], [104.084749, -2.123124], [104.084748, -2.123126], [104.084729, -2.12317], [104.084704, -2.123204], [104.084703, -2.123206], [104.084701, -2.123211], [104.084692, -2.123256], [104.084692, -2.123258], [104.084686, -2.123308], [104.084686, -2.12331], [104.084686, -2.12336], [104.084686, -2.123362], [104.084691, -2.123414], [104.084694, -2.123461], [104.084694, -2.123462], [104.084703, -2.123559], [104.084703, -2.12356], [104.084712, -2.12361], [104.084717, -2.123659], [104.084713, -2.123706], [104.084713, -2.123707], [104.084713, -2.123709], [104.084717, -2.123756], [104.084717, -2.123758], [104.084727, -2.123806], [104.084737, -2.12386], [104.084743, -2.123912], [104.084743, -2.123914], [104.084754, -2.12396], [104.084755, -2.123961], [104.084768, -2.124004], [104.084781, -2.124052], [104.084791, -2.124102], [104.084792, -2.124103], [104.084806, -2.124155], [104.084815, -2.124206], [104.084816, -2.124209], [104.084835, -2.12426], [104.084835, -2.124261], [104.084854, -2.124307], [104.084867, -2.124356], [104.084881, -2.124402], [104.084887, -2.12445], [104.084888, -2.124453], [104.084902, -2.124502], [104.084915, -2.124554], [104.084915, -2.124555], [104.08493, -2.124603], [104.08493, -2.124653], [104.08493, -2.124656], [104.084937, -2.124694], [104.084936, -2.124694], [104.084934, -2.124703], [104.084936, -2.12471], [104.084917, -2.124719], [104.084905, -2.124724], [104.083225, -2.124694]]]]}},
{"type": "Feature", "properties": {"ba_code": "6921", "blockid": "C16P10", "division": "04"}, "geometry": {"type": "MultiPolygon", "coordinates": [[[[104.049785, -2.142817], [104.049787, -2.141891], [104.05137, -2.141857], [104.051361, -2.140901], [104.05036, -2.140715], [104.051348, -2.138697], [104.052217, -2.136904], [104.052226, -2.136097], [104.052329, -2.135667], [104.052313, -2.135114], [104.050828, -2.133411], [104.052535, -2.133464], [104.052541, -2.142808], [104.049785, -2.142817]]]]}},
{"type": "Feature", "properties": {"ba_code": "6921", "blockid": "B31P07", "division": "02"}, "geometry": {"type": "MultiPolygon", "coordinates": [[[[104.091474, -2.145474], [104.092339, -2.145496], [104.092388, -2.145283], [104.094149, -2.145315], [104.094109, -2.152489], [104.091432, -2.152495], [104.091474, -2.145474]]]]}},
{"type": "Feature", "properties": {"ba_code": "6921", "blockid": "C24P08", "division": "03"}, "geometry": {"type": "MultiPolygon", "coordinates": [[[[104.074619, -2.133957], [104.07457, -2.143024], [104.071873, -2.142979], [104.071873, -2.133896], [104.074619, -2.133957]]]]}},
{"type": "Feature", "properties": {"ba_code": "6921", "blockid": "C43P09", "division": "01"}, "geometry": {"type": "MultiPolygon", "coordinates": [[[[104.127758, -2.137591], [104.127729, -2.143589], [104.125062, -2.143545], [104.125128, -2.137539], [104.127758, -2.137591]], [[104.12513, -2.138311], [104.125128, -2.138619], [104.125408, -2.138622], [104.125409, -2.138313], [104.12513, -2.138311]]]]}},
{"type": "Feature", "properties": {"ba_code": "6921", "blockid": "B16P09", "division": "06"}, "geometry": {"type": "MultiPolygon", "coordinates": [[[[104.049786, -2.142942], [104.052544, -2.142933], [104.052472, -2.152038], [104.049791, -2.152004], [104.049786, -2.142942]]]]}},
{"type": "Feature", "properties": {"ba_code": "6921", "blockid": "C25P07", "division": "03"}, "geometry": {"type": "MultiPolygon", "coordinates": [[[[104.074713, -2.133957], [104.077424, -2.133993], [104.077361, -2.143056], [104.074664, -2.143024], [104.074713, -2.133957]]]]}},
{"type": "Feature", "properties": {"ba_code": "6921", "blockid": "G21P11", "division": "04"}, "geometry": {"type": "MultiPolygon", "coordinates": [[[[104.065873, -2.105333], [104.065871, -2.106521], [104.063623, -2.106506], [104.063654, -2.103503], [104.063832, -2.103539], [104.065876, -2.10395], [104.065873, -2.105333]]], [[[104.063609, -2.100094], [104.064433, -2.100912], [104.064526, -2.101007], [104.064579, -2.101054], [104.064878, -2.101345], [104.065027, -2.101486], [104.065119, -2.101576], [104.06522, -2.101672], [104.065295, -2.101747], [104.065352, -2.101808], [104.065414, -2.101868], [104.065485, -2.101947], [104.065523, -2.10199], [104.065558, -2.102021], [104.065618, -2.102073], [104.065666, -2.102117], [104.065758, -2.102202], [104.065911, -2.102291], [104.065875, -2.10387], [104.063641, -2.103421], [104.063615, -2.100137], [104.063609, -2.100094]]]]}},
{"type": "Feature", "properties": {"ba_code": "6921", "blockid": "C27P07", "division": "03"}, "geometry": {"type": "MultiPolygon", "coordinates": [[[[104.082978, -2.14316], [104.080281, -2.143114], [104.080245, -2.134051], [104.083003, -2.134064], [104.082978, -2.14316]]]]}},
{"type": "Feature", "properties": {"ba_code": "6921", "blockid": "A45P09", "division": "05"}, "geometry": {"type": "MultiPolygon", "coordinates": [[[[104.133238, -2.155419], [104.133213, -2.158439], [104.132767, -2.158539], [104.132254, -2.158663], [104.131813, -2.158763], [104.131375, -2.158861], [104.130753, -2.159056], [104.130581, -2.159067], [104.130549, -2.15907], [104.130545, -2.158797], [104.130547, -2.15666], [104.130551, -2.152936], [104.133258, -2.152993], [104.133238, -2.155419]]]]}},
{"type": "Feature", "properties": {"ba_code": "6921", "blockid": "B35P07", "division": "02"}, "geometry": {"type": "MultiPolygon", "coordinates": [[[[104.102627, -2.152621], [104.102701, -2.143566], [104.105408, -2.143605], [104.105322, -2.152647], [104.102627, -2.152621]]]]}},
{"type": "Feature", "properties": {"ba_code": "6921", "blockid": "B38P07", "division": "01"}, "geometry": {"type": "MultiPolygon", "coordinates": [[[[104.113727, -2.148601], [104.11368, -2.152764], [104.110971, -2.152736], [104.110981, -2.148614], [104.110984, -2.147111], [104.110982, -2.146742], [104.110987, -2.146299], [104.110988, -2.145766], [104.110974, -2.145316], [104.110978, -2.144405], [104.110992, -2.143849], [104.110989, -2.143635], [104.113782, -2.143631], [104.113727, -2.148601]]]]}},
{"type": "Feature", "properties": {"ba_code": "6921", "blockid": "B48P06", "division": "01"}, "geometry": {"type": "MultiPolygon", "coordinates": [[[[104.141624, -2.151711], [104.141607, -2.152929], [104.139259, -2.152914], [104.138956, -2.152912], [104.138955, -2.152797], [104.138957, -2.152796], [104.139013, -2.143797], [104.14141, -2.143851], [104.141639, -2.143854], [104.14174, -2.143856], [104.141734, -2.143856], [104.141728, -2.144251], [104.141626, -2.151569], [104.141624, -2.151711]]]]}},
{"type": "Feature", "properties": {"ba_code": "6921", "blockid": "B15P09", "division": "06"}, "geometry": {"type": "MultiPolygon", "coordinates": [[[[104.048144, -2.144032], [104.048801, -2.142939], [104.049689, -2.142942], [104.049696, -2.152004], [104.047009, -2.151982], [104.047056, -2.145847], [104.047061, -2.145247], [104.048132, -2.144049], [104.048769, -2.142987], [104.048772, -2.142987], [104.048144, -2.144032]]]]}},
{"type": "Feature", "properties": {"ba_code": "6921", "blockid": "C19P08", "division": "04"}, "geometry": {"type": "MultiPolygon", "coordinates": [[[[104.057922, -2.133635], [104.060724, -2.133702], [104.060642, -2.142833], [104.057941, -2.142804], [104.057922, -2.133635]]]]}},
{"type": "Feature", "properties": {"ba_code": "6921", "blockid": "D15P11", "division": "04"}, "geometry": {"type": "MultiPolygon", "coordinates": [[[[104.049829, -2.126626], [104.04977, -2.129681], [104.049738, -2.131266], [104.049743, -2.131423], [104.049732, -2.131712], [104.049302, -2.131285], [104.048694, -2.130792], [104.048334, -2.130345], [104.048266, -2.130156], [104.048089, -2.129736], [104.048029, -2.129593], [104.047856, -2.129149], [104.047576, -2.128426], [104.048264, -2.127777], [104.049566, -2.126609], [104.049829, -2.126626]]]]}},
{"type": "Feature", "properties": {"ba_code": "6921", "blockid": "A27P08", "division": "03"}, "geometry": {"type": "MultiPolygon", "coordinates": [[[[104.08007, -2.163544], [104.080898, -2.163565], [104.081207, -2.163572], [104.081092, -2.164869], [104.08109, -2.16489], [104.080058, -2.164927], [104.08007, -2.163544]]]]}},
{"type": "Feature", "properties": {"ba_code": "6921", "blockid": "A42P07", "division": "01"}, "geometry": {"type": "MultiPolygon", "coordinates": [[[[104.12481, -2.159323], [104.124796, -2.160457], [104.12217, -2.161079], [104.12217, -2.160549], [104.122223, -2.152925], [104.124836, -2.152922], [104.124842, -2.15377], [104.124837, -2.154546], [104.124841, -2.155237], [104.12482, -2.158716], [104.12481, -2.159323]]]]}},
{"type": "Feature", "properties": {"ba_code": "6921", "blockid": "B30P07", "division": "02"}, "geometry": {"type": "MultiPolygon", "coordinates": [[[[104.088642, -2.145058], [104.091368, -2.1451], [104.091324, -2.152495], [104.088586, -2.152432], [104.088642, -2.145058]]]]}},
{"type": "Feature", "properties": {"ba_code": "6921", "blockid": "E20P08", "division": "04"}, "geometry": {"type": "MultiPolygon", "coordinates": [[[[104.063453, -2.12459], [104.060741, -2.124545], [104.060891, -2.11558], [104.063496, -2.11559], [104.063453, -2.12459]]]]}},
{"type": "Feature", "properties": {"ba_code": "6921", "blockid": "D34P09", "division": "05"}, "geometry": {"type": "MultiPolygon", "coordinates": [[[[104.102712, -2.132487], [104.1027, -2.134254], [104.099945, -2.13424], [104.099955, -2.129012], [104.099974, -2.127333], [104.102289, -2.131043], [104.10268, -2.131361], [104.10272, -2.131384], [104.102715, -2.132085], [104.102712, -2.132487]]]]}},
{"type": "Feature", "properties": {"ba_code": "6921", "blockid": "F16P12", "division": "06"}, "geometry": {"type": "MultiPolygon", "coordinates": [[[[104.049765, -2.111233], [104.049772, -2.111108], [104.049778, -2.111088], [104.049897, -2.108704], [104.050009, -2.106574], [104.050036, -2.106574], [104.052512, -2.106559], [104.052491, -2.111291], [104.052453, -2.111299], [104.052446, -2.111301], [104.05233, -2.1113], [104.052112, -2.111294], [104.052111, -2.111294], [104.051943, -2.111306], [104.051742, -2.111302], [104.051509, -2.111291], [104.051508, -2.111291], [104.051282, -2.111287], [104.050995, -2.111274], [104.050672, -2.111264], [104.050671, -2.111264], [104.050344, -2.111261], [104.050013, -2.111252], [104.049765, -2.111233]]]]}},
{"type": "Feature", "properties": {"ba_code": "6921", "blockid": "B42P06", "division": "01"}, "geometry": {"type": "MultiPolygon", "coordinates": [[[[104.122317, -2.144739], [104.12233, -2.144669], [104.123238, -2.144676], [104.12324, -2.144384], [104.124889, -2.144388], [104.124888, -2.144464], [104.124888, -2.145037], [104.124865, -2.145866], [104.124861, -2.146254], [104.124867, -2.146646], [104.124866, -2.147044], [104.124856, -2.14736], [104.124855, -2.147721], [104.124846, -2.148135], [104.124849, -2.148589], [104.124841, -2.148949], [104.124843, -2.149549], [104.124826, -2.150248], [104.124825, -2.150628], [104.12482, -2.150979], [104.124816, -2.151352], [104.124822, -2.151686], [104.124827, -2.151971], [104.124834, -2.152319], [104.124839, -2.152589], [104.124835, -2.152782], [104.124661, -2.152782], [104.122222, -2.152784], [104.122317, -2.144739]]]]}},
{"type": "Feature", "properties": {"ba_code": "6921", "blockid": "A28P08", "division": "03"}, "geometry": {"type": "MultiPolygon", "coordinates": [[[[104.08563, -2.161533], [104.082915, -2.161528], [104.082988, -2.152512], [104.085692, -2.152524], [104.08563, -2.161533]]]]}},
{"type": "Feature", "properties": {"ba_code": "6921", "blockid": "E27P09", "division": "06"}, "geometry": {"type": "MultiPolygon", "coordinates": [[[[104.083137, -2.124691], [104.080376, -2.124684], [104.080416, -2.11864], [104.080418, -2.118389], [104.080441, -2.114793], [104.083209, -2.117756], [104.083216, -2.120178], [104.083142, -2.124691], [104.083137, -2.124691]]]]}},
{"type": "Feature", "properties": {"ba_code": "6921", "blockid": "A34P07", "division": "02"}, "geometry": {"type": "MultiPolygon", "coordinates": [[[[104.102419, -2.16315], [104.101461, -2.163102], [104.101343, -2.163136], [104.0997, -2.163038], [104.099786, -2.152718], [104.102514, -2.152747], [104.102419, -2.16315]]]]}},
{"type": "Feature", "properties": {"ba_code": "6921", "blockid": "D20P08", "division": "03"}, "geometry": {"type": "MultiPolygon", "coordinates": [[[[104.063478, -2.133622], [104.060815, -2.133578], [104.06074, -2.124671], [104.063455, -2.124716], [104.063478, -2.133622]]]]}},
{"type": "Feature", "properties": {"ba_code": "6921", "blockid": "C23P10", "division": "03"}, "geometry": {"type": "MultiPolygon", "coordinates": [[[[104.069122, -2.138452], [104.069145, -2.133861], [104.071779, -2.133896], [104.071778, -2.138452], [104.069122, -2.138452]]]]}},
{"type": "Feature", "properties": {"ba_code": "6921", "blockid": "D28P09", "division": "05"}, "geometry": {"type": "MultiPolygon", "coordinates": [[[[104.085842, -2.130248], [104.085829, -2.131457], [104.085802, -2.133979], [104.0831, -2.133938], [104.083137, -2.131418], [104.083174, -2.12871], [104.083193, -2.127051], [104.083204, -2.126099], [104.083218, -2.126091], [104.084136, -2.126095], [104.084546, -2.126104], [104.084633, -2.126164], [104.084565, -2.127065], [104.084524, -2.128317], [104.085785, -2.129837], [104.085796, -2.130143], [104.085838, -2.130248], [104.085842, -2.130248]]]]}},
{"type": "Feature", "properties": {"ba_code": "6921", "blockid": "F26P09", "division": "06"}, "geometry": {"type": "MultiPolygon", "coordinates": [[[[104.080333, -2.114183], [104.077812, -2.111979], [104.077814, -2.111584], [104.077839, -2.111581], [104.077935, -2.111672], [104.077935, -2.111673], [104.077971, -2.111703], [104.078003, -2.111741], [104.078006, -2.111744], [104.07805, -2.111775], [104.078082, -2.111814], [104.078084, -2.111816], [104.078119, -2.111848], [104.078156, -2.111881], [104.078157, -2.111882], [104.078196, -2.111915], [104.078234, -2.111947], [104.07827, -2.111978], [104.07827, -2.111979], [104.078307, -2.112011], [104.078344, -2.112043], [104.078344, -2.112044], [104.078382, -2.112076], [104.078417, -2.112111], [104.078419, -2.112112], [104.078458, -2.112144], [104.078494, -2.112175], [104.078495, -2.112176], [104.078535, -2.112206], [104.078573, -2.112236], [104.078574, -2.112237], [104.078606, -2.112259], [104.078631, -2.112275], [104.078662, -2.112297], [104.078663, -2.112297], [104.078704, -2.112322], [104.078742, -2.112348], [104.078779, -2.112379], [104.078814, -2.112409], [104.078815, -2.11241], [104.078849, -2.112438], [104.078878, -2.112469], [104.078879, -2.11247], [104.078912, -2.1125], [104.078945, -2.11253], [104.078979, -2.112567], [104.078981, -2.112569], [104.079055, -2.112628], [104.079087, -2.112658], [104.079119, -2.112691], [104.079119, -2.112692], [104.079153, -2.112726], [104.079178, -2.112751], [104.07918, -2.112759], [104.079184, -2.112763], [104.079211, -2.112787], [104.079247, -2.11282], [104.079279, -2.112852], [104.079311, -2.112885], [104.079318, -2.112896], [104.079321, -2.112899], [104.079341, -2.112917], [104.079355, -2.112935], [104.079355, -2.112936], [104.079361, -2.112943], [104.079377, -2.112967], [104.079383, -2.112973], [104.079404, -2.112986], [104.079404, -2.112987], [104.079407, -2.112988], [104.079424, -2.112994], [104.079452, -2.113025], [104.079488, -2.113064], [104.079489, -2.113065], [104.079529, -2.113103], [104.07956, -2.113141], [104.079561, -2.113142], [104.079597, -2.113181], [104.079599, -2.113183], [104.079635, -2.113212], [104.079665, -2.113249], [104.079667, -2.113252], [104.079704, -2.113283], [104.079731, -2.113309], [104.079758, -2.113342], [104.079761, -2.113345], [104.07979, -2.113369], [104.079813, -2.113388], [104.079843, -2.11342], [104.07987, -2.113455], [104.079871, -2.113456], [104.079904, -2.113492], [104.079907, -2.113495], [104.079949, -2.113525], [104.079991, -2.113557], [104.080023, -2.113586], [104.08005, -2.113622], [104.080069, -2.113661], [104.080069, -2.113662], [104.080073, -2.113667], [104.080108, -2.113697], [104.080131, -2.113733], [104.080132, -2.113735], [104.08016, -2.113769], [104.080165, -2.113774], [104.080166, -2.113774], [104.0802, -2.11379], [104.080233, -2.113817], [104.080235, -2.113819], [104.08024, -2.11382], [104.080265, -2.113827], [104.080278, -2.113853], [104.080278, -2.113854], [104.08028, -2.113856], [104.080297, -2.113877], [104.080333, -2.114183]]]]}},
{"type": "Feature", "properties": {"ba_code": "6921", "blockid": "D31P09", "division": "05"}, "geometry": {"type": "MultiPolygon", "coordinates": [[[[104.094256, -2.131557], [104.094238, -2.134156], [104.091508, -2.134107], [104.091538, -2.131524], [104.091546, -2.130845], [104.091549, -2.130507], [104.091582, -2.129666], [104.091672, -2.12964], [104.0925, -2.127017], [104.094292, -2.124845], [104.094304, -2.124847], [104.094256, -2.131557]]]]}},
{"type": "Feature", "properties": {"ba_code": "6921", "blockid": "B26P07", "division": "03"}, "geometry": {"type": "MultiPolygon", "coordinates": [[[[104.077353, -2.152294], [104.077456, -2.143182], [104.080172, -2.143239], [104.080073, -2.152334], [104.077353, -2.152294]]]]}},
{"type": "Feature", "properties": {"ba_code": "6921", "blockid": "D22P08", "division": "03"}, "geometry": {"type": "MultiPolygon", "coordinates": [[[[104.069048, -2.133735], [104.066301, -2.133675], [104.066345, -2.124719], [104.069078, -2.124749], [104.069048, -2.133735]]]]}},
{"type": "Feature", "properties": {"ba_code": "6921", "blockid": "F24P10", "division": "06"}, "geometry": {"type": "MultiPolygon", "coordinates": [[[[104.074783, -2.113478], [104.074771, -2.11547], [104.072027, -2.115465], [104.072052, -2.110951], [104.072069, -2.107974], [104.074809, -2.109137], [104.074783, -2.113478]]]]}},
{"type": "Feature", "properties": {"ba_code": "6921", "blockid": "C18P08", "division": "04"}, "geometry": {"type": "MultiPolygon", "coordinates": [[[[104.055356, -2.133541], [104.057811, -2.133633], [104.057842, -2.142802], [104.055308, -2.142786], [104.055356, -2.133541]]]]}},
{"type": "Feature", "properties": {"ba_code": "6921", "blockid": "F15P12", "division": "06"}, "geometry": {"type": "MultiPolygon", "coordinates": [[[[104.04703, -2.107872], [104.049937, -2.105217], [104.049983, -2.105176], [104.049984, -2.105269], [104.049984, -2.105277], [104.049978, -2.105296], [104.049734, -2.110166], [104.049723, -2.110348], [104.049671, -2.111215], [104.049657, -2.111214], [104.04964, -2.111212], [104.049479, -2.111178], [104.049247, -2.111131], [104.049002, -2.111063], [104.048746, -2.110988], [104.048744, -2.110987], [104.0485, -2.110929], [104.048258, -2.110855], [104.048001, -2.110776], [104.048, -2.110776], [104.047735, -2.110702], [104.047491, -2.110629], [104.047241, -2.110558], [104.047084, -2.110501], [104.047085, -2.110498], [104.047085, -2.110497], [104.047051, -2.108054], [104.047045, -2.108033], [104.04703, -2.108018], [104.047027, -2.107992], [104.04703, -2.107872]]]]}},
{"type": "Feature", "properties": {"ba_code": "6921", "blockid": "E25P08", "division": "04"}, "geometry": {"type": "MultiPolygon", "coordinates": [[[[104.077685, -2.116141], [104.077592, -2.124693], [104.074805, -2.124666], [104.074865, -2.115596], [104.077095, -2.115601], [104.077691, -2.115602], [104.077685, -2.116141]]]]}},
{"type": "Feature", "properties": {"ba_code": "6921", "blockid": "D36P09", "division": "05"}, "geometry": {"type": "MultiPolygon", "coordinates": [[[[104.10563, -2.132837], [104.107128, -2.13283], [104.108227, -2.132826], [104.10823, -2.134307], [104.105623, -2.134278], [104.10563, -2.132837]]]]}},
{"type": "Feature", "properties": {"ba_code": "6921", "blockid": "C36P09", "division": "02"}, "geometry": {"type": "MultiPolygon", "coordinates": [[[[104.108159, -2.14346], [104.105501, -2.143479], [104.105621, -2.134407], [104.108228, -2.134433], [104.108159, -2.14346]]]]}},
{"type": "Feature", "properties": {"ba_code": "6921", "blockid": "B14P10", "division": "06"}, "geometry": {"type": "MultiPolygon", "coordinates": [[[[104.046922, -2.150991], [104.046913, -2.15198], [104.045002, -2.151966], [104.045, -2.150988], [104.046922, -2.150991]]]]}},
{"type": "Feature", "properties": {"ba_code": "6921", "blockid": "A21P11", "division": "06"}, "geometry": {"type": "MultiPolygon", "coordinates": [[[[104.066153, -2.1523], [104.066157, -2.16211], [104.066115, -2.162108], [104.065824, -2.162045], [104.065506, -2.16197], [104.065504, -2.16197], [104.065178, -2.16193], [104.064878, -2.1619], [104.064598, -2.161876], [104.064597, -2.161876], [104.064358, -2.161865], [104.064357, -2.161865], [104.064117, -2.161862], [104.063889, -2.161859], [104.063695, -2.161861], [104.063586, -2.161863], [104.063584, -2.161838], [104.063552, -2.152281], [104.066153, -2.1523]]]]}},
{"type": "Feature", "properties": {"ba_code": "6921", "blockid": "C53P09", "division": "05"}, "geometry": {"type": "MultiPolygon", "coordinates": [[[[104.155964, -2.135353], [104.155816, -2.143793], [104.153134, -2.14378], [104.15318, -2.136823], [104.15318, -2.136795], [104.153193, -2.134777], [104.155974, -2.134767], [104.155969, -2.13508], [104.155964, -2.135353]]]]}},
{"type": "Feature", "properties": {"ba_code": "6921", "blockid": "C39P07", "division": "01"}, "geometry": {"type": "MultiPolygon", "coordinates": [[[[104.116535, -2.143505], [104.11389, -2.143506], [104.113996, -2.134497], [104.116619, -2.134499], [104.116535, -2.143505]]]]}},
{"type": "Feature", "properties": {"ba_code": "6921", "blockid": "C47P09", "division": "01"}, "geometry": {"type": "MultiPolygon", "coordinates": [[[[104.135867, -2.143656], [104.135818, -2.136675], [104.139357, -2.136694], [104.139398, -2.143674], [104.135867, -2.143656]]]]}},
{"type": "Feature", "properties": {"ba_code": "6921", "blockid": "G16P12", "division": "06"}, "geometry": {"type": "MultiPolygon", "coordinates": [[[[104.05001, -2.106449], [104.050068, -2.1053], [104.050068, -2.105298], [104.050065, -2.105286], [104.050073, -2.105167], [104.050074, -2.105094], [104.052135, -2.103249], [104.05229, -2.103125], [104.052355, -2.103052], [104.052501, -2.102921], [104.052504, -2.102978], [104.052507, -2.104949], [104.05251, -2.106446], [104.050894, -2.106448], [104.050044, -2.106449], [104.05001, -2.106449]]]]}},
{"type": "Feature", "properties": {"ba_code": "6921", "blockid": "F19P10", "division": "04"}, "geometry": {"type": "MultiPolygon", "coordinates": [[[[104.060801, -2.115454], [104.058064, -2.115451], [104.058089, -2.106577], [104.060942, -2.106605], [104.060801, -2.115454]]]]}},
{"type": "Feature", "properties": {"ba_code": "6921", "blockid": "A36P07", "division": "02"}, "geometry": {"type": "MultiPolygon", "coordinates": [[[[104.107951, -2.163428], [104.105286, -2.163296], [104.105407, -2.152773], [104.108069, -2.15282], [104.107951, -2.163428]]]]}},
{"type": "Feature", "properties": {"ba_code": "6921", "blockid": "B34P07", "division": "02"}, "geometry": {"type": "MultiPolygon", "coordinates": [[[[104.099783, -2.152592], [104.099846, -2.143516], [104.102593, -2.143566], [104.102517, -2.152621], [104.099783, -2.152592]]]]}},
{"type": "Feature", "properties": {"ba_code": "6921", "blockid": "G19AP11", "division": "06"}, "geometry": {"type": "MultiPolygon", "coordinates": [[[[104.058038, -2.101888], [104.058043, -2.101883], [104.058047, -2.101867], [104.058047, -2.101865], [104.058045, -2.101826], [104.058044, -2.101772], [104.058047, -2.101581], [104.058047, -2.10158], [104.058045, -2.10133], [104.058053, -2.101056], [104.058053, -2.101055], [104.058056, -2.100772], [104.058055, -2.100531], [104.058057, -2.100246], [104.058067, -2.099913], [104.058067, -2.099912], [104.058071, -2.099576], [104.058076, -2.099259], [104.058076, -2.099258], [104.05807, -2.098946], [104.058085, -2.098724], [104.058085, -2.098722], [104.058085, -2.09872], [104.058077, -2.098597], [104.058092, -2.098413], [104.058092, -2.09841], [104.058093, -2.098197], [104.058143, -2.098067], [104.058317, -2.097925], [104.058318, -2.097924], [104.058429, -2.097824], [104.058437, -2.097818], [104.058557, -2.097734], [104.058559, -2.097732], [104.058729, -2.097591], [104.058979, -2.097389], [104.059244, -2.097174], [104.059518, -2.096988], [104.059519, -2.096987], [104.059766, -2.096801], [104.059969, -2.096652], [104.060162, -2.096522], [104.060232, -2.096513], [104.060828, -2.097154], [104.060883, -2.099619], [104.060885, -2.099618], [104.060899, -2.100306], [104.060942, -2.102466], [104.059043, -2.10191], [104.058039, -2.101937], [104.058038, -2.101888]]]]}},
{"type": "Feature", "properties": {"ba_code": "6921", "blockid": "E22P08", "division": "04"}, "geometry": {"type": "MultiPolygon", "coordinates": [[[[104.069078, -2.124623], [104.066343, -2.124593], [104.066158, -2.115584], [104.069139, -2.115589], [104.069078, -2.124623]]]]}},
{"type": "Feature", "properties": {"ba_code": "6921", "blockid": "B43P06", "division": "01"}, "geometry": {"type": "MultiPolygon", "coordinates": [[[[104.125014, -2.143681], [104.12501, -2.143962], [104.125524, -2.143969], [104.125524, -2.143688], [104.125327, -2.143685], [104.127736, -2.143715], [104.127628, -2.152775], [104.127633, -2.152775], [104.124943, -2.152781], [104.124947, -2.152589], [104.124942, -2.152319], [104.124935, -2.151971], [104.12493, -2.151686], [104.124924, -2.151352], [104.124928, -2.150979], [104.124933, -2.150628], [104.124934, -2.150248], [104.124951, -2.149549], [104.124949, -2.148949], [104.124957, -2.148589], [104.124954, -2.148135], [104.124963, -2.147721], [104.124964, -2.14736], [104.124974, -2.147044], [104.124975, -2.146646], [104.124969, -2.146254], [104.124973, -2.145866], [104.124996, -2.145037], [104.125002, -2.144745], [104.124995, -2.144412], [104.125012, -2.143706], [104.125014, -2.143681]]]]}},
{"type": "Feature", "properties": {"ba_code": "6921", "blockid": "A26P08", "division": "03"}, "geometry": {"type": "MultiPolygon", "coordinates": [[[[104.079962, -2.163541], [104.079949, -2.164929], [104.077326, -2.16494], [104.077329, -2.163474], [104.077352, -2.15242], [104.080062, -2.15246], [104.079962, -2.163541]]]]}},
{"type": "Feature", "properties": {"ba_code": "6921", "blockid": "D35P09", "division": "05"}, "geometry": {"type": "MultiPolygon", "coordinates": [[[[104.10282, -2.132634], [104.102819, -2.131396], [104.102824, -2.131398], [104.105534, -2.13285], [104.105527, -2.134281], [104.102808, -2.134254], [104.10282, -2.132634]]]]}},
{"type": "Feature", "properties": {"ba_code": "6921", "blockid": "A14P10", "division": "06"}, "geometry": {"type": "MultiPolygon", "coordinates": [[[[104.044997, -2.152121], [104.045189, -2.152099], [104.045715, -2.152088], [104.046328, -2.152091], [104.046915, -2.152108], [104.046768, -2.157549], [104.045086, -2.157221], [104.044997, -2.152121]]]]}},
{"type": "Feature", "properties": {"ba_code": "6921", "blockid": "E26P08", "division": "04"}, "geometry": {"type": "MultiPolygon", "coordinates": [[[[104.080313, -2.118546], [104.080269, -2.124684], [104.077686, -2.124693], [104.077779, -2.116227], [104.077786, -2.115602], [104.080334, -2.1156], [104.080315, -2.118287], [104.080313, -2.118546]]]]}},
{"type": "Feature", "properties": {"ba_code": "6921", "blockid": "B51P09", "division": "05"}, "geometry": {"type": "MultiPolygon", "coordinates": [[[[104.15017, -2.147623], [104.150173, -2.153058], [104.147432, -2.153044], [104.147456, -2.148889], [104.147478, -2.145019], [104.150168, -2.145031], [104.15017, -2.147623]]]]}},
{"type": "Feature", "properties": {"ba_code": "6921", "blockid": "F17P11", "division": "04"}, "geometry": {"type": "MultiPolygon", "coordinates": [[[[104.054298, -2.115445], [104.054261, -2.115157], [104.054234, -2.114688], [104.054266, -2.114607], [104.054278, -2.11457], [104.054145, -2.114132], [104.054058, -2.113507], [104.053935, -2.111482], [104.053891, -2.111286], [104.053874, -2.111261], [104.053703, -2.11062], [104.053587, -2.110424], [104.053492, -2.110434], [104.053478, -2.11034], [104.052609, -2.110342], [104.052595, -2.106587], [104.055146, -2.106569], [104.055202, -2.115447], [104.054298, -2.115445]]]]}},
{"type": "Feature", "properties": {"ba_code": "6921", "blockid": "A18P09", "division": "06"}, "geometry": {"type": "MultiPolygon", "coordinates": [[[[104.055291, -2.158803], [104.055342, -2.152198], [104.057843, -2.152227], [104.057792, -2.159953], [104.057764, -2.159939], [104.057742, -2.159933], [104.057725, -2.159926], [104.057717, -2.159918], [104.057607, -2.15985], [104.057595, -2.159842], [104.057579, -2.159833], [104.057561, -2.159824], [104.057539, -2.159814], [104.057516, -2.159804], [104.057496, -2.159791], [104.057475, -2.159775], [104.057451, -2.159761], [104.057427, -2.15975], [104.057405, -2.159738], [104.057386, -2.159722], [104.057365, -2.159705], [104.057341, -2.159693], [104.057318, -2.159681], [104.057296, -2.159668], [104.057273, -2.159654], [104.057249, -2.159639], [104.057225, -2.159626], [104.057203, -2.159612], [104.057182, -2.159597], [104.05716, -2.159581], [104.057135, -2.159569], [104.05711, -2.159559], [104.057087, -2.159547], [104.057067, -2.15953], [104.057045, -2.159516], [104.057019, -2.159504], [104.056998, -2.159491], [104.056977, -2.159476], [104.056954, -2.159462], [104.05693, -2.15945], [104.056907, -2.159439], [104.056883, -2.159427], [104.056862, -2.159412], [104.056841, -2.159396], [104.056816, -2.159382], [104.056791, -2.159368], [104.056769, -2.159355], [104.056747, -2.159343], [104.056726, -2.15933], [104.056703, -2.15932], [104.056681, -2.159308], [104.056662, -2.159292], [104.056641, -2.159277], [104.056617, -2.159263], [104.056594, -2.159251], [104.056574, -2.159235], [104.056553, -2.159219], [104.056529, -2.159206], [104.056506, -2.159194], [104.056485, -2.159181], [104.056467, -2.159168], [104.056446, -2.159154], [104.056421, -2.159141], [104.056396, -2.159128], [104.056374, -2.159115], [104.05635, -2.1591], [104.056331, -2.159085], [104.056307, -2.15907], [104.056282, -2.159058], [104.056259, -2.159046], [104.056236, -2.159034], [104.056213, -2.15902], [104.056191, -2.159005], [104.056167, -2.158992], [104.056141, -2.158979], [104.056118, -2.158968], [104.056096, -2.158955], [104.056073, -2.158941], [104.056049, -2.158926], [104.056024, -2.158914], [104.055999, -2.158904], [104.055976, -2.158894], [104.055955, -2.15888], [104.055932, -2.158869], [104.055908, -2.158858], [104.055883, -2.158852], [104.055859, -2.158845], [104.055832, -2.158838], [104.055806, -2.158832], [104.055778, -2.158832], [104.055752, -2.158832], [104.055727, -2.15883], [104.055702, -2.158824], [104.055674, -2.15882], [104.055647, -2.15882], [104.055622, -2.15882], [104.055598, -2.158817], [104.055571, -2.158814], [104.055544, -2.158814], [104.055518, -2.158813], [104.055492, -2.15881], [104.055467, -2.158808], [104.055441, -2.158809], [104.055415, -2.158809], [104.055391, -2.158808], [104.055367, -2.158806], [104.055341, -2.158805], [104.055316, -2.158805], [104.055295, -2.158803], [104.055291, -2.158803]]]]}},
{"type": "Feature", "properties": {"ba_code": "6921", "blockid": "B44P06", "division": "01"}, "geometry": {"type": "MultiPolygon", "coordinates": [[[[104.127722, -2.152775], [104.12783, -2.143716], [104.130535, -2.143756], [104.130454, -2.152791], [104.130398, -2.152791], [104.130315, -2.152785], [104.130018, -2.152796], [104.129692, -2.152793], [104.129341, -2.15279], [104.128963, -2.152781], [104.12862, -2.152777], [104.12831, -2.152771], [104.127803, -2.152776], [104.127722, -2.152775]]]]}},
{"type": "Feature", "properties": {"ba_code": "6921", "blockid": "D26P08", "division": "03"}, "geometry": {"type": "MultiPolygon", "coordinates": [[[[104.080143, -2.133925], [104.077523, -2.133867], [104.077685, -2.124819], [104.080269, -2.12481], [104.080143, -2.133925]]]]}},
{"type": "Feature", "properties": {"ba_code": "6921", "blockid": "C22P10", "division": "03"}, "geometry": {"type": "MultiPolygon", "coordinates": [[[[104.066276, -2.142895], [104.066302, -2.133799], [104.069052, -2.13386], [104.069004, -2.142931], [104.066276, -2.142895]]]]}},
{"type": "Feature", "properties": {"ba_code": "6921", "blockid": "F18P10", "division": "04"}, "geometry": {"type": "MultiPolygon", "coordinates": [[[[104.05524, -2.106569], [104.057981, -2.106577], [104.057956, -2.115451], [104.055296, -2.115447], [104.05524, -2.106569]]]]}},
{"type": "Feature", "properties": {"ba_code": "6921", "blockid": "G18P11", "division": "04"}, "geometry": {"type": "MultiPolygon", "coordinates": [[[[104.057952, -2.103877], [104.057981, -2.106451], [104.055237, -2.106443], [104.055198, -2.103483], [104.057952, -2.103877]]], [[[104.055166, -2.102391], [104.055183, -2.102391], [104.057959, -2.102389], [104.057971, -2.103795], [104.055185, -2.103387], [104.055168, -2.102477], [104.055166, -2.102391]]]]}},
{"type": "Feature", "properties": {"ba_code": "6921", "blockid": "B36P07", "division": "02"}, "geometry": {"type": "MultiPolygon", "coordinates": [[[[104.105416, -2.152647], [104.105501, -2.143605], [104.108158, -2.143586], [104.10807, -2.152694], [104.105416, -2.152647]]]]}},
{"type": "Feature", "properties": {"ba_code": "6921", "blockid": "C44P06", "division": "01"}, "geometry": {"type": "MultiPolygon", "coordinates": [[[[104.127833, -2.143589], [104.127896, -2.136606], [104.130565, -2.136643], [104.130527, -2.14363], [104.127833, -2.143589]]]]}},
{"type": "Feature", "properties": {"ba_code": "6921", "blockid": "A40P07", "division": "01"}, "geometry": {"type": "MultiPolygon", "coordinates": [[[[104.116542, -2.152893], [104.11676, -2.152894], [104.117066, -2.152889], [104.11712, -2.152889], [104.117228, -2.152889], [104.117493, -2.152886], [104.117651, -2.152887], [104.117754, -2.15289], [104.117912, -2.152889], [104.118342, -2.1529], [104.118558, -2.152896], [104.119235, -2.152907], [104.119226, -2.152907], [104.11916, -2.161785], [104.116493, -2.162416], [104.116499, -2.161344], [104.11652, -2.159748], [104.116528, -2.159511], [104.116531, -2.159312], [104.116528, -2.15913], [104.116525, -2.158882], [104.116525, -2.158769], [104.116518, -2.157959], [104.116512, -2.156705], [104.116508, -2.15631], [104.116488, -2.15454], [104.116495, -2.154377], [104.116497, -2.154171], [104.116499, -2.154061], [104.116498, -2.153947], [104.116505, -2.153735], [104.116509, -2.153579], [104.116513, -2.153428], [104.116515, -2.153258], [104.116517, -2.153206], [104.116521, -2.15315], [104.116525, -2.152893], [104.116542, -2.152893]]]]}},
{"type": "Feature", "properties": {"ba_code": "6921", "blockid": "A27P08", "division": "03"}, "geometry": {"type": "MultiPolygon", "coordinates": [[[[104.082847, -2.158425], [104.081739, -2.158409], [104.081748, -2.158561], [104.081645, -2.158625], [104.081388, -2.161525], [104.081288, -2.162654], [104.081207, -2.163572], [104.080898, -2.163565], [104.08007, -2.163544], [104.08017, -2.15246], [104.082895, -2.152512], [104.082847, -2.158425]]]]}},
{"type": "Feature", "properties": {"ba_code": "6921", "blockid": "B50P09", "division": "05"}, "geometry": {"type": "MultiPolygon", "coordinates": [[[[104.147362, -2.148932], [104.147338, -2.153044], [104.144572, -2.152972], [104.144583, -2.15021], [104.1446, -2.145662], [104.144603, -2.145019], [104.147009, -2.14502], [104.147384, -2.14502], [104.147362, -2.148932]]]]}},
{"type": "Feature", "properties": {"ba_code": "6921", "blockid": "C23P08", "division": "03"}, "geometry": {"type": "MultiPolygon", "coordinates": [[[[104.069122, -2.138452], [104.071778, -2.138452], [104.071778, -2.142979], [104.069099, -2.14293], [104.069122, -2.138452]]]]}},
{"type": "Feature", "properties": {"ba_code": "6921", "blockid": "E19P08", "division": "04"}, "geometry": {"type": "MultiPolygon", "coordinates": [[[[104.060647, -2.124545], [104.058036, -2.124521], [104.058063, -2.115577], [104.060796, -2.11558], [104.060647, -2.124545]]]]}},
{"type": "Feature", "properties": {"ba_code": "6921", "blockid": "A47P09", "division": "05"}, "geometry": {"type": "MultiPolygon", "coordinates": [[[[104.138863, -2.153103], [104.138837, -2.157108], [104.138562, -2.157177], [104.138297, -2.157244], [104.137388, -2.157454], [104.137003, -2.157597], [104.136616, -2.157634], [104.136311, -2.157763], [104.136126, -2.157745], [104.136171, -2.15408], [104.136171, -2.154075], [104.136184, -2.15303], [104.138398, -2.153052], [104.138363, -2.153068], [104.138369, -2.153066], [104.138863, -2.153071], [104.138863, -2.153103]]]]}},
{"type": "Feature", "properties": {"ba_code": "6921", "blockid": "B28P09", "division": "03"}, "geometry": {"type": "MultiPolygon", "coordinates": [[[[104.083072, -2.143286], [104.085749, -2.143332], [104.085692, -2.152398], [104.08299, -2.152386], [104.083072, -2.143286]]]]}},
{"type": "Feature", "properties": {"ba_code": "6921", "blockid": "D24P08", "division": "03"}, "geometry": {"type": "MultiPolygon", "coordinates": [[[[104.071974, -2.124772], [104.074712, -2.124792], [104.074619, -2.133831], [104.071873, -2.13377], [104.071974, -2.124772]]]]}},
{"type": "Feature", "properties": {"ba_code": "6921", "blockid": "E17P09", "division": "04"}, "geometry": {"type": "MultiPolygon", "coordinates": [[[[104.055252, -2.124528], [104.052652, -2.124523], [104.052651, -2.124243], [104.052709, -2.124205], [104.052898, -2.124135], [104.052905, -2.124136], [104.054555, -2.124139], [104.054847, -2.122815], [104.054997, -2.121786], [104.054999, -2.121552], [104.054979, -2.121513], [104.054952, -2.121487], [104.054925, -2.12146], [104.054889, -2.121431], [104.054819, -2.120547], [104.05477, -2.118835], [104.054583, -2.117667], [104.054498, -2.117007], [104.054461, -2.116984], [104.054314, -2.115571], [104.055202, -2.115573], [104.055241, -2.122478], [104.055241, -2.122559], [104.055252, -2.124528]]]]}},
{"type": "Feature", "properties": {"ba_code": "6921", "blockid": "A29P08", "division": "02"}, "geometry": {"type": "MultiPolygon", "coordinates": [[[[104.085685, -2.164373], [104.085787, -2.152524], [104.088488, -2.152558], [104.088412, -2.163747], [104.088409, -2.163747], [104.088383, -2.163751], [104.08838, -2.163752], [104.088348, -2.163763], [104.088345, -2.163764], [104.08834, -2.163769], [104.088127, -2.163804], [104.087806, -2.163867], [104.087459, -2.163926], [104.087458, -2.163926], [104.087153, -2.163987], [104.086858, -2.164031], [104.086613, -2.164067], [104.086336, -2.164116], [104.086334, -2.164117], [104.086259, -2.164137], [104.085986, -2.16421], [104.085982, -2.164211], [104.085981, -2.164212], [104.085721, -2.164381], [104.085701, -2.164372], [104.085694, -2.164371], [104.085685, -2.164373]]], [[[104.085765, -2.164395], [104.085998, -2.164244], [104.086053, -2.164229], [104.085959, -2.164277], [104.085787, -2.164401], [104.085765, -2.164395]]]]}},
{"type": "Feature", "properties": {"ba_code": "6921", "blockid": "B21P10", "division": "06"}, "geometry": {"type": "MultiPolygon", "coordinates": [[[[104.06618, -2.143021], [104.066153, -2.152175], [104.063552, -2.152156], [104.06357, -2.142982], [104.06618, -2.143021]]]]}},
{"type": "Feature", "properties": {"ba_code": "6921", "blockid": "C21P10", "division": "03"}, "geometry": {"type": "MultiPolygon", "coordinates": [[[[104.06357, -2.142859], [104.063573, -2.13375], [104.066206, -2.133799], [104.066181, -2.142895], [104.06357, -2.142859]]]]}},
{"type": "Feature", "properties": {"ba_code": "6921", "blockid": "F22P08", "division": "04"}, "geometry": {"type": "MultiPolygon", "coordinates": [[[[104.06918, -2.108297], [104.06914, -2.115463], [104.066153, -2.115458], [104.065966, -2.106647], [104.067369, -2.106648], [104.069189, -2.10665], [104.06918, -2.108297]]]]}},
{"type": "Feature", "properties": {"ba_code": "6921", "blockid": "D17P08", "division": "04"}, "geometry": {"type": "MultiPolygon", "coordinates": [[[[104.052652, -2.124649], [104.055252, -2.124654], [104.055261, -2.133415], [104.05263, -2.133339], [104.052652, -2.124649]]]]}},
{"type": "Feature", "properties": {"ba_code": "6921", "blockid": "B45P06", "division": "01"}, "geometry": {"type": "MultiPolygon", "coordinates": [[[[104.13063, -2.143869], [104.13063, -2.143965], [104.131354, -2.143965], [104.131354, -2.143766], [104.131037, -2.143761], [104.133339, -2.143782], [104.133257, -2.152847], [104.13055, -2.152791], [104.13063, -2.143869]]]]}},
{"type": "Feature", "properties": {"ba_code": "6921", "blockid": "B41P07", "division": "01"}, "geometry": {"type": "MultiPolygon", "coordinates": [[[[104.119325, -2.152773], [104.119411, -2.143707], [104.122242, -2.14372], [104.122129, -2.152784], [104.119325, -2.152773]]]]}},
{"type": "Feature", "properties": {"ba_code": "6921", "blockid": "C31P07", "division": "02"}, "geometry": {"type": "MultiPolygon", "coordinates": [[[[104.094158, -2.143328], [104.091488, -2.143274], [104.091504, -2.134232], [104.094237, -2.134282], [104.094158, -2.143328]]]]}},
{"type": "Feature", "properties": {"ba_code": "6921", "blockid": "B49P06", "division": "01"}, "geometry": {"type": "MultiPolygon", "coordinates": [[[[104.144465, -2.150264], [104.144462, -2.150553], [104.144459, -2.150897], [104.144455, -2.151357], [104.144478, -2.152972], [104.141701, -2.152929], [104.141721, -2.151526], [104.141824, -2.144298], [104.14183, -2.143858], [104.143619, -2.143898], [104.143617, -2.143974], [104.143618, -2.144025], [104.143625, -2.144082], [104.143627, -2.144142], [104.143632, -2.144233], [104.143633, -2.144352], [104.143628, -2.144408], [104.143623, -2.144525], [104.143615, -2.144592], [104.143603, -2.144676], [104.143589, -2.144742], [104.143587, -2.144796], [104.143587, -2.14486], [104.1436, -2.144893], [104.143627, -2.144961], [104.143677, -2.144996], [104.143743, -2.145012], [104.143799, -2.145021], [104.143852, -2.145027], [104.143919, -2.145026], [104.143973, -2.145026], [104.144034, -2.145022], [104.144093, -2.145019], [104.144139, -2.14502], [104.144268, -2.145024], [104.144435, -2.145026], [104.144456, -2.145025], [104.144506, -2.145023], [104.144506, -2.145049], [104.144503, -2.145541], [104.144498, -2.146183], [104.144494, -2.146708], [104.14449, -2.147283], [104.144485, -2.147875], [104.144481, -2.148382], [104.144477, -2.148839], [104.144472, -2.149431], [104.144468, -2.149883], [104.144465, -2.150218], [104.144465, -2.150264]]]]}},
{"type": "Feature", "properties": {"ba_code": "6921", "blockid": "D32P09", "division": "05"}, "geometry": {"type": "MultiPolygon", "coordinates": [[[[104.0944, -2.124876], [104.097125, -2.126086], [104.097056, -2.134202], [104.094332, -2.134156], [104.094351, -2.131558], [104.0944, -2.124876]]]]}},
{"type": "Feature", "properties": {"ba_code": "6921", "blockid": "C17P08", "division": "04"}, "geometry": {"type": "MultiPolygon", "coordinates": [[[[104.052632, -2.136552], [104.052631, -2.135522], [104.052629, -2.133467], [104.05526, -2.133541], [104.055212, -2.142785], [104.052639, -2.142808], [104.052632, -2.136552]]]]}},
{"type": "Feature", "properties": {"ba_code": "6921", "blockid": "G17P11", "division": "04"}, "geometry": {"type": "MultiPolygon", "coordinates": [[[[104.052595, -2.106419], [104.052605, -2.106419], [104.05263, -2.10313], [104.052718, -2.103121], [104.052769, -2.103139], [104.052781, -2.103137], [104.052802, -2.103101], [104.054248, -2.103332], [104.055103, -2.103468], [104.055143, -2.106443], [104.052595, -2.106461], [104.052595, -2.106419]]], [[[104.053514, -2.102338], [104.055116, -2.102313], [104.055117, -2.102524], [104.055122, -2.103381], [104.054334, -2.103252], [104.052945, -2.103026], [104.052863, -2.103011], [104.053514, -2.102338]]]]}},
{"type": "Feature", "properties": {"ba_code": "6921", "blockid": "D19P08", "division": "04"}, "geometry": {"type": "MultiPolygon", "coordinates": [[[[104.057918, -2.133486], [104.058036, -2.124647], [104.060645, -2.124671], [104.060723, -2.133577], [104.057918, -2.133486]]]]}},
{"type": "Feature", "properties": {"ba_code": "6921", "blockid": "C40P07", "division": "01"}, "geometry": {"type": "MultiPolygon", "coordinates": [[[[104.119461, -2.134499], [104.119319, -2.14353], [104.116628, -2.143505], [104.116714, -2.134501], [104.119461, -2.134499]]]]}},
{"type": "Feature", "properties": {"ba_code": "6921", "blockid": "D38P09", "division": "05"}, "geometry": {"type": "MultiPolygon", "coordinates": [[[[104.111025, -2.132972], [104.111012, -2.129745], [104.112639, -2.129774], [104.113925, -2.129797], [104.113887, -2.134371], [104.111031, -2.134318], [104.111025, -2.132972]]]]}},
{"type": "Feature", "properties": {"ba_code": "6921", "blockid": "D28P12", "division": "05"}, "geometry": {"type": "MultiPolygon", "coordinates": [[[[104.084915, -2.127069], [104.084565, -2.127065], [104.084633, -2.126164], [104.084546, -2.126104], [104.084136, -2.126095], [104.083218, -2.126091], [104.083204, -2.126099], [104.083207, -2.125825], [104.083207, -2.125814], [104.083213, -2.125143], [104.083219, -2.12481], [104.084971, -2.124826], [104.085, -2.124944], [104.085024, -2.125099], [104.085043, -2.125258], [104.085053, -2.125415], [104.085022, -2.125571], [104.084992, -2.125722], [104.084985, -2.125873], [104.084964, -2.126037], [104.084942, -2.126196], [104.084964, -2.126353], [104.084996, -2.126491], [104.084997, -2.126626], [104.084961, -2.126663], [104.08493, -2.126744], [104.084904, -2.126839], [104.084915, -2.127069]]]]}},
{"type": "Feature", "properties": {"ba_code": "6921", "blockid": "A20P11", "division": "06"}, "geometry": {"type": "MultiPolygon", "coordinates": [[[[104.063469, -2.161177], [104.063385, -2.161162], [104.063161, -2.161098], [104.062852, -2.161005], [104.062519, -2.160903], [104.062518, -2.160902], [104.062199, -2.160833], [104.062195, -2.160833], [104.061909, -2.160825], [104.061666, -2.160766], [104.061663, -2.160765], [104.061438, -2.16075], [104.061217, -2.160712], [104.061001, -2.160662], [104.061, -2.160662], [104.060809, -2.160632], [104.06066, -2.16061], [104.060634, -2.160602], [104.060628, -2.160601], [104.060621, -2.160603], [104.060707, -2.152246], [104.063457, -2.152282], [104.063469, -2.161177]]]]}},
{"type": "Feature", "properties": {"ba_code": "6921", "blockid": "F21P10", "division": "04"}, "geometry": {"type": "MultiPolygon", "coordinates": [[[[104.063622, -2.106632], [104.065871, -2.106647], [104.066059, -2.115458], [104.063595, -2.115464], [104.063622, -2.106632]]]]}},
{"type": "Feature", "properties": {"ba_code": "6921", "blockid": "B20P11", "division": "06"}, "geometry": {"type": "MultiPolygon", "coordinates": [[[[104.060705, -2.152087], [104.060774, -2.144334], [104.060781, -2.144149], [104.060781, -2.144148], [104.060781, -2.144147], [104.060775, -2.143779], [104.060778, -2.143384], [104.060774, -2.143368], [104.060774, -2.143013], [104.063421, -2.143014], [104.063449, -2.152086], [104.060705, -2.152087]]]]}},
{"type": "Feature", "properties": {"ba_code": "6921", "blockid": "B53P09", "division": "05"}, "geometry": {"type": "MultiPolygon", "coordinates": [[[[104.155785, -2.146345], [104.15574, -2.151713], [104.153027, -2.152572], [104.153109, -2.146322], [104.153117, -2.144001], [104.155817, -2.144024], [104.155785, -2.146345]]]]}},
{"type": "Feature", "properties": {"ba_code": "6921", "blockid": "A24P09", "division": "06"}, "geometry": {"type": "MultiPolygon", "coordinates": [[[[104.074462, -2.152396], [104.074423, -2.156072], [104.07435, -2.162954], [104.07422, -2.162969], [104.07169, -2.163268], [104.071693, -2.162783], [104.071762, -2.152367], [104.074423, -2.152396], [104.074462, -2.152396]]]]}},
{"type": "Feature", "properties": {"ba_code": "6921", "blockid": "C45P06", "division": "01"}, "geometry": {"type": "MultiPolygon", "coordinates": [[[[104.131058, -2.143634], [104.131056, -2.143389], [104.130928, -2.143382], [104.13093, -2.143316], [104.130634, -2.143311], [104.130671, -2.136647], [104.133402, -2.136663], [104.133336, -2.143656], [104.131058, -2.143634]]]]}},
{"type": "Feature", "properties": {"ba_code": "6921", "blockid": "C26P07", "division": "03"}, "geometry": {"type": "MultiPolygon", "coordinates": [[[[104.080174, -2.143114], [104.077456, -2.143056], [104.077518, -2.133993], [104.080136, -2.13405], [104.080174, -2.143114]]]]}},
{"type": "Feature", "properties": {"ba_code": "6921", "blockid": "C52P12", "division": "05"}, "geometry": {"type": "MultiPolygon", "coordinates": [[[[104.150626, -2.138585], [104.150498, -2.138499], [104.15045, -2.138427], [104.150405, -2.138381], [104.150371, -2.138315], [104.150373, -2.138189], [104.150429, -2.138126], [104.150512, -2.138048], [104.150557, -2.137958], [104.150597, -2.137838], [104.150605, -2.137779], [104.150682, -2.137675], [104.150722, -2.137619], [104.150774, -2.137586], [104.150844, -2.137503], [104.150868, -2.137474], [104.15089, -2.137434], [104.150896, -2.13741], [104.150911, -2.137382], [104.150967, -2.137294], [104.151001, -2.137251], [104.151041, -2.137207], [104.151083, -2.137168], [104.151123, -2.137143], [104.151207, -2.137071], [104.151418, -2.136883], [104.151507, -2.136817], [104.151541, -2.136779], [104.151579, -2.136742], [104.15161, -2.136695], [104.151628, -2.136638], [104.151638, -2.136578], [104.151652, -2.136515], [104.15166, -2.136455], [104.151662, -2.1364], [104.151662, -2.136343], [104.151665, -2.136283], [104.151676, -2.136221], [104.151683, -2.13616], [104.151689, -2.136096], [104.151694, -2.136035], [104.151698, -2.135975], [104.151693, -2.135912], [104.151687, -2.135854], [104.151675, -2.135794], [104.151661, -2.135736], [104.151647, -2.135679], [104.151635, -2.135626], [104.151626, -2.135569], [104.151636, -2.135506], [104.151654, -2.135448], [104.151671, -2.135388], [104.151691, -2.135335], [104.151704, -2.135279], [104.151717, -2.135223], [104.151795, -2.13515], [104.151975, -2.135125], [104.152036, -2.135111], [104.152094, -2.135091], [104.152153, -2.135069], [104.152211, -2.135041], [104.15227, -2.13502], [104.152325, -2.135], [104.152379, -2.134976], [104.15244, -2.13497], [104.152682, -2.134911], [104.152864, -2.134864], [104.152866, -2.134864], [104.152928, -2.134848], [104.153095, -2.134802], [104.153092, -2.136984], [104.150817, -2.14076], [104.150711, -2.140947], [104.150695, -2.14076], [104.1507, -2.140722], [104.150714, -2.14065], [104.150721, -2.14058], [104.150725, -2.140511], [104.150729, -2.140445], [104.15073, -2.140375], [104.150731, -2.14031], [104.150733, -2.140246], [104.150733, -2.140178], [104.150741, -2.140111], [104.150752, -2.140053], [104.150764, -2.139989], [104.150773, -2.139922], [104.150783, -2.139861], [104.150784, -2.139791], [104.150796, -2.139728], [104.150812, -2.139527], [104.150823, -2.13946], [104.150826, -2.139393], [104.150815, -2.139334], [104.150828, -2.139268], [104.150842, -2.139204], [104.150853, -2.139139], [104.150846, -2.139084], [104.150842, -2.139053], [104.150836, -2.139046], [104.15083, -2.139018], [104.150809, -2.138987], [104.150802, -2.138962], [104.150798, -2.138926], [104.15079, -2.138912], [104.150787, -2.138875], [104.150784, -2.138853], [104.150779, -2.138841], [104.150766, -2.138819], [104.150762, -2.138811], [104.150753, -2.13879], [104.150743, -2.138753], [104.150724, -2.138722], [104.150698, -2.138706], [104.150688, -2.138693], [104.150684, -2.138617], [104.150626, -2.138585]]]]}},
{"type": "Feature", "properties": {"ba_code": "6921", "blockid": "A17P09", "division": "06"}, "geometry": {"type": "MultiPolygon", "coordinates": [[[[104.052457, -2.158731], [104.052567, -2.152164], [104.055249, -2.152198], [104.055196, -2.158797], [104.055084, -2.15879], [104.055059, -2.158789], [104.055035, -2.158785], [104.055013, -2.158778], [104.054984, -2.158776], [104.054957, -2.158772], [104.054935, -2.158765], [104.05491, -2.15876], [104.054884, -2.15876], [104.054858, -2.158762], [104.054834, -2.158759], [104.05481, -2.158755], [104.054782, -2.158755], [104.054755, -2.158756], [104.05473, -2.158751], [104.054704, -2.158749], [104.054678, -2.158747], [104.054651, -2.158748], [104.054627, -2.158746], [104.054602, -2.158743], [104.054576, -2.158739], [104.054551, -2.158738], [104.054527, -2.158735], [104.054502, -2.15873], [104.054477, -2.158729], [104.054452, -2.158727], [104.054429, -2.15872], [104.053995, -2.158682], [104.053582, -2.158693], [104.053557, -2.158699], [104.05353, -2.158704], [104.053504, -2.158705], [104.053479, -2.158704], [104.053453, -2.158701], [104.053426, -2.158704], [104.053399, -2.158711], [104.053374, -2.15871], [104.053349, -2.158708], [104.053322, -2.158709], [104.053294, -2.158711], [104.053267, -2.158713], [104.053243, -2.158712], [104.053217, -2.158709], [104.053189, -2.158709], [104.053163, -2.158713], [104.053138, -2.158712], [104.053114, -2.158706], [104.053089, -2.158702], [104.053063, -2.158699], [104.053037, -2.158701], [104.053013, -2.158699], [104.05299, -2.158704], [104.052965, -2.158715], [104.05294, -2.158718], [104.052915, -2.158716], [104.05289, -2.158714], [104.052865, -2.158713], [104.05284, -2.158717], [104.052816, -2.158719], [104.052792, -2.158716], [104.052766, -2.158715], [104.05274, -2.158717], [104.052716, -2.158716], [104.05269, -2.158716], [104.052663, -2.158717], [104.052639, -2.158723], [104.052614, -2.158723], [104.05259, -2.158723], [104.052565, -2.158723], [104.052544, -2.15872], [104.052457, -2.158731]]]]}},
{"type": "Feature", "properties": {"ba_code": "6921", "blockid": "A49P09", "division": "05"}, "geometry": {"type": "MultiPolygon", "coordinates": [[[[104.144479, -2.153118], [104.144491, -2.155253], [104.144405, -2.155274], [104.14422, -2.155328], [104.144042, -2.155392], [104.143861, -2.155452], [104.143615, -2.155536], [104.143506, -2.155591], [104.143447, -2.155616], [104.143321, -2.155642], [104.143136, -2.155696], [104.142785, -2.155812], [104.142545, -2.155891], [104.142059, -2.156046], [104.141883, -2.156111], [104.141705, -2.156173], [104.141669, -2.156204], [104.141687, -2.153067], [104.144479, -2.153118]]]]}},
{"type": "Feature", "properties": {"ba_code": "6921", "blockid": "D18P08", "division": "04"}, "geometry": {"type": "MultiPolygon", "coordinates": [[[[104.057929, -2.124647], [104.05781, -2.133484], [104.055356, -2.133415], [104.055347, -2.124654], [104.057929, -2.124647]]]]}},
{"type": "Feature", "properties": {"ba_code": "6921", "blockid": "D16P10", "division": "04"}, "geometry": {"type": "MultiPolygon", "coordinates": [[[[104.049822, -2.132234], [104.049903, -2.12603], [104.049921, -2.125216], [104.052563, -2.125211], [104.052536, -2.133339], [104.050718, -2.133283], [104.049822, -2.132234]]]]}},
{"type": "Feature", "properties": {"ba_code": "6921", "blockid": "D28P12", "division": "05"}, "geometry": {"type": "MultiPolygon", "coordinates": [[[[104.084524, -2.128317], [104.084528, -2.128205], [104.08453, -2.128124], [104.084565, -2.127065], [104.084915, -2.127069], [104.084915, -2.127072], [104.084918, -2.127083], [104.084939, -2.127227], [104.084968, -2.127361], [104.084956, -2.127491], [104.084957, -2.1276], [104.084959, -2.12775], [104.085047, -2.127885], [104.085134, -2.127992], [104.085206, -2.12813], [104.085241, -2.128264], [104.085259, -2.128405], [104.08531, -2.128548], [104.085401, -2.128673], [104.085452, -2.128804], [104.085536, -2.128943], [104.085669, -2.129042], [104.085807, -2.129116], [104.085944, -2.12921], [104.08606, -2.129316], [104.08616, -2.129446], [104.086183, -2.129587], [104.086089, -2.130163], [104.085946, -2.130139], [104.085844, -2.130056], [104.085842, -2.130248], [104.085838, -2.130248], [104.085796, -2.130143], [104.085785, -2.129837], [104.084524, -2.128317]]]]}},
{"type": "Feature", "properties": {"ba_code": "6921", "blockid": "C51P09", "division": "05"}, "geometry": {"type": "MultiPolygon", "coordinates": [[[[104.150214, -2.143854], [104.150168, -2.144886], [104.147477, -2.144875], [104.147477, -2.144868], [104.1475, -2.143791], [104.147698, -2.14362], [104.147907, -2.143479], [104.148081, -2.143384], [104.148363, -2.143228], [104.148544, -2.143134], [104.148745, -2.143012], [104.14888, -2.142946], [104.14899, -2.142885], [104.149098, -2.14282], [104.149205, -2.142757], [104.14931, -2.142687], [104.149404, -2.142608], [104.149471, -2.142503], [104.149511, -2.142368], [104.149543, -2.142267], [104.149589, -2.142153], [104.149645, -2.142042], [104.14967, -2.141982], [104.1497, -2.141926], [104.149735, -2.141875], [104.14978, -2.14183], [104.149823, -2.141791], [104.15, -2.141679], [104.150065, -2.141579], [104.15023, -2.141432], [104.150208, -2.141718], [104.150219, -2.143734], [104.150214, -2.143854]]]]}},
{"type": "Feature", "properties": {"ba_code": "6921", "blockid": "C28P07", "division": "03"}, "geometry": {"type": "MultiPolygon", "coordinates": [[[[104.085752, -2.143206], [104.083072, -2.14316], [104.083098, -2.134064], [104.085798, -2.134105], [104.085752, -2.143206]]]]}},
{"type": "Feature", "properties": {"ba_code": "6921", "blockid": "C41P06", "division": "01"}, "geometry": {"type": "MultiPolygon", "coordinates": [[[[104.119417, -2.143555], [104.119568, -2.1345], [104.122258, -2.134492], [104.122235, -2.143591], [104.119417, -2.143555]]]]}},
{"type": "Feature", "properties": {"ba_code": "6921", "blockid": "B32P07", "division": "02"}, "geometry": {"type": "MultiPolygon", "coordinates": [[[[104.096951, -2.143489], [104.096897, -2.152551], [104.094203, -2.152489], [104.094253, -2.143454], [104.096951, -2.143489]]]]}},
{"type": "Feature", "properties": {"ba_code": "6921", "blockid": "C42P06", "division": "01"}, "geometry": {"type": "MultiPolygon", "coordinates": [[[[104.122352, -2.139114], [104.122356, -2.137556], [104.124095, -2.137555], [104.124093, -2.138516], [104.124097, -2.138734], [104.124093, -2.138742], [104.124093, -2.138769], [104.124008, -2.138758], [104.123962, -2.138769], [104.12388, -2.138766], [104.123815, -2.138756], [104.123644, -2.138776], [104.123584, -2.138771], [104.123529, -2.13876], [104.123461, -2.138763], [104.12283, -2.13877], [104.122862, -2.139088], [104.122352, -2.139114]]]]}},
{"type": "Feature", "properties": {"ba_code": "6921", "blockid": "A39P07", "division": "01"}, "geometry": {"type": "MultiPolygon", "coordinates": [[[[104.113737, -2.163032], [104.11376, -2.15289], [104.116431, -2.152892], [104.116427, -2.153149], [104.116423, -2.153205], [104.116421, -2.153257], [104.116419, -2.153427], [104.116415, -2.153578], [104.116411, -2.153734], [104.116404, -2.153946], [104.116405, -2.15406], [104.116403, -2.15417], [104.116401, -2.154376], [104.116394, -2.154539], [104.116414, -2.156309], [104.116418, -2.156704], [104.116424, -2.157897], [104.116415, -2.160597], [104.116405, -2.161343], [104.116401, -2.162088], [104.116403, -2.162437], [104.113737, -2.163032]]]]}},
{"type": "Feature", "properties": {"ba_code": "6921", "blockid": "D33P09", "division": "05"}, "geometry": {"type": "MultiPolygon", "coordinates": [[[[104.099867, -2.128483], [104.099851, -2.13424], [104.09715, -2.134202], [104.097219, -2.126127], [104.098788, -2.126806], [104.09987, -2.127274], [104.099867, -2.128483]]]]}},
{"type": "Feature", "properties": {"ba_code": "6921", "blockid": "B47P06", "division": "01"}, "geometry": {"type": "MultiPolygon", "coordinates": [[[[104.136242, -2.143786], [104.13891, -2.143798], [104.138862, -2.152912], [104.136183, -2.152886], [104.136201, -2.148865], [104.136202, -2.148569], [104.136204, -2.14824], [104.136205, -2.147909], [104.136206, -2.147672], [104.136208, -2.147317], [104.136209, -2.146996], [104.13621, -2.14664], [104.136215, -2.146286], [104.13622, -2.145914], [104.136221, -2.145541], [104.136222, -2.145325], [104.136226, -2.145034], [104.136233, -2.144612], [104.136239, -2.144262], [104.136242, -2.143983], [104.136242, -2.143786]]]]}},
{"type": "Feature", "properties": {"ba_code": "6921", "blockid": "F25P12", "division": "06"}, "geometry": {"type": "MultiPolygon", "coordinates": [[[[104.077723, -2.111502], [104.077719, -2.11196], [104.07772, -2.112503], [104.075983, -2.109791], [104.074904, -2.109184], [104.074911, -2.108724], [104.074956, -2.108737], [104.074957, -2.108737], [104.07501, -2.108751], [104.075062, -2.108773], [104.075063, -2.108773], [104.075112, -2.10879], [104.075113, -2.10879], [104.075164, -2.108805], [104.075214, -2.108821], [104.075252, -2.108831], [104.075253, -2.108832], [104.075308, -2.108844], [104.075356, -2.108856], [104.075404, -2.108871], [104.075452, -2.108886], [104.075493, -2.108909], [104.075566, -2.10895], [104.075621, -2.108981], [104.075662, -2.109012], [104.075663, -2.109013], [104.075706, -2.109043], [104.075745, -2.109074], [104.075776, -2.109105], [104.075807, -2.109139], [104.075835, -2.109179], [104.075836, -2.10918], [104.075862, -2.109213], [104.075862, -2.109214], [104.075879, -2.109233], [104.075901, -2.109267], [104.075902, -2.109269], [104.075924, -2.109294], [104.075951, -2.109327], [104.075952, -2.109329], [104.075988, -2.109364], [104.076015, -2.109404], [104.076016, -2.109405], [104.076023, -2.109414], [104.076047, -2.109443], [104.076072, -2.109489], [104.076073, -2.10949], [104.076102, -2.109533], [104.076103, -2.109535], [104.076136, -2.109572], [104.076162, -2.109612], [104.076163, -2.109614], [104.076195, -2.109651], [104.076224, -2.109689], [104.076248, -2.109726], [104.076249, -2.109727], [104.076278, -2.109765], [104.07628, -2.109767], [104.076304, -2.109789], [104.076325, -2.109821], [104.076349, -2.109857], [104.07635, -2.109859], [104.076382, -2.109895], [104.076407, -2.109941], [104.076432, -2.109983], [104.076447, -2.110027], [104.076448, -2.11003], [104.076449, -2.11003], [104.076476, -2.110074], [104.076476, -2.110075], [104.076506, -2.110119], [104.076529, -2.110161], [104.076552, -2.110203], [104.076552, -2.110204], [104.076576, -2.110246], [104.076597, -2.11029], [104.076597, -2.110291], [104.076598, -2.110292], [104.076617, -2.11032], [104.076639, -2.110361], [104.076666, -2.110409], [104.076685, -2.110455], [104.076686, -2.110457], [104.07671, -2.110501], [104.076712, -2.110503], [104.076743, -2.110543], [104.076765, -2.110578], [104.076769, -2.110582], [104.076794, -2.110603], [104.076822, -2.110635], [104.076823, -2.110636], [104.07686, -2.110672], [104.076861, -2.110672], [104.076897, -2.110705], [104.076931, -2.110735], [104.076931, -2.110736], [104.076967, -2.110766], [104.076998, -2.110799], [104.077002, -2.110803], [104.077038, -2.110824], [104.077077, -2.110858], [104.077114, -2.110898], [104.077114, -2.110899], [104.077154, -2.11094], [104.077157, -2.110942], [104.077196, -2.110969], [104.077231, -2.111], [104.077265, -2.111036], [104.077266, -2.111037], [104.077303, -2.111072], [104.077335, -2.111106], [104.077364, -2.111142], [104.077369, -2.111146], [104.0774, -2.111166], [104.077423, -2.111191], [104.077427, -2.111195], [104.077436, -2.111197], [104.07744, -2.111196], [104.07744, -2.111197], [104.077446, -2.111203], [104.077459, -2.111212], [104.077491, -2.111249], [104.077524, -2.111287], [104.077525, -2.111287], [104.077554, -2.111318], [104.077557, -2.111321], [104.077572, -2.111332], [104.077723, -2.111502]]]]}},
{"type": "Feature", "properties": {"ba_code": "6921", "blockid": "E23P08", "division": "04"}, "geometry": {"type": "MultiPolygon", "coordinates": [[[[104.071878, -2.124646], [104.069186, -2.124623], [104.069246, -2.115589], [104.071933, -2.115591], [104.071878, -2.124646]]]]}},
{"type": "Feature", "properties": {"ba_code": "6921", "blockid": "C34P07", "division": "02"}, "geometry": {"type": "MultiPolygon", "coordinates": [[[[104.102595, -2.14344], [104.099846, -2.14339], [104.099942, -2.134366], [104.102694, -2.13438], [104.102595, -2.14344]]]]}},
{"type": "Feature", "properties": {"ba_code": "6921", "blockid": "A16P09", "division": "06"}, "geometry": {"type": "MultiPolygon", "coordinates": [[[[104.049707, -2.158154], [104.04979, -2.15213], [104.052472, -2.152164], [104.052362, -2.158731], [104.052205, -2.158756], [104.052156, -2.158759], [104.05213, -2.158762], [104.052103, -2.158764], [104.052074, -2.158764], [104.052047, -2.158764], [104.052022, -2.158765], [104.051995, -2.158764], [104.051968, -2.158767], [104.051939, -2.15877], [104.05191, -2.158768], [104.051883, -2.158768], [104.051857, -2.158768], [104.051832, -2.158771], [104.051803, -2.158772], [104.051776, -2.158776], [104.051751, -2.158776], [104.051726, -2.158776], [104.051699, -2.158777], [104.051671, -2.158778], [104.051645, -2.158778], [104.05162, -2.158777], [104.051594, -2.158779], [104.051567, -2.158779], [104.05154, -2.158778], [104.05151, -2.158777], [104.051483, -2.158773], [104.051457, -2.158772], [104.051431, -2.158772], [104.051401, -2.158771], [104.051372, -2.158769], [104.051343, -2.158769], [104.051316, -2.158767], [104.051291, -2.158765], [104.051264, -2.158764], [104.051234, -2.158764], [104.051204, -2.158761], [104.051175, -2.158758], [104.051148, -2.158756], [104.051121, -2.158753], [104.051091, -2.15875], [104.051059, -2.158743], [104.05103, -2.15874], [104.051004, -2.158739], [104.050976, -2.158738], [104.050949, -2.158737], [104.050922, -2.158732], [104.050895, -2.158729], [104.050868, -2.158727], [104.050842, -2.158726], [104.050814, -2.158724], [104.050788, -2.158721], [104.050762, -2.158717], [104.050736, -2.158714], [104.050709, -2.158711], [104.050681, -2.158709], [104.050656, -2.158704], [104.050629, -2.158697], [104.050602, -2.158691], [104.050576, -2.158685], [104.050554, -2.158671], [104.050533, -2.158652], [104.050512, -2.158636], [104.050493, -2.158618], [104.050477, -2.158601], [104.050462, -2.158588], [104.050445, -2.158571], [104.050427, -2.158551], [104.050409, -2.158533], [104.050392, -2.158516], [104.050374, -2.158499], [104.050355, -2.158485], [104.050335, -2.158469], [104.050317, -2.158451], [104.050294, -2.158435], [104.050273, -2.158422], [104.050252, -2.158405], [104.050231, -2.158388], [104.050206, -2.158374], [104.050182, -2.158359], [104.050162, -2.158343], [104.050147, -2.158327], [104.050125, -2.158316], [104.050103, -2.158308], [104.050082, -2.158297], [104.050061, -2.158285], [104.050037, -2.158273], [104.050014, -2.158262], [104.049994, -2.15825], [104.049973, -2.158241], [104.049951, -2.158234], [104.049929, -2.158226], [104.04991, -2.158217], [104.049887, -2.158208], [104.049863, -2.158199], [104.04984, -2.158191], [104.049819, -2.158183], [104.049798, -2.158177], [104.049774, -2.158174], [104.049749, -2.158168], [104.049707, -2.158154]]]]}},
{"type": "Feature", "properties": {"ba_code": "6921", "blockid": "A50P09", "division": "05"}, "geometry": {"type": "MultiPolygon", "coordinates": [[[[104.144579, -2.153163], [104.147315, -2.153191], [104.147293, -2.154477], [104.144568, -2.15524], [104.144579, -2.153163]]]]}},
{"type": "Feature", "properties": {"ba_code": "6921", "blockid": "C52P09", "division": "05"}, "geometry": {"type": "MultiPolygon", "coordinates": [[[[104.150313, -2.143734], [104.150307, -2.141651], [104.150817, -2.14076], [104.153092, -2.136984], [104.15304, -2.14378], [104.150313, -2.143734]]]]}},
{"type": "Feature", "properties": {"ba_code": "6921", "blockid": "C30P07", "division": "02"}, "geometry": {"type": "MultiPolygon", "coordinates": [[[[104.091378, -2.143274], [104.088652, -2.143214], [104.088697, -2.134182], [104.091396, -2.134232], [104.091378, -2.143274]]]]}},
{"type": "Feature", "properties": {"ba_code": "6921", "blockid": "G23P11", "division": "04"}, "geometry": {"type": "MultiPolygon", "coordinates": [[[[104.071601, -2.10637], [104.071656, -2.106326], [104.071659, -2.106329], [104.071699, -2.106372], [104.071737, -2.106417], [104.07177, -2.106464], [104.071771, -2.106465], [104.071808, -2.106511], [104.071809, -2.106512], [104.071848, -2.106556], [104.071885, -2.106603], [104.071886, -2.106604], [104.071929, -2.106651], [104.071929, -2.106652], [104.071969, -2.106691], [104.072011, -2.106737], [104.072011, -2.106738], [104.072055, -2.106781], [104.072056, -2.106781], [104.072101, -2.106823], [104.072102, -2.106824], [104.072148, -2.106859], [104.072193, -2.106896], [104.07224, -2.106931], [104.072287, -2.106966], [104.072288, -2.106967], [104.072333, -2.106999], [104.072379, -2.107034], [104.07238, -2.107035], [104.072426, -2.107065], [104.072467, -2.107106], [104.07247, -2.107108], [104.072523, -2.107143], [104.072575, -2.10718], [104.072576, -2.10718], [104.072628, -2.107212], [104.072678, -2.107243], [104.072725, -2.107277], [104.072772, -2.107315], [104.072774, -2.107316], [104.072824, -2.107346], [104.072873, -2.107376], [104.072922, -2.107409], [104.07297, -2.10744], [104.072971, -2.10744], [104.073024, -2.107472], [104.073024, -2.107473], [104.073025, -2.107473], [104.073081, -2.1075], [104.073134, -2.107526], [104.073136, -2.107527], [104.073193, -2.107547], [104.073249, -2.107566], [104.073303, -2.107584], [104.073358, -2.107605], [104.073359, -2.107605], [104.073414, -2.107622], [104.073467, -2.107643], [104.073468, -2.107643], [104.073524, -2.107662], [104.073526, -2.107662], [104.073581, -2.107676], [104.073632, -2.107694], [104.073682, -2.107719], [104.073727, -2.107752], [104.073767, -2.107792], [104.073768, -2.107792], [104.073813, -2.107832], [104.073853, -2.107869], [104.073887, -2.107914], [104.073887, -2.107915], [104.073925, -2.107959], [104.073962, -2.108008], [104.073999, -2.108058], [104.073999, -2.108059], [104.074038, -2.108105], [104.074075, -2.108149], [104.074107, -2.108197], [104.074138, -2.108243], [104.074141, -2.108246], [104.074182, -2.108285], [104.074219, -2.108333], [104.07422, -2.108334], [104.074261, -2.108377], [104.074262, -2.108379], [104.074305, -2.108416], [104.074308, -2.108417], [104.074357, -2.108447], [104.074357, -2.108448], [104.074408, -2.108476], [104.074455, -2.108505], [104.074455, -2.108506], [104.074456, -2.108506], [104.074511, -2.108532], [104.074513, -2.108533], [104.074569, -2.108552], [104.074622, -2.108572], [104.074674, -2.108595], [104.074722, -2.108622], [104.074724, -2.108622], [104.074767, -2.108642], [104.074773, -2.108646], [104.074795, -2.108672], [104.074813, -2.108719], [104.074812, -2.10877], [104.074812, -2.108771], [104.074814, -2.108803], [104.074816, -2.108853], [104.074813, -2.108906], [104.074813, -2.108907], [104.074813, -2.10891], [104.07482, -2.108949], [104.074816, -2.108988], [104.074802, -2.109049], [104.073017, -2.108293], [104.072221, -2.107951], [104.072126, -2.107912], [104.071957, -2.10785], [104.071748, -2.107773], [104.071561, -2.107701], [104.071392, -2.107617], [104.071232, -2.107558], [104.070824, -2.107409], [104.070954, -2.107237], [104.07127, -2.10683], [104.071531, -2.106477], [104.071601, -2.10637]]]]}},
{"type": "Feature", "properties": {"ba_code": "6921", "blockid": "B27P07", "division": "03"}, "geometry": {"type": "MultiPolygon", "coordinates": [[[[104.082896, -2.152386], [104.08018, -2.152334], [104.08028, -2.14324], [104.082978, -2.143286], [104.082896, -2.152386]]]]}},
{"type": "Feature", "properties": {"ba_code": "6921", "division": "04"}, "geometry": {"type": "MultiLineString", "coordinates": [[[104.06548890000005, -2.101944499999945], [104.066174, -2.102468443999953], [104.06676418800004, -2.102913312999931], [104.06751545700007, -2.103472685999975], [104.06832162400008, -2.104087791999973], [104.06907354400005, -2.104552256999966], [104.069225, -2.106671332999952], [104.07086093400005, -2.107367506999935], [104.07150356800008, -2.10769444999994], [104.07206960000008, -2.107924399999945], [104.07183675100003, -2.110751249999964], [104.07198, -2.115528], [104.074818, -2.115533], [104.077026, -2.115537499999959], [104.07773875000004, -2.115539], [104.08037267400005, -2.115561174999925], [104.08036583400008, -2.118423], [104.08032250000008, -2.124747], [104.07763850000003, -2.124756], [104.07475850000009, -2.124729], [104.071926, -2.124708998999949], [104.06913200100007, -2.124686], [104.06631233400009, -2.124635], [104.063485, -2.124632], [104.06069325000004, -2.124608], [104.06077, -2.133640499999956], [104.06069050000008, -2.142891499999962], [104.05789250000004, -2.14286624999994], [104.05526, -2.142848249999929], [104.05259050000006, -2.142870749999929], [104.04975333300007, -2.142900332999943], [104.049788, -2.141296], [104.050736, -2.139719], [104.05256866100007, -2.136605353999926], [104.052995, -2.135948], [104.05256775000004, -2.135448], [104.050773, -2.133347], [104.049822, -2.132234], [104.04970170700005, -2.131584543999963], [104.04924850100008, -2.13132724999997], [104.04863425000008, -2.13076687399996], [104.048286, -2.130301199999963], [104.04797014300004, -2.129539714999964], [104.04772880000007, -2.128895199999931], [104.04761420000006, -2.128316799999936], [104.04810533400007, -2.127807498999971], [104.04870233400004, -2.127270499999952], [104.04914633300007, -2.126873165999939], [104.04978670700007, -2.126251435999961], [104.050844, -2.125417], [104.052024, -2.12465], [104.05263550000006, -2.124424666999971], [104.05527259500008, -2.12253181799997], [104.054669, -2.118527], [104.05422700100007, -2.115508], [104.054078, -2.114492], [104.053478, -2.11034], [104.05254633400006, -2.110342], [104.05255375000007, -2.10652], [104.05255050000005, -2.104908499999965], [104.05270507000006, -2.103076567999949], [104.053547, -2.102385499999968], [104.05499870000006, -2.102329249999968], [104.05564750000008, -2.102276], [104.05632450000007, -2.102290249999953], [104.057273, -2.102308], [104.05794636400009, -2.102153229999942], [104.058014, -2.10094], [104.05802933400008, -2.099968665999938], [104.05804950000004, -2.098205], [104.058696, -2.097608], [104.059236, -2.09715], [104.059776, -2.096769], [104.060226, -2.096167799999932], [104.06073581100009, -2.095659560999934], [104.06094606700003, -2.09507752199994], [104.06133550100009, -2.094677915999966], [104.06177983300006, -2.094351416999928], [104.06215550100006, -2.093953499999941], [104.06265870000004, -2.093760299999929], [104.06312171400003, -2.093327142999954], [104.06345160300003, -2.092729923999968], [104.06389202500009, -2.092356523999968], [104.06432953300003, -2.091985466999972], [104.06492490000005, -2.09171379999998], [104.06527033400005, -2.091085332999967], [104.06585044400003, -2.090916443999959], [104.06636930000008, -2.090786399999956], [104.06660850000009, -2.091285], [104.06666933300005, -2.091960666999967], [104.06651320000009, -2.09266759999997], [104.06622372700008, -2.093276636999974], [104.06568354600006, -2.093839], [104.06510140000006, -2.094338099999959], [104.06462795000004, -2.094812649999938], [104.06415720000007, -2.095276199999944], [104.06375108400005, -2.095742332999976], [104.06329878600008, -2.096348571999954], [104.06302981300007, -2.097255099999927], [104.06286127300007, -2.098020453999936], [104.06305866700006, -2.098822], [104.06315347800006, -2.099419056999977], [104.06358733400003, -2.100076332999947], [104.06451266700009, -2.100991], [104.06500799900004, -2.101469], [104.06548890000005, -2.101944499999945]]]}},
{"type": "Feature", "properties": {"ba_code": "6921", "division": "05"}, "geometry": {"type": "MultiLineString", "coordinates": [[[104.155785, -2.146345], [104.15579292600006, -2.150923573999933], [104.158438, -2.15092349899993], [104.155789, -2.151773499999933], [104.152994, -2.152664], [104.15145464900007, -2.153119312999934], [104.15021737500007, -2.153340249999928], [104.14737750000006, -2.154452], [104.14471495900005, -2.155330249999963], [104.144041, -2.155390666999949], [104.143405, -2.15561619999994], [104.142665, -2.155851499999926], [104.14177750000005, -2.156148249999944], [104.14083725000006, -2.156448], [104.13982850100007, -2.156782499999963], [104.13897372100007, -2.157053271999928], [104.13842950000009, -2.157210499999962], [104.137388, -2.157454], [104.13680950000008, -2.157615499999963], [104.136016, -2.157788399999959], [104.134725, -2.158074], [104.134097, -2.15822449999996], [104.13330733400005, -2.158421332999978], [104.132767, -2.158539], [104.132254, -2.158663], [104.131594, -2.158811998999965], [104.13057620000006, -2.158956599999954], [104.12761550000005, -2.159464499999956], [104.12485250100008, -2.160117], [104.124865, -2.159297], [104.12488004400007, -2.158580265999944], [104.12489857800006, -2.156702593999967], [104.12489519800005, -2.155366655999956], [104.12489100100004, -2.154546499999981], [104.12489600100008, -2.153770498999961], [104.12487292900005, -2.152542856999958], [104.12768371500005, -2.152840570999956], [104.12846462300007, -2.152827901999956], [104.12915167300008, -2.152832195999963], [104.12985504500006, -2.152855968999972], [104.13045342800007, -2.152851570999928], [104.13330450000007, -2.152919499999939], [104.13613650000008, -2.152958249999926], [104.13840077300006, -2.153101377999974], [104.13900482100007, -2.152966912999943], [104.14165050000008, -2.152999749999935], [104.14452575000007, -2.153044500999954], [104.14453067300008, -2.151357305999966], [104.14453814900008, -2.150721504999979], [104.14452468000007, -2.150101984999935], [104.14454794000005, -2.14943128699997], [104.14455231800008, -2.148610776999931], [104.14455615100007, -2.14787526899994], [104.14455929300004, -2.147283261999974], [104.14456205900007, -2.146708256999943], [104.14456470100004, -2.146183251999958], [104.14459375100006, -2.145640499999956], [104.14444612500006, -2.145006749999936], [104.14723380000004, -2.144975], [104.1475, -2.143791], [104.15025750000007, -2.14168449999994], [104.150739, -2.140695666999932], [104.15068, -2.140187], [104.15068150000008, -2.139483499999926], [104.15060562500008, -2.138514749999956], [104.15073433300006, -2.137791666999931], [104.151453, -2.136897998999927], [104.15164075000007, -2.136169], [104.15169400100007, -2.135453], [104.15213266700005, -2.135082], [104.15290875000005, -2.134951], [104.15594612200005, -2.13496609799995], [104.15581, -2.143865], [104.155785, -2.146345]], [[104.08872550000007, -2.130534], [104.09150101500006, -2.130702569999926], [104.091627, -2.129653], [104.0925, -2.127017], [104.094386, -2.124876750999931], [104.097172, -2.126106499999935], [104.098788, -2.126806], [104.09987, -2.127274], [104.099867, -2.128483], [104.09989629500006, -2.129011835999961], [104.10048, -2.12953], [104.10172, -2.130579], [104.102289, -2.131043], [104.102741, -2.131401666999977], [104.103022, -2.130769], [104.103589, -2.131225], [104.104266, -2.131652], [104.10481, -2.131887], [104.10581160000004, -2.132313598999929], [104.106576, -2.13224], [104.107165, -2.132181], [104.107768, -2.132019], [104.108276, -2.131947498999978], [104.108974, -2.131292499999972], [104.109838, -2.130637], [104.11054566700005, -2.129968832999964], [104.112639, -2.129774], [104.113925, -2.129797], [104.11392333300006, -2.134455], [104.11098350000009, -2.13438], [104.108276, -2.13437], [104.10557425000007, -2.134343998999952], [104.10275075000004, -2.134316998999964], [104.09989650000006, -2.134303], [104.09710150000006, -2.13426549999997], [104.09428425000004, -2.134218998999927], [104.091452, -2.134169249999957], [104.08864925000006, -2.13412], [104.085847, -2.134042], [104.08305150000007, -2.134001], [104.08314509500008, -2.131425176999926], [104.08314381900004, -2.128713540999968], [104.08318029200007, -2.12582092699995], [104.08317103100006, -2.124937378999959], [104.08491937500008, -2.124670082999955], [104.085019, -2.125567799999942], [104.08495583300004, -2.126367915999936], [104.084935, -2.127185749999967], [104.08501060000003, -2.127743599999974], [104.085254, -2.12833674999996], [104.085573, -2.128915598999924], [104.08608675000005, -2.129389749999973], [104.08593047200009, -2.130153370999949], [104.08872550000007, -2.130534]], [[104.14267576500004, -2.143595933999961], [104.14160753800007, -2.144019352999976], [104.14126836900004, -2.142588315999944], [104.14148925200004, -2.141504716999975], [104.14183800100005, -2.142203499999937], [104.14247887500005, -2.142868832999966], [104.14267576500004, -2.143595933999961]]]}},
{"type": "Feature", "properties": {"ba_code": "6921", "division": "01"}, "geometry": {"type": "MultiLineString", "coordinates": [[[104.11392333300006, -2.134455], [104.11666650000006, -2.134499998999956], [104.11951450000004, -2.134499498999958], [104.122258, -2.134492], [104.12236178900008, -2.139183939999953], [104.12277717600006, -2.138855834999958], [104.124095, -2.138738], [104.12394382200006, -2.137689450999972], [104.124997, -2.137564], [104.12500887300007, -2.139159406999966], [104.12781631800004, -2.138973532999955], [104.127896, -2.136606], [104.130618, -2.136645], [104.13345450000008, -2.136663], [104.13576550100004, -2.136675], [104.13957675000006, -2.136694998999928], [104.14144176200006, -2.137011258999962], [104.14148297500009, -2.137998750999941], [104.14149784500006, -2.139189047999935], [104.14157230600006, -2.140050908999967], [104.14161514500006, -2.140778209999951], [104.14148925200004, -2.141504716999975], [104.14126836900004, -2.142588315999944], [104.14160753800007, -2.144019352999976], [104.14267576500004, -2.143595933999961], [104.14363266700008, -2.144157221999933], [104.144532, -2.144355], [104.14444612500006, -2.145006749999936], [104.14459375100006, -2.145640499999956], [104.14456470100004, -2.146183251999958], [104.14456205900007, -2.146708256999943], [104.14455929300004, -2.147283261999974], [104.14455615100007, -2.14787526899994], [104.14455231800008, -2.148610776999931], [104.14454794000005, -2.14943128699997], [104.14452468000007, -2.150101984999935], [104.14453814900008, -2.150721504999979], [104.14453067300008, -2.151357305999966], [104.14452575000007, -2.153044500999954], [104.14165050000008, -2.152999749999935], [104.13900482100007, -2.152966912999943], [104.13840077300006, -2.153101377999974], [104.13613650000008, -2.152958249999926], [104.13330450000007, -2.152919499999939], [104.13045342800007, -2.152851570999928], [104.12985504500006, -2.152855968999972], [104.12915167300008, -2.152832195999963], [104.12846462300007, -2.152827901999956], [104.12768371500005, -2.152840570999956], [104.12487292900005, -2.152542856999958], [104.12489600100008, -2.153770498999961], [104.12489100100004, -2.154546499999981], [104.12489519800005, -2.155366655999956], [104.12489857800006, -2.156702593999967], [104.12488004400007, -2.158580265999944], [104.124865, -2.159297], [104.12485250100008, -2.160117], [104.12274217900006, -2.160452956999961], [104.12212216700004, -2.160634], [104.12130950000005, -2.16095], [104.11920950100006, -2.161443], [104.11643233300003, -2.162090666999973], [104.11354484700007, -2.16295841699997], [104.11118790200004, -2.163544414999933], [104.10799750100006, -2.163431], [104.10811650100004, -2.152756998999962], [104.11092025000005, -2.152792249999948], [104.11094978000006, -2.14861388199995], [104.11093831600004, -2.146926330999975], [104.11094148700005, -2.146298828999932], [104.11093990000006, -2.145540843999925], [104.11094051800006, -2.144404857999973], [104.11095860000006, -2.143612399999938], [104.11098350000009, -2.13438], [104.11392333300006, -2.134455]], [[104.12223850000004, -2.143655499999966], [104.12227315500007, -2.144738446999952], [104.12320650100008, -2.144602998999972], [104.12494250000009, -2.144664499999976], [104.12501333300008, -2.143647332999933], [104.12496965600008, -2.142842801999961], [104.122291, -2.142800861999945], [104.12223850000004, -2.143655499999966]]]}},
{"type": "Feature", "properties": {"ba_code": "6921", "division": "02"}, "geometry": {"type": "MultiLineString", "coordinates": [[[104.11098350000009, -2.13438], [104.11095860000006, -2.143612399999938], [104.11094051800006, -2.144404857999973], [104.11093990000006, -2.145540843999925], [104.11094148700005, -2.146298828999932], [104.11093831600004, -2.146926330999975], [104.11094978000006, -2.14861388199995], [104.11092025000005, -2.152792249999948], [104.10811650100004, -2.152756998999962], [104.10799750100006, -2.163431], [104.105239, -2.163292998999964], [104.10247350100008, -2.163152998999976], [104.10140200100005, -2.163119], [104.09965250000005, -2.163035], [104.09685950000005, -2.16289949999998], [104.094096, -2.162735], [104.093392, -2.162846], [104.09121400100008, -2.163277], [104.090482, -2.163419], [104.088447, -2.163761399999942], [104.08790902900006, -2.163775774999976], [104.08590466700008, -2.164345666999964], [104.085662, -2.163678998999956], [104.08573950000005, -2.15246099899997], [104.08579775100009, -2.143269], [104.085847, -2.134042], [104.08864925000006, -2.13412], [104.091452, -2.134169249999957], [104.09428425000004, -2.134218998999927], [104.09710150000006, -2.13426549999997], [104.09989650000006, -2.134303], [104.10275075000004, -2.134316998999964], [104.10557425000007, -2.134343998999952], [104.108276, -2.13437], [104.11098350000009, -2.13438]], [[104.08859538900003, -2.145057636999979], [104.09140259300005, -2.145349115999977], [104.092313, -2.145295], [104.09419687500008, -2.145125262999954], [104.094221, -2.14337], [104.091433, -2.143274], [104.08859066700006, -2.143256], [104.08859538900003, -2.145057636999979]]]}},
{"type": "Feature", "properties": {"ba_code": "6921", "division": "03"}, "geometry": {"type": "MultiLineString", "coordinates": [[[104.063485, -2.124632], [104.06351088700006, -2.126951130999942], [104.06628662500003, -2.126907236999955], [104.06631233400009, -2.124635], [104.06913200100007, -2.124686], [104.071926, -2.124708998999949], [104.07475850000009, -2.124729], [104.07763850000003, -2.124756], [104.08032250000008, -2.124747], [104.08317103100006, -2.124937378999959], [104.08318029200007, -2.12582092699995], [104.08314381900004, -2.128713540999968], [104.08314509500008, -2.131425176999926], [104.08305150000007, -2.134001], [104.085847, -2.134042], [104.08579775100009, -2.143269], [104.08573950000005, -2.15246099899997], [104.085662, -2.163678998999956], [104.08590466700008, -2.164345666999964], [104.085269, -2.16486], [104.08284150000009, -2.164829], [104.08000350000003, -2.164927998999929], [104.077279, -2.164942], [104.076464, -2.165021], [104.075174, -2.16502], [104.07528660000008, -2.163373199999967], [104.07433596600004, -2.163002075999941], [104.07445456500005, -2.15607233299994], [104.074481, -2.152354], [104.07461725000007, -2.143087], [104.07182375000008, -2.143042], [104.06905075000009, -2.142993], [104.06622825000005, -2.142958], [104.06352150000004, -2.142920249999975], [104.06069050000008, -2.142891499999962], [104.06077, -2.133640499999956], [104.06069325000004, -2.124608], [104.063485, -2.124632]]]}},
{"type": "Feature", "properties": {"ba_code": "6921", "division": "06"}, "geometry": {"type": "MultiLineString", "coordinates": [[[104.07461725000007, -2.143087], [104.074481, -2.152354], [104.07445456500005, -2.15607233299994], [104.07433596600004, -2.163002075999941], [104.07164450000005, -2.163022498999965], [104.068904, -2.162524599999927], [104.068239, -2.162365], [104.067449, -2.162250499999971], [104.06673850000004, -2.162227], [104.06617125000008, -2.162125748999927], [104.065609, -2.161968], [104.065065, -2.161889], [104.06419750000003, -2.161827], [104.063584, -2.161838], [104.06350936100006, -2.16115775399993], [104.062842, -2.160994], [104.06207025000003, -2.160823249999964], [104.061304, -2.160731], [104.060663, -2.160617998999953], [104.06017884500005, -2.160299628999951], [104.05947288300007, -2.160199793999936], [104.05880977300006, -2.160078680999959], [104.05811139900004, -2.159998475999942], [104.05744882400006, -2.159759116999965], [104.056852, -2.159403749999967], [104.05630419000005, -2.15907333399997], [104.05560250400003, -2.158828986999936], [104.05475577700008, -2.15875422299996], [104.053995, -2.158682], [104.053283, -2.158705749999967], [104.05258114000009, -2.158724415999927], [104.05186052000005, -2.158770238999978], [104.05123138100004, -2.15875895299996], [104.05052078000006, -2.158583845999942], [104.04985674700004, -2.158199028999945], [104.04907166700008, -2.158033232999969], [104.04830483400008, -2.157919165999942], [104.04762921400004, -2.157802070999935], [104.047008, -2.157631049999964], [104.045086, -2.157221], [104.04506266700008, -2.152062], [104.045, -2.150988], [104.04696929300007, -2.150991366999961], [104.047056, -2.145847], [104.047061, -2.145247], [104.048138, -2.144040498999971], [104.04878066700007, -2.142971], [104.04975333300007, -2.142900332999943], [104.05259050000006, -2.142870749999929], [104.05526, -2.142848249999929], [104.05789250000004, -2.14286624999994], [104.06069050000008, -2.142891499999962], [104.06352150000004, -2.142920249999975], [104.06622825000005, -2.142958], [104.06905075000009, -2.142993], [104.07182375000008, -2.143042], [104.07461725000007, -2.143087]], [[104.075983, -2.109791], [104.07776700100004, -2.112521998999966], [104.077812, -2.111979], [104.080333, -2.114183], [104.08038723700008, -2.114793041999974], [104.08335675300003, -2.117971946999944], [104.08378733300003, -2.118433], [104.08413775000008, -2.11890724999995], [104.08441533300004, -2.119433665999964], [104.084668, -2.119988748999958], [104.08477333300004, -2.120578332999969], [104.084824, -2.121110665999936], [104.08493108400006, -2.121785081999974], [104.08488433400004, -2.122512], [104.08474150100005, -2.12318849899998], [104.08471766700006, -2.123841666999965], [104.08491937500008, -2.124670082999955], [104.08317103100006, -2.124937378999959], [104.08032250000008, -2.124747], [104.08036583400008, -2.118423], [104.08037267400005, -2.115561174999925], [104.07773875000004, -2.115539], [104.077026, -2.115537499999959], [104.074818, -2.115533], [104.07198, -2.115528], [104.07183675100003, -2.110751249999964], [104.07206960000008, -2.107924399999945], [104.07150356800008, -2.10769444999994], [104.07086093400005, -2.107367506999935], [104.07127, -2.10683], [104.07181915400008, -2.10652530699997], [104.07232089900003, -2.106968298999959], [104.07301766700004, -2.107425099999944], [104.07374135700007, -2.10778599899993], [104.07424381900006, -2.10830872799994], [104.07477050000006, -2.108782055999939], [104.075983, -2.109791]], [[104.05255375000007, -2.10652], [104.05254633400006, -2.110342], [104.05231650100006, -2.111365499999977], [104.051474, -2.111339], [104.050791, -2.111319], [104.049714, -2.11129], [104.049005, -2.111131], [104.048331, -2.110947], [104.047622, -2.110735], [104.04696413200008, -2.110281749999956], [104.046021, -2.110304], [104.04514600100003, -2.110057249999954], [104.046999, -2.108086998999966], [104.05002850000005, -2.105218], [104.05270507000006, -2.103076567999949], [104.05255050000005, -2.104908499999965], [104.05255375000007, -2.10652]]]}}
]
}
