{
"type": "FeatureCollection",
"features": [
{"type": "Feature", "properties": {"ba_code": "6922", "blockid": "B20P11", "division": "05"}, "geometry": {"type": "MultiPolygon", "coordinates": [[[[104.290141, -2.236365], [104.290018, -2.236413], [104.289875, -2.236437], [104.289738, -2.236439], [104.289734, -2.236438], [104.289725, -2.236437], [104.289717, -2.236434], [104.289707, -2.236433], [104.289694, -2.236433], [104.289683, -2.236433], [104.289673, -2.236433], [104.289663, -2.236432], [104.289653, -2.236429], [104.289643, -2.236428], [104.289633, -2.236427], [104.289622, -2.236426], [104.28961, -2.236425], [104.289601, -2.236426], [104.289591, -2.236426], [104.28958, -2.236426], [104.289569, -2.236425], [104.289558, -2.236425], [104.289548, -2.236424], [104.289537, -2.236424], [104.289527, -2.236423], [104.289516, -2.236422], [104.289504, -2.236422], [104.289493, -2.236421], [104.289482, -2.23642], [104.289472, -2.236419], [104.289462, -2.236419], [104.28945, -2.236418], [104.289439, -2.236418], [104.289428, -2.236417], [104.289416, -2.236417], [104.289405, -2.236417], [104.289393, -2.236417], [104.289383, -2.236417], [104.289371, -2.236418], [104.289361, -2.236418], [104.289352, -2.236416], [104.289342, -2.236414], [104.289332, -2.236413], [104.289321, -2.236413], [104.289312, -2.236414], [104.289303, -2.236414], [104.289293, -2.236413], [104.28928, -2.236414], [104.289267, -2.236415], [104.289256, -2.236413], [104.289245, -2.236412], [104.289234, -2.236412], [104.289224, -2.236412], [104.289212, -2.236412], [104.289201, -2.236412], [104.289188, -2.236412], [104.289177, -2.236412], [104.289166, -2.236411], [104.289155, -2.236412], [104.289145, -2.236413], [104.289137, -2.236412], [104.289128, -2.236413], [104.289117, -2.236413], [104.289109, -2.236412], [104.289099, -2.236412], [104.289089, -2.236412], [104.289081, -2.236411], [104.289071, -2.236412], [104.28906, -2.236412], [104.289051, -2.236412], [104.289042, -2.236412], [104.289033, -2.236414], [104.289023, -2.236415], [104.289014, -2.236416], [104.289006, -2.236417], [104.289002, -2.236418], [104.289001, -2.236418], [104.288833, -2.236459], [104.288721, -2.236504], [104.288506, -2.236615], [104.2885, -2.236615], [104.288488, -2.236615], [104.288477, -2.236619], [104.288466, -2.236623], [104.288456, -2.236628], [104.288445, -2.236631], [104.288435, -2.236635], [104.288426, -2.236639], [104.288419, -2.236643], [104.288416, -2.236645], [104.288072, -2.236843], [104.288071, -2.236842], [104.287942, -2.236929], [104.287941, -2.236929], [104.287776, -2.237013], [104.287656, -2.23706], [104.287453, -2.237139], [104.287301, -2.237192], [104.287258, -2.237195], [104.287399, -2.234777], [104.287451, -2.234761], [104.287981, -2.234604], [104.288689, -2.234378], [104.289441, -2.234167], [104.29015, -2.233947], [104.290167, -2.233942], [104.290141, -2.236365]]]]}},
{"type": "Feature", "properties": {"ba_code": "6922", "blockid": "E07P10", "division": "02"}, "geometry": {"type": "MultiPolygon", "coordinates": [[[[104.324108, -2.209028], [104.326634, -2.209044], [104.326691, -2.217779], [104.324112, -2.217762], [104.324108, -2.209028]]]]}},
{"type": "Feature", "properties": {"ba_code": "6922", "blockid": "E01P12", "division": "02"}, "geometry": {"type": "MultiPolygon", "coordinates": [[[[104.344156, -2.21796], [104.340842, -2.217932], [104.340943, -2.209315], [104.344129, -2.209374], [104.34461, -2.209383], [104.34463, -2.217964], [104.344156, -2.21796]]]]}},
{"type": "Feature", "properties": {"ba_code": "6922", "blockid": "D10P07", "division": "02"}, "geometry": {"type": "MultiPolygon", "coordinates": [[[[104.315721, -2.217844], [104.318521, -2.217869], [104.318281, -2.226925], [104.315697, -2.226909], [104.315721, -2.217844]]]]}},
{"type": "Feature", "properties": {"ba_code": "6922", "blockid": "D09P07", "division": "02"}, "geometry": {"type": "MultiPolygon", "coordinates": [[[[104.31861, -2.217863], [104.321421, -2.217875], [104.321377, -2.226947], [104.318376, -2.226925], [104.31861, -2.217863]]]]}},
{"type": "Feature", "properties": {"ba_code": "6922", "blockid": "C20P07", "division": "01"}, "geometry": {"type": "MultiPolygon", "coordinates": [[[[104.287521, -2.226747], [104.287621, -2.226748], [104.287698, -2.22675], [104.287817, -2.226752], [104.287851, -2.22675], [104.288028, -2.226753], [104.288193, -2.226752], [104.288409, -2.226751], [104.288585, -2.22675], [104.288715, -2.226749], [104.288857, -2.226748], [104.289192, -2.226744], [104.289294, -2.226748], [104.289417, -2.226755], [104.289525, -2.226757], [104.289633, -2.226753], [104.289746, -2.226753], [104.289853, -2.226751], [104.289963, -2.226752], [104.290058, -2.226754], [104.290214, -2.226747], [104.290159, -2.233845], [104.29016, -2.233845], [104.290114, -2.23386], [104.290085, -2.233871], [104.290038, -2.23388], [104.289986, -2.233893], [104.289941, -2.233912], [104.289841, -2.233943], [104.289726, -2.233965], [104.289618, -2.233999], [104.289544, -2.234024], [104.289475, -2.234048], [104.289338, -2.234086], [104.289191, -2.234127], [104.289113, -2.234157], [104.288996, -2.234192], [104.288896, -2.234216], [104.288788, -2.234251], [104.28871, -2.234279], [104.288626, -2.234298], [104.288506, -2.234335], [104.288411, -2.234365], [104.288317, -2.234394], [104.288224, -2.234423], [104.28812, -2.234456], [104.288017, -2.234487], [104.287938, -2.234521], [104.287846, -2.234544], [104.287749, -2.234572], [104.287654, -2.234596], [104.287536, -2.234628], [104.287419, -2.234663], [104.287393, -2.234669], [104.287521, -2.226747]]]]}},
{"type": "Feature", "properties": {"ba_code": "6922", "blockid": "F21P09", "division": "04"}, "geometry": {"type": "MultiPolygon", "coordinates": [[[[104.284942, -2.20162], [104.285771, -2.200926], [104.287491, -2.20097], [104.287494, -2.208425], [104.285352, -2.208397], [104.285352, -2.208398], [104.284912, -2.208392], [104.284931, -2.204078], [104.284942, -2.20162]]], [[[104.283817, -2.202705], [104.284447, -2.2021], [104.284848, -2.201713], [104.284839, -2.203683], [104.284818, -2.208392], [104.283955, -2.208375], [104.283817, -2.202705]]]]}},
{"type": "Feature", "properties": {"ba_code": "6922", "blockid": "F14P07", "division": "04"}, "geometry": {"type": "MultiPolygon", "coordinates": [[[[104.304588, -2.199614], [104.307548, -2.199592], [104.307434, -2.208678], [104.30452, -2.20864], [104.304588, -2.199614]]]]}},
{"type": "Feature", "properties": {"ba_code": "6922", "blockid": "H06P13", "division": "03"}, "geometry": {"type": "MultiPolygon", "coordinates": [[[[104.326508, -2.181031], [104.328942, -2.181057], [104.329075, -2.190267], [104.32657, -2.190215], [104.326508, -2.181031]]]]}},
{"type": "Feature", "properties": {"ba_code": "6922", "blockid": "G05P08", "division": "03"}, "geometry": {"type": "MultiPolygon", "coordinates": [[[[104.329169, -2.190393], [104.332456, -2.190463], [104.332474, -2.199377], [104.329299, -2.199367], [104.329169, -2.190393]]]]}},
{"type": "Feature", "properties": {"ba_code": "6922", "blockid": "F13P07", "division": "04"}, "geometry": {"type": "MultiPolygon", "coordinates": [[[[104.307642, -2.199592], [104.310085, -2.199565], [104.310051, -2.208707], [104.307528, -2.208678], [104.307642, -2.199592]]]]}},
{"type": "Feature", "properties": {"ba_code": "6922", "blockid": "J12P10", "division": "06"}, "geometry": {"type": "MultiPolygon", "coordinates": [[[[104.31028, -2.162255], [104.312967, -2.16226], [104.312951, -2.171518], [104.310278, -2.171464], [104.31028, -2.162255]]]]}},
{"type": "Feature", "properties": {"ba_code": "6922", "blockid": "H12P09", "division": "05"}, "geometry": {"type": "MultiPolygon", "coordinates": [[[[104.310253, -2.180897], [104.312938, -2.180923], [104.312923, -2.189895], [104.310219, -2.189803], [104.310253, -2.180897]]]]}},
{"type": "Feature", "properties": {"ba_code": "6922", "blockid": "J08P11", "division": "06"}, "geometry": {"type": "MultiPolygon", "coordinates": [[[[104.321501, -2.16231], [104.323942, -2.162337], [104.323997, -2.17174], [104.321585, -2.171685], [104.321501, -2.16231]]]]}},
{"type": "Feature", "properties": {"ba_code": "6922", "blockid": "J09P11", "division": "06"}, "geometry": {"type": "MultiPolygon", "coordinates": [[[[104.319777, -2.162327], [104.321409, -2.162318], [104.32149, -2.171685], [104.319633, -2.171644], [104.319777, -2.162327]]]]}},
{"type": "Feature", "properties": {"ba_code": "6922", "blockid": "G13P09", "division": "05"}, "geometry": {"type": "MultiPolygon", "coordinates": [[[[104.307761, -2.189849], [104.310125, -2.189929], [104.310085, -2.199439], [104.307642, -2.199466], [104.307761, -2.189849]]]]}},
{"type": "Feature", "properties": {"ba_code": "6922", "blockid": "E10P10", "division": "02"}, "geometry": {"type": "MultiPolygon", "coordinates": [[[[104.315799, -2.208908], [104.318698, -2.208938], [104.318516, -2.217737], [104.315721, -2.217718], [104.315799, -2.208908]]]]}},
{"type": "Feature", "properties": {"ba_code": "6922", "blockid": "I13P09", "division": "06"}, "geometry": {"type": "MultiPolygon", "coordinates": [[[[104.307852, -2.171553], [104.310184, -2.17159], [104.310158, -2.180771], [104.307845, -2.180742], [104.307852, -2.171553]]]]}},
{"type": "Feature", "properties": {"ba_code": "6922", "blockid": "E20P12", "division": "04"}, "geometry": {"type": "MultiPolygon", "coordinates": [[[[104.287588, -2.208551], [104.290529, -2.20859], [104.290339, -2.217549], [104.287594, -2.217534], [104.287588, -2.208551]]]]}},
{"type": "Feature", "properties": {"ba_code": "6922", "blockid": "B15P11", "division": "05"}, "geometry": {"type": "MultiPolygon", "coordinates": [[[[104.304172, -2.233915], [104.304164, -2.234319], [104.30408, -2.234278], [104.303841, -2.234171], [104.30384, -2.23417], [104.303463, -2.233978], [104.303193, -2.233847], [104.303192, -2.233847], [104.30304, -2.233834], [104.303039, -2.233834], [104.302888, -2.233768], [104.302731, -2.233673], [104.302597, -2.233594], [104.302207, -2.233429], [104.302207, -2.233428], [104.301969, -2.233321], [104.301677, -2.233205], [104.301586, -2.233186], [104.30159, -2.232931], [104.301588, -2.232894], [104.301588, -2.232801], [104.304172, -2.233915]]]]}},
{"type": "Feature", "properties": {"ba_code": "6922", "blockid": "F10P08", "division": "03"}, "geometry": {"type": "MultiPolygon", "coordinates": [[[[104.31588, -2.199542], [104.318897, -2.199517], [104.318698, -2.208812], [104.3158, -2.208782], [104.31588, -2.199542]]]]}},
{"type": "Feature", "properties": {"ba_code": "6922", "blockid": "J10P11", "division": "06"}, "geometry": {"type": "MultiPolygon", "coordinates": [[[[104.315988, -2.162298], [104.319699, -2.162328], [104.319538, -2.171644], [104.316021, -2.171571], [104.315988, -2.162298]]]]}},
{"type": "Feature", "properties": {"ba_code": "6922", "blockid": "D17P07", "division": "01"}, "geometry": {"type": "MultiPolygon", "coordinates": [[[[104.29866, -2.226708], [104.298482, -2.226705], [104.298396, -2.226699], [104.298323, -2.226699], [104.298216, -2.226699], [104.298161, -2.226702], [104.298088, -2.226702], [104.29801, -2.226703], [104.297925, -2.2267], [104.297824, -2.226697], [104.297727, -2.226695], [104.297637, -2.226696], [104.297547, -2.226695], [104.297463, -2.226696], [104.297377, -2.226697], [104.29729, -2.226698], [104.297195, -2.226697], [104.297105, -2.226697], [104.297013, -2.226684], [104.296916, -2.226687], [104.296815, -2.226696], [104.296726, -2.226694], [104.296633, -2.226691], [104.29654, -2.226688], [104.296423, -2.226702], [104.296331, -2.226688], [104.296242, -2.22669], [104.296149, -2.226685], [104.296062, -2.22668], [104.296, -2.226678], [104.29595, -2.226679], [104.295999, -2.217694], [104.296009, -2.217694], [104.296072, -2.217694], [104.296329, -2.217704], [104.296411, -2.217703], [104.296494, -2.217706], [104.296668, -2.217709], [104.296761, -2.217708], [104.296844, -2.21771], [104.296939, -2.21771], [104.29702, -2.217706], [104.297114, -2.217705], [104.297211, -2.21771], [104.297302, -2.217714], [104.297387, -2.217716], [104.297473, -2.217716], [104.297559, -2.217718], [104.297644, -2.217716], [104.29773, -2.217712], [104.297814, -2.217713], [104.297897, -2.217716], [104.297983, -2.21772], [104.298062, -2.21772], [104.298146, -2.217722], [104.298224, -2.217723], [104.298305, -2.217723], [104.298384, -2.217724], [104.298461, -2.217718], [104.298528, -2.217718], [104.298614, -2.217718], [104.298696, -2.217718], [104.298769, -2.217718], [104.29877, -2.217718], [104.29866, -2.226708]]]]}},
{"type": "Feature", "properties": {"ba_code": "6922", "blockid": "D20P10", "division": "01"}, "geometry": {"type": "MultiPolygon", "coordinates": [[[[104.290215, -2.226623], [104.290062, -2.22663], [104.289967, -2.226628], [104.289857, -2.226627], [104.28975, -2.226629], [104.289637, -2.226629], [104.289529, -2.226633], [104.289421, -2.226631], [104.289298, -2.226624], [104.289196, -2.22662], [104.288861, -2.226624], [104.288719, -2.226625], [104.288589, -2.226626], [104.288413, -2.226627], [104.288197, -2.226628], [104.288032, -2.226629], [104.287855, -2.226626], [104.287821, -2.226628], [104.287702, -2.226626], [104.287625, -2.226624], [104.287516, -2.226623], [104.287522, -2.226623], [104.287608, -2.217658], [104.28761, -2.217658], [104.287683, -2.217657], [104.28777, -2.217656], [104.287863, -2.217658], [104.287953, -2.217661], [104.288022, -2.217662], [104.288104, -2.217657], [104.288185, -2.217659], [104.288275, -2.21766], [104.288376, -2.217662], [104.28849, -2.217661], [104.288604, -2.217664], [104.28872, -2.217663], [104.288822, -2.217665], [104.288924, -2.217666], [104.289008, -2.21767], [104.28915, -2.217665], [104.28926, -2.217666], [104.289371, -2.217668], [104.289485, -2.217668], [104.289601, -2.217668], [104.289711, -2.21767], [104.289818, -2.217673], [104.289924, -2.217674], [104.290022, -2.217672], [104.290123, -2.217671], [104.290228, -2.217673], [104.290313, -2.217676], [104.290339, -2.217675], [104.290215, -2.226623]]]]}},
{"type": "Feature", "properties": {"ba_code": "6922", "blockid": "G12P09", "division": "05"}, "geometry": {"type": "MultiPolygon", "coordinates": [[[[104.31022, -2.189929], [104.312924, -2.190021], [104.312869, -2.199442], [104.310179, -2.199439], [104.31022, -2.189929]]]]}},
{"type": "Feature", "properties": {"ba_code": "6922", "blockid": "F23P12", "division": "05"}, "geometry": {"type": "MultiPolygon", "coordinates": [[[[104.283646, -2.199675], [104.283838, -2.208341], [104.283456, -2.208304], [104.283357, -2.207328], [104.283281, -2.206581], [104.283222, -2.205997], [104.283155, -2.205335], [104.283096, -2.204752], [104.282923, -2.204097], [104.282794, -2.203606], [104.282693, -2.202963], [104.282713, -2.20234], [104.282823, -2.201997], [104.282806, -2.201839], [104.282777, -2.201753], [104.282745, -2.201715], [104.282686, -2.201617], [104.282578, -2.201448], [104.28255, -2.201418], [104.282516, -2.201314], [104.282491, -2.201244], [104.282455, -2.201114], [104.282446, -2.20102], [104.282441, -2.200948], [104.282443, -2.200848], [104.282435, -2.200791], [104.282426, -2.200685], [104.28242, -2.200557], [104.282385, -2.200242], [104.282364, -2.200142], [104.282355, -2.200071], [104.282345, -2.199968], [104.28233, -2.199862], [104.28233, -2.199765], [104.282322, -2.199706], [104.283646, -2.199675]]]]}},
{"type": "Feature", "properties": {"ba_code": "6922", "blockid": "C23P10", "division": "01"}, "geometry": {"type": "MultiPolygon", "coordinates": [[[[104.278909, -2.235728], [104.279026, -2.22665], [104.279073, -2.22665], [104.279154, -2.226651], [104.279305, -2.226652], [104.279382, -2.226655], [104.279464, -2.226658], [104.279551, -2.22666], [104.279635, -2.226662], [104.279721, -2.226663], [104.279818, -2.226663], [104.279921, -2.226664], [104.280015, -2.226665], [104.280112, -2.226665], [104.280211, -2.226667], [104.280311, -2.226667], [104.280407, -2.226667], [104.280502, -2.22667], [104.280601, -2.226669], [104.280701, -2.226668], [104.280795, -2.226669], [104.280903, -2.22667], [104.281021, -2.226672], [104.281126, -2.226674], [104.281225, -2.226675], [104.281321, -2.226677], [104.281413, -2.226679], [104.281504, -2.226678], [104.281591, -2.226678], [104.281671, -2.226679], [104.281816, -2.226682], [104.281713, -2.235748], [104.281608, -2.235749], [104.281464, -2.23575], [104.281311, -2.235751], [104.281133, -2.235753], [104.281022, -2.235753], [104.280924, -2.235748], [104.28082, -2.235743], [104.280718, -2.235738], [104.280607, -2.235737], [104.280497, -2.235734], [104.280385, -2.235733], [104.280274, -2.235738], [104.280133, -2.235739], [104.28004, -2.235736], [104.279936, -2.235736], [104.279811, -2.235737], [104.279707, -2.235736], [104.279594, -2.235734], [104.279482, -2.235732], [104.27937, -2.235735], [104.279134, -2.23573], [104.27905, -2.23573], [104.278976, -2.235729], [104.278909, -2.235728]]]]}},
{"type": "Feature", "properties": {"ba_code": "6922", "blockid": "H13P11", "division": "05"}, "geometry": {"type": "MultiPolygon", "coordinates": [[[[104.307826, -2.182849], [104.307845, -2.180868], [104.310159, -2.180897], [104.310151, -2.182849], [104.307826, -2.182849]]]]}},
{"type": "Feature", "properties": {"ba_code": "6922", "blockid": "D24P12", "division": "05"}, "geometry": {"type": "MultiPolygon", "coordinates": [[[[104.275739, -2.224706], [104.275806, -2.224579], [104.277436, -2.222027], [104.278443, -2.220481], [104.27873, -2.219974], [104.279095, -2.219328], [104.279485, -2.218554], [104.279821, -2.217919], [104.28005, -2.217584], [104.280339, -2.2176], [104.280246, -2.218084], [104.280144, -2.218626], [104.280046, -2.219166], [104.279859, -2.22011], [104.279806, -2.220426], [104.279769, -2.220652], [104.279629, -2.221392], [104.279508, -2.222024], [104.279352, -2.222837], [104.27901, -2.224543], [104.278607, -2.224554], [104.278193, -2.224578], [104.277374, -2.224614], [104.277015, -2.22463], [104.276911, -2.224635], [104.276434, -2.224658], [104.2761, -2.22468], [104.2761, -2.224721], [104.275739, -2.224706]]]]}},
{"type": "Feature", "properties": {"ba_code": "6922", "blockid": "E21P09", "division": "04"}, "geometry": {"type": "MultiPolygon", "coordinates": [[[[104.2853, -2.208523], [104.287494, -2.208551], [104.2875, -2.217534], [104.28487, -2.217519], [104.284908, -2.209467], [104.284912, -2.208518], [104.2853, -2.208523]]]]}},
{"type": "Feature", "properties": {"ba_code": "6922", "blockid": "K10P11", "division": "06"}, "geometry": {"type": "MultiPolygon", "coordinates": [[[[104.319695, -2.162261], [104.31598, -2.1622], [104.315971, -2.161622], [104.31725, -2.16161], [104.318024, -2.161609], [104.318784, -2.161609], [104.319179, -2.161604], [104.319622, -2.161608], [104.319695, -2.161612], [104.319695, -2.162261]]]]}},
{"type": "Feature", "properties": {"ba_code": "6922", "blockid": "B12P06", "division": "01"}, "geometry": {"type": "MultiPolygon", "coordinates": [[[[104.312655, -2.236165], [104.31266, -2.237568916999976], [104.310521, -2.236411], [104.310523, -2.236161], [104.311926, -2.23617], [104.312655, -2.236165]]], [[[104.31266, -2.237569], [104.31266, -2.237568916999976], [104.312662, -2.23757], [104.31266, -2.237569]]]]}},
{"type": "Feature", "properties": {"ba_code": "6922", "blockid": "G11P09", "division": "05"}, "geometry": {"type": "MultiPolygon", "coordinates": [[[[104.313015, -2.19002], [104.315828, -2.190109], [104.315786, -2.199416], [104.312971, -2.199441], [104.313015, -2.19002]]]]}},
{"type": "Feature", "properties": {"ba_code": "6922", "blockid": "C06P12", "division": "02"}, "geometry": {"type": "MultiPolygon", "coordinates": [[[[104.326844, -2.227109], [104.329505, -2.227126], [104.329595, -2.234073], [104.326929, -2.235998], [104.326844, -2.227109]]]]}},
{"type": "Feature", "properties": {"ba_code": "6922", "blockid": "F20P09", "division": "04"}, "geometry": {"type": "MultiPolygon", "coordinates": [[[[104.287585, -2.200928], [104.290571, -2.200116], [104.290707, -2.200084], [104.290519, -2.208464], [104.287588, -2.208425], [104.287585, -2.200928]]]]}},
{"type": "Feature", "properties": {"ba_code": "6922", "blockid": "F07P12", "division": "03"}, "geometry": {"type": "MultiPolygon", "coordinates": [[[[104.324082, -2.19948], [104.32654, -2.199487], [104.326635, -2.20892], [104.324109, -2.208902], [104.324082, -2.19948]]]]}},
{"type": "Feature", "properties": {"ba_code": "6922", "blockid": "E22P09", "division": "04"}, "geometry": {"type": "MultiPolygon", "coordinates": [[[[104.284812, -2.209699], [104.284776, -2.217519], [104.282004, -2.217487], [104.282001, -2.216451], [104.282001, -2.21645], [104.281995, -2.214052], [104.283949, -2.208498], [104.284818, -2.208518], [104.284813, -2.209697], [104.284812, -2.209699]]]]}},
{"type": "Feature", "properties": {"ba_code": "6922", "blockid": "J06P11", "division": "06"}, "geometry": {"type": "MultiPolygon", "coordinates": [[[[104.328789, -2.171839], [104.328749, -2.171839], [104.326415, -2.171808], [104.326394, -2.170822], [104.3264, -2.170025], [104.326403, -2.169005], [104.326404, -2.168539], [104.326393, -2.166011], [104.326395, -2.165196], [104.326389, -2.163852], [104.326395, -2.163178], [104.326407, -2.162413], [104.326407, -2.162355], [104.326411, -2.162355], [104.326992, -2.1627], [104.327285, -2.162868], [104.327284, -2.162867], [104.327896, -2.163226], [104.327895, -2.163226], [104.328349, -2.16348], [104.328543, -2.163591], [104.328545, -2.163593], [104.328552, -2.1636], [104.328558, -2.163605], [104.328562, -2.16361], [104.328567, -2.163616], [104.328573, -2.163622], [104.328578, -2.16363], [104.328583, -2.163635], [104.32859, -2.163642], [104.328595, -2.163649], [104.328601, -2.163657], [104.328606, -2.163662], [104.328613, -2.163668], [104.328616, -2.163671], [104.328634, -2.163784], [104.328647, -2.163792], [104.328789, -2.171839]]]]}},
{"type": "Feature", "properties": {"ba_code": "6922", "blockid": "C17P10", "division": "01"}, "geometry": {"type": "MultiPolygon", "coordinates": [[[[104.298659, -2.226833], [104.298627, -2.231308], [104.298641, -2.231305], [104.298605, -2.231313], [104.298534, -2.23134], [104.298451, -2.231366], [104.298363, -2.23139], [104.298274, -2.231417], [104.298184, -2.231443], [104.298096, -2.23147], [104.298009, -2.231497], [104.297917, -2.231526], [104.297817, -2.23156], [104.297715, -2.231592], [104.297611, -2.231622], [104.297508, -2.231651], [104.297405, -2.231683], [104.297303, -2.231716], [104.297198, -2.231745], [104.297095, -2.231776], [104.297, -2.231806], [104.296812, -2.231865], [104.29672, -2.231894], [104.296627, -2.23192], [104.296538, -2.231945], [104.296455, -2.23197], [104.296271, -2.232031], [104.296084, -2.232086], [104.295995, -2.23211], [104.295906, -2.232139], [104.295895, -2.232142], [104.29595, -2.226803], [104.295996, -2.226802], [104.296058, -2.226804], [104.296145, -2.226809], [104.296238, -2.226814], [104.296327, -2.226812], [104.296419, -2.226826], [104.296536, -2.226812], [104.296629, -2.226815], [104.296722, -2.226818], [104.296811, -2.22682], [104.296912, -2.226811], [104.297009, -2.226808], [104.297101, -2.226821], [104.297191, -2.226821], [104.297286, -2.226822], [104.297373, -2.226821], [104.297459, -2.22682], [104.297543, -2.226819], [104.297633, -2.22682], [104.297723, -2.226819], [104.29782, -2.226821], [104.297921, -2.226824], [104.298006, -2.226827], [104.298084, -2.226826], [104.298157, -2.226826], [104.298212, -2.226823], [104.298319, -2.226823], [104.298392, -2.226823], [104.298478, -2.226829], [104.298659, -2.226833]]]]}},
{"type": "Feature", "properties": {"ba_code": "6922", "blockid": "F17P12", "division": "04"}, "geometry": {"type": "MultiPolygon", "coordinates": [[[[104.295944, -2.199646], [104.298862, -2.199659], [104.298817, -2.208573], [104.295968, -2.208534], [104.295944, -2.199646]]]]}},
{"type": "Feature", "properties": {"ba_code": "6922", "blockid": "D16P07", "division": "01"}, "geometry": {"type": "MultiPolygon", "coordinates": [[[[104.301465, -2.226757], [104.301334, -2.226763], [104.301256, -2.226757], [104.301174, -2.226756], [104.301083, -2.226758], [104.300992, -2.226755], [104.300906, -2.226755], [104.30081, -2.226752], [104.300722, -2.226752], [104.300639, -2.226751], [104.300554, -2.22675], [104.300468, -2.226751], [104.300378, -2.226745], [104.30029, -2.226745], [104.300202, -2.226743], [104.300118, -2.226745], [104.29997, -2.226747], [104.299772, -2.22675], [104.299686, -2.226745], [104.299597, -2.226745], [104.299505, -2.226739], [104.299412, -2.226735], [104.299321, -2.226732], [104.299227, -2.226727], [104.299142, -2.226723], [104.299059, -2.226728], [104.298983, -2.226727], [104.298895, -2.226725], [104.298813, -2.226712], [104.298768, -2.22671], [104.298878, -2.217719], [104.298934, -2.217719], [104.29908, -2.21772], [104.299217, -2.217721], [104.299383, -2.217722], [104.299567, -2.217723], [104.29972, -2.217724], [104.299867, -2.217725], [104.299959, -2.217726], [104.300023, -2.217727], [104.300208, -2.217727], [104.300452, -2.217729], [104.300663, -2.217731], [104.300816, -2.217733], [104.300959, -2.217735], [104.301089, -2.217736], [104.301163, -2.217736], [104.301234, -2.217735], [104.301305, -2.217739], [104.301378, -2.217741], [104.301451, -2.217742], [104.301515, -2.217744], [104.301465, -2.226757]]]]}},
{"type": "Feature", "properties": {"ba_code": "6922", "blockid": "B08P12", "division": "02"}, "geometry": {"type": "MultiPolygon", "coordinates": [[[[104.321428, -2.236198], [104.324024, -2.236233], [104.324024, -2.238054], [104.321409, -2.239918], [104.321428, -2.236198]]], [[[104.324119, -2.237986], [104.324118, -2.236233], [104.326596, -2.236241], [104.324119, -2.237986]]]]}},
{"type": "Feature", "properties": {"ba_code": "6922", "blockid": "I14P10", "division": "06"}, "geometry": {"type": "MultiPolygon", "coordinates": [[[[104.306621, -2.180729], [104.306635, -2.171536], [104.307758, -2.171553], [104.307751, -2.180742], [104.306622, -2.180729], [104.306621, -2.180729]]]]}},
{"type": "Feature", "properties": {"ba_code": "6922", "blockid": "H08P08", "division": "03"}, "geometry": {"type": "MultiPolygon", "coordinates": [[[[104.321573, -2.180995], [104.323993, -2.181015], [104.323994, -2.190157], [104.321565, -2.190109], [104.321573, -2.180995]]]]}},
{"type": "Feature", "properties": {"ba_code": "6922", "blockid": "B23P12", "division": "05"}, "geometry": {"type": "MultiPolygon", "coordinates": [[[[104.278836, -2.237687], [104.278923, -2.235829], [104.279277, -2.235839], [104.279867, -2.235847], [104.280471, -2.235845], [104.281061, -2.235868], [104.281519, -2.235869], [104.281718, -2.235869], [104.281718, -2.237694], [104.281567, -2.237713], [104.281567, -2.237712], [104.281399, -2.237693], [104.281232, -2.237685], [104.281031, -2.237677], [104.280675, -2.237674], [104.280405, -2.237678], [104.280073, -2.23768], [104.279638, -2.237681], [104.279121, -2.237681], [104.279121, -2.23768], [104.278836, -2.237687]]]]}},
{"type": "Feature", "properties": {"ba_code": "6922", "blockid": "H03P13", "division": "03"}, "geometry": {"type": "MultiPolygon", "coordinates": [[[[104.334209, -2.181097], [104.337195, -2.181077], [104.3374, -2.19053], [104.334476, -2.190424], [104.334209, -2.181097]]]]}},
{"type": "Feature", "properties": {"ba_code": "6922", "blockid": "J02P11", "division": "06"}, "geometry": {"type": "MultiPolygon", "coordinates": [[[[104.34093, -2.172031], [104.340914, -2.172031], [104.337563, -2.171973], [104.337594, -2.171943], [104.337644, -2.17191], [104.337652, -2.171902], [104.33766, -2.171893], [104.33767, -2.171882], [104.337681, -2.171875], [104.337691, -2.171868], [104.337702, -2.171862], [104.337711, -2.171855], [104.337719, -2.171845], [104.337729, -2.171837], [104.337739, -2.171829], [104.337748, -2.171822], [104.337755, -2.171813], [104.337764, -2.171806], [104.337773, -2.171799], [104.337782, -2.171791], [104.337792, -2.171783], [104.337802, -2.171776], [104.337811, -2.171766], [104.337819, -2.171757], [104.337829, -2.17175], [104.337839, -2.171742], [104.337849, -2.171735], [104.337859, -2.171727], [104.337868, -2.171718], [104.337877, -2.171709], [104.337885, -2.171702], [104.337894, -2.171695], [104.337902, -2.171687], [104.337912, -2.171679], [104.337921, -2.171671], [104.337929, -2.171663], [104.337937, -2.171655], [104.337946, -2.171648], [104.337955, -2.17164], [104.337964, -2.171631], [104.337973, -2.171623], [104.337981, -2.171615], [104.33799, -2.171606], [104.337998, -2.171598], [104.338007, -2.17159], [104.338016, -2.171583], [104.338025, -2.171575], [104.338034, -2.171567], [104.338042, -2.171559], [104.33805, -2.171551], [104.338058, -2.171543], [104.338067, -2.171535], [104.338076, -2.171526], [104.338084, -2.171519], [104.338091, -2.171512], [104.3381, -2.171504], [104.338108, -2.171495], [104.338116, -2.171488], [104.338126, -2.17148], [104.338136, -2.171472], [104.338145, -2.171463], [104.338156, -2.171455], [104.338166, -2.171445], [104.338174, -2.171434], [104.338182, -2.171426], [104.338191, -2.171418], [104.338199, -2.171411], [104.338208, -2.171405], [104.338217, -2.171399], [104.338226, -2.171394], [104.338235, -2.171386], [104.338243, -2.171381], [104.33825, -2.171374], [104.338258, -2.171368], [104.338265, -2.171361], [104.338274, -2.171353], [104.338282, -2.171346], [104.33829, -2.171339], [104.338299, -2.171332], [104.338308, -2.171325], [104.338317, -2.171317], [104.338325, -2.171308], [104.338334, -2.171302], [104.338343, -2.171293], [104.338351, -2.171285], [104.338363, -2.171277], [104.338373, -2.171268], [104.338379, -2.171259], [104.338389, -2.171252], [104.338397, -2.171243], [104.338406, -2.171236], [104.338415, -2.171227], [104.338424, -2.171216], [104.338433, -2.171209], [104.33844, -2.171199], [104.338448, -2.17119], [104.338457, -2.171183], [104.338465, -2.171177], [104.338474, -2.17117], [104.338482, -2.171161], [104.338491, -2.171151], [104.338497, -2.171139], [104.338507, -2.171135], [104.338515, -2.171126], [104.338523, -2.171116], [104.338532, -2.171109], [104.338544, -2.171101], [104.338553, -2.171092], [104.338562, -2.171085], [104.338571, -2.171077], [104.338578, -2.171069], [104.338585, -2.17106], [104.338595, -2.171055], [104.338604, -2.171045], [104.338614, -2.171038], [104.338622, -2.17103], [104.338631, -2.17102], [104.338639, -2.171011], [104.338648, -2.171004], [104.338655, -2.170996], [104.338664, -2.170986], [104.338675, -2.170978], [104.338683, -2.170971], [104.338691, -2.170964], [104.3387, -2.170957], [104.338708, -2.17095], [104.33872, -2.170943], [104.338728, -2.170934], [104.338737, -2.170925], [104.338747, -2.170917], [104.338755, -2.170909], [104.338764, -2.170902], [104.338771, -2.170894], [104.338781, -2.170886], [104.338792, -2.170878], [104.338801, -2.170867], [104.338811, -2.170862], [104.33882, -2.170853], [104.338829, -2.170848], [104.338837, -2.170837], [104.338846, -2.170828], [104.338857, -2.170816], [104.338866, -2.170808], [104.338875, -2.1708], [104.338883, -2.170792], [104.338892, -2.170785], [104.338902, -2.170778], [104.338911, -2.170773], [104.33892, -2.170766], [104.338929, -2.170759], [104.338936, -2.170751], [104.338946, -2.170744], [104.338955, -2.170736], [104.338965, -2.170728], [104.338975, -2.170719], [104.338986, -2.170713], [104.338995, -2.170705], [104.339005, -2.170696], [104.339013, -2.170689], [104.339022, -2.17068], [104.339032, -2.17067], [104.339042, -2.170661], [104.339052, -2.170653], [104.33906, -2.170646], [104.33907, -2.170638], [104.339082, -2.170629], [104.339091, -2.170621], [104.339101, -2.170613], [104.33911, -2.170603], [104.339119, -2.170594], [104.339127, -2.170585], [104.339135, -2.170576], [104.339145, -2.170568], [104.339153, -2.17056], [104.339163, -2.170551], [104.339173, -2.170542], [104.339183, -2.170533], [104.339192, -2.170525], [104.339202, -2.170517], [104.339213, -2.17051], [104.339222, -2.170502], [104.33923, -2.170494], [104.33924, -2.170486], [104.339249, -2.170478], [104.339259, -2.170471], [104.339269, -2.170462], [104.339279, -2.170454], [104.339288, -2.170446], [104.339296, -2.170437], [104.339305, -2.17043], [104.339314, -2.170422], [104.339324, -2.170414], [104.339335, -2.170407], [104.339344, -2.170399], [104.339352, -2.17039], [104.339362, -2.170382], [104.339373, -2.170375], [104.339381, -2.170366], [104.33939, -2.170358], [104.3394, -2.170349], [104.339411, -2.170342], [104.339421, -2.170334], [104.33943, -2.170326], [104.339439, -2.170319], [104.339449, -2.170311], [104.339458, -2.170302], [104.339466, -2.170294], [104.339475, -2.170285], [104.339485, -2.170277], [104.339493, -2.170269], [104.339502, -2.17026], [104.339509, -2.170253], [104.339518, -2.170245], [104.339528, -2.170237], [104.339537, -2.170228], [104.339547, -2.17022], [104.339556, -2.170212], [104.339564, -2.170204], [104.339573, -2.170195], [104.339583, -2.170186], [104.339592, -2.170177], [104.339601, -2.170169], [104.339611, -2.17016], [104.33962, -2.170153], [104.339627, -2.170145], [104.339635, -2.170137], [104.339642, -2.170129], [104.339652, -2.170119], [104.33966, -2.17011], [104.33967, -2.170103], [104.339678, -2.170095], [104.339687, -2.170087], [104.339695, -2.170078], [104.339702, -2.170069], [104.339713, -2.170062], [104.339722, -2.170052], [104.339731, -2.170046], [104.339741, -2.170039], [104.339747, -2.170029], [104.339755, -2.170021], [104.339764, -2.170013], [104.339774, -2.170004], [104.339784, -2.169995], [104.339792, -2.169988], [104.339801, -2.169981], [104.339811, -2.169973], [104.339819, -2.169963], [104.339829, -2.169955], [104.339838, -2.169947], [104.339846, -2.16994], [104.339856, -2.169931], [104.339865, -2.169922], [104.339877, -2.169914], [104.339887, -2.169907], [104.339894, -2.1699], [104.339903, -2.169891], [104.339912, -2.169885], [104.339921, -2.169877], [104.33993, -2.169869], [104.33994, -2.16986], [104.339949, -2.169852], [104.339956, -2.169844], [104.339966, -2.169836], [104.339974, -2.169828], [104.339984, -2.16982], [104.33999, -2.169811], [104.34, -2.169804], [104.340008, -2.169794], [104.34002, -2.169788], [104.340029, -2.16978], [104.340036, -2.169771], [104.340044, -2.169763], [104.340054, -2.169755], [104.340064, -2.169747], [104.340074, -2.169739], [104.340084, -2.169732], [104.340093, -2.169724], [104.340102, -2.169715], [104.340109, -2.169707], [104.34012, -2.169699], [104.340128, -2.16969], [104.340134, -2.169682], [104.340144, -2.169674], [104.340155, -2.169667], [104.340163, -2.169659], [104.340172, -2.169651], [104.340181, -2.169643], [104.34019, -2.169635], [104.340198, -2.169628], [104.340209, -2.169621], [104.340217, -2.169614], [104.340225, -2.169605], [104.340233, -2.169596], [104.340241, -2.169588], [104.34025, -2.169582], [104.340259, -2.169574], [104.340266, -2.169566], [104.340275, -2.169557], [104.340285, -2.169549], [104.340293, -2.16954], [104.340302, -2.169533], [104.34031, -2.169525], [104.340321, -2.169518], [104.34033, -2.16951], [104.340338, -2.169501], [104.340348, -2.169491], [104.340357, -2.169483], [104.340375, -2.169468], [104.340383, -2.16946], [104.340393, -2.169453], [104.340402, -2.169444], [104.340413, -2.169435], [104.340421, -2.169427], [104.340429, -2.169418], [104.340439, -2.169411], [104.340447, -2.169404], [104.340456, -2.169395], [104.340465, -2.169386], [104.340474, -2.169377], [104.340482, -2.16937], [104.340493, -2.169363], [104.340502, -2.169355], [104.340509, -2.169346], [104.340518, -2.169337], [104.340528, -2.16933], [104.340537, -2.169322], [104.340546, -2.169315], [104.340553, -2.169306], [104.340561, -2.169298], [104.340569, -2.16929], [104.340579, -2.169282], [104.340588, -2.169275], [104.340594, -2.169267], [104.340604, -2.16926], [104.340614, -2.169253], [104.340622, -2.169245], [104.340629, -2.169238], [104.340639, -2.16923], [104.340647, -2.169223], [104.340655, -2.169216], [104.340664, -2.169209], [104.340672, -2.169201], [104.34068, -2.169192], [104.340688, -2.169184], [104.340695, -2.169177], [104.340704, -2.169171], [104.340713, -2.169164], [104.340723, -2.169156], [104.340731, -2.169148], [104.340742, -2.16914], [104.340752, -2.169133], [104.34076, -2.169124], [104.340767, -2.169116], [104.340775, -2.169108], [104.340784, -2.169099], [104.340793, -2.169092], [104.340801, -2.169085], [104.340808, -2.169077], [104.340817, -2.16907], [104.340825, -2.169061], [104.340831, -2.169052], [104.340839, -2.169045], [104.340846, -2.169038], [104.340855, -2.16903], [104.340862, -2.169022], [104.34087, -2.169015], [104.340878, -2.169008], [104.340886, -2.169003], [104.340893, -2.168998], [104.340901, -2.168993], [104.340915, -2.168984], [104.340922, -2.168979], [104.34093, -2.172031]]]]}},
{"type": "Feature", "properties": {"ba_code": "6922", "blockid": "C19P10", "division": "01"}, "geometry": {"type": "MultiPolygon", "coordinates": [[[[104.29291, -2.233023], [104.292662, -2.2331], [104.292593, -2.233123], [104.292514, -2.233145], [104.292442, -2.233163], [104.292368, -2.233189], [104.292295, -2.233206], [104.29222, -2.233229], [104.292143, -2.233249], [104.292076, -2.233276], [104.291994, -2.233301], [104.291889, -2.233331], [104.291807, -2.233351], [104.291749, -2.233363], [104.291712, -2.233375], [104.291644, -2.233398], [104.291565, -2.233416], [104.291474, -2.233445], [104.291378, -2.233476], [104.291313, -2.233495], [104.291232, -2.233523], [104.291137, -2.233546], [104.291051, -2.233577], [104.29095, -2.2336], [104.290869, -2.233616], [104.290685, -2.233681], [104.290526, -2.233745], [104.290438, -2.233768], [104.290356, -2.233788], [104.290254, -2.233822], [104.290309, -2.226749], [104.290422, -2.226759], [104.290505, -2.226759], [104.290616, -2.226761], [104.290716, -2.22676], [104.290822, -2.226758], [104.290927, -2.226761], [104.291044, -2.226761], [104.291155, -2.226758], [104.291258, -2.226759], [104.291379, -2.226761], [104.291495, -2.226763], [104.291625, -2.226766], [104.291751, -2.226763], [104.291871, -2.226762], [104.291998, -2.226764], [104.292127, -2.226764], [104.292246, -2.226765], [104.292358, -2.226768], [104.292706, -2.226775], [104.292805, -2.226776], [104.292904, -2.226782], [104.293034, -2.226783], [104.29291, -2.233023]]]]}},
{"type": "Feature", "properties": {"ba_code": "6922", "blockid": "G06P08", "division": "03"}, "geometry": {"type": "MultiPolygon", "coordinates": [[[[104.326569, -2.190341], [104.329075, -2.190393], [104.329204, -2.199367], [104.326635, -2.199361], [104.326569, -2.190341]]]]}},
{"type": "Feature", "properties": {"ba_code": "6922", "blockid": "E23P12", "division": "05"}, "geometry": {"type": "MultiPolygon", "coordinates": [[[[104.281918, -2.217472], [104.281578, -2.217465], [104.280124, -2.217437], [104.280336, -2.216842], [104.280589, -2.216218], [104.280863, -2.215656], [104.280998, -2.215326], [104.281211, -2.214985], [104.281391, -2.214806], [104.281594, -2.214542], [104.281678, -2.21441], [104.281712, -2.21427], [104.2816, -2.214215], [104.281642, -2.213919], [104.281752, -2.213562], [104.281918, -2.213756], [104.281918, -2.216651], [104.281918, -2.217472]]]]}},
{"type": "Feature", "properties": {"ba_code": "6922", "blockid": "G07P08", "division": "03"}, "geometry": {"type": "MultiPolygon", "coordinates": [[[[104.324088, -2.190283], [104.326475, -2.190341], [104.32654, -2.199361], [104.324083, -2.199354], [104.324088, -2.190283]]]]}},
{"type": "Feature", "properties": {"ba_code": "6922", "blockid": "E18P09", "division": "04"}, "geometry": {"type": "MultiPolygon", "coordinates": [[[[104.293534, -2.208629], [104.29587, -2.20866], [104.295905, -2.217572], [104.293348, -2.217561], [104.293534, -2.208629]]]]}},
{"type": "Feature", "properties": {"ba_code": "6922", "blockid": "F02P15", "division": "03"}, "geometry": {"type": "MultiPolygon", "coordinates": [[[[104.337622, -2.1995], [104.340887, -2.199503], [104.340849, -2.209189], [104.337728, -2.209146], [104.337622, -2.1995]]]]}},
{"type": "Feature", "properties": {"ba_code": "6922", "blockid": "E09P10", "division": "02"}, "geometry": {"type": "MultiPolygon", "coordinates": [[[[104.318792, -2.208938], [104.321464, -2.208965], [104.321421, -2.217749], [104.318611, -2.217737], [104.318792, -2.208938]]]]}},
{"type": "Feature", "properties": {"ba_code": "6922", "blockid": "B22P11", "division": "05"}, "geometry": {"type": "MultiPolygon", "coordinates": [[[[104.284505, -2.236912], [104.281819, -2.236912], [104.281821, -2.235872], [104.281995, -2.235883], [104.28256, -2.235886], [104.283062, -2.235895], [104.283518, -2.235904], [104.283778, -2.235895], [104.284001, -2.235821], [104.284502, -2.235667], [104.284505, -2.236912]]]]}},
{"type": "Feature", "properties": {"ba_code": "6922", "blockid": "E02P10", "division": "02"}, "geometry": {"type": "MultiPolygon", "coordinates": [[[[104.337727, -2.209272], [104.340849, -2.209313], [104.340747, -2.217932], [104.337857, -2.21789], [104.337727, -2.209272]]]]}},
{"type": "Feature", "properties": {"ba_code": "6922", "blockid": "B25P12", "division": "05"}, "geometry": {"type": "MultiPolygon", "coordinates": [[[[104.274361, -2.235677], [104.274963, -2.235719], [104.275634, -2.235758], [104.275921, -2.235774], [104.276107, -2.235784], [104.276086, -2.236643], [104.275826, -2.23655], [104.275739, -2.236515], [104.275614, -2.236471], [104.275409, -2.236362], [104.275209, -2.236262], [104.274981, -2.236145], [104.274679, -2.23601], [104.274453, -2.235929], [104.27433, -2.235903], [104.274329, -2.235895], [104.274332, -2.235886], [104.274333, -2.235879], [104.274358, -2.23571], [104.274361, -2.235677]]]]}},
{"type": "Feature", "properties": {"ba_code": "6922", "blockid": "F15P07", "division": "04"}, "geometry": {"type": "MultiPolygon", "coordinates": [[[[104.301785, -2.199642], [104.304494, -2.199614], [104.304426, -2.20864], [104.301696, -2.208607], [104.301785, -2.199642]]]]}},
{"type": "Feature", "properties": {"ba_code": "6922", "blockid": "B21P11", "division": "05"}, "geometry": {"type": "MultiPolygon", "coordinates": [[[[104.287164, -2.237199], [104.287023, -2.23721], [104.287022, -2.23721], [104.287017, -2.237208], [104.287009, -2.237205], [104.286998, -2.237204], [104.286987, -2.237205], [104.286975, -2.237206], [104.286964, -2.237208], [104.286953, -2.237208], [104.286942, -2.237209], [104.286932, -2.237213], [104.286921, -2.237214], [104.28691, -2.237216], [104.286901, -2.237217], [104.28689, -2.237218], [104.286878, -2.237219], [104.286867, -2.237221], [104.286856, -2.237223], [104.286844, -2.237225], [104.286834, -2.237226], [104.286824, -2.237228], [104.286814, -2.23723], [104.286803, -2.237233], [104.286794, -2.237236], [104.286784, -2.237238], [104.286773, -2.237238], [104.286763, -2.23724], [104.286754, -2.237243], [104.286744, -2.237244], [104.286733, -2.237246], [104.286722, -2.237248], [104.286711, -2.23725], [104.286702, -2.237253], [104.286693, -2.237256], [104.286684, -2.237257], [104.286676, -2.23726], [104.286664, -2.237262], [104.286652, -2.237264], [104.286641, -2.237265], [104.28663, -2.237267], [104.28662, -2.237271], [104.286609, -2.237274], [104.286599, -2.237276], [104.286587, -2.237278], [104.286575, -2.237281], [104.286563, -2.237283], [104.286553, -2.237286], [104.286542, -2.237289], [104.28653, -2.237291], [104.286519, -2.237294], [104.286507, -2.237297], [104.286497, -2.2373], [104.286485, -2.237304], [104.286476, -2.237305], [104.286465, -2.237307], [104.286453, -2.237308], [104.286442, -2.23731], [104.286432, -2.237312], [104.286422, -2.237313], [104.286411, -2.237315], [104.2864, -2.237318], [104.286389, -2.237321], [104.286379, -2.237325], [104.286367, -2.237328], [104.286354, -2.237331], [104.286344, -2.237333], [104.286333, -2.237335], [104.286323, -2.237339], [104.286313, -2.237343], [104.286302, -2.237347], [104.286291, -2.237352], [104.28628, -2.237356], [104.286271, -2.23736], [104.28626, -2.237365], [104.286249, -2.237369], [104.286238, -2.237373], [104.286228, -2.237376], [104.286217, -2.237379], [104.286204, -2.237383], [104.286192, -2.237387], [104.286181, -2.237389], [104.28617, -2.237393], [104.286162, -2.237397], [104.286149, -2.237401], [104.286138, -2.237403], [104.286127, -2.237406], [104.286115, -2.237409], [104.286102, -2.237411], [104.286091, -2.237413], [104.286078, -2.237416], [104.286068, -2.237417], [104.286057, -2.23742], [104.286045, -2.237422], [104.286032, -2.237423], [104.286018, -2.237424], [104.286009, -2.237425], [104.285998, -2.237426], [104.285989, -2.237425], [104.285981, -2.237427], [104.285971, -2.237427], [104.28596, -2.23743], [104.285947, -2.237432], [104.285937, -2.237433], [104.285925, -2.237433], [104.285913, -2.237433], [104.285901, -2.237428], [104.285891, -2.237425], [104.285881, -2.237421], [104.285872, -2.237419], [104.285862, -2.237417], [104.285852, -2.237411], [104.285846, -2.237404], [104.285838, -2.237395], [104.285828, -2.237389], [104.285822, -2.237383], [104.285816, -2.237376], [104.285809, -2.237368], [104.285802, -2.23736], [104.285795, -2.237351], [104.285786, -2.237344], [104.285779, -2.237338], [104.285772, -2.237332], [104.285764, -2.237325], [104.285755, -2.23732], [104.285746, -2.237318], [104.285735, -2.237315], [104.285725, -2.237316], [104.285714, -2.237316], [104.285705, -2.237317], [104.285692, -2.237318], [104.285682, -2.237323], [104.285672, -2.237328], [104.285662, -2.237332], [104.285652, -2.237336], [104.285642, -2.23734], [104.285631, -2.237344], [104.28562, -2.237349], [104.285611, -2.237352], [104.285602, -2.237356], [104.285593, -2.23736], [104.285582, -2.237365], [104.285571, -2.23737], [104.285562, -2.237374], [104.285553, -2.237377], [104.285544, -2.237382], [104.285536, -2.237387], [104.28553, -2.237393], [104.285525, -2.237397], [104.285399, -2.237441], [104.285241, -2.237483], [104.28501, -2.237581], [104.284972, -2.237594], [104.284967, -2.237592], [104.284957, -2.237591], [104.284948, -2.237594], [104.284938, -2.237599], [104.284929, -2.237605], [104.28492, -2.23761], [104.284911, -2.237615], [104.284901, -2.23762], [104.284891, -2.237624], [104.284882, -2.237627], [104.284874, -2.237631], [104.284864, -2.237636], [104.284853, -2.237639], [104.284841, -2.237641], [104.28483, -2.237644], [104.28482, -2.237646], [104.284809, -2.23765], [104.284797, -2.237652], [104.284785, -2.237654], [104.284773, -2.237656], [104.284762, -2.237658], [104.284751, -2.23766], [104.284739, -2.237663], [104.284728, -2.237666], [104.284716, -2.237668], [104.284704, -2.237671], [104.284692, -2.237674], [104.284681, -2.237677], [104.284669, -2.237679], [104.284657, -2.237681], [104.284647, -2.237682], [104.284636, -2.237682], [104.284625, -2.237681], [104.284615, -2.237681], [104.284607, -2.237685], [104.2846, -2.237686], [104.284596, -2.237686], [104.284598, -2.235638], [104.285013, -2.235512], [104.285646, -2.235317], [104.286301, -2.235125], [104.286872, -2.234941], [104.287301, -2.234808], [104.287164, -2.237199]]]]}},
{"type": "Feature", "properties": {"ba_code": "6922", "blockid": "H13P09", "division": "05"}, "geometry": {"type": "MultiPolygon", "coordinates": [[[[104.307826, -2.182849], [104.310151, -2.182849], [104.310124, -2.189803], [104.307761, -2.189723], [104.307826, -2.182849]]]]}},
{"type": "Feature", "properties": {"ba_code": "6922", "blockid": "B19P11", "division": "05"}, "geometry": {"type": "MultiPolygon", "coordinates": [[[[104.292883, -2.235519], [104.292759, -2.235556], [104.292471, -2.235597], [104.292305, -2.235633], [104.292009, -2.235732], [104.291886, -2.2358], [104.29158, -2.235907], [104.291271, -2.23602], [104.29127, -2.236019], [104.290993, -2.236101], [104.290817, -2.236162], [104.290609, -2.236224], [104.290403, -2.236294], [104.290402, -2.236293], [104.290258, -2.236339], [104.290253, -2.236339], [104.290257, -2.235795], [104.29027, -2.233913], [104.290677, -2.233797], [104.291329, -2.2336], [104.292035, -2.233395], [104.292705, -2.233191], [104.292895, -2.233136], [104.292883, -2.235519]]]]}},
{"type": "Feature", "properties": {"ba_code": "6922", "blockid": "C15P10", "division": "01"}, "geometry": {"type": "MultiPolygon", "coordinates": [[[[104.30199, -2.232892], [104.301905, -2.232848], [104.301833, -2.232815], [104.301772, -2.232785], [104.301702, -2.232764], [104.301656, -2.232733], [104.301591, -2.232699], [104.301571, -2.23269], [104.30156, -2.226882], [104.301637, -2.22688], [104.301715, -2.226878], [104.301816, -2.226877], [104.301927, -2.226877], [104.302038, -2.226876], [104.302156, -2.226879], [104.30227, -2.226881], [104.302391, -2.226886], [104.302492, -2.226888], [104.302595, -2.22689], [104.302715, -2.226889], [104.302816, -2.22689], [104.302931, -2.226898], [104.303045, -2.226899], [104.303161, -2.226902], [104.303275, -2.226904], [104.303386, -2.226905], [104.303503, -2.226905], [104.303613, -2.226904], [104.30372, -2.226904], [104.303832, -2.226904], [104.303934, -2.226905], [104.304048, -2.226906], [104.304133, -2.226907], [104.304235, -2.226906], [104.304138, -2.233072], [104.304126, -2.233811], [104.304099, -2.233798], [104.304037, -2.233769], [104.304027, -2.233764], [104.30398, -2.233745], [104.30393, -2.233718], [104.303882, -2.2337], [104.303836, -2.23368], [104.303778, -2.233655], [104.303735, -2.233631], [104.303692, -2.23361], [104.303646, -2.233594], [104.303549, -2.233562], [104.303501, -2.233544], [104.303429, -2.233526], [104.303385, -2.233509], [104.303351, -2.233494], [104.303333, -2.233482], [104.303284, -2.233462], [104.303229, -2.233439], [104.303171, -2.233415], [104.303097, -2.233384], [104.303043, -2.233361], [104.302856, -2.233285], [104.302799, -2.233263], [104.302717, -2.233221], [104.302672, -2.233204], [104.302627, -2.233183], [104.302521, -2.233128], [104.302442, -2.233091], [104.302385, -2.233058], [104.302315, -2.233026], [104.302256, -2.233001], [104.302185, -2.232983], [104.302123, -2.232958], [104.302071, -2.232934], [104.301989, -2.232892], [104.30199, -2.232892]]]]}},
{"type": "Feature", "properties": {"ba_code": "6922", "blockid": "I01P11", "division": "06"}, "geometry": {"type": "MultiPolygon", "coordinates": [[[[104.344666, -2.181037], [104.344046, -2.181023], [104.341076, -2.180955], [104.341023, -2.172132], [104.344017, -2.172144], [104.344657, -2.172147], [104.344666, -2.181037]]]]}},
{"type": "Feature", "properties": {"ba_code": "6922", "blockid": "D08P07", "division": "02"}, "geometry": {"type": "MultiPolygon", "coordinates": [[[[104.321515, -2.217875], [104.324017, -2.217888], [104.32402, -2.226966], [104.321472, -2.226947], [104.321515, -2.217875]]]]}},
{"type": "Feature", "properties": {"ba_code": "6922", "blockid": "H14P09", "division": "05"}, "geometry": {"type": "MultiPolygon", "coordinates": [[[[104.306607, -2.189699], [104.30662, -2.180855], [104.306622, -2.180855], [104.307751, -2.180868], [104.307667, -2.189723], [104.306609, -2.189699], [104.306607, -2.189699]]]]}},
{"type": "Feature", "properties": {"ba_code": "6922", "blockid": "K09P11", "division": "06"}, "geometry": {"type": "MultiPolygon", "coordinates": [[[[104.321411, -2.16226], [104.321405, -2.162258], [104.319779, -2.162251], [104.319778, -2.161606], [104.319958, -2.161607], [104.320149, -2.161601], [104.320276, -2.161597], [104.320424, -2.161593], [104.320585, -2.161588], [104.320808, -2.161581], [104.321126, -2.161575], [104.321297, -2.16159], [104.321366, -2.161592], [104.321406, -2.161591], [104.321406, -2.1616], [104.321409, -2.162074], [104.321411, -2.16226]]]]}},
{"type": "Feature", "properties": {"ba_code": "6922", "blockid": "G09P08", "division": "03"}, "geometry": {"type": "MultiPolygon", "coordinates": [[[[104.319196, -2.190179], [104.32147, -2.190235], [104.321383, -2.199372], [104.318992, -2.199391], [104.319196, -2.190179]]]]}},
{"type": "Feature", "properties": {"ba_code": "6922", "blockid": "G03P08", "division": "03"}, "geometry": {"type": "MultiPolygon", "coordinates": [[[[104.334475, -2.19055], [104.3374, -2.190656], [104.337528, -2.199374], [104.334716, -2.199374], [104.334475, -2.19055]]]]}},
{"type": "Feature", "properties": {"ba_code": "6922", "blockid": "F04P12", "division": "03"}, "geometry": {"type": "MultiPolygon", "coordinates": [[[[104.332568, -2.199503], [104.334621, -2.1995], [104.334878, -2.209073], [104.332559, -2.209027], [104.332568, -2.199503]]]]}},
{"type": "Feature", "properties": {"ba_code": "6922", "blockid": "F09P08", "division": "03"}, "geometry": {"type": "MultiPolygon", "coordinates": [[[[104.318991, -2.199517], [104.321383, -2.199498], [104.321464, -2.208839], [104.318793, -2.208812], [104.318991, -2.199517]]]]}},
{"type": "Feature", "properties": {"ba_code": "6922", "blockid": "I05P11", "division": "06"}, "geometry": {"type": "MultiPolygon", "coordinates": [[[[104.329549, -2.172104], [104.329642, -2.172647], [104.329642, -2.172646], [104.329705, -2.172973], [104.329705, -2.172972], [104.329741, -2.173201], [104.329741, -2.1732], [104.32985, -2.173909], [104.329913, -2.174264], [104.33006, -2.175122], [104.330128, -2.175607], [104.330255, -2.176319], [104.330403, -2.17717], [104.330403, -2.177169], [104.330505, -2.177789], [104.330505, -2.177788], [104.330579, -2.178198], [104.33062, -2.178447], [104.330654, -2.178722], [104.330736, -2.179144], [104.330775, -2.179446], [104.330878, -2.179826], [104.330962, -2.179928], [104.33098, -2.180054], [104.330992, -2.180119], [104.33101, -2.180196], [104.331079, -2.180369], [104.331192, -2.180644], [104.331311, -2.180585], [104.331784, -2.180101], [104.331784, -2.180102], [104.332088, -2.179778], [104.332425, -2.179435], [104.33244, -2.179421], [104.332435, -2.180973], [104.329007, -2.180931], [104.328859, -2.171955], [104.329526, -2.171954], [104.329549, -2.172104]]]]}},
{"type": "Feature", "properties": {"ba_code": "6922", "blockid": "G02P12", "division": "03"}, "geometry": {"type": "MultiPolygon", "coordinates": [[[[104.337494, -2.190656], [104.34092, -2.190734], [104.340887, -2.199377], [104.337623, -2.199374], [104.337494, -2.190656]]]]}},
{"type": "Feature", "properties": {"ba_code": "6922", "blockid": "C01P12", "division": "02"}, "geometry": {"type": "MultiPolygon", "coordinates": [[[[104.344202, -2.233718], [104.340755, -2.233667], [104.340784, -2.227257], [104.344186, -2.227268], [104.344648, -2.22727], [104.344618, -2.233724], [104.344202, -2.233718]]]]}},
{"type": "Feature", "properties": {"ba_code": "6922", "blockid": "K12P11", "division": "06"}, "geometry": {"type": "MultiPolygon", "coordinates": [[[[104.310857, -2.16213], [104.312422, -2.161824], [104.312967, -2.161826], [104.312966, -2.162134], [104.310857, -2.16213]]]]}},
{"type": "Feature", "properties": {"ba_code": "6922", "blockid": "H02P13", "division": "03"}, "geometry": {"type": "MultiPolygon", "coordinates": [[[[104.337289, -2.181077], [104.340981, -2.181081], [104.34092, -2.190608], [104.337495, -2.19053], [104.337289, -2.181077]]]]}},
{"type": "Feature", "properties": {"ba_code": "6922", "blockid": "B24P12", "division": "05"}, "geometry": {"type": "MultiPolygon", "coordinates": [[[[104.278736, -2.237703], [104.278513, -2.237698], [104.278513, -2.237697], [104.27849, -2.237683], [104.278482, -2.237684], [104.278474, -2.237685], [104.278465, -2.237683], [104.278456, -2.237681], [104.278448, -2.237679], [104.278439, -2.23768], [104.278428, -2.237679], [104.278419, -2.237678], [104.278409, -2.237677], [104.278401, -2.237675], [104.278393, -2.237673], [104.278388, -2.237673], [104.278383, -2.237669], [104.278374, -2.237666], [104.278364, -2.237665], [104.278354, -2.237664], [104.278342, -2.237661], [104.278333, -2.23766], [104.278323, -2.237656], [104.278313, -2.237653], [104.278303, -2.237653], [104.278294, -2.23765], [104.278285, -2.237648], [104.278275, -2.237645], [104.278264, -2.237642], [104.278255, -2.23764], [104.278246, -2.237636], [104.278236, -2.237632], [104.278227, -2.237629], [104.278216, -2.237625], [104.278203, -2.237621], [104.278192, -2.237617], [104.278182, -2.237614], [104.278171, -2.237611], [104.278161, -2.237606], [104.278151, -2.237603], [104.278144, -2.2376], [104.278136, -2.237595], [104.278129, -2.237591], [104.278121, -2.237587], [104.278114, -2.237584], [104.278108, -2.237582], [104.278099, -2.237578], [104.278089, -2.237572], [104.27808, -2.237568], [104.278072, -2.237563], [104.278066, -2.23756], [104.278058, -2.237557], [104.278053, -2.237557], [104.278052, -2.237556], [104.277928, -2.237484], [104.277611, -2.237257], [104.277063, -2.237016], [104.277063, -2.237015], [104.276903, -2.236959], [104.276682, -2.236866], [104.276451, -2.236774], [104.276192, -2.236679], [104.276191, -2.23578], [104.276607, -2.235792], [104.277092, -2.23579], [104.277677, -2.235799], [104.27819, -2.235812], [104.278738, -2.235821], [104.278828, -2.235826], [104.278736, -2.237703]]]]}},
{"type": "Feature", "properties": {"ba_code": "6922", "blockid": "D06P07", "division": "02"}, "geometry": {"type": "MultiPolygon", "coordinates": [[[[104.326785, -2.217905], [104.329419, -2.217928], [104.329505, -2.227], [104.326845, -2.226983], [104.326785, -2.217905]]]]}},
{"type": "Feature", "properties": {"ba_code": "6922", "blockid": "E17P09", "division": "04"}, "geometry": {"type": "MultiPolygon", "coordinates": [[[[104.295968, -2.208662], [104.298817, -2.208699], [104.29877, -2.217593], [104.295999, -2.217572], [104.295968, -2.208662]]]]}},
{"type": "Feature", "properties": {"ba_code": "6922", "blockid": "C11P06", "division": "01"}, "geometry": {"type": "MultiPolygon", "coordinates": [[[[104.312744, -2.236038], [104.312747, -2.236038], [104.312755, -2.232731], [104.313034, -2.232723], [104.313034, -2.232598], [104.313067, -2.232567], [104.31311, -2.232563], [104.313145, -2.232558], [104.313177, -2.232551], [104.313325, -2.232544], [104.313317, -2.231505], [104.313175, -2.231509], [104.313172, -2.230978], [104.31276, -2.230979], [104.312769, -2.226995], [104.313287, -2.226975], [104.313763, -2.226994], [104.313939, -2.226994], [104.314135, -2.227006], [104.314331, -2.227008], [104.314497, -2.227013], [104.314655, -2.227009], [104.314826, -2.227008], [104.315057, -2.227023], [104.315293, -2.227037], [104.315526, -2.227046], [104.315444, -2.236076], [104.315413, -2.236076], [104.314035, -2.236053], [104.312744, -2.236038]]]]}},
{"type": "Feature", "properties": {"ba_code": "6922", "blockid": "E13P07", "division": "04"}, "geometry": {"type": "MultiPolygon", "coordinates": [[[[104.307528, -2.208804], [104.310051, -2.208833], [104.309991, -2.217678], [104.307418, -2.217659], [104.307528, -2.208804]]]]}},
{"type": "Feature", "properties": {"ba_code": "6922", "blockid": "F01P15", "division": "03"}, "geometry": {"type": "MultiPolygon", "coordinates": [[[[104.344128, -2.209248], [104.340944, -2.209189], [104.340981, -2.199503], [104.3441, -2.199553], [104.344615, -2.199561], [104.34461, -2.209257], [104.344128, -2.209248]]]]}},
{"type": "Feature", "properties": {"ba_code": "6922", "blockid": "B16P11", "division": "05"}, "geometry": {"type": "MultiPolygon", "coordinates": [[[[104.301527, -2.232777], [104.298778, -2.232752], [104.298759, -2.231425], [104.299167, -2.231426], [104.299465, -2.231435], [104.299666, -2.231626], [104.300014, -2.232086], [104.300125, -2.232169], [104.30086, -2.232494], [104.301194, -2.232641], [104.301527, -2.232777]]]]}},
{"type": "Feature", "properties": {"ba_code": "6922", "blockid": "D12P06", "division": "01"}, "geometry": {"type": "MultiPolygon", "coordinates": [[[[104.310019, -2.226872], [104.310099, -2.217805], [104.312775, -2.217837], [104.312665, -2.226874], [104.312364, -2.226875], [104.312132, -2.226872], [104.311916, -2.226872], [104.311671, -2.226868], [104.311202, -2.226881], [104.310632, -2.226887], [104.310493, -2.226875], [104.310207, -2.226876], [104.310019, -2.226872]]]]}},
{"type": "Feature", "properties": {"ba_code": "6922", "blockid": "B11P12", "division": "05"}, "geometry": {"type": "MultiPolygon", "coordinates": [[[[104.315456, -2.23935], [104.315416, -2.24295], [104.315389, -2.242973], [104.315383, -2.242979], [104.315377, -2.242983], [104.315371, -2.242987], [104.315364, -2.24299], [104.315356, -2.242992], [104.315349, -2.242995], [104.315343, -2.242999], [104.315336, -2.243004], [104.315332, -2.24301], [104.315326, -2.243018], [104.315319, -2.243024], [104.315316, -2.243031], [104.315309, -2.243039], [104.315304, -2.243045], [104.315297, -2.243053], [104.315291, -2.243062], [104.315286, -2.243072], [104.315282, -2.243078], [104.315278, -2.243087], [104.315271, -2.243094], [104.315266, -2.243101], [104.315259, -2.243108], [104.315254, -2.243115], [104.315249, -2.243121], [104.315244, -2.243129], [104.315239, -2.243141], [104.315232, -2.24315], [104.315225, -2.243156], [104.31522, -2.243162], [104.315216, -2.243169], [104.315211, -2.24318], [104.315205, -2.243191], [104.315201, -2.2432], [104.315195, -2.24321], [104.31519, -2.243218], [104.315185, -2.243227], [104.315179, -2.243236], [104.315169, -2.24324], [104.315159, -2.243239], [104.31515, -2.243235], [104.315143, -2.243231], [104.315136, -2.243226], [104.315127, -2.243221], [104.315118, -2.243212], [104.315116, -2.243205], [104.315112, -2.243197], [104.315104, -2.243193], [104.315098, -2.243187], [104.315091, -2.243179], [104.315083, -2.243174], [104.315077, -2.243169], [104.315069, -2.243161], [104.315062, -2.243153], [104.315053, -2.243147], [104.315046, -2.243141], [104.315038, -2.243134], [104.315029, -2.243127], [104.315021, -2.24312], [104.315013, -2.243111], [104.315005, -2.243104], [104.314996, -2.243098], [104.314988, -2.24309], [104.314978, -2.243083], [104.31497, -2.243077], [104.314962, -2.24307], [104.314953, -2.243061], [104.314945, -2.243055], [104.314936, -2.243047], [104.314927, -2.243039], [104.314919, -2.243029], [104.314912, -2.243021], [104.314904, -2.243014], [104.314897, -2.243006], [104.314889, -2.242995], [104.314882, -2.242987], [104.314875, -2.242977], [104.314868, -2.242968], [104.314861, -2.24296], [104.314853, -2.24295], [104.314846, -2.242939], [104.31484, -2.242932], [104.314833, -2.242923], [104.314827, -2.242913], [104.314821, -2.242905], [104.314815, -2.242896], [104.314809, -2.242885], [104.314803, -2.242873], [104.314796, -2.242864], [104.314789, -2.242857], [104.314783, -2.242847], [104.314777, -2.242836], [104.314773, -2.242826], [104.31477, -2.242816], [104.314763, -2.242808], [104.314759, -2.242797], [104.314756, -2.242787], [104.31475, -2.242776], [104.314745, -2.242765], [104.31474, -2.242753], [104.314736, -2.242741], [104.314731, -2.242734], [104.314726, -2.242723], [104.314719, -2.242712], [104.314711, -2.242699], [104.314707, -2.242687], [104.314701, -2.242677], [104.314697, -2.242667], [104.314691, -2.242658], [104.314685, -2.242648], [104.314681, -2.24264], [104.314677, -2.24263], [104.314672, -2.242619], [104.314667, -2.242609], [104.314662, -2.242599], [104.314656, -2.242588], [104.314651, -2.242579], [104.314646, -2.242568], [104.314642, -2.242557], [104.314635, -2.242548], [104.314629, -2.242539], [104.314621, -2.242529], [104.314614, -2.24252], [104.314608, -2.24251], [104.314603, -2.242499], [104.314598, -2.242489], [104.314593, -2.24248], [104.314587, -2.242471], [104.314582, -2.242462], [104.314575, -2.242451], [104.31457, -2.242442], [104.314563, -2.242433], [104.314556, -2.242424], [104.31455, -2.242415], [104.314545, -2.242405], [104.314538, -2.242398], [104.314531, -2.242387], [104.314525, -2.242377], [104.314519, -2.242368], [104.314509, -2.242355], [104.314502, -2.242344], [104.314495, -2.242333], [104.31449, -2.242323], [104.314483, -2.242314], [104.314476, -2.242306], [104.314471, -2.242296], [104.314466, -2.242288], [104.314461, -2.242279], [104.314456, -2.242268], [104.314449, -2.242258], [104.314443, -2.242249], [104.314439, -2.242239], [104.314434, -2.242229], [104.314427, -2.242219], [104.31442, -2.242209], [104.314414, -2.242202], [104.314408, -2.242192], [104.3144, -2.242184], [104.314396, -2.242175], [104.314391, -2.242167], [104.314383, -2.242159], [104.314378, -2.242152], [104.314372, -2.242143], [104.314366, -2.242133], [104.31436, -2.242123], [104.314354, -2.242113], [104.314347, -2.242103], [104.314341, -2.242094], [104.314333, -2.242087], [104.314327, -2.242078], [104.314318, -2.242068], [104.314312, -2.242059], [104.314305, -2.242047], [104.314299, -2.242038], [104.314292, -2.242028], [104.314285, -2.242017], [104.31428, -2.242007], [104.314273, -2.241997], [104.314265, -2.241989], [104.314258, -2.241982], [104.314251, -2.241972], [104.314245, -2.241962], [104.314237, -2.241953], [104.31423, -2.241943], [104.314224, -2.241933], [104.314219, -2.241923], [104.314212, -2.241913], [104.314201, -2.241906], [104.314194, -2.241897], [104.314187, -2.241889], [104.314179, -2.241881], [104.314169, -2.241871], [104.314162, -2.241862], [104.314156, -2.241854], [104.31415, -2.241845], [104.314142, -2.241838], [104.314132, -2.241829], [104.314123, -2.241821], [104.314116, -2.241812], [104.314108, -2.241804], [104.3141, -2.241796], [104.314092, -2.241788], [104.314083, -2.241781], [104.314076, -2.241773], [104.314066, -2.241764], [104.314058, -2.241756], [104.314051, -2.241747], [104.314042, -2.241738], [104.314033, -2.241731], [104.314026, -2.241724], [104.314018, -2.241716], [104.31401, -2.241709], [104.314003, -2.241702], [104.313995, -2.241691], [104.313989, -2.241681], [104.313982, -2.241672], [104.313973, -2.241663], [104.313965, -2.241655], [104.313957, -2.241646], [104.313949, -2.241639], [104.313942, -2.241632], [104.313934, -2.241623], [104.313924, -2.241615], [104.313916, -2.241606], [104.313909, -2.241597], [104.313903, -2.241586], [104.313896, -2.241577], [104.313889, -2.241568], [104.313881, -2.241561], [104.313872, -2.241553], [104.313863, -2.241545], [104.313854, -2.241538], [104.313846, -2.24153], [104.313837, -2.241521], [104.313829, -2.241512], [104.313823, -2.241503], [104.313817, -2.241493], [104.31381, -2.241484], [104.313804, -2.241475], [104.313796, -2.241466], [104.313787, -2.241458], [104.313779, -2.24145], [104.313771, -2.24144], [104.313763, -2.241432], [104.313755, -2.241423], [104.313747, -2.241415], [104.313737, -2.241406], [104.313728, -2.241398], [104.313721, -2.24139], [104.313713, -2.241381], [104.313706, -2.241372], [104.313698, -2.241362], [104.313692, -2.241353], [104.313685, -2.241344], [104.313677, -2.241335], [104.313669, -2.241327], [104.31366, -2.241319], [104.313654, -2.24131], [104.313648, -2.241301], [104.31364, -2.241292], [104.313632, -2.241283], [104.313625, -2.241274], [104.313616, -2.241265], [104.31361, -2.241255], [104.313602, -2.241247], [104.313592, -2.241239], [104.313584, -2.24123], [104.313577, -2.241221], [104.313568, -2.241214], [104.31356, -2.241207], [104.313554, -2.2412], [104.313546, -2.241191], [104.313538, -2.241183], [104.313532, -2.241173], [104.313524, -2.241164], [104.313516, -2.241156], [104.313509, -2.241149], [104.313503, -2.241141], [104.313496, -2.241134], [104.313486, -2.241126], [104.313479, -2.241119], [104.313471, -2.241113], [104.313461, -2.241105], [104.313454, -2.241098], [104.313449, -2.241089], [104.313439, -2.24108], [104.31343, -2.241074], [104.313422, -2.241067], [104.313413, -2.241059], [104.313405, -2.241052], [104.313396, -2.241043], [104.31339, -2.241034], [104.313382, -2.241026], [104.313373, -2.241018], [104.313365, -2.241009], [104.313357, -2.241], [104.313351, -2.240991], [104.313345, -2.240982], [104.313336, -2.240976], [104.313328, -2.240968], [104.313319, -2.24096], [104.313311, -2.240953], [104.313304, -2.240946], [104.313295, -2.240937], [104.313288, -2.240929], [104.313279, -2.240923], [104.313271, -2.240913], [104.313262, -2.240905], [104.313254, -2.240898], [104.313246, -2.24089], [104.313238, -2.24088], [104.31323, -2.240872], [104.313223, -2.240863], [104.313216, -2.240854], [104.313211, -2.240846], [104.313205, -2.240839], [104.313198, -2.240833], [104.313191, -2.240825], [104.313185, -2.240819], [104.313177, -2.240813], [104.31317, -2.240806], [104.313162, -2.240798], [104.313155, -2.24079], [104.313148, -2.240783], [104.313141, -2.240775], [104.313134, -2.240766], [104.313118, -2.240754], [104.313109, -2.240748], [104.313101, -2.24074], [104.313096, -2.240733], [104.313096, -2.240641], [104.313079, -2.240575], [104.31304, -2.240514], [104.312969, -2.24045], [104.312853, -2.240333], [104.312801, -2.240251], [104.312757, -2.240103], [104.312757, -2.239938], [104.312763, -2.237736], [104.315456, -2.23935]]]]}},
{"type": "Feature", "properties": {"ba_code": "6922", "blockid": "I04P11", "division": "06"}, "geometry": {"type": "MultiPolygon", "coordinates": [[[[104.332543, -2.179312], [104.332599, -2.179239], [104.332978, -2.178705], [104.332977, -2.178704], [104.333146, -2.178467], [104.333145, -2.178468], [104.333479, -2.177998], [104.333642, -2.177764], [104.333643, -2.177764], [104.333791, -2.177555], [104.333889, -2.177403], [104.33395, -2.177308], [104.333949, -2.177308], [104.333983, -2.177253], [104.334115, -2.180971], [104.332537, -2.180962], [104.332543, -2.179312]]]]}},
{"type": "Feature", "properties": {"ba_code": "6922", "blockid": "D23P10", "division": "01"}, "geometry": {"type": "MultiPolygon", "coordinates": [[[[104.281517, -2.217611], [104.28191, -2.217613], [104.281837, -2.226544], [104.27903, -2.226511], [104.279026, -2.225111], [104.279065, -2.224787], [104.279104, -2.224647], [104.27993, -2.220238], [104.280424, -2.217606], [104.281517, -2.217611]]], [[[104.276937, -2.224749], [104.279009, -2.224647], [104.278931, -2.225111], [104.278936, -2.226511], [104.276262, -2.226502], [104.276262, -2.225763], [104.276262, -2.224782], [104.276937, -2.224749]]]]}},
{"type": "Feature", "properties": {"ba_code": "6922", "blockid": "D14P07", "division": "01"}, "geometry": {"type": "MultiPolygon", "coordinates": [[[[104.304344, -2.226787], [104.304466, -2.217762], [104.30459, -2.217764], [104.304691, -2.217766], [104.304795, -2.217768], [104.304897, -2.217769], [104.304994, -2.217771], [104.30509, -2.21777], [104.305183, -2.217774], [104.305334, -2.217774], [104.305403, -2.217774], [104.305605, -2.217769], [104.305713, -2.217773], [104.305928, -2.217772], [104.306032, -2.217778], [104.30614, -2.217776], [104.30625, -2.217773], [104.306361, -2.217776], [104.306466, -2.217778], [104.306573, -2.217776], [104.306783, -2.217778], [104.30689, -2.217778], [104.306998, -2.21778], [104.307104, -2.217782], [104.307206, -2.21778], [104.307293, -2.217784], [104.307324, -2.217786], [104.307207, -2.226815], [104.307074, -2.226823], [104.306989, -2.226819], [104.306894, -2.226816], [104.306808, -2.226814], [104.306708, -2.226812], [104.306614, -2.226811], [104.306509, -2.226816], [104.306404, -2.226816], [104.306305, -2.226814], [104.306207, -2.22681], [104.306107, -2.226808], [104.306008, -2.226804], [104.305923, -2.226801], [104.305832, -2.226798], [104.305734, -2.226797], [104.305636, -2.226795], [104.305533, -2.226794], [104.30544, -2.226793], [104.305343, -2.226794], [104.305161, -2.226782], [104.305063, -2.226779], [104.304982, -2.22678], [104.304869, -2.226779], [104.304758, -2.22678], [104.304662, -2.226793], [104.304568, -2.226785], [104.304489, -2.226784], [104.304429, -2.226783], [104.304358, -2.226787], [104.304344, -2.226787]]]]}},
{"type": "Feature", "properties": {"ba_code": "6922", "blockid": "C04P07", "division": "02"}, "geometry": {"type": "MultiPolygon", "coordinates": [[[[104.332422, -2.22715], [104.335064, -2.227185], [104.335131, -2.233588], [104.332377, -2.233548], [104.332422, -2.22715]]]]}},
{"type": "Feature", "properties": {"ba_code": "6922", "blockid": "B18P11", "division": "05"}, "geometry": {"type": "MultiPolygon", "coordinates": [[[[104.295809, -2.234369], [104.295805, -2.234371], [104.295798, -2.234374], [104.29579, -2.234379], [104.29578, -2.234385], [104.295771, -2.234391], [104.295762, -2.234396], [104.295754, -2.234402], [104.295745, -2.234407], [104.295736, -2.234411], [104.295726, -2.234414], [104.295716, -2.234417], [104.295705, -2.23442], [104.295693, -2.234423], [104.295683, -2.234424], [104.295671, -2.234426], [104.295659, -2.234428], [104.295649, -2.23443], [104.295637, -2.234431], [104.295626, -2.234434], [104.295615, -2.234435], [104.295604, -2.234437], [104.295593, -2.23444], [104.295582, -2.234441], [104.295572, -2.234444], [104.295561, -2.234445], [104.29555, -2.234446], [104.295539, -2.234447], [104.295527, -2.23445], [104.295517, -2.234452], [104.295506, -2.234453], [104.295496, -2.234456], [104.295486, -2.23446], [104.295474, -2.234464], [104.295461, -2.234468], [104.295449, -2.234472], [104.29544, -2.234474], [104.295427, -2.234477], [104.295416, -2.23448], [104.295406, -2.234482], [104.295394, -2.234485], [104.295381, -2.234489], [104.295371, -2.234493], [104.29536, -2.234497], [104.295348, -2.2345], [104.295338, -2.234503], [104.295328, -2.234508], [104.295317, -2.234512], [104.295306, -2.234517], [104.295294, -2.234521], [104.295284, -2.234527], [104.295272, -2.234531], [104.295263, -2.234536], [104.295253, -2.23454], [104.295241, -2.234544], [104.295231, -2.23455], [104.29522, -2.234556], [104.29521, -2.234562], [104.2952, -2.234567], [104.295188, -2.234573], [104.295178, -2.234576], [104.295165, -2.23458], [104.295155, -2.234585], [104.295143, -2.234591], [104.295133, -2.234597], [104.29512, -2.234603], [104.29511, -2.234608], [104.295099, -2.234613], [104.295087, -2.234619], [104.295076, -2.234623], [104.295064, -2.234626], [104.295055, -2.234632], [104.295045, -2.234637], [104.295035, -2.234642], [104.295024, -2.234648], [104.295012, -2.234653], [104.295001, -2.234659], [104.29499, -2.234663], [104.294979, -2.234667], [104.294968, -2.23467], [104.294956, -2.234673], [104.294944, -2.234676], [104.294932, -2.234681], [104.294923, -2.234685], [104.294912, -2.234688], [104.294902, -2.234692], [104.29489, -2.234695], [104.294879, -2.234698], [104.294867, -2.2347], [104.294856, -2.234705], [104.294843, -2.234707], [104.294832, -2.23471], [104.294822, -2.234714], [104.29481, -2.234717], [104.294798, -2.23472], [104.294788, -2.234724], [104.294776, -2.234727], [104.294764, -2.23473], [104.294753, -2.234733], [104.294743, -2.234736], [104.294732, -2.234739], [104.294722, -2.23474], [104.29471, -2.234741], [104.294699, -2.234744], [104.294688, -2.234748], [104.294677, -2.23475], [104.294666, -2.234749], [104.294656, -2.234748], [104.294645, -2.234748], [104.294636, -2.234751], [104.294624, -2.234752], [104.294613, -2.23475], [104.294602, -2.234749], [104.29459, -2.234747], [104.294579, -2.234745], [104.294568, -2.234742], [104.294557, -2.234739], [104.294546, -2.234735], [104.294535, -2.234733], [104.294523, -2.23473], [104.294513, -2.234725], [104.294502, -2.234721], [104.294491, -2.234717], [104.29448, -2.234714], [104.294468, -2.234711], [104.294459, -2.234705], [104.294449, -2.234698], [104.294439, -2.234691], [104.29443, -2.234683], [104.294422, -2.234673], [104.294416, -2.234663], [104.29441, -2.234652], [104.294405, -2.234641], [104.2944, -2.23463], [104.294395, -2.234618], [104.294391, -2.234608], [104.294386, -2.234597], [104.29438, -2.234587], [104.294374, -2.234578], [104.294369, -2.234567], [104.294364, -2.234556], [104.29436, -2.234545], [104.294356, -2.234534], [104.294351, -2.234523], [104.294347, -2.234513], [104.294344, -2.234502], [104.294341, -2.234491], [104.294334, -2.23448], [104.294328, -2.23447], [104.294322, -2.234461], [104.294317, -2.234451], [104.294312, -2.23444], [104.294308, -2.234428], [104.294304, -2.234418], [104.294299, -2.234406], [104.294295, -2.234392], [104.29429, -2.23438], [104.294286, -2.234369], [104.29428, -2.234361], [104.294274, -2.234353], [104.294269, -2.234349], [104.294268, -2.234349], [104.293539, -2.234373], [104.293792, -2.235103], [104.293791, -2.235103], [104.293636, -2.23517], [104.293636, -2.235169], [104.293208, -2.235363], [104.293031, -2.235448], [104.292985, -2.235476], [104.292984, -2.235476], [104.293001, -2.233103], [104.29329, -2.233024], [104.293923, -2.232819], [104.294648, -2.232606], [104.295813, -2.23227], [104.295809, -2.234369]]]]}},
{"type": "Feature", "properties": {"ba_code": "6922", "blockid": "G14P09", "division": "05"}, "geometry": {"type": "MultiPolygon", "coordinates": [[[[104.307589, -2.196149], [104.307548, -2.199466], [104.304588, -2.199488], [104.304608, -2.196753], [104.304609, -2.196619], [104.304618, -2.195373], [104.306599, -2.194566], [104.306607, -2.189825], [104.306609, -2.189825], [104.307667, -2.189849], [104.307589, -2.196149]]]]}},
{"type": "Feature", "properties": {"ba_code": "6922", "blockid": "J13P09", "division": "06"}, "geometry": {"type": "MultiPolygon", "coordinates": [[[[104.307964, -2.162696], [104.310183, -2.162262], [104.310184, -2.171464], [104.307852, -2.171427], [104.307964, -2.162696]]]]}},
{"type": "Feature", "properties": {"ba_code": "6922", "blockid": "K11P11", "division": "06"}, "geometry": {"type": "MultiPolygon", "coordinates": [[[[104.313062, -2.162134], [104.313066, -2.161827], [104.315902, -2.161838], [104.315902, -2.162132], [104.313062, -2.162134]]]]}},
{"type": "Feature", "properties": {"ba_code": "6922", "blockid": "F03P15", "division": "03"}, "geometry": {"type": "MultiPolygon", "coordinates": [[[[104.334715, -2.1995], [104.337528, -2.1995], [104.337633, -2.209146], [104.334973, -2.209073], [104.334715, -2.1995]]]]}},
{"type": "Feature", "properties": {"ba_code": "6922", "blockid": "E11P07", "division": "04"}, "geometry": {"type": "MultiPolygon", "coordinates": [[[[104.312926, -2.208877], [104.315705, -2.208908], [104.315626, -2.217718], [104.312886, -2.21771], [104.312926, -2.208877]]]]}},
{"type": "Feature", "properties": {"ba_code": "6922", "blockid": "D18P07", "division": "01"}, "geometry": {"type": "MultiPolygon", "coordinates": [[[[104.293144, -2.226659], [104.293361, -2.217693], [104.293391, -2.217694], [104.293481, -2.217693], [104.29357, -2.217695], [104.293664, -2.217693], [104.293759, -2.217695], [104.293854, -2.217695], [104.293945, -2.217696], [104.294038, -2.217697], [104.294132, -2.217699], [104.294418, -2.217694], [104.294516, -2.217697], [104.294609, -2.217699], [104.294709, -2.217701], [104.294874, -2.217699], [104.294966, -2.217699], [104.295057, -2.217698], [104.295151, -2.217699], [104.29524, -2.217698], [104.295342, -2.2177], [104.295435, -2.217698], [104.295539, -2.2177], [104.295638, -2.217701], [104.295739, -2.2177], [104.295833, -2.217701], [104.295891, -2.217699], [104.295905, -2.217698], [104.295855, -2.22668], [104.295717, -2.226677], [104.295635, -2.226675], [104.295545, -2.22668], [104.29545, -2.226681], [104.295352, -2.226679], [104.295238, -2.226677], [104.295136, -2.226678], [104.29504, -2.226677], [104.294945, -2.226677], [104.294843, -2.226678], [104.294739, -2.226673], [104.294634, -2.22667], [104.294525, -2.226669], [104.29442, -2.22667], [104.294302, -2.226658], [104.294194, -2.226659], [104.294093, -2.226659], [104.293979, -2.22666], [104.293858, -2.226658], [104.293745, -2.226668], [104.293631, -2.226661], [104.293516, -2.226658], [104.293412, -2.226662], [104.29322, -2.226659], [104.293158, -2.226659], [104.293144, -2.226659]]]]}},
{"type": "Feature", "properties": {"ba_code": "6922", "blockid": "E16P09", "division": "04"}, "geometry": {"type": "MultiPolygon", "coordinates": [[[[104.301586, -2.210224], [104.30152, -2.216179], [104.298872, -2.216163], [104.298903, -2.210224], [104.298911, -2.208699], [104.301602, -2.208733], [104.301586, -2.210224]]]]}},
{"type": "Feature", "properties": {"ba_code": "6922", "blockid": "I02P11", "division": "06"}, "geometry": {"type": "MultiPolygon", "coordinates": [[[[104.337093, -2.172408], [104.337447, -2.172072], [104.337561, -2.172074], [104.337562, -2.172074], [104.339815, -2.172115], [104.340924, -2.172136], [104.34093, -2.172136], [104.340981, -2.180955], [104.33729, -2.180951], [104.337093, -2.172408]]]]}},
{"type": "Feature", "properties": {"ba_code": "6922", "blockid": "D05P07", "division": "02"}, "geometry": {"type": "MultiPolygon", "coordinates": [[[[104.329513, -2.217928], [104.332394, -2.217961], [104.332328, -2.227024], [104.3296, -2.227], [104.329513, -2.217928]]]]}},
{"type": "Feature", "properties": {"ba_code": "6922", "blockid": "I12P10", "division": "06"}, "geometry": {"type": "MultiPolygon", "coordinates": [[[[104.310278, -2.17159], [104.312952, -2.171644], [104.312938, -2.180797], [104.310253, -2.180771], [104.310278, -2.17159]]]]}},
{"type": "Feature", "properties": {"ba_code": "6922", "blockid": "C09P07", "division": "02"}, "geometry": {"type": "MultiPolygon", "coordinates": [[[[104.318375, -2.227051], [104.321377, -2.227073], [104.321334, -2.236072], [104.31817, -2.236052], [104.318375, -2.227051]]]]}},
{"type": "Feature", "properties": {"ba_code": "6922", "blockid": "G01P12", "division": "03"}, "geometry": {"type": "MultiPolygon", "coordinates": [[[[104.3441, -2.199427], [104.340982, -2.199377], [104.341014, -2.190734], [104.344077, -2.190738], [104.344557, -2.190739], [104.344615, -2.199435], [104.3441, -2.199427]]]]}},
{"type": "Feature", "properties": {"ba_code": "6922", "blockid": "F12P09", "division": "04"}, "geometry": {"type": "MultiPolygon", "coordinates": [[[[104.312878, -2.201312], [104.312856, -2.202823], [104.312831, -2.208752], [104.310145, -2.208707], [104.310167, -2.202819], [104.310162, -2.201312], [104.310179, -2.199565], [104.31287, -2.199568], [104.312878, -2.201312]]]]}},
{"type": "Feature", "properties": {"ba_code": "6922", "blockid": "H09P09", "division": "05"}, "geometry": {"type": "MultiPolygon", "coordinates": [[[[104.319423, -2.180973], [104.321479, -2.180995], [104.32147, -2.190109], [104.319197, -2.190053], [104.319423, -2.180973]]]]}},
{"type": "Feature", "properties": {"ba_code": "6922", "blockid": "F08P12", "division": "03"}, "geometry": {"type": "MultiPolygon", "coordinates": [[[[104.321477, -2.199498], [104.323988, -2.19948], [104.324014, -2.208902], [104.321559, -2.208839], [104.321477, -2.199498]]]]}},
{"type": "Feature", "properties": {"ba_code": "6922", "blockid": "G04P08", "division": "03"}, "geometry": {"type": "MultiPolygon", "coordinates": [[[[104.332549, -2.19047], [104.334381, -2.19055], [104.334621, -2.199374], [104.332569, -2.199377], [104.332549, -2.19047]]]]}},
{"type": "Feature", "properties": {"ba_code": "6922", "blockid": "J07P11", "division": "06"}, "geometry": {"type": "MultiPolygon", "coordinates": [[[[104.324024, -2.162338], [104.326315, -2.162355], [104.326345, -2.171776], [104.324092, -2.17174], [104.324024, -2.162338]]]]}},
{"type": "Feature", "properties": {"ba_code": "6922", "blockid": "D02P07", "division": "02"}, "geometry": {"type": "MultiPolygon", "coordinates": [[[[104.337856, -2.218016], [104.340747, -2.218058], [104.34069, -2.227131], [104.338018, -2.227103], [104.337856, -2.218016]]]]}},
{"type": "Feature", "properties": {"ba_code": "6922", "blockid": "F19P12", "division": "04"}, "geometry": {"type": "MultiPolygon", "coordinates": [[[[104.290802, -2.200062], [104.291894, -2.199804], [104.292152, -2.199759], [104.292153, -2.199634], [104.292485, -2.199635], [104.292486, -2.199635], [104.293624, -2.199638], [104.29344, -2.208503], [104.290623, -2.208464], [104.290802, -2.200062]]]]}},
{"type": "Feature", "properties": {"ba_code": "6922", "blockid": "C05P07", "division": "02"}, "geometry": {"type": "MultiPolygon", "coordinates": [[[[104.329599, -2.227126], [104.332328, -2.22715], [104.332289, -2.233546], [104.330608, -2.233521], [104.330437, -2.233522], [104.330291, -2.233571], [104.329692, -2.234025], [104.329599, -2.227126]]]]}},
{"type": "Feature", "properties": {"ba_code": "6922", "blockid": "D21P10", "division": "01"}, "geometry": {"type": "MultiPolygon", "coordinates": [[[[104.287414, -2.226622], [104.287263, -2.22662], [104.287168, -2.226618], [104.287063, -2.226614], [104.286965, -2.226613], [104.28686, -2.226614], [104.286765, -2.226612], [104.286673, -2.226611], [104.286563, -2.226605], [104.286472, -2.22661], [104.286374, -2.226613], [104.286258, -2.226607], [104.28599, -2.226602], [104.285885, -2.226603], [104.285773, -2.226603], [104.28567, -2.226602], [104.285567, -2.226602], [104.285461, -2.226601], [104.285301, -2.226599], [104.285184, -2.226593], [104.285079, -2.226593], [104.284996, -2.22659], [104.28488, -2.226589], [104.284834, -2.226589], [104.284787, -2.226587], [104.284722, -2.226586], [104.284869, -2.217645], [104.284968, -2.217644], [104.285059, -2.217644], [104.285154, -2.217643], [104.285253, -2.217645], [104.285367, -2.217645], [104.28547, -2.217645], [104.285571, -2.217644], [104.285673, -2.217644], [104.285768, -2.217646], [104.285856, -2.217647], [104.285946, -2.217647], [104.286035, -2.217649], [104.28612, -2.21765], [104.28619, -2.217648], [104.286272, -2.217646], [104.286295, -2.217649], [104.286424, -2.217653], [104.286529, -2.217652], [104.286635, -2.217655], [104.286744, -2.217657], [104.28685, -2.217659], [104.28695, -2.217659], [104.287044, -2.217659], [104.28714, -2.217659], [104.287233, -2.217663], [104.28734, -2.217664], [104.2875, -2.21766], [104.287414, -2.226622]]]]}},
{"type": "Feature", "properties": {"ba_code": "6922", "blockid": "G10P09", "division": "05"}, "geometry": {"type": "MultiPolygon", "coordinates": [[[[104.315922, -2.190109], [104.319102, -2.190179], [104.318897, -2.199391], [104.315881, -2.199416], [104.315922, -2.190109]]]]}},
{"type": "Feature", "properties": {"ba_code": "6922", "blockid": "B09P12", "division": "02"}, "geometry": {"type": "MultiPolygon", "coordinates": [[[[104.318169, -2.236178], [104.321334, -2.236198], [104.321313, -2.239982], [104.319194, -2.241468], [104.318055, -2.240735], [104.318169, -2.236178]]], [[[104.315578, -2.239296], [104.315608, -2.23618], [104.318075, -2.236178], [104.31796, -2.240673], [104.315578, -2.239296]]]]}},
{"type": "Feature", "properties": {"ba_code": "6922", "blockid": "D15P07", "division": "01"}, "geometry": {"type": "MultiPolygon", "coordinates": [[[[104.30156, -2.226759], [104.301609, -2.217745], [104.301654, -2.217746], [104.301788, -2.217748], [104.301865, -2.21775], [104.302026, -2.217747], [104.302108, -2.217751], [104.302189, -2.217748], [104.302348, -2.217751], [104.302525, -2.217754], [104.302605, -2.217754], [104.302763, -2.217753], [104.302924, -2.217753], [104.303006, -2.217752], [104.303085, -2.217752], [104.303167, -2.217752], [104.303248, -2.217752], [104.303416, -2.217756], [104.303574, -2.217754], [104.303731, -2.217765], [104.303894, -2.217761], [104.304137, -2.217765], [104.304213, -2.217764], [104.304286, -2.217758], [104.304358, -2.21776], [104.304236, -2.226782], [104.304137, -2.226783], [104.304052, -2.226782], [104.303938, -2.226781], [104.303836, -2.22678], [104.303724, -2.22678], [104.303617, -2.22678], [104.303507, -2.226781], [104.30339, -2.226781], [104.303279, -2.22678], [104.303165, -2.226778], [104.303049, -2.226775], [104.302935, -2.226774], [104.30282, -2.226766], [104.302719, -2.226765], [104.302599, -2.226766], [104.302496, -2.226764], [104.302395, -2.226762], [104.302274, -2.226757], [104.30216, -2.226755], [104.302042, -2.226752], [104.301931, -2.226753], [104.30182, -2.226753], [104.301719, -2.226754], [104.301641, -2.226756], [104.30156, -2.226759]]]]}},
{"type": "Feature", "properties": {"ba_code": "6922", "blockid": "D25P12", "division": "05"}, "geometry": {"type": "MultiPolygon", "coordinates": [[[[104.275739, -2.224706], [104.2761, -2.224721], [104.276088, -2.226025], [104.276084, -2.226504], [104.27577, -2.226504], [104.274792, -2.226504], [104.275739, -2.224706]]]]}},
{"type": "Feature", "properties": {"ba_code": "6922", "blockid": "C10P07", "division": "02"}, "geometry": {"type": "MultiPolygon", "coordinates": [[[[104.318075, -2.236052], [104.315608, -2.236056], [104.315696, -2.227035], [104.318281, -2.227051], [104.318075, -2.236052]]]]}},
{"type": "Feature", "properties": {"ba_code": "6922", "blockid": "J11P10", "division": "06"}, "geometry": {"type": "MultiPolygon", "coordinates": [[[[104.313061, -2.16226], [104.315905, -2.162256], [104.315926, -2.171571], [104.313042, -2.171515], [104.313061, -2.16226]]]]}},
{"type": "Feature", "properties": {"ba_code": "6922", "blockid": "C03P07", "division": "02"}, "geometry": {"type": "MultiPolygon", "coordinates": [[[[104.335158, -2.227185], [104.337923, -2.227229], [104.337995, -2.23365], [104.335226, -2.233588], [104.335158, -2.227185]]]]}},
{"type": "Feature", "properties": {"ba_code": "6922", "blockid": "E03P10", "division": "02"}, "geometry": {"type": "MultiPolygon", "coordinates": [[[[104.334972, -2.209199], [104.337633, -2.209272], [104.337762, -2.21789], [104.335067, -2.217858], [104.334972, -2.209199]]]]}},
{"type": "Feature", "properties": {"ba_code": "6922", "blockid": "B17P11", "division": "05"}, "geometry": {"type": "MultiPolygon", "coordinates": [[[[104.298648, -2.233412], [104.298614, -2.233407], [104.29813, -2.233459], [104.298129, -2.233459], [104.297858, -2.233517], [104.297856, -2.233517], [104.297545, -2.233674], [104.297362, -2.233777], [104.297361, -2.233777], [104.297177, -2.233852], [104.29717, -2.233853], [104.297159, -2.233856], [104.297148, -2.233858], [104.297137, -2.233861], [104.297125, -2.233863], [104.297115, -2.233867], [104.297102, -2.233871], [104.297091, -2.233874], [104.29708, -2.233877], [104.29707, -2.233881], [104.297059, -2.233884], [104.297048, -2.233888], [104.297039, -2.233892], [104.297028, -2.233896], [104.297015, -2.2339], [104.297005, -2.233904], [104.296992, -2.233905], [104.296981, -2.233907], [104.296971, -2.233911], [104.296959, -2.233916], [104.296948, -2.23392], [104.296936, -2.233924], [104.296924, -2.233927], [104.296912, -2.233931], [104.296902, -2.233934], [104.296891, -2.233938], [104.29688, -2.233943], [104.296868, -2.233945], [104.296857, -2.233949], [104.296846, -2.233954], [104.296836, -2.233958], [104.296825, -2.23396], [104.296815, -2.233964], [104.296803, -2.233967], [104.296792, -2.233972], [104.296782, -2.233977], [104.296772, -2.233982], [104.296761, -2.233986], [104.29675, -2.233989], [104.29674, -2.233992], [104.296729, -2.233996], [104.296718, -2.234002], [104.296706, -2.234006], [104.296696, -2.23401], [104.296686, -2.234015], [104.296675, -2.23402], [104.296665, -2.234024], [104.296654, -2.234027], [104.296644, -2.23403], [104.296633, -2.234034], [104.296623, -2.234038], [104.296612, -2.234043], [104.296603, -2.234048], [104.296593, -2.234052], [104.296581, -2.234055], [104.296569, -2.234059], [104.296558, -2.234062], [104.296549, -2.234067], [104.296538, -2.234069], [104.296526, -2.234073], [104.296516, -2.234076], [104.296507, -2.234081], [104.296498, -2.234086], [104.296487, -2.234089], [104.296476, -2.234092], [104.296464, -2.234095], [104.296452, -2.234098], [104.296442, -2.234102], [104.296431, -2.234107], [104.296419, -2.234112], [104.296409, -2.234117], [104.296398, -2.234121], [104.296387, -2.234124], [104.296375, -2.234129], [104.296365, -2.234133], [104.296353, -2.234139], [104.296342, -2.234142], [104.296331, -2.234145], [104.296319, -2.234149], [104.296306, -2.234154], [104.296294, -2.234158], [104.296283, -2.234162], [104.296273, -2.234165], [104.296262, -2.234168], [104.29625, -2.234172], [104.296238, -2.234177], [104.296226, -2.23418], [104.296215, -2.234185], [104.296204, -2.234188], [104.296195, -2.234193], [104.296184, -2.234197], [104.296173, -2.234199], [104.296161, -2.234203], [104.296151, -2.234207], [104.296141, -2.23421], [104.29613, -2.234214], [104.29612, -2.234218], [104.296109, -2.234222], [104.296098, -2.234226], [104.296088, -2.23423], [104.296077, -2.234235], [104.296066, -2.234239], [104.296057, -2.234242], [104.296047, -2.234245], [104.296035, -2.234248], [104.296025, -2.234254], [104.296016, -2.23426], [104.296006, -2.234265], [104.295996, -2.234269], [104.295985, -2.234273], [104.295974, -2.234279], [104.295965, -2.234286], [104.295956, -2.234291], [104.295947, -2.234295], [104.295936, -2.234301], [104.295929, -2.234303], [104.295922, -2.234306], [104.295914, -2.234311], [104.295908, -2.234316], [104.295903, -2.234319], [104.295898, -2.234321], [104.295897, -2.234321], [104.295917, -2.232243], [104.297121, -2.231872], [104.297683, -2.231702], [104.29834, -2.23151], [104.298644, -2.231429], [104.298648, -2.233412]]]]}},
{"type": "Feature", "properties": {"ba_code": "6922", "blockid": "D19P10", "division": "01"}, "geometry": {"type": "MultiPolygon", "coordinates": [[[[104.293036, -2.226659], [104.292908, -2.226658], [104.292809, -2.226652], [104.29271, -2.226651], [104.292362, -2.226644], [104.29225, -2.226641], [104.292131, -2.22664], [104.292002, -2.22664], [104.291875, -2.226638], [104.291755, -2.226639], [104.291629, -2.226642], [104.291499, -2.226639], [104.291383, -2.226637], [104.291262, -2.226635], [104.291159, -2.226634], [104.291048, -2.226637], [104.290931, -2.226637], [104.290826, -2.226634], [104.29072, -2.226636], [104.29062, -2.226637], [104.290509, -2.226635], [104.290426, -2.226635], [104.29031, -2.226625], [104.290433, -2.217672], [104.290465, -2.217672], [104.290537, -2.217671], [104.290652, -2.217669], [104.290747, -2.217668], [104.290883, -2.21767], [104.291013, -2.217671], [104.291153, -2.217673], [104.291309, -2.217675], [104.291455, -2.217676], [104.2916, -2.217678], [104.291738, -2.217679], [104.291898, -2.21768], [104.292021, -2.217681], [104.292198, -2.217682], [104.292298, -2.217683], [104.292415, -2.217683], [104.292505, -2.217683], [104.292598, -2.217683], [104.292694, -2.217681], [104.292789, -2.217682], [104.292899, -2.217682], [104.29299, -2.217682], [104.293086, -2.217682], [104.293183, -2.217684], [104.293253, -2.217687], [104.293036, -2.226659]]]]}},
{"type": "Feature", "properties": {"ba_code": "6922", "blockid": "E04P10", "division": "02"}, "geometry": {"type": "MultiPolygon", "coordinates": [[[[104.332558, -2.209153], [104.334878, -2.209199], [104.334973, -2.217855], [104.332489, -2.217835], [104.332558, -2.209153]]]]}},
{"type": "Feature", "properties": {"ba_code": "6922", "blockid": "E12P07", "division": "04"}, "geometry": {"type": "MultiPolygon", "coordinates": [[[[104.312832, -2.208908], [104.312805, -2.214841], [104.312792, -2.217712], [104.310085, -2.217678], [104.310109, -2.21417], [104.310145, -2.208833], [104.312832, -2.208878], [104.312832, -2.208908]]]]}},
{"type": "Feature", "properties": {"ba_code": "6922", "blockid": "F16P07", "division": "04"}, "geometry": {"type": "MultiPolygon", "coordinates": [[[[104.298956, -2.199659], [104.301691, -2.199642], [104.301602, -2.208607], [104.298911, -2.208573], [104.298956, -2.199659]]]]}},
{"type": "Feature", "properties": {"ba_code": "6922", "blockid": "B10P12", "division": "05"}, "geometry": {"type": "MultiPolygon", "coordinates": [[[[104.317414, -2.241186], [104.317414, -2.241198], [104.31741, -2.241209], [104.317405, -2.241217], [104.3174, -2.241227], [104.317392, -2.241235], [104.317386, -2.241244], [104.317383, -2.241252], [104.317376, -2.241261], [104.317369, -2.241268], [104.317359, -2.241277], [104.31735, -2.241285], [104.317342, -2.241292], [104.317336, -2.2413], [104.31733, -2.241309], [104.317324, -2.241317], [104.317319, -2.241328], [104.317314, -2.241336], [104.317311, -2.241346], [104.317306, -2.241354], [104.317301, -2.241362], [104.317299, -2.24137], [104.317296, -2.24138], [104.317295, -2.241389], [104.317295, -2.241399], [104.317294, -2.241411], [104.317292, -2.241421], [104.317291, -2.241431], [104.317289, -2.241442], [104.317288, -2.241453], [104.317289, -2.241464], [104.31729, -2.241476], [104.317292, -2.241486], [104.317296, -2.241496], [104.317303, -2.241507], [104.317308, -2.241516], [104.317313, -2.241526], [104.317319, -2.241535], [104.317326, -2.241546], [104.317331, -2.241555], [104.317336, -2.24156], [104.317345, -2.241565], [104.317351, -2.241575], [104.317357, -2.241583], [104.317366, -2.241591], [104.317373, -2.241601], [104.317379, -2.241611], [104.317385, -2.241621], [104.317391, -2.241631], [104.317396, -2.241642], [104.317399, -2.241653], [104.317397, -2.241666], [104.317396, -2.241676], [104.317395, -2.241686], [104.317392, -2.241698], [104.317389, -2.241709], [104.317384, -2.241719], [104.31738, -2.241729], [104.317377, -2.24174], [104.317372, -2.24175], [104.317365, -2.24176], [104.317359, -2.241769], [104.317353, -2.241779], [104.317348, -2.241788], [104.317342, -2.241798], [104.317336, -2.241807], [104.317327, -2.241814], [104.31732, -2.241822], [104.317311, -2.24183], [104.317303, -2.241839], [104.317292, -2.241846], [104.317282, -2.241851], [104.317271, -2.241856], [104.317261, -2.24186], [104.317251, -2.241865], [104.31724, -2.24187], [104.317228, -2.241876], [104.317216, -2.24188], [104.317204, -2.241882], [104.317193, -2.241886], [104.317183, -2.241888], [104.317171, -2.241889], [104.317159, -2.24189], [104.317147, -2.241892], [104.317137, -2.241893], [104.317127, -2.241894], [104.317116, -2.241894], [104.317105, -2.241893], [104.317093, -2.241894], [104.317081, -2.241893], [104.317071, -2.241892], [104.317061, -2.241893], [104.317049, -2.241893], [104.317036, -2.241892], [104.317023, -2.24189], [104.317011, -2.241889], [104.316999, -2.241888], [104.316987, -2.241887], [104.316975, -2.241884], [104.316963, -2.241882], [104.316951, -2.241878], [104.316939, -2.241876], [104.316927, -2.241874], [104.316915, -2.241872], [104.316904, -2.24187], [104.316892, -2.241869], [104.31688, -2.241866], [104.316869, -2.241863], [104.316856, -2.241861], [104.316843, -2.241858], [104.316832, -2.241857], [104.316821, -2.241856], [104.316809, -2.241855], [104.316799, -2.241855], [104.31679, -2.241856], [104.316778, -2.241856], [104.316766, -2.241857], [104.316756, -2.241859], [104.316744, -2.241863], [104.316733, -2.241867], [104.31672, -2.241871], [104.316709, -2.241873], [104.316697, -2.241877], [104.316685, -2.241878], [104.316675, -2.24188], [104.316664, -2.241883], [104.316652, -2.241886], [104.316642, -2.241889], [104.31663, -2.241891], [104.316618, -2.241893], [104.316606, -2.241896], [104.316595, -2.241899], [104.316584, -2.241901], [104.316572, -2.241904], [104.316561, -2.241908], [104.316551, -2.241912], [104.316542, -2.241918], [104.316532, -2.241928], [104.316522, -2.241933], [104.316511, -2.241939], [104.3165, -2.241944], [104.316491, -2.241951], [104.316483, -2.241958], [104.316474, -2.241967], [104.316466, -2.241975], [104.316457, -2.241983], [104.316449, -2.241992], [104.316441, -2.242002], [104.316433, -2.242011], [104.316425, -2.24202], [104.316417, -2.242027], [104.316408, -2.242035], [104.316399, -2.242044], [104.316391, -2.242054], [104.316382, -2.242063], [104.316374, -2.242072], [104.316367, -2.242082], [104.316358, -2.242092], [104.316349, -2.242102], [104.31634, -2.24211], [104.31633, -2.242119], [104.316322, -2.242128], [104.316315, -2.242136], [104.316308, -2.242146], [104.3163, -2.242157], [104.316293, -2.242166], [104.316288, -2.242175], [104.316282, -2.242186], [104.316275, -2.242196], [104.316268, -2.242204], [104.31626, -2.242213], [104.316253, -2.242221], [104.316245, -2.242228], [104.316237, -2.242237], [104.31623, -2.242247], [104.316222, -2.242256], [104.316214, -2.242265], [104.316206, -2.242274], [104.316199, -2.242283], [104.316192, -2.242292], [104.316183, -2.242301], [104.316173, -2.242309], [104.316164, -2.242316], [104.316157, -2.242325], [104.316149, -2.242335], [104.316141, -2.242342], [104.316132, -2.242351], [104.316123, -2.242359], [104.316113, -2.242367], [104.316103, -2.242374], [104.316093, -2.242381], [104.316083, -2.242389], [104.316075, -2.242397], [104.316067, -2.242405], [104.316059, -2.242412], [104.31605, -2.242419], [104.316041, -2.242426], [104.316031, -2.242435], [104.316021, -2.242443], [104.316011, -2.24245], [104.316001, -2.242458], [104.315992, -2.242465], [104.315982, -2.242473], [104.315974, -2.242481], [104.315963, -2.242489], [104.315953, -2.242496], [104.315944, -2.242504], [104.315935, -2.242512], [104.315924, -2.242519], [104.315913, -2.242525], [104.315903, -2.242531], [104.315894, -2.242539], [104.315884, -2.242546], [104.315874, -2.242552], [104.315864, -2.24256], [104.315853, -2.242566], [104.315843, -2.242573], [104.315834, -2.242581], [104.315824, -2.242589], [104.315815, -2.242597], [104.315805, -2.242606], [104.315796, -2.242613], [104.315787, -2.242621], [104.315777, -2.24263], [104.315767, -2.242637], [104.315758, -2.242646], [104.31575, -2.242655], [104.315741, -2.242662], [104.315732, -2.24267], [104.315722, -2.242679], [104.315713, -2.242685], [104.315705, -2.242693], [104.315697, -2.242702], [104.315688, -2.242711], [104.31568, -2.242719], [104.31567, -2.242725], [104.315661, -2.242731], [104.315653, -2.242738], [104.315643, -2.242747], [104.315634, -2.242754], [104.315626, -2.242761], [104.315617, -2.242768], [104.315607, -2.242773], [104.315599, -2.242781], [104.315591, -2.242789], [104.315584, -2.242797], [104.315576, -2.242803], [104.315568, -2.242811], [104.315559, -2.242818], [104.31555, -2.242824], [104.315543, -2.242831], [104.315536, -2.242839], [104.315529, -2.242844], [104.315529, -2.242779], [104.315525, -2.239408], [104.317042, -2.240294], [104.317047, -2.240297], [104.317054, -2.240302], [104.317061, -2.240308], [104.317067, -2.240314], [104.317075, -2.24032], [104.317081, -2.24033], [104.317085, -2.240336], [104.31709, -2.240343], [104.317093, -2.240349], [104.317096, -2.240359], [104.317098, -2.240365], [104.317098, -2.240372], [104.317095, -2.240377], [104.31709, -2.240382], [104.31708, -2.240386], [104.317076, -2.240387], [104.31707, -2.240392], [104.317061, -2.240396], [104.317052, -2.240402], [104.317044, -2.240408], [104.317037, -2.240414], [104.317029, -2.240419], [104.31702, -2.240427], [104.317012, -2.240432], [104.317004, -2.240438], [104.316995, -2.240445], [104.316988, -2.240452], [104.316982, -2.240459], [104.316976, -2.240468], [104.31697, -2.240474], [104.316966, -2.240484], [104.316962, -2.240496], [104.316961, -2.240507], [104.316962, -2.240516], [104.316962, -2.240527], [104.316966, -2.240537], [104.316969, -2.240547], [104.316972, -2.240558], [104.316977, -2.240569], [104.316982, -2.240578], [104.316987, -2.240587], [104.316992, -2.240597], [104.316997, -2.240608], [104.317001, -2.240615], [104.317008, -2.240623], [104.317015, -2.240629], [104.317024, -2.240638], [104.317031, -2.240647], [104.317037, -2.240656], [104.317045, -2.240665], [104.317052, -2.240674], [104.317058, -2.240684], [104.317065, -2.240692], [104.317072, -2.240701], [104.317078, -2.240711], [104.317083, -2.240721], [104.317088, -2.240732], [104.317094, -2.240741], [104.317101, -2.240751], [104.317109, -2.240762], [104.317115, -2.240771], [104.317123, -2.240779], [104.317131, -2.240787], [104.31714, -2.240793], [104.317149, -2.240802], [104.317158, -2.24081], [104.317166, -2.240819], [104.317174, -2.240826], [104.317183, -2.240833], [104.317191, -2.24084], [104.317201, -2.240844], [104.317212, -2.240847], [104.317222, -2.24085], [104.317232, -2.240853], [104.317243, -2.240857], [104.317251, -2.240864], [104.317261, -2.240871], [104.31727, -2.240879], [104.317277, -2.240886], [104.317286, -2.240893], [104.317295, -2.240902], [104.317301, -2.240913], [104.317306, -2.240925], [104.31731, -2.240936], [104.317312, -2.240947], [104.317317, -2.240957], [104.31732, -2.240968], [104.317323, -2.24098], [104.317326, -2.240989], [104.31733, -2.241], [104.317334, -2.24101], [104.317338, -2.24102], [104.317343, -2.24103], [104.317349, -2.241041], [104.317355, -2.241049], [104.317362, -2.241056], [104.317367, -2.241065], [104.317373, -2.241075], [104.317378, -2.241084], [104.317384, -2.241092], [104.317389, -2.241104], [104.317393, -2.241112], [104.317399, -2.241118], [104.317405, -2.241127], [104.317408, -2.24114], [104.317409, -2.241151], [104.317412, -2.241162], [104.317413, -2.241174], [104.317414, -2.241186]]]]}},
{"type": "Feature", "properties": {"ba_code": "6922", "blockid": "B13P11", "division": "05"}, "geometry": {"type": "MultiPolygon", "coordinates": [[[[104.30903, -2.235893], [104.309028, -2.235897], [104.309027, -2.235901], [104.309026, -2.235908], [104.309026, -2.235919], [104.309024, -2.235927], [104.309021, -2.235936], [104.309018, -2.235945], [104.309013, -2.235955], [104.309009, -2.235963], [104.309003, -2.235973], [104.308999, -2.235983], [104.308994, -2.235993], [104.308969, -2.236212], [104.30883, -2.236642], [104.308756, -2.23684], [104.308755, -2.23684], [104.308728, -2.236877], [104.308589, -2.23681], [104.308462, -2.236743], [104.308264, -2.236653], [104.308079, -2.236506], [104.307843, -2.236295], [104.3077, -2.236201], [104.307455, -2.236072], [104.307188, -2.235915], [104.307187, -2.235123], [104.30903, -2.235893]]]]}},
{"type": "Feature", "properties": {"ba_code": "6922", "blockid": "I10P11", "division": "06"}, "geometry": {"type": "MultiPolygon", "coordinates": [[[[104.31602, -2.171697], [104.319538, -2.17177], [104.319328, -2.180847], [104.315986, -2.180821], [104.31602, -2.171697]]]]}},
{"type": "Feature", "properties": {"ba_code": "6922", "blockid": "E06P10", "division": "02"}, "geometry": {"type": "MultiPolygon", "coordinates": [[[[104.326729, -2.209045], [104.329341, -2.209117], [104.329419, -2.217802], [104.326786, -2.217779], [104.326729, -2.209045]]]]}},
{"type": "Feature", "properties": {"ba_code": "6922", "blockid": "C24P10", "division": "01"}, "geometry": {"type": "MultiPolygon", "coordinates": [[[[104.276186, -2.235675], [104.276264, -2.22664], [104.276251, -2.22664], [104.276301, -2.226639], [104.27635, -2.226638], [104.2764, -2.226637], [104.276468, -2.226635], [104.276522, -2.226636], [104.27657, -2.226636], [104.276622, -2.226637], [104.276669, -2.226637], [104.276716, -2.226637], [104.276749, -2.226637], [104.276778, -2.226634], [104.276803, -2.226634], [104.276827, -2.226634], [104.276899, -2.226632], [104.276926, -2.226635], [104.276954, -2.226636], [104.276982, -2.226638], [104.277007, -2.226639], [104.277036, -2.226639], [104.277062, -2.226639], [104.277088, -2.22664], [104.277119, -2.22664], [104.277148, -2.226639], [104.277173, -2.226639], [104.277199, -2.22664], [104.277263, -2.226642], [104.277377, -2.226647], [104.277405, -2.226646], [104.277511, -2.226649], [104.277534, -2.226649], [104.277702, -2.226649], [104.277783, -2.226648], [104.277803, -2.226649], [104.277824, -2.226648], [104.277847, -2.226648], [104.277864, -2.22665], [104.278057, -2.22665], [104.278138, -2.226649], [104.278163, -2.226648], [104.278193, -2.226648], [104.278219, -2.226648], [104.278244, -2.226649], [104.27827, -2.226652], [104.278357, -2.226655], [104.278389, -2.226654], [104.278417, -2.226654], [104.278441, -2.226654], [104.278465, -2.226655], [104.278488, -2.226656], [104.278514, -2.226658], [104.278612, -2.226657], [104.278637, -2.226659], [104.278692, -2.226659], [104.278752, -2.226657], [104.278793, -2.226656], [104.278828, -2.226655], [104.27888, -2.226654], [104.278912, -2.226653], [104.278918, -2.226653], [104.278801, -2.235725], [104.278726, -2.235718], [104.27865, -2.23572], [104.278553, -2.235713], [104.278474, -2.235713], [104.278388, -2.235715], [104.27829, -2.235716], [104.278088, -2.235707], [104.277878, -2.235702], [104.277791, -2.235701], [104.277705, -2.235708], [104.277603, -2.235704], [104.277507, -2.235699], [104.277403, -2.235703], [104.2773, -2.235702], [104.277189, -2.235698], [104.277083, -2.235695], [104.276921, -2.235697], [104.276784, -2.235698], [104.276646, -2.235699], [104.276549, -2.23569], [104.27644, -2.235688], [104.276319, -2.235678], [104.276186, -2.235675]]]]}},
{"type": "Feature", "properties": {"ba_code": "6922", "blockid": "C16P10", "division": "01"}, "geometry": {"type": "MultiPolygon", "coordinates": [[[[104.298734, -2.231305], [104.298767, -2.226834], [104.298809, -2.226836], [104.298891, -2.226849], [104.298979, -2.226851], [104.299055, -2.226852], [104.299138, -2.226847], [104.299223, -2.226851], [104.299317, -2.226856], [104.299408, -2.226859], [104.299501, -2.226863], [104.299593, -2.226869], [104.299682, -2.226869], [104.299768, -2.226874], [104.299966, -2.226871], [104.300114, -2.226869], [104.300198, -2.226867], [104.300286, -2.226869], [104.300374, -2.226869], [104.300464, -2.226875], [104.30055, -2.226874], [104.300635, -2.226875], [104.300718, -2.226876], [104.300806, -2.226876], [104.300902, -2.226879], [104.300988, -2.226879], [104.301079, -2.226882], [104.30117, -2.22688], [104.301252, -2.226881], [104.30133, -2.226887], [104.301465, -2.226882], [104.301476, -2.232647], [104.301436, -2.232632], [104.301401, -2.232611], [104.301378, -2.232597], [104.301351, -2.232574], [104.301311, -2.232551], [104.30127, -2.232531], [104.301168, -2.232496], [104.301077, -2.232459], [104.300968, -2.232423], [104.300898, -2.232396], [104.300787, -2.232352], [104.300723, -2.232321], [104.300591, -2.232251], [104.300509, -2.232224], [104.30039, -2.232161], [104.300337, -2.232131], [104.300286, -2.232113], [104.300219, -2.232084], [104.300155, -2.232057], [104.300136, -2.232046], [104.30009, -2.232003], [104.30006, -2.23196], [104.299888, -2.231725], [104.299842, -2.231659], [104.299812, -2.231614], [104.299757, -2.231557], [104.299708, -2.2315], [104.299658, -2.231444], [104.299608, -2.23139], [104.299564, -2.231339], [104.299533, -2.231309], [104.299478, -2.231299], [104.299431, -2.231297], [104.299382, -2.231295], [104.29932, -2.231293], [104.299242, -2.231292], [104.299151, -2.231295], [104.299062, -2.231296], [104.298914, -2.231302], [104.298813, -2.231304], [104.298734, -2.231305]]]]}},
{"type": "Feature", "properties": {"ba_code": "6922", "blockid": "J05P11", "division": "06"}, "geometry": {"type": "MultiPolygon", "coordinates": [[[[104.329506, -2.171829], [104.329504, -2.171829], [104.32886, -2.17183], [104.328804, -2.168007], [104.328764, -2.166424], [104.3287, -2.163831], [104.3287, -2.163826], [104.328737, -2.163849], [104.328739, -2.163864], [104.328749, -2.163976], [104.328772, -2.164143], [104.328788, -2.164406], [104.328789, -2.164406], [104.328806, -2.164729], [104.32882, -2.165003], [104.328819, -2.165002], [104.328836, -2.165205], [104.328837, -2.165205], [104.328877, -2.165757], [104.328918, -2.166413], [104.328984, -2.167325], [104.328986, -2.167324], [104.329037, -2.168075], [104.329049, -2.168246], [104.329049, -2.168245], [104.32905, -2.168337], [104.329051, -2.168336], [104.329061, -2.168533], [104.329064, -2.168595], [104.329064, -2.168594], [104.329083, -2.16881], [104.329085, -2.168967], [104.3291, -2.169118], [104.329101, -2.169118], [104.329117, -2.169289], [104.32913, -2.16964], [104.329226, -2.170169], [104.329275, -2.17049], [104.329331, -2.170819], [104.329359, -2.170959], [104.329402, -2.171214], [104.329425, -2.171356], [104.329425, -2.171355], [104.329463, -2.17157], [104.329506, -2.171829]]]]}},
{"type": "Feature", "properties": {"ba_code": "6922", "blockid": "I08P11", "division": "06"}, "geometry": {"type": "MultiPolygon", "coordinates": [[[[104.321584, -2.171811], [104.323997, -2.171866], [104.323993, -2.180889], [104.321574, -2.180869], [104.321584, -2.171811]]]]}},
{"type": "Feature", "properties": {"ba_code": "6922", "blockid": "H05P13", "division": "03"}, "geometry": {"type": "MultiPolygon", "coordinates": [[[[104.329036, -2.181057], [104.332442, -2.181088], [104.332455, -2.190344], [104.32917, -2.190267], [104.329036, -2.181057]]]]}},
{"type": "Feature", "properties": {"ba_code": "6922", "blockid": "C22P07", "division": "01"}, "geometry": {"type": "MultiPolygon", "coordinates": [[[[104.281821, -2.235748], [104.281924, -2.226683], [104.282045, -2.226681], [104.282175, -2.226685], [104.2822, -2.226684], [104.282304, -2.226682], [104.282396, -2.226685], [104.2825, -2.226689], [104.282608, -2.226687], [104.282728, -2.226688], [104.282834, -2.22669], [104.282943, -2.226692], [104.283046, -2.226692], [104.283145, -2.226692], [104.283242, -2.226695], [104.283339, -2.226696], [104.283444, -2.226699], [104.283566, -2.226701], [104.283665, -2.226702], [104.283759, -2.226701], [104.283861, -2.226704], [104.28397, -2.226707], [104.284068, -2.226708], [104.284162, -2.22671], [104.284279, -2.226706], [104.284382, -2.226708], [104.284474, -2.226712], [104.284627, -2.22671], [104.284487, -2.235532], [104.284451, -2.235543], [104.284374, -2.235579], [104.284323, -2.235596], [104.284253, -2.235614], [104.284158, -2.235644], [104.284073, -2.235666], [104.283991, -2.235694], [104.283911, -2.235722], [104.283876, -2.235733], [104.283746, -2.23577], [104.283648, -2.235773], [104.283523, -2.235777], [104.283413, -2.235777], [104.283295, -2.235776], [104.283183, -2.235776], [104.28297, -2.235773], [104.282852, -2.235772], [104.282739, -2.235769], [104.282636, -2.235768], [104.282449, -2.235761], [104.282333, -2.235761], [104.282223, -2.235756], [104.282116, -2.235752], [104.282001, -2.235748], [104.281886, -2.235749], [104.281821, -2.235748]]]]}},
{"type": "Feature", "properties": {"ba_code": "6922", "blockid": "H11P09", "division": "05"}, "geometry": {"type": "MultiPolygon", "coordinates": [[[[104.313027, -2.180923], [104.315891, -2.180947], [104.315828, -2.189983], [104.313016, -2.189894], [104.313027, -2.180923]]]]}},
{"type": "Feature", "properties": {"ba_code": "6922", "blockid": "I03P11", "division": "06"}, "geometry": {"type": "MultiPolygon", "coordinates": [[[[104.334018, -2.175589], [104.334205, -2.175341], [104.33486, -2.174476], [104.337, -2.172462], [104.337195, -2.180951], [104.33421, -2.180971], [104.334018, -2.175589]]]]}},
{"type": "Feature", "properties": {"ba_code": "6922", "blockid": "B16P12", "division": "05"}, "geometry": {"type": "MultiPolygon", "coordinates": [[[[104.298778, -2.232752], [104.301527, -2.232777], [104.301519, -2.233167], [104.301356, -2.233142], [104.301256, -2.233133], [104.301106, -2.233115], [104.300905, -2.233064], [104.300904, -2.233063], [104.300768, -2.233025], [104.300649, -2.233013], [104.300526, -2.233035], [104.300525, -2.233035], [104.300391, -2.233071], [104.300389, -2.233071], [104.300151, -2.233115], [104.299989, -2.233126], [104.299988, -2.233125], [104.299785, -2.233162], [104.299539, -2.233239], [104.299537, -2.233237], [104.299283, -2.233272], [104.299035, -2.233307], [104.299034, -2.233306], [104.298783, -2.233351], [104.298782, -2.233352], [104.298778, -2.232752]]]]}},
{"type": "Feature", "properties": {"ba_code": "6922", "blockid": "E15P07", "division": "04"}, "geometry": {"type": "MultiPolygon", "coordinates": [[[[104.301696, -2.208733], [104.304426, -2.208766], [104.304357, -2.217634], [104.301608, -2.217619], [104.301696, -2.208733]]]]}},
{"type": "Feature", "properties": {"ba_code": "6922", "blockid": "C14P09", "division": "01"}, "geometry": {"type": "MultiPolygon", "coordinates": [[[[104.307115, -2.234122], [104.307104, -2.235014], [104.307026, -2.234978], [104.306959, -2.234953], [104.306897, -2.234927], [104.30683, -2.234902], [104.306723, -2.234865], [104.306649, -2.234834], [104.306596, -2.234811], [104.306543, -2.234791], [104.306484, -2.234759], [104.306439, -2.234744], [104.306388, -2.234724], [104.306325, -2.234694], [104.306273, -2.234673], [104.306201, -2.234638], [104.306115, -2.234599], [104.306064, -2.234574], [104.306001, -2.234551], [104.305901, -2.234512], [104.305817, -2.234479], [104.305729, -2.234445], [104.305642, -2.234411], [104.305564, -2.23438], [104.305494, -2.234352], [104.305423, -2.234332], [104.305385, -2.234312], [104.305327, -2.23429], [104.305262, -2.234263], [104.305199, -2.234225], [104.305134, -2.234194], [104.305062, -2.234164], [104.304996, -2.234135], [104.30493, -2.234108], [104.304858, -2.234084], [104.304795, -2.234063], [104.304726, -2.23404], [104.304669, -2.234021], [104.304605, -2.233992], [104.304557, -2.23397], [104.304511, -2.233957], [104.304461, -2.233936], [104.30439, -2.233913], [104.304297, -2.233874], [104.304233, -2.233853], [104.304245, -2.23311], [104.304343, -2.226911], [104.304354, -2.226911], [104.304425, -2.226907], [104.304485, -2.226908], [104.304564, -2.226909], [104.304658, -2.226917], [104.304754, -2.226904], [104.304865, -2.226903], [104.304978, -2.226904], [104.305059, -2.226903], [104.305157, -2.226906], [104.305339, -2.226918], [104.305436, -2.226917], [104.305529, -2.226918], [104.305632, -2.226919], [104.30573, -2.226921], [104.305828, -2.226922], [104.305919, -2.226925], [104.306004, -2.226928], [104.306103, -2.226932], [104.306203, -2.226934], [104.306301, -2.226938], [104.3064, -2.22694], [104.306505, -2.22694], [104.30661, -2.226935], [104.306704, -2.226936], [104.306804, -2.226938], [104.30689, -2.22694], [104.306985, -2.226943], [104.30707, -2.226947], [104.307206, -2.22694], [104.307115, -2.234122]]]]}},
{"type": "Feature", "properties": {"ba_code": "6922", "blockid": "B11P06", "division": "01"}, "geometry": {"type": "MultiPolygon", "coordinates": [[[[104.312747, -2.236164], [104.312753, -2.236164], [104.314044, -2.236179], [104.315422, -2.236202], [104.315443, -2.236202], [104.315393, -2.239227], [104.312759, -2.237622], [104.312755, -2.23762], [104.312747, -2.236164]]]]}},
{"type": "Feature", "properties": {"ba_code": "6922", "blockid": "H04P13", "division": "03"}, "geometry": {"type": "MultiPolygon", "coordinates": [[[[104.332536, -2.181088], [104.334115, -2.181097], [104.334381, -2.190424], [104.33255, -2.190344], [104.332536, -2.181088]]]]}},
{"type": "Feature", "properties": {"ba_code": "6922", "blockid": "B14P11", "division": "05"}, "geometry": {"type": "MultiPolygon", "coordinates": [[[[104.307093, -2.235787], [104.307093, -2.235841], [104.306963, -2.235717], [104.306916, -2.235691], [104.306768, -2.235688], [104.306667, -2.235676], [104.306665, -2.235676], [104.306657, -2.23567], [104.306648, -2.235664], [104.306639, -2.23566], [104.306627, -2.235656], [104.306616, -2.23565], [104.306606, -2.235644], [104.306597, -2.235641], [104.306586, -2.235636], [104.306575, -2.235631], [104.306564, -2.235626], [104.306554, -2.235621], [104.306543, -2.235615], [104.306532, -2.235608], [104.306524, -2.235603], [104.306513, -2.2356], [104.306502, -2.235595], [104.306491, -2.23559], [104.306481, -2.235583], [104.30647, -2.235576], [104.306462, -2.235572], [104.306451, -2.235568], [104.306441, -2.235565], [104.30643, -2.235562], [104.306418, -2.23556], [104.306406, -2.235557], [104.306396, -2.235554], [104.306383, -2.235553], [104.30637, -2.235552], [104.306359, -2.235549], [104.306347, -2.235548], [104.306334, -2.235547], [104.306322, -2.235546], [104.306311, -2.235546], [104.306298, -2.235545], [104.306286, -2.235544], [104.306275, -2.235543], [104.306264, -2.235544], [104.306252, -2.235545], [104.30624, -2.235545], [104.306228, -2.235546], [104.306216, -2.235543], [104.306205, -2.235541], [104.306195, -2.235541], [104.306185, -2.235539], [104.306174, -2.235535], [104.306163, -2.235532], [104.306153, -2.23553], [104.306143, -2.235525], [104.306132, -2.23552], [104.306123, -2.235512], [104.306114, -2.235505], [104.306104, -2.235497], [104.306095, -2.235488], [104.306088, -2.235479], [104.306081, -2.235471], [104.306072, -2.235461], [104.306063, -2.235452], [104.306055, -2.235443], [104.306047, -2.235432], [104.306039, -2.235423], [104.306034, -2.235414], [104.306027, -2.235406], [104.306019, -2.235398], [104.306012, -2.235389], [104.306003, -2.235381], [104.305995, -2.235371], [104.305989, -2.235361], [104.305981, -2.23535], [104.305972, -2.235339], [104.305965, -2.235328], [104.305958, -2.235319], [104.305952, -2.23531], [104.305946, -2.235302], [104.305939, -2.235294], [104.305932, -2.235285], [104.305926, -2.235278], [104.305921, -2.235271], [104.30592, -2.235269], [104.305875, -2.235221], [104.305867, -2.235213], [104.30586, -2.235204], [104.305851, -2.235196], [104.305842, -2.23519], [104.305831, -2.235182], [104.305822, -2.235175], [104.305813, -2.235169], [104.305803, -2.23516], [104.305793, -2.235152], [104.305782, -2.235143], [104.305774, -2.235136], [104.305764, -2.23513], [104.305754, -2.235122], [104.305745, -2.235115], [104.305734, -2.235108], [104.305721, -2.2351], [104.305711, -2.235093], [104.305702, -2.235085], [104.305693, -2.235078], [104.305682, -2.235069], [104.305671, -2.235061], [104.305661, -2.235053], [104.305653, -2.235047], [104.305646, -2.235042], [104.305636, -2.235038], [104.305625, -2.235032], [104.305613, -2.235024], [104.305603, -2.235017], [104.305593, -2.235012], [104.305583, -2.235006], [104.305572, -2.235], [104.305561, -2.234994], [104.305551, -2.234988], [104.305542, -2.234982], [104.30553, -2.234976], [104.305518, -2.23497], [104.305508, -2.234965], [104.305496, -2.23496], [104.305485, -2.234955], [104.305474, -2.23495], [104.305462, -2.234945], [104.30545, -2.23494], [104.305439, -2.234937], [104.305426, -2.234931], [104.305415, -2.234927], [104.305404, -2.234921], [104.305391, -2.234918], [104.305379, -2.234915], [104.305366, -2.234912], [104.305354, -2.23491], [104.305341, -2.234909], [104.305328, -2.234907], [104.305316, -2.234905], [104.305303, -2.234903], [104.305291, -2.234901], [104.30528, -2.234901], [104.305268, -2.2349], [104.305258, -2.2349], [104.305247, -2.2349], [104.305234, -2.234899], [104.305223, -2.234898], [104.30521, -2.234897], [104.305198, -2.234896], [104.305187, -2.234895], [104.305176, -2.234896], [104.305165, -2.234894], [104.305154, -2.234895], [104.305143, -2.234894], [104.305132, -2.234892], [104.305121, -2.234891], [104.305109, -2.234891], [104.305098, -2.234891], [104.305087, -2.23489], [104.305076, -2.234889], [104.305066, -2.234887], [104.305055, -2.234887], [104.305043, -2.234888], [104.305029, -2.234889], [104.305017, -2.234888], [104.305005, -2.234886], [104.304994, -2.234885], [104.304982, -2.234882], [104.30497, -2.23488], [104.304959, -2.234878], [104.304948, -2.234874], [104.304936, -2.23487], [104.304924, -2.234865], [104.304911, -2.234861], [104.3049, -2.234856], [104.304891, -2.234848], [104.304881, -2.23484], [104.304872, -2.234833], [104.304863, -2.234826], [104.304852, -2.234818], [104.304843, -2.234809], [104.304835, -2.234801], [104.304826, -2.234793], [104.304818, -2.234786], [104.30481, -2.234778], [104.304802, -2.23477], [104.304793, -2.234762], [104.304784, -2.234754], [104.304776, -2.234747], [104.304767, -2.234739], [104.304759, -2.23473], [104.30475, -2.234723], [104.304741, -2.234715], [104.304732, -2.234706], [104.304722, -2.234697], [104.304714, -2.23469], [104.304705, -2.234683], [104.304695, -2.234674], [104.304685, -2.234664], [104.304677, -2.234656], [104.304668, -2.234648], [104.30466, -2.23464], [104.30465, -2.234632], [104.30464, -2.234624], [104.30463, -2.234615], [104.304621, -2.234609], [104.304611, -2.2346], [104.304601, -2.234592], [104.304591, -2.234585], [104.30458, -2.234579], [104.304569, -2.234572], [104.304559, -2.234565], [104.304549, -2.234557], [104.304538, -2.234551], [104.304526, -2.234543], [104.304515, -2.234537], [104.304506, -2.23453], [104.304496, -2.234523], [104.304486, -2.234518], [104.304478, -2.234513], [104.304474, -2.234511], [104.304399, -2.234468], [104.304231, -2.234369], [104.304259, -2.233951], [104.307091, -2.235083], [104.307093, -2.235787]]]]}},
{"type": "Feature", "properties": {"ba_code": "6922", "blockid": "I07P11", "division": "06"}, "geometry": {"type": "MultiPolygon", "coordinates": [[[[104.324091, -2.171866], [104.326345, -2.171902], [104.326414, -2.180905], [104.324088, -2.180889], [104.324091, -2.171866]]]]}},
{"type": "Feature", "properties": {"ba_code": "6922", "blockid": "D04P07", "division": "02"}, "geometry": {"type": "MultiPolygon", "coordinates": [[[[104.332488, -2.217961], [104.334973, -2.217981], [104.335064, -2.227059], [104.332423, -2.227024], [104.332488, -2.217961]]]]}},
{"type": "Feature", "properties": {"ba_code": "6922", "blockid": "K08P11", "division": "06"}, "geometry": {"type": "MultiPolygon", "coordinates": [[[[104.323946, -2.161867], [104.323946, -2.16227], [104.321475, -2.162251], [104.32146, -2.161593], [104.321563, -2.16161], [104.321718, -2.161645], [104.321948, -2.161693], [104.32216, -2.161732], [104.322414, -2.161766], [104.322654, -2.161799], [104.322846, -2.161815], [104.323095, -2.161828], [104.323251, -2.161839], [104.323467, -2.161846], [104.323719, -2.161853], [104.323946, -2.161867]]]]}},
{"type": "Feature", "properties": {"ba_code": "6922", "blockid": "E14P07", "division": "04"}, "geometry": {"type": "MultiPolygon", "coordinates": [[[[104.30452, -2.208766], [104.307434, -2.208804], [104.307324, -2.217659], [104.304451, -2.217634], [104.30452, -2.208766]]]]}},
{"type": "Feature", "properties": {"ba_code": "6922", "blockid": "F11P09", "division": "04"}, "geometry": {"type": "MultiPolygon", "coordinates": [[[[104.31297, -2.199567], [104.315786, -2.199542], [104.315705, -2.208782], [104.312927, -2.208751], [104.31297, -2.199567]]]]}},
{"type": "Feature", "properties": {"ba_code": "6922", "blockid": "D11P06", "division": "01"}, "geometry": {"type": "MultiPolygon", "coordinates": [[[[104.312869, -2.217838], [104.315621, -2.217871], [104.315601, -2.217871], [104.315527, -2.226919], [104.315297, -2.226913], [104.315061, -2.226899], [104.31483, -2.226884], [104.314659, -2.226885], [104.314501, -2.226889], [104.314335, -2.226884], [104.314139, -2.226882], [104.313943, -2.22687], [104.313767, -2.22687], [104.313291, -2.226851], [104.312769, -2.226872], [104.312869, -2.217838]]]]}},
{"type": "Feature", "properties": {"ba_code": "6922", "blockid": "B22P12", "division": "05"}, "geometry": {"type": "MultiPolygon", "coordinates": [[[[104.284507, -2.237646], [104.284507, -2.237662], [104.284504, -2.237662], [104.284494, -2.237662], [104.28448, -2.237664], [104.284469, -2.237666], [104.284459, -2.237669], [104.284449, -2.23767], [104.284435, -2.237669], [104.284423, -2.23767], [104.284411, -2.23767], [104.2844, -2.237669], [104.284388, -2.237669], [104.284377, -2.237669], [104.284366, -2.23767], [104.284355, -2.237671], [104.284344, -2.237669], [104.284333, -2.237669], [104.284322, -2.237669], [104.28431, -2.237669], [104.284298, -2.237667], [104.284286, -2.237667], [104.284274, -2.237666], [104.284264, -2.237665], [104.284252, -2.237664], [104.28424, -2.237664], [104.284229, -2.237663], [104.284218, -2.237663], [104.284207, -2.237662], [104.284197, -2.237662], [104.284185, -2.237661], [104.284174, -2.237661], [104.284163, -2.237662], [104.284152, -2.237663], [104.284141, -2.237663], [104.28413, -2.237664], [104.284121, -2.237665], [104.284113, -2.237666], [104.284104, -2.237664], [104.284092, -2.237664], [104.284081, -2.237662], [104.284072, -2.23766], [104.284064, -2.237661], [104.284054, -2.237661], [104.284044, -2.237662], [104.284033, -2.237664], [104.284022, -2.237665], [104.284011, -2.237666], [104.284, -2.237668], [104.28399, -2.237669], [104.283978, -2.237668], [104.283967, -2.237669], [104.283956, -2.237671], [104.283944, -2.237673], [104.283934, -2.237674], [104.283924, -2.237675], [104.283911, -2.237675], [104.283897, -2.237675], [104.283886, -2.237677], [104.283875, -2.237678], [104.283865, -2.23768], [104.283853, -2.237679], [104.283842, -2.237681], [104.28383, -2.237681], [104.28382, -2.237681], [104.283808, -2.237682], [104.283797, -2.237682], [104.283786, -2.237683], [104.283774, -2.237683], [104.283764, -2.237682], [104.283752, -2.237682], [104.283741, -2.237681], [104.283729, -2.23768], [104.283718, -2.23768], [104.283706, -2.237681], [104.283696, -2.237679], [104.283685, -2.237676], [104.283674, -2.237674], [104.283662, -2.237674], [104.283653, -2.237673], [104.283641, -2.237672], [104.283629, -2.237671], [104.283618, -2.237671], [104.283605, -2.237669], [104.283593, -2.237669], [104.283582, -2.237668], [104.283572, -2.237667], [104.28356, -2.237665], [104.283548, -2.237664], [104.283534, -2.237662], [104.283522, -2.237661], [104.28351, -2.237661], [104.283498, -2.237661], [104.283486, -2.23766], [104.283475, -2.237659], [104.283464, -2.237659], [104.283453, -2.237657], [104.283442, -2.237657], [104.283429, -2.237658], [104.283418, -2.237658], [104.283406, -2.237658], [104.283395, -2.237658], [104.283383, -2.237658], [104.283371, -2.237658], [104.283359, -2.237657], [104.283348, -2.237656], [104.283334, -2.237656], [104.283322, -2.237657], [104.283312, -2.237658], [104.283299, -2.237657], [104.283289, -2.237658], [104.28328, -2.237659], [104.283268, -2.237659], [104.283257, -2.237659], [104.283245, -2.237658], [104.283233, -2.237658], [104.283224, -2.237658], [104.283213, -2.237656], [104.283203, -2.237656], [104.283191, -2.237656], [104.283178, -2.237655], [104.283165, -2.237656], [104.283153, -2.237656], [104.283141, -2.237655], [104.283129, -2.237654], [104.283118, -2.237654], [104.283108, -2.237654], [104.283096, -2.237654], [104.283084, -2.237654], [104.283074, -2.237655], [104.283064, -2.237655], [104.283052, -2.237655], [104.283041, -2.237654], [104.283028, -2.237653], [104.283016, -2.237653], [104.283004, -2.237652], [104.282991, -2.237652], [104.28298, -2.237653], [104.282969, -2.237655], [104.282958, -2.237655], [104.282947, -2.237655], [104.282935, -2.237654], [104.282923, -2.237656], [104.282911, -2.237655], [104.282898, -2.237655], [104.282886, -2.237654], [104.282875, -2.237654], [104.282863, -2.237654], [104.282851, -2.237654], [104.28284, -2.237654], [104.282829, -2.237657], [104.282818, -2.237657], [104.282807, -2.237656], [104.282795, -2.237656], [104.282784, -2.237656], [104.282772, -2.237656], [104.28276, -2.237657], [104.282749, -2.237658], [104.282737, -2.23766], [104.282724, -2.23766], [104.282714, -2.237659], [104.282703, -2.237658], [104.282691, -2.237657], [104.282679, -2.237657], [104.282667, -2.237657], [104.282653, -2.237657], [104.282641, -2.237658], [104.28263, -2.237659], [104.282618, -2.23766], [104.282605, -2.23766], [104.282593, -2.23766], [104.282582, -2.23766], [104.282569, -2.237661], [104.282556, -2.237661], [104.282545, -2.237662], [104.282533, -2.237661], [104.28252, -2.237662], [104.282508, -2.237663], [104.282496, -2.237663], [104.282482, -2.237662], [104.282469, -2.237664], [104.282458, -2.237665], [104.282448, -2.237666], [104.282437, -2.237666], [104.282427, -2.237668], [104.282422, -2.237668], [104.282158, -2.23768], [104.282159, -2.237679], [104.281818, -2.237703], [104.281818, -2.23759], [104.281819, -2.237283], [104.281819, -2.237225], [104.281819, -2.23718], [104.281819, -2.236912], [104.28227, -2.236912], [104.284505, -2.236912], [104.284506, -2.23718], [104.284506, -2.237225], [104.284506, -2.237283], [104.284507, -2.237646]]]]}},
{"type": "Feature", "properties": {"ba_code": "6922", "blockid": "D22P10", "division": "01"}, "geometry": {"type": "MultiPolygon", "coordinates": [[[[104.281925, -2.226559], [104.281998, -2.217627], [104.282019, -2.217627], [104.282023, -2.217627], [104.282201, -2.217631], [104.282293, -2.217635], [104.282391, -2.217635], [104.282496, -2.217639], [104.282595, -2.21764], [104.282693, -2.217638], [104.282787, -2.217639], [104.282878, -2.217639], [104.282965, -2.217642], [104.283068, -2.217639], [104.283173, -2.217637], [104.283282, -2.217637], [104.283381, -2.21763], [104.283487, -2.217633], [104.283595, -2.217634], [104.283711, -2.217638], [104.283819, -2.217636], [104.283932, -2.217637], [104.284039, -2.217636], [104.284144, -2.217638], [104.284251, -2.217638], [104.284355, -2.21764], [104.284457, -2.217639], [104.284553, -2.21764], [104.284647, -2.217644], [104.284735, -2.217647], [104.284775, -2.217646], [104.284637, -2.226072], [104.284628, -2.226586], [104.284467, -2.226588], [104.284386, -2.226584], [104.284283, -2.226582], [104.284223, -2.226584], [104.283968, -2.226583], [104.283865, -2.22658], [104.283763, -2.226577], [104.283669, -2.226578], [104.28357, -2.226577], [104.283448, -2.226575], [104.283343, -2.226572], [104.283246, -2.226571], [104.283149, -2.226568], [104.28305, -2.226568], [104.282947, -2.226568], [104.282838, -2.226566], [104.282732, -2.226564], [104.282612, -2.226563], [104.282504, -2.226565], [104.2824, -2.226561], [104.282308, -2.226558], [104.282204, -2.22656], [104.282179, -2.226561], [104.282049, -2.226557], [104.281925, -2.226559]]]]}},
{"type": "Feature", "properties": {"ba_code": "6922", "blockid": "I11P10", "division": "06"}, "geometry": {"type": "MultiPolygon", "coordinates": [[[[104.313041, -2.171641], [104.315926, -2.171697], [104.31589, -2.180821], [104.313028, -2.180797], [104.313041, -2.171641]]]]}},
{"type": "Feature", "properties": {"ba_code": "6922", "blockid": "F18P12", "division": "04"}, "geometry": {"type": "MultiPolygon", "coordinates": [[[[104.293718, -2.199638], [104.29585, -2.199646], [104.295876, -2.208534], [104.293534, -2.208503], [104.293718, -2.199638]]]]}},
{"type": "Feature", "properties": {"ba_code": "6922", "blockid": "C25P12", "division": "05"}, "geometry": {"type": "MultiPolygon", "coordinates": [[[[104.274521, -2.229818], [104.274521, -2.229816], [104.274521, -2.229812], [104.274701, -2.226679], [104.274729, -2.226626], [104.275684, -2.226636], [104.276083, -2.22664], [104.276083, -2.227943], [104.276078, -2.230106], [104.276083, -2.23309], [104.276088, -2.23562], [104.275494, -2.235592], [104.27447, -2.23556], [104.274473, -2.235553], [104.274473, -2.235552], [104.274477, -2.235542], [104.274478, -2.235539], [104.274481, -2.235529], [104.274484, -2.235519], [104.274485, -2.235515], [104.274487, -2.235507], [104.27449, -2.235496], [104.274491, -2.235495], [104.274494, -2.235485], [104.274494, -2.235483], [104.274496, -2.235472], [104.274496, -2.23547], [104.274497, -2.235459], [104.274499, -2.235448], [104.2745, -2.235444], [104.2745, -2.235433], [104.2745, -2.235422], [104.274501, -2.235411], [104.274501, -2.235407], [104.274501, -2.235395], [104.274501, -2.235383], [104.274501, -2.235371], [104.274501, -2.235359], [104.274501, -2.235355], [104.274501, -2.235344], [104.274501, -2.235334], [104.2745, -2.235332], [104.2745, -2.235321], [104.2745, -2.23531], [104.2745, -2.235298], [104.2745, -2.235285], [104.2745, -2.235273], [104.274499, -2.235271], [104.274499, -2.23526], [104.274499, -2.235249], [104.274499, -2.235239], [104.274499, -2.235228], [104.274499, -2.235217], [104.274499, -2.235207], [104.2745, -2.235195], [104.274501, -2.235193], [104.274501, -2.23518], [104.2745, -2.235178], [104.2745, -2.23517], [104.2745, -2.235161], [104.2745, -2.235149], [104.274501, -2.235137], [104.274502, -2.235135], [104.274502, -2.235125], [104.274502, -2.235114], [104.274503, -2.235112], [104.274503, -2.235101], [104.274503, -2.235094], [104.274505, -2.235083], [104.274506, -2.235079], [104.274506, -2.235067], [104.274506, -2.235055], [104.274506, -2.235043], [104.274506, -2.235032], [104.274506, -2.235022], [104.274507, -2.23502], [104.274507, -2.23501], [104.274507, -2.235], [104.274508, -2.234988], [104.274509, -2.234976], [104.27451, -2.234964], [104.274511, -2.234962], [104.274511, -2.234951], [104.27451, -2.234949], [104.27451, -2.234938], [104.27451, -2.234929], [104.27451, -2.234919], [104.274511, -2.234908], [104.274512, -2.234897], [104.274513, -2.234895], [104.274513, -2.234883], [104.274513, -2.234872], [104.274512, -2.23487], [104.274512, -2.23486], [104.274512, -2.234851], [104.274512, -2.234841], [104.274513, -2.234833], [104.274514, -2.234829], [104.274514, -2.234818], [104.274513, -2.234816], [104.274512, -2.234805], [104.274511, -2.234794], [104.274511, -2.234783], [104.274511, -2.234773], [104.27451, -2.234771], [104.27451, -2.23476], [104.27451, -2.234752], [104.27451, -2.234742], [104.27451, -2.234734], [104.27451, -2.234725], [104.27451, -2.234714], [104.27451, -2.234704], [104.27451, -2.234695], [104.274511, -2.234693], [104.274511, -2.234681], [104.274511, -2.23467], [104.27451, -2.234668], [104.27451, -2.234658], [104.27451, -2.234649], [104.27451, -2.234638], [104.27451, -2.234629], [104.274512, -2.234618], [104.274514, -2.234607], [104.274515, -2.234603], [104.274515, -2.234591], [104.274515, -2.23458], [104.274515, -2.234569], [104.274514, -2.234567], [104.274514, -2.234558], [104.274514, -2.23455], [104.274514, -2.234546], [104.274504, -2.234399], [104.274504, -2.234389], [104.274503, -2.234387], [104.274502, -2.234376], [104.274501, -2.234364], [104.274501, -2.234363], [104.2745, -2.234351], [104.2745, -2.234342], [104.2745, -2.234332], [104.2745, -2.234322], [104.274502, -2.234311], [104.274503, -2.234307], [104.274503, -2.234296], [104.274502, -2.234294], [104.274501, -2.234282], [104.2745, -2.234271], [104.2745, -2.234261], [104.2745, -2.234251], [104.2745, -2.234238], [104.2745, -2.234228], [104.2745, -2.234217], [104.274501, -2.234205], [104.274501, -2.234201], [104.2745, -2.234189], [104.2745, -2.23418], [104.2745, -2.23417], [104.274501, -2.234168], [104.274501, -2.234157], [104.2745, -2.234155], [104.2745, -2.234145], [104.2745, -2.234135], [104.274499, -2.234133], [104.274498, -2.234121], [104.274498, -2.234111], [104.274498, -2.234103], [104.274499, -2.234101], [104.274499, -2.23409], [104.274499, -2.23408], [104.274499, -2.234069], [104.2745, -2.234067], [104.2745, -2.234056], [104.2745, -2.234045], [104.2745, -2.234033], [104.2745, -2.234023], [104.274499, -2.234021], [104.274498, -2.234011], [104.274498, -2.234], [104.274498, -2.23399], [104.274498, -2.233978], [104.274497, -2.233976], [104.274497, -2.233965], [104.274497, -2.233955], [104.274496, -2.233953], [104.274495, -2.233942], [104.274495, -2.233933], [104.274495, -2.233924], [104.274496, -2.233914], [104.274496, -2.233912], [104.274497, -2.233836], [104.274498, -2.233836], [104.274498, -2.233827], [104.274498, -2.233815], [104.274497, -2.233811], [104.274495, -2.233802], [104.274495, -2.233792], [104.274495, -2.233781], [104.274494, -2.233779], [104.274494, -2.233768], [104.274494, -2.233759], [104.274495, -2.233757], [104.274495, -2.233746], [104.274495, -2.233735], [104.274494, -2.233733], [104.274493, -2.233721], [104.274493, -2.23372], [104.274491, -2.233707], [104.27449, -2.233696], [104.27449, -2.233695], [104.274488, -2.233682], [104.274488, -2.233673], [104.274488, -2.233663], [104.274489, -2.233651], [104.27449, -2.233649], [104.27449, -2.233638], [104.274489, -2.233636], [104.274488, -2.233624], [104.274487, -2.233613], [104.274487, -2.233602], [104.274487, -2.233591], [104.274487, -2.233581], [104.274487, -2.23357], [104.274487, -2.233566], [104.274487, -2.233556], [104.274487, -2.233546], [104.274487, -2.233542], [104.274487, -2.233531], [104.274487, -2.23352], [104.274486, -2.233518], [104.274486, -2.233508], [104.274486, -2.233497], [104.274486, -2.233487], [104.274486, -2.233477], [104.274487, -2.233475], [104.274487, -2.233463], [104.274489, -2.233191], [104.27449, -2.233191], [104.27449, -2.233181], [104.27449, -2.233169], [104.27449, -2.233157], [104.274489, -2.233155], [104.274489, -2.233146], [104.27449, -2.233137], [104.274491, -2.233133], [104.274491, -2.233121], [104.274491, -2.233109], [104.274491, -2.233097], [104.27449, -2.233095], [104.27449, -2.233084], [104.27449, -2.233074], [104.27449, -2.233062], [104.27449, -2.23305], [104.274489, -2.233048], [104.274489, -2.233037], [104.274489, -2.233025], [104.274489, -2.233014], [104.274489, -2.233001], [104.274488, -2.232999], [104.274488, -2.232989], [104.274488, -2.232977], [104.274487, -2.232975], [104.274486, -2.232964], [104.274486, -2.232953], [104.274486, -2.232942], [104.274486, -2.23293], [104.274486, -2.232918], [104.274486, -2.232906], [104.274486, -2.232895], [104.274486, -2.232883], [104.274485, -2.232881], [104.274485, -2.232869], [104.274485, -2.232858], [104.274484, -2.232856], [104.274484, -2.232846], [104.274484, -2.232834], [104.274484, -2.232823], [104.274483, -2.232821], [104.274483, -2.232811], [104.274483, -2.2328], [104.274483, -2.232789], [104.274482, -2.232787], [104.274482, -2.232776], [104.274482, -2.232767], [104.274482, -2.232755], [104.274482, -2.232743], [104.274482, -2.232732], [104.274481, -2.23273], [104.27448, -2.232718], [104.27448, -2.232707], [104.27448, -2.232697], [104.274481, -2.232695], [104.274481, -2.232685], [104.274481, -2.232672], [104.274481, -2.232661], [104.274481, -2.232649], [104.27448, -2.232647], [104.274479, -2.232636], [104.274479, -2.232634], [104.274478, -2.232624], [104.274478, -2.232614], [104.274478, -2.232602], [104.274477, -2.2326], [104.274477, -2.232591], [104.274477, -2.23258], [104.274476, -2.232578], [104.274476, -2.232567], [104.274476, -2.232556], [104.274475, -2.232554], [104.274474, -2.232543], [104.274474, -2.232532], [104.274474, -2.232522], [104.274474, -2.23251], [104.274474, -2.232499], [104.274474, -2.232487], [104.274473, -2.232485], [104.274472, -2.232472], [104.274472, -2.232463], [104.274472, -2.232454], [104.274473, -2.232452], [104.274473, -2.232441], [104.274473, -2.23243], [104.274473, -2.232419], [104.274473, -2.232407], [104.274472, -2.232403], [104.274471, -2.232395], [104.274472, -2.232389], [104.274474, -2.232379], [104.274474, -2.232377], [104.274475, -2.232364], [104.274475, -2.23236], [104.274475, -2.23235], [104.274475, -2.232341], [104.274476, -2.232329], [104.274476, -2.232325], [104.274475, -2.232313], [104.274474, -2.232302], [104.274473, -2.232291], [104.274472, -2.232279], [104.274472, -2.232277], [104.27447, -2.232266], [104.274468, -2.232255], [104.274468, -2.232246], [104.274468, -2.232236], [104.274467, -2.232235], [104.274464, -2.232084], [104.274464, -2.232073], [104.274463, -2.232071], [104.274462, -2.23206], [104.274462, -2.232049], [104.274462, -2.232038], [104.274462, -2.232026], [104.274462, -2.232015], [104.274463, -2.232013], [104.274463, -2.232002], [104.274463, -2.231991], [104.274462, -2.231989], [104.274462, -2.231978], [104.274462, -2.231968], [104.274461, -2.231966], [104.27446, -2.231954], [104.274459, -2.231942], [104.274459, -2.231932], [104.274459, -2.231921], [104.274458, -2.231919], [104.274457, -2.231909], [104.274457, -2.2319], [104.274457, -2.231891], [104.274457, -2.231881], [104.274458, -2.231879], [104.274458, -2.231867], [104.274458, -2.231855], [104.274458, -2.231845], [104.274458, -2.231835], [104.274459, -2.231833], [104.274459, -2.231821], [104.274458, -2.231819], [104.274458, -2.231809], [104.274458, -2.231799], [104.274457, -2.231797], [104.274456, -2.231786], [104.274455, -2.231775], [104.274455, -2.231764], [104.274455, -2.231754], [104.274455, -2.231745], [104.274456, -2.231743], [104.274456, -2.231729], [104.274455, -2.231727], [104.274454, -2.231713], [104.274454, -2.23171], [104.274452, -2.231699], [104.274452, -2.231691], [104.27445, -2.231684], [104.274449, -2.231678], [104.274449, -2.231672], [104.274451, -2.231664], [104.274452, -2.231658], [104.274452, -2.23165], [104.274451, -2.231648], [104.274451, -2.231641], [104.274451, -2.231632], [104.274451, -2.231628], [104.274451, -2.231617], [104.274451, -2.231607], [104.274451, -2.231597], [104.274451, -2.231586], [104.27445, -2.231584], [104.27445, -2.231574], [104.27445, -2.231564], [104.274449, -2.231562], [104.274448, -2.231551], [104.274444, -2.231458], [104.274444, -2.231448], [104.274444, -2.231438], [104.274444, -2.231427], [104.274443, -2.231425], [104.274442, -2.231413], [104.274441, -2.231401], [104.27444, -2.23139], [104.27444, -2.231381], [104.27444, -2.231373], [104.27444, -2.231369], [104.27444, -2.231358], [104.27444, -2.231347], [104.27444, -2.231336], [104.27444, -2.231324], [104.274439, -2.231322], [104.274439, -2.231312], [104.274439, -2.231301], [104.274439, -2.23129], [104.274438, -2.231288], [104.274437, -2.231276], [104.274437, -2.231265], [104.274437, -2.231254], [104.274436, -2.231252], [104.274435, -2.231241], [104.274435, -2.231232], [104.274435, -2.231224], [104.274436, -2.231222], [104.274436, -2.23121], [104.274436, -2.231198], [104.274436, -2.231187], [104.274436, -2.231176], [104.274436, -2.231166], [104.274436, -2.231155], [104.274436, -2.231145], [104.274437, -2.231143], [104.274437, -2.231132], [104.274436, -2.23113], [104.274435, -2.231118], [104.274435, -2.231109], [104.274435, -2.231101], [104.274436, -2.231099], [104.274436, -2.231089], [104.274436, -2.231079], [104.274437, -2.231077], [104.274437, -2.231067], [104.274437, -2.231057], [104.274439, -2.231047], [104.27444, -2.231043], [104.27444, -2.231031], [104.27444, -2.231023], [104.274441, -2.231014], [104.274443, -2.231003], [104.274446, -2.230994], [104.274446, -2.230992], [104.274448, -2.230981], [104.274448, -2.230979], [104.274449, -2.230968], [104.27445, -2.230957], [104.274451, -2.230946], [104.274452, -2.230944], [104.274452, -2.230934], [104.274452, -2.230925], [104.274454, -2.230915], [104.274456, -2.230904], [104.274456, -2.230902], [104.274457, -2.23089], [104.274458, -2.23088], [104.274459, -2.230878], [104.274459, -2.230867], [104.274459, -2.230859], [104.274461, -2.230849], [104.274461, -2.230847], [104.274462, -2.230835], [104.274463, -2.230833], [104.274463, -2.230823], [104.274463, -2.230814], [104.274464, -2.230803], [104.274465, -2.230793], [104.274466, -2.230784], [104.274469, -2.230775], [104.27447, -2.230769], [104.27447, -2.230758], [104.27447, -2.230748], [104.274471, -2.230737], [104.274472, -2.230735], [104.274472, -2.230727], [104.274473, -2.230719], [104.274473, -2.230717], [104.274474, -2.230706], [104.274475, -2.230695], [104.274476, -2.230684], [104.274498, -2.230413], [104.2745, -2.230404], [104.274503, -2.230387], [104.274503, -2.230385], [104.274546, -2.229825], [104.274546, -2.229818], [104.274521, -2.229818]]], [[[104.27442, -2.233836], [104.274425, -2.234474], [104.274418, -2.235559], [104.274216, -2.235555], [104.274213, -2.235555], [104.274185, -2.235472], [104.274064, -2.235162], [104.273958, -2.234906], [104.273852, -2.234672], [104.273724, -2.234444], [104.273636, -2.234317], [104.273541, -2.234168], [104.27326, -2.233876], [104.273257, -2.233872], [104.273253, -2.233864], [104.273246, -2.233852], [104.27324, -2.233843], [104.273234, -2.233834], [104.273228, -2.233824], [104.273222, -2.233815], [104.273214, -2.233807], [104.273206, -2.233797], [104.273197, -2.23379], [104.27319, -2.233782], [104.273182, -2.233774], [104.273175, -2.233767], [104.273167, -2.233756], [104.27316, -2.233748], [104.273152, -2.23374], [104.273145, -2.23373], [104.273137, -2.233721], [104.273129, -2.233712], [104.273122, -2.233705], [104.273115, -2.233697], [104.273106, -2.233688], [104.273099, -2.233679], [104.273092, -2.23367], [104.273085, -2.23366], [104.27308, -2.233649], [104.273074, -2.23364], [104.27307, -2.23363], [104.273065, -2.233618], [104.27306, -2.233607], [104.273055, -2.233596], [104.273051, -2.233586], [104.273048, -2.233575], [104.273044, -2.233565], [104.273039, -2.233554], [104.273036, -2.233543], [104.273033, -2.233534], [104.27303, -2.233523], [104.273027, -2.233512], [104.273024, -2.2335], [104.273021, -2.233489], [104.273019, -2.233476], [104.273016, -2.233464], [104.273013, -2.233451], [104.273012, -2.23344], [104.273011, -2.233429], [104.273009, -2.233417], [104.273005, -2.233407], [104.273001, -2.233397], [104.272999, -2.233386], [104.272996, -2.233375], [104.272994, -2.233365], [104.272992, -2.233353], [104.272991, -2.233343], [104.272987, -2.233334], [104.272983, -2.233324], [104.27298, -2.233313], [104.272976, -2.233302], [104.272972, -2.233292], [104.272968, -2.233281], [104.272963, -2.233272], [104.27296, -2.233261], [104.272957, -2.233251], [104.272953, -2.23324], [104.272949, -2.233229], [104.272946, -2.23322], [104.272941, -2.233209], [104.272938, -2.233198], [104.272936, -2.233189], [104.272932, -2.233178], [104.272927, -2.233167], [104.272923, -2.233157], [104.272918, -2.233147], [104.272914, -2.233136], [104.272909, -2.233126], [104.272906, -2.233115], [104.272902, -2.233106], [104.272898, -2.233095], [104.272894, -2.233085], [104.272891, -2.233075], [104.272889, -2.233066], [104.272884, -2.233056], [104.27288, -2.233046], [104.272877, -2.233035], [104.272873, -2.233024], [104.27287, -2.233014], [104.272865, -2.233004], [104.27286, -2.232995], [104.272855, -2.232984], [104.272851, -2.232974], [104.272849, -2.232964], [104.272846, -2.232953], [104.272842, -2.232943], [104.272838, -2.232933], [104.272835, -2.232924], [104.272829, -2.232915], [104.272823, -2.232905], [104.272819, -2.232895], [104.272816, -2.232884], [104.272814, -2.232873], [104.272812, -2.232862], [104.272809, -2.232852], [104.272805, -2.232841], [104.272802, -2.232832], [104.272799, -2.232821], [104.272796, -2.23281], [104.272793, -2.232801], [104.272789, -2.23279], [104.272787, -2.232781], [104.272785, -2.232771], [104.272782, -2.23276], [104.27278, -2.232749], [104.272775, -2.232742], [104.272771, -2.232733], [104.272769, -2.232723], [104.272766, -2.232712], [104.272764, -2.2327], [104.272763, -2.232689], [104.272761, -2.232678], [104.272759, -2.23267], [104.272755, -2.23266], [104.272752, -2.232647], [104.272749, -2.232637], [104.272746, -2.232627], [104.272742, -2.232616], [104.272738, -2.232608], [104.272734, -2.232597], [104.27273, -2.232587], [104.272726, -2.232576], [104.273057, -2.232329], [104.273422, -2.231964], [104.273692, -2.231687], [104.274036, -2.231329], [104.274396, -2.230858], [104.274384, -2.231004], [104.274376, -2.231497], [104.274385, -2.232168], [104.274413, -2.233266], [104.27442, -2.233836]]], [[[104.274512, -2.229817], [104.274521, -2.229818], [104.274494, -2.229816], [104.274495, -2.229816], [104.274512, -2.229817]]]]}},
{"type": "Feature", "properties": {"ba_code": "6922", "blockid": "I06P11", "division": "06"}, "geometry": {"type": "MultiPolygon", "coordinates": [[[[104.326439, -2.171902], [104.32881, -2.171951], [104.328942, -2.180931], [104.326509, -2.180905], [104.326439, -2.171902]]]]}},
{"type": "Feature", "properties": {"ba_code": "6922", "blockid": "C13P09", "division": "01"}, "geometry": {"type": "MultiPolygon", "coordinates": [[[[104.309904, -2.230005], [104.309895, -2.234739], [104.308123, -2.234732], [104.307202, -2.234729], [104.307209, -2.234155], [104.30721, -2.234155], [104.307262, -2.230005], [104.307301, -2.226944], [104.307366, -2.226947], [104.307442, -2.226951], [104.307527, -2.226956], [104.307626, -2.226968], [104.307717, -2.226961], [104.307812, -2.226969], [104.307893, -2.226964], [104.307985, -2.226966], [104.308092, -2.226975], [104.30819, -2.226978], [104.308284, -2.226971], [104.308422, -2.226966], [104.308523, -2.226966], [104.308623, -2.226969], [104.308732, -2.226973], [104.308833, -2.226978], [104.308932, -2.226982], [104.30903, -2.226987], [104.309136, -2.227], [104.309221, -2.226994], [104.309835, -2.226994], [104.309906, -2.226993], [104.30991, -2.226993], [104.309904, -2.230005]]], [[[104.309296, -2.235908], [104.309269, -2.235896], [104.309207, -2.235877], [104.309156, -2.235855], [104.309077, -2.235822], [104.309014, -2.235797], [104.30893, -2.235766], [104.308846, -2.23574], [104.308796, -2.235713], [104.308726, -2.235673], [104.308662, -2.235637], [104.308595, -2.235604], [104.308519, -2.235575], [104.308445, -2.235551], [104.308385, -2.235523], [104.308328, -2.235494], [104.308271, -2.235471], [104.308213, -2.235444], [104.308156, -2.235423], [104.308093, -2.235402], [104.308029, -2.235376], [104.307962, -2.235349], [104.307903, -2.235319], [104.307826, -2.235294], [104.307697, -2.235249], [104.307637, -2.235222], [104.307558, -2.235191], [104.307475, -2.235162], [104.307355, -2.235119], [104.307305, -2.235101], [104.307271, -2.235088], [104.307239, -2.235074], [104.307199, -2.235056], [104.307202, -2.234752], [104.308146, -2.234756], [104.309275, -2.23476], [104.30927, -2.235151], [104.309884, -2.235174], [104.309882, -2.236144], [104.309803, -2.236119], [104.309721, -2.23609], [104.309668, -2.23607], [104.309644, -2.23606], [104.309594, -2.23604], [104.309518, -2.236014], [104.309466, -2.235989], [104.309331, -2.235923], [104.309296, -2.235908]]]]}},
{"type": "Feature", "properties": {"ba_code": "6922", "blockid": "I09P11", "division": "06"}, "geometry": {"type": "MultiPolygon", "coordinates": [[[[104.319632, -2.17177], [104.32149, -2.171811], [104.321479, -2.180869], [104.319424, -2.180847], [104.319632, -2.17177]]]]}},
{"type": "Feature", "properties": {"ba_code": "6922", "blockid": "C02P07", "division": "02"}, "geometry": {"type": "MultiPolygon", "coordinates": [[[[104.338017, -2.227229], [104.34069, -2.227257], [104.34066, -2.233667], [104.33809, -2.23365], [104.338017, -2.227229]]]]}},
{"type": "Feature", "properties": {"ba_code": "6922", "blockid": "H07P08", "division": "03"}, "geometry": {"type": "MultiPolygon", "coordinates": [[[[104.324087, -2.183531], [104.324096, -2.181748], [104.324101, -2.183531], [104.326407, -2.183524], [104.326475, -2.190215], [104.324089, -2.190157], [104.324087, -2.183531]]], [[[104.324096, -2.181748], [104.324087, -2.181015], [104.326414, -2.181031], [104.326398, -2.181755], [104.324096, -2.181748]]]]}},
{"type": "Feature", "properties": {"ba_code": "6922", "blockid": "C07P12", "division": "02"}, "geometry": {"type": "MultiPolygon", "coordinates": [[[[104.324114, -2.227092], [104.32675, -2.227109], [104.326833, -2.236054], [104.326754, -2.236115], [104.324119, -2.236107], [104.324114, -2.227092]]]]}},
{"type": "Feature", "properties": {"ba_code": "6922", "blockid": "D13P09", "division": "01"}, "geometry": {"type": "MultiPolygon", "coordinates": [[[[104.307302, -2.226819], [104.307418, -2.217793], [104.307561, -2.217803], [104.307917, -2.217805], [104.308386, -2.21781], [104.308738, -2.217811], [104.309118, -2.217807], [104.309299, -2.217808], [104.309396, -2.217811], [104.309581, -2.217808], [104.309761, -2.217807], [104.309862, -2.217805], [104.309938, -2.217803], [104.309991, -2.217804], [104.30991, -2.226869], [104.309839, -2.22687], [104.309225, -2.22687], [104.30914, -2.226876], [104.309034, -2.226863], [104.308936, -2.226858], [104.308837, -2.226854], [104.308736, -2.226849], [104.308627, -2.226845], [104.308527, -2.226842], [104.308426, -2.226842], [104.308288, -2.226847], [104.308194, -2.226854], [104.308096, -2.226851], [104.307989, -2.226842], [104.307897, -2.22684], [104.307816, -2.226845], [104.307721, -2.226837], [104.30763, -2.226844], [104.307531, -2.226832], [104.307446, -2.226827], [104.30737, -2.226823], [104.307302, -2.226819]]]]}},
{"type": "Feature", "properties": {"ba_code": "6922", "blockid": "C18P10", "division": "01"}, "geometry": {"type": "MultiPolygon", "coordinates": [[[[104.295855, -2.226805], [104.2958, -2.232166], [104.295582, -2.232224], [104.295462, -2.23226], [104.295379, -2.232289], [104.295194, -2.232346], [104.29511, -2.232374], [104.295017, -2.2324], [104.29493, -2.232425], [104.294842, -2.232453], [104.294702, -2.232493], [104.29463, -2.232512], [104.294542, -2.232536], [104.294457, -2.232562], [104.294381, -2.232586], [104.294306, -2.23261], [104.294197, -2.232642], [104.294118, -2.232667], [104.294016, -2.232692], [104.29392, -2.232719], [104.293846, -2.232746], [104.293759, -2.232774], [104.29369, -2.232791], [104.293514, -2.232843], [104.293454, -2.232863], [104.29337, -2.232886], [104.293294, -2.232906], [104.293234, -2.232929], [104.293162, -2.232952], [104.293018, -2.232992], [104.293142, -2.226783], [104.293154, -2.226783], [104.293216, -2.226783], [104.293408, -2.226786], [104.293512, -2.226782], [104.293627, -2.226785], [104.293741, -2.226792], [104.293854, -2.226782], [104.293975, -2.226784], [104.294089, -2.226783], [104.29419, -2.226783], [104.294298, -2.226782], [104.294416, -2.226794], [104.294521, -2.226793], [104.29463, -2.226794], [104.294735, -2.226797], [104.294839, -2.226802], [104.294941, -2.226801], [104.295036, -2.226801], [104.295132, -2.226802], [104.295234, -2.226801], [104.295348, -2.226803], [104.295446, -2.226805], [104.295541, -2.226804], [104.295631, -2.226799], [104.295713, -2.226801], [104.295855, -2.226805]]]]}},
{"type": "Feature", "properties": {"ba_code": "6922", "blockid": "E05P10", "division": "02"}, "geometry": {"type": "MultiPolygon", "coordinates": [[[[104.332403, -2.216588], [104.329498, -2.216568], [104.329435, -2.209121], [104.332464, -2.209153], [104.332403, -2.216588]]]]}},
{"type": "Feature", "properties": {"ba_code": "6922", "blockid": "K07P11", "division": "06"}, "geometry": {"type": "MultiPolygon", "coordinates": [[[[104.324023, -2.16186], [104.325843, -2.161867], [104.32588, -2.161884], [104.326064, -2.161977], [104.326035, -2.162034], [104.325987, -2.162092], [104.326019, -2.162123], [104.326018, -2.162123], [104.326311, -2.162293], [104.324015, -2.162269], [104.324023, -2.16186]]]]}},
{"type": "Feature", "properties": {"ba_code": "6922", "blockid": "J01P11", "division": "06"}, "geometry": {"type": "MultiPolygon", "coordinates": [[[[104.34478, -2.163828], [104.344779, -2.163829], [104.34477, -2.164967], [104.344771, -2.167757], [104.34477, -2.167757], [104.34477, -2.167759], [104.344685, -2.167758], [104.344667, -2.172042], [104.341028, -2.172032], [104.341022, -2.172032], [104.341005, -2.169017], [104.341018, -2.168986], [104.341019, -2.168977], [104.34102, -2.168967], [104.341024, -2.168957], [104.341026, -2.168947], [104.341028, -2.168936], [104.341031, -2.168926], [104.341035, -2.168915], [104.34104, -2.168906], [104.341045, -2.168896], [104.341052, -2.168886], [104.34106, -2.168877], [104.341068, -2.168868], [104.341076, -2.168858], [104.341084, -2.168849], [104.341092, -2.16884], [104.341099, -2.168829], [104.341107, -2.16882], [104.341114, -2.168811], [104.341122, -2.168802], [104.341131, -2.168793], [104.341139, -2.168784], [104.341147, -2.168775], [104.341156, -2.168767], [104.341164, -2.168759], [104.341173, -2.16875], [104.341181, -2.16874], [104.341191, -2.168731], [104.341199, -2.168722], [104.341208, -2.168713], [104.341216, -2.168704], [104.341225, -2.168695], [104.341235, -2.168686], [104.341244, -2.168678], [104.341251, -2.168668], [104.34126, -2.168658], [104.341269, -2.168649], [104.341279, -2.168641], [104.341289, -2.168633], [104.341299, -2.168624], [104.341309, -2.168615], [104.341319, -2.168607], [104.341329, -2.168599], [104.341338, -2.168591], [104.341348, -2.168584], [104.341358, -2.168576], [104.341368, -2.16857], [104.341377, -2.168562], [104.341387, -2.168553], [104.341396, -2.168546], [104.341406, -2.16854], [104.341416, -2.168532], [104.341427, -2.168526], [104.341437, -2.168519], [104.341448, -2.168513], [104.341458, -2.168507], [104.341469, -2.1685], [104.341481, -2.168495], [104.341493, -2.168488], [104.341505, -2.168483], [104.341517, -2.168477], [104.341528, -2.168472], [104.341541, -2.168467], [104.341553, -2.168462], [104.341565, -2.168457], [104.341577, -2.168452], [104.341588, -2.168448], [104.341599, -2.168443], [104.34161, -2.168438], [104.341621, -2.168431], [104.341633, -2.168427], [104.341644, -2.168422], [104.341656, -2.168418], [104.341669, -2.168416], [104.341682, -2.168415], [104.341695, -2.168413], [104.341707, -2.16841], [104.341718, -2.168406], [104.341731, -2.168403], [104.341743, -2.168399], [104.341755, -2.168395], [104.341767, -2.16839], [104.341778, -2.168385], [104.341788, -2.16838], [104.3418, -2.168377], [104.341812, -2.168373], [104.341823, -2.168369], [104.341833, -2.168364], [104.341843, -2.168359], [104.341854, -2.168355], [104.341866, -2.168351], [104.341877, -2.168346], [104.341889, -2.168343], [104.341898, -2.168338], [104.341908, -2.168333], [104.341919, -2.168328], [104.34193, -2.168324], [104.341942, -2.168319], [104.341952, -2.168313], [104.341963, -2.168309], [104.341974, -2.168304], [104.341985, -2.1683], [104.341995, -2.168292], [104.342005, -2.168286], [104.342017, -2.168282], [104.342029, -2.168276], [104.34204, -2.168272], [104.342051, -2.168268], [104.342063, -2.168264], [104.342073, -2.168261], [104.342086, -2.168257], [104.342097, -2.168253], [104.342109, -2.168248], [104.342119, -2.168243], [104.342128, -2.168237], [104.342138, -2.168232], [104.342148, -2.168227], [104.342158, -2.168222], [104.342169, -2.168217], [104.342179, -2.168212], [104.342189, -2.168208], [104.342202, -2.168201], [104.342212, -2.168195], [104.342222, -2.16819], [104.342231, -2.168185], [104.342242, -2.168181], [104.342254, -2.168177], [104.342267, -2.168172], [104.342276, -2.168168], [104.342285, -2.168164], [104.342296, -2.16816], [104.342307, -2.168155], [104.342318, -2.168151], [104.342329, -2.168146], [104.342339, -2.168141], [104.34235, -2.168136], [104.34236, -2.168131], [104.342371, -2.168126], [104.342382, -2.168123], [104.342393, -2.168119], [104.342403, -2.168115], [104.342416, -2.168112], [104.342426, -2.168108], [104.342436, -2.168101], [104.342446, -2.168095], [104.34246, -2.16809], [104.342471, -2.168086], [104.342483, -2.168081], [104.342492, -2.168075], [104.342503, -2.168071], [104.342514, -2.168068], [104.342525, -2.168064], [104.342534, -2.16806], [104.342544, -2.168055], [104.342554, -2.168049], [104.342565, -2.168045], [104.342576, -2.16804], [104.342587, -2.168035], [104.342598, -2.168032], [104.342609, -2.16803], [104.342619, -2.168026], [104.342629, -2.168021], [104.34264, -2.168016], [104.342651, -2.168012], [104.342662, -2.168007], [104.342671, -2.168002], [104.342682, -2.167998], [104.342694, -2.167994], [104.342705, -2.167989], [104.342714, -2.167983], [104.342723, -2.167981], [104.342735, -2.167978], [104.342746, -2.167973], [104.342757, -2.167968], [104.342769, -2.167963], [104.34278, -2.167959], [104.342792, -2.167956], [104.342802, -2.167951], [104.342812, -2.167946], [104.342822, -2.167941], [104.342833, -2.167937], [104.342843, -2.167932], [104.342853, -2.167927], [104.342862, -2.167922], [104.342873, -2.167917], [104.342885, -2.167912], [104.342895, -2.167906], [104.342905, -2.167901], [104.342915, -2.167895], [104.342925, -2.167889], [104.342935, -2.167882], [104.342945, -2.167875], [104.342954, -2.167868], [104.342963, -2.167859], [104.34297, -2.167852], [104.342978, -2.167843], [104.342987, -2.167833], [104.342992, -2.16782], [104.342996, -2.16781], [104.342999, -2.167799], [104.343002, -2.167788], [104.343005, -2.167777], [104.343008, -2.167766], [104.343012, -2.167755], [104.343016, -2.167743], [104.343019, -2.167731], [104.343023, -2.167719], [104.343027, -2.167706], [104.343031, -2.167695], [104.343032, -2.167693], [104.343035, -2.167683], [104.343038, -2.167672], [104.343042, -2.167661], [104.343046, -2.16765], [104.343049, -2.167637], [104.343053, -2.167625], [104.343057, -2.167613], [104.34306, -2.167602], [104.343063, -2.16759], [104.343066, -2.167577], [104.34307, -2.167565], [104.343075, -2.167552], [104.343077, -2.167542], [104.343081, -2.16753], [104.343085, -2.167519], [104.343088, -2.167508], [104.343091, -2.167497], [104.343095, -2.167484], [104.343098, -2.167472], [104.343101, -2.167461], [104.343103, -2.167449], [104.343106, -2.167436], [104.34311, -2.167425], [104.343114, -2.167412], [104.343118, -2.167401], [104.34312, -2.167389], [104.343124, -2.167378], [104.343127, -2.167368], [104.343131, -2.167356], [104.343134, -2.167345], [104.343137, -2.167333], [104.343141, -2.167323], [104.343144, -2.167311], [104.343148, -2.1673], [104.343153, -2.167289], [104.343157, -2.167278], [104.343161, -2.167267], [104.343164, -2.167256], [104.343166, -2.167243], [104.34317, -2.167232], [104.343173, -2.167221], [104.343176, -2.16721], [104.34318, -2.167199], [104.343184, -2.167188], [104.343187, -2.167176], [104.34319, -2.167164], [104.343194, -2.167153], [104.343198, -2.167143], [104.343202, -2.167131], [104.343206, -2.167119], [104.343208, -2.167108], [104.343211, -2.167097], [104.343214, -2.167086], [104.343217, -2.167074], [104.34322, -2.167063], [104.343223, -2.167052], [104.343226, -2.16704], [104.343228, -2.16703], [104.343232, -2.16702], [104.343234, -2.167009], [104.343237, -2.166999], [104.34324, -2.166989], [104.343242, -2.166979], [104.343244, -2.16697], [104.343251, -2.166916], [104.343258, -2.166894], [104.343266, -2.166869], [104.343273, -2.166844], [104.343279, -2.166815], [104.343286, -2.166784], [104.343294, -2.166757], [104.34331, -2.166732], [104.343327, -2.166701], [104.343336, -2.166668], [104.343345, -2.166633], [104.343356, -2.1666], [104.343365, -2.166564], [104.343376, -2.16653], [104.343389, -2.166493], [104.3434, -2.166456], [104.343409, -2.16642], [104.343421, -2.166383], [104.34343, -2.166345], [104.343436, -2.166308], [104.343443, -2.166266], [104.343449, -2.166226], [104.343457, -2.166186], [104.343471, -2.166149], [104.343485, -2.166111], [104.343497, -2.166073], [104.343509, -2.166033], [104.343522, -2.165994], [104.343535, -2.165953], [104.343548, -2.165914], [104.343562, -2.165875], [104.343576, -2.165834], [104.343586, -2.165794], [104.343596, -2.165753], [104.343608, -2.165711], [104.343619, -2.16567], [104.343631, -2.165627], [104.343645, -2.165586], [104.34366, -2.165544], [104.343675, -2.165503], [104.343686, -2.165464], [104.343695, -2.165424], [104.343707, -2.165383], [104.34372, -2.165341], [104.34373, -2.1653], [104.343744, -2.16526], [104.34376, -2.165222], [104.343775, -2.165185], [104.343783, -2.165147], [104.34379, -2.165113], [104.3438, -2.165081], [104.343808, -2.165047], [104.343816, -2.165017], [104.343827, -2.164982], [104.343839, -2.164947], [104.34385, -2.164911], [104.343858, -2.164877], [104.343867, -2.16484], [104.343879, -2.164801], [104.343891, -2.164763], [104.343901, -2.164723], [104.343914, -2.164683], [104.343929, -2.164644], [104.343941, -2.164605], [104.343953, -2.164568], [104.343966, -2.164532], [104.34398, -2.164502], [104.343991, -2.164467], [104.343999, -2.164431], [104.344007, -2.164393], [104.344017, -2.164357], [104.344028, -2.164326], [104.344041, -2.16429], [104.344052, -2.164254], [104.344063, -2.16422], [104.344072, -2.16419], [104.344079, -2.164159], [104.344091, -2.164123], [104.3441, -2.164089], [104.344109, -2.164055], [104.344119, -2.164023], [104.34413, -2.163993], [104.344138, -2.163961], [104.344146, -2.16393], [104.344155, -2.163897], [104.344167, -2.163861], [104.344179, -2.163824], [104.344188, -2.16379], [104.344194, -2.163763], [104.344198, -2.163752], [104.344202, -2.163741], [104.344207, -2.163731], [104.344211, -2.163719], [104.344215, -2.163708], [104.344218, -2.163697], [104.34422, -2.163686], [104.344222, -2.163675], [104.344225, -2.163664], [104.34423, -2.163653], [104.344234, -2.163642], [104.34424, -2.163632], [104.344245, -2.163622], [104.344248, -2.16361], [104.344252, -2.163599], [104.344257, -2.163588], [104.344261, -2.163578], [104.344266, -2.163565], [104.344269, -2.163554], [104.344273, -2.163542], [104.344276, -2.163531], [104.34428, -2.163519], [104.344286, -2.163508], [104.34429, -2.163497], [104.344293, -2.163486], [104.344296, -2.163474], [104.344302, -2.163463], [104.344307, -2.163453], [104.344309, -2.163441], [104.344312, -2.163431], [104.344315, -2.163419], [104.344319, -2.163409], [104.344323, -2.163399], [104.344328, -2.163391], [104.344331, -2.163381], [104.344335, -2.16337], [104.344339, -2.16336], [104.344344, -2.163349], [104.344348, -2.163338], [104.34435, -2.163327], [104.344355, -2.163314], [104.344356, -2.163302], [104.344358, -2.163293], [104.344361, -2.163282], [104.344366, -2.16327], [104.344371, -2.16326], [104.344376, -2.163249], [104.34438, -2.163238], [104.344385, -2.163227], [104.344388, -2.163215], [104.344391, -2.163202], [104.344395, -2.163189], [104.344399, -2.163178], [104.344402, -2.163167], [104.344406, -2.163155], [104.344409, -2.163144], [104.344411, -2.163132], [104.344414, -2.163121], [104.344419, -2.163111], [104.344421, -2.163101], [104.344426, -2.163091], [104.34443, -2.16308], [104.344433, -2.16307], [104.344436, -2.163058], [104.34444, -2.163047], [104.344443, -2.163037], [104.344446, -2.163025], [104.34445, -2.163015], [104.344454, -2.163005], [104.344458, -2.162993], [104.344461, -2.162982], [104.344462, -2.162971], [104.344465, -2.162961], [104.344468, -2.16295], [104.344471, -2.16294], [104.344476, -2.162929], [104.34448, -2.162916], [104.344482, -2.162904], [104.344485, -2.162893], [104.344489, -2.162881], [104.344494, -2.162871], [104.344499, -2.162859], [104.344503, -2.162848], [104.344508, -2.162838], [104.344513, -2.162828], [104.344516, -2.162818], [104.344518, -2.162807], [104.344521, -2.162796], [104.344523, -2.162785], [104.344525, -2.162774], [104.344527, -2.162765], [104.344532, -2.162754], [104.344535, -2.162743], [104.344539, -2.162732], [104.344542, -2.162721], [104.344544, -2.162709], [104.344547, -2.162698], [104.344548, -2.162687], [104.344549, -2.162676], [104.344552, -2.162666], [104.344555, -2.162655], [104.344559, -2.162643], [104.344563, -2.162632], [104.344566, -2.162621], [104.344568, -2.16261], [104.344571, -2.162599], [104.344573, -2.162588], [104.344576, -2.162578], [104.34458, -2.162567], [104.344583, -2.162558], [104.344588, -2.162538], [104.344591, -2.162528], [104.344594, -2.162518], [104.344597, -2.162508], [104.344603, -2.162498], [104.344606, -2.162487], [104.344609, -2.162478], [104.344612, -2.162468], [104.344615, -2.162457], [104.344618, -2.162445], [104.34462, -2.162435], [104.344625, -2.162418], [104.344629, -2.16241], [104.344634, -2.1624], [104.344637, -2.16239], [104.344639, -2.162381], [104.344642, -2.162373], [104.344644, -2.162365], [104.344646, -2.162355], [104.344657, -2.162315], [104.34466, -2.162308], [104.344664, -2.1623], [104.344668, -2.162292], [104.344672, -2.162281], [104.344674, -2.162271], [104.344677, -2.162262], [104.34468, -2.162244], [104.344682, -2.162236], [104.344694, -2.162187], [104.34477, -2.162183], [104.344767, -2.162343], [104.344775, -2.162835], [104.344775, -2.16328], [104.344773, -2.163532], [104.34478, -2.163828]]]]}},
{"type": "Feature", "properties": {"ba_code": "6922", "blockid": "D01P12", "division": "02"}, "geometry": {"type": "MultiPolygon", "coordinates": [[[[104.344186, -2.227142], [104.340785, -2.227131], [104.340841, -2.218058], [104.344157, -2.218086], [104.34463, -2.21809], [104.344648, -2.227144], [104.344186, -2.227142]]]]}},
{"type": "Feature", "properties": {"ba_code": "6922", "blockid": "H10P09", "division": "05"}, "geometry": {"type": "MultiPolygon", "coordinates": [[[[104.315985, -2.180947], [104.319329, -2.180973], [104.319102, -2.190053], [104.315923, -2.189983], [104.315985, -2.180947]]]]}},
{"type": "Feature", "properties": {"ba_code": "6922", "blockid": "C12P06", "division": "01"}, "geometry": {"type": "MultiPolygon", "coordinates": [[[[104.31266, -2.23003], [104.310016, -2.229991], [104.310019, -2.226996], [104.310203, -2.227], [104.310489, -2.226999], [104.310628, -2.227011], [104.311198, -2.227005], [104.311667, -2.226992], [104.311912, -2.226996], [104.312128, -2.226996], [104.31236, -2.226999], [104.312665, -2.226998], [104.31266, -2.23003]]], [[[104.31001, -2.235354], [104.311135, -2.235341], [104.311134, -2.235125], [104.311983, -2.235097], [104.312652, -2.235079], [104.312655, -2.236039], [104.312665, -2.236039], [104.311917, -2.236044], [104.310501, -2.236035], [104.310282, -2.236043], [104.310094, -2.236045], [104.310009, -2.236049], [104.31001, -2.235354]]]]}},
{"type": "Feature", "properties": {"ba_code": "6922", "blockid": "C21P07", "division": "01"}, "geometry": {"type": "MultiPolygon", "coordinates": [[[[104.287287, -2.234693], [104.287207, -2.234711], [104.287076, -2.234755], [104.286948, -2.234799], [104.286863, -2.234826], [104.28677, -2.234856], [104.286673, -2.234884], [104.286567, -2.234914], [104.286433, -2.234958], [104.286283, -2.235007], [104.28617, -2.235036], [104.286067, -2.235065], [104.285958, -2.235095], [104.28585, -2.235131], [104.285743, -2.235168], [104.285628, -2.235201], [104.285516, -2.235231], [104.285412, -2.235262], [104.285307, -2.235296], [104.285204, -2.235326], [104.285102, -2.23536], [104.284896, -2.235418], [104.28477, -2.235455], [104.284679, -2.235474], [104.284577, -2.235505], [104.284721, -2.22671], [104.284783, -2.226711], [104.28483, -2.226713], [104.284876, -2.226713], [104.284992, -2.226714], [104.285075, -2.226717], [104.28518, -2.226717], [104.285297, -2.226723], [104.285457, -2.226725], [104.285563, -2.226726], [104.285666, -2.226726], [104.285769, -2.226727], [104.285881, -2.226727], [104.285986, -2.226726], [104.286254, -2.226731], [104.28637, -2.226737], [104.286468, -2.226734], [104.286559, -2.226729], [104.286669, -2.226735], [104.286761, -2.226736], [104.286856, -2.226738], [104.286961, -2.226737], [104.287059, -2.226738], [104.287164, -2.226742], [104.287259, -2.226744], [104.287413, -2.226747], [104.287287, -2.234693]]]]}},
{"type": "Feature", "properties": {"ba_code": "6922", "blockid": "E08P10", "division": "02"}, "geometry": {"type": "MultiPolygon", "coordinates": [[[[104.324015, -2.212848], [104.324017, -2.217762], [104.321516, -2.217749], [104.321539, -2.212848], [104.321558, -2.208965], [104.324014, -2.209028], [104.324015, -2.212848]]]]}},
{"type": "Feature", "properties": {"ba_code": "6922", "blockid": "E19P12", "division": "04"}, "geometry": {"type": "MultiPolygon", "coordinates": [[[[104.290623, -2.20859], [104.29344, -2.208629], [104.293254, -2.217561], [104.290433, -2.217549], [104.290623, -2.20859]]]]}},
{"type": "Feature", "properties": {"ba_code": "6922", "blockid": "H01P13", "division": "03"}, "geometry": {"type": "MultiPolygon", "coordinates": [[[[104.344076, -2.190612], [104.341015, -2.190608], [104.341075, -2.181081], [104.344046, -2.181149], [104.344666, -2.181163], [104.344557, -2.190613], [104.344076, -2.190612]]]]}},
{"type": "Feature", "properties": {"ba_code": "6922", "blockid": "D07P07", "division": "02"}, "geometry": {"type": "MultiPolygon", "coordinates": [[[[104.324111, -2.217888], [104.326691, -2.217905], [104.32675, -2.226983], [104.324115, -2.226966], [104.324111, -2.217888]]]]}},
{"type": "Feature", "properties": {"ba_code": "6922", "blockid": "J14P10", "division": "06"}, "geometry": {"type": "MultiPolygon", "coordinates": [[[[104.306635, -2.17141], [104.306648, -2.162971], [104.306652, -2.162254], [104.307876, -2.162265], [104.30787, -2.162714], [104.307758, -2.171427], [104.306635, -2.17141]]]]}},
{"type": "Feature", "properties": {"ba_code": "6922", "blockid": "D03P07", "division": "02"}, "geometry": {"type": "MultiPolygon", "coordinates": [[[[104.335067, -2.217981], [104.337762, -2.218016], [104.337923, -2.227103], [104.335159, -2.227059], [104.335067, -2.217981]]]]}},
{"type": "Feature", "properties": {"ba_code": "6922", "blockid": "C08P12", "division": "02"}, "geometry": {"type": "MultiPolygon", "coordinates": [[[[104.324024, -2.236107], [104.321429, -2.236072], [104.321471, -2.227073], [104.32402, -2.227092], [104.324024, -2.236107]]]]}},
{"type": "Feature", "properties": {"ba_code": "6922", "blockid": "F05P12", "division": "03"}, "geometry": {"type": "MultiPolygon", "coordinates": [[[[104.329298, -2.199493], [104.332474, -2.199503], [104.332464, -2.209027], [104.329436, -2.208995], [104.329298, -2.199493]]]]}},
{"type": "Feature", "properties": {"ba_code": "6922", "blockid": "F06P12", "division": "03"}, "geometry": {"type": "MultiPolygon", "coordinates": [[[[104.326634, -2.199487], [104.329204, -2.199493], [104.329341, -2.208995], [104.32673, -2.20892], [104.326634, -2.199487]]]]}},
{"type": "Feature", "properties": {"ba_code": "6922", "blockid": "G08P08", "division": "03"}, "geometry": {"type": "MultiPolygon", "coordinates": [[[[104.321564, -2.190235], [104.323994, -2.190283], [104.323988, -2.199354], [104.321478, -2.199372], [104.321564, -2.190235]]]]}},
{"type": "Feature", "properties": {"ba_code": "6922", "division": "01"}, "geometry": {"type": "MultiLineString", "coordinates": [[[104.28219502200005, -2.217585756999938], [104.28292777800004, -2.21760366999996], [104.28367620500006, -2.21758955599995], [104.28461331000005, -2.217608394999957], [104.28535591400004, -2.217611018999946], [104.28608109500004, -2.217614605999927], [104.28661861600006, -2.217634076999957], [104.28733749600008, -2.217620641999929], [104.28806381600003, -2.217625863999956], [104.28872241600004, -2.21763350699996], [104.28937396200007, -2.217612213999928], [104.29016132700008, -2.217646667999929], [104.290887, -2.217636114999948], [104.29172059100006, -2.217637263999961], [104.29238829400003, -2.217646902999945], [104.29309886300007, -2.217659242999957], [104.29390430000007, -2.217651702999945], [104.29453118400005, -2.217653771999949], [104.29506933200008, -2.217649807999976], [104.29571335600008, -2.217671608999979], [104.29656798900004, -2.217654449999941], [104.29719666000005, -2.217682068999977], [104.29774141500008, -2.217677983999977], [104.29830041100007, -2.217687857999977], [104.29901475100007, -2.217709248999938], [104.29989066700006, -2.217725332999976], [104.30080485100007, -2.217732498999965], [104.30174202700005, -2.217718691999949], [104.30253256500004, -2.217709913999954], [104.30309637800008, -2.217705330999934], [104.30368072800007, -2.217716200999973], [104.30449637200007, -2.217723624999962], [104.30515459900005, -2.217728066999939], [104.30582019600007, -2.217730641999935], [104.30634330600009, -2.21773989899998], [104.30714011600008, -2.217741604999958], [104.30791751900006, -2.217733845999931], [104.30856252200005, -2.217738977999943], [104.30924639500006, -2.21775409199995], [104.30989666200009, -2.21776270099997], [104.31283050000008, -2.217774249999934], [104.315658, -2.217804399999977], [104.31539425100004, -2.226972623999927], [104.31548966700007, -2.236132], [104.31547680000006, -2.239335399999959], [104.31546050300005, -2.242230401999961], [104.31532752000004, -2.242764851999937], [104.31473500100009, -2.242585499999961], [104.31407350000006, -2.242085], [104.31301275000004, -2.241265249999969], [104.31307150000004, -2.240695749999929], [104.312795, -2.240157748999934], [104.31277, -2.239355665999938], [104.312788, -2.238434], [104.31272420000005, -2.237632], [104.31047816700004, -2.236245332999943], [104.30973990000007, -2.236062], [104.30898247600004, -2.23572606099998], [104.30813528400006, -2.235430707999967], [104.30760759100008, -2.235227699999939], [104.30713885700004, -2.234888268999953], [104.30645451000004, -2.234763749999956], [104.30588516000006, -2.234524578999981], [104.30512823500004, -2.234214709999947], [104.30432233400006, -2.234132961999933], [104.30419150000006, -2.233090998999955], [104.30391289400006, -2.233722900999965], [104.30329873900007, -2.233481486999949], [104.30271766700008, -2.233239332999972], [104.30211728200004, -2.232901765999941], [104.30133168200007, -2.232599065999977], [104.30073519700005, -2.232351995999977], [104.30018120000005, -2.232081], [104.29958407100008, -2.231476364999935], [104.29843735100008, -2.23139759999998], [104.29774238000005, -2.231611176999934], [104.29722218000006, -2.231767934999937], [104.29665129200004, -2.23194185899996], [104.29609909300007, -2.232121242999938], [104.29525859300009, -2.232353122999939], [104.29442038200006, -2.232594490999929], [104.293859, -2.232756832999939], [104.29315581700007, -2.232978512999978], [104.29248803400009, -2.233177952999938], [104.29183873700003, -2.233357814999977], [104.29112907600006, -2.233573534999948], [104.29032879100004, -2.233820081999966], [104.28959259900006, -2.234037586999932], [104.28888130300004, -2.23424560199993], [104.28830527300005, -2.234414994999952], [104.28755693100004, -2.234649225999931], [104.28671614800004, -2.234900702999937], [104.28620525000008, -2.235058249999952], [104.28570458800004, -2.235206539999979], [104.28502629900004, -2.235410406999961], [104.28440009900004, -2.235605347999979], [104.283878, -2.235759249999944], [104.28337076500009, -2.235818257999938], [104.28280316700005, -2.235810499999957], [104.28227928000007, -2.23579983299993], [104.28162585400008, -2.235792874999959], [104.28068722500007, -2.235768801999939], [104.27970493600009, -2.235772407999946], [104.27886980000005, -2.235755199999971], [104.27835075900003, -2.235741804999975], [104.27758506700008, -2.235723639999946], [104.27701379900009, -2.235715599999935], [104.27631726400006, -2.235840929999938], [104.27614565400006, -2.233090546999961], [104.27615603300006, -2.230106680999938], [104.27616786900006, -2.227943740999933], [104.27635753000004, -2.226596377999954], [104.27572700100006, -2.22657], [104.27465975100006, -2.226757], [104.27603566700009, -2.224642832999962], [104.277436, -2.222027], [104.278443, -2.220481], [104.27873, -2.219974], [104.279095, -2.219328], [104.279485, -2.218554], [104.28005482000003, -2.218005547999951], [104.28025831500008, -2.217530947999933], [104.28154750100003, -2.217537998999944], [104.28219502200005, -2.217585756999938]], [[104.30996008500006, -2.230004889999975], [104.309932, -2.234963166999933], [104.311125, -2.235125], [104.31270066500008, -2.23507511899993], [104.31294121400003, -2.232658642999979], [104.313246, -2.231507], [104.312966, -2.230978499999935], [104.31271105700006, -2.23004311699998], [104.30996008500006, -2.230004889999975]]]}},
{"type": "Feature", "properties": {"ba_code": "6922", "division": "04"}, "geometry": {"type": "MultiLineString", "coordinates": [[[104.304571, -2.196681799999965], [104.304541, -2.199551], [104.307595, -2.199529], [104.310132, -2.199502], [104.31292, -2.199504499999932], [104.31583325000008, -2.199479], [104.31575225000006, -2.208845], [104.315658, -2.217804399999977], [104.31283050000008, -2.217774249999934], [104.30989666200009, -2.21776270099997], [104.30924639500006, -2.21775409199995], [104.30856252200005, -2.217738977999943], [104.30791751900006, -2.217733845999931], [104.30714011600008, -2.217741604999958], [104.30634330600009, -2.21773989899998], [104.30582019600007, -2.217730641999935], [104.30515459900005, -2.217728066999939], [104.30449637200007, -2.217723624999962], [104.30368072800007, -2.217716200999973], [104.30309637800008, -2.217705330999934], [104.30253256500004, -2.217709913999954], [104.30174202700005, -2.217718691999949], [104.30157112600006, -2.216179512999929], [104.29882478000007, -2.216162746999942], [104.29901475100007, -2.217709248999938], [104.29830041100007, -2.217687857999977], [104.29774141500008, -2.217677983999977], [104.29719666000005, -2.217682068999977], [104.29656798900004, -2.217654449999941], [104.29571335600008, -2.217671608999979], [104.29506933200008, -2.217649807999976], [104.29453118400005, -2.217653771999949], [104.29390430000007, -2.217651702999945], [104.29309886300007, -2.217659242999957], [104.29238829400003, -2.217646902999945], [104.29172059100006, -2.217637263999961], [104.290887, -2.217636114999948], [104.29016132700008, -2.217646667999929], [104.28937396200007, -2.217612213999928], [104.28872241600004, -2.21763350699996], [104.28806381600003, -2.217625863999956], [104.28733749600008, -2.217620641999929], [104.28661861600006, -2.217634076999957], [104.28608109500004, -2.217614605999927], [104.28535591400004, -2.217611018999946], [104.28461331000005, -2.217608394999957], [104.28367620500006, -2.21758955599995], [104.28292777800004, -2.21760366999996], [104.28219502200005, -2.217585756999938], [104.28195950000008, -2.216550749999953], [104.28178156300004, -2.214360285999931], [104.28186027000004, -2.213838275999933], [104.283685, -2.208354332999932], [104.28376198300003, -2.201837761999968], [104.28369500100007, -2.199688499999979], [104.284904, -2.199689], [104.287537, -2.199661], [104.29074065100008, -2.199813361999929], [104.29059450000005, -2.198305498999957], [104.293755, -2.198207665999973], [104.29589, -2.197339], [104.29898466600008, -2.196192], [104.30179866700007, -2.195885], [104.30453080900008, -2.19543521199995], [104.304571, -2.196681799999965]], [[104.31011995000006, -2.202818822999973], [104.31290537700005, -2.202823233999936], [104.31291991400008, -2.201312198999972], [104.31012025300004, -2.201311842999928], [104.31011995000006, -2.202818822999973]]]}},
{"type": "Feature", "properties": {"ba_code": "6922", "division": "05"}, "geometry": {"type": "MultiLineString", "coordinates": [[[104.315938, -2.180884], [104.319376, -2.18091], [104.32152625000003, -2.180932], [104.32151725000006, -2.190172], [104.31914925000007, -2.190116], [104.31894425000007, -2.199453998999957], [104.31583325000008, -2.199479], [104.31292, -2.199504499999932], [104.310132, -2.199502], [104.307595, -2.199529], [104.304541, -2.199551], [104.304571, -2.196681799999965], [104.30453080900008, -2.19543521199995], [104.306599, -2.194566], [104.30660800100009, -2.189762], [104.30662125000003, -2.180792], [104.307798, -2.180805], [104.31020575000008, -2.180834], [104.31298275000006, -2.18086], [104.315938, -2.180884]], [[104.30391289400006, -2.233722900999965], [104.30432233400006, -2.234132961999933], [104.303341, -2.234015], [104.302298, -2.233572], [104.30152250000003, -2.233204499999943], [104.30069878800003, -2.233103723999932], [104.29984164600006, -2.233229001999973], [104.29913746900007, -2.233278819999953], [104.29860936900008, -2.233282979999956], [104.297913, -2.233260199999961], [104.29720350000008, -2.233063], [104.296662, -2.232946499999969], [104.29604866600005, -2.23290233299997], [104.29576983400005, -2.234224166999979], [104.29474600100008, -2.234838499999967], [104.29369450000007, -2.235241], [104.29278058400007, -2.235603582999943], [104.29188, -2.235954498999945], [104.291262, -2.236114], [104.290727, -2.236233998999978], [104.29019750000003, -2.236430749999954], [104.289321, -2.236713499999951], [104.288411, -2.236907498999926], [104.28753839100006, -2.236909670999978], [104.28672883200005, -2.237182657999938], [104.28622990000008, -2.237322248999931], [104.28569460000006, -2.23734835199997], [104.28478619100008, -2.237524238999924], [104.28413188100006, -2.237813736999954], [104.283331, -2.237974832999953], [104.282503, -2.237862], [104.28163416700005, -2.237819], [104.280496, -2.237954], [104.279783, -2.237945499999967], [104.27896150100008, -2.237788], [104.277137, -2.237273], [104.27608066600004, -2.23673], [104.27477046700005, -2.235700803999976], [104.274211, -2.234783], [104.273449, -2.233581], [104.273088, -2.232379], [104.27305280000007, -2.230866399999968], [104.273128, -2.229814], [104.273689, -2.228772], [104.27465975100006, -2.226757], [104.27572700100006, -2.22657], [104.27635753000004, -2.226596377999954], [104.27616786900006, -2.227943740999933], [104.27615603300006, -2.230106680999938], [104.27614565400006, -2.233090546999961], [104.27631726400006, -2.235840929999938], [104.27701379900009, -2.235715599999935], [104.27758506700008, -2.235723639999946], [104.27835075900003, -2.235741804999975], [104.27886980000005, -2.235755199999971], [104.27970493600009, -2.235772407999946], [104.28068722500007, -2.235768801999939], [104.28162585400008, -2.235792874999959], [104.28227928000007, -2.23579983299993], [104.28280316700005, -2.235810499999957], [104.28337076500009, -2.235818257999938], [104.283878, -2.235759249999944], [104.28440009900004, -2.235605347999979], [104.28502629900004, -2.235410406999961], [104.28570458800004, -2.235206539999979], [104.28620525000008, -2.235058249999952], [104.28671614800004, -2.234900702999937], [104.28755693100004, -2.234649225999931], [104.28830527300005, -2.234414994999952], [104.28888130300004, -2.23424560199993], [104.28959259900006, -2.234037586999932], [104.29032879100004, -2.233820081999966], [104.29112907600006, -2.233573534999948], [104.29183873700003, -2.233357814999977], [104.29248803400009, -2.233177952999938], [104.29315581700007, -2.232978512999978], [104.293859, -2.232756832999939], [104.29442038200006, -2.232594490999929], [104.29525859300009, -2.232353122999939], [104.29609909300007, -2.232121242999938], [104.29665129200004, -2.23194185899996], [104.29722218000006, -2.231767934999937], [104.29774238000005, -2.231611176999934], [104.29843735100008, -2.23139759999998], [104.29958407100008, -2.231476364999935], [104.30018120000005, -2.232081], [104.30073519700005, -2.232351995999977], [104.30133168200007, -2.232599065999977], [104.30211728200004, -2.232901765999941], [104.30271766700008, -2.233239332999972], [104.30329873900007, -2.233481486999949], [104.30391289400006, -2.233722900999965]], [[104.28234728600006, -2.19996514199994], [104.28369500100007, -2.199688499999979], [104.28376198300003, -2.201837761999968], [104.283685, -2.208354332999932], [104.283357, -2.207328], [104.283281, -2.206581], [104.283222, -2.205997], [104.283155, -2.205335], [104.283096, -2.204752], [104.28285850000009, -2.203851499999928], [104.282693, -2.202963], [104.282713, -2.20234], [104.28265057500005, -2.201570099999969], [104.282438, -2.200851856999975], [104.28234728600006, -2.19996514199994]], [[104.281301, -2.214895499999955], [104.28178156300004, -2.214360285999931], [104.28195950000008, -2.216550749999953], [104.28219502200005, -2.217585756999938], [104.28154750100003, -2.217537998999944], [104.28025831500008, -2.217530947999933], [104.280336, -2.216842], [104.280589, -2.216218], [104.28093050000007, -2.215491], [104.281301, -2.214895499999955]], [[104.30432233400006, -2.234132961999933], [104.30512823500004, -2.234214709999947], [104.30588516000006, -2.234524578999981], [104.30645451000004, -2.234763749999956], [104.30713885700004, -2.234888268999953], [104.30760759100008, -2.235227699999939], [104.30813528400006, -2.235430707999967], [104.30898247600004, -2.23572606099998], [104.308848, -2.236624499999948], [104.308172, -2.236303], [104.307368, -2.235918332999972], [104.306725, -2.23561], [104.305925, -2.235226], [104.305286, -2.23492], [104.304637, -2.234567], [104.30432233400006, -2.234132961999933]]]}},
{"type": "Feature", "properties": {"ba_code": "6922", "division": "06"}, "geometry": {"type": "MultiLineString", "coordinates": [[[104.344657, -2.171914998999966], [104.344666, -2.1811], [104.344046, -2.181086], [104.34102825000008, -2.181018], [104.33724225000009, -2.181014], [104.33416225000008, -2.181034], [104.33248925000004, -2.181025], [104.32898925000006, -2.180994], [104.32646125000008, -2.180968], [104.32404025000005, -2.180952], [104.32152625000003, -2.180932], [104.319376, -2.18091], [104.315938, -2.180884], [104.31298275000006, -2.18086], [104.31020575000008, -2.180834], [104.307798, -2.180805], [104.30662125000003, -2.180792], [104.306635, -2.171473], [104.306648, -2.162971], [104.306652, -2.162254], [104.30789650000008, -2.162485], [104.31023150000004, -2.16225849999995], [104.31085688400009, -2.162193035999962], [104.312422, -2.161824], [104.31301483400006, -2.162073499999963], [104.31595133400003, -2.162075], [104.31771761800007, -2.162045064999973], [104.31975016600006, -2.162082333999933], [104.32145816600007, -2.162082333999933], [104.32302131900008, -2.162067203999925], [104.32397550000007, -2.162114666999969], [104.32636375000004, -2.162080499999945], [104.328302, -2.161877], [104.32844189300005, -2.162368913999956], [104.32873039700007, -2.165556977999927], [104.32879699000006, -2.166447991999974], [104.329494, -2.171014], [104.32960800100005, -2.171892], [104.330086, -2.175583], [104.330668, -2.180025], [104.33250150000003, -2.177597], [104.334089, -2.175494749999928], [104.33702750000003, -2.171748124999965], [104.33775, -2.170665], [104.34094150000004, -2.166437998999925], [104.341286, -2.165981], [104.34396620000007, -2.162525399999936], [104.344653, -2.16175], [104.344647, -2.162523], [104.344657, -2.171914998999966]]]}},
{"type": "Feature", "properties": {"ba_code": "6922", "division": "02"}, "geometry": {"type": "MultiLineString", "coordinates": [[[104.34426958400007, -2.216180668999925], [104.34439325100004, -2.218025], [104.34428357100006, -2.221075690999953], [104.34429788900007, -2.225960695999959], [104.344417, -2.227206], [104.34430554500005, -2.230846115999952], [104.34441000100009, -2.233721], [104.34070750000006, -2.233667], [104.33804250000009, -2.23365], [104.33517850000004, -2.233588], [104.33233300100005, -2.233546998999941], [104.33044533300006, -2.233538], [104.32964350000009, -2.234049], [104.32677799900006, -2.236102], [104.32407150000006, -2.23801999899996], [104.321361, -2.23995], [104.319194, -2.241468], [104.31800750000008, -2.240703998999948], [104.31710747500006, -2.240569352999955], [104.31734383300005, -2.241055832999962], [104.31734980000004, -2.241603], [104.31680300100004, -2.242062499999975], [104.31601050000006, -2.242476], [104.31532752000004, -2.242764851999937], [104.31546050300005, -2.242230401999961], [104.31547680000006, -2.239335399999959], [104.31548966700007, -2.236132], [104.31539425100004, -2.226972623999927], [104.315658, -2.217804399999977], [104.31575225000006, -2.208845], [104.31874525000006, -2.208875], [104.32151125000007, -2.208902], [104.32406125000006, -2.208965], [104.326682, -2.208982248999973], [104.32938825000008, -2.209057], [104.33251125000004, -2.20909], [104.33492525000008, -2.209136], [104.33768025000006, -2.209209], [104.34089625000007, -2.209251499999937], [104.34436925000006, -2.209315499999946], [104.34425485400004, -2.211295664999966], [104.34426958400007, -2.216180668999925]], [[104.32945033300007, -2.217886], [104.332457, -2.217919], [104.33245095200004, -2.216588385999955], [104.32945296200006, -2.216568408999933], [104.32945033300007, -2.217886]]]}},
{"type": "Feature", "properties": {"ba_code": "6922", "division": "03"}, "geometry": {"type": "MultiLineString", "coordinates": [[[104.33248925000004, -2.181025], [104.33416225000008, -2.181034], [104.33724225000009, -2.181014], [104.34102825000008, -2.181018], [104.344046, -2.181086], [104.344666, -2.1811], [104.34431675000008, -2.190675499999941], [104.344615, -2.199497998999959], [104.34436925000006, -2.209315499999946], [104.34089625000007, -2.209251499999937], [104.33768025000006, -2.209209], [104.33492525000008, -2.209136], [104.33251125000004, -2.20909], [104.32938825000008, -2.209057], [104.326682, -2.208982248999973], [104.32406125000006, -2.208965], [104.32151125000007, -2.208902], [104.31874525000006, -2.208875], [104.31575225000006, -2.208845], [104.31583325000008, -2.199479], [104.31894425000007, -2.199453998999957], [104.31914925000007, -2.190116], [104.32151725000006, -2.190172], [104.32152625000003, -2.180932], [104.32404025000005, -2.180952], [104.32646125000008, -2.180968], [104.32898925000006, -2.180994], [104.33248925000004, -2.181025]], [[104.32406169300003, -2.181748002999939], [104.32406042500008, -2.183531002999928], [104.32646591200006, -2.183523596999976], [104.32645544100006, -2.181754606999959], [104.32406169300003, -2.181748002999939]]]}}
]
}
