{
"type": "FeatureCollection",
"features": [
{"type": "Feature", "properties": {"ba_code": "6923", "blockid": "6923D14P08", "division": "02"}, "geometry": {"type": "MultiPolygon", "coordinates": [[[[104.021632, -2.069636], [104.024358, -2.069664], [104.024364, -2.078749], [104.021652, -2.078734], [104.021632, -2.069636]]]]}},
{"type": "Feature", "properties": {"ba_code": "6923", "blockid": "6923I11P10", "division": "03"}, "geometry": {"type": "MultiPolygon", "coordinates": [[[[104.015921, -2.023821], [104.015924, -2.032867], [104.013347, -2.032863], [104.013357, -2.023817], [104.015921, -2.023821]]]]}},
{"type": "Feature", "properties": {"ba_code": "6923", "blockid": "6923F12P08", "division": "03"}, "geometry": {"type": "MultiPolygon", "coordinates": [[[[104.016087, -2.060355], [104.016079, -2.05125], [104.018816, -2.05125], [104.018801, -2.060361], [104.016087, -2.060355]]]]}},
{"type": "Feature", "properties": {"ba_code": "6923", "blockid": "6923G10P09", "division": "03"}, "geometry": {"type": "MultiPolygon", "coordinates": [[[[104.010495, -2.042053], [104.010495, -2.042043], [104.013254, -2.042039], [104.013261, -2.048152], [104.013261, -2.048347], [104.013261, -2.048563], [104.013262, -2.049427], [104.013264, -2.051124], [104.01223, -2.051128], [104.010518, -2.051127], [104.010505, -2.050867], [104.010523, -2.047525], [104.010523, -2.047524], [104.010524, -2.045], [104.010531, -2.042089], [104.010526, -2.042071], [104.010513, -2.042058], [104.010495, -2.042053]]]]}},
{"type": "Feature", "properties": {"ba_code": "6923", "blockid": "6923D18P07", "division": "02"}, "geometry": {"type": "MultiPolygon", "coordinates": [[[[104.032821, -2.0697], [104.035542, -2.069712], [104.035559, -2.078744], [104.032848, -2.078742], [104.032821, -2.0697]]]]}},
{"type": "Feature", "properties": {"ba_code": "6923", "blockid": "6923K16P11", "division": "04"}, "geometry": {"type": "MultiPolygon", "coordinates": [[[[104.02724, -2.014454], [104.027236, -2.005603], [104.030129, -2.005576], [104.030129, -2.014454], [104.02724, -2.014454]]]]}},
{"type": "Feature", "properties": {"ba_code": "6923", "blockid": "6923K17P11", "division": "04"}, "geometry": {"type": "MultiPolygon", "coordinates": [[[[104.030224, -2.014453], [104.030224, -2.005576], [104.032911, -2.005556], [104.032994, -2.014454], [104.030224, -2.014453]]]]}},
{"type": "Feature", "properties": {"ba_code": "6923", "blockid": "6923K12P11", "division": "05"}, "geometry": {"type": "MultiPolygon", "coordinates": [[[[104.016014, -2.014461], [104.015921, -2.005697], [104.018873, -2.00567], [104.018834, -2.01446], [104.016014, -2.014461]]]]}},
{"type": "Feature", "properties": {"ba_code": "6923", "blockid": "6923E16P07", "division": "02"}, "geometry": {"type": "MultiPolygon", "coordinates": [[[[104.029998, -2.060519], [104.029963, -2.069551], [104.027261, -2.069567], [104.027262, -2.060494], [104.029998, -2.060519]]]]}},
{"type": "Feature", "properties": {"ba_code": "6923", "blockid": "6923B20P08", "division": "01"}, "geometry": {"type": "MultiPolygon", "coordinates": [[[[104.041127, -2.08805], [104.041124, -2.097109], [104.038437, -2.097106], [104.038432, -2.088047], [104.041127, -2.08805]]]]}},
{"type": "Feature", "properties": {"ba_code": "6923", "blockid": "6923B18P08", "division": "02"}, "geometry": {"type": "MultiPolygon", "coordinates": [[[[104.035559, -2.088044], [104.035566, -2.097102], [104.032863, -2.097102], [104.032857, -2.088042], [104.035559, -2.088044]]]]}},
{"type": "Feature", "properties": {"ba_code": "6923", "blockid": "6923G15P08", "division": "03"}, "geometry": {"type": "MultiPolygon", "coordinates": [[[[104.024391, -2.042049], [104.027141, -2.042051], [104.02718, -2.051128], [104.024521, -2.051126], [104.024391, -2.042049]]]]}},
{"type": "Feature", "properties": {"ba_code": "6923", "blockid": "6923C24P12", "division": "04"}, "geometry": {"type": "MultiPolygon", "coordinates": [[[[104.055141, -2.088508], [104.054809, -2.088503], [104.05243, -2.088475], [104.052428, -2.08709], [104.052427, -2.086248], [104.052427, -2.086662], [104.052426, -2.086661], [104.052425, -2.086119], [104.055141, -2.088508]]]]}},
{"type": "Feature", "properties": {"ba_code": "6923", "blockid": "6923B24P07", "division": "01"}, "geometry": {"type": "MultiPolygon", "coordinates": [[[[104.04962, -2.088048], [104.052335, -2.088047], [104.052337, -2.097114], [104.049619, -2.097108], [104.04962, -2.088048]]]]}},
{"type": "Feature", "properties": {"ba_code": "6923", "blockid": "6923L12P11", "division": "05"}, "geometry": {"type": "MultiPolygon", "coordinates": [[[[104.01593, -1.996962], [104.018874, -1.9969], [104.018873, -2.005545], [104.018269, -2.005559], [104.015921, -2.005571], [104.01593, -1.996962]]]]}},
{"type": "Feature", "properties": {"ba_code": "6923", "blockid": "6923E25P07", "division": "01"}, "geometry": {"type": "MultiPolygon", "coordinates": [[[[104.05375, -2.060561], [104.053951, -2.060716], [104.053951, -2.06072], [104.054641, -2.061054], [104.054695, -2.061076], [104.054744, -2.0611], [104.05479, -2.061126], [104.054836, -2.061154], [104.055194, -2.061348], [104.055202, -2.061517], [104.055209, -2.061968], [104.055208, -2.061968], [104.055208, -2.062932], [104.055208, -2.069581], [104.052435, -2.069581], [104.052422, -2.061286], [104.052421, -2.060558], [104.05375, -2.060561]]]]}},
{"type": "Feature", "properties": {"ba_code": "6923", "blockid": "6923E22P07", "division": "01"}, "geometry": {"type": "MultiPolygon", "coordinates": [[[[104.046704, -2.064776], [104.046702, -2.068105], [104.044, -2.068106], [104.044061, -2.060537], [104.046733, -2.06055], [104.046704, -2.064776]]]]}},
{"type": "Feature", "properties": {"ba_code": "6923", "blockid": "6923J07P11", "division": "05"}, "geometry": {"type": "MultiPolygon", "coordinates": [[[[104.001542, -2.01459], [104.004296, -2.014592], [104.004308, -2.023693], [104.00159, -2.02369], [104.001542, -2.01459]]]]}},
{"type": "Feature", "properties": {"ba_code": "6923", "blockid": "6923I10P10", "division": "03"}, "geometry": {"type": "MultiPolygon", "coordinates": [[[[104.013262, -2.023819], [104.013252, -2.032864], [104.010449, -2.03286], [104.010444, -2.023816], [104.013262, -2.023819]]]]}},
{"type": "Feature", "properties": {"ba_code": "6923", "blockid": "6923K06P12", "division": "05"}, "geometry": {"type": "MultiPolygon", "coordinates": [[[[104.000648, -2.005573], [104.000729, -2.005499], [104.000761, -2.005471], [104.000892, -2.005361], [104.000915, -2.005345], [104.001097, -2.005184], [104.001275, -2.005013], [104.001415, -2.004893], [104.001408, -2.005766], [104.001444, -2.014461], [103.999867, -2.014532], [103.999341, -2.011427], [103.999343, -2.011404], [103.999355, -2.011251], [103.999357, -2.01115], [103.999345, -2.011007], [103.999338, -2.010911], [103.999311, -2.010751], [103.999289, -2.010501], [103.99928, -2.010417], [103.999264, -2.010316], [103.999262, -2.010257], [103.999243, -2.010168], [103.999226, -2.01006], [103.999221, -2.009954], [103.999208, -2.009842], [103.999206, -2.009764], [103.999195, -2.009644], [103.999164, -2.009507], [103.999149, -2.009398], [103.999133, -2.009325], [103.999112, -2.009227], [103.999109, -2.009203], [103.999002, -2.008119], [103.999005, -2.008059], [103.999007, -2.00799], [103.999006, -2.007861], [103.999007, -2.007751], [103.999014, -2.007638], [103.999009, -2.007611], [103.998987, -2.00748], [103.998986, -2.007352], [103.998975, -2.007267], [103.998962, -2.007175], [103.998962, -2.007158], [103.999103, -2.00702], [103.999132, -2.007006], [103.999194, -2.006953], [103.999237, -2.006913], [103.999297, -2.006849], [103.999384, -2.00677], [103.999495, -2.006667], [103.999583, -2.006594], [103.999661, -2.006514], [103.999769, -2.006403], [103.999865, -2.006312], [103.999976, -2.006223], [103.999977, -2.006223], [104.000063, -2.006133], [104.000143, -2.006065], [104.000225, -2.005963], [104.000331, -2.005869], [104.000392, -2.005807], [104.000575, -2.005644], [104.000648, -2.005573]]], [[[104.001498, -2.023675], [104.000546, -2.018543], [104.00046, -2.018002], [104.000339, -2.01733], [104.000328, -2.017266], [104.000188, -2.016432], [104.000167, -2.016297], [104.000132, -2.016039], [104.000089, -2.015815], [104.000082, -2.015796], [104.000074, -2.01575], [103.999891, -2.014673], [104.001441, -2.014599], [104.001448, -2.01523], [104.001447, -2.016315], [104.00147, -2.018031], [104.00148, -2.019003], [104.00148, -2.019664], [104.001487, -2.020969], [104.001498, -2.023675]]]]}},
{"type": "Feature", "properties": {"ba_code": "6923", "blockid": "6923D17P07", "division": "02"}, "geometry": {"type": "MultiPolygon", "coordinates": [[[[104.030058, -2.069676], [104.032726, -2.0697], [104.032754, -2.078745], [104.030039, -2.078748], [104.030058, -2.069676]]]]}},
{"type": "Feature", "properties": {"ba_code": "6923", "blockid": "6923B26P10", "division": "01"}, "geometry": {"type": "MultiPolygon", "coordinates": [[[[104.057919, -2.091231], [104.057917, -2.095917], [104.05524, -2.095896], [104.055239, -2.089689], [104.055869, -2.089689], [104.05792, -2.089689], [104.057919, -2.091231]]], [[[104.058014, -2.091303], [104.059589, -2.092486], [104.060562, -2.093218], [104.058015, -2.093219], [104.058014, -2.091303]]], [[[104.058002, -2.096013], [104.058002, -2.095942], [104.058013, -2.093306], [104.060671, -2.0933], [104.060755, -2.093363], [104.060755, -2.093467], [104.058002, -2.096013]]], [[[104.055226, -2.088532], [104.055302, -2.088551], [104.055346, -2.088548], [104.05543, -2.088562], [104.055472, -2.088584], [104.055532, -2.088596], [104.055563, -2.088605], [104.055573, -2.088604], [104.055601, -2.088627], [104.055743, -2.088679], [104.05578, -2.088693], [104.055847, -2.088729], [104.055924, -2.088761], [104.055969, -2.08878], [104.056011, -2.088781], [104.05603, -2.088792], [104.056112, -2.088852], [104.056163, -2.088871], [104.056211, -2.088893], [104.056262, -2.088913], [104.056374, -2.088946], [104.0564, -2.088968], [104.056472, -2.088975], [104.056578, -2.089003], [104.056621, -2.089013], [104.056663, -2.089048], [104.056708, -2.08907], [104.056738, -2.0891], [104.05678, -2.089121], [104.056814, -2.089169], [104.056861, -2.089193], [104.056903, -2.089206], [104.056932, -2.089219], [104.057008, -2.089208], [104.05706, -2.089202], [104.057112, -2.089213], [104.05717, -2.089208], [104.057216, -2.089214], [104.057269, -2.089217], [104.057323, -2.089222], [104.05737, -2.089224], [104.057413, -2.089238], [104.057447, -2.089231], [104.057492, -2.089241], [104.057542, -2.089249], [104.057578, -2.089249], [104.05762, -2.089251], [104.05765, -2.089273], [104.057694, -2.089253], [104.057747, -2.089271], [104.057799, -2.089293], [104.057849, -2.089307], [104.057894, -2.089324], [104.057918, -2.089332], [104.057918, -2.089621], [104.056326, -2.089621], [104.055775, -2.089618], [104.055236, -2.089615], [104.055232, -2.08921], [104.055226, -2.088532]]]]}},
{"type": "Feature", "properties": {"ba_code": "6923", "blockid": "6923H13P09", "division": "03"}, "geometry": {"type": "MultiPolygon", "coordinates": [[[[104.021545, -2.037621], [104.018932, -2.037609], [104.018938, -2.032997], [104.021543, -2.032999], [104.021545, -2.037621]]]]}},
{"type": "Feature", "properties": {"ba_code": "6923", "blockid": "6923E21P07", "division": "01"}, "geometry": {"type": "MultiPolygon", "coordinates": [[[[104.043966, -2.060537], [104.043923, -2.069588], [104.041223, -2.069588], [104.041277, -2.060548], [104.043966, -2.060537]]]]}},
{"type": "Feature", "properties": {"ba_code": "6923", "blockid": "6923K14P11", "division": "04"}, "geometry": {"type": "MultiPolygon", "coordinates": [[[[104.021646, -2.014458], [104.02157, -2.005649], [104.024282, -2.005626], [104.024283, -2.014458], [104.021646, -2.014458]]]]}},
{"type": "Feature", "properties": {"ba_code": "6923", "blockid": "6923G12P09", "division": "03"}, "geometry": {"type": "MultiPolygon", "coordinates": [[[[104.016023, -2.042042], [104.018835, -2.042044], [104.018816, -2.051125], [104.016079, -2.051124], [104.016023, -2.042042]]]]}},
{"type": "Feature", "properties": {"ba_code": "6923", "blockid": "6923D23P07", "division": "01"}, "geometry": {"type": "MultiPolygon", "coordinates": [[[[104.049521, -2.073471], [104.049521, -2.075507], [104.048717, -2.075507], [104.048773, -2.07875], [104.047986, -2.07875], [104.046795, -2.078751], [104.0468, -2.069712], [104.049522, -2.069709], [104.049521, -2.073471]]], [[[104.049559, -2.075571], [104.049559, -2.07587], [104.049468, -2.075966], [104.049405, -2.076058], [104.049365, -2.076116], [104.049262, -2.076239], [104.049224, -2.076301], [104.049178, -2.076375], [104.049151, -2.07643], [104.049127, -2.076476], [104.049105, -2.076522], [104.049081, -2.076563], [104.049032, -2.076647], [104.049026, -2.076662], [104.048997, -2.076728], [104.048966, -2.076797], [104.048942, -2.076847], [104.048909, -2.076914], [104.048883, -2.076966], [104.048858, -2.077034], [104.048824, -2.077117], [104.048814, -2.077138], [104.048802, -2.077162], [104.048778, -2.075577], [104.049559, -2.075571]]]]}},
{"type": "Feature", "properties": {"ba_code": "6923", "blockid": "6923K11P11", "division": "05"}, "geometry": {"type": "MultiPolygon", "coordinates": [[[[104.013364, -2.01446], [104.013378, -2.005717], [104.015826, -2.005697], [104.015919, -2.014462], [104.013364, -2.01446]]]]}},
{"type": "Feature", "properties": {"ba_code": "6923", "blockid": "6923L15P11", "division": "04"}, "geometry": {"type": "MultiPolygon", "coordinates": [[[[104.024313, -1.997855], [104.02431, -1.997539], [104.027086, -1.997554], [104.027093, -1.998598], [104.027141, -2.005478], [104.024377, -2.0055], [104.024313, -1.997855]]]]}},
{"type": "Feature", "properties": {"ba_code": "6923", "blockid": "6923L13P11", "division": "04"}, "geometry": {"type": "MultiPolygon", "coordinates": [[[[104.01896, -1.993288], [104.019326, -1.993263], [104.019334, -1.993266], [104.019373, -1.993268], [104.019417, -1.993268], [104.01946, -1.993259], [104.019513, -1.993266], [104.019563, -1.993268], [104.019609, -1.993277], [104.019688, -1.993266], [104.019741, -1.993273], [104.019767, -1.993237], [104.019784, -1.993198], [104.019807, -1.993141], [104.01981, -1.993097], [104.01981, -1.993085], [104.019812, -1.993071], [104.019811, -1.993042], [104.019808, -1.993013], [104.019806, -1.992971], [104.019823, -1.99292], [104.019828, -1.992911], [104.021528, -1.992911], [104.021473, -1.996618], [104.021474, -1.997091], [104.021474, -1.997186], [104.02148, -2.001746], [104.02148, -2.005511], [104.02148, -2.005545], [104.018969, -2.005545], [104.018969, -2.005511], [104.018966, -2.001747], [104.018962, -1.996657], [104.018962, -1.996618], [104.018963, -1.996414], [104.01896, -1.993288]]], [[[104.021572, -1.992814], [104.024211, -1.992894], [104.024229, -1.993428], [104.024235, -1.993718], [104.024228, -1.993995], [104.024227, -1.994275], [104.024241, -1.9945], [104.02157, -1.994335], [104.021572, -1.992814]]]]}},
{"type": "Feature", "properties": {"ba_code": "6923", "blockid": "6923F14P08", "division": "03"}, "geometry": {"type": "MultiPolygon", "coordinates": [[[[104.021687, -2.051253], [104.024426, -2.051252], [104.024395, -2.060361], [104.02167, -2.060359], [104.021687, -2.051253]]]]}},
{"type": "Feature", "properties": {"ba_code": "6923", "blockid": "6923E18P07", "division": "02"}, "geometry": {"type": "MultiPolygon", "coordinates": [[[[104.035587, -2.06053], [104.035542, -2.069587], [104.032819, -2.069574], [104.032857, -2.060527], [104.035587, -2.06053]]]]}},
{"type": "Feature", "properties": {"ba_code": "6923", "blockid": "6923E28P12", "division": "04"}, "geometry": {"type": "MultiPolygon", "coordinates": [[[[104.063815, -2.067283], [104.063782, -2.067815], [104.063518, -2.068147], [104.063072, -2.068546], [104.062221, -2.069135], [104.061399, -2.069602], [104.061327, -2.06956], [104.061182, -2.06953], [104.060842, -2.069489], [104.060842, -2.064343], [104.062132, -2.065255], [104.063007, -2.066087], [104.063485, -2.066619], [104.063815, -2.067283]]], [[[104.060761, -2.064287], [104.060761, -2.064317], [104.058011, -2.064312], [104.058002, -2.063528], [104.058011, -2.062728], [104.060761, -2.064287]]], [[[104.057917, -2.062828], [104.057916, -2.063081], [104.057816, -2.063081], [104.057812, -2.063081], [104.057754, -2.063086], [104.057692, -2.063082], [104.05769, -2.063082], [104.057626, -2.063081], [104.0575, -2.063078], [104.057499, -2.063078], [104.057496, -2.063078], [104.057434, -2.063082], [104.057372, -2.06308], [104.057308, -2.063078], [104.057307, -2.063078], [104.057243, -2.063078], [104.057242, -2.063078], [104.057182, -2.06308], [104.057122, -2.063075], [104.057118, -2.063075], [104.057115, -2.063075], [104.057052, -2.063079], [104.056926, -2.06308], [104.056871, -2.063074], [104.056825, -2.063058], [104.056787, -2.063023], [104.056747, -2.062977], [104.056744, -2.062975], [104.056699, -2.062931], [104.056696, -2.062928], [104.056649, -2.06289], [104.056603, -2.062848], [104.056595, -2.062843], [104.056594, -2.062842], [104.05654, -2.062813], [104.056532, -2.06281], [104.056475, -2.062793], [104.056463, -2.062791], [104.056402, -2.06279], [104.056339, -2.062789], [104.056338, -2.062789], [104.055304, -2.062788], [104.055303, -2.062788], [104.055285, -2.061716], [104.055343, -2.061736], [104.055386, -2.061749], [104.056521, -2.062336], [104.057917, -2.062828]]], [[[104.053632, -2.06047], [104.052368, -2.060458], [104.052368, -2.059898], [104.053607, -2.060451], [104.053632, -2.06047]]]]}},
{"type": "Feature", "properties": {"ba_code": "6923", "blockid": "6923B21P07", "division": "01"}, "geometry": {"type": "MultiPolygon", "coordinates": [[[[104.043928, -2.088052], [104.043937, -2.09711], [104.041219, -2.097108], [104.041222, -2.08805], [104.043928, -2.088052]]]]}},
{"type": "Feature", "properties": {"ba_code": "6923", "blockid": "6923I14P09", "division": "03"}, "geometry": {"type": "MultiPolygon", "coordinates": [[[[104.024281, -2.023826], [104.024282, -2.03287], [104.021644, -2.032869], [104.021641, -2.023825], [104.024281, -2.023826]]]]}},
{"type": "Feature", "properties": {"ba_code": "6923", "blockid": "6923K15P11", "division": "04"}, "geometry": {"type": "MultiPolygon", "coordinates": [[[[104.024378, -2.014457], [104.024377, -2.005626], [104.027141, -2.005603], [104.027145, -2.014455], [104.024378, -2.014457]]]]}},
{"type": "Feature", "properties": {"ba_code": "6923", "blockid": "6923J15P11", "division": "04"}, "geometry": {"type": "MultiPolygon", "coordinates": [[[[104.024376, -2.0237], [104.024378, -2.014583], [104.027145, -2.01458], [104.027142, -2.023696], [104.025421, -2.023702], [104.024376, -2.0237]]]]}},
{"type": "Feature", "properties": {"ba_code": "6923", "blockid": "6923I13P10", "division": "03"}, "geometry": {"type": "MultiPolygon", "coordinates": [[[[104.018931, -2.023822], [104.021546, -2.023825], [104.021549, -2.03287], [104.018934, -2.032869], [104.018931, -2.023822]]]]}},
{"type": "Feature", "properties": {"ba_code": "6923", "blockid": "6923F17P08", "division": "02"}, "geometry": {"type": "MultiPolygon", "coordinates": [[[[104.032762, -2.060402], [104.030093, -2.060393], [104.030033, -2.051255], [104.032841, -2.051258], [104.032762, -2.060402]]]]}},
{"type": "Feature", "properties": {"ba_code": "6923", "blockid": "6923D19P07", "division": "02"}, "geometry": {"type": "MultiPolygon", "coordinates": [[[[104.035637, -2.069712], [104.038339, -2.069712], [104.038338, -2.078745], [104.035654, -2.078743], [104.035637, -2.069712]]]]}},
{"type": "Feature", "properties": {"ba_code": "6923", "blockid": "6923J14P10", "division": "04"}, "geometry": {"type": "MultiPolygon", "coordinates": [[[[104.021641, -2.023699], [104.021646, -2.014584], [104.024283, -2.014583], [104.024281, -2.023701], [104.021641, -2.023699]]]]}},
{"type": "Feature", "properties": {"ba_code": "6923", "blockid": "6923F11P08", "division": "03"}, "geometry": {"type": "MultiPolygon", "coordinates": [[[[104.01329, -2.051249], [104.013359, -2.051249], [104.015984, -2.05125], [104.015992, -2.060356], [104.01347, -2.060352], [104.013272, -2.060353], [104.01328, -2.059524], [104.013264, -2.058104], [104.013278, -2.055899], [104.013267, -2.053774], [104.01329, -2.051249]]]]}},
{"type": "Feature", "properties": {"ba_code": "6923", "blockid": "6923B17P08", "division": "02"}, "geometry": {"type": "MultiPolygon", "coordinates": [[[[104.032762, -2.088042], [104.032768, -2.097103], [104.030063, -2.0971], [104.030036, -2.088041], [104.032762, -2.088042]]], [[[104.02991, -2.0971], [104.029845, -2.097083], [104.029837, -2.097082], [104.029836, -2.097082], [104.029568, -2.097089], [104.029367, -2.097069], [104.029313, -2.096877], [104.0293, -2.09663], [104.029336, -2.09638], [104.029336, -2.096378], [104.029357, -2.096136], [104.029357, -2.096135], [104.029389, -2.095598], [104.029389, -2.095596], [104.029389, -2.095592], [104.029356, -2.095299], [104.029355, -2.095296], [104.029297, -2.094992], [104.029259, -2.094689], [104.029259, -2.094687], [104.029203, -2.094371], [104.029145, -2.094057], [104.029095, -2.093747], [104.029045, -2.09344], [104.029045, -2.093439], [104.02899, -2.093131], [104.02899, -2.09313], [104.028918, -2.092832], [104.028908, -2.092518], [104.028929, -2.092188], [104.028949, -2.091871], [104.028964, -2.091573], [104.029004, -2.091291], [104.029004, -2.091289], [104.029027, -2.091022], [104.029062, -2.090773], [104.029062, -2.090769], [104.029061, -2.09076], [104.028993, -2.090515], [104.02899, -2.090508], [104.028985, -2.090502], [104.028771, -2.090279], [104.028563, -2.090058], [104.028369, -2.089816], [104.028181, -2.089574], [104.028176, -2.089568], [104.027952, -2.08939], [104.027948, -2.089388], [104.027942, -2.089385], [104.027683, -2.089303], [104.027679, -2.089302], [104.027416, -2.089255], [104.027324, -2.089102], [104.027328, -2.088815], [104.027333, -2.088516], [104.027333, -2.088515], [104.027332, -2.088249], [104.027331, -2.088247], [104.027319, -2.088055], [104.027315, -2.088041], [104.027311, -2.088036], [104.029941, -2.088041], [104.029968, -2.097101], [104.02991, -2.0971]]]]}},
{"type": "Feature", "properties": {"ba_code": "6923", "blockid": "6923B22P07", "division": "01"}, "geometry": {"type": "MultiPolygon", "coordinates": [[[[104.046696, -2.088044], [104.046706, -2.097109], [104.044032, -2.097109], [104.044023, -2.088052], [104.046696, -2.088044]]]]}},
{"type": "Feature", "properties": {"ba_code": "6923", "blockid": "6923F18P08", "division": "02"}, "geometry": {"type": "MultiPolygon", "coordinates": [[[[104.032936, -2.051257], [104.035629, -2.051253], [104.035587, -2.060405], [104.032857, -2.060401], [104.032936, -2.051257]]]]}},
{"type": "Feature", "properties": {"ba_code": "6923", "blockid": "6923F24P12", "division": "04"}, "geometry": {"type": "MultiPolygon", "coordinates": [[[[104.041249, -2.053535], [104.041248, -2.054578], [104.040765, -2.054576], [104.038447, -2.054566], [104.038438, -2.051252], [104.038439, -2.051011], [104.038666, -2.051002], [104.039338, -2.051047], [104.039476, -2.051087], [104.039584, -2.05117], [104.039596, -2.051205], [104.041213, -2.053495], [104.041249, -2.053535]]], [[[104.041326, -2.053622], [104.042181, -2.054577], [104.041327, -2.054578], [104.041326, -2.053622]]], [[[104.044083, -2.05753], [104.044083, -2.056752], [104.044083, -2.056155], [104.04411, -2.056171], [104.044492, -2.056486], [104.045806, -2.057331], [104.046047, -2.057402], [104.046106, -2.057423], [104.046163, -2.05744], [104.046232, -2.057449], [104.046763, -2.057588], [104.046763, -2.057666], [104.046251, -2.05765], [104.046252, -2.057592], [104.045674, -2.057581], [104.044904, -2.057563], [104.044085, -2.05753], [104.044083, -2.05753]]], [[[104.05237, -2.059898], [104.05237, -2.060458], [104.052355, -2.060458], [104.050945, -2.060457], [104.049634, -2.060456], [104.049643, -2.059755], [104.049656, -2.058687], [104.05237, -2.059898]]], [[[104.048428, -2.058278], [104.046857, -2.057801], [104.046856, -2.057612], [104.04814, -2.057947], [104.04842, -2.058164], [104.048428, -2.058278]]], [[[104.043999, -2.056075], [104.043996, -2.056109], [104.043996, -2.056593], [104.043789, -2.056593], [104.041324, -2.056593], [104.041326, -2.05526], [104.041327, -2.054686], [104.042313, -2.054686], [104.042723, -2.055025], [104.043999, -2.056075]]]]}},
{"type": "Feature", "properties": {"ba_code": "6923", "blockid": "6923A24P08", "division": "01"}, "geometry": {"type": "MultiPolygon", "coordinates": [[[[104.052337, -2.097239], [104.052328, -2.100866], [104.049618, -2.100853], [104.049619, -2.097234], [104.052337, -2.097239]]], [[[104.052333, -2.102413], [104.051084, -2.102413], [104.049619, -2.102413], [104.049618, -2.100979], [104.052328, -2.100991], [104.052329, -2.101265], [104.052333, -2.102413]]]]}},
{"type": "Feature", "properties": {"ba_code": "6923", "blockid": "6923I16P09", "division": "03"}, "geometry": {"type": "MultiPolygon", "coordinates": [[[[104.030129, -2.027596], [104.030131, -2.031594], [104.027935, -2.032865], [104.027237, -2.032868], [104.027237, -2.030242], [104.027237, -2.023829], [104.030128, -2.023832], [104.030129, -2.027596]]]]}},
{"type": "Feature", "properties": {"ba_code": "6923", "blockid": "6923F20P07", "division": "01"}, "geometry": {"type": "MultiPolygon", "coordinates": [[[[104.041248, -2.054686], [104.041242, -2.055215], [104.041182, -2.060423], [104.03844, -2.060416], [104.038437, -2.054678], [104.040837, -2.054685], [104.040838, -2.054685], [104.041248, -2.054686]]], [[[104.046251, -2.05765], [104.046763, -2.057666], [104.04676, -2.057668], [104.046758, -2.058166], [104.046758, -2.0582], [104.046757, -2.058341], [104.046749, -2.060427], [104.044061, -2.060411], [104.044077, -2.058356], [104.044078, -2.05818], [104.044082, -2.057663], [104.044083, -2.057658], [104.044083, -2.057646], [104.044402, -2.057659], [104.04441, -2.057664], [104.044522, -2.057664], [104.0449, -2.057679], [104.044901, -2.057679], [104.045672, -2.057697], [104.04625, -2.057708], [104.046251, -2.057708], [104.046251, -2.05765]]], [[[104.047664, -2.058046], [104.048428, -2.058278], [104.048428, -2.058275], [104.049568, -2.058618], [104.049555, -2.059709], [104.049546, -2.060431], [104.046844, -2.060426], [104.046853, -2.058252], [104.046855, -2.057803], [104.047664, -2.058046]]], [[[104.043994, -2.056705], [104.043987, -2.057622], [104.043966, -2.060412], [104.041277, -2.060422], [104.041315, -2.057636], [104.041328, -2.056679], [104.043943, -2.056677], [104.043994, -2.056705]]]]}},
{"type": "Feature", "properties": {"ba_code": "6923", "blockid": "6923E26P10", "division": "01"}, "geometry": {"type": "MultiPolygon", "coordinates": [[[[104.057917, -2.069577], [104.055303, -2.06958], [104.055305, -2.06299], [104.055305, -2.062911], [104.055305, -2.062878], [104.056338, -2.062879], [104.0564, -2.06288], [104.056455, -2.062881], [104.056502, -2.062895], [104.056547, -2.062919], [104.05659, -2.062958], [104.056592, -2.062959], [104.056638, -2.062997], [104.05668, -2.063038], [104.056721, -2.063085], [104.056725, -2.063089], [104.056772, -2.063131], [104.05678, -2.063136], [104.056787, -2.063139], [104.056846, -2.06316], [104.056856, -2.063163], [104.056919, -2.06317], [104.056924, -2.06317], [104.057054, -2.063169], [104.057057, -2.063169], [104.057118, -2.063165], [104.057177, -2.06317], [104.057181, -2.06317], [104.057182, -2.06317], [104.057244, -2.063168], [104.057306, -2.063168], [104.05737, -2.06317], [104.057434, -2.063172], [104.057435, -2.063172], [104.057438, -2.063172], [104.0575, -2.063168], [104.057624, -2.063171], [104.057687, -2.063172], [104.057751, -2.063176], [104.057754, -2.063176], [104.057758, -2.063176], [104.057818, -2.063171], [104.057916, -2.063171], [104.057916, -2.063218], [104.057916, -2.064535], [104.057917, -2.069577]]], [[[104.06076, -2.064393], [104.06076, -2.068641], [104.06076, -2.069535], [104.060639, -2.069578], [104.058013, -2.069576], [104.058011, -2.069576], [104.058011, -2.064591], [104.058011, -2.064392], [104.06076, -2.064393]]]]}},
{"type": "Feature", "properties": {"ba_code": "6923", "blockid": "6923J10P10", "division": "05"}, "geometry": {"type": "MultiPolygon", "coordinates": [[[[104.010444, -2.02369], [104.010462, -2.014588], [104.013269, -2.014586], [104.013262, -2.023694], [104.010444, -2.02369]]]]}},
{"type": "Feature", "properties": {"ba_code": "6923", "blockid": "6923L10P11", "division": "05"}, "geometry": {"type": "MultiPolygon", "coordinates": [[[[104.010607, -1.996589], [104.01327, -1.996561], [104.013271, -1.996865], [104.013289, -2.000839], [104.013289, -2.000903], [104.013289, -2.000974], [104.013288, -2.001331], [104.01329, -2.00561], [104.010492, -2.005608], [104.010492, -2.001331], [104.010492, -2.000974], [104.010492, -2.000903], [104.010492, -2.000839], [104.010513, -1.997879], [104.010515, -1.997646], [104.010522, -1.996861], [104.010524, -1.996596], [104.010607, -1.996589]]]]}},
{"type": "Feature", "properties": {"ba_code": "6923", "blockid": "6923F13P08", "division": "03"}, "geometry": {"type": "MultiPolygon", "coordinates": [[[[104.018911, -2.05125], [104.021592, -2.051253], [104.021575, -2.06036], [104.018896, -2.06036], [104.018911, -2.05125]]]]}},
{"type": "Feature", "properties": {"ba_code": "6923", "blockid": "6923G17P08", "division": "03"}, "geometry": {"type": "MultiPolygon", "coordinates": [[[[104.032846, -2.045088], [104.03284, -2.051132], [104.030033, -2.051129], [104.030085, -2.042094], [104.030085, -2.042051], [104.032849, -2.042064], [104.032846, -2.045088]]]]}},
{"type": "Feature", "properties": {"ba_code": "6923", "blockid": "6923F25P15", "division": "05"}, "geometry": {"type": "MultiPolygon", "coordinates": [[[[104.056829, -2.058623], [104.055199, -2.059522], [104.05474, -2.059775], [104.052325, -2.056145], [104.051669, -2.055158], [104.052215, -2.054318], [104.052325, -2.054362], [104.053871, -2.054987], [104.054084, -2.055277], [104.054342, -2.055632], [104.054638, -2.056064], [104.054883, -2.056449], [104.055201, -2.056917], [104.055317, -2.057089], [104.055591, -2.057513], [104.055937, -2.058012], [104.055942, -2.058017], [104.056717, -2.05855], [104.056829, -2.058623]]], [[[104.05381, -2.054885], [104.052325, -2.054278], [104.052243, -2.054244], [104.05228, -2.054015], [104.051972, -2.053826], [104.051941, -2.05373], [104.051524, -2.053538], [104.051378, -2.053574], [104.050903, -2.054044], [104.050916, -2.054063], [104.050913, -2.054066], [104.050384, -2.053318], [104.050384, -2.052667], [104.050604, -2.052512], [104.051276, -2.052046], [104.051277, -2.052046], [104.052325, -2.051299], [104.052342, -2.051287], [104.052944, -2.050855], [104.052986, -2.050966], [104.053002, -2.051026], [104.053107, -2.051439], [104.053118, -2.0515], [104.053118, -2.051501], [104.053153, -2.051662], [104.053174, -2.051769], [104.053475, -2.05319], [104.053558, -2.053861], [104.053595, -2.054014], [104.053618, -2.054165], [104.053644, -2.054372], [104.053661, -2.054623], [104.0537, -2.054679], [104.053718, -2.054718], [104.053718, -2.05472], [104.05381, -2.054885]]], [[[104.051283, -2.054911], [104.050382, -2.056727], [104.050384, -2.053473], [104.05085, -2.054132], [104.050839, -2.054143], [104.050836, -2.054149], [104.050773, -2.054329], [104.050771, -2.054341], [104.050772, -2.054348], [104.05079, -2.054443], [104.050794, -2.054454], [104.050831, -2.054518], [104.050839, -2.054528], [104.05118, -2.054806], [104.051283, -2.054911]]]]}},
{"type": "Feature", "properties": {"ba_code": "6923", "blockid": "6923A18P08", "division": "02"}, "geometry": {"type": "MultiPolygon", "coordinates": [[[[104.035563, -2.097229], [104.035569, -2.102508], [104.032864, -2.102508], [104.032863, -2.097228], [104.035563, -2.097229]]], [[[104.030081, -2.097226], [104.032768, -2.097228], [104.032772, -2.099643], [104.032773, -2.100015], [104.032773, -2.100178], [104.032776, -2.102359], [104.03273, -2.102309], [104.032729, -2.102308], [104.032544, -2.102122], [104.032351, -2.101925], [104.03235, -2.101925], [104.032153, -2.101732], [104.031956, -2.101526], [104.031956, -2.101525], [104.031753, -2.101321], [104.031549, -2.101108], [104.031548, -2.101108], [104.031348, -2.10091], [104.031148, -2.100706], [104.031147, -2.100705], [104.030936, -2.100498], [104.030734, -2.100294], [104.03053, -2.100089], [104.03032, -2.099873], [104.030132, -2.099682], [104.030084, -2.09945], [104.030084, -2.09916], [104.030084, -2.098849], [104.030084, -2.098848], [104.030072, -2.098544], [104.030084, -2.098248], [104.030084, -2.098247], [104.030086, -2.097944], [104.030086, -2.097943], [104.030083, -2.097631], [104.030091, -2.097366], [104.030091, -2.097365], [104.030091, -2.097363], [104.030081, -2.097226]]], [[[104.032854, -2.102634], [104.032864, -2.102634], [104.035569, -2.102633], [104.035564, -2.105473], [104.035566, -2.106032], [104.035439, -2.105867], [104.035438, -2.105865], [104.035276, -2.105687], [104.035275, -2.105687], [104.035106, -2.105506], [104.034941, -2.105326], [104.034941, -2.105325], [104.034768, -2.105144], [104.034599, -2.10495], [104.034597, -2.104948], [104.034416, -2.104771], [104.03425, -2.104564], [104.034249, -2.104563], [104.034073, -2.104371], [104.033902, -2.104185], [104.033737, -2.104002], [104.033593, -2.103831], [104.033462, -2.103675], [104.03338, -2.103549], [104.033378, -2.103547], [104.03329, -2.103435], [104.033178, -2.103287], [104.033084, -2.103147], [104.033083, -2.103145], [104.032999, -2.10304], [104.032941, -2.102958], [104.032904, -2.102892], [104.032902, -2.102888], [104.032865, -2.102839], [104.032845, -2.102777], [104.032853, -2.102671], [104.032853, -2.102669], [104.032854, -2.102634]]]]}},
{"type": "Feature", "properties": {"ba_code": "6923", "blockid": "6923D16P08", "division": "02"}, "geometry": {"type": "MultiPolygon", "coordinates": [[[[104.027259, -2.071756], [104.029959, -2.071762], [104.029944, -2.078749], [104.027244, -2.078732], [104.027259, -2.071756]]]]}},
{"type": "Feature", "properties": {"ba_code": "6923", "blockid": "6923D21P07", "division": "01"}, "geometry": {"type": "MultiPolygon", "coordinates": [[[[104.041223, -2.069714], [104.043923, -2.069713], [104.043928, -2.078749], [104.041217, -2.078745], [104.041223, -2.069714]]]]}},
{"type": "Feature", "properties": {"ba_code": "6923", "blockid": "6923G19P12", "division": "04"}, "geometry": {"type": "MultiPolygon", "coordinates": [[[[104.03573, -2.046422], [104.03573, -2.046412], [104.03574, -2.046402], [104.035745, -2.046382], [104.03574, -2.046362], [104.035725, -2.046347], [104.035705, -2.046342], [104.035703, -2.046342], [104.032934, -2.046451], [104.032959, -2.045461], [104.032958, -2.04521], [104.032946, -2.04207], [104.033559, -2.042081], [104.033884, -2.042081], [104.034111, -2.042081], [104.034232, -2.042198], [104.034289, -2.042262], [104.034353, -2.042353], [104.034421, -2.042436], [104.034508, -2.042579], [104.034583, -2.042692], [104.034704, -2.042813], [104.034776, -2.042904], [104.034874, -2.043044], [104.034927, -2.043131], [104.034995, -2.043259], [104.035067, -2.043376], [104.03515, -2.043489], [104.035241, -2.043599], [104.035328, -2.043693], [104.035384, -2.043761], [104.035445, -2.043878], [104.035479, -2.043931], [104.03554, -2.044011], [104.035611, -2.04412], [104.035653, -2.044184], [104.035668, -2.0442], [104.035713, -2.044248], [104.035744, -2.044298], [104.035808, -2.044433], [104.035849, -2.044558], [104.035872, -2.044611], [104.03594, -2.044717], [104.036057, -2.044894], [104.036121, -2.044984], [104.036197, -2.04512], [104.036272, -2.045302], [104.036351, -2.045468], [104.03645, -2.045653], [104.036525, -2.045864], [104.036556, -2.045958], [104.036609, -2.046053], [104.036669, -2.04614], [104.036748, -2.046226], [104.036839, -2.04631], [104.036926, -2.046419], [104.037028, -2.046532], [104.037126, -2.04671], [104.037251, -2.046981], [104.037368, -2.047227], [104.037425, -2.047351], [104.037481, -2.047476], [104.037519, -2.04757], [104.037546, -2.04762], [104.037682, -2.047831], [104.037734, -2.047914], [104.037818, -2.048027], [104.037852, -2.048073], [104.0379, -2.048175], [104.038059, -2.048394], [104.038135, -2.048515], [104.03824, -2.048643], [104.038399, -2.048938], [104.038467, -2.049059], [104.038543, -2.049157], [104.038698, -2.0496], [104.038495, -2.04964], [104.036805, -2.049955], [104.035687, -2.050134], [104.035724, -2.048218], [104.03573, -2.046422]]]]}},
{"type": "Feature", "properties": {"ba_code": "6923", "blockid": "6923J13P10", "division": "04"}, "geometry": {"type": "MultiPolygon", "coordinates": [[[[104.02155, -2.015504], [104.02155, -2.015537], [104.02155, -2.01565], [104.02155, -2.015774], [104.02155, -2.015969], [104.021546, -2.0237], [104.018931, -2.023696], [104.018929, -2.015982], [104.018929, -2.015787], [104.018929, -2.015664], [104.018929, -2.015551], [104.018929, -2.015518], [104.018929, -2.015503], [104.018929, -2.014585], [104.021551, -2.014584], [104.02155, -2.015489], [104.02155, -2.015504]]]]}},
{"type": "Feature", "properties": {"ba_code": "6923", "blockid": "6923D20P07", "division": "01"}, "geometry": {"type": "MultiPolygon", "coordinates": [[[[104.038434, -2.069712], [104.041128, -2.069714], [104.041122, -2.078746], [104.038432, -2.078746], [104.038434, -2.069712]]]]}},
{"type": "Feature", "properties": {"ba_code": "6923", "blockid": "6923C22P07", "division": "01"}, "geometry": {"type": "MultiPolygon", "coordinates": [[[[104.0467, -2.078877], [104.046696, -2.087919], [104.044023, -2.087926], [104.044023, -2.078874], [104.0467, -2.078877]]]]}},
{"type": "Feature", "properties": {"ba_code": "6923", "blockid": "6923L08P11", "division": "05"}, "geometry": {"type": "MultiPolygon", "coordinates": [[[[104.010412, -1.999699], [104.007971, -1.99971], [104.007597, -1.999712], [104.00759, -1.999388], [104.008632, -1.9983], [104.01041, -1.996445], [104.01041, -1.996463], [104.010411, -1.997956], [104.010412, -1.999699]]]]}},
{"type": "Feature", "properties": {"ba_code": "6923", "blockid": "6923E12P09", "division": "02"}, "geometry": {"type": "MultiPolygon", "coordinates": [[[[104.018801, -2.067473], [104.018801, -2.067746], [104.018801, -2.067747], [104.018801, -2.069075], [104.01872, -2.068981], [104.01872, -2.06898], [104.018561, -2.068804], [104.018559, -2.068802], [104.018362, -2.068606], [104.018161, -2.068408], [104.017964, -2.068211], [104.017763, -2.068007], [104.017562, -2.067801], [104.017365, -2.067598], [104.017166, -2.067397], [104.016965, -2.067193], [104.016767, -2.066994], [104.016766, -2.066993], [104.016569, -2.066798], [104.016379, -2.066603], [104.016378, -2.066602], [104.016185, -2.066425], [104.016098, -2.06633], [104.016087, -2.060481], [104.018801, -2.060486], [104.018801, -2.067473]]], [[[104.016003, -2.066226], [104.015806, -2.066025], [104.015604, -2.065816], [104.015402, -2.065606], [104.0152, -2.065397], [104.015199, -2.065396], [104.015003, -2.065202], [104.014802, -2.065], [104.014598, -2.064796], [104.014407, -2.064596], [104.014406, -2.064595], [104.014212, -2.0644], [104.014086, -2.064172], [104.014033, -2.063907], [104.013978, -2.063645], [104.013922, -2.063383], [104.013868, -2.063131], [104.013867, -2.06313], [104.013806, -2.06286], [104.013749, -2.062581], [104.013692, -2.06231], [104.013642, -2.062045], [104.013598, -2.061773], [104.013552, -2.061504], [104.013552, -2.061502], [104.013378, -2.060739], [104.013338, -2.060518], [104.013338, -2.060477], [104.013487, -2.060478], [104.015992, -2.060481], [104.016003, -2.066226]]]]}},
{"type": "Feature", "properties": {"ba_code": "6923", "blockid": "6923B28P12", "division": "04"}, "geometry": {"type": "MultiPolygon", "coordinates": [[[[104.057998, -2.089344], [104.05803, -2.089337], [104.058082, -2.089346], [104.058122, -2.089346], [104.058168, -2.089343], [104.058212, -2.089343], [104.058263, -2.089339], [104.058311, -2.089352], [104.058359, -2.089353], [104.058405, -2.089358], [104.058453, -2.089354], [104.058491, -2.089356], [104.058528, -2.089359], [104.058547, -2.089354], [104.058578, -2.089352], [104.058598, -2.089345], [104.058635, -2.089347], [104.058665, -2.089351], [104.058694, -2.089354], [104.058724, -2.089356], [104.05877, -2.089346], [104.058813, -2.089342], [104.058851, -2.089356], [104.058897, -2.089354], [104.058941, -2.089365], [104.058988, -2.089379], [104.059028, -2.089401], [104.059073, -2.0894], [104.05912, -2.089404], [104.059161, -2.089419], [104.059193, -2.08941], [104.059234, -2.089415], [104.059279, -2.089434], [104.059338, -2.089428], [104.059383, -2.089423], [104.059433, -2.089429], [104.059475, -2.089414], [104.059509, -2.089426], [104.059556, -2.089432], [104.05961, -2.089428], [104.059652, -2.08942], [104.059707, -2.089417], [104.059741, -2.089421], [104.059784, -2.089412], [104.059831, -2.089418], [104.059879, -2.089422], [104.059922, -2.089417], [104.059978, -2.089432], [104.060015, -2.08944], [104.060077, -2.089418], [104.06012, -2.089423], [104.060169, -2.089423], [104.060209, -2.089422], [104.060244, -2.089439], [104.060279, -2.089445], [104.060319, -2.089466], [104.060366, -2.089466], [104.060409, -2.08949], [104.060455, -2.089485], [104.060503, -2.089496], [104.060551, -2.089492], [104.060594, -2.089503], [104.060652, -2.089495], [104.060695, -2.089499], [104.060738, -2.089502], [104.060784, -2.089512], [104.060817, -2.089512], [104.06085, -2.089509], [104.060891, -2.089499], [104.060952, -2.089491], [104.061, -2.089507], [104.061009, -2.089495], [104.061036, -2.089499], [104.061184, -2.089501], [104.061287, -2.0895], [104.06157, -2.089498], [104.061719, -2.089507], [104.061957, -2.089519], [104.062231, -2.089525], [104.062375, -2.089538], [104.062514, -2.089547], [104.062646, -2.089539], [104.062779, -2.089551], [104.062918, -2.089553], [104.06306, -2.089554], [104.063201, -2.08957], [104.063341, -2.089571], [104.063479, -2.089552], [104.063621, -2.089567], [104.063761, -2.089567], [104.063892, -2.089559], [104.064012, -2.089561], [104.06416, -2.089583], [104.064289, -2.089572], [104.064419, -2.089587], [104.064542, -2.089578], [104.064677, -2.089571], [104.064812, -2.089574], [104.06493, -2.089583], [104.065046, -2.089594], [104.065343, -2.089573], [104.06542, -2.089572], [104.065485, -2.08959], [104.065518, -2.089607], [104.065571, -2.089666], [104.065617, -2.089692], [104.065681, -2.089745], [104.065742, -2.089792], [104.065809, -2.089842], [104.065848, -2.089866], [104.065914, -2.089978], [104.065339, -2.090686], [104.065252, -2.090774], [104.065137, -2.090874], [104.065026, -2.090979], [104.064892, -2.09106], [104.06477, -2.091129], [104.064653, -2.091209], [104.064567, -2.091351], [104.06452, -2.091483], [104.064399, -2.091667], [104.06434, -2.091711], [104.064291, -2.091753], [104.064234, -2.091807], [104.064189, -2.091856], [104.06412, -2.091902], [104.064051, -2.091963], [104.063981, -2.092028], [104.063907, -2.092094], [104.063839, -2.092152], [104.063798, -2.092192], [104.063729, -2.092248], [104.063661, -2.092312], [104.063601, -2.092366], [104.063524, -2.092433], [104.063479, -2.092468], [104.06345, -2.092491], [104.063385, -2.092548], [104.063301, -2.092586], [104.06323, -2.092635], [104.063106, -2.092679], [104.063033, -2.092729], [104.062983, -2.092773], [104.062929, -2.092835], [104.062864, -2.092905], [104.062799, -2.092982], [104.062761, -2.093028], [104.062707, -2.093097], [104.062656, -2.093164], [104.062587, -2.093231], [104.062503, -2.093325], [104.062404, -2.093424], [104.062239, -2.093601], [104.06192, -2.093887], [104.061776, -2.094014], [104.061701, -2.09409], [104.061657, -2.094131], [104.061591, -2.0942], [104.061513, -2.094278], [104.061437, -2.094348], [104.06137, -2.094413], [104.061292, -2.094483], [104.061217, -2.094567], [104.06114, -2.094631], [104.061056, -2.094707], [104.06098, -2.094771], [104.060893, -2.094834], [104.060842, -2.094865], [104.060762, -2.09495], [104.060755, -2.094956], [104.06069, -2.095013], [104.06063, -2.095069], [104.060556, -2.09514], [104.060472, -2.095213], [104.060413, -2.095288], [104.060334, -2.095356], [104.060242, -2.095445], [104.060154, -2.095525], [104.060068, -2.095612], [104.059991, -2.095689], [104.059896, -2.095769], [104.059812, -2.095851], [104.059733, -2.095937], [104.059652, -2.096008], [104.059575, -2.096089], [104.059493, -2.096169], [104.059405, -2.096259], [104.059322, -2.096336], [104.059238, -2.096422], [104.059155, -2.096503], [104.059071, -2.096581], [104.059, -2.09665], [104.058942, -2.096706], [104.058852, -2.096768], [104.058715, -2.096874], [104.058639, -2.096954], [104.058562, -2.097036], [104.0585, -2.097114], [104.058421, -2.097187], [104.058298, -2.09724], [104.058183, -2.097292], [104.058082, -2.097336], [104.058017, -2.097317], [104.058007, -2.096989], [104.058002, -2.096013], [104.060755, -2.093467], [104.060755, -2.093363], [104.060671, -2.0933], [104.060755, -2.0933], [104.060795, -2.0933], [104.060784, -2.090514], [104.060755, -2.090514], [104.058008, -2.090514], [104.057998, -2.089344]]], [[[104.060725, -2.093218], [104.060562, -2.093218], [104.059589, -2.092486], [104.058014, -2.091303], [104.058014, -2.090581], [104.060726, -2.090581], [104.060725, -2.093218]]]]}},
{"type": "Feature", "properties": {"ba_code": "6923", "blockid": "6923L07P11", "division": "05"}, "geometry": {"type": "MultiPolygon", "coordinates": [[[[104.001525, -2.005699], [104.001527, -2.00478], [104.004272, -2.00238], [104.004278, -2.002374], [104.004279, -2.002495], [104.004293, -2.004857], [104.004293, -2.005668], [104.002335, -2.005696], [104.001525, -2.005699]]]]}},
{"type": "Feature", "properties": {"ba_code": "6923", "blockid": "6923F23P14", "division": "05"}, "geometry": {"type": "MultiPolygon", "coordinates": [[[[104.054662, -2.059819], [104.054262, -2.060053], [104.054241, -2.060074], [104.054241, -2.060076], [104.052326, -2.059075], [104.050993, -2.058378], [104.050997, -2.05836], [104.050377, -2.058053], [104.050378, -2.05805], [104.050287, -2.057998], [104.050763, -2.057077], [104.050766, -2.057064], [104.050761, -2.057046], [104.050754, -2.057038], [104.050536, -2.056836], [104.051436, -2.055096], [104.051579, -2.055183], [104.051712, -2.055383], [104.0519, -2.055665], [104.052325, -2.056305], [104.054662, -2.059819]]]]}},
{"type": "Feature", "properties": {"ba_code": "6923", "blockid": "6923F24P14", "division": "05"}, "geometry": {"type": "MultiPolygon", "coordinates": [[[[104.061913, -2.060664], [104.061904, -2.060686], [104.061782, -2.060831], [104.061656, -2.061028], [104.061533, -2.061104], [104.061531, -2.061105], [104.061488, -2.061132], [104.06103, -2.06138], [104.060078, -2.061906], [104.060076, -2.06191], [104.059983, -2.062301], [104.059887, -2.062805], [104.059885, -2.062806], [104.059864, -2.062852], [104.058606, -2.062218], [104.058605, -2.062217], [104.056753, -2.061341], [104.055588, -2.060781], [104.055198, -2.060577], [104.054353, -2.060135], [104.054762, -2.059896], [104.055199, -2.059655], [104.056913, -2.05871], [104.056914, -2.05871], [104.056933, -2.058691], [104.05727, -2.058911], [104.057326, -2.058951], [104.058064, -2.059437], [104.058873, -2.059973], [104.0592, -2.060184], [104.059201, -2.060185], [104.059207, -2.060187], [104.059821, -2.060286], [104.060542, -2.060401], [104.060606, -2.060413], [104.061484, -2.060566], [104.061546, -2.060578], [104.061913, -2.060664]]]]}},
{"type": "Feature", "properties": {"ba_code": "6923", "blockid": "6923L11P11", "division": "05"}, "geometry": {"type": "MultiPolygon", "coordinates": [[[[104.013389, -1.996923], [104.013799, -1.996926], [104.015165, -1.9969], [104.015826, -1.996899], [104.015826, -2.005572], [104.013378, -2.005591], [104.013389, -1.996923]]]]}},
{"type": "Feature", "properties": {"ba_code": "6923", "blockid": "6923L07P12", "division": "05"}, "geometry": {"type": "MultiPolygon", "coordinates": [[[[104.004381, -2.002282], [104.007429, -1.999544], [104.00749, -1.999474], [104.007493, -2.000054], [104.007505, -2.002556], [104.00753, -2.004775], [104.007504, -2.005638], [104.004861, -2.005673], [104.004388, -2.005667], [104.004387, -2.002572], [104.004383, -2.002414], [104.004381, -2.002282]]]]}},
{"type": "Feature", "properties": {"ba_code": "6923", "blockid": "6923L16P11", "division": "04"}, "geometry": {"type": "MultiPolygon", "coordinates": [[[[104.027187, -1.998676], [104.027376, -1.99868], [104.030103, -1.998658], [104.030073, -1.998599], [104.030108, -1.998599], [104.030118, -2.001888], [104.030129, -2.005451], [104.027236, -2.005477], [104.027187, -1.998676]]], [[[104.030222, -2.001013], [104.03292, -2.000953], [104.032912, -2.005145], [104.032912, -2.005146], [104.032911, -2.005431], [104.030224, -2.00545], [104.030223, -2.00201], [104.030222, -2.001013]]]]}},
{"type": "Feature", "properties": {"ba_code": "6923", "blockid": "6923J11P10", "division": "05"}, "geometry": {"type": "MultiPolygon", "coordinates": [[[[104.013357, -2.023693], [104.013364, -2.014586], [104.015919, -2.014587], [104.015921, -2.023696], [104.013357, -2.023693]]]]}},
{"type": "Feature", "properties": {"ba_code": "6923", "blockid": "6923D27P12", "division": "04"}, "geometry": {"type": "MultiPolygon", "coordinates": [[[[104.058028, -2.071136], [104.057821, -2.071252], [104.057754, -2.071283], [104.05769, -2.071319], [104.057612, -2.071363], [104.057502, -2.071424], [104.057435, -2.071449], [104.057322, -2.071492], [104.057243, -2.071524], [104.057188, -2.071547], [104.057173, -2.071553], [104.057128, -2.07157], [104.056981, -2.071637], [104.056923, -2.071669], [104.056808, -2.071734], [104.05671, -2.071766], [104.056618, -2.071798], [104.056572, -2.071821], [104.056551, -2.071833], [104.056483, -2.071867], [104.056404, -2.071907], [104.056339, -2.071942], [104.056267, -2.071978], [104.056174, -2.072021], [104.056105, -2.072052], [104.05602, -2.072097], [104.055922, -2.07215], [104.055824, -2.072193], [104.055434, -2.072373], [104.055412, -2.072387], [104.055357, -2.072418], [104.055268, -2.072461], [104.05527, -2.072274], [104.05527, -2.072079], [104.055318, -2.072059], [104.055325, -2.071533], [104.057965, -2.070759], [104.058016, -2.070744], [104.058016, -2.070699], [104.058015, -2.070496], [104.058009, -2.069701], [104.060319, -2.06969], [104.060921, -2.069687], [104.060823, -2.069849], [104.060673, -2.069913], [104.060518, -2.06997], [104.06033, -2.07007], [104.060176, -2.070127], [104.06008, -2.070161], [104.06004, -2.070178], [104.059889, -2.070248], [104.05983, -2.070273], [104.059789, -2.07029], [104.059678, -2.070339], [104.059587, -2.070378], [104.05942, -2.070514], [104.059278, -2.07057], [104.05916, -2.070612], [104.059059, -2.070657], [104.058959, -2.070702], [104.058847, -2.070747], [104.058716, -2.0708], [104.058633, -2.07084], [104.058474, -2.070915], [104.058342, -2.070981], [104.05826, -2.071024], [104.058178, -2.071065], [104.058098, -2.071104], [104.058032, -2.071134], [104.058028, -2.071136]]], [[[104.057919, -2.07053], [104.057919, -2.070687], [104.055667, -2.071318], [104.055664, -2.071319], [104.055326, -2.071414], [104.055303, -2.069706], [104.057917, -2.069702], [104.057919, -2.07053]]]]}},
{"type": "Feature", "properties": {"ba_code": "6923", "blockid": "6923F15P08", "division": "02"}, "geometry": {"type": "MultiPolygon", "coordinates": [[[[104.02449, -2.06036], [104.024521, -2.051252], [104.02718, -2.051253], [104.027167, -2.060369], [104.02449, -2.06036]]]]}},
{"type": "Feature", "properties": {"ba_code": "6923", "blockid": "6923K18P11", "division": "04"}, "geometry": {"type": "MultiPolygon", "coordinates": [[[[104.034456, -2.014451], [104.033093, -2.01446], [104.033093, -2.014454], [104.033093, -2.014442], [104.033091, -2.014204], [104.033041, -2.008797], [104.033011, -2.005622], [104.03301, -2.005563], [104.033268, -2.005561], [104.035607, -2.005545], [104.035608, -2.005604], [104.035667, -2.008798], [104.035685, -2.014186], [104.03569, -2.014424], [104.03569, -2.014436], [104.03569, -2.014442], [104.034456, -2.014451]]]]}},
{"type": "Feature", "properties": {"ba_code": "6923", "blockid": "6923D22P07", "division": "01"}, "geometry": {"type": "MultiPolygon", "coordinates": [[[[104.044018, -2.070304], [104.046704, -2.070333], [104.0467, -2.078752], [104.044023, -2.078748], [104.044018, -2.070304]]]]}},
{"type": "Feature", "properties": {"ba_code": "6923", "blockid": "6923L14P11", "division": "04"}, "geometry": {"type": "MultiPolygon", "coordinates": [[[[104.02157, -1.997117], [104.02157, -1.994335], [104.024241, -1.9945], [104.024253, -1.997839], [104.024282, -2.005501], [104.02157, -2.005523], [104.02157, -1.997206], [104.02157, -1.997117]]]]}},
{"type": "Feature", "properties": {"ba_code": "6923", "blockid": "6923I12P10", "division": "03"}, "geometry": {"type": "MultiPolygon", "coordinates": [[[[104.018836, -2.023822], [104.018839, -2.03287], [104.016019, -2.032866], [104.016016, -2.023821], [104.018836, -2.023822]]]]}},
{"type": "Feature", "properties": {"ba_code": "6923", "blockid": "6923A25P10", "division": "01"}, "geometry": {"type": "MultiPolygon", "coordinates": [[[[104.055119, -2.09596], [104.055138, -2.098667], [104.055146, -2.099797], [104.054919, -2.099977], [104.054595, -2.100304], [104.054321, -2.100566], [104.053986, -2.100813], [104.05369, -2.101057], [104.053369, -2.101356], [104.053126, -2.101604], [104.052448, -2.102143], [104.052446, -2.101158], [104.052433, -2.095956], [104.055119, -2.09596]]], [[[104.055245, -2.098568], [104.055245, -2.098528], [104.055244, -2.098236], [104.055242, -2.097965], [104.055241, -2.097693], [104.055239, -2.097391], [104.055238, -2.097153], [104.055236, -2.09684], [104.055234, -2.09655], [104.055233, -2.096291], [104.055229, -2.095988], [104.055227, -2.095963], [104.057944, -2.095993], [104.057943, -2.096068], [104.05794, -2.096316], [104.057943, -2.096574], [104.057942, -2.096872], [104.057938, -2.097188], [104.05777, -2.097396], [104.057183, -2.097695], [104.056787, -2.097986], [104.056525, -2.098251], [104.056292, -2.098506], [104.056034, -2.098822], [104.055798, -2.099105], [104.055562, -2.099377], [104.055244, -2.099722], [104.05525, -2.099367], [104.055248, -2.099084], [104.055247, -2.098817], [104.055245, -2.098568]]]]}},
{"type": "Feature", "properties": {"ba_code": "6923", "blockid": "6923E14P08", "division": "02"}, "geometry": {"type": "MultiPolygon", "coordinates": [[[[104.024395, -2.060486], [104.024358, -2.069539], [104.021633, -2.069511], [104.02167, -2.060485], [104.024395, -2.060486]]]]}},
{"type": "Feature", "properties": {"ba_code": "6923", "blockid": "6923B19P08", "division": "02"}, "geometry": {"type": "MultiPolygon", "coordinates": [[[[104.035654, -2.088044], [104.038337, -2.088047], [104.038342, -2.097107], [104.035661, -2.097101], [104.035654, -2.088044]]]]}},
{"type": "Feature", "properties": {"ba_code": "6923", "blockid": "6923J09P11", "division": "05"}, "geometry": {"type": "MultiPolygon", "coordinates": [[[[104.007597, -2.014591], [104.010367, -2.014588], [104.010349, -2.023691], [104.0076, -2.023697], [104.007597, -2.014591]]]]}},
{"type": "Feature", "properties": {"ba_code": "6923", "blockid": "6923L09P11", "division": "05"}, "geometry": {"type": "MultiPolygon", "coordinates": [[[[104.007971, -1.99971], [104.010412, -1.999699], [104.010398, -2.005618], [104.008715, -2.005639], [104.007599, -2.005637], [104.007623, -2.004777], [104.007618, -2.004488], [104.007598, -2.002786], [104.007598, -2.002641], [104.007597, -1.999979], [104.007597, -1.999712], [104.007971, -1.99971]]]]}},
{"type": "Feature", "properties": {"ba_code": "6923", "blockid": "6923B25P07", "division": "01"}, "geometry": {"type": "MultiPolygon", "coordinates": [[[[104.055145, -2.089144], [104.055145, -2.095896], [104.052432, -2.09589], [104.05243, -2.088567], [104.054379, -2.088567], [104.055145, -2.088567], [104.055145, -2.089144]]]]}},
{"type": "Feature", "properties": {"ba_code": "6923", "blockid": "6923C17P07", "division": "02"}, "geometry": {"type": "MultiPolygon", "coordinates": [[[[104.032757, -2.078868], [104.032762, -2.087917], [104.030036, -2.087915], [104.030039, -2.078874], [104.032757, -2.078868]]]]}},
{"type": "Feature", "properties": {"ba_code": "6923", "blockid": "6923K10P11", "division": "05"}, "geometry": {"type": "MultiPolygon", "coordinates": [[[[104.010462, -2.014462], [104.010493, -2.005743], [104.013283, -2.005717], [104.013269, -2.014461], [104.010462, -2.014462]]]]}},
{"type": "Feature", "properties": {"ba_code": "6923", "blockid": "6923E23P08", "division": "01"}, "geometry": {"type": "MultiPolygon", "coordinates": [[[[104.046827, -2.064115], [104.046844, -2.060552], [104.049546, -2.060556], [104.049511, -2.069599], [104.048122, -2.069604], [104.048122, -2.069179], [104.047405, -2.069179], [104.047401, -2.068684], [104.046838, -2.068684], [104.046827, -2.064115]]]]}},
{"type": "Feature", "properties": {"ba_code": "6923", "blockid": "6923E15P07", "division": "02"}, "geometry": {"type": "MultiPolygon", "coordinates": [[[[104.027167, -2.065061], [104.027167, -2.069568], [104.024453, -2.069538], [104.024471, -2.065061], [104.02449, -2.060486], [104.027167, -2.060494], [104.027167, -2.065061]]]]}},
{"type": "Feature", "properties": {"ba_code": "6923", "blockid": "6923K09P11", "division": "05"}, "geometry": {"type": "MultiPolygon", "coordinates": [[[[104.007597, -2.014465], [104.007599, -2.005763], [104.010398, -2.005743], [104.010367, -2.014463], [104.007597, -2.014465]]]]}},
{"type": "Feature", "properties": {"ba_code": "6923", "blockid": "6923D24P10", "division": "01"}, "geometry": {"type": "MultiPolygon", "coordinates": [[[[104.049607, -2.073441], [104.049617, -2.069709], [104.05234, -2.069707], [104.052325, -2.072488], [104.052319, -2.073594], [104.049605, -2.074357], [104.049607, -2.073441]]], [[[104.05238, -2.073648], [104.052429, -2.073634], [104.052434, -2.073266], [104.05527, -2.072079], [104.05527, -2.072274], [104.055268, -2.072461], [104.055179, -2.072499], [104.055072, -2.072551], [104.054997, -2.072585], [104.05491, -2.072624], [104.054819, -2.072669], [104.054753, -2.072697], [104.054736, -2.072705], [104.054643, -2.072748], [104.054572, -2.072786], [104.05448, -2.072833], [104.054382, -2.072871], [104.054339, -2.072893], [104.054285, -2.072923], [104.054209, -2.072966], [104.053897, -2.073114], [104.053454, -2.073315], [104.053308, -2.073388], [104.053195, -2.073441], [104.053115, -2.073497], [104.053053, -2.07354], [104.052992, -2.073571], [104.05292, -2.073606], [104.052898, -2.073617], [104.052823, -2.073639], [104.052752, -2.073656], [104.052723, -2.07367], [104.052644, -2.073709], [104.052627, -2.073719], [104.052605, -2.073726], [104.052592, -2.073732], [104.052547, -2.073751], [104.052488, -2.073776], [104.052447, -2.073797], [104.052383, -2.07383], [104.05238, -2.073832], [104.052356, -2.073844], [104.05227, -2.073882], [104.052222, -2.073903], [104.052205, -2.073911], [104.052177, -2.073928], [104.052116, -2.073966], [104.052062, -2.074], [104.052015, -2.074028], [104.051948, -2.07407], [104.051902, -2.074092], [104.051854, -2.074116], [104.051808, -2.074138], [104.051739, -2.074178], [104.051707, -2.074196], [104.051651, -2.074227], [104.051581, -2.074263], [104.05153, -2.07429], [104.05145, -2.074345], [104.0514, -2.07438], [104.051275, -2.074475], [104.051184, -2.074546], [104.051145, -2.074576], [104.051069, -2.074636], [104.050974, -2.07471], [104.050928, -2.074746], [104.050801, -2.07484], [104.050694, -2.074922], [104.050623, -2.074977], [104.050529, -2.075058], [104.050489, -2.075087], [104.050395, -2.07515], [104.050308, -2.075199], [104.050255, -2.075228], [104.050184, -2.075288], [104.050163, -2.075306], [104.050137, -2.075328], [104.05006, -2.075389], [104.050009, -2.075446], [104.049955, -2.075501], [104.049818, -2.075632], [104.049728, -2.075718], [104.049669, -2.075768], [104.049591, -2.075836], [104.049563, -2.075866], [104.049559, -2.07587], [104.049559, -2.075571], [104.0496, -2.075571], [104.049605, -2.074436], [104.05238, -2.073648]]], [[[104.052439, -2.072448], [104.052435, -2.069707], [104.055208, -2.069706], [104.055217, -2.071476], [104.05522, -2.071993], [104.05244, -2.073143], [104.052439, -2.072448]]]]}},
{"type": "Feature", "properties": {"ba_code": "6923", "blockid": "6923E19P07", "division": "02"}, "geometry": {"type": "MultiPolygon", "coordinates": [[[[104.038345, -2.060542], [104.038339, -2.069587], [104.035637, -2.069586], [104.035682, -2.06053], [104.038345, -2.060542]]]]}},
{"type": "Feature", "properties": {"ba_code": "6923", "blockid": "6923I15P09", "division": "03"}, "geometry": {"type": "MultiPolygon", "coordinates": [[[[104.027142, -2.030329], [104.027142, -2.032869], [104.024402, -2.032869], [104.024377, -2.032869], [104.024376, -2.023826], [104.027142, -2.023829], [104.027142, -2.030329]]]]}},
{"type": "Feature", "properties": {"ba_code": "6923", "blockid": "6923B23P07", "division": "01"}, "geometry": {"type": "MultiPolygon", "coordinates": [[[[104.049525, -2.088048], [104.049524, -2.097109], [104.046801, -2.097108], [104.046791, -2.088044], [104.049525, -2.088048]]]]}},
{"type": "Feature", "properties": {"ba_code": "6923", "blockid": "6923G14P08", "division": "03"}, "geometry": {"type": "MultiPolygon", "coordinates": [[[[104.021644, -2.042046], [104.024296, -2.042049], [104.024426, -2.051127], [104.021687, -2.05113], [104.021644, -2.042046]]]]}},
{"type": "Feature", "properties": {"ba_code": "6923", "blockid": "6923C23P10", "division": "01"}, "geometry": {"type": "MultiPolygon", "coordinates": [[[[104.047983, -2.082255], [104.049523, -2.08221], [104.049525, -2.087923], [104.046791, -2.087918], [104.046816, -2.082289], [104.047983, -2.082255]]], [[[104.050627, -2.083062], [104.052335, -2.086002], [104.052334, -2.086153], [104.052334, -2.086999], [104.049619, -2.08439], [104.049619, -2.082199], [104.04962, -2.082031], [104.049937, -2.081939], [104.050053, -2.082074], [104.050582, -2.082997], [104.050627, -2.083062]]], [[[104.049619, -2.084391], [104.052334, -2.087], [104.052335, -2.087922], [104.04962, -2.087922], [104.049619, -2.084391]]]]}},
{"type": "Feature", "properties": {"ba_code": "6923", "blockid": "6923C16P08", "division": "02"}, "geometry": {"type": "MultiPolygon", "coordinates": [[[[104.029944, -2.078874], [104.029941, -2.087916], [104.027242, -2.087912], [104.027244, -2.078858], [104.029944, -2.078874]]]]}},
{"type": "Feature", "properties": {"ba_code": "6923", "blockid": "6923E24P07", "division": "01"}, "geometry": {"type": "MultiPolygon", "coordinates": [[[[104.052327, -2.06123], [104.05234, -2.069582], [104.049617, -2.069583], [104.049641, -2.060556], [104.051128, -2.060557], [104.052326, -2.060558], [104.052327, -2.06123]]]]}},
{"type": "Feature", "properties": {"ba_code": "6923", "blockid": "6923I17P09", "division": "03"}, "geometry": {"type": "MultiPolygon", "coordinates": [[[[104.032992, -2.024981], [104.032989, -2.028612], [104.030301, -2.030919], [104.030268, -2.031514], [104.030226, -2.031539], [104.030224, -2.027509], [104.030223, -2.023832], [104.032993, -2.023834], [104.032992, -2.024981]]], [[[104.034249, -2.023835], [104.035073, -2.023835], [104.035047, -2.023914], [104.033915, -2.026644], [104.033084, -2.028544], [104.033087, -2.024894], [104.033088, -2.023834], [104.034248, -2.023835], [104.034249, -2.023835]]]]}},
{"type": "Feature", "properties": {"ba_code": "6923", "blockid": "6923K13P11", "division": "04"}, "geometry": {"type": "MultiPolygon", "coordinates": [[[[104.018929, -2.014459], [104.018968, -2.00567], [104.021475, -2.005649], [104.021551, -2.014459], [104.018929, -2.014459]]]]}},
{"type": "Feature", "properties": {"ba_code": "6923", "blockid": "6923F19P08", "division": "02"}, "geometry": {"type": "MultiPolygon", "coordinates": [[[[104.035724, -2.051253], [104.038328, -2.051257], [104.038363, -2.058432], [104.038345, -2.060417], [104.035682, -2.060404], [104.035724, -2.051253]]]]}},
{"type": "Feature", "properties": {"ba_code": "6923", "blockid": "6923L14P12", "division": "04"}, "geometry": {"type": "MultiPolygon", "coordinates": [[[[104.026602, -1.994197], [104.026765, -1.994261], [104.026765, -1.994264], [104.026772, -1.994264], [104.02685, -1.994545], [104.026852, -1.994545], [104.026857, -1.994561], [104.027082, -1.994576], [104.027086, -1.997554], [104.02431, -1.997539], [104.024294, -1.99358], [104.024348, -1.993242], [104.025726, -1.993373], [104.025749, -1.993591], [104.025812, -1.99358], [104.026107, -1.994099], [104.026209, -1.994187], [104.026602, -1.994197]]]]}},
{"type": "Feature", "properties": {"ba_code": "6923", "blockid": "6923F27P15", "division": "05"}, "geometry": {"type": "MultiPolygon", "coordinates": [[[[104.052481, -2.046602], [104.052602, -2.04793], [104.052112, -2.048183], [104.051905, -2.048301], [104.051917, -2.04832], [104.052292, -2.049075], [104.052448, -2.049451], [104.052646, -2.050136], [104.052497, -2.051065], [104.052495, -2.05108], [104.052264, -2.051242], [104.051711, -2.050127], [104.05043, -2.048453], [104.050317, -2.045851], [104.052481, -2.046602]]]]}},
{"type": "Feature", "properties": {"ba_code": "6923", "blockid": "6923A23P08", "division": "01"}, "geometry": {"type": "MultiPolygon", "coordinates": [[[[104.046806, -2.102515], [104.046801, -2.097234], [104.049523, -2.097235], [104.049523, -2.102518], [104.046806, -2.102515]]], [[[104.048803, -2.104523], [104.048437, -2.104861], [104.046808, -2.104874], [104.046806, -2.102641], [104.049522, -2.102643], [104.049521, -2.103856], [104.048803, -2.104523]]], [[[104.048438, -2.104861], [104.048803, -2.104523], [104.049521, -2.103857], [104.049521, -2.104855], [104.049507, -2.104855], [104.0495, -2.104853], [104.049494, -2.104853], [104.048438, -2.104861]]]]}},
{"type": "Feature", "properties": {"ba_code": "6923", "blockid": "6923J12P10", "division": "05"}, "geometry": {"type": "MultiPolygon", "coordinates": [[[[104.016016, -2.023695], [104.016014, -2.014587], [104.018834, -2.014585], [104.018836, -2.023697], [104.016016, -2.023695]]]]}},
{"type": "Feature", "properties": {"ba_code": "6923", "blockid": "6923F26P15", "division": "05"}, "geometry": {"type": "MultiPolygon", "coordinates": [[[[104.050294, -2.053346], [104.050292, -2.056835], [104.050271, -2.056855], [104.050234, -2.056891], [104.050228, -2.056899], [104.04975, -2.057713], [104.049745, -2.057731], [104.049747, -2.057739], [104.049549, -2.057646], [104.048025, -2.056933], [104.048026, -2.056928], [104.048026, -2.056924], [104.047825, -2.05451], [104.047819, -2.054492], [104.047815, -2.054488], [104.048141, -2.054258], [104.048145, -2.054257], [104.048149, -2.054254], [104.0482, -2.054217], [104.049195, -2.0535], [104.049553, -2.05325], [104.050003, -2.052936], [104.050294, -2.053346]]], [[[104.047932, -2.056887], [104.04752, -2.056696], [104.045819, -2.055899], [104.047737, -2.054543], [104.047932, -2.056887]]], [[[104.047662, -2.056861], [104.04687, -2.057018], [104.046852, -2.057001], [104.046676, -2.056912], [104.046266, -2.056755], [104.045447, -2.056164], [104.045734, -2.055959], [104.047482, -2.056778], [104.047662, -2.056861]]], [[[104.050294, -2.052731], [104.050294, -2.05319], [104.050077, -2.052884], [104.050294, -2.052731]]]]}},
{"type": "Feature", "properties": {"ba_code": "6923", "blockid": "6923J17P11", "division": "04"}, "geometry": {"type": "MultiPolygon", "coordinates": [[[[104.032993, -2.023662], [104.032993, -2.023709], [104.030223, -2.023706], [104.030223, -2.023685], [104.030224, -2.014579], [104.032994, -2.014579], [104.032993, -2.023662]]]]}},
{"type": "Feature", "properties": {"ba_code": "6923", "blockid": "6923F16P08", "division": "02"}, "geometry": {"type": "MultiPolygon", "coordinates": [[[[104.027262, -2.060368], [104.027275, -2.051253], [104.029938, -2.051255], [104.029998, -2.060394], [104.027262, -2.060368]]]]}},
{"type": "Feature", "properties": {"ba_code": "6923", "blockid": "6923H12P09", "division": "03"}, "geometry": {"type": "MultiPolygon", "coordinates": [[[[104.018839, -2.032995], [104.018835, -2.041919], [104.016023, -2.041916], [104.016019, -2.032992], [104.018839, -2.032995]]]]}},
{"type": "Feature", "properties": {"ba_code": "6923", "blockid": "6923E17P07", "division": "02"}, "geometry": {"type": "MultiPolygon", "coordinates": [[[[104.032762, -2.060527], [104.032726, -2.069577], [104.030058, -2.06955], [104.030093, -2.060519], [104.032762, -2.060527]]]]}},
{"type": "Feature", "properties": {"ba_code": "6923", "blockid": "6923E13P08", "division": "02"}, "geometry": {"type": "MultiPolygon", "coordinates": [[[[104.018881, -2.069022], [104.018896, -2.060486], [104.021575, -2.060485], [104.021537, -2.069511], [104.019364, -2.069511], [104.018877, -2.069509], [104.018881, -2.069022]]]]}},
{"type": "Feature", "properties": {"ba_code": "6923", "blockid": "6923A19P08", "division": "02"}, "geometry": {"type": "MultiPolygon", "coordinates": [[[[104.038342, -2.097232], [104.038349, -2.102512], [104.035664, -2.102507], [104.035658, -2.097229], [104.038342, -2.097232]]], [[[104.038347, -2.108027], [104.038349, -2.108017], [104.038345, -2.108001], [104.038333, -2.10799], [104.038328, -2.107987], [104.03815, -2.107927], [104.037983, -2.107835], [104.037874, -2.10766], [104.03787, -2.107655], [104.037721, -2.107505], [104.037718, -2.107503], [104.037547, -2.107361], [104.037546, -2.10736], [104.037367, -2.107228], [104.037364, -2.107226], [104.037354, -2.107222], [104.037113, -2.10718], [104.03711, -2.107179], [104.036866, -2.107161], [104.036863, -2.107161], [104.036631, -2.107164], [104.036414, -2.107133], [104.036239, -2.107012], [104.036101, -2.106874], [104.036008, -2.106728], [104.035903, -2.106555], [104.035901, -2.106553], [104.035783, -2.106398], [104.035664, -2.106242], [104.03565, -2.106211], [104.03565, -2.105559], [104.035664, -2.102633], [104.038349, -2.102637], [104.038386, -2.10804], [104.038347, -2.108027]]]]}},
{"type": "Feature", "properties": {"ba_code": "6923", "blockid": "6923K07P11", "division": "05"}, "geometry": {"type": "MultiPolygon", "coordinates": [[[[104.001525, -2.005805], [104.004293, -2.005793], [104.004296, -2.014467], [104.001542, -2.014464], [104.001525, -2.005805]]]]}},
{"type": "Feature", "properties": {"ba_code": "6923", "blockid": "6923D13P09", "division": "02"}, "geometry": {"type": "MultiPolygon", "coordinates": [[[[104.01929, -2.078738], [104.01929, -2.078546], [104.019256, -2.069634], [104.019266, -2.069634], [104.021537, -2.069636], [104.021557, -2.078735], [104.01929, -2.078738]]]]}},
{"type": "Feature", "properties": {"ba_code": "6923", "blockid": "6923A20P08", "division": "01"}, "geometry": {"type": "MultiPolygon", "coordinates": [[[[104.04113, -2.102638], [104.04115, -2.109081], [104.038449, -2.108122], [104.038444, -2.102637], [104.04113, -2.102638]]], [[[104.038437, -2.097232], [104.041124, -2.097234], [104.04113, -2.102513], [104.038444, -2.102511], [104.038437, -2.097232]]]]}},
{"type": "Feature", "properties": {"ba_code": "6923", "blockid": "6923I07P10", "division": "03"}, "geometry": {"type": "MultiPolygon", "coordinates": [[[[104.00752, -2.032566], [104.007512, -2.032557], [104.007511, -2.032555], [104.007471, -2.032513], [104.007173, -2.032199], [104.007171, -2.032197], [104.00713, -2.03216], [104.007094, -2.03212], [104.007094, -2.032119], [104.006624, -2.031619], [104.006621, -2.031616], [104.006577, -2.031579], [104.005968, -2.030949], [104.005967, -2.030948], [104.005514, -2.030492], [104.005477, -2.030447], [104.005475, -2.030445], [104.005434, -2.030404], [104.004771, -2.029727], [104.004735, -2.029687], [104.004734, -2.029686], [104.004448, -2.0294], [104.004401, -2.029339], [104.004403, -2.023818], [104.007505, -2.023823], [104.00752, -2.032566]]], [[[104.004306, -2.02919], [104.003814, -2.028288], [104.003813, -2.028288], [104.00317, -2.02714], [104.003169, -2.027139], [104.00314, -2.027091], [104.002909, -2.026678], [104.002399, -2.025774], [104.002053, -2.025137], [104.002028, -2.025088], [104.002004, -2.025039], [104.002003, -2.025037], [104.001918, -2.024892], [104.00192, -2.024879], [104.001917, -2.024849], [104.001918, -2.024847], [104.001922, -2.024836], [104.001928, -2.024805], [104.001942, -2.024754], [104.001943, -2.024745], [104.001943, -2.02474], [104.001936, -2.024691], [104.001936, -2.024689], [104.001926, -2.024636], [104.001925, -2.024634], [104.001912, -2.024584], [104.001911, -2.02458], [104.001892, -2.024534], [104.001891, -2.02453], [104.001871, -2.024497], [104.001851, -2.024452], [104.001849, -2.024449], [104.001845, -2.024442], [104.001816, -2.024411], [104.001801, -2.024381], [104.001784, -2.024335], [104.001782, -2.02433], [104.001781, -2.024329], [104.00176, -2.024294], [104.001747, -2.024264], [104.001745, -2.02426], [104.001744, -2.024259], [104.00172, -2.02422], [104.001703, -2.024181], [104.001683, -2.024129], [104.001682, -2.024128], [104.001663, -2.024084], [104.001662, -2.024082], [104.001645, -2.02405], [104.001632, -2.024009], [104.001632, -2.024007], [104.001615, -2.02396], [104.001615, -2.023959], [104.001601, -2.023922], [104.001595, -2.023879], [104.001591, -2.02384], [104.001608, -2.023823], [104.001602, -2.023817], [104.001818, -2.023814], [104.004308, -2.023818], [104.004306, -2.02919]]]]}},
{"type": "Feature", "properties": {"ba_code": "6923", "blockid": "6923C20P07", "division": "01"}, "geometry": {"type": "MultiPolygon", "coordinates": [[[[104.041124, -2.078872], [104.041127, -2.087925], [104.038432, -2.087921], [104.038433, -2.07887], [104.041124, -2.078872]]]]}},
{"type": "Feature", "properties": {"ba_code": "6923", "blockid": "6923A22P08", "division": "01"}, "geometry": {"type": "MultiPolygon", "coordinates": [[[[104.046706, -2.097234], [104.046712, -2.104338], [104.044039, -2.104327], [104.044029, -2.102513], [104.044032, -2.097235], [104.046706, -2.097234]]], [[[104.044039, -2.104453], [104.046712, -2.104463], [104.046714, -2.106061], [104.04666, -2.106117], [104.045378, -2.107307], [104.045237, -2.107414], [104.045135, -2.107497], [104.045017, -2.107583], [104.044888, -2.10767], [104.044885, -2.107673], [104.044755, -2.107795], [104.044751, -2.1078], [104.044648, -2.107953], [104.044536, -2.10809], [104.044535, -2.108092], [104.044424, -2.108253], [104.044315, -2.108393], [104.044314, -2.108395], [104.044218, -2.108541], [104.044108, -2.108657], [104.044047, -2.108709], [104.044042, -2.108715], [104.044039, -2.104453]]]]}},
{"type": "Feature", "properties": {"ba_code": "6923", "blockid": "6923J08P11", "division": "05"}, "geometry": {"type": "MultiPolygon", "coordinates": [[[[104.004403, -2.023692], [104.004391, -2.014592], [104.007502, -2.014591], [104.007505, -2.023698], [104.004403, -2.023692]]]]}},
{"type": "Feature", "properties": {"ba_code": "6923", "blockid": "6923G13P08", "division": "03"}, "geometry": {"type": "MultiPolygon", "coordinates": [[[[104.01893, -2.042044], [104.021548, -2.042048], [104.021592, -2.051128], [104.018911, -2.051124], [104.01893, -2.042044]]]]}},
{"type": "Feature", "properties": {"ba_code": "6923", "blockid": "6923K08P11", "division": "05"}, "geometry": {"type": "MultiPolygon", "coordinates": [[[[104.004391, -2.014466], [104.004388, -2.005793], [104.007504, -2.005761], [104.007502, -2.014466], [104.004391, -2.014466]]]]}},
{"type": "Feature", "properties": {"ba_code": "6923", "blockid": "6923H15P09", "division": "03"}, "geometry": {"type": "MultiPolygon", "coordinates": [[[[104.024448, -2.032995], [104.027142, -2.032996], [104.027141, -2.038902], [104.027141, -2.041927], [104.024391, -2.041923], [104.024377, -2.032995], [104.024448, -2.032995]]], [[[104.029931, -2.041927], [104.027236, -2.041926], [104.027238, -2.039985], [104.028142, -2.039988], [104.028143, -2.039988], [104.029991, -2.039993], [104.029989, -2.041927], [104.029931, -2.041927]]]]}},
{"type": "Feature", "properties": {"ba_code": "6923", "blockid": "6923D15P08", "division": "02"}, "geometry": {"type": "MultiPolygon", "coordinates": [[[[104.024455, -2.072063], [104.027159, -2.072053], [104.027149, -2.078733], [104.024459, -2.078748], [104.024455, -2.072063]]]]}},
{"type": "Feature", "properties": {"ba_code": "6923", "blockid": "6923J18P11", "division": "04"}, "geometry": {"type": "MultiPolygon", "coordinates": [[[[104.034384, -2.023711], [104.033088, -2.023708], [104.033088, -2.023662], [104.033089, -2.014579], [104.034456, -2.014579], [104.035715, -2.014579], [104.035692, -2.023715], [104.034384, -2.023711]]]]}},
{"type": "Feature", "properties": {"ba_code": "6923", "blockid": "6923I09P10", "division": "03"}, "geometry": {"type": "MultiPolygon", "coordinates": [[[[104.010349, -2.023816], [104.010354, -2.032861], [104.007603, -2.032857], [104.0076, -2.023823], [104.010349, -2.023816]]]]}},
{"type": "Feature", "properties": {"ba_code": "6923", "blockid": "6923H11P09", "division": "03"}, "geometry": {"type": "MultiPolygon", "coordinates": [[[[104.013347, -2.032989], [104.015924, -2.032992], [104.015928, -2.041917], [104.013349, -2.041913], [104.013347, -2.032989]]]]}},
{"type": "Feature", "properties": {"ba_code": "6923", "blockid": "6923J16P11", "division": "04"}, "geometry": {"type": "MultiPolygon", "coordinates": [[[[104.030128, -2.023686], [104.030128, -2.023707], [104.027237, -2.023703], [104.027237, -2.023696], [104.02724, -2.01458], [104.030129, -2.014579], [104.030128, -2.023686]]]]}},
{"type": "Feature", "properties": {"ba_code": "6923", "blockid": "6923G11P09", "division": "03"}, "geometry": {"type": "MultiPolygon", "coordinates": [[[[104.015984, -2.051125], [104.013359, -2.051123], [104.013349, -2.042039], [104.015928, -2.042042], [104.015984, -2.051125]]]]}},
{"type": "Feature", "properties": {"ba_code": "6923", "blockid": "6923G16P08", "division": "03"}, "geometry": {"type": "MultiPolygon", "coordinates": [[[[104.027237, -2.042051], [104.02999, -2.042051], [104.029938, -2.05113], [104.027275, -2.051127], [104.027237, -2.042051]]]]}},
{"type": "Feature", "properties": {"ba_code": "6923", "blockid": "6923C15P09", "division": "02"}, "geometry": {"type": "MultiPolygon", "coordinates": [[[[104.027149, -2.078858], [104.027147, -2.087912], [104.026987, -2.087898], [104.026886, -2.087699], [104.026818, -2.087427], [104.026818, -2.087426], [104.026734, -2.087145], [104.026733, -2.087143], [104.026643, -2.086892], [104.026661, -2.086628], [104.026662, -2.086626], [104.026661, -2.086622], [104.026631, -2.086347], [104.026627, -2.086334], [104.026626, -2.086333], [104.026469, -2.086092], [104.026463, -2.086085], [104.026252, -2.085902], [104.026247, -2.085899], [104.026246, -2.085898], [104.025993, -2.085762], [104.025992, -2.085761], [104.025723, -2.085624], [104.025475, -2.085465], [104.025474, -2.085464], [104.025235, -2.085322], [104.025058, -2.085097], [104.024897, -2.084839], [104.024896, -2.084837], [104.024731, -2.084603], [104.024726, -2.084598], [104.024534, -2.084419], [104.024532, -2.084417], [104.024458, -2.084358], [104.024456, -2.084224], [104.024459, -2.078874], [104.027149, -2.078858]]], [[[104.024364, -2.078874], [104.02435, -2.084109], [104.024349, -2.084272], [104.024224, -2.084025], [104.024083, -2.08376], [104.024082, -2.08376], [104.02408, -2.083757], [104.023912, -2.083527], [104.023777, -2.083283], [104.023649, -2.083043], [104.023649, -2.083042], [104.023648, -2.08304], [104.023504, -2.082814], [104.023495, -2.082805], [104.023274, -2.082654], [104.023272, -2.082652], [104.023271, -2.082652], [104.023027, -2.082523], [104.022808, -2.082363], [104.022805, -2.082361], [104.022804, -2.082361], [104.022579, -2.08224], [104.022399, -2.082144], [104.022256, -2.082022], [104.022254, -2.08202], [104.022087, -2.081903], [104.022084, -2.081902], [104.022069, -2.081897], [104.022067, -2.081897], [104.021877, -2.081904], [104.021866, -2.081907], [104.021738, -2.081964], [104.021694, -2.081886], [104.02168, -2.080905], [104.021677, -2.080689], [104.021672, -2.08032], [104.021669, -2.080088], [104.021652, -2.07886], [104.02166, -2.07886], [104.024364, -2.078874]], [[104.021681, -2.080731], [104.021675, -2.080432], [104.02168, -2.080688], [104.021681, -2.080731]]], [[[104.021574, -2.081102], [104.021573, -2.082028], [104.021383, -2.082124], [104.021382, -2.082125], [104.021169, -2.082245], [104.021168, -2.082245], [104.020976, -2.082368], [104.020307, -2.082601], [104.019949, -2.082563], [104.019812, -2.08248], [104.019697, -2.082399], [104.019558, -2.082301], [104.019453, -2.082207], [104.019397, -2.081738], [104.019415, -2.081583], [104.019587, -2.081405], [104.019623, -2.0814], [104.019629, -2.081398], [104.019643, -2.081393], [104.019696, -2.081382], [104.019925, -2.081341], [104.019934, -2.081338], [104.019987, -2.08131], [104.019987, -2.081309], [104.019992, -2.081306], [104.020131, -2.081191], [104.020138, -2.081183], [104.020141, -2.081173], [104.020154, -2.08111], [104.020154, -2.081106], [104.020156, -2.081045], [104.020156, -2.081044], [104.020156, -2.081042], [104.020153, -2.080977], [104.020152, -2.080976], [104.020146, -2.080915], [104.020145, -2.080852], [104.020147, -2.080787], [104.020147, -2.080786], [104.020147, -2.080783], [104.020141, -2.080719], [104.020141, -2.080717], [104.020131, -2.080654], [104.020128, -2.08059], [104.020127, -2.080587], [104.020119, -2.080521], [104.020111, -2.080453], [104.020105, -2.080386], [104.020089, -2.080251], [104.020089, -2.080248], [104.020076, -2.08018], [104.020065, -2.080114], [104.020065, -2.080113], [104.020052, -2.08005], [104.020043, -2.079985], [104.020043, -2.079984], [104.020033, -2.079916], [104.020032, -2.079913], [104.020015, -2.079848], [104.020012, -2.079841], [104.019983, -2.079786], [104.019982, -2.079786], [104.019981, -2.079783], [104.019946, -2.079732], [104.019911, -2.07968], [104.019909, -2.079678], [104.019869, -2.079631], [104.019834, -2.079584], [104.0198, -2.079536], [104.019799, -2.079535], [104.019762, -2.079483], [104.019757, -2.079478], [104.01971, -2.079438], [104.01967, -2.07939], [104.019668, -2.079388], [104.019622, -2.07934], [104.019579, -2.079292], [104.019578, -2.079291], [104.019535, -2.079248], [104.019493, -2.079204], [104.019451, -2.079162], [104.019413, -2.079122], [104.019376, -2.079084], [104.019343, -2.079044], [104.019315, -2.079002], [104.019298, -2.07896], [104.019284, -2.078917], [104.019287, -2.078855], [104.021557, -2.07886], [104.021574, -2.081102]]]]}},
{"type": "Feature", "properties": {"ba_code": "6923", "blockid": "6923H14P09", "division": "03"}, "geometry": {"type": "MultiPolygon", "coordinates": [[[[104.021644, -2.032995], [104.024282, -2.032995], [104.024296, -2.041924], [104.021644, -2.04192], [104.021644, -2.032995]]]]}},
{"type": "Feature", "properties": {"ba_code": "6923", "blockid": "6923C19P07", "division": "02"}, "geometry": {"type": "MultiPolygon", "coordinates": [[[[104.038338, -2.07887], [104.038337, -2.087922], [104.035654, -2.087918], [104.035654, -2.078869], [104.038338, -2.07887]]]]}},
{"type": "Feature", "properties": {"ba_code": "6923", "blockid": "6923A24P13", "division": "01"}, "geometry": {"type": "MultiPolygon", "coordinates": [[[[104.04952, -2.104976], [104.04952, -2.105287], [104.048441, -2.10632], [104.046807, -2.107805], [104.046751, -2.107856], [104.046715, -2.107889], [104.046696, -2.107906], [104.045751, -2.108691], [104.045618, -2.108785], [104.04556, -2.108888], [104.045445, -2.108945], [104.045368, -2.10905], [104.045269, -2.109141], [104.045151, -2.109156], [104.045092, -2.109237], [104.044942, -2.109357], [104.044855, -2.109449], [104.044841, -2.109513], [104.044768, -2.109586], [104.044695, -2.109663], [104.044609, -2.10968], [104.044532, -2.109817], [104.04436, -2.109971], [104.044338, -2.109975], [104.044287, -2.109955], [104.044187, -2.109993], [104.044114, -2.109999], [104.044053, -2.110025], [104.044039, -2.110025], [104.044042, -2.108811], [104.04407, -2.108777], [104.044073, -2.108773], [104.044074, -2.108772], [104.044086, -2.108746], [104.044144, -2.108697], [104.044146, -2.108695], [104.044259, -2.108576], [104.044262, -2.108572], [104.044358, -2.108426], [104.044467, -2.108286], [104.044468, -2.108284], [104.044578, -2.108124], [104.044691, -2.107986], [104.044692, -2.107984], [104.044794, -2.107832], [104.04492, -2.107713], [104.045048, -2.107628], [104.045049, -2.107627], [104.045167, -2.10754], [104.045168, -2.107539], [104.04527, -2.107457], [104.045412, -2.107349], [104.045414, -2.107347], [104.046714, -2.106141], [104.046751, -2.106141], [104.046808, -2.106141], [104.046808, -2.105064], [104.046812, -2.104928], [104.047479, -2.104923], [104.048345, -2.104947], [104.048349, -2.104947], [104.04835, -2.104947], [104.04952, -2.104976]]], [[[104.051928, -2.102413], [104.051716, -2.102711], [104.050407, -2.10424], [104.049927, -2.104733], [104.049839, -2.104787], [104.049609, -2.104773], [104.049619, -2.103766], [104.049619, -2.102413], [104.05108, -2.102417], [104.051084, -2.102417], [104.051197, -2.102413], [104.051928, -2.102413]]], [[[104.043956, -2.109013], [104.043954, -2.110016], [104.043905, -2.109998], [104.043691, -2.10995], [104.043247, -2.109807], [104.043141, -2.109762], [104.041314, -2.109139], [104.043908, -2.109058], [104.043956, -2.109013]]], [[[104.049521, -2.104909], [104.049521, -2.104972], [104.04835, -2.104943], [104.048379, -2.104916], [104.049492, -2.104907], [104.049499, -2.104908], [104.049504, -2.104909], [104.049521, -2.104909]]], [[[104.048378, -2.104916], [104.048349, -2.104943], [104.047533, -2.104922], [104.048378, -2.104916]]], [[[104.046714, -2.106061], [104.046714, -2.106067], [104.04666, -2.106117], [104.046714, -2.106061]]]]}},
{"type": "Feature", "properties": {"ba_code": "6923", "blockid": "6923C18P07", "division": "02"}, "geometry": {"type": "MultiPolygon", "coordinates": [[[[104.035559, -2.078869], [104.035559, -2.087919], [104.032857, -2.087916], [104.03285, -2.078869], [104.035559, -2.078869]]]]}},
{"type": "Feature", "properties": {"ba_code": "6923", "blockid": "6923E20P07", "division": "01"}, "geometry": {"type": "MultiPolygon", "coordinates": [[[[104.041182, -2.060548], [104.041128, -2.069589], [104.038434, -2.069586], [104.03844, -2.060542], [104.041182, -2.060548]]]]}},
{"type": "Feature", "properties": {"ba_code": "6923", "blockid": "6923H09P10", "division": "03"}, "geometry": {"type": "MultiPolygon", "coordinates": [[[[104.008018, -2.032992], [104.010354, -2.032986], [104.010359, -2.041917], [104.009967, -2.041916], [104.009765, -2.041235], [104.009514, -2.040389], [104.009168, -2.039211], [104.009168, -2.03921], [104.008877, -2.038256], [104.00886, -2.038203], [104.008563, -2.03718], [104.008551, -2.037129], [104.008551, -2.037127], [104.008421, -2.036667], [104.00842, -2.036667], [104.008405, -2.036615], [104.008228, -2.036002], [104.008123, -2.035606], [104.008123, -2.035603], [104.00811, -2.035566], [104.008066, -2.035402], [104.00805, -2.034998], [104.008046, -2.034982], [104.008044, -2.03498], [104.007964, -2.034858], [104.007989, -2.033837], [104.007989, -2.033836], [104.007989, -2.033834], [104.007985, -2.033781], [104.00802, -2.033005], [104.00802, -2.033003], [104.008019, -2.033], [104.008018, -2.032992]]]]}},
{"type": "Feature", "properties": {"ba_code": "6923", "blockid": "6923G18P10", "division": "03"}, "geometry": {"type": "MultiPolygon", "coordinates": [[[[104.032932, -2.046532], [104.034131, -2.046486], [104.035634, -2.04812], [104.035629, -2.051128], [104.032935, -2.051131], [104.032932, -2.046532]]], [[[104.034132, -2.046486], [104.035637, -2.046428], [104.035634, -2.04812], [104.034132, -2.046486]]]]}},
{"type": "Feature", "properties": {"ba_code": "6923", "blockid": "6923A21P08", "division": "01"}, "geometry": {"type": "MultiPolygon", "coordinates": [[[[104.043934, -2.102639], [104.043944, -2.104453], [104.043956, -2.109009], [104.043908, -2.109054], [104.041314, -2.109139], [104.041234, -2.109111], [104.041225, -2.102638], [104.043934, -2.102639]]], [[[104.043937, -2.097235], [104.043934, -2.102514], [104.041227, -2.102514], [104.041219, -2.097234], [104.043937, -2.097235]]]]}},
{"type": "Feature", "properties": {"ba_code": "6923", "blockid": "6923H10P10", "division": "03"}, "geometry": {"type": "MultiPolygon", "coordinates": [[[[104.013252, -2.032989], [104.013254, -2.041914], [104.010454, -2.041916], [104.010449, -2.032986], [104.013252, -2.032989]]]]}},
{"type": "Feature", "properties": {"ba_code": "6923", "blockid": "6923C21P07", "division": "01"}, "geometry": {"type": "MultiPolygon", "coordinates": [[[[104.043928, -2.078874], [104.043928, -2.087927], [104.041222, -2.087924], [104.041217, -2.078871], [104.043928, -2.078874]]]]}},
{"type": "Feature", "properties": {"ba_code": "6923", "division": "01"}, "geometry": {"type": "MultiLineString", "coordinates": [[[104.05664250000007, -2.063115], [104.05795740800005, -2.063381847999949], [104.05770869700007, -2.062615004999941], [104.058667, -2.06295124899998], [104.05932, -2.063349], [104.059781, -2.063569], [104.06038, -2.063912], [104.06078075100004, -2.06426874999994], [104.061338, -2.064565], [104.061798, -2.064882], [104.062367, -2.065362], [104.063086, -2.066017], [104.063551, -2.066581], [104.063879, -2.067259], [104.06376000100005, -2.067900499999951], [104.063114, -2.068565], [104.06234, -2.069111], [104.06135075000009, -2.069586749999928], [104.06070288800004, -2.069660643999953], [104.06008727900007, -2.069837746999951], [104.05953639700004, -2.070122328999958], [104.05872498700006, -2.07046668199996], [104.05783228200005, -2.070820733999938], [104.05715794800005, -2.071206932999928], [104.05660910300008, -2.071301208999955], [104.05612950000005, -2.071793874999969], [104.055356, -2.072149818999947], [104.05472614300004, -2.072409651999976], [104.05403939700005, -2.072790901999952], [104.05318883500007, -2.073287000999926], [104.05243347600003, -2.073474791999956], [104.05190328700007, -2.073979702999964], [104.05129304200005, -2.074467166999966], [104.05062720100005, -2.074976799999945], [104.05016288800005, -2.075315], [104.04959949900007, -2.075728832999971], [104.04921088900005, -2.076342221999937], [104.04886706500008, -2.076908728999967], [104.048773, -2.07875], [104.047986, -2.078581499999927], [104.04673166600008, -2.078793332999965], [104.04675724600008, -2.082288973999937], [104.047983, -2.082255], [104.04982053200007, -2.082300066999949], [104.05015749900008, -2.082701436999969], [104.05050017900004, -2.083191952999925], [104.05079890800005, -2.083514112999978], [104.05094905400006, -2.083981536999943], [104.05133231700006, -2.084588599999961], [104.05171388800005, -2.085143243999937], [104.05229467300006, -2.085988861999965], [104.05310154100005, -2.086795214999938], [104.05372669200005, -2.087353263999944], [104.05427264600007, -2.087795152999945], [104.05492812700004, -2.088215537999929], [104.056168, -2.088663], [104.057282, -2.089014], [104.05802179300008, -2.089463869999975], [104.05880033400007, -2.089342665999936], [104.059315, -2.089385665999941], [104.05987550000003, -2.08938], [104.06063166700005, -2.08944], [104.061169, -2.0895], [104.06174866600008, -2.089508], [104.06250862500008, -2.089539499999944], [104.06333335000005, -2.089561899999978], [104.06415225000006, -2.08957], [104.06486625000008, -2.089580499999954], [104.06554933300004, -2.089875165999956], [104.06548266700008, -2.090486166999938], [104.06527033400005, -2.091085332999967], [104.06468040000004, -2.091246399999932], [104.06432953300003, -2.091985466999972], [104.06389202500009, -2.092356523999968], [104.06345160300003, -2.092729923999968], [104.062983, -2.092784199999926], [104.062631, -2.093178713999976], [104.06215550100006, -2.093953499999941], [104.06177983300006, -2.094351416999928], [104.06133550100009, -2.094677915999966], [104.06094606700003, -2.09507752199994], [104.06027875000007, -2.095408499999962], [104.05969350100008, -2.095970499999964], [104.05908476700006, -2.096564098999977], [104.05856740000007, -2.097033], [104.05795565000005, -2.097132899999963], [104.056985, -2.097840499999961], [104.05640850000003, -2.098378499999967], [104.055916, -2.098963499999968], [104.05533849600005, -2.099335724999946], [104.055103, -2.099832], [104.05445800100006, -2.100435], [104.053838, -2.100935], [104.05324750000005, -2.10148], [104.05236819200007, -2.102226622999979], [104.051084, -2.102413], [104.04955466600006, -2.102524666999955], [104.049521, -2.103856499999949], [104.049521, -2.104972], [104.04834950100008, -2.104943], [104.04675207300005, -2.104662682999958], [104.046714, -2.106061], [104.04396866700006, -2.10897233399993], [104.04123266600004, -2.109110332999933], [104.03841750100008, -2.10810099899993], [104.03839650100008, -2.102574248999929], [104.03838950000005, -2.097169249999979], [104.03838450000006, -2.087984249999977], [104.03838525000003, -2.078807749999953], [104.03838650100005, -2.069649249999941], [104.03839250000004, -2.060479249999958], [104.03840098100005, -2.058431979999966], [104.03840889600008, -2.054640817999939], [104.03843750000004, -2.051253249999945], [104.039758, -2.051320332999978], [104.04023, -2.05193], [104.040658, -2.052495499999964], [104.04118815000004, -2.053213048999964], [104.041565, -2.05377], [104.04207550100006, -2.054400749999957], [104.042664, -2.054978399999925], [104.04330675000006, -2.055561499999953], [104.04399700100004, -2.056098198999962], [104.044555, -2.056461749999926], [104.04514057100005, -2.056803570999932], [104.04593456500004, -2.057492246999971], [104.04673389200008, -2.057617937999964], [104.04733162400004, -2.05777840899998], [104.04806973200004, -2.058082024999976], [104.04970566700007, -2.058636666999973], [104.05043650000005, -2.058931499999971], [104.051001, -2.05921], [104.05156550000004, -2.059465498999941], [104.05222025100005, -2.059768249999934], [104.052882, -2.060033248999957], [104.05337529900004, -2.060449481999967], [104.05388314000004, -2.060527716999957], [104.054524, -2.060852499999953], [104.05533866700006, -2.061294332999978], [104.05596776900006, -2.06174849599995], [104.05530220100007, -2.061819022999941], [104.05526620000006, -2.062951], [104.05664250000007, -2.063115]], [[104.04677724800007, -2.064114694999944], [104.04672, -2.065356], [104.04399056600005, -2.065350770999942], [104.043923, -2.069650499999966], [104.04397066400008, -2.070304025999974], [104.04673610500004, -2.070333017999928], [104.04675250000008, -2.069712], [104.04958533400008, -2.069667], [104.04957476100009, -2.064121152999974], [104.04677724800007, -2.064114694999944]]]}},
{"type": "Feature", "properties": {"ba_code": "6923", "division": "02"}, "geometry": {"type": "MultiLineString", "coordinates": [[[104.03696290000005, -2.051188950999972], [104.03843750000004, -2.051253249999945], [104.03840889600008, -2.054640817999939], [104.03840098100005, -2.058431979999966], [104.03839250000004, -2.060479249999958], [104.03838650100005, -2.069649249999941], [104.03838525000003, -2.078807749999953], [104.03838450000006, -2.087984249999977], [104.03838950000005, -2.097169249999979], [104.03839650100008, -2.102574248999929], [104.03841750100008, -2.10810099899993], [104.03784140000005, -2.10774779999997], [104.03556053300008, -2.105375220999974], [104.03281316100004, -2.102498159999925], [104.03229, -2.101972], [104.031793, -2.101228], [104.031092, -2.100178], [104.030074, -2.098654], [104.02980116800006, -2.097049666999965], [104.029224, -2.095746], [104.02893800100009, -2.090269], [104.027291, -2.088998665999952], [104.02715275000008, -2.087943749999965], [104.026582, -2.086523], [104.02440300100005, -2.084166499999981], [104.023167, -2.08283], [104.02162700100007, -2.081159499999956], [104.01976033300008, -2.078902666999966], [104.019728, -2.074497], [104.01959355100007, -2.069632275999936], [104.01891066700006, -2.069052], [104.016838, -2.066951], [104.016052, -2.066156498999931], [104.014053, -2.064136], [104.013804, -2.062815], [104.013584, -2.061193], [104.01347850000008, -2.060414998999931], [104.01603950000003, -2.060418249999941], [104.01884850000005, -2.060423249999928], [104.02162250000003, -2.060422249999931], [104.02444250000008, -2.060423249999928], [104.02447350000006, -2.051189249999936], [104.02722750100008, -2.051190249999934], [104.02998550000007, -2.051192249999929], [104.032888, -2.051194499999951], [104.03567425000006, -2.051190249999934], [104.03696290000005, -2.051188950999972]], [[104.02438966700004, -2.069580333999966], [104.02440729300008, -2.072063030999971], [104.02722545400007, -2.071954071999926], [104.03000631600008, -2.071762099999944], [104.03002633400007, -2.069592332999946], [104.027214, -2.069567499999948], [104.02438966700004, -2.069580333999966]]]}},
{"type": "Feature", "properties": {"ba_code": "6923", "division": "03"}, "geometry": {"type": "MultiLineString", "coordinates": [[[104.034374, -2.023746713999969], [104.03506567000005, -2.023806049999962], [104.033915, -2.026644], [104.03303650000004, -2.028578], [104.03021492900007, -2.030919043999972], [104.03020833300008, -2.031549], [104.027935, -2.032865], [104.02717366600007, -2.032911], [104.027141, -2.038902], [104.02717771500005, -2.039985], [104.02814250000006, -2.039988], [104.029991, -2.039993], [104.03001371400006, -2.04201014299997], [104.03289750000005, -2.042066998999928], [104.033559, -2.042081], [104.03416062500008, -2.042196624999974], [104.03464275000005, -2.042747], [104.03496575000008, -2.04320249999995], [104.03527575100009, -2.043635499999937], [104.03570713900007, -2.044354527999928], [104.036125, -2.044999332999964], [104.03635766600007, -2.045474332999959], [104.03673750000007, -2.046187749999945], [104.03718850000007, -2.046845499999961], [104.03746780000006, -2.047448799999927], [104.03779720000006, -2.048004], [104.03814466700004, -2.048517333999939], [104.03852541700007, -2.049194494999938], [104.03694666600006, -2.049509], [104.03696290000005, -2.051188950999972], [104.03567425000006, -2.051190249999934], [104.032888, -2.051194499999951], [104.02998550000007, -2.051192249999929], [104.02722750100008, -2.051190249999934], [104.02447350000006, -2.051189249999936], [104.02444250000008, -2.060423249999928], [104.02162250000003, -2.060422249999931], [104.01884850000005, -2.060423249999928], [104.01603950000003, -2.060418249999941], [104.01347850000008, -2.060414998999931], [104.013362, -2.059555], [104.01332733400005, -2.051165333999961], [104.01223, -2.051128], [104.012029, -2.049634], [104.011617, -2.048152], [104.01049, -2.044100499999956], [104.01042233400005, -2.04195866699996], [104.009879, -2.041916], [104.009006, -2.038795], [104.007986, -2.035121], [104.00778643900009, -2.032891287999973], [104.005344, -2.030412], [104.004487, -2.029117749999955], [104.002497, -2.026108], [104.001517, -2.024315], [104.00162552200004, -2.023750874999962], [104.00435550100008, -2.023755249999965], [104.00755250000009, -2.023760249999953], [104.01039650000007, -2.02375324999997], [104.01330950000005, -2.023755749999964], [104.01596850000004, -2.023758249999958], [104.01888350000007, -2.023759249999955], [104.02159350000005, -2.023762249999947], [104.02432850100007, -2.023763249999945], [104.02542093400007, -2.023764565999954], [104.027199, -2.023750599999971], [104.03017550000004, -2.023741332999975], [104.03304050100007, -2.023734833999924], [104.034374, -2.023746713999969]], [[104.01888446700008, -2.03760897799998], [104.02159450000005, -2.037621], [104.02161233400005, -2.032911332999959], [104.01887066700004, -2.032911332999959], [104.01888446700008, -2.03760897799998]], [[104.03296160300005, -2.045460943999956], [104.03287623300008, -2.04653194399998], [104.03413150000006, -2.046486], [104.03569033800005, -2.046428175999949], [104.03568966600005, -2.045462333999978], [104.03296160300005, -2.045460943999956]]]}},
{"type": "Feature", "properties": {"ba_code": "6923", "division": "04"}, "geometry": {"type": "MultiLineString", "coordinates": [[[104.024208, -1.992795], [104.02425714200007, -1.993748306999976], [104.02564266700006, -1.993682], [104.02596350000005, -1.994157], [104.02686575000007, -1.994423249999954], [104.027086, -1.997554], [104.02721042900004, -1.998624714999949], [104.030108, -1.998599], [104.03015476300004, -2.000849206999931], [104.03292, -2.000852], [104.03298758400007, -2.005347248999954], [104.03560750000008, -2.005574498999977], [104.035667, -2.008798], [104.035694, -2.014413399999967], [104.03595334800008, -2.017275939999934], [104.037982, -2.017511], [104.037836, -2.018278], [104.037526, -2.019516], [104.03727250100007, -2.020356], [104.037018, -2.021196], [104.036797, -2.022067], [104.03662, -2.02292], [104.03613625000008, -2.023722623999959], [104.03506567000005, -2.023806049999962], [104.034374, -2.023746713999969], [104.03304050100007, -2.023734833999924], [104.03017550000004, -2.023741332999975], [104.027199, -2.023750599999971], [104.02542093400007, -2.023764565999954], [104.02432850100007, -2.023763249999945], [104.02159350000005, -2.023762249999947], [104.01888350000007, -2.023759249999955], [104.01889855800005, -2.015791363999938], [104.01888150000008, -2.01452224999997], [104.01893040000004, -2.005588199999977], [104.01891157900008, -2.001746993999973], [104.01892925000004, -1.996567499999969], [104.018977, -1.994206], [104.02154566600007, -1.994288666999978], [104.021572, -1.992795], [104.024208, -1.992795]]]}},
{"type": "Feature", "properties": {"ba_code": "6923", "division": "05"}, "geometry": {"type": "MultiLineString", "coordinates": [[[104.01892925000004, -1.996567499999969], [104.01891157900008, -2.001746993999973], [104.01893040000004, -2.005588199999977], [104.01888150000008, -2.01452224999997], [104.01889855800005, -2.015791363999938], [104.01888350000007, -2.023759249999955], [104.01596850000004, -2.023758249999958], [104.01330950000005, -2.023755749999964], [104.01039650000007, -2.02375324999997], [104.00755250000009, -2.023760249999953], [104.00435550100008, -2.023755249999965], [104.00162552200004, -2.023750874999962], [104.000546, -2.018543], [104.00046, -2.018002], [104.00033350000007, -2.017298], [104.00017750100005, -2.016364499999952], [104.00009425000007, -2.01585], [103.99987900100007, -2.014602499999967], [103.99934142900008, -2.011128713999938], [103.99924433400008, -2.010142110999936], [103.99914366700006, -2.009384], [103.99900462500005, -2.007813624999926], [103.99909422200005, -2.007077], [103.99953075100007, -2.006636249999929], [104.00014075100006, -2.006053082999927], [104.00080242800004, -2.005439571999943], [104.00142291100008, -2.004861833999939], [104.00434916600005, -2.002443832999973], [104.00775052700004, -1.999752171999944], [104.01042506100003, -1.996713028999977], [104.013277, -1.996608699999967], [104.01589523400008, -1.996703366999952], [104.01840850000008, -1.996530499999949], [104.01892925000004, -1.996567499999969]]]}}
]
}
